1540 390 8
297 766 8
28 424 8
1181 437 8
865 98 8
29 21 8
819 52 8
347 297 8
720 52 8
941 626 8
1230 766 8
1552 102 8
995 588 8
1537 766 8
1540 908 8
800 21 8
1333 766 8
424 1059 8
647 80 8
854 32 8
681 265 8
862 330 8
1436 390 8
495 21 8
681 1581 8
514 114 8
569 627 8
510 702 8
157 588 8
268 326 8
1371 21 8
1497 891 8
347 1377 8
1171 21 8
923 114 8
692 98 8
1136 1305 8
750 32 8
507 702 8
1421 114 8
1221 297 8
713 326 8
698 766 8
435 424 8
29 834 8
563 1305 8
1210 588 8
1161 891 8
499 1161 8
442 702 8
191 495 8
1172 834 8
217 1581 8
880 32 8
923 182 8
1570 891 8
804 908 8
900 390 8
449 891 8
195 424 8
371 766 8
923 1104 8
1044 390 8
695 766 8
814 21 8
468 1161 8
317 1377 8
234 424 8
216 32 8
618 80 8
605 21 8
870 21 8
555 1581 8
552 891 8
161 588 8
253 32 8
643 1161 8
13 80 8
1526 32 8
707 21 8
347 382 8
508 102 8
754 1581 8
306 908 8
592 32 8
402 908 8
76 1581 8
993 80 8
489 495 8
506 390 8
875 21 8
594 1225 8
594 23 8
372 1305 8
1117 102 8
923 839 8
1402 891 8
759 1581 8
829 495 8
437 404 8
795 891 8
518 28 8
491 32 8
424 476 8
325 114 8
594 1129 8
871 297 8
894 80 8
1053 908 8
323 114 8
190 495 8
952 779 8
1291 382 8
159 32 8
951 28 8
565 1581 8
360 114 8
240 21 8
623 1581 8
1302 265 8
667 1377 8
1164 80 8
313 28 8
1126 382 8
424 1554 8
594 531 8
424 1500 8
1292 382 8
610 891 8
635 32 8
454 908 8
923 1374 8
424 607 8
893 779 8
1313 32 8
1315 114 8
142 32 8
1081 626 8
923 734 8
988 1581 8
31 779 8
415 21 8
415 888 8
160 779 8
1394 889 27
707 1375 27
252 409 27
774 667 27
252 369 27
1394 1075 27
603 667 27
913 1375 27
1394 1033 27
1032 1394 27
504 854 27
252 1449 27
1394 1036 27
1394 981 27
33 1375 27
551 854 27
1394 662 27
1405 681 27
979 1375 27
1034 1394 27
1173 458 33
558 1292 33
1404 458 33
1357 31 33
1443 1371 33
325 1190 33
995 1448 33
1106 458 33
1000 458 33
1061 229 33
1567 31 33
995 311 33
1354 458 33
829 470 33
325 675 33
995 624 33
995 258 33
325 428 33
880 60 41
454 987 41
454 652 41
988 1588 41
988 348 41
454 1616 41
880 50 41
988 1496 41
454 574 41
922 50 41
453 458 2
404 770 2
988 70 2
1443 1561 2
879 262 2
142 1362 2
774 611 2
654 854 2
360 920 2
240 480 2
398 102 2
514 1328 2
750 1416 2
1443 933 2
1500 1057 2
1567 329 2
62 920 2
1567 1428 2
157 48 2
688 889 2
1567 466 2
667 998 2
1443 512 2
1567 118 2
594 275 2
1441 253 2
531 1585 2
611 784 2
923 245 2
348 305 2
1388 770 2
454 320 2
1532 134 2
785 770 2
923 340 2
1328 751 2
340 1462 2
923 1091 2
414 1462 2
764 1091 2
923 1633 2
923 1529 2
611 201 2
594 1543 2
594 1331 2
923 612 2
923 1629 2
708 1652 2
923 1229 2
1441 1050 2
1225 633 48
415 1624 48
1304 766 7
1494 428 7
98 1590 7
512 614 7
1560 1181 7
1427 1181 7
1075 954 7
340 660 7
1228 988 7
1240 766 7
133 766 7
340 1490 7
340 146 7
180 592 30
286 1421 1
744 468 1
1533 1000 1
926 766 1
1051 402 1
1297 468 1
405 415 1
1228 1592 1
1490 1408 1
1228 1594 1
1567 1702 1
1365 995 1
1273 1494 1
1497 1178 5
1000 1280 5
1508 382 5
1512 382 5
1408 1465 5
253 1430 5
760 52 5
1504 1000 5
913 969 5
1289 286 15
866 720 15
549 1652 62
688 1609 47
141 702 9
1083 920 9
1385 402 22
266 1328 2
695 1395 7
1394 1338 27
164 21 8
800 1283 2
988 974 30
127 804 2
162 893 33
23 1084 2
118 444 2
495 743 3
599 21 8
1075 596 30
1421 658 66
1357 637 12
140 1581 8
322 865 6
1377 355 7
442 1042 2
1300 1000 5
1004 470 1
1106 683 0
457 102 2
1561 389 36
766 1122 6
98 1004 7
900 1479 2
919 480 2
98 1296 7
880 272 31
563 719 8
1000 775 12
165 751 1
563 620 2
434 875 6
1181 153 5
546 265 6
1225 124 1
417 514 27
995 433 7
720 743 5
623 850 6
347 357 2
894 1058 2
424 942 2
424 546 2
854 1199 7
880 436 7
1080 908 6
978 1033 2
1421 1384 7
1212 102 8
667 663 8
424 937 8
995 56 33
759 1024 2
759 628 2
624 261 1
262 909 1
869 894 2
159 284 6
867 320 2
398 844 2
1570 1156 8
411 834 2
1081 256 2
1405 661 2
865 808 7
761 21 8
834 57 6
1261 1315 5
641 50 70
618 1384 7
195 116 8
636 627 8
936 603 6
1552 728 8
704 681 1
600 623 6
1496 769 38
1061 1100 2
747 31 33
1181 101 8
491 1307 13
501 390 8
676 1554 2
713 910 2
1166 834 8
97 623 6
701 804 2
991 1408 57
305 1610 56
910 920 2
1271 681 2
28 820 8
988 119 81
435 1 6
880 584 41
24 681 2
337 618 27
870 1325 5
1129 861 2
904 1328 84
829 663 8
565 26 2
229 307 2
763 297 6
780 1061 1
3 611 2
1106 0 0
688 1488 2
1017 610 2
135 114 8
80 1546 7
13 39 8
234 1310 8
323 1326 7
147 1190 41
898 1388 7
1459 555 2
1136 1127 8
62 1246 37
889 1366 2
774 366 2
657 1106 2
298 766 7
646 1581 8
1341 766 7
1421 310 1
395 1388 7
317 59 7
1250 453 34
995 83 8
1228 1082 7
1421 1097 7
504 223 26
995 976 33
1540 1381 7
65 369 7
1445 360 2
48 677 2
159 808 6
1562 466 2
514 699 2
999 50 14
958 618 7
834 685 6
518 1062 8
55 390 8
372 833 7
159 1515 2
1399 80 7
116 320 6
266 201 12
1126 844 31
252 798 27
1144 603 6
626 808 8
138 1404 1
157 936 8
21 233 27
582 1044 53
1328 241 35
158 766 8
739 28 8
476 823 2
594 957 8
998 1062 5
285 404 8
1519 265 8
479 569 2
1355 1225 0
301 50 14
484 889 2
627 971 9
594 1307 13
31 803 2
49 453 34
1459 160 16
1238 1126 16
698 433 7
1039 1305 8
784 123 77
713 823 33
552 1114 2
766 338 5
1354 1251 2
452 1388 7
402 412 5
454 697 2
817 1581 8
702 459 7
588 932 8
800 1452 2
557 1388 7
435 1227 59
106 611 2
1421 335 5
875 1399 6
217 1121 2
1036 239 2
681 727 2
458 723 2
667 1550 7
759 513 26
383 102 30
442 127 2
555 1345 2
437 653 2
744 591 1
85 437 2
770 976 7
190 833 2
1536 627 52
877 681 2
1223 1436 2
315 555 2
1040 102 8
1230 1217 8
80 107 7
54 1581 7
409 1035 2
928 574 41
759 677 2
592 1548 5
48 576 1
1056 1609 47
476 976 30
1019 32 8
80 3 7
398 101 2
1100 1404 2
1554 248 12
1183 320 7
1210 936 7
979 1258 2
76 796 8
468 683 0
512 753 2
1436 628 2
865 65 7
273 707 2
1179 518 7
800 432 15
1129 761 15
1421 387 8
1438 21 8
601 507 7
839 701 2
159 540 2
865 1482 8
1506 512 2
1397 134 7
913 1174 5
503 325 2
371 1550 8
1537 1217 8
854 694 39
36 216 2
252 219 27
93 888 57
784 1215 77
33 762 2
938 33 2
605 929 7
1124 926 15
360 517 2
479 1496 69
475 707 2
567 293 0
364 588 8
1519 1581 8
240 1047 2
1375 796 2
575 1075 2
704 157 7
457 779 2
913 273 7
760 163 5
1371 743 3
325 1184 6
604 624 30
1304 1253 5
337 563 27
1367 662 2
512 1005 36
1505 437 8
1104 1452 2
854 1070 5
449 541 2
65 1210 62
80 1199 7
1289 156 15
88 734 7
1443 818 2
1031 834 8
1210 903 6
552 363 2
512 341 5
998 226 1
322 834 2
1044 1586 5
1443 1110 2
416 1449 2
416 1053 2
258 597 71
390 284 6
3 920 9
1075 101 26
995 1298 7
823 1500 30
667 1236 8
881 839 7
854 1004 27
920 205 19
913 1578 5
253 743 5
415 1109 7
981 1045 53
981 857 2
1421 646 7
216 904 9
1045 347 16
922 1124 30
643 163 8
623 423 2
32 493 6
616 1033 2
958 563 7
402 1384 8
277 952 33
1570 22 8
762 424 8
862 104 8
507 1384 8
1375 384 5
1547 1377 8
162 518 2
48 158 2
133 341 1
1053 1211 2
266 1126 33
162 1305 8
4 875 6
707 1041 2
1380 1362 2
116 265 6
603 475 2
294 21 8
505 216 2
1383 770 7
1400 800 7
1394 540 27
999 605 77
148 922 2
594 907 2
238 633 1
464 662 2
911 681 27
1056 889 2
899 1374 7
1053 1097 7
1383 702 7
361 510 2
923 1429 2
291 1315 5
116 489 6
1104 1351 1
253 3 8
1098 507 0
695 1550 8
349 1292 33
122 360 2
819 101 8
1284 32 8
98 940 2
601 21 8
900 1077 2
106 160 2
990 1430 57
98 498 7
1304 903 6
582 1126 30
495 1335 5
1019 1315 7
1223 1053 2
1102 627 12
191 676 2
673 1033 2
217 1457 8
99 1161 8
551 112 2
454 178 2
907 102 8
869 1388 6
750 1483 2
552 1283 2
552 264 23
563 213 8
170 623 6
778 1033 2
425 888 2
551 462 7
487 1430 57
1230 433 7
418 1061 1
190 778 2
215 424 2
1104 701 2
1080 506 6
843 667 27
438 382 7
210 495 8
217 1389 8
1533 534 1
372 412 5
1098 98 33
647 836 2
409 980 2
309 1354 2
750 1415 2
311 460 2
81 23 33
979 911 2
870 929 7
555 1217 8
1445 933 2
393 1230 2
179 1581 8
168 652 2
309 692 44
295 552 2
504 272 2
854 1062 8
1075 393 2
880 200 2
382 250 7
45 1436 2
1034 902 1
52 1217 8
1537 433 7
1357 441 0
159 485 2
483 453 1
1302 1156 8
406 435 8
610 790 2
731 98 7
631 1305 8
1500 1446 2
1081 78 2
484 774 2
85 692 41
475 360 2
138 311 2
450 627 6
1173 976 33
1053 168 2
1000 683 0
34 987 2
849 1126 30
922 228 2
604 468 2
221 854 27
565 189 27
28 22 8
468 1262 2
1083 1511 9
435 1243 7
349 1428 2
1037 908 8
527 1225 5
340 280 7
27 643 38
1130 766 1
325 837 6
454 582 2
248 610 75
360 97 8
442 872 2
588 1114 2
563 914 2
1207 1129 5
420 489 6
1442 1357 1
453 684 2
1561 1344 37
900 1309 2
1402 724 35
1053 387 8
341 1581 8
360 53 35
1136 37 8
23 1239 30
13 1578 3
570 627 8
234 116 8
795 75 3
1100 1357 2
804 47 8
435 197 8
1443 775 12
707 1325 5
1253 435 8
369 724 31
1449 1309 2
809 23 30
1331 1322 13
416 998 2
880 604 2
307 1354 2
217 18 8
862 1491 7
519 424 2
630 1388 7
435 129 8
1525 854 27
1314 1567 2
77 114 8
764 772 19
84 1305 2
512 1384 7
922 381 30
1098 62 2
867 442 2
133 1578 5
729 662 2
447 32 8
1402 1491 7
494 552 2
804 1152 26
1281 908 6
601 1126 2
504 796 2
338 98 30
993 881 3
479 1500 7
369 762 2
1292 1099 2
1461 21 20
145 829 2
681 1294 0
603 128 2
752 80 8
623 3 8
360 798 2
514 958 3
158 369 2
623 341 3
923 1150 2
49 329 2
926 63 1
804 1417 27
384 114 8
745 453 35
1053 796 2
20 993 7
88 313 5
988 483 15
986 667 40
1039 804 2
440 489 1
692 1457 8
468 579 2
565 648 2
265 54 8
369 1483 30
623 1335 5
347 883 2
792 1388 7
852 1588 41
819 46 8
205 275 7
270 480 30
819 384 3
208 21 7
452 466 75
1008 21 8
329 63 7
240 241 2
1474 102 2
681 617 2
1136 957 8
1451 611 2
1098 466 2
306 1418 7
173 1567 1
1119 1377 8
264 880 15
442 116 8
889 1196 2
325 757 2
98 83 7
981 1160 7
766 493 6
98 421 2
774 488 2
78 1333 2
35 1304 5
1371 1204 30
185 900 27
1304 1217 7
258 598 30
1449 230 2
555 479 2
167 784 16
979 168 2
441 114 8
70 803 2
563 90 8
979 856 2
546 114 8
45 1449 2
836 360 2
173 229 2
1057 1499 57
631 594 1
627 541 2
411 80 8
1404 771 2
611 890 2
290 330 8
52 433 7
52 37 7
1303 720 7
941 273 6
834 1203 6
604 1500 2
974 468 2
261 491 2
1177 988 2
514 857 2
1117 1325 5
157 433 7
454 501 41
191 1267 14
618 869 2
263 1357 2
55 908 8
252 1024 27
913 376 5
140 1033 2
834 867 33
458 911 31
592 37 7
476 653 2
102 158 6
976 998 29
940 159 7
1313 855 3
1176 1377 8
780 102 30
256 390 8
1094 1371 30
489 1389 7
235 325 2
1039 1036 2
808 1416 2
978 437 30
908 1154 7
1483 1554 2
360 88 3
1045 627 8
142 228 2
681 637 12
340 225 7
360 42 8
1024 458 2
900 1358 2
565 1568 2
1354 366 33
702 484 74
891 957 1
1126 1062 7
688 1031 2
315 453 2
774 1184 2
1474 1126 2
862 338 5
1225 570 48
915 611 2
377 1554 0
1019 326 8
1451 32 2
681 1199 7
614 193 5
442 1041 2
878 102 7
1566 1044 12
631 998 1
307 611 2
330 97 8
300 1221 2
1415 1057 57
1075 1138 2
1100 191 33
326 341 3
409 1553 2
32 1325 5
300 779 7
317 39 8
1328 1062 7
552 226 3
981 455 2
951 1283 21
951 887 21
1119 626 8
450 1500 30
297 568 7
1307 1388 7
626 233 27
168 829 2
491 909 2
922 379 41
499 129 2
54 32 7
514 739 27
913 362 30
980 102 8
297 150 2
507 591 2
1051 1109 1
24 1292 33
62 436 2
155 702 12
1183 770 7
503 551 2
1461 893 30
470 368 16
237 1554 1
601 1421 7
1357 1014 0
30 981 2
297 833 8
735 1161 7
265 1086 8
21 882 2
1181 1583 8
252 341 27
586 889 2
551 341 5
390 808 8
1495 854 27
702 1381 7
494 424 8
486 98 33
1188 311 50
142 168 2
591 98 33
1372 834 7
142 856 2
1377 1550 7
454 1155 2
1391 569 2
1467 491 1
454 1505 7
675 877 2
707 462 8
631 1315 5
829 42 8
402 293 0
1152 23 2
923 918 8
337 1081 27
491 724 35
507 293 0
570 908 8
665 565 2
784 511 7
1221 1342 7
555 200 2
527 23 5
451 480 2
205 908 7
759 1495 2
635 1562 1
889 849 2
552 89 2
81 1292 33
551 2 2
1568 662 2
889 1141 2
1178 683 0
333 21 8
98 366 2
654 1031 2
978 1436 2
69 626 2
880 1177 2
528 1357 2
279 1033 27
657 1173 2
681 197 8
859 1053 2
1075 223 26
217 533 3
297 1242 2
546 13 64
713 3 10
476 519 30
1409 766 7
271 415 1
437 24 2
706 1388 6
595 98 16
514 474 2
854 269 2
1230 296 8
761 424 8
491 1491 7
1385 916 22
252 1037 27
499 1445 2
1252 1304 5
1058 854 27
862 726 8
618 126 2
1323 32 8
627 440 7
1221 228 8
713 1101 12
21 1510 2
603 701 2
999 435 77
577 707 2
442 1325 5
577 311 2
505 437 8
258 622 2
1126 911 31
707 1163 2
865 269 8
1055 551 7
1173 562 23
652 241 35
1307 627 19
268 149 8
674 933 2
372 936 7
577 603 2
1035 1405 2
1328 704 35
889 471 20
888 99 0
543 988 41
1039 981 2
779 846 6
128 804 2
784 294 77
1033 471 2
596 941 44
912 325 2
1160 453 34
36 1581 8
1377 471 7
591 62 2
941 852 8
442 762 2
1001 1173 2
917 1333 2
763 1388 6
1000 109 0
598 1448 30
1126 1345 2
773 804 2
80 346 7
1474 675 2
258 1239 30
555 1120 2
879 1525 2
1447 893 33
1145 80 8
499 982 67
889 166 2
1232 98 48
330 88 3
594 393 5
330 42 8
1100 491 2
1291 881 5
1117 462 8
179 1416 2
750 1199 7
80 174 7
647 958 2
1108 102 8
1337 390 8
253 269 1
1552 958 3
872 360 2
1536 626 52
369 546 31
329 961 35
281 98 2
1281 506 6
285 880 2
875 101 8
941 846 6
913 307 30
273 774 2
281 390 2
454 678 41
1448 861 29
987 704 35
727 702 12
993 37 8
486 466 2
157 1298 7
770 1245 5
681 223 26
102 1127 6
543 286 15
292 98 8
702 1326 7
253 1217 8
32 639 2
720 119 8
919 1000 2
292 390 8
449 488 2
381 784 14
437 412 5
887 1225 0
114 1148 2
13 1097 7
1354 447 2
489 296 8
904 360 84
695 743 3
703 21 8
170 574 71
551 1384 7
586 662 2
347 877 2
1315 1668 52
338 21 7
244 458 29
561 102 2
1541 1289 36
80 974 7
80 578 7
550 1428 2
548 854 2
1468 297 7
563 1364 2
879 154 2
804 273 8
551 1258 2
1253 265 8
569 163 8
653 1292 33
981 321 6
1187 372 1
192 499 2
499 0 0
326 226 3
217 244 8
1313 833 7
1443 554 23
880 726 2
410 610 2
435 355 8
1297 534 1
1304 711 7
770 0 7
872 988 2
200 229 29
976 1000 2
1227 495 8
1543 789 2
499 1098 2
1436 116 2
875 1125 8
195 172 8
504 1418 2
913 539 30
1304 247 7
69 102 8
1077 114 2
183 759 2
451 750 30
154 623 2
628 1305 8
45 979 2
607 844 2
572 1388 61
784 1326 77
498 804 2
713 1046 12
780 1371 30
252 226 27
1397 829 7
1405 1337 2
392 766 8
145 555 2
784 15 77
252 914 27
330 39 5
1295 80 7
517 191 14
829 787 8
32 929 7
52 296 8
273 23 2
914 1496 53
610 270 3
450 1377 6
157 296 8
1391 454 2
1036 1338 2
229 723 2
347 1131 7
240 535 2
1468 993 7
464 369 2
1292 928 45
1040 1305 8
670 770 2
623 1131 20
217 841 2
633 1327 6
849 893 30
653 1428 2
1225 168 48
555 773 2
879 741 1
1357 910 2
543 667 2
13 387 8
126 102 8
1449 1417 27
23 782 30
681 838 8
926 83 1
491 1070 5
1309 667 27
1328 728 7
1210 432 7
1253 1581 8
325 937 7
790 1305 8
981 903 11
199 908 8
344 114 8
295 499 2
880 1412 7
754 1342 7
1106 666 12
594 338 5
1230 937 8
667 36 8
1186 908 7
859 1230 2
961 1443 1
338 624 30
1225 392 48
398 1482 7
681 1062 8
759 689 2
133 433 5
262 178 1
855 1581 8
1084 627 8
1173 858 12
399 893 2
829 1150 7
806 98 30
623 1217 8
514 1112 23
1075 168 2
656 893 14
437 1094 30
1172 848 7
1141 681 27
929 1081 6
606 552 1
189 424 8
754 296 8
1404 562 23
601 623 7
1039 1388 7
1193 891 8
163 507 49
1537 937 8
626 1156 8
255 1449 2
1061 77 2
663 1328 5
127 409 2
370 981 2
524 216 30
1078 102 8
1526 3 8
1038 995 1
253 433 7
155 512 2
751 873 14
601 555 7
792 854 27
601 893 2
1258 514 2
33 122 2
558 77 2
415 1214 5
1053 235 2
1056 80 8
939 424 8
454 753 2
361 908 8
915 468 1
271 265 8
563 689 2
923 958 3
450 713 2
829 36 8
193 512 57
301 612 77
449 365 2
667 3 7
819 796 8
1000 1160 2
1507 784 19
1225 796 48
662 471 2
816 32 8
676 1443 2
551 911 2
80 919 7
910 908 8
546 1000 1
555 1396 8
323 303 7
102 1310 8
662 763 2
635 1160 1
437 1001 2
542 551 2
118 724 35
1565 514 2
1003 191 33
1084 1328 2
983 1354 2
1201 1388 7
779 54 8
25 1315 5
1106 367 2
536 229 2
270 667 27
183 480 2
515 514 1
1177 804 27
1401 603 6
279 563 27
156 908 1
1375 1152 26
1178 109 0
1050 1109 1
941 1127 6
1305 936 7
996 424 8
1460 893 30
862 116 59
491 1381 7
472 1494 1
518 39 8
1000 41 9
607 789 2
1296 1305 8
297 663 8
160 1307 14
1303 159 7
706 1210 6
592 850 6
1496 1166 38
699 1291 33
251 31 16
126 1161 7
360 527 7
32 524 2
252 859 27
1292 212 44
1052 1033 2
917 311 2
484 262 2
137 424 7
1160 32 8
337 1375 27
1160 329 2
623 852 20
707 355 7
707 693 2
1042 325 2
787 551 7
923 1149 2
904 933 84
565 423 2
323 1395 7
790 297 7
1451 908 7
476 24 2
253 119 8
836 160 30
804 1310 8
565 377 7
301 1532 77
1430 589 57
98 322 7
1359 229 33
1247 297 2
766 336 6
1247 893 33
1120 1581 8
438 216 2
399 1126 16
555 322 2
563 37 8
323 1322 13
429 252 2
305 756 2
383 489 15
624 1250 1
889 1367 2
325 928 2
610 1245 5
1210 377 7
69 415 1
1135 834 8
217 817 8
190 498 2
600 1388 6
1304 992 7
1225 45 48
1340 23 7
880 1299 2
647 259 8
37 779 6
555 249 8
616 1449 2
750 1135 2
739 667 27
70 974 2
603 850 52
842 1554 1
718 1225 0
297 1364 2
535 1161 8
466 1184 6
71 607 33
211 495 8
632 834 8
1217 32 8
862 916 8
603 1391 2
1210 205 7
879 999 19
623 433 7
1322 32 8
1436 689 2
739 102 2
626 778 2
270 626 2
313 1437 8
1303 495 7
1204 424 8
303 437 8
1080 829 2
759 269 8
52 937 8
507 129 8
23 1098 2
913 151 5
533 229 30
928 369 2
305 267 55
856 495 8
253 91 1
1552 384 3
162 1554 2
24 702 12
267 766 7
841 1075 2
1181 730 8
255 998 2
1570 1118 5
577 829 2
1500 1562 2
127 750 2
565 1515 2
468 666 12
627 972 9
1448 36 30
1402 848 8
1364 854 27
223 390 2
819 855 3
470 502 2
545 1375 27
1136 1491 7
1039 1161 7
650 489 15
228 623 6
552 1407 2
695 341 3
900 1133 2
106 216 2
265 167 30
778 1449 2
1104 388 1
900 1029 2
654 1231 17
688 806 2
141 537 9
438 506 7
1008 424 8
1122 1081 2
558 246 2
563 269 8
85 834 2
429 880 2
551 856 2
551 460 2
80 72 7
1482 908 8
981 1184 11
325 1556 2
381 258 31
182 1456 2
1315 1198 52
1084 201 12
253 184 5
230 588 8
695 1335 5
1304 1620 7
347 298 8
424 492 2
978 979 2
81 702 12
880 324 2
372 1156 5
157 909 1
1297 528 1
1333 90 8
611 272 31
628 681 27
371 412 5
415 523 8
981 230 2
913 1243 5
167 675 2
631 1388 7
625 662 2
670 311 35
428 519 35
601 508 7
618 934 7
273 954 7
178 32 8
32 158 6
1177 681 27
713 248 12
601 800 7
575 415 1
91 1554 5
784 1216 77
33 763 2
543 80 8
323 346 5
952 272 7
1271 1291 33
380 555 2
750 485 30
795 1491 7
399 1388 14
236 879 74
470 838 2
1181 47 8
24 1291 33
1053 516 2
1292 553 44
992 1315 5
1056 262 2
1561 75 5
1466 1490 1
558 650 2
1481 987 2
447 893 33
1375 355 7
220 854 27
440 605 1
360 742 2
1059 341 3
961 607 30
998 691 1
1164 3 8
911 988 2
829 213 8
1164 341 3
1104 1453 2
912 160 2
1004 667 27
917 480 2
112 889 2
68 995 1
879 380 2
787 428 7
1449 619 27
769 1081 6
995 1094 33
369 1135 30
689 52 8
1329 751 2
882 80 7
1540 1395 7
789 229 33
1009 21 8
437 263 2
519 480 2
654 806 2
12 1230 20
995 75 3
1567 89 2
74 325 2
1450 829 2
973 751 1
1304 937 7
317 46 8
555 199 2
591 594 10
69 297 2
507 1021 1
297 1309 2
229 911 31
836 681 27
65 607 7
588 1118 5
643 852 8
865 112 8
627 215 7
1505 1161 7
33 1391 2
415 110 3
862 793 8
31 421 2
603 872 2
360 808 7
752 32 8
580 52 1
191 598 30
23 287 2
1160 610 2
577 774 2
382 226 3
934 1305 8
106 229 2
1402 37 8
348 1008 39
548 1609 47
994 1075 57
454 247 2
790 870 7
350 626 8
552 1352 2
102 877 2
674 1328 2
900 1078 2
438 159 7
193 402 57
1315 815 52
334 1173 2
106 453 2
563 219 2
191 1073 2
476 1094 30
1000 1446 2
1287 1225 0
652 54 6
317 1097 7
1110 920 2
1000 666 12
85 779 2
979 980 2
334 458 33
333 424 8
1317 563 27
915 326 8
133 727 5
1098 1106 2
1339 766 7
1536 865 52
1525 1333 2
834 1327 6
1570 719 8
847 1304 7
281 834 27
1455 70 2
1497 661 5
277 297 2
1188 32 7
603 1568 2
168 607 7
999 1302 77
739 675 2
853 1428 75
155 514 2
1087 891 8
875 272 8
451 1500 30
900 338 5
161 1550 8
876 102 8
836 1036 2
1448 1073 30
1506 62 2
722 891 7
730 607 2
226 31 30
159 778 2
1405 88 2
1069 369 2
259 458 2
1001 594 10
485 1315 7
737 28 8
139 1033 2
1448 609 30
713 113 2
1143 766 7
491 848 8
1146 908 7
29 663 8
1173 873 33
435 1203 6
170 1448 30
582 114 8
623 54 20
479 428 33
259 390 2
1500 68 2
1430 1498 57
468 1550 8
369 460 30
514 1325 5
27 21 8
817 52 8
45 347 30
855 258 30
1367 504 2
1228 358 1
489 341 3
424 1133 2
1221 1062 7
27 23 30
913 47 7
998 568 1
769 1405 2
369 684 30
614 345 66
1210 1578 7
1230 1045 33
912 32 8
938 1291 16
1559 80 7
750 45 2
212 50 2
880 1293 2
739 1371 2
865 1395 7
702 1095 5
317 387 8
297 1358 2
852 987 2
981 595 53
750 728 8
795 1070 5
315 1126 30
620 623 2
514 590 2
1081 833 7
158 834 2
1281 1305 6
1207 390 8
358 1210 57
600 1210 6
616 979 2
166 504 2
240 272 31
867 766 8
48 104 2
928 1570 2
364 834 8
28 719 8
1053 1553 2
519 750 30
1180 102 8
297 1577 8
80 743 5
97 1210 6
31 366 2
1383 320 7
252 689 27
1173 1009 2
514 855 3
158 662 2
998 661 5
1061 443 12
701 681 27
594 61 2
568 1494 1
1500 1160 2
1141 779 6
1173 282 23
627 75 3
476 318 2
1371 1298 7
1041 325 2
46 114 8
1039 409 2
218 1225 7
1180 326 8
667 1217 7
419 1289 36
1075 36 30
1007 1228 1
142 1199 8
916 80 8
216 890 2
102 93 1
250 891 8
250 495 8
565 545 2
1081 139 5
674 201 12
819 47 8
491 97 8
417 1333 27
338 424 7
630 1315 5
726 1315 5
1102 766 57
588 719 8
438 442 2
470 27 8
665 913 2
217 616 2
1025 52 8
592 3 8
592 341 3
667 1482 8
191 622 2
552 932 8
281 555 27
664 880 2
48 156 5
325 758 2
420 514 2
778 979 2
454 119 8
1308 875 6
894 206 2
1449 231 2
437 1227 8
952 170 31
759 172 2
877 468 2
879 1177 2
979 857 2
177 265 8
986 662 38
1125 347 14
592 1335 5
159 1327 6
497 751 1
731 216 7
391 894 2
462 1225 5
1245 888 57
658 1225 0
1448 622 30
1183 435 7
784 853 5
277 466 2
1357 3 10
503 216 2
928 491 2
1258 854 27
319 1057 5
699 1126 33
754 341 3
479 692 2
795 1381 7
829 1482 8
601 330 7
1183 437 29
36 652 44
900 1381 7
1510 325 2
1328 533 5
1372 603 7
1357 1101 12
154 330 8
21 479 2
206 1375 27
672 504 2
1259 114 8
704 48 7
922 678 43
552 853 12
789 610 2
1161 147 8
324 1106 2
1565 854 27
98 1072 7
1247 1443 2
672 98 7
1008 551 2
97 770 2
698 1217 8
563 792 2
343 102 8
80 298 7
1225 1259 48
1225 863 48
563 787 8
428 758 2
979 1553 2
551 978 2
995 192 33
98 1144 44
311 1056 7
1210 1127 7
84 923 2
265 412 5
681 823 33
318 245 80
925 1225 0
398 620 2
1022 297 8
779 855 3
1297 650 1
177 1581 8
62 63 7
951 1180 21
847 566 7
800 1335 5
484 1609 47
1058 1333 2
1124 784 14
284 453 2
1554 1112 23
53 437 2
871 63 8
1540 1550 8
499 818 2
1404 89 2
504 1138 2
627 1457 8
1124 453 35
977 1000 2
499 813 8
1424 80 7
847 102 7
271 449 2
727 31 33
1380 565 2
592 1062 7
1148 667 27
784 274 5
1394 139 27
138 552 1
1540 1482 8
1537 75 3
368 675 2
1538 908 8
770 813 15
707 536 2
716 891 8
486 1106 2
514 462 8
1383 265 7
563 158 27
588 1360 2
268 1125 8
127 1500 2
591 1106 2
594 6 2
505 102 8
258 287 2
1055 216 7
531 598 30
855 607 30
1329 1289 36
25 751 2
192 476 30
476 263 2
923 1342 7
29 1236 8
219 854 27
101 347 16
449 836 2
126 1305 8
368 607 2
145 603 2
195 502 20
723 114 8
999 32 77
468 129 2
1138 766 48
265 41 9
558 837 23
624 919 30
506 849 20
654 1013 57
1431 1504 57
1354 1087 2
614 1578 5
221 759 2
265 432 15
774 606 2
774 210 2
627 1118 5
217 269 2
83 979 2
558 1100 2
98 831 2
286 1197 1
1298 1315 5
774 502 2
903 21 8
1216 1315 7
507 919 1
80 1614 7
82 626 8
624 1025 1
325 703 2
972 751 1
1252 265 8
190 273 2
880 1132 7
628 1388 7
409 475 2
988 370 2
1225 112 48
1372 829 5
1474 320 19
1436 167 8
499 1446 2
849 692 2
782 893 30
506 1227 8
313 1212 8
1322 495 8
594 1156 7
1404 1009 2
759 44 8
1323 424 14
1172 568 7
424 1070 5
507 92 59
23 873 2
172 114 8
1042 504 2
1404 282 23
1037 681 27
1240 338 5
934 1500 2
140 979 2
155 1292 33
277 114 8
495 90 8
476 599 2
1232 1609 47
1480 1561 2
1561 241 35
1040 1388 7
1052 1436 2
1015 880 15
531 830 30
158 1230 8
1526 119 8
702 303 7
476 1287 2
23 805 2
917 627 6
437 642 30
1271 1126 33
479 1033 2
1164 1217 8
917 1402 2
531 1518 30
449 1418 7
415 934 5
240 883 2
1357 1046 12
442 763 2
322 1315 7
790 1388 7
330 1381 7
819 958 3
464 1405 2
1161 92 8
584 114 8
518 441 0
939 76 8
555 1121 2
506 35 72
142 101 8
1214 424 7
1001 1106 2
303 981 2
551 235 2
862 1054 7
154 1315 5
542 667 2
823 1616 71
906 588 8
1124 114 8
1061 718 10
1317 1081 27
1304 1395 7
639 893 2
623 863 6
416 889 2
303 913 2
286 446 1
454 455 41
535 1173 2
347 464 14
516 569 2
1392 1225 0
298 588 8
1221 1321 8
518 1097 7
303 908 8
166 667 27
182 1455 2
49 952 33
84 800 2
555 75 3
503 565 2
271 667 27
855 326 8
1554 381 33
406 626 8
1439 779 8
834 553 2
499 367 2
311 976 30
1448 903 30
618 1047 2
1448 1299 30
702 1395 7
261 1357 2
1160 1428 2
834 1045 33
157 75 3
488 1333 2
1171 1298 7
64 1448 30
1061 821 2
1061 425 2
880 477 41
360 689 2
974 998 29
1145 908 7
695 433 7
510 471 8
1563 1315 5
385 330 8
780 558 1
1379 216 2
1246 565 57
917 31 2
1037 1036 2
716 80 8
424 657 0
558 821 2
563 1141 2
648 1377 6
1056 32 8
1358 834 2
28 833 8
753 1377 6
1497 881 3
563 1037 2
1391 114 8
675 823 2
259 507 8
238 442 2
1430 17 57
1315 1669 52
233 76 7
657 499 2
800 936 8
98 42 7
672 1405 2
151 1289 36
499 81 10
272 829 20
167 1291 30
449 1396 8
1136 848 8
641 987 2
643 1236 6
540 325 2
787 495 7
228 21 8
569 852 8
325 648 2
70 366 2
824 720 15
417 759 27
998 685 7
545 1333 2
279 1375 27
279 979 27
1215 21 7
1444 1404 2
1000 129 2
37 603 6
190 218 2
297 792 2
681 39 8
1296 1388 7
1080 325 2
277 1443 2
620 453 2
512 1111 7
777 21 8
1461 1588 41
1084 297 2
190 150 2
761 766 8
766 1086 8
1139 1291 16
387 114 7
1055 565 7
1307 588 8
518 387 8
1459 893 30
736 102 8
1054 159 2
727 1292 33
114 739 27
500 360 2
1493 854 27
554 1057 5
752 891 8
752 495 8
993 622 35
464 834 2
1164 433 7
909 506 6
1505 1305 8
62 961 35
888 441 0
1448 152 30
1172 90 8
1053 1310 8
144 891 8
1240 215 5
278 1126 14
713 47 8
1375 1550 7
779 792 6
240 536 2
772 134 77
804 929 7
1082 1448 30
1481 675 33
1236 891 7
102 273 6
795 848 8
880 368 16
247 114 8
1242 325 2
1272 390 8
1161 37 8
627 88 5
1102 888 57
27 889 40
939 21 8
515 1225 0
1225 461 48
437 374 2
311 263 1
62 958 5
531 1250 2
775 920 74
555 1457 8
1280 1564 5
506 1243 7
1336 795 7
980 981 2
187 1496 2
923 1325 5
1081 881 5
979 1047 2
720 1184 1
1500 646 5
1084 993 2
190 1242 2
347 18 8
1445 458 33
1223 1449 2
141 481 9
936 1315 5
1221 479 2
267 190 27
1421 1342 7
862 1322 13
485 1496 53
1526 1342 7
1050 441 0
922 939 15
36 1567 1
623 1515 2
1283 893 33
517 1581 8
273 382 7
875 47 8
493 891 6
75 326 8
941 792 6
1141 1305 6
1321 32 8
1075 857 2
411 891 8
605 1452 2
1183 265 7
1520 908 8
830 458 2
932 1161 7
315 893 30
1405 259 2
21 773 2
491 686 7
1058 759 2
36 229 2
261 191 33
923 590 2
1448 780 30
702 876 7
720 65 8
1124 258 31
479 476 7
1041 1075 2
256 1305 8
1275 499 7
1075 890 30
1037 981 2
126 804 2
1478 1357 2
1304 1334 5
361 1305 8
28 90 8
231 804 2
551 980 2
1033 1337 2
1044 663 8
1375 75 7
829 37 8
592 1217 8
598 21 8
1497 92 8
311 1355 1
1025 160 33
923 855 3
546 627 6
1164 119 8
707 68 24
565 88 2
627 658 0
284 926 15
502 23 30
518 1014 0
1450 325 2
1228 524 7
995 418 33
233 390 8
409 638 27
416 774 2
795 97 8
76 1114 2
325 296 8
981 221 11
347 646 8
514 638 27
1436 1395 7
900 97 8
293 800 7
398 450 2
995 350 33
555 18 8
297 1133 2
191 92 8
327 1292 14
1438 834 8
82 52 8
62 685 7
995 642 33
1529 1580 18
1357 925 10
1305 937 7
1400 297 7
850 480 2
462 476 5
870 355 8
784 1632 77
1042 667 27
318 695 80
518 40 8
726 1388 7
839 1446 2
611 726 2
347 976 30
865 228 8
619 891 8
380 611 2
852 1377 8
973 784 19
707 762 2
408 102 8
1383 491 7
483 1581 8
252 464 27
127 1388 7
1173 388 2
999 326 77
1259 1333 2
1055 442 7
926 527 1
1364 1333 2
77 70 35
702 198 1
695 1298 7
1472 888 57
1044 207 38
1056 605 8
880 381 16
1443 81 10
1382 390 7
458 119 7
913 1252 2
912 216 2
674 360 2
1357 1124 33
241 311 2
228 766 8
800 1217 8
1201 1315 5
1349 102 2
702 125 7
836 453 30
464 607 2
900 798 2
420 854 27
275 1578 5
750 912 2
900 793 8
1126 502 7
1567 901 2
1407 866 36
624 1251 1
1251 265 8
297 1491 7
200 1161 7
1225 406 48
1336 52 7
1224 1000 2
1280 1509 5
894 39 7
1230 533 3
1570 147 8
1215 594 7
854 856 2
1570 881 3
550 326 8
1011 28 8
1321 1315 7
995 377 8
552 622 34
627 677 2
476 642 30
756 889 2
216 1282 30
586 1609 47
160 307 2
65 1059 7
759 239 2
162 1331 2
48 971 2
638 588 8
1403 891 6
43 605 7
76 462 8
1198 834 2
191 1403 14
262 812 1
1548 21 8
514 1384 8
35 913 2
35 80 1
1173 1480 2
634 390 8
161 937 7
1460 607 30
739 390 8
681 95 0
1326 297 8
934 1388 7
1461 437 30
1552 47 8
601 569 7
251 952 16
468 1447 2
681 3 10
159 498 2
21 322 2
1171 833 8
1336 442 5
155 62 2
1132 1421 1
1172 663 8
888 1014 0
60 960 35
470 503 2
928 594 2
220 1333 2
774 1424 2
713 958 3
32 129 8
489 291 8
317 743 5
478 114 8
592 433 7
150 70 2
681 1101 12
563 1031 2
223 1371 2
325 850 6
952 697 14
952 301 14
102 846 6
193 62 57
1497 37 8
440 311 2
1121 1044 53
923 462 8
1093 1377 6
1024 922 2
714 1291 14
222 330 8
574 150 8
688 411 2
545 707 2
1317 1375 27
453 301 2
1355 118 2
551 857 2
1567 749 12
670 424 8
390 911 31
974 1404 2
303 1161 7
311 877 2
643 438 6
177 1033 2
323 541 7
889 289 2
569 54 8
197 908 8
87 390 2
1210 1298 7
107 265 8
900 88 3
76 1455 2
894 1396 8
894 959 7
829 1314 5
857 1230 2
504 689 2
879 1324 39
292 70 2
900 42 8
534 458 33
636 647 2
424 1176 8
191 37 8
1371 1335 5
322 369 3
961 305 7
913 138 30
1050 1014 0
981 81 7
1191 466 75
252 185 27
1388 95 6
957 1421 59
49 118 2
49 514 2
195 63 8
558 345 0
154 514 2
195 355 8
491 1322 13
618 1565 2
1356 926 15
499 554 23
435 1578 5
1397 720 7
1479 1375 27
1394 206 27
499 916 8
268 1296 8
914 470 1
1562 1554 0
923 767 2
222 594 1
114 233 27
582 507 8
1488 774 2
931 891 7
32 366 2
453 1101 2
917 607 7
1129 1127 1
1421 1325 5
704 893 2
565 729 2
689 1333 2
28 663 8
125 894 2
157 83 8
449 903 2
913 905 2
468 341 3
667 937 7
551 1553 2
1044 1236 8
240 129 8
792 759 2
686 114 8
369 808 30
1154 52 8
253 65 8
1237 1305 8
347 604 2
610 484 9
283 988 31
588 147 8
417 1449 27
417 1053 27
551 739 27
576 437 8
1140 1173 2
98 606 2
905 766 8
80 1097 7
1357 113 2
903 588 8
618 1325 5
819 59 8
662 1337 2
1225 59 48
552 657 2
80 1389 7
779 1384 8
325 140 7
368 1388 14
988 609 2
922 1194 30
614 1577 5
531 1140 2
576 265 8
671 21 8
1570 92 8
438 48 7
74 618 2
1098 160 33
1392 275 67
555 533 3
191 269 8
1056 252 6
1110 908 8
306 197 8
1397 1421 1
306 139 3
1416 463 2
947 987 2
893 1282 30
1436 239 2
442 68 24
1078 667 27
323 1335 5
424 75 3
854 728 8
1075 455 2
703 913 2
190 663 8
305 206 39
611 1299 2
623 765 19
311 519 30
49 31 33
865 743 3
489 1224 2
590 891 7
91 476 5
1230 704 25
575 667 27
265 179 8
1388 1384 7
1179 102 8
259 1388 7
1391 1333 2
568 297 6
1440 988 20
281 428 55
1044 488 38
335 1375 27
29 36 8
751 368 14
618 855 3
240 366 2
470 844 2
502 1292 30
320 183 6
527 495 5
567 732 7
1166 390 8
1036 150 2
697 28 2
1483 1567 2
681 1046 12
162 594 10
276 80 8
1006 1228 1
981 1198 11
155 330 8
692 787 8
1020 80 8
774 905 2
1000 1447 2
329 808 7
98 792 7
301 795 77
1008 667 2
698 937 8
141 775 9
159 1118 5
527 1494 1
311 484 7
869 458 2
980 1161 7
81 1428 2
1210 1243 7
253 422 5
756 774 2
818 453 35
190 1364 2
1001 458 33
1315 1243 7
424 730 2
1144 1328 35
297 335 2
1549 551 2
869 390 2
647 1125 8
424 1220 14
638 770 2
1323 1291 14
177 514 2
624 49 1
262 697 1
1054 1081 2
993 178 2
1131 489 15
852 652 2
98 1455 30
951 1296 21
1550 114 8
499 246 2
406 360 7
1058 1053 2
1004 952 30
623 75 3
272 21 7
871 75 8
1173 942 33
150 23 2
470 381 16
337 1305 6
923 816 2
211 404 78
97 875 6
707 256 2
253 1389 8
1522 32 8
923 1108 2
923 712 2
623 55 20
922 126 2
453 1046 2
575 626 2
584 1377 8
1328 881 5
599 437 8
1037 1161 7
1031 458 2
36 382 8
558 1284 2
390 823 30
913 116 7
311 789 1
787 442 7
923 644 2
1480 201 12
552 670 2
1371 936 8
1402 622 35
512 1244 36
565 210 2
588 92 8
98 213 7
510 1578 5
574 1015 8
479 52 8
1321 252 6
581 702 8
873 1126 2
334 491 2
116 114 8
1421 270 1
1359 453 34
125 766 8
799 21 8
658 891 8
325 34 69
981 493 6
981 97 6
1565 1033 2
191 287 2
1454 23 2
889 1258 2
325 423 2
447 102 8
922 1139 30
70 153 12
190 92 8
865 1396 7
759 1148 2
1371 911 31
183 603 2
1570 37 8
74 563 2
750 1125 8
893 1220 14
581 240 30
434 390 8
514 591 2
607 1376 2
1337 50 55
1230 584 55
226 1416 30
32 336 6
829 928 2
934 491 1
1258 1333 2
33 1337 2
444 286 15
1380 913 2
178 893 14
466 903 6
1306 424 7
1497 978 1
1053 1450 2
1030 514 2
938 504 2
1460 21 20
255 889 2
340 1562 7
424 1118 5
470 101 2
820 891 8
449 1184 2
1164 937 8
618 462 8
1163 297 8
415 758 5
126 347 2
28 1236 8
1421 99 66
218 854 27
22 330 8
483 32 8
1354 747 2
455 891 7
463 607 2
995 1340 33
551 127 2
724 893 30
770 936 7
102 823 2
365 28 8
692 44 8
844 610 30
900 1024 2
900 628 2
1145 265 8
383 750 30
1220 875 6
1126 728 7
879 517 1
220 759 2
1081 101 26
265 350 30
645 1443 1
98 737 7
390 1557 1
1044 1031 40
22 624 30
647 455 2
988 890 2
258 960 30
555 841 2
1031 98 8
535 1357 2
531 1025 2
758 1496 2
652 1125 7
333 766 8
510 139 5
402 1298 7
804 54 8
641 675 33
713 1132 0
623 1457 8
1570 269 8
623 1358 2
535 893 2
952 463 31
768 424 8
976 1404 2
265 284 52
1497 899 5
626 1396 8
1405 498 2
618 475 2
958 1034 7
829 1556 2
1187 80 7
727 1490 59
1081 47 7
454 399 41
932 603 6
148 454 33
618 1163 2
318 134 80
592 39 7
1042 415 1
933 812 2
662 1566 5
30 647 2
374 297 2
913 1399 6
428 1047 16
130 146 7
138 258 2
909 1305 6
228 1210 6
605 1550 8
447 1161 7
605 1451 2
880 1578 5
118 909 2
381 114 8
29 568 7
336 506 6
1527 297 8
1172 1577 8
287 1500 30
230 1448 33
1000 1016 12
555 1199 7
1137 390 7
454 1212 8
551 1047 2
858 660 5
76 1457 2
307 681 2
93 1091 2
349 160 33
29 833 8
1327 865 6
545 829 2
206 707 2
1152 80 8
3 839 8
234 63 8
645 468 1
736 603 6
435 728 59
719 865 6
1230 595 33
552 151 2
311 999 2
641 707 2
922 396 30
1471 681 59
411 1075 2
763 795 7
201 41 74
880 109 7
261 614 67
737 347 2
789 453 34
504 1166 1
325 341 3
981 307 7
620 569 2
981 1041 2
494 499 2
252 411 27
681 925 10
159 1024 2
607 925 2
1058 1230 2
147 1449 2
53 1126 2
1394 500 27
1394 104 27
1081 716 8
1061 853 12
1405 1418 2
1230 1070 5
42 908 7
627 147 8
834 459 7
865 341 3
1129 646 5
297 1127 8
980 398 30
170 21 8
772 1629 77
162 702 2
489 1114 2
1112 286 15
28 957 8
157 377 8
713 1112 23
36 627 8
1371 848 7
255 834 2
923 1384 8
1230 222 15
998 899 5
1129 957 1
168 1448 30
1213 1305 6
170 23 30
229 840 2
720 1156 8
710 21 8
1148 390 8
449 1525 2
415 307 5
1039 647 2
737 1292 30
217 1026 2
1122 297 2
1128 1315 7
1537 1070 5
512 1325 5
145 891 8
681 248 12
856 311 25
420 1315 5
468 813 8
350 80 7
217 270 2
593 297 8
438 50 7
648 829 2
205 514 7
1138 424 8
1304 358 5
880 1201 7
1126 277 7
80 1615 7
908 593 7
70 43 6
681 856 2
550 466 2
1225 181 48
300 504 2
182 208 2
629 891 7
454 65 8
442 355 8
872 1405 2
993 1109 7
317 1321 8
1126 1556 44
1106 771 2
926 441 0
402 1243 7
1215 369 7
1221 303 2
894 147 8
295 512 2
819 1325 5
93 784 19
894 881 3
1323 102 8
1221 298 8
1214 21 7
65 834 7
618 488 2
162 1106 2
1283 1328 2
479 1375 27
913 787 5
262 1024 2
360 1395 7
1533 650 1
872 21 8
1505 1388 7
618 420 2
390 533 3
25 1448 2
977 21 8
1284 297 2
1284 893 33
372 1298 7
889 833 20
369 26 2
31 940 2
507 197 8
928 437 2
933 419 7
361 702 2
1225 1310 5
682 1315 7
1033 833 2
486 424 2
1245 766 57
1561 138 35
499 63 8
268 47 8
922 255 42
1037 409 2
138 157 7
453 248 2
1401 330 8
1102 1408 57
98 1482 7
223 458 2
1171 936 8
458 1256 2
1166 908 8
790 993 7
769 297 6
216 1418 7
668 369 1
1359 329 2
676 476 2
1247 993 2
238 102 8
80 244 7
647 1424 2
409 1568 2
797 1305 8
116 675 55
995 138 33
307 558 2
889 460 2
878 1075 2
1205 1091 2
552 533 3
428 600 2
311 1340 2
1225 1154 59
1305 433 7
1446 297 2
403 908 7
759 350 2
318 626 8
1304 85 7
1065 1408 1
347 1578 5
124 1178 5
647 1252 2
747 1328 2
383 1402 2
1552 1310 8
179 102 8
159 677 2
154 854 27
1548 424 8
1183 681 7
297 848 8
406 627 8
603 88 2
620 514 2
1075 1309 2
373 603 52
952 116 7
625 834 2
506 149 8
913 1417 27
61 390 8
754 249 8
382 1062 7
938 667 27
256 1388 7
157 35 2
1301 1305 7
730 1126 2
361 1388 7
933 178 2
1521 32 8
858 297 8
555 1070 5
21 1121 2
713 381 33
720 855 3
340 1160 7
485 569 2
923 1334 2
238 470 1
1364 1449 2
1480 1371 33
1562 1225 0
428 309 16
990 647 57
489 298 8
52 1070 5
489 199 2
28 438 8
558 1114 2
913 1076 2
80 1336 7
1554 1528 1
334 681 2
823 32 8
555 1004 27
800 937 8
997 114 7
766 57 6
908 292 2
98 381 2
447 297 2
900 122 2
167 1292 30
217 903 2
681 113 2
305 436 1
1443 1575 2
1447 888 23
463 424 8
216 609 2
1443 1191 12
78 829 2
459 330 8
552 719 8
875 321 6
190 219 2
503 779 6
328 390 8
894 92 8
1304 1005 7
627 59 7
74 1081 2
618 638 27
647 272 8
681 728 8
347 1392 30
157 690 1
852 1402 2
1156 62 5
1239 1315 5
434 908 8
167 1371 2
377 1416 2
61 330 8
1207 1305 8
1081 898 2
1053 638 27
1077 804 2
865 226 3
1075 230 2
1436 743 3
618 365 2
942 770 2
1303 508 7
1085 923 13
366 675 2
1448 513 30
1497 1199 7
563 1314 5
480 877 2
371 936 8
468 771 2
483 326 8
1500 1283 2
925 702 12
471 913 2
1497 1491 7
720 1437 8
1526 65 8
1253 1328 2
222 1388 7
411 1304 5
988 986 41
482 32 8
774 852 2
290 1554 5
702 937 7
702 541 7
34 428 2
330 1395 7
1158 495 8
447 993 2
329 697 2
470 223 2
220 1053 2
112 1315 7
1372 98 7
348 125 2
221 1333 2
646 507 21
551 1041 2
454 711 2
61 766 1
323 433 7
440 31 2
1371 83 8
995 168 7
854 543 1
438 623 7
774 1076 2
1021 891 8
314 854 27
819 462 8
1478 558 2
992 1448 2
344 80 8
635 534 1
555 671 2
753 627 6
1081 223 26
518 341 5
1214 766 7
988 1070 7
551 577 2
555 1062 8
744 1001 1
81 160 33
1019 114 8
789 329 2
1247 998 29
551 869 2
643 158 6
951 847 21
1230 881 3
1315 1211 52
928 692 41
84 1210 2
926 1014 0
271 681 27
880 45 2
411 569 2
279 297 27
21 241 25
647 905 2
300 1405 2
1570 787 8
71 360 2
395 369 2
541 611 2
747 201 12
176 360 2
297 798 2
168 325 2
1521 1315 7
614 980 1
1330 476 29
1377 412 5
1397 216 7
1183 626 7
642 908 8
491 697 2
1484 1050 1
729 98 8
479 987 2
913 150 30
259 1190 33
23 1447 2
1184 1581 8
142 128 2
599 681 2
33 88 2
489 316 2
763 952 30
566 68 1
1291 706 44
271 627 8
823 1315 7
1025 229 33
1304 1335 5
991 1075 57
29 1127 8
340 349 7
1193 23 50
550 1443 2
458 1491 7
910 879 2
880 251 41
1480 360 2
913 625 2
202 920 1
1359 610 2
1121 854 27
160 1204 30
1152 311 2
428 1345 2
1081 1578 5
265 1204 30
695 936 8
800 90 8
592 56 50
774 393 2
893 1073 2
1297 945 1
558 264 23
799 588 8
993 753 2
334 558 2
284 603 52
69 1375 27
1122 114 8
1462 808 59
1126 758 44
1227 114 8
390 1073 2
620 759 2
115 265 15
183 774 2
454 1321 41
995 88 3
737 865 2
499 1009 2
398 1139 2
287 390 2
894 37 8
277 993 2
297 1030 2
65 770 2
759 208 33
466 850 6
504 619 27
514 762 2
1399 1377 6
1330 1500 29
271 1036 2
470 1236 6
357 1585 2
434 952 14
369 189 27
252 533 27
551 1325 5
190 487 8
1295 829 2
1069 795 7
1081 843 2
459 1315 5
49 466 2
372 505 1
1526 1389 8
32 111 6
1044 1587 38
926 992 1
1141 623 6
482 1315 7
944 893 2
606 262 7
1172 63 7
262 158 2
297 88 3
692 824 6
1176 531 2
554 607 5
1302 88 3
1237 1388 7
703 565 2
1047 611 2
1061 284 33
1292 902 44
360 1550 8
855 1126 30
70 861 30
1026 1333 2
1229 1213 6
415 533 5
565 1077 2
1054 32 8
1284 114 8
424 1564 1
217 856 2
240 86 2
217 1252 2
1354 1314 2
460 1044 12
772 372 77
993 1111 7
265 1335 5
1254 80 8
311 277 1
774 729 2
217 1184 2
552 742 23
329 178 2
507 1105 0
911 21 8
774 625 2
421 480 2
1371 1341 30
900 1086 8
1449 763 2
555 616 2
507 1397 0
192 1388 7
551 126 2
552 1396 8
281 623 27
1291 61 15
1217 102 8
744 550 1
182 726 2
1554 775 12
653 160 33
1099 98 8
313 1070 7
190 792 2
930 774 40
889 350 2
1210 1004 8
300 662 2
843 681 27
623 1133 2
1099 390 8
411 514 2
913 1474 30
83 114 8
399 804 2
32 1203 6
1106 562 23
17 926 15
1204 390 8
1549 667 2
35 1375 27
1552 116 8
1497 1070 5
1394 958 27
226 216 30
829 1389 7
1216 32 8
318 52 8
23 1100 2
267 360 27
110 320 5
618 938 2
27 829 38
484 329 84
772 1172 77
1181 1420 8
933 937 7
142 27 7
753 607 5
365 504 2
191 1239 30
1405 497 2
357 1126 2
60 961 35
255 80 8
900 1495 2
819 1207 8
1495 1333 2
834 663 8
1466 760 1
28 36 8
449 672 2
454 992 2
1036 498 2
1082 23 30
988 272 31
643 903 6
1164 65 8
897 32 7
667 471 59
1247 888 23
650 1000 2
1221 1121 2
368 652 71
1289 115 15
1297 494 1
635 1003 1
1314 1357 2
1292 1179 31
998 581 1
1084 1567 2
458 974 29
76 1456 2
897 297 8
1333 92 8
273 633 1
406 880 7
659 891 8
168 1362 2
804 68 24
309 1402 44
46 908 6
3 879 9
671 1388 14
1172 1491 7
390 622 2
318 313 80
292 759 2
317 108 8
71 933 2
1547 424 8
531 49 2
1177 647 27
62 527 7
870 342 9
843 1036 2
265 1578 7
1230 75 3
603 210 2
505 347 2
1391 1375 27
1436 3 8
336 1081 6
277 998 29
1436 341 3
161 296 8
1413 908 8
594 246 2
862 355 59
584 347 16
1396 891 7
32 831 2
1284 1443 2
1384 1181 7
72 32 8
101 191 16
1221 881 5
873 1388 14
651 667 40
271 913 2
33 661 2
922 938 2
796 489 6
323 244 5
1383 437 7
360 812 2
692 373 6
271 908 8
359 329 2
707 604 2
1402 167 8
914 804 2
594 132 7
1350 558 1
27 834 8
988 584 41
855 675 30
1436 1335 5
363 751 2
919 1416 2
404 958 5
489 1212 8
922 1162 2
982 766 5
424 1509 1
458 65 7
1171 83 8
1480 933 2
654 543 1
1357 474 2
416 1609 47
695 1217 8
661 662 2
907 134 2
489 765 19
216 903 2
1003 1126 33
775 879 74
588 44 8
1317 297 27
270 98 30
1354 824 23
1338 1405 2
286 1265 1
217 728 8
178 320 6
670 908 7
160 432 15
988 1006 2
325 479 2
842 1173 1
1305 850 6
688 1008 39
375 390 30
1328 562 2
979 1042 2
70 547 7
534 491 2
133 393 5
620 1436 2
639 437 2
369 101 26
178 252 6
173 311 2
328 908 8
1133 1315 5
502 995 1
502 1036 2
71 1561 2
921 347 30
988 938 2
325 56 33
256 854 27
1221 370 2
318 1629 80
865 433 7
565 883 30
759 226 3
1076 804 2
403 424 8
36 1161 7
84 240 2
569 412 5
1394 903 27
485 320 6
720 903 1
731 229 7
127 31 7
574 1507 1
1302 787 8
275 789 2
191 960 30
273 611 2
32 1459 2
162 458 33
771 1430 5
759 112 8
1448 739 30
662 994 5
145 1075 2
971 784 19
1507 764 2
1252 1375 27
834 485 33
1265 489 6
1302 719 8
537 754 5
735 588 8
1078 390 8
474 52 1
766 646 5
1164 1389 8
1173 1307 13
565 1358 2
923 85 2
1377 1004 7
1448 671 30
476 1355 2
546 750 30
710 424 8
650 1554 0
468 562 23
343 1161 7
32 471 8
927 70 1
1258 297 8
1552 1325 5
311 162 1
449 221 2
337 506 6
563 581 2
1377 936 7
1044 158 8
878 626 2
101 531 2
1328 1475 37
551 1163 2
933 519 35
190 1141 2
792 369 2
817 114 8
447 1443 2
766 1203 6
1570 789 8
176 60 41
217 149 8
1172 338 5
1221 728 7
995 309 33
1253 102 8
889 235 2
420 759 2
744 727 1
1315 1437 52
1210 848 7
1497 1419 5
654 125 2
1444 552 2
216 147 8
913 152 30
1333 37 8
702 469 5
926 810 15
620 854 27
516 1033 2
750 836 3
297 628 2
647 1418 8
168 551 2
98 1456 30
759 808 8
879 309 14
347 539 30
1397 442 7
1546 21 8
1461 1371 30
872 424 8
632 390 8
505 1161 7
843 981 2
1394 220 27
737 390 8
268 1310 8
252 423 27
854 384 3
932 1388 7
1357 1132 0
32 1 6
33 314 2
888 934 15
660 441 0
738 908 8
458 1389 7
360 419 7
927 766 1
838 588 8
1130 1421 1
52 75 3
231 681 27
1371 568 7
29 957 8
760 763 5
284 784 14
1479 360 2
829 916 8
819 1384 8
982 23 5
28 213 8
218 891 7
106 1443 2
250 265 8
95 265 52
346 265 8
1239 1388 7
449 1199 7
418 531 30
1069 952 30
1371 937 8
449 1578 3
592 75 3
912 102 8
786 32 8
592 678 50
889 1619 2
1228 256 1
893 903 2
750 803 2
295 1292 33
614 1523 5
1001 491 2
713 109 0
216 485 30
1333 957 8
1078 681 27
424 147 8
502 981 2
1221 18 8
1223 889 2
850 707 2
62 808 7
850 311 2
647 47 8
531 622 2
1219 102 8
55 252 2
961 879 7
1323 114 8
841 347 2
759 726 33
1543 1307 13
306 39 8
267 330 7
1488 1609 47
893 1124 30
627 104 2
148 834 2
446 453 35
901 1289 36
1460 102 30
258 704 2
1545 908 8
618 140 2
1055 633 7
273 160 2
365 667 27
1059 255 2
43 32 7
1240 59 5
1054 326 8
137 908 7
470 83 6
1054 623 2
266 1161 8
159 92 8
577 325 2
1044 1482 8
1082 1292 30
1253 1161 7
720 1212 8
491 167 8
155 52 8
268 163 8
118 282 2
582 1333 2
531 1239 30
588 789 8
118 178 2
1466 754 1
458 684 2
880 1622 1
106 468 2
1126 1135 2
240 604 2
335 360 2
1139 675 2
228 894 2
770 937 7
647 1417 27
23 919 30
1122 1333 2
437 568 7
1127 1315 7
325 1120 2
1496 577 40
1230 391 2
800 75 3
1232 1315 7
854 714 1
305 1469 47
695 83 8
1230 1079 2
1315 1450 52
880 1124 16
449 139 3
435 101 59
23 851 30
454 855 3
1137 424 8
297 513 26
735 865 52
70 1516 7
652 1418 7
323 432 7
437 833 8
147 692 41
489 1118 5
894 500 2
1402 46 6
1554 554 23
437 1125 8
190 914 2
926 743 5
829 850 6
35 766 7
1297 24 1
424 676 2
1221 646 8
55 880 2
157 697 1
309 382 8
750 47 8
618 836 2
1204 908 8
606 1126 2
913 1135 5
913 739 5
1476 480 30
993 119 8
35 1036 2
1061 214 2
1224 1448 30
1551 1061 4
285 894 2
390 147 8
390 881 3
437 1455 30
698 527 1
1084 611 34
784 1108 77
784 712 77
33 259 2
888 483 15
1283 297 2
592 728 7
102 412 5
371 1298 7
928 785 2
830 922 2
784 1400 77
157 88 3
167 390 8
1233 50 1
360 743 3
252 300 27
20 605 7
195 272 20
786 1315 7
594 459 8
594 63 8
449 502 2
265 1047 30
1036 1120 2
797 1388 7
489 18 8
195 168 20
489 315 2
28 158 8
753 1057 5
514 1214 0
707 129 8
894 158 27
451 611 2
849 347 30
981 111 6
880 183 1
1456 611 2
756 1609 47
52 1118 5
624 877 30
894 1196 2
880 912 2
1190 241 35
965 658 0
774 168 2
657 512 2
419 1448 2
1120 626 8
881 404 7
981 43 6
787 216 7
145 1304 5
1211 504 2
552 147 8
652 47 7
317 298 8
503 603 6
552 881 3
867 750 2
880 844 2
201 771 75
848 875 6
865 1342 7
190 335 2
627 1486 7
1313 1243 7
1138 21 8
1304 433 7
1304 37 7
750 284 2
777 102 8
1075 619 27
1085 325 1
297 863 7
1518 1161 7
981 1042 2
305 421 2
618 1418 7
601 1388 7
1000 970 9
1085 320 7
50 985 2
1283 993 2
48 411 2
1210 83 8
626 219 2
804 412 5
48 1398 39
258 357 2
829 140 7
454 823 16
453 184 5
1496 1595 38
1174 854 2
510 789 2
518 108 8
834 798 2
866 761 15
199 624 30
865 296 8
1265 779 6
604 1404 2
1160 466 2
380 1075 2
660 1014 0
1030 1044 53
1449 68 24
145 569 2
693 854 27
716 1581 8
116 829 2
913 321 6
798 854 27
1500 1003 2
191 823 31
1233 574 1
329 994 37
907 32 2
517 893 14
1304 135 5
582 1377 8
1378 770 2
1029 458 2
796 922 2
913 1424 2
913 1028 2
1567 745 2
1054 495 8
472 908 8
325 773 2
277 1554 0
1024 70 2
221 1449 2
221 1053 2
551 365 2
1482 21 8
98 391 7
75 1161 7
479 626 8
894 221 2
1201 159 1
1215 834 7
1289 573 15
1357 248 12
1128 1581 8
750 1376 2
1225 578 48
1447 1567 2
1230 1224 33
635 650 1
325 350 33
617 70 35
1221 664 2
681 852 8
303 647 2
647 693 2
988 1128 2
70 674 1
1114 191 33
1309 681 27
199 531 2
1215 766 7
156 70 1
236 1490 5
1525 829 2
1215 662 7
720 1197 1
416 555 2
1337 21 8
1080 633 1
287 1585 2
54 1315 7
102 1094 30
647 625 2
424 324 8
1509 888 57
1449 762 2
768 766 8
1436 1217 8
762 1305 8
739 531 2
432 390 8
176 80 2
747 993 2
1177 190 27
1394 1525 27
543 1291 14
117 347 30
506 1125 8
614 1137 2
391 795 7
35 981 2
754 18 8
311 642 30
606 607 2
495 92 8
1061 1047 33
252 284 6
381 29 2
1394 856 2
349 993 2
1540 743 3
340 183 2
468 443 12
1503 891 8
1171 568 7
1288 265 8
647 950 30
552 1170 0
770 412 5
1461 454 41
1405 272 2
904 491 84
470 279 2
834 88 3
348 541 2
1485 468 2
1172 1127 8
279 216 50
993 389 36
563 411 2
774 1492 2
908 1290 7
575 908 8
361 922 8
442 661 2
907 988 2
555 1483 2
816 114 8
1247 347 33
438 667 27
806 879 2
34 889 40
1253 297 2
1152 31 2
1210 1538 7
1253 893 33
337 297 27
218 759 2
1203 1315 6
874 766 7
894 1199 7
848 159 5
417 889 27
894 1141 2
894 1578 3
234 743 3
27 311 30
209 614 7
435 90 8
284 258 31
894 1491 7
995 535 33
84 870 2
295 98 33
1439 458 2
552 92 8
1414 766 7
1106 89 2
221 297 8
880 393 2
1123 114 8
747 933 2
270 681 27
565 513 26
1460 1371 30
398 463 2
277 713 2
322 495 8
601 1333 7
500 1405 2
1526 817 8
1179 880 7
224 1408 1
506 838 8
810 594 1
582 707 2
491 1395 7
681 1187 0
138 854 7
737 908 8
32 606 2
698 1199 7
607 803 2
582 265 7
582 603 2
1044 1599 38
1039 369 2
510 1125 8
145 618 2
1493 1230 2
698 1491 7
252 581 27
626 533 3
923 939 2
980 240 30
191 761 15
1288 1581 8
360 937 7
150 834 2
150 1230 2
449 1097 7
760 593 5
577 611 2
144 265 8
1129 903 1
238 804 2
1133 1388 7
60 53 35
1371 1127 8
1026 1053 2
1201 720 15
230 23 33
1240 260 1
28 1127 8
558 1407 2
59 654 5
1247 1371 33
449 1367 2
1126 291 7
635 1491 5
240 197 8
1377 83 7
184 605 57
1354 254 12
515 1000 1
314 1333 2
216 678 2
912 229 2
774 53 2
702 41 74
894 166 2
889 739 27
265 241 30
1371 1457 30
297 338 5
258 851 30
808 1291 14
208 102 7
759 233 27
995 1455 33
631 159 1
1106 717 2
199 476 2
983 1402 44
1205 13 2
1210 391 7
720 850 1
1436 479 2
190 116 2
1106 1009 2
409 26 2
295 62 2
86 891 8
118 743 5
35 265 1
1436 433 7
933 1015 36
1211 1405 2
647 273 8
1106 282 23
278 774 2
514 1110 2
1117 1578 5
1497 739 67
626 104 2
1081 1295 2
1056 320 6
157 1024 2
945 201 12
1126 1282 30
1404 309 33
873 415 44
374 360 2
1383 908 7
1383 1304 7
493 265 6
371 568 7
1075 231 2
933 433 7
270 1036 2
4 1305 6
901 1315 5
1525 998 2
1461 880 15
703 981 2
372 848 7
21 1004 27
479 652 2
1461 834 20
978 398 30
784 310 77
1495 829 2
171 28 8
928 779 2
495 37 8
1146 21 7
159 219 2
1500 1284 2
116 627 6
1480 1404 2
371 833 8
674 1173 2
565 1133 2
594 1322 13
491 685 8
907 605 2
470 620 2
470 183 1
613 265 8
1313 697 14
579 614 7
564 1496 2
1037 647 2
1036 322 2
470 912 2
592 533 3
143 891 8
451 1416 2
730 320 19
1225 823 48
1003 933 2
440 32 2
744 674 1
322 1554 7
449 387 8
1161 39 8
1232 114 48
551 938 2
211 1377 8
774 1077 2
512 392 36
323 726 7
89 888 2
952 362 31
779 86 2
1340 1129 7
1069 31 30
1567 523 23
476 1455 30
837 1210 6
346 32 8
311 890 2
380 1304 5
999 766 8
869 922 2
922 287 30
626 1196 2
552 37 8
1443 562 23
1210 1311 7
148 1377 6
721 1449 27
981 266 7
880 0 7
401 1388 7
285 891 8
880 1125 8
1338 424 8
395 662 2
269 988 2
454 986 41
1183 627 7
676 998 29
503 804 2
176 607 7
402 83 8
1061 452 12
843 360 2
265 1298 7
191 600 44
502 60 2
1394 391 27
192 330 8
1117 139 5
862 75 59
681 1132 0
1291 116 7
601 1210 7
601 814 7
487 891 8
1372 795 7
449 796 2
455 1377 6
762 1315 5
978 922 30
155 160 33
191 810 15
468 1016 12
145 563 2
495 957 8
457 862 2
592 1188 2
867 1315 5
1160 952 33
523 489 15
923 884 2
21 1062 8
1554 1105 0
1375 833 7
829 3 8
167 908 8
907 1629 2
829 341 3
476 155 2
485 114 8
29 1128 8
925 1292 33
31 1144 44
1221 533 5
1479 531 2
1172 97 8
667 704 2
112 1075 2
1481 1059 7
1566 1430 57
189 489 6
1031 922 2
913 230 2
211 800 78
1291 772 14
1036 1242 2
558 1352 2
1266 766 8
1468 605 7
552 446 2
311 1253 1
787 510 7
795 167 8
695 937 8
875 43 6
631 720 15
637 146 5
347 716 8
417 774 27
901 766 7
891 338 48
360 519 35
1230 1491 7
791 424 2
108 908 8
995 1381 7
1321 320 6
759 1342 7
681 54 8
657 23 33
1225 72 48
297 1495 2
922 915 30
322 1044 69
979 762 2
211 626 8
872 900 2
734 1120 2
1075 1555 2
1408 293 0
590 866 36
860 1581 8
401 751 2
849 652 2
982 1161 8
494 702 12
823 926 15
32 139 5
976 552 2
834 1150 7
69 707 2
698 1070 5
599 702 12
439 952 30
23 700 32
1262 1289 36
157 677 2
297 1381 7
69 702 8
592 1213 6
558 658 0
335 766 5
499 983 33
619 48 27
1283 888 23
1050 93 1
29 1491 7
923 1580 2
1404 901 2
442 1578 5
938 1036 2
494 1305 8
1303 454 7
666 754 5
813 913 1
1302 147 8
1283 1443 2
31 831 2
1540 341 3
1282 681 1
606 893 2
126 191 2
1383 785 7
480 823 2
925 1428 2
988 983 30
468 717 2
213 506 6
228 795 7
201 755 5
907 258 2
594 917 8
428 883 16
540 995 1
1313 350 14
565 1078 2
290 1500 5
1044 501 38
138 48 7
1026 1230 2
238 667 27
220 603 2
688 541 2
581 1075 2
1020 265 8
688 145 2
1131 1230 2
917 1581 8
1391 1377 8
1136 1054 7
463 675 2
1371 75 3
1540 1335 5
1304 585 5
542 627 2
653 229 33
547 551 2
1499 1443 10
98 909 7
1333 1491 7
550 297 2
1126 796 7
883 1354 2
514 293 0
435 1583 8
1346 216 2
541 229 2
1360 891 8
311 497 7
1210 568 7
1292 844 31
643 792 6
514 1355 2
1092 610 2
1533 945 1
1023 32 8
437 1296 8
761 1305 8
720 1418 7
721 1394 27
1128 32 8
766 22 8
1200 297 8
234 1335 5
913 910 5
514 1287 2
415 482 8
646 102 8
177 626 8
494 1291 33
626 677 2
612 789 2
374 933 2
599 1291 33
706 1228 1
35 1161 7
273 563 2
1547 21 8
118 753 2
159 500 2
159 104 2
369 545 2
599 330 8
750 384 3
263 512 2
266 458 33
33 722 2
727 160 33
21 616 2
1171 1127 8
1251 1328 2
677 920 1
586 623 2
1047 325 2
1500 150 2
341 981 2
447 1567 2
1008 751 1
1210 958 5
372 83 8
218 1053 2
349 1443 2
1479 476 2
1467 329 1
320 824 6
744 1247 1
1210 1327 6
623 1118 5
1354 528 2
671 675 2
889 1047 2
1076 98 30
325 212 2
894 1367 2
107 627 8
416 1081 2
80 763 7
1000 89 2
1329 80 7
997 297 7
713 293 0
297 373 6
435 796 59
787 32 8
217 789 8
1184 1057 57
1443 732 7
197 1161 7
1443 1070 2
325 581 3
84 1388 2
614 1243 5
404 1303 2
761 330 8
534 552 2
191 949 44
118 341 5
69 360 2
530 62 2
29 338 5
499 1351 2
1081 857 2
1313 1310 7
702 1109 5
324 1500 30
451 607 30
850 31 2
159 1196 2
671 1292 30
713 1287 2
374 1561 2
1375 412 5
503 981 2
1061 1409 2
36 476 2
1394 672 27
268 929 7
252 479 27
190 37 8
477 987 2
594 247 2
33 1418 2
265 1475 7
32 57 6
9 1561 1
90 1465 5
1436 296 8
543 829 20
401 920 2
582 829 2
736 390 8
25 888 2
720 1396 8
28 296 7
573 428 1
1302 92 8
143 265 8
913 929 7
915 1404 1
692 1062 6
340 1283 7
468 266 2
565 335 2
252 34 53
582 1053 2
1567 187 1
922 1163 2
702 432 7
819 129 8
217 1198 2
125 891 8
232 654 2
653 993 2
254 610 75
558 853 12
592 1094 50
455 216 7
789 952 33
633 1184 6
240 324 2
849 750 30
799 834 8
804 1550 8
646 1161 7
231 360 2
381 1500 30
551 140 2
1487 908 8
761 594 1
199 770 2
900 1037 2
854 434 1
78 1416 2
217 1125 8
1000 717 2
576 627 8
329 812 2
1304 863 6
555 166 2
183 1416 2
70 548 7
281 569 27
988 1299 2
1120 114 8
988 903 2
1110 879 2
620 1333 2
1315 706 52
1443 983 33
1533 494 1
168 880 33
190 1030 2
347 301 14
977 558 2
327 160 14
1438 98 8
160 546 2
14 713 1
913 855 5
309 652 44
506 1296 8
145 1436 2
1405 219 2
784 896 77
273 216 2
1394 1196 27
1460 1230 20
1460 834 20
849 1449 2
127 662 2
492 80 7
800 1491 7
703 1161 7
265 833 8
23 942 2
1353 779 5
1541 766 8
435 938 6
235 804 2
575 360 2
1259 201 2
914 1375 27
1251 201 12
891 1062 6
1291 597 44
119 891 6
491 812 2
981 68 24
795 1395 7
907 1181 7
746 1059 5
267 28 8
198 785 1
900 1395 7
506 303 20
1483 1173 2
563 582 2
438 1210 7
917 160 2
676 1404 2
1377 937 7
454 938 2
98 1550 7
114 882 2
910 770 2
1126 1437 7
440 258 2
555 1258 2
692 789 8
320 373 6
692 393 8
923 310 2
792 32 7
248 466 75
657 1292 33
777 1305 8
804 471 8
592 51 50
635 657 1
1014 21 8
1221 1125 7
524 480 2
80 312 7
1289 61 15
759 882 2
217 384 3
1214 1181 7
28 1314 5
1471 402 59
74 297 2
872 894 2
541 1292 14
289 662 2
627 1252 2
1337 424 8
253 658 0
302 1106 7
841 681 27
623 104 2
865 1062 7
273 1496 53
368 610 30
913 841 30
1227 297 8
868 750 2
390 959 8
839 1406 2
86 330 8
747 1000 2
981 762 2
117 750 30
159 1141 2
667 1131 20
294 1305 8
939 603 6
297 916 8
162 491 2
253 1418 7
1394 221 27
494 512 2
167 1161 7
599 512 2
761 1315 5
1284 993 2
268 1207 8
582 1375 27
29 1381 7
439 774 30
601 1436 7
369 722 2
582 774 2
317 990 5
549 465 62
388 114 8
856 52 8
1302 37 8
1225 345 0
201 353 5
252 648 27
1171 97 8
255 555 2
594 119 8
1176 21 8
841 627 8
1122 1375 27
1500 723 2
453 1340 2
1493 1333 2
374 998 29
1160 118 2
218 1230 2
623 641 20
388 70 35
665 252 2
891 357 1
1042 114 2
242 70 79
401 1289 36
1446 1561 2
795 685 8
610 1102 5
900 685 8
880 1260 2
1567 397 2
759 1510 2
880 1214 7
1443 1351 2
1225 298 48
208 611 2
886 297 8
393 382 62
281 514 27
1377 1335 5
555 502 8
183 1315 7
317 646 8
70 831 2
116 60 55
362 454 71
1555 1033 2
592 1070 5
159 1062 6
531 983 2
1101 466 75
1081 1138 2
913 1073 30
996 1305 8
995 269 8
1394 917 27
1053 412 5
623 1024 2
102 418 30
160 199 2
424 44 8
1141 1210 6
655 114 8
154 1449 2
189 330 8
945 360 2
306 40 8
841 1036 2
956 1581 8
28 937 7
252 1052 27
503 347 2
626 1062 8
514 554 23
1352 311 35
47 114 8
860 32 8
262 1037 2
1305 83 8
56 476 30
694 751 1
137 1305 7
164 908 8
23 1283 2
774 1152 26
470 463 2
309 1292 30
349 713 2
259 70 2
654 1431 57
239 325 2
1252 360 2
722 80 8
447 1561 2
820 1581 8
138 216 2
880 1623 1
917 1416 2
1364 834 2
555 136 6
519 1443 1
1160 31 33
454 91 2
555 824 6
879 1608 2
981 1437 11
307 347 2
592 368 30
359 453 34
1230 1080 2
576 908 8
1254 891 8
627 99 0
1315 384 5
1352 614 7
1106 1480 2
1264 453 35
988 1184 2
555 1135 2
917 32 8
762 1388 7
367 1289 36
647 1041 2
291 889 2
867 1388 7
514 1243 7
416 611 2
1554 1574 2
1436 882 2
626 1367 2
951 915 21
534 1357 2
1380 829 20
1210 1086 7
800 1070 5
1402 735 6
1046 146 5
1565 692 19
411 1033 2
849 1402 2
692 622 35
1084 347 33
588 743 5
1204 1305 8
618 1187 7
512 543 2
398 183 2
160 723 2
166 681 27
1053 108 1
618 1525 2
347 485 30
176 428 2
1416 1330 2
734 199 2
157 1381 7
872 766 8
360 479 2
527 390 8
1540 1217 8
499 89 2
1548 437 8
603 497 2
360 433 7
1394 166 27
437 1456 30
439 31 30
241 1554 1
56 1500 30
594 137 2
944 437 2
52 147 8
758 70 35
693 1333 2
161 83 8
1438 1315 5
366 1371 2
1246 647 57
297 793 8
1303 330 8
154 297 8
125 458 2
563 1223 2
586 453 2
923 1055 2
923 659 2
1284 998 29
383 1448 30
800 335 2
940 643 7
1509 784 19
341 1161 7
1079 1291 30
255 891 8
255 495 8
125 390 2
502 160 30
265 1340 30
667 433 7
501 21 8
1359 31 33
913 355 7
552 617 2
913 693 2
654 434 1
80 1349 7
322 692 2
45 191 30
228 504 2
314 1053 2
900 239 2
889 1565 2
889 1169 2
638 667 27
662 833 2
217 228 2
809 624 30
1106 901 2
398 983 2
995 883 33
981 336 6
435 730 8
325 324 7
330 685 8
960 1000 1
69 190 2
551 68 24
720 174 1
1308 779 6
623 677 2
390 1199 7
1081 1479 2
1413 766 7
702 1335 5
1304 726 7
1443 873 33
1000 971 9
390 1491 7
557 98 50
1446 998 29
1303 297 7
495 1491 7
365 681 27
1459 1371 30
563 1207 5
154 998 2
979 365 2
926 1005 1
1533 24 1
557 390 50
663 491 5
603 729 2
1496 1596 38
252 1393 27
610 20 2
380 1436 2
1436 423 2
707 189 27
270 360 2
611 1191 2
1173 537 12
1328 440 35
522 891 8
713 1445 2
741 1291 14
191 851 30
829 433 7
797 1315 5
993 704 35
372 568 7
759 3 8
759 341 3
707 831 2
31 606 2
834 1482 8
626 147 8
988 362 30
626 881 3
841 908 8
1391 829 2
1039 1405 2
772 612 77
1161 1097 7
750 1194 30
1516 551 2
1350 681 1
852 1448 30
819 355 8
1133 133 7
565 807 7
1117 1536 7
220 774 2
472 1305 8
779 1243 7
454 140 2
98 752 7
453 206 2
344 265 8
641 1405 2
449 112 2
551 762 2
551 366 2
1289 1330 15
552 1199 7
442 722 2
695 75 3
555 1148 2
878 913 2
952 855 5
551 1054 2
325 1457 8
647 986 53
311 736 7
107 1377 8
653 1443 2
369 309 30
919 160 2
601 1315 5
1221 665 2
303 252 2
309 1567 1
1455 31 2
825 1225 0
555 1080 2
555 684 2
449 39 8
311 318 2
563 341 3
447 998 29
76 208 2
1394 1198 27
1076 681 27
406 320 7
158 1328 7
158 891 6
1402 284 6
1436 1515 2
181 891 8
1321 114 8
945 933 2
986 1590 38
618 1132 7
398 524 2
543 1292 14
1540 433 7
483 311 1
993 65 8
922 272 31
999 1091 77
568 489 6
1132 1225 0
373 76 7
382 728 7
1053 26 2
48 1008 39
1025 1061 2
933 1109 7
157 92 8
33 497 2
750 1325 5
707 148 2
28 172 8
360 648 2
138 893 2
1259 323 2
348 542 2
903 667 27
211 588 78
1377 1127 7
763 1315 5
829 119 8
301 1091 77
301 695 77
29 848 8
574 584 2
917 1496 69
922 706 2
28 104 8
1554 81 10
238 819 7
918 216 2
999 458 1
80 1002 7
344 1581 8
672 1036 2
437 1480 2
563 1054 7
844 50 71
1025 611 34
981 57 6
250 52 8
333 1305 8
106 998 29
451 453 2
1164 75 3
624 823 30
865 1153 52
286 809 1
112 326 8
592 173 50
62 994 37
889 1510 2
905 504 2
789 31 33
877 1404 2
1371 830 30
988 154 2
1318 1181 7
900 179 8
613 779 6
1136 119 8
322 569 2
618 1536 7
634 489 6
1294 1225 0
317 244 8
981 718 7
1110 21 8
713 0 0
620 480 2
107 626 8
608 770 2
514 1439 33
922 584 41
1404 397 2
1333 848 8
934 159 1
584 191 16
1500 911 31
871 663 8
604 1126 2
945 1561 2
398 1152 2
45 611 2
1397 565 7
507 1583 8
581 424 30
603 778 2
466 863 6
692 613 6
177 114 8
1042 681 27
707 844 2
32 228 6
1394 739 27
518 54 8
708 732 7
988 375 30
1044 1600 38
470 1623 1
1284 888 23
699 1106 2
582 954 7
271 981 2
1039 662 2
457 1210 2
626 92 8
999 340 77
692 837 6
454 1418 7
988 307 30
760 990 5
923 1628 2
913 1042 2
22 191 2
1041 114 2
1480 458 33
1258 1449 2
565 798 2
229 287 2
217 577 2
28 1128 8
98 697 7
661 834 2
889 1450 2
1454 611 2
70 1084 1
366 229 29
253 479 19
1324 325 1
547 667 2
190 581 2
702 771 75
110 829 19
657 702 12
808 1292 14
1449 88 2
495 1070 5
995 1456 33
372 215 5
421 889 2
555 728 8
1418 667 27
602 1289 36
1228 1458 7
526 889 2
303 588 8
66 667 27
1502 1225 0
846 875 6
182 1135 2
780 31 2
1210 684 7
1446 888 23
861 1106 2
707 101 26
1098 229 33
494 1388 7
504 471 2
671 382 8
381 1354 2
1209 390 7
599 1388 7
1351 311 35
504 763 2
1303 870 7
1283 1567 2
1404 537 12
297 167 8
438 952 30
55 766 8
636 28 8
266 1357 2
769 834 8
297 63 8
1394 1367 27
381 692 44
1371 1491 7
731 297 7
1322 1126 14
1172 808 7
390 376 3
1279 216 2
681 109 0
479 607 7
159 220 2
33 150 2
507 40 8
421 750 30
317 533 5
836 1161 8
956 32 8
1259 372 2
128 1405 2
127 369 2
265 936 8
569 1578 7
272 1190 55
1247 1404 2
338 1305 7
365 908 8
118 697 2
453 883 2
337 707 27
449 393 2
98 1325 7
1036 219 2
1352 908 7
891 1544 2
1225 824 48
1126 1212 7
551 601 7
514 1105 0
442 957 7
1541 866 36
454 1005 2
281 1436 27
442 1295 2
147 987 41
160 911 31
1511 784 19
1561 1475 37
1351 614 7
1328 1384 7
454 1396 8
545 325 2
761 1388 7
889 1163 2
447 888 23
877 1057 2
1437 627 6
476 1456 30
880 803 2
1549 751 1
667 296 8
347 772 14
934 720 15
191 1389 7
1436 1062 7
1210 1307 13
330 179 8
519 555 2
657 330 8
228 31 30
1476 311 30
398 805 2
62 690 2
958 854 27
318 326 80
1221 1457 8
436 1291 14
750 462 8
541 1291 14
1314 191 33
1496 798 38
466 808 6
268 1086 8
1081 905 2
938 409 2
862 226 3
23 138 2
33 778 2
160 1267 14
879 1610 56
719 80 8
514 355 8
157 269 8
158 495 8
390 960 30
626 37 8
340 1003 7
337 647 27
1176 588 8
921 265 7
945 998 29
1428 990 5
829 296 8
1250 1328 2
569 936 8
1382 21 7
491 3 8
253 147 8
338 330 7
1355 1328 2
570 766 8
80 846 6
800 848 8
88 340 5
653 713 2
371 83 8
449 917 2
176 1616 41
80 1138 6
995 781 33
205 766 7
325 664 2
654 802 57
1251 297 2
1136 1156 8
322 476 7
1251 893 33
1342 770 2
551 256 2
383 191 30
998 1389 7
1305 1327 6
894 112 2
592 350 50
390 1097 7
98 178 7
441 21 8
1555 1496 53
1284 1554 0
390 1389 7
211 627 8
552 1062 8
388 325 1
555 277 8
70 606 2
1421 1418 7
159 837 6
1173 445 0
530 118 2
1198 569 2
1081 1309 2
1526 1418 7
1536 252 52
863 891 7
620 1449 2
620 1053 2
333 1315 5
1304 556 7
158 489 6
267 1405 27
146 721 1
820 372 1
627 298 7
871 1236 8
880 47 8
1326 32 8
1404 1262 2
607 1445 2
618 672 2
133 338 5
1416 873 2
1053 189 27
329 519 35
455 531 30
252 1223 27
1075 177 2
552 441 0
829 1393 2
252 1515 27
508 833 8
1230 810 15
860 495 8
1173 36 33
266 191 33
1448 460 30
508 1125 8
475 504 2
1037 369 2
367 766 7
1292 1556 44
830 70 2
361 594 2
26 804 2
1540 296 8
978 240 30
575 681 27
240 844 2
362 424 2
415 1187 5
1259 317 2
498 21 8
1044 1550 8
552 1097 7
1253 1567 2
1402 808 8
723 891 8
442 620 2
834 37 8
819 86 2
795 1156 8
688 542 2
229 1256 2
1304 550 5
1483 893 2
226 854 27
1567 1264 2
1037 588 8
265 883 30
922 200 2
546 681 1
689 326 7
899 371 7
555 978 2
322 1500 7
770 1005 7
85 862 2
905 667 27
551 488 2
437 974 2
170 603 6
369 535 30
1106 1359 2
623 824 6
1525 1609 47
238 390 8
1308 1305 6
421 774 2
800 97 8
894 298 7
1449 661 2
805 21 8
635 377 1
57 1315 6
530 1106 2
315 480 2
491 519 35
541 626 2
986 1592 38
910 21 8
1506 720 15
879 1607 2
1447 1371 33
1533 550 1
804 1335 5
76 726 2
631 1421 1
1291 362 31
941 808 6
402 97 8
504 648 2
390 684 2
23 646 5
1047 667 27
524 424 2
177 627 8
494 1292 33
1082 60 2
512 714 2
195 90 8
14 1061 1
277 1000 2
706 891 6
503 750 2
383 1190 2
237 1357 1
784 1640 77
727 229 33
476 1480 2
623 147 8
1329 70 35
252 540 27
1081 116 7
974 1292 30
1129 174 1
1172 1381 7
265 1577 8
297 1198 54
854 59 8
604 552 2
1493 829 2
439 98 30
142 763 2
1053 148 2
325 513 26
1526 244 8
1561 441 0
915 1173 1
692 39 6
471 988 2
1079 774 30
556 1567 1
127 1292 7
1465 845 5
1250 201 12
681 638 27
442 101 26
917 216 2
49 1554 0
743 555 30
852 1044 41
253 92 8
575 1036 2
1140 512 2
1035 507 8
713 1207 8
555 1227 6
1214 1305 7
449 1258 2
1079 880 1
415 436 5
926 732 60
452 610 75
995 726 33
800 37 8
569 813 8
552 387 8
430 159 2
1570 1097 7
221 889 2
217 399 2
1044 125 40
1570 1389 7
88 1033 2
880 1376 2
900 743 3
435 213 8
908 471 8
189 1388 7
1100 62 2
1019 1377 8
1326 1315 7
99 390 8
650 1581 8
78 325 2
294 1388 7
555 222 8
297 1395 7
1177 1405 27
133 59 5
1402 1138 6
852 1362 2
952 226 5
1281 1388 6
499 1352 2
1533 263 1
1198 514 2
292 1053 2
72 102 8
1080 114 2
145 80 1
191 228 8
1053 1298 7
1459 750 30
514 209 2
879 950 14
939 1388 7
823 1567 1
841 360 2
41 751 7
1537 167 8
255 1075 2
718 893 33
1036 513 26
1298 80 7
1055 750 7
756 32 8
259 454 33
1053 1568 2
656 347 14
266 491 2
920 904 58
31 777 2
31 381 2
55 588 8
125 1315 7
913 493 6
238 681 27
340 1284 7
584 643 38
730 330 8
145 1033 2
707 898 2
1383 627 7
1402 65 8
483 114 8
464 623 2
213 1181 7
1225 1422 1
565 628 2
565 1024 2
531 960 30
1382 594 7
702 433 7
135 424 8
558 883 33
888 184 5
889 638 27
1029 922 2
507 1453 1
696 98 8
438 875 7
524 720 15
442 497 2
111 1291 14
193 70 57
981 1203 6
718 880 15
681 1384 8
906 98 8
1242 114 2
952 205 14
597 70 35
894 289 2
996 1388 7
623 373 6
906 390 8
1404 445 0
190 1495 2
713 1214 0
1304 1197 7
1225 250 48
635 718 1
834 1314 5
995 685 8
1003 360 2
648 1581 8
1221 1128 2
546 157 7
744 789 1
1443 388 2
1210 910 7
1053 101 26
850 1416 2
117 191 30
190 1031 2
402 88 3
865 39 7
160 1556 44
720 1265 1
402 42 8
707 223 26
399 647 2
759 479 2
768 834 8
507 42 8
28 1389 7
880 958 3
1209 908 7
98 1518 30
1520 770 2
1552 355 8
387 891 7
1337 692 55
1302 789 8
1458 1291 30
262 656 1
747 1061 2
1054 1436 2
1183 518 7
116 159 20
455 1500 30
652 139 3
734 315 2
552 1014 0
1196 891 8
468 1359 2
1169 1230 2
315 750 30
1405 116 2
32 150 2
1460 347 30
258 1345 2
227 594 1
263 62 2
489 208 2
1510 804 2
349 1061 2
33 272 2
42 627 8
495 848 8
899 720 7
21 166 2
360 423 2
586 569 2
855 1496 5
563 902 1
369 97 24
1377 1298 7
454 903 2
588 1097 7
491 808 8
1224 1567 1
1304 1227 5
101 893 2
1024 834 2
891 290 32
151 70 35
218 603 2
324 1585 2
210 829 2
817 80 8
681 1329 2
453 609 2
195 285 20
364 390 8
805 766 8
518 533 5
696 330 8
563 479 2
265 1456 30
1036 1133 2
910 766 8
555 1213 7
563 433 7
736 1081 6
770 1578 7
349 611 34
1568 514 2
1144 424 8
894 917 2
435 54 59
837 1000 5
570 588 8
139 922 30
1450 114 2
647 1493 2
217 47 8
1408 1517 5
1204 1388 7
1221 1418 7
519 453 2
641 33 2
592 1073 51
420 1449 2
988 221 2
641 424 8
879 577 2
1171 338 5
922 806 30
1439 922 2
1443 236 12
156 766 1
510 916 48
1313 568 7
330 743 3
592 609 51
74 626 2
499 901 2
485 1375 27
263 466 2
191 277 8
428 724 35
195 663 8
309 627 8
62 812 2
338 23 30
1230 251 55
514 550 2
1284 347 33
475 667 27
369 1479 2
1295 325 2
33 1364 2
209 611 35
1061 1251 2
712 839 7
988 546 30
216 375 30
157 104 2
1561 384 5
438 31 30
1287 1428 2
1292 758 44
246 614 7
1008 1388 7
618 139 3
699 1173 2
558 1251 2
988 1200 15
449 1211 2
707 1239 2
95 627 52
325 183 6
265 83 8
476 674 2
1451 766 7
594 808 8
1283 998 29
582 702 8
565 1198 54
627 822 9
588 59 8
1160 114 8
253 322 19
876 23 5
922 1401 2
1220 506 6
1025 80 8
322 265 6
359 495 8
913 1041 2
369 1340 30
98 450 2
692 3 8
1215 555 7
442 833 8
823 784 14
1304 850 7
1449 259 2
1221 47 7
859 1033 2
1446 347 33
291 262 2
1500 1341 30
563 119 8
789 265 8
869 70 2
750 1384 8
951 684 21
173 258 2
1210 459 7
1210 63 7
311 726 2
1215 779 7
437 791 8
506 1310 8
926 1184 1
35 770 2
721 889 27
191 212 44
1570 228 8
1075 763 2
642 21 8
152 480 2
43 102 7
183 1581 8
618 898 2
618 502 2
489 1153 6
297 239 2
480 722 2
1284 1371 33
1537 1578 3
157 1488 2
4 1081 6
544 1448 30
603 1077 2
265 487 8
998 1317 5
1554 444 23
1173 1322 13
627 789 8
941 1004 8
605 848 7
23 1284 2
928 159 2
1173 950 33
1527 32 8
489 1418 7
1172 916 8
941 1296 8
944 102 2
475 626 2
489 1360 2
1367 854 27
647 671 30
454 556 2
524 347 30
9 360 1
241 854 7
337 190 27
18 891 8
1377 1243 7
1535 880 20
994 1280 57
442 1138 2
32 22 8
1470 1083 7
1304 776 5
914 360 2
210 1375 27
449 168 2
1031 70 2
1000 1359 2
360 341 3
1069 667 30
447 347 33
913 66 2
234 90 8
1482 766 8
784 204 7
437 1200 2
770 1523 7
1210 863 7
607 513 30
894 1258 2
1121 1333 2
255 1304 5
855 1375 27
900 3 8
880 974 2
880 578 2
900 341 3
1446 1371 33
647 1042 2
83 603 2
368 624 30
1081 1417 27
25 70 35
81 229 33
995 152 33
579 611 35
360 1335 5
1554 1191 12
334 390 8
981 1 6
58 889 2
600 891 6
686 607 5
1126 928 45
981 730 7
1075 1391 2
395 834 2
373 1081 52
382 1248 7
311 1455 30
628 662 2
759 1052 2
611 236 2
1 1305 6
993 855 3
900 1335 5
856 1377 8
62 419 7
1292 1131 7
1397 681 7
325 203 70
603 498 2
1171 1381 7
913 1325 5
133 260 1
494 62 2
1076 360 2
33 1309 2
1405 689 2
506 163 8
1376 908 1
599 62 2
829 581 3
623 269 8
255 569 2
1539 766 8
594 92 7
450 1567 1
178 114 8
582 382 7
85 1190 41
713 1110 2
588 1342 7
1461 265 15
340 486 7
1421 1578 5
825 891 8
912 1375 27
454 1184 2
922 1122 2
591 23 33
28 916 8
531 1268 5
1224 1126 16
594 65 8
913 762 2
1079 1292 30
333 1388 7
160 1341 30
913 716 7
854 1325 5
594 357 8
593 32 8
885 415 1
674 558 2
325 1004 27
187 70 35
823 114 8
913 986 53
265 1341 30
189 265 6
217 693 2
28 848 8
447 1371 33
468 89 2
893 1606 2
670 1305 8
681 591 2
552 910 2
216 399 2
540 804 2
442 90 8
907 21 8
875 111 6
217 625 2
1230 2 2
519 688 7
217 958 3
69 551 2
1443 942 33
1253 998 29
1333 1322 13
988 794 2
70 381 2
842 1357 1
463 834 8
182 167 2
922 983 30
1210 112 7
21 115 15
184 1091 7
769 330 8
1570 277 8
160 758 44
1404 745 2
216 724 30
913 915 30
721 834 27
451 1126 30
1436 487 8
834 1556 2
369 1364 2
618 109 7
836 662 2
618 843 2
1458 889 30
627 1398 39
1496 1597 38
514 727 2
1500 1073 2
603 1418 2
741 1292 14
35 647 2
988 1119 30
1284 360 2
1173 1226 12
596 29 2
347 61 15
514 53 34
828 424 2
147 32 8
491 433 7
919 1567 1
468 3 10
856 626 8
361 369 2
759 296 8
205 32 77
928 891 8
596 574 44
1042 360 2
1036 1004 27
1494 156 7
569 1298 7
1487 766 7
917 1362 2
875 1203 6
106 311 2
878 1375 27
919 229 2
1228 1587 1
98 1045 7
1359 952 33
1036 335 2
361 588 8
114 773 2
70 1140 1
189 854 27
142 129 8
770 1176 7
1497 167 8
563 1156 8
1201 453 1
1371 97 8
1210 808 7
627 441 0
416 229 2
594 422 5
1533 789 1
614 459 5
1198 1436 2
1203 1377 6
417 555 27
729 854 27
1124 692 44
880 127 2
409 1131 2
759 773 2
295 160 33
81 611 34
200 258 2
1446 360 2
695 1070 5
330 3 8
273 470 1
330 341 3
1075 648 2
416 453 2
1436 1120 2
411 979 2
222 720 15
627 1097 7
507 852 59
766 90 8
281 23 2
977 681 2
183 160 2
871 36 8
1326 435 8
601 707 7
530 98 33
297 416 2
606 981 12
626 1578 3
205 50 14
626 1141 2
1404 950 33
952 471 7
1394 112 27
272 252 2
775 1490 5
1172 1156 7
941 1577 8
713 367 2
330 1335 5
1515 504 2
593 1315 7
428 546 35
594 37 7
29 917 8
1146 766 7
81 265 15
255 514 2
688 576 1
944 675 2
32 663 8
33 498 2
392 495 8
317 881 5
770 1102 5
915 552 1
563 1565 2
563 1169 2
498 424 8
939 800 8
1377 1128 7
494 330 8
1250 360 2
9 933 1
569 661 2
13 1418 7
555 739 27
605 83 8
81 489 15
464 458 2
1395 114 8
563 1393 2
314 707 2
1455 1416 2
434 28 2
792 889 2
558 742 23
922 704 30
900 226 3
894 1097 7
993 1344 37
209 908 7
507 95 0
1009 908 8
1198 854 27
1136 808 8
526 262 2
981 661 2
1443 858 12
156 1388 1
306 1310 8
1297 1251 1
624 534 1
437 97 8
70 722 2
1394 516 27
1081 1029 2
576 98 14
409 88 2
1304 276 7
122 952 16
1075 1568 2
377 1443 2
877 21 8
951 441 0
52 393 8
823 258 31
913 3 5
369 1309 2
1537 384 3
27 1594 38
626 166 2
944 1371 2
829 46 6
841 531 2
49 229 33
655 297 8
1225 990 5
359 466 2
819 1243 7
1044 1601 38
440 1104 1
854 462 8
1058 159 2
703 647 2
23 486 2
1061 366 33
144 627 8
1129 1265 1
695 1381 7
111 603 52
719 32 8
363 888 2
893 743 5
922 1299 2
1054 114 8
262 464 2
1044 937 7
455 31 16
998 743 5
229 684 2
569 1243 7
724 750 30
875 856 6
800 805 2
804 189 27
241 348 7
341 424 7
676 552 2
819 197 8
223 70 2
645 1404 1
329 656 2
653 1061 2
1466 146 1
507 1187 0
1377 377 7
1179 50 71
790 605 7
442 272 2
552 1087 2
920 1439 14
795 808 8
1371 88 3
202 688 2
189 1190 33
1225 255 2
1253 888 23
190 582 2
323 392 7
437 793 8
878 21 7
1333 1212 7
430 854 2
900 808 8
980 1405 2
774 1035 2
565 1124 30
347 46 8
507 1452 1
1291 855 5
1081 619 27
191 704 2
1221 903 2
80 148 7
281 1033 27
759 322 2
631 453 1
391 1044 53
1210 685 7
653 611 34
530 466 2
1436 1169 2
1436 773 2
1125 893 14
437 1017 8
894 387 8
1237 720 15
829 1138 6
493 627 6
834 1062 6
875 75 8
627 646 7
730 514 2
759 249 8
512 434 2
159 289 2
36 1230 7
1177 33 27
1306 1305 7
723 1416 2
159 581 2
30 900 2
30 504 2
1033 1141 2
471 880 2
265 568 7
555 1138 6
476 1200 2
23 1114 2
491 656 2
268 355 8
454 584 41
1081 273 8
720 139 3
565 1495 2
311 485 30
698 419 1
1448 1204 30
601 922 2
1439 720 15
1448 808 30
384 1581 8
613 627 8
927 311 1
951 163 8
205 605 77
701 894 2
891 1176 1
195 524 20
907 607 2
468 1457 8
371 1127 8
899 891 7
1171 848 8
1480 491 2
340 376 7
1140 1292 33
320 613 6
829 65 8
1402 1156 8
442 1364 2
683 133 1
518 412 5
579 908 7
61 1421 1
1164 147 8
1170 1567 4
1047 987 44
1126 1213 7
1568 854 27
315 1000 2
1355 993 2
346 102 8
563 1437 8
85 1210 2
80 844 7
383 286 15
1114 1126 33
369 883 30
1210 1381 7
1025 453 34
627 1014 0
512 1415 37
1128 454 2
592 1179 30
1152 265 8
112 569 2
1247 21 8
880 1096 2
1136 65 8
681 116 8
289 1230 2
552 39 8
289 834 2
1280 153 5
555 384 3
550 998 29
850 216 2
82 80 8
847 424 7
864 891 8
763 922 2
277 1416 2
236 754 5
922 873 30
434 588 8
284 311 2
287 453 2
611 858 2
1124 311 35
436 1292 14
834 758 2
618 1310 7
195 438 8
470 903 6
42 1161 7
862 249 8
718 1328 2
1025 1225 0
154 889 2
979 256 2
1028 1449 2
1538 766 8
841 476 2
603 620 2
1540 75 3
491 1342 7
1394 289 27
1144 297 6
586 1436 2
750 861 30
1460 265 15
468 1047 33
829 324 7
1172 167 8
1458 23 30
703 988 2
361 1570 2
487 1581 8
1479 893 2
205 1629 77
499 622 34
1448 125 30
808 988 2
3 1059 7
707 722 2
1380 647 2
1354 653 2
650 286 15
1428 991 5
1375 1127 7
360 1217 8
1250 933 2
1460 489 15
804 1298 7
1354 945 2
226 1333 2
295 594 10
217 1211 2
240 45 2
558 1250 2
1301 1315 5
1483 558 2
1567 591 7
507 1132 0
435 1213 59
661 297 6
240 40 8
795 65 8
228 330 8
205 1059 7
689 32 8
981 189 11
1215 330 7
657 1428 2
160 224 37
1317 707 27
610 1566 5
76 167 2
1126 462 7
264 1000 5
191 357 2
309 1161 7
819 1578 5
409 729 2
728 52 5
1449 722 2
555 575 2
543 865 2
1106 309 33
1328 576 2
546 611 2
1108 21 8
603 1024 2
1416 942 2
485 506 6
531 1447 2
623 1196 2
1436 322 2
1278 329 1
514 637 12
409 661 2
1570 3 8
228 952 30
934 1421 1
157 971 2
618 673 2
562 720 15
922 156 15
518 1384 8
1518 1181 7
879 267 55
306 108 8
1515 667 27
252 1120 27
858 1428 75
30 449 2
1055 702 7
273 229 2
147 159 2
594 1279 8
1448 357 30
586 854 27
1037 662 2
329 568 1
1466 891 1
468 1407 2
361 491 2
150 98 2
350 611 2
1001 1428 2
127 607 2
598 390 8
442 1309 2
341 647 2
1408 342 9
1442 1106 1
207 920 1
1497 65 8
981 856 20
1164 92 8
238 360 2
1220 1305 6
903 804 2
681 1445 2
1138 1305 8
449 235 2
80 497 7
489 147 8
1044 172 8
1225 1062 48
878 1036 2
915 707 2
855 1044 5
1445 702 12
1145 627 8
1023 102 8
437 929 7
74 1375 27
1210 1326 7
69 1405 2
1221 1184 2
592 64 50
80 429 7
965 99 0
217 163 8
241 1292 30
83 774 2
1333 119 8
1084 191 33
185 21 27
988 45 2
1080 779 6
415 511 7
624 528 1
1188 908 7
391 1033 2
1397 133 1
1429 114 7
626 1097 7
1081 231 2
639 1371 2
279 829 27
229 379 71
750 116 8
369 178 1
504 1337 2
1172 1054 7
862 90 59
464 1315 5
69 21 8
871 158 8
754 502 8
592 136 6
852 667 2
601 829 7
435 1314 5
1357 1214 0
856 1449 2
14 1354 1
784 1641 77
506 42 8
592 824 6
503 647 2
872 834 8
252 541 27
252 145 27
531 341 3
337 1388 6
259 834 2
27 574 2
623 44 8
353 1408 1
359 952 33
508 47 8
581 667 27
98 813 15
449 1035 2
369 1131 2
340 657 7
934 607 2
713 554 23
126 1405 2
524 750 30
440 675 2
551 1243 7
371 97 8
1153 908 8
253 139 3
923 727 2
923 1123 2
614 215 3
62 519 35
56 952 16
900 479 2
282 265 15
565 689 2
98 296 7
347 1419 8
593 495 8
900 433 7
502 624 30
1126 183 7
1171 88 3
1354 530 2
80 1125 7
1362 1045 53
323 1301 7
596 1500 30
633 850 6
1436 1004 27
314 829 2
323 1197 7
201 971 74
519 468 1
586 1230 20
1308 623 6
330 1217 8
1297 789 1
1447 1404 2
1445 1291 33
894 350 2
1223 1075 2
986 514 38
82 262 2
652 116 7
194 48 2
406 779 7
297 1338 2
1183 1567 1
721 607 5
650 476 33
531 1100 2
531 704 2
1081 859 2
1548 1305 8
1304 502 7
1394 638 27
1313 1307 13
66 804 2
409 210 2
1131 60 55
834 1389 7
30 667 27
172 21 8
372 808 7
1098 453 34
263 1106 2
31 450 2
719 326 8
192 1371 30
590 1315 7
28 1054 7
252 1169 27
252 773 27
913 521 5
514 898 2
485 424 7
607 1287 2
647 68 24
552 3 10
444 265 15
784 562 77
1283 347 33
1407 751 2
1500 1140 2
510 1307 13
1405 177 2
912 506 6
605 568 7
681 0 0
453 272 31
1229 1125 6
982 1129 5
555 321 6
880 1325 5
119 265 6
533 31 30
1162 32 8
168 50 70
435 937 7
1428 1564 5
454 276 2
1207 531 5
907 893 2
905 681 27
674 1357 2
925 160 33
116 1581 8
774 1037 2
383 437 30
396 531 30
800 1381 7
702 726 7
605 833 8
341 988 2
1044 344 38
185 1449 27
766 938 6
1121 829 2
617 311 35
491 241 35
891 1097 7
98 820 7
769 514 2
563 540 2
692 59 8
80 46 7
907 424 8
317 1418 7
102 833 8
878 981 2
463 1305 8
440 216 2
1104 335 2
402 1381 7
981 1450 11
324 390 2
559 891 8
894 978 2
877 552 2
514 223 26
1481 588 8
57 865 6
650 216 2
1231 626 8
880 298 2
1190 1124 16
647 762 2
939 1315 5
1264 70 35
1225 939 48
719 252 6
191 1321 8
1291 581 5
1080 1161 7
524 834 2
140 766 5
468 658 0
398 368 2
506 929 7
1185 1161 7
913 1217 5
720 1266 1
499 670 2
865 728 7
313 40 8
1075 377 7
854 1384 8
1058 1081 2
933 1472 37
269 880 2
102 1455 30
698 1109 1
865 1457 8
957 998 59
1172 1395 7
195 36 8
1458 1292 30
1476 98 30
159 411 2
77 32 8
1177 551 27
617 614 7
171 908 8
503 988 2
1283 1371 33
348 782 2
909 1388 6
1337 70 25
806 751 1
276 908 8
265 1127 8
144 1377 8
205 435 77
462 1388 7
988 573 15
1030 1449 2
449 980 2
371 88 3
1229 46 6
675 730 2
451 1567 1
523 1057 5
1251 1567 2
390 851 30
371 42 8
586 70 2
996 1315 5
1215 829 5
814 1127 8
160 1457 30
421 1609 47
720 147 8
449 912 2
623 703 20
449 516 2
265 1457 30
526 1609 47
837 1465 5
170 98 30
667 492 2
1358 569 2
258 68 30
1428 417 5
652 1399 6
451 229 2
598 1315 5
297 284 6
168 603 6
1481 470 33
98 1124 44
607 861 30
330 433 7
1075 1515 2
528 1106 2
592 1074 51
592 241 50
532 390 2
995 208 33
750 366 2
555 173 2
686 1059 5
512 1310 7
1305 1133 2
23 911 31
1525 611 2
623 789 8
158 759 2
1075 90 7
510 929 7
543 390 8
32 1139 2
601 1402 7
45 1075 2
262 411 2
1416 368 2
784 254 5
1340 1315 5
505 191 2
159 1389 7
466 1327 6
360 1120 2
21 1213 7
1302 3 8
865 18 8
23 261 2
594 877 8
372 685 7
1262 891 7
20 1315 7
550 1554 0
988 1201 15
913 43 6
501 834 8
1047 504 2
237 552 1
1375 957 7
145 979 2
908 848 7
1027 1416 2
692 1342 7
750 915 30
468 901 2
787 702 7
1428 1509 5
454 221 2
1033 116 2
47 1554 0
605 90 8
1354 444 23
144 626 8
81 52 1
428 671 16
900 1052 2
106 531 2
779 568 7
1140 702 12
396 476 30
1121 1375 27
1362 930 53
217 1041 2
844 454 71
1333 1393 2
555 577 2
1253 347 33
674 191 33
286 810 15
1474 424 2
555 869 2
322 1333 2
458 307 29
216 1097 7
325 1079 2
695 88 3
1106 1250 2
1009 920 2
894 235 2
311 399 2
531 1345 2
1190 381 16
1317 829 27
390 1517 1
139 240 30
140 23 5
97 390 8
555 796 8
499 883 33
625 854 27
1445 512 2
541 908 8
158 320 6
514 1247 2
623 1026 2
847 1570 7
1184 804 2
1394 1211 27
554 880 15
616 325 2
372 1381 7
311 724 30
483 428 1
369 68 1
1540 533 3
784 447 77
269 424 8
118 389 36
261 98 33
1292 796 7
580 654 1
551 139 5
784 739 77
941 568 7
713 1439 33
1548 1315 5
594 1505 8
252 35 27
390 502 8
803 1126 2
1000 658 0
1044 693 38
1 506 6
993 138 35
1566 647 57
468 853 12
126 607 2
106 1181 7
1421 1243 5
795 1342 7
1377 848 7
454 849 2
362 1616 71
255 265 8
1468 114 7
1081 272 8
480 1340 30
217 66 2
1253 1371 33
917 102 8
591 453 34
1496 872 40
1358 514 2
108 21 8
563 1212 8
799 98 8
1140 1291 33
1354 24 2
76 1021 2
889 543 2
563 1108 8
799 390 8
1210 1156 7
1232 871 48
778 325 2
1035 330 8
911 834 8
141 1016 9
1261 80 8
285 1033 2
627 743 5
1570 1321 8
435 104 8
260 340 62
409 1479 2
759 1121 2
641 766 8
624 650 1
216 387 8
1177 900 27
1184 1036 2
1098 32 8
311 1403 19
463 1315 5
855 265 7
623 384 3
913 684 30
380 1375 27
980 424 8
1304 392 7
1284 1404 2
613 1161 7
754 728 8
398 873 2
217 1325 5
713 1575 2
1301 1388 7
842 558 1
191 119 8
195 703 20
558 99 0
1053 1131 2
870 90 8
369 1029 2
485 360 2
157 806 2
33 914 2
1210 42 8
1400 720 7
268 1550 8
1259 1532 2
582 325 2
1497 1342 7
32 620 2
261 62 2
161 377 8
155 229 33
531 919 30
1362 651 53
707 497 2
40 627 8
91 275 67
1257 21 7
28 917 8
449 1553 2
4 623 6
359 514 2
359 118 2
34 829 38
240 284 2
1383 518 7
464 514 2
680 1181 7
577 229 2
909 565 2
3 766 7
677 667 27
780 1554 1
912 707 2
654 1525 2
570 834 8
112 1436 2
893 1607 2
912 702 8
698 167 8
941 606 35
1377 97 7
1114 933 2
454 139 3
657 160 33
1210 181 7
1446 1404 2
1443 1274 12
880 1166 1
183 1496 53
859 979 2
424 59 8
713 1105 0
1304 1088 7
1449 497 2
834 850 6
563 65 8
555 350 2
546 48 7
1056 506 6
1110 766 8
981 1359 7
514 796 2
291 891 8
1198 1033 2
49 1000 2
1124 1448 30
369 619 27
594 1127 2
31 676 2
736 879 2
297 226 3
601 372 7
369 54 2
926 1062 1
829 1169 2
1375 101 26
228 891 6
1313 883 14
1357 293 0
128 834 2
297 112 8
605 1127 8
478 21 8
829 350 33
279 347 50
1053 83 8
435 1122 6
19 1581 8
240 912 2
454 502 2
772 510 77
325 658 0
912 647 2
835 750 2
1552 1578 5
256 297 8
359 31 33
447 1404 2
1158 114 8
713 355 8
774 1555 2
903 1371 2
329 1062 7
402 813 15
1201 435 5
1458 819 7
1483 1357 2
558 446 2
1020 626 8
643 929 57
1114 1561 2
454 726 2
1036 628 2
1120 702 8
1251 993 2
744 1084 1
1125 626 8
1082 829 20
56 31 16
933 704 35
281 1449 27
116 32 8
889 488 2
1098 1315 7
641 880 33
880 128 2
818 311 35
102 1457 30
692 241 35
857 1033 2
98 104 8
880 816 2
489 1399 6
684 1126 14
582 191 30
485 1305 6
1100 98 33
185 1230 2
168 804 2
981 722 2
62 433 7
1179 323 7
403 1305 8
184 13 7
552 925 10
285 514 2
390 460 2
981 676 7
1305 685 7
1075 1337 2
32 8 1
155 1061 2
737 252 2
241 1173 1
267 894 27
1313 355 7
618 1076 2
158 854 27
834 140 7
183 453 2
499 787 8
483 605 1
369 1078 2
347 724 30
1397 627 7
297 808 8
50 597 2
1437 369 3
1085 323 13
309 1305 14
1271 499 2
309 624 30
784 1312 77
33 859 2
1081 230 2
510 63 7
150 569 2
720 149 8
499 719 8
24 499 2
450 779 6
1436 75 3
475 804 2
1055 190 7
470 1330 2
710 1305 8
106 1404 2
1235 952 16
155 611 34
348 1232 2
750 513 30
519 893 30
64 98 30
1145 1161 7
435 43 6
565 172 2
994 647 57
1181 75 8
551 1310 7
912 360 2
347 803 2
654 741 1
707 1125 8
840 31 14
1029 70 2
226 1449 2
226 1053 2
791 610 2
369 1299 30
611 1499 10
1487 21 8
1321 506 6
431 732 7
561 424 2
592 535 50
80 1296 7
424 1342 7
768 1388 7
563 1389 8
849 191 30
553 1496 2
550 347 33
1126 646 7
1451 531 2
661 891 8
502 348 41
325 677 2
233 766 8
199 607 2
981 1418 2
880 1152 2
1443 200 33
1540 1491 7
1449 150 2
217 462 8
862 957 59
70 723 2
1098 610 2
867 594 2
70 677 7
201 970 74
614 88 1
652 958 3
620 774 2
563 1118 5
872 1305 8
870 1127 8
720 809 1
737 880 2
1230 167 8
190 471 2
934 453 1
820 489 1
582 633 1
69 424 8
502 770 2
1055 594 7
1385 787 22
1570 119 8
759 18 8
499 309 33
618 393 2
796 627 6
592 1227 6
1400 605 7
417 879 9
1497 836 1
836 504 2
537 660 5
707 1138 2
1141 667 27
323 1070 5
999 702 77
382 47 7
1129 1266 1
222 1421 1
1378 390 2
40 908 8
1382 834 7
702 277 7
125 1033 2
1313 36 14
601 191 2
718 297 2
263 98 33
1354 1001 2
454 109 7
143 626 8
1228 1601 1
1382 766 7
21 2 2
899 160 7
362 437 2
1371 1381 7
1468 1315 7
29 167 8
900 882 2
569 1577 8
1133 372 7
301 306 77
29 63 8
265 604 30
265 208 30
1000 1250 2
217 1163 2
988 1144 2
142 75 8
782 774 2
491 704 35
126 424 8
1025 891 8
1497 441 66
993 1418 7
1116 216 2
770 1414 7
878 360 2
1315 947 52
24 1225 0
265 536 30
418 1554 1
437 1086 8
307 531 2
1336 720 7
1546 1161 7
347 47 8
958 627 6
623 837 6
1080 603 6
854 1232 2
297 34 53
1023 114 8
409 1077 2
1297 277 1
88 80 7
898 32 8
603 1227 52
1128 114 8
1328 982 7
1554 732 7
1554 1070 2
1439 70 2
779 40 8
398 539 2
889 365 2
420 889 2
1380 325 20
928 652 41
1436 728 7
923 1578 5
654 255 2
253 99 0
437 1310 8
147 1075 2
727 1061 2
1163 1044 53
1448 877 30
504 661 2
1372 52 5
847 21 7
369 231 2
33 116 2
1050 1131 1
718 993 2
118 1344 37
620 23 2
377 297 2
227 766 1
122 98 16
693 829 2
702 1197 7
713 209 2
507 730 8
357 453 2
1034 158 27
871 1314 5
28 119 8
951 852 8
340 377 7
1206 720 15
727 611 34
1160 998 29
1044 296 8
418 437 30
1497 855 3
314 325 2
923 447 2
1457 1567 1
829 203 70
372 97 8
565 112 8
917 229 2
98 1619 7
581 114 2
1502 23 33
453 1073 2
805 834 8
360 546 35
507 109 0
894 739 27
1137 1305 8
1351 908 7
104 504 2
804 936 8
1451 476 2
551 1525 2
78 114 2
369 780 30
1106 397 2
1315 264 52
922 942 30
492 201 10
865 1199 7
330 937 8
992 32 8
88 1104 7
309 476 2
69 442 2
1231 114 8
995 671 33
1443 1480 2
246 311 35
297 1058 2
1443 753 23
1554 983 33
993 1396 8
729 759 2
603 689 2
372 533 1
616 1075 2
42 766 7
360 1472 37
562 489 15
879 671 14
618 0 7
543 160 14
1363 658 0
142 1076 2
707 1479 2
227 998 1
505 258 2
952 1337 7
35 142 2
1181 820 8
586 1333 2
336 1388 6
337 1405 27
23 36 2
1485 1404 2
52 167 8
1448 126 30
919 1161 7
766 393 5
939 1374 8
980 480 30
1240 568 1
1358 1436 2
988 203 41
1540 1070 5
1058 32 8
148 891 8
148 495 8
1154 32 8
569 1131 2
347 1376 2
674 681 2
565 1037 2
285 21 20
135 437 8
327 28 2
1258 80 8
1402 138 35
217 1207 8
418 1567 1
309 1230 7
58 1609 47
1137 330 8
681 1110 2
871 937 7
1451 1500 2
442 213 8
1548 1388 7
362 987 71
311 232 7
778 1075 2
510 338 5
1210 303 7
1081 855 5
396 31 16
13 999 19
307 476 2
1047 1292 30
1196 854 27
1221 849 2
584 1126 16
191 1437 8
388 614 7
506 1482 8
499 950 33
544 1292 30
420 834 2
1126 1194 30
84 323 2
1210 527 7
116 286 15
739 424 2
493 865 6
1077 1405 2
98 1239 30
216 1139 30
727 610 2
159 27 53
759 533 3
176 265 2
942 1371 2
982 437 8
784 910 77
524 191 30
22 1126 2
872 1315 5
685 779 6
167 588 8
491 1389 8
588 1224 2
720 39 8
499 213 8
834 341 3
1053 210 2
605 1307 13
118 1062 7
916 908 8
1179 692 71
1166 766 8
442 914 2
1497 462 8
457 766 2
463 1388 7
454 974 7
792 114 7
32 90 8
491 1217 8
1201 265 5
453 726 2
923 783 8
424 153 1
372 42 8
265 781 30
1003 1173 2
941 960 35
647 1236 7
1497 1014 66
323 570 7
569 83 8
869 1230 2
1003 458 33
917 50 70
531 700 32
1075 897 7
1305 938 6
1561 741 2
347 958 3
1081 1152 26
808 160 14
416 1436 2
1068 1408 1
995 324 33
1333 808 8
635 1359 1
371 338 5
74 707 2
552 277 8
913 68 24
253 1109 1
1184 1161 7
195 92 8
1304 167 7
86 52 8
836 667 27
1246 888 57
1053 568 7
380 981 2
862 487 8
33 689 2
48 541 2
706 1081 6
1394 235 27
158 114 8
252 438 27
1302 119 8
116 252 6
941 97 8
255 1033 2
834 928 2
29 1395 7
23 377 2
727 146 59
1129 1197 2
1053 833 8
1146 1181 7
988 199 30
454 1310 7
80 1153 6
673 504 2
1035 514 2
908 568 7
240 455 2
784 1072 7
836 31 30
812 1292 14
1355 1567 2
1240 49 1
1220 623 6
865 1070 5
205 713 7
681 367 2
1139 458 2
750 845 1
555 693 2
787 750 7
770 324 7
80 1418 7
305 690 1
901 1448 2
1200 1315 7
199 437 2
654 1232 2
70 971 7
863 865 6
981 101 26
1315 837 52
1445 1292 33
980 504 2
995 59 8
1106 1262 2
27 624 30
555 958 3
183 979 2
1114 1328 2
297 233 27
1137 1315 5
1416 492 2
434 766 8
329 138 35
979 898 2
870 957 8
1054 1375 27
499 1250 2
1515 681 27
913 1483 30
1314 1126 33
505 607 2
273 347 2
1077 662 2
879 206 39
1075 88 2
76 728 8
1424 908 7
1080 804 2
1230 685 8
454 251 41
860 114 8
820 611 1
40 1161 7
23 1073 2
626 289 2
306 54 8
618 911 2
707 1364 2
200 21 8
638 390 8
468 1025 2
577 804 2
1391 1362 2
201 1063 5
23 609 2
1110 866 36
766 1070 5
1173 671 33
229 3 73
681 293 0
601 371 7
361 437 2
951 54 8
880 983 16
1377 568 7
325 824 6
442 859 2
1104 363 1
29 685 8
1235 31 16
383 1126 30
104 667 27
1230 1162 2
453 671 2
489 139 3
424 535 2
994 1496 12
491 138 35
1040 834 8
80 47 7
681 1287 2
1137 507 8
344 626 8
563 932 8
687 32 8
770 1582 2
643 808 6
1242 804 2
1022 114 8
1315 1069 52
1210 876 7
1225 728 7
1533 1253 1
435 116 59
279 551 27
190 1393 2
647 763 2
1304 1491 7
1333 65 8
621 182 57
1570 1437 8
1291 978 5
395 623 2
74 360 2
399 1405 2
692 704 35
424 1150 8
1056 1305 6
759 841 2
1380 551 20
160 863 7
981 497 2
1179 98 7
552 222 8
285 1081 2
1081 177 2
1183 880 7
265 863 7
676 1292 30
922 368 30
1179 390 7
102 1456 30
1407 1448 2
1281 603 6
195 37 8
1304 112 7
876 424 8
618 1201 7
601 1171 7
862 140 8
784 1191 77
374 1173 2
603 219 2
371 1381 7
1081 63 7
692 54 6
368 424 2
33 1030 2
718 888 23
533 1416 30
1081 355 7
940 829 7
1519 1161 8
1129 809 1
1413 21 8
930 681 38
1304 1589 5
279 750 50
25 891 8
1229 735 6
1100 594 10
454 1197 2
1036 1495 2
1082 624 30
322 1375 27
913 833 7
253 39 8
586 759 2
347 974 2
998 958 1
1357 1439 33
565 239 2
453 1299 2
624 960 30
645 552 1
995 1342 7
1362 595 53
1436 513 26
916 102 8
1221 1384 7
200 1126 2
435 916 8
1059 1310 5
981 1251 7
654 1177 2
360 704 35
144 643 5
1499 1000 10
875 957 7
1239 766 8
377 908 6
625 1333 2
279 1075 27
1160 1554 0
1304 808 7
1338 1305 8
1114 201 12
30 681 27
159 1125 6
190 350 2
265 1491 7
514 236 12
1230 384 3
1402 1418 7
922 1392 30
1050 54 1
922 115 15
1210 125 7
1394 980 27
1539 891 8
390 1213 7
1081 1493 2
173 216 2
926 850 1
995 228 8
721 555 27
462 1315 5
377 888 23
1295 979 2
195 957 8
494 160 33
928 1554 7
618 168 2
1283 1404 2
1299 713 2
23 622 2
1053 1479 2
1180 424 8
707 1309 2
813 1161 7
988 840 30
601 70 2
914 1405 2
246 908 7
581 1036 2
800 1395 7
1044 358 38
269 21 8
117 1443 1
891 324 1
495 167 8
1372 297 7
763 1430 57
687 1315 7
60 519 35
114 958 2
322 627 6
360 75 3
127 160 7
792 1315 7
325 373 6
51 893 30
325 1148 2
217 1042 2
233 800 7
1106 445 0
1458 981 2
1000 1025 2
206 504 2
217 938 2
555 95 6
1567 376 12
627 184 5
1547 1388 7
551 42 7
449 126 2
191 1340 2
1019 21 8
1228 1600 1
652 321 6
323 168 7
147 428 41
981 1483 7
311 359 1
804 83 8
1219 1181 7
442 1127 8
552 824 23
1336 891 7
1210 1217 7
1201 70 1
425 1448 2
1161 881 5
154 1609 47
190 1338 2
441 437 8
424 704 2
1106 36 33
263 594 10
512 1070 2
1476 216 30
16 1554 0
981 104 7
1076 1405 2
226 470 30
39 779 6
159 46 6
925 489 15
1081 122 2
35 627 1
1075 661 2
147 454 2
1405 423 2
618 796 2
395 891 8
261 1106 2
754 393 8
258 1314 7
601 720 7
1357 1105 0
1448 1340 30
1330 607 29
369 798 2
1404 671 33
1506 329 2
1397 347 7
784 740 77
1496 239 38
155 713 2
393 114 8
1402 1396 8
102 1507 1
673 667 27
1493 325 2
1527 326 8
594 96 2
468 883 33
33 219 2
510 116 8
171 390 8
1240 1335 5
117 468 1
458 1340 2
1328 855 5
681 1298 7
980 23 30
454 850 2
1036 1148 2
489 384 3
483 1377 8
913 90 7
1486 1181 7
903 681 27
1047 114 2
789 1328 2
1201 491 5
569 377 8
437 1562 2
1304 1070 5
812 98 14
1467 118 1
441 800 7
800 685 8
234 92 8
1483 102 2
727 888 5
343 424 8
1354 25 2
1567 77 2
415 1144 2
980 667 27
323 796 7
692 1321 8
200 675 2
452 891 8
403 1388 7
13 139 3
325 59 7
897 114 7
877 1126 2
774 128 2
759 1122 2
1262 70 35
702 1070 5
69 217 2
200 607 2
398 942 2
988 460 2
611 484 58
1215 98 7
1355 611 34
420 80 8
814 338 5
1304 393 7
1408 505 2
499 1140 2
1081 1042 2
1304 685 7
1303 360 7
1525 453 2
710 1388 7
1287 1443 2
369 1030 2
157 411 2
297 1156 8
603 584 53
592 1384 7
603 792 2
1085 275 13
470 983 16
1537 59 8
1053 1424 2
380 707 2
933 554 2
489 1097 7
1500 739 2
486 1428 2
784 57 77
1416 606 2
52 384 3
1084 265 8
569 1078 2
814 936 7
591 1428 2
258 609 2
505 424 8
582 618 2
195 928 20
720 789 8
1230 939 15
825 1581 8
581 981 2
449 1450 2
592 384 3
512 958 5
673 626 2
569 568 7
1253 1404 2
869 1377 6
1354 1409 2
471 588 8
905 922 2
324 453 2
576 588 8
667 1457 8
592 883 50
218 159 2
265 324 30
1228 857 1
98 711 7
1333 233 27
670 766 7
844 692 71
458 147 7
1202 88 5
305 812 1
681 554 23
1408 93 5
1132 1581 8
872 1388 7
759 1004 27
594 88 5
202 305 2
390 1125 6
178 506 6
1201 114 7
900 1217 8
328 766 8
347 163 8
1449 498 2
1075 44 7
1533 747 1
396 98 16
1304 1381 7
1547 1161 7
191 1212 8
1561 576 2
66 681 27
1225 487 59
177 829 2
1337 652 55
369 241 31
1394 1553 27
158 1333 2
32 938 6
23 903 2
273 819 7
650 326 8
269 766 8
503 191 2
226 347 30
928 862 2
157 1389 7
1238 1292 16
1338 1315 5
1177 442 27
638 908 8
495 808 8
379 987 2
652 960 35
499 92 8
829 1457 8
524 258 30
347 362 31
662 1472 5
648 779 6
218 563 2
205 326 77
346 1161 7
135 908 8
1478 1106 2
922 45 2
297 743 3
753 779 6
125 70 2
449 475 2
681 1243 7
502 1496 41
489 387 8
862 1070 5
789 201 12
253 1578 3
692 646 8
29 119 8
337 33 27
1035 52 8
210 325 2
98 1047 7
792 623 2
1251 347 33
450 1443 2
1020 627 8
1230 1342 7
234 37 8
849 286 15
894 1565 2
894 1169 2
726 1500 30
28 63 8
594 738 10
1346 750 2
995 167 33
878 766 7
1000 883 33
369 604 30
369 208 30
787 626 8
594 716 5
614 357 5
190 1223 2
285 979 2
829 1118 5
447 21 8
1126 902 44
981 349 7
605 393 5
141 858 9
880 421 2
880 817 2
74 190 2
390 46 6
1449 1418 2
1417 1375 27
747 1357 2
297 882 2
626 1211 2
98 947 44
988 108 8
1462 92 59
555 59 8
1127 114 8
1402 183 6
1537 1342 7
70 629 64
850 229 2
403 1161 7
623 289 2
499 397 2
992 80 8
265 1381 7
610 1303 2
118 75 5
952 833 7
1179 1304 7
1394 78 27
350 784 16
988 40 8
49 610 2
1284 908 7
558 441 0
466 93 5
1053 1077 2
1162 1044 53
380 360 2
1540 1457 8
607 831 2
738 766 8
1383 240 7
159 1321 8
594 39 7
348 905 2
841 588 8
1500 684 2
707 803 2
491 1396 8
193 1354 57
586 1449 2
988 730 30
23 152 2
586 1053 2
923 1259 2
565 533 2
1003 594 10
922 1069 2
677 681 27
921 325 2
1137 1388 7
1375 848 7
609 21 8
913 663 7
206 667 27
1483 347 2
923 1191 2
45 1291 30
468 787 8
1050 189 19
552 821 2
1436 1070 5
63 654 5
592 536 50
390 846 6
667 1011 2
185 889 27
621 1104 57
1009 879 2
997 435 7
519 1000 1
1483 675 2
879 436 1
112 1377 8
419 1315 7
592 1224 50
1357 209 2
463 458 2
234 957 8
908 1004 8
423 1333 2
1154 80 8
541 681 27
1225 155 48
753 320 6
641 913 2
540 647 2
265 631 15
330 1389 8
632 908 1
417 1081 27
1106 745 2
894 126 2
1210 419 7
639 240 2
720 441 0
1297 1253 1
190 540 2
894 855 3
20 908 5
297 1510 2
402 1550 8
1328 355 7
1401 1377 6
62 1062 7
1080 647 2
1207 605 7
555 291 8
317 1227 8
186 891 8
273 1375 27
485 623 6
514 1138 2
927 265 15
978 33 2
1326 114 8
841 893 2
603 1037 2
1075 259 2
1361 1554 0
1287 1328 2
446 311 35
1545 766 8
627 312 7
88 114 8
720 1097 7
380 988 2
707 1139 2
1059 1197 2
495 65 8
1126 1179 31
1313 42 8
255 1436 2
594 959 7
594 1396 8
499 37 8
127 495 8
780 23 30
702 570 7
768 1315 5
834 119 8
449 128 2
143 627 8
116 1362 2
1036 350 2
415 1201 5
568 325 6
348 154 2
1079 160 30
442 1030 2
70 1447 1
1304 668 5
102 974 2
823 1377 8
311 653 1
1328 1237 36
1567 590 2
468 309 33
255 52 8
98 1330 2
347 116 8
871 1389 7
592 1456 50
1235 98 16
1258 32 8
206 626 2
651 1592 38
555 613 6
575 21 8
920 999 19
635 1251 1
429 922 2
551 898 2
1136 533 3
116 941 55
540 360 2
1388 1578 5
1443 537 12
437 1379 8
409 1078 2
605 338 5
1570 1212 8
880 366 2
112 626 8
279 618 27
435 183 59
404 1446 2
454 722 41
1124 21 8
52 1342 7
1108 766 8
719 320 6
922 573 15
1106 950 33
592 321 6
157 1342 7
609 1126 2
176 681 2
369 1152 26
766 37 8
922 539 30
643 1577 8
226 988 30
747 191 33
313 108 8
1047 681 27
707 1417 27
618 976 7
713 732 7
1312 390 8
1330 437 29
369 628 2
713 1070 2
392 114 8
162 329 2
154 555 2
154 159 2
361 1304 2
159 479 2
348 517 1
454 381 16
741 160 14
524 114 39
252 158 27
1485 1173 2
720 387 8
29 1156 8
551 223 26
688 1252 2
819 1583 8
126 1126 2
489 272 8
808 258 2
988 303 20
28 808 8
271 588 8
157 228 8
468 49 2
415 226 5
155 453 34
468 44 8
552 474 2
1232 770 48
804 568 7
795 533 3
1459 611 2
681 1439 33
894 1450 2
582 435 8
900 533 3
592 877 50
619 480 51
1152 627 8
774 26 2
98 309 7
1358 1033 2
185 834 27
633 909 1
1230 1584 28
512 384 5
323 1314 7
624 945 1
633 863 6
1010 766 7
70 341 2
804 833 8
981 1364 2
654 230 17
1458 60 2
863 626 7
1261 891 8
613 623 6
1114 360 2
1333 1156 8
555 241 2
1117 47 8
449 412 5
1314 1561 2
1554 388 2
503 1081 6
1497 75 5
252 958 27
519 1091 64
393 1333 2
829 1128 2
995 3 8
1394 1047 27
329 546 35
1570 65 8
1177 458 2
1061 381 33
594 1018 2
147 1554 7
944 922 2
42 1059 7
756 114 8
558 1014 0
303 28 8
796 865 6
408 424 8
603 914 2
784 283 77
784 718 5
713 983 33
551 1578 5
148 569 2
605 335 2
468 745 2
4 1210 6
775 754 5
277 326 8
707 1376 2
1172 65 8
449 638 27
1402 147 8
1371 1395 7
823 265 7
1229 846 6
696 1496 2
936 323 2
1258 1315 7
458 883 2
698 462 8
1229 1138 6
435 1054 7
454 393 2
455 1033 2
240 803 2
205 1129 7
1171 63 8
159 119 8
1030 834 2
981 556 5
126 834 8
870 338 5
1349 424 2
506 412 5
98 983 2
327 29 2
900 1120 2
220 563 2
29 743 3
814 116 8
854 517 1
205 1061 7
98 937 7
139 480 30
1148 1161 8
555 1041 2
238 21 8
315 611 2
662 1004 27
80 163 7
652 929 7
174 1494 1
258 1452 30
979 1418 2
551 843 2
603 1403 6
1230 855 3
1307 489 6
829 658 0
1221 116 7
720 1014 0
854 741 1
76 852 8
287 1443 2
360 513 26
524 555 2
524 159 2
713 1578 5
618 1035 2
84 720 2
1071 1652 2
913 1334 5
922 192 30
1552 833 8
512 741 2
176 626 2
913 1626 5
281 311 2
731 605 7
454 203 41
1551 468 4
1448 823 30
605 1381 7
347 1325 5
601 495 7
601 891 7
589 1181 7
369 177 2
681 1105 0
913 1203 6
148 1496 69
707 63 7
265 848 8
938 21 2
1078 766 8
253 1097 7
163 495 8
688 905 2
1448 1047 30
996 720 15
341 1405 2
834 296 8
453 1191 2
28 65 8
1136 1418 7
361 785 2
770 994 5
449 701 2
218 1081 2
479 470 33
575 766 8
899 734 7
578 908 8
727 453 34
453 973 58
875 1327 6
160 782 30
1371 685 8
337 551 27
1025 31 33
265 782 30
1229 95 6
301 1172 77
424 883 2
286 1062 1
667 167 7
80 791 7
432 908 1
555 1565 2
85 1449 2
515 558 1
454 1578 3
240 47 8
323 1259 7
323 863 7
624 494 1
686 32 8
311 1549 7
197 1230 8
189 454 33
369 726 30
610 93 5
326 101 8
396 952 16
1178 445 0
928 1190 41
871 228 8
326 393 8
886 80 8
727 1225 0
273 681 27
681 355 8
1297 747 1
217 68 24
255 1375 27
974 1554 2
565 284 30
305 620 2
466 824 6
1292 1606 2
913 460 30
1305 808 7
503 1405 2
252 903 27
893 976 30
1304 460 7
1174 1053 2
737 766 8
754 796 8
191 291 8
834 1393 2
780 1292 30
514 272 2
499 200 33
713 1247 2
1397 750 7
555 1325 5
718 1567 2
1173 363 2
159 1052 2
369 1493 2
475 681 27
93 1504 57
753 880 15
707 1029 2
603 859 2
1416 381 2
1193 80 8
265 269 8
360 1133 2
476 68 2
552 345 0
836 390 8
148 514 2
1402 92 8
702 168 7
1177 330 8
1240 135 5
355 610 2
627 904 9
195 1391 20
88 1044 5
240 456 2
1253 491 2
454 0 7
1140 160 33
1455 1567 1
193 1408 57
265 97 8
253 387 8
836 32 30
447 552 2
900 773 2
688 154 2
1152 908 8
702 392 7
217 762 2
417 1375 27
507 683 0
1117 63 7
893 1337 7
1000 745 2
1338 1388 7
1003 491 2
1126 769 7
1136 1396 8
810 21 8
563 206 2
305 1024 2
779 1310 8
70 972 7
1474 437 2
325 1196 2
317 1125 8
308 770 2
915 21 8
1292 810 15
199 1126 2
623 1211 2
1230 462 8
1357 53 34
76 406 2
1304 1260 7
1210 937 7
1328 523 2
647 90 7
676 320 19
1304 1156 7
865 462 7
555 855 3
737 1421 7
1552 90 8
729 1333 2
805 31 30
1161 533 5
731 258 7
270 894 2
957 372 59
436 160 14
239 681 27
605 976 2
382 634 7
707 619 27
390 291 8
618 912 2
618 516 2
137 1388 7
541 160 14
1054 707 2
1537 462 8
1240 1227 5
731 190 7
240 1152 2
1177 217 27
1171 808 8
503 258 2
1173 1283 2
760 1475 5
367 1448 2
1405 471 2
265 793 8
1284 424 8
1 623 6
917 1161 7
220 1496 53
978 480 30
32 63 7
32 104 8
1503 626 8
154 80 8
936 891 8
468 1250 2
876 1129 5
1102 1504 57
240 1376 2
1110 495 5
468 523 23
102 1200 2
795 1396 8
1354 209 2
695 167 8
1133 891 7
193 329 57
569 97 8
1230 1163 2
221 569 2
112 191 7
1001 952 33
226 889 2
3 588 8
344 627 8
507 0 0
138 624 30
1225 1301 48
311 806 7
1210 877 7
508 338 5
654 154 2
777 770 2
872 922 2
889 556 2
1000 950 33
369 671 30
655 1581 8
1053 1152 26
1079 779 7
1443 36 33
326 46 8
1554 942 33
1304 181 7
77 102 8
872 458 2
1397 372 1
503 662 2
466 373 6
1354 1514 0
1053 1417 27
1058 979 2
183 229 2
623 59 8
750 355 8
1376 594 1
507 817 59
980 437 8
1303 80 7
759 1457 8
98 432 15
704 499 1
1343 435 5
33 1031 2
1171 1395 7
699 512 2
159 1393 2
551 384 5
923 742 2
1302 65 8
707 974 2
150 1033 2
594 147 8
337 900 27
582 437 8
1055 258 7
922 844 2
1497 1396 8
195 648 20
594 835 8
1053 1076 2
449 878 2
1180 21 8
1039 495 8
32 1420 8
454 1198 2
894 638 27
306 412 5
266 390 8
913 438 7
913 1 6
654 517 1
1471 834 59
790 510 7
702 45 7
347 929 7
552 992 2
783 216 2
804 1127 8
216 877 2
900 322 2
774 648 2
588 18 8
952 85 45
671 1230 7
218 1581 8
602 70 35
315 1416 2
1332 297 1
57 252 6
1051 1245 5
274 754 5
1567 425 2
208 347 2
300 854 27
762 834 2
681 209 2
555 535 2
879 940 2
435 813 8
614 1156 5
191 609 2
1122 265 8
447 424 8
199 675 2
377 1305 6
855 1416 2
76 54 8
1247 437 8
1066 1408 1
988 912 2
900 937 8
909 1292 14
69 565 2
879 872 2
277 893 33
29 1335 5
1287 1567 2
1098 31 33
769 52 8
555 462 8
441 102 8
1404 443 12
315 32 8
988 1199 8
420 32 8
162 1543 2
829 183 6
1416 730 2
817 1057 57
252 1080 27
1570 291 8
1465 1557 5
1181 719 8
659 114 8
401 891 7
158 1449 2
611 1274 2
1173 1016 12
1055 662 7
627 87 7
828 610 2
1291 940 2
601 489 7
932 297 6
626 235 2
1472 1504 57
627 1212 8
784 113 77
1500 1483 2
1225 1397 0
772 1091 77
772 695 77
21 739 27
241 531 2
1024 514 2
361 779 2
106 893 2
601 317 7
1029 834 2
234 1491 7
104 681 27
819 730 8
160 810 15
1274 1428 75
681 1009 2
1171 685 8
533 311 31
31 1403 14
269 70 25
1526 139 3
458 609 2
415 976 5
320 54 6
240 1420 8
661 489 6
534 340 62
1122 1362 2
907 340 2
879 1469 47
1291 794 44
1315 1479 52
220 1081 2
449 127 2
774 1568 2
208 1371 2
195 1389 7
997 1526 7
258 1282 30
555 1163 2
736 297 6
692 298 8
551 1069 2
551 673 2
80 285 7
323 461 7
442 1029 2
70 1446 1
506 903 6
474 1430 5
360 1070 5
369 324 30
1132 326 8
978 504 2
720 1281 1
437 1550 8
846 1305 6
1227 1581 8
417 569 27
995 1321 8
623 1342 7
518 1243 7
395 569 2
190 233 27
343 21 8
398 315 2
273 506 6
1313 936 7
624 24 1
1554 858 12
922 22 30
514 1541 2
938 1377 52
347 513 30
618 1553 2
503 607 2
371 1395 7
731 435 7
377 933 2
285 626 8
279 325 27
1302 1389 8
360 1004 27
913 350 30
504 833 2
858 114 8
601 1117 7
1550 21 8
1117 338 5
961 157 7
1448 1341 30
636 390 8
830 555 2
607 155 2
784 1429 77
888 1200 15
707 231 2
192 531 30
495 1156 8
1336 594 5
1191 610 75
159 1437 8
385 80 8
834 34 69
923 687 2
255 627 8
1561 1244 36
31 947 44
555 792 6
489 344 2
112 1375 27
157 3 8
454 1201 7
712 424 8
1117 936 7
1375 568 7
707 455 2
690 29 2
441 1161 7
116 454 2
454 1097 7
216 93 1
1250 1161 8
505 21 8
226 774 2
290 607 5
605 97 8
428 1045 2
442 619 27
217 355 8
347 1207 8
908 36 8
217 256 2
558 1087 2
997 551 7
286 1184 1
998 836 1
322 652 2
790 32 8
1355 347 33
325 2 2
690 347 14
650 1443 2
867 779 2
889 1525 2
437 179 8
1562 297 2
404 1453 2
1562 893 33
875 1236 8
647 26 2
317 259 8
1082 941 2
83 1581 8
979 497 2
1329 891 8
369 1495 2
136 265 52
981 1025 7
922 61 15
377 1561 2
870 848 8
607 1247 2
1416 279 2
754 1418 8
158 998 2
1327 114 8
594 793 2
611 823 2
874 424 8
369 1031 2
1087 80 8
258 678 2
69 437 8
1458 160 30
145 265 1
1421 1125 8
366 424 2
707 859 2
1526 1125 8
1305 92 8
371 685 8
814 937 7
321 1081 52
486 118 2
594 1116 8
1188 531 50
237 499 1
241 476 2
591 118 2
1152 1161 7
1026 1033 2
782 667 2
455 470 7
1037 98 8
1377 167 7
784 282 77
544 1161 7
921 627 7
42 437 50
563 500 2
563 104 2
311 81 1
804 1309 2
1164 1578 3
454 460 2
388 311 35
695 1322 13
1121 325 2
1337 1388 7
1155 326 8
329 728 7
223 480 2
880 1523 7
1225 211 48
258 539 30
555 420 2
1221 355 7
1567 602 2
191 890 2
555 1207 8
961 1554 1
454 387 8
766 1491 7
301 1164 7
84 563 2
894 78 2
542 654 2
710 1315 5
1570 244 8
43 603 52
829 824 6
409 798 2
1570 932 8
395 514 2
1221 917 2
541 360 2
794 453 35
1404 1016 12
84 495 2
993 139 3
1305 59 7
514 1090 2
506 1550 8
988 765 39
1184 647 2
505 1126 2
926 1424 1
1394 1450 27
706 297 6
167 437 2
754 47 8
843 504 2
618 1138 2
1554 368 33
390 855 3
298 507 8
605 1156 7
330 1070 5
382 756 7
1240 661 5
1053 54 2
1448 890 30
277 437 8
470 685 6
183 114 8
42 588 8
1051 1095 12
1054 829 2
1383 1554 2
1496 185 38
1377 863 7
442 338 5
917 1375 27
912 1405 2
373 770 2
157 1008 39
31 600 44
1287 297 2
228 854 27
1500 349 2
702 1314 7
135 1305 8
720 732 60
338 1388 7
1090 311 35
688 972 2
454 796 2
669 923 32
591 31 33
1404 718 10
880 396 41
674 1126 33
454 1088 2
116 102 8
1171 1550 8
744 1446 1
311 1001 1
29 808 8
416 988 2
718 998 29
545 804 2
695 685 8
624 851 30
1307 1315 5
912 21 8
1181 1245 5
343 766 8
990 565 57
1330 1315 7
59 320 6
311 974 2
1292 61 15
1136 147 8
787 627 8
1354 263 2
643 1327 6
1136 881 3
901 888 2
116 326 8
1001 118 2
311 1324 7
1210 1395 7
552 855 3
221 623 2
657 80 7
1044 255 40
997 32 7
59 252 6
269 297 6
1424 667 27
160 694 7
261 594 10
309 588 8
1313 1550 8
501 681 21
502 504 2
581 160 30
1483 320 19
1219 21 8
847 834 7
1090 614 7
1081 300 2
245 1578 5
406 908 7
506 179 8
1462 139 3
841 662 2
595 31 16
655 32 8
926 53 1
1394 475 27
1179 1305 7
1436 104 2
1405 1393 2
594 446 2
506 471 8
244 875 6
1526 1097 7
958 326 7
382 1384 7
154 611 2
390 1437 8
168 675 33
1053 1078 2
195 848 8
1287 993 2
1448 1518 30
31 287 2
514 42 8
28 932 8
55 98 8
36 607 2
159 1223 2
391 114 8
707 1200 2
192 1500 30
265 44 8
340 1482 7
1047 360 2
594 670 2
505 766 8
1287 611 34
780 1173 1
508 116 8
23 49 2
1188 476 50
31 1124 44
377 998 29
563 1418 7
28 1156 8
205 458 1
1328 1325 5
189 865 6
468 397 2
707 1127 8
1240 581 1
1358 1449 2
1506 453 34
555 54 6
170 1190 71
1354 1355 2
912 258 2
442 357 7
795 881 3
1409 1289 36
588 244 8
341 33 2
665 834 2
1224 347 16
455 347 7
1381 21 8
1025 265 8
108 888 8
978 667 27
651 569 38
507 412 5
555 365 2
941 53 35
454 40 8
322 829 2
423 1230 2
442 231 2
84 216 2
979 1138 2
547 627 2
552 1437 8
190 541 2
1317 325 27
84 508 2
1104 68 2
681 53 34
218 32 8
419 1581 8
424 298 8
227 720 15
1301 32 7
468 99 0
499 671 33
31 983 2
1085 1313 13
434 1230 8
75 21 8
281 31 2
355 369 5
911 1430 5
553 70 35
1407 888 2
390 462 8
164 766 8
879 281 55
839 805 2
205 340 77
1383 1161 7
503 33 2
933 686 7
268 22 8
602 891 7
1461 428 41
1377 808 7
520 1554 0
1526 387 8
1044 189 38
1188 1500 50
464 1449 2
285 1230 20
702 1259 7
702 863 7
402 432 15
64 624 30
592 958 3
390 396 30
899 454 7
563 677 2
923 113 2
981 1295 11
102 929 7
792 569 2
761 1421 1
570 98 8
307 893 2
570 390 8
652 1236 6
555 1384 8
1411 603 1
88 442 7
289 569 2
1136 92 8
647 189 27
724 1443 1
1124 382 8
190 1565 2
190 1169 2
1293 995 1
552 462 8
894 1047 2
979 223 26
981 295 7
1570 817 8
978 626 2
112 627 8
1221 1198 2
779 42 8
995 45 33
1084 893 33
623 27 53
834 46 6
1394 420 27
144 1181 7
454 947 41
754 958 3
611 421 2
390 991 2
871 172 8
42 770 2
271 662 2
784 1259 77
381 626 8
1400 216 7
133 49 1
142 1138 2
1358 1375 27
1494 696 7
938 369 2
1173 771 2
999 313 77
626 65 8
586 603 2
1036 233 27
428 284 16
161 269 8
555 272 31
614 355 8
565 479 2
20 360 7
344 1161 7
77 453 35
424 925 0
917 987 2
988 934 15
941 88 3
80 1207 7
565 411 2
442 1555 2
1164 384 3
941 42 8
800 417 2
102 292 2
889 1423 2
774 423 2
800 808 8
702 112 7
217 878 2
207 688 2
880 1459 2
698 59 8
651 514 38
552 699 2
1232 995 48
1451 770 2
386 607 5
531 890 2
1443 1446 2
981 148 11
631 133 1
1324 667 2
863 1315 7
997 605 7
750 831 2
834 1138 6
55 114 7
647 148 2
980 908 8
1303 551 7
1125 114 8
514 1084 2
531 1114 2
531 718 2
626 78 2
729 1449 2
729 1053 2
1302 244 8
736 834 8
1416 505 2
1085 862 13
168 360 2
1436 677 2
216 513 30
502 1405 2
273 360 2
35 900 2
721 623 27
35 504 2
1075 497 2
647 471 8
573 908 1
140 504 2
662 743 5
913 139 5
841 766 8
1480 702 12
374 558 2
1233 829 1
281 574 55
23 726 2
912 607 2
1164 1097 7
1000 386 57
56 607 30
325 613 6
255 1377 8
1000 99 0
464 998 2
1313 671 14
415 855 5
20 114 8
453 460 2
1045 390 8
1377 685 7
551 620 2
323 408 7
899 795 7
311 599 1
900 1121 2
925 611 34
551 912 2
1004 795 7
588 817 8
648 981 2
792 514 2
1364 569 2
369 167 30
192 1377 6
552 284 33
141 525 9
205 1354 7
416 1375 27
652 493 6
258 1453 30
1082 325 20
311 526 7
450 998 29
39 623 6
951 1114 21
190 1510 2
133 1062 5
1304 1212 7
902 253 3
594 899 5
900 75 3
267 854 27
862 1199 7
635 1025 1
297 773 2
89 453 35
512 742 2
925 265 15
176 627 2
368 720 15
168 988 2
98 1608 46
961 688 7
519 13 64
1359 1554 0
313 54 8
913 125 30
1402 1199 7
626 1389 8
479 875 6
377 1000 2
241 1357 1
864 435 8
147 476 7
944 240 2
1333 1118 5
834 324 7
592 95 6
829 938 33
713 236 12
618 1214 7
21 1041 2
1171 1156 8
159 1212 8
1251 1357 2
252 104 27
729 297 8
661 1315 5
368 437 2
1377 1381 7
923 858 2
1061 254 12
160 851 30
1373 891 7
1158 702 8
336 603 6
1480 1291 33
390 904 9
464 23 2
565 86 7
62 546 35
1201 627 5
154 32 8
698 1342 7
454 976 7
1028 889 2
546 603 6
558 254 12
635 1118 5
672 952 7
950 50 14
45 98 30
1031 891 8
1472 627 12
647 101 26
789 1000 2
594 533 3
1164 387 8
1040 495 8
763 627 6
889 1076 2
1223 1375 27
255 626 8
800 65 8
607 1047 30
233 330 8
441 1305 8
1232 774 2
610 1246 5
1216 1181 7
417 1436 27
702 397 75
576 424 8
172 995 1
234 848 8
1228 693 1
1114 770 2
70 287 2
1225 46 48
641 804 2
849 428 41
681 716 8
790 495 8
1090 908 7
763 1230 2
763 834 2
27 720 15
997 258 7
731 1302 7
62 1472 37
273 1305 6
390 1340 2
292 1081 2
1435 1315 7
871 917 8
979 272 2
652 75 7
297 1396 8
1292 1607 2
506 743 3
88 611 34
117 1126 30
913 256 5
1330 1371 29
1230 59 8
502 662 2
1416 450 2
1525 229 2
731 1526 7
252 1196 27
1075 150 2
285 114 8
1405 1515 2
147 1500 7
1303 428 7
1303 32 7
35 449 2
707 1030 2
1398 80 7
1042 662 2
498 1305 8
1402 139 3
1180 437 8
1540 269 8
21 1565 2
666 660 5
240 421 2
60 704 35
23 671 2
1354 1253 2
565 1052 2
702 461 7
1252 504 2
800 1454 2
470 539 2
829 187 33
487 114 8
633 1213 6
1525 1230 20
458 387 7
1139 424 2
899 52 7
70 650 1
325 99 0
1126 838 7
1171 743 3
1354 789 2
457 80 8
688 1398 39
898 854 27
1044 1177 40
900 1457 8
902 32 8
218 326 8
880 873 16
74 1405 2
551 497 2
652 438 6
657 229 33
555 883 2
182 701 2
787 1377 8
692 18 8
736 751 1
979 1364 2
551 393 2
80 401 7
987 584 2
323 181 7
1317 551 27
551 883 14
1106 1264 2
1315 735 52
311 809 2
1215 862 7
1308 1210 6
279 217 27
845 764 2
69 913 2
1321 21 8
534 98 33
381 1567 1
118 138 35
226 191 30
626 1047 2
1099 297 8
1554 1307 13
329 724 35
330 75 3
731 551 7
804 513 26
419 32 8
399 607 2
191 1282 30
1172 1062 7
613 588 8
372 1395 7
437 1204 30
1271 1292 33
1164 1342 7
398 259 2
45 114 2
159 78 2
770 658 0
297 249 8
619 80 8
893 948 15
498 330 8
127 623 2
34 1594 38
784 1149 77
33 300 2
784 753 77
1556 311 35
148 428 33
923 407 2
841 28 8
790 1554 7
265 1482 8
365 766 8
751 983 14
1173 861 33
337 565 27
450 908 6
142 272 2
582 102 8
36 987 44
32 793 8
489 163 8
1352 766 7
470 1459 2
1374 1454 2
563 903 2
1028 834 2
913 545 2
463 70 2
489 59 8
1133 1230 2
437 1283 2
1338 1044 53
265 1124 30
627 533 5
1436 1384 7
582 326 8
311 1517 12
438 1405 2
80 737 7
759 911 2
514 1187 0
140 1129 5
392 489 15
1228 737 7
707 1314 5
1253 424 8
744 1445 1
1554 1274 12
1232 489 48
415 1111 7
880 593 2
279 449 27
137 1315 5
45 1375 27
1304 578 7
71 512 2
55 1315 7
1227 326 8
46 779 6
502 675 2
172 908 8
82 265 8
35 667 27
347 861 30
805 952 30
1183 1570 7
862 502 8
1230 279 55
544 160 30
534 62 2
543 21 8
620 611 2
603 581 2
377 506 6
140 667 27
854 1324 39
53 480 2
582 470 1
1244 720 15
1304 406 7
491 1199 7
1174 603 2
845 13 2
252 1141 27
390 1212 8
270 504 2
32 1156 7
317 1415 5
484 1328 84
821 52 1
458 272 31
1036 1565 2
681 1348 21
784 174 77
1163 854 27
252 677 27
652 53 35
586 829 2
707 929 7
457 1305 2
1152 531 2
594 440 8
453 1511 58
902 1315 7
1083 421 9
804 1133 2
527 531 5
1036 1393 2
661 1033 2
1474 555 2
913 1127 7
912 33 2
383 829 20
804 1128 8
36 1388 14
99 330 7
325 39 6
552 1384 8
607 1224 30
912 424 8
592 604 50
192 1354 2
774 545 2
265 45 30
1131 1081 2
880 1243 7
1304 837 6
555 536 2
555 140 2
334 1106 2
102 450 2
713 1187 0
657 611 34
1437 531 7
635 295 1
1336 265 7
563 147 8
1190 1166 1
552 1212 8
1554 579 2
761 891 7
330 1457 8
749 1181 7
1449 219 2
995 298 8
1170 1421 1
390 1138 6
409 914 2
558 925 10
506 937 7
1329 32 8
1394 878 27
1214 1567 4
646 21 8
1084 390 8
157 1516 2
1081 1391 2
594 849 2
191 1220 14
222 1225 0
406 437 8
1313 183 2
491 562 2
383 60 2
115 489 1
627 817 8
594 1491 7
754 59 8
278 1292 14
26 662 2
893 881 5
480 974 2
998 881 5
216 845 1
159 18 8
804 1491 7
468 1264 2
1035 1449 2
1179 652 71
1130 372 1
569 1381 7
1402 1062 8
1061 1124 33
726 891 8
390 65 8
591 466 2
1430 1499 57
819 1127 8
1398 626 8
702 638 7
657 489 15
301 839 77
937 766 8
1053 97 8
862 441 0
1129 357 2
593 610 17
1229 54 6
1258 569 2
489 108 8
899 229 7
1259 102 8
127 891 8
558 1124 33
1354 155 2
551 1138 2
1145 588 8
21 462 8
498 1315 5
1210 850 6
1104 602 1
337 442 27
648 1161 7
437 1578 7
855 191 30
258 1283 30
1210 1183 7
125 114 8
982 369 1
449 420 2
913 26 2
808 21 8
1230 1396 8
862 1097 7
759 856 2
1340 1225 7
1003 1357 2
437 1160 2
744 1098 1
621 489 57
514 1132 0
804 377 8
635 1314 7
889 898 2
514 1226 12
170 1081 6
503 297 6
406 800 7
1565 569 2
1445 160 33
1289 293 0
32 1314 5
1313 937 7
491 1475 37
871 119 8
1098 952 33
424 1389 8
988 126 2
922 315 30
252 1125 6
531 261 2
643 88 3
201 397 75
265 1102 7
620 160 2
503 900 2
281 1496 55
1460 1448 30
1404 77 2
135 1388 7
118 88 5
1245 1504 57
1053 798 2
1275 1061 7
159 1047 2
33 581 2
888 1201 15
592 613 6
590 80 7
1394 127 27
102 1509 1
1363 99 0
1252 667 27
498 507 8
1052 504 2
707 524 2
592 1342 7
360 686 7
506 1335 5
720 163 8
988 451 30
586 774 2
718 347 33
577 360 2
1249 369 1
1152 476 2
575 894 2
561 610 2
53 750 30
581 647 2
218 1554 7
1171 3 8
1171 341 3
435 57 6
80 1378 7
804 1078 2
62 704 35
941 213 8
856 286 15
1371 808 8
745 611 35
216 823 2
42 102 50
219 569 2
108 1050 3
80 1310 7
982 1388 7
98 377 7
621 888 5
515 681 1
322 607 7
415 1392 7
1001 466 2
634 865 6
995 1204 33
1227 216 2
383 551 82
1329 1315 7
1022 1377 8
70 805 2
437 81 2
1171 1335 5
362 428 71
563 92 8
437 868 8
913 1047 30
1546 588 8
777 424 8
978 114 2
722 347 16
1208 507 49
618 183 2
1210 72 7
1420 770 2
557 23 50
145 626 1
551 309 14
1416 676 2
252 1026 27
158 603 2
804 338 5
55 159 2
1540 167 8
1323 21 8
829 1196 2
273 531 2
1177 922 2
774 1131 20
216 976 30
865 222 8
1055 900 7
531 1282 30
262 255 2
172 102 8
1221 1325 5
485 551 2
699 702 12
277 102 8
151 32 8
476 983 2
148 1033 2
718 1371 33
577 988 2
823 437 7
1374 1120 2
582 1496 53
256 32 8
258 903 2
565 882 2
800 1342 7
1144 1388 7
350 908 8
34 574 2
1161 1418 7
192 1225 0
453 481 58
372 1550 8
1053 42 8
1480 1126 33
917 675 33
681 1247 2
641 1388 7
1402 881 3
42 1126 50
311 374 1
763 1377 6
301 320 77
1230 658 2
1315 1029 52
230 624 33
1104 151 1
1253 191 33
1000 1264 2
672 31 7
70 1100 1
347 129 8
85 993 2
264 1430 5
908 88 3
1080 1081 6
692 244 8
476 1204 30
1120 265 8
988 1450 2
1437 1500 7
1443 246 2
1307 265 6
658 80 8
922 36 30
1124 102 8
1436 856 2
592 170 30
921 1291 30
1124 652 44
1553 804 2
1436 1148 2
837 891 6
419 326 8
424 646 8
1131 941 55
941 903 6
654 1324 39
1075 1364 2
650 297 2
1106 671 33
1209 766 7
512 517 2
1051 1111 1
759 728 8
295 453 34
297 881 3
162 118 2
1306 1388 7
852 865 2
626 1565 2
626 1169 2
1554 753 23
1397 258 7
276 770 2
23 1197 2
377 1371 33
1522 21 8
1 1210 6
1510 662 2
1421 47 8
601 563 7
266 62 2
449 108 1
1397 190 7
707 177 2
1526 47 8
900 513 26
360 677 2
1377 1156 7
265 916 8
1078 834 8
491 1062 8
1291 1144 44
866 658 0
1016 879 74
688 973 2
238 894 2
324 1443 2
1364 1436 2
862 1014 0
820 80 8
449 769 2
565 27 53
699 330 8
102 1381 7
885 1375 38
552 591 2
730 750 30
1210 735 6
998 75 5
789 1567 2
259 891 8
259 495 8
442 937 7
546 1404 1
112 360 2
347 366 2
1479 504 2
592 598 50
1313 412 5
185 555 27
185 159 27
191 208 2
449 1384 8
555 129 8
317 273 8
552 419 2
458 533 3
305 464 2
1443 1562 2
325 636 2
98 341 3
880 715 2
190 206 2
865 1213 7
409 116 2
1014 1567 4
871 296 8
499 1447 2
62 728 7
1424 21 7
1312 766 7
45 1036 2
317 101 8
48 782 2
603 411 2
581 453 30
1214 390 8
981 1309 2
369 1337 2
1554 401 2
65 766 7
486 1443 2
829 849 2
338 1315 5
212 611 35
252 1367 27
1436 59 7
834 1169 2
594 739 2
387 102 7
98 1335 5
829 1141 2
707 805 2
128 514 2
784 4 77
1053 929 7
360 909 2
933 59 7
263 229 33
626 855 3
483 21 8
834 350 33
1271 702 12
1173 443 12
707 1493 2
160 928 45
554 265 15
594 1062 8
367 888 2
804 1381 7
268 83 8
127 458 2
565 1223 2
1058 114 8
808 607 2
1039 623 2
607 1518 30
543 922 41
1163 114 8
1240 978 1
591 952 33
223 98 2
240 524 2
678 893 2
470 606 2
1122 565 2
913 957 7
468 393 8
468 789 8
1136 1199 7
913 1295 2
707 1420 8
213 875 6
907 330 8
362 495 8
1025 626 8
442 300 2
913 189 27
540 1405 2
900 841 2
800 1156 8
247 102 8
695 3 8
894 488 2
555 366 2
592 1518 50
23 375 30
1231 829 2
1114 1173 2
550 437 8
1304 1396 7
389 286 15
592 1325 5
191 1227 8
770 685 7
305 1488 2
539 458 2
872 70 2
1114 458 33
182 768 2
894 420 2
1232 32 48
1317 618 27
551 950 14
1304 932 7
1214 330 8
535 1106 2
550 265 8
1040 1315 5
958 1315 7
1287 1371 33
595 952 16
993 39 8
784 700 77
1492 1567 1
721 1075 27
118 1475 37
1084 908 8
226 258 30
503 102 2
1325 114 8
926 1266 1
880 355 8
616 114 2
1052 667 27
601 216 7
961 48 7
455 779 6
618 980 2
941 1550 8
317 958 5
480 1200 2
497 1230 2
1240 899 5
377 360 2
139 504 2
159 541 2
1302 1212 8
127 398 2
867 480 65
1494 465 7
33 471 2
357 480 2
476 1160 2
766 743 5
297 765 19
692 183 6
795 1199 7
528 1225 0
1033 1393 2
941 1482 8
229 1340 2
524 893 30
429 1190 41
470 546 2
900 1199 7
470 942 2
279 191 50
42 1371 50
1024 1033 2
534 594 10
449 26 2
468 671 33
454 346 2
922 284 2
1375 167 7
900 1491 7
592 855 3
676 1500 2
806 854 2
68 720 63
454 638 2
1375 63 7
335 804 2
440 750 2
1354 277 2
836 1416 30
451 31 2
424 604 2
238 766 8
1040 507 8
1136 139 3
774 88 2
667 622 2
662 1148 2
88 839 7
28 1118 5
1424 681 27
1124 779 8
472 424 8
313 183 2
778 114 2
21 960 25
856 499 21
941 1184 6
1305 1389 7
159 462 57
499 1100 2
1051 1392 1
74 33 2
398 438 2
883 50 14
1304 249 7
297 1121 2
300 21 2
1421 355 7
626 1450 2
398 730 2
483 913 1
1166 1315 7
862 277 8
65 23 7
1555 829 2
581 398 30
503 1126 2
1400 681 7
466 837 6
252 228 27
402 743 3
875 663 8
506 813 8
841 504 2
1376 766 1
829 794 2
470 909 1
47 1581 8
160 212 44
1053 628 2
470 863 6
33 411 2
227 1421 1
1055 102 7
40 588 8
181 114 8
32 873 2
381 627 8
154 453 2
1004 31 30
1238 160 16
159 1169 2
157 298 8
607 674 2
1377 1437 7
980 611 30
262 145 2
1526 958 3
366 607 2
938 662 2
707 1042 2
1250 1357 2
148 626 8
506 1131 20
1210 1335 5
1221 855 5
190 1118 5
917 988 2
988 230 41
1315 1335 5
922 912 2
702 181 7
373 28 8
713 1583 8
220 297 2
844 652 71
1357 236 12
228 759 2
245 789 2
569 798 2
551 1550 7
617 1388 61
889 1424 2
504 658 0
1371 307 29
998 1418 7
458 39 7
57 320 6
533 854 27
438 555 7
652 158 6
442 177 2
325 917 2
1443 1447 2
437 307 2
305 1037 2
192 1061 2
600 1377 6
1317 667 27
1444 70 2
420 569 2
921 889 30
894 365 2
84 454 2
1436 350 2
287 713 2
1084 1126 33
980 1305 8
295 329 2
292 1033 2
409 689 2
241 624 30
960 1443 1
514 689 2
177 28 8
1217 21 8
707 338 5
424 140 8
177 325 2
1129 483 15
618 701 2
1126 861 30
168 23 7
724 688 7
303 390 8
1322 21 8
712 1374 7
498 1388 7
158 829 2
252 1148 27
1075 498 2
1522 1181 7
152 611 2
494 229 33
1540 685 8
671 720 15
32 1122 6
730 23 2
992 611 35
1173 357 33
1448 781 30
369 239 2
784 181 77
852 390 8
240 873 2
1144 489 6
362 453 2
371 808 8
30 409 2
1397 80 7
1171 1217 8
913 101 26
1561 392 36
382 958 3
774 1120 2
552 1418 7
36 415 44
1284 437 8
98 1345 2
278 1291 14
834 203 70
873 720 15
1075 823 30
205 510 77
1479 667 27
478 102 8
592 462 8
1375 54 2
142 383 8
458 1073 2
999 80 7
1037 1305 8
949 311 35
514 683 0
551 1309 2
437 1003 2
1210 1062 7
337 217 27
789 1061 2
696 114 8
330 1491 7
98 1231 7
1044 1525 40
1172 88 5
1332 993 1
347 355 8
300 1053 2
357 750 30
1447 512 2
919 707 2
1509 1504 57
569 88 3
541 551 2
306 936 8
1236 114 8
1173 718 10
569 42 8
1000 671 33
1460 1190 2
1126 794 44
251 311 35
416 707 2
279 565 27
258 251 71
21 1284 21
504 677 2
1014 390 8
395 1033 2
960 468 1
524 453 2
1281 1081 6
789 611 34
1119 390 8
195 119 8
229 272 31
1277 1000 5
1552 1127 8
862 222 8
844 1371 2
913 126 30
1397 880 7
503 675 2
1039 854 27
1179 800 7
737 437 2
1302 1457 8
178 21 8
900 1070 5
754 462 8
1230 156 15
607 723 2
369 471 2
470 808 6
36 102 2
390 642 30
1173 425 2
140 114 2
271 504 2
980 160 30
155 31 33
33 648 2
1375 808 7
1279 750 2
313 1491 5
1383 424 7
1400 454 7
1173 717 2
627 278 9
20 702 7
698 1384 8
337 913 27
218 979 2
745 1388 61
372 743 3
900 1004 27
1398 114 8
910 751 2
485 21 8
1250 191 33
140 437 8
1247 1291 33
1314 594 10
913 497 2
1354 162 2
435 269 7
1374 199 2
1355 191 33
686 102 8
898 1333 2
125 988 24
541 1305 7
1176 390 8
804 848 8
695 808 8
144 829 5
657 713 2
895 114 8
98 256 7
627 881 5
1044 154 40
1570 1418 7
1226 879 74
900 335 2
209 766 7
286 960 1
592 324 50
774 661 2
258 947 71
667 1195 2
1009 766 8
98 548 7
423 829 2
900 726 8
258 375 30
31 761 15
555 256 2
1136 1062 8
57 265 6
1223 707 2
867 555 2
191 726 2
401 866 36
558 824 23
87 610 2
650 888 23
229 1139 71
447 437 8
503 1388 6
639 424 2
995 18 8
747 1126 33
623 1169 2
623 773 2
57 489 6
1210 226 3
934 998 1
993 1578 3
1540 384 3
606 499 1
133 691 1
158 774 2
253 93 1
707 1391 2
139 667 27
865 101 8
1330 32 8
958 449 7
721 569 27
1141 891 6
720 593 7
40 770 2
491 282 2
152 160 2
689 1375 27
713 1541 2
865 393 8
1458 624 30
1053 1493 2
1180 834 8
1229 1153 6
1448 726 30
1302 18 8
126 458 2
1171 433 7
1371 1342 7
379 428 2
1136 1097 7
1500 1100 2
479 504 2
311 1499 10
981 484 9
800 1455 2
119 626 7
552 1409 2
1350 1173 1
592 1124 50
359 229 33
543 1044 41
361 891 8
458 726 2
435 856 6
919 32 2
1245 627 12
325 95 6
652 903 6
1225 743 48
753 908 6
1006 1315 7
795 1062 8
923 4 2
774 601 2
922 765 39
325 1162 2
323 250 7
875 938 6
139 31 30
900 1062 8
507 1373 0
437 1298 7
1220 1210 6
76 768 2
1230 1121 2
635 747 1
424 890 2
449 140 2
420 454 2
804 97 8
416 360 2
417 1000 2
534 1106 2
295 610 2
1237 834 8
995 646 8
1415 766 57
1562 993 2
1084 1161 7
518 568 7
279 114 27
647 722 2
69 1305 8
293 369 3
514 1262 2
841 667 27
55 922 2
1188 21 7
706 865 6
226 880 30
466 39 6
1550 102 8
1119 627 8
402 341 3
9 512 1
385 265 8
268 568 7
1081 90 7
597 1496 2
163 114 8
601 442 7
1178 321 1
1405 833 2
1172 1396 8
945 1357 2
387 1581 8
980 1416 30
142 737 2
1163 1333 2
262 694 39
784 1150 77
443 754 5
920 1607 2
908 1122 6
484 993 84
584 1592 38
13 929 7
568 913 6
923 408 2
1500 125 2
673 681 27
268 833 8
834 581 3
348 638 2
402 1335 5
923 700 2
442 1176 7
579 766 7
665 1315 7
588 1418 7
778 681 27
1304 1548 5
390 519 30
518 958 5
1479 347 2
533 414 5
32 1086 8
454 1260 2
1428 153 5
1375 685 7
737 311 30
1274 466 75
563 1196 2
1136 387 8
1451 437 2
804 798 2
911 922 2
1044 377 8
148 52 8
569 787 8
1015 988 2
552 274 12
435 83 59
258 600 71
774 314 2
507 335 1
343 834 8
1223 360 2
980 681 27
635 1271 1
1316 159 1
1439 555 2
636 880 2
62 909 2
85 80 8
626 638 27
880 886 2
1354 53 34
287 311 2
865 1384 7
330 726 8
390 890 2
172 1305 8
530 32 8
754 1207 8
74 551 2
856 1362 2
913 1455 30
317 272 8
1303 442 7
636 766 7
514 579 2
531 609 2
626 365 2
1405 1169 2
33 1393 2
393 829 2
1526 1310 8
958 102 7
360 1148 2
1173 670 2
1436 172 2
594 910 2
1404 425 2
258 399 2
582 804 2
118 1310 7
865 46 8
926 809 1
721 514 27
865 384 3
347 193 5
154 1075 2
162 98 33
1404 717 2
490 1581 8
618 127 2
133 568 1
449 1298 7
28 1396 8
36 675 2
1173 602 2
157 1212 8
704 1126 2
712 404 7
750 1047 30
1428 1245 5
366 437 2
1375 1381 7
265 112 8
440 839 1
505 834 8
56 102 30
122 759 2
1172 249 8
229 883 2
790 476 7
60 546 35
697 29 2
819 104 8
464 889 2
449 1568 2
1519 437 8
584 390 8
1479 1371 2
900 1080 2
1338 1449 2
341 565 2
913 1128 7
258 724 30
458 671 2
920 950 14
563 221 2
673 1036 2
454 181 2
440 1500 2
878 662 2
778 1036 2
107 834 8
900 616 2
1339 80 7
774 546 2
9 21 8
902 1581 8
1317 565 27
797 32 8
997 900 7
1126 716 7
36 1292 30
183 908 6
191 903 2
454 108 8
191 1299 2
514 109 0
405 902 1
961 1567 1
818 1388 61
133 661 5
197 98 8
1201 133 1
1292 368 31
348 1610 56
623 1450 2
404 199 2
506 1298 7
1216 21 8
980 1036 2
1153 1377 52
273 551 2
441 1567 4
119 60 55
1521 1181 7
1562 998 29
176 518 2
626 1384 8
592 54 6
403 588 8
408 908 8
982 330 8
265 808 8
318 265 8
780 160 30
85 987 41
784 407 77
908 338 5
1183 424 7
297 533 3
1163 1377 8
297 487 8
374 681 2
162 62 2
1537 1389 8
360 59 7
647 596 30
268 90 8
348 291 2
790 1500 7
1481 574 2
372 3 8
819 1420 8
922 455 2
195 259 20
114 857 2
279 258 50
672 889 2
28 249 8
458 903 2
590 114 8
218 531 7
713 730 8
234 119 8
555 1525 2
457 555 2
457 159 2
878 894 2
707 116 8
551 1035 2
325 1397 7
829 92 8
323 823 7
442 1391 2
217 26 2
667 59 7
590 70 35
307 1357 2
759 857 2
530 1315 7
854 223 26
372 1335 5
286 850 1
1188 766 7
289 1033 2
1232 435 48
1050 958 5
1302 1418 7
795 1072 5
1050 1337 1
922 676 30
880 831 2
762 80 8
618 1555 2
616 981 2
508 1243 7
603 27 53
297 500 2
402 936 8
850 347 2
1552 957 8
72 21 8
398 505 2
1080 33 2
704 514 1
847 159 7
176 750 2
45 360 2
764 999 19
1207 32 8
347 85 45
922 1330 15
507 936 8
162 862 2
162 466 2
159 1070 7
981 1029 2
252 399 27
729 889 2
265 1395 7
603 423 2
910 1289 36
133 581 1
1394 488 27
1141 489 6
462 531 5
623 298 8
384 76 7
190 249 8
562 607 5
32 269 6
701 1033 2
69 1315 5
479 667 27
1271 514 2
1527 1377 8
1275 1354 7
142 914 2
774 796 20
957 32 8
1158 1581 8
449 1243 7
1173 151 2
988 56 30
24 514 2
907 1388 7
201 224 5
624 976 30
772 306 77
1468 770 7
647 309 30
605 68 2
258 949 71
792 1333 2
605 63 8
217 722 2
112 1126 7
1354 388 2
80 1379 7
1287 998 29
614 683 66
789 1181 7
206 681 27
993 441 0
681 236 12
563 166 2
673 981 2
652 1 6
665 159 2
836 216 30
778 981 2
221 1436 2
981 1076 11
848 829 5
66 1230 2
997 449 7
1304 824 7
1341 891 7
1106 443 12
563 139 3
438 330 7
995 809 33
1304 1116 7
1225 169 48
458 881 3
673 908 8
555 769 8
993 1097 7
1317 442 27
1554 537 12
894 140 2
1210 433 7
1210 37 7
829 99 0
1436 917 2
1080 369 2
199 1305 8
913 1340 30
981 619 27
1394 1184 27
69 804 2
381 1161 7
1291 139 5
1117 116 8
1219 766 8
724 468 1
43 76 7
602 866 36
618 872 2
504 116 2
31 704 2
145 627 1
541 21 8
266 1106 2
1497 1310 7
893 1392 30
1081 26 2
610 296 7
941 937 7
1053 1381 7
866 1376 15
52 1389 8
657 1225 0
1 875 6
750 1224 30
1030 1075 2
369 743 3
127 514 2
784 644 77
21 85 2
138 191 2
1377 1217 7
724 1126 30
119 1581 8
453 236 2
593 1377 8
994 981 83
782 920 1
919 258 2
688 638 2
1505 330 8
1381 834 8
908 1381 7
489 54 8
1179 610 30
1122 913 2
672 834 2
558 474 2
575 504 2
1162 114 8
218 476 7
126 507 8
80 300 7
695 59 8
442 648 2
1202 743 5
563 789 8
440 470 2
1315 1030 52
514 412 5
1458 1221 2
774 1515 2
889 516 2
894 836 2
1458 779 7
518 384 5
594 743 5
596 607 30
672 662 2
154 1304 5
719 506 6
1561 543 2
524 692 2
569 213 8
233 98 8
1555 325 2
1552 929 7
1184 1405 2
1415 888 57
819 338 5
1562 888 23
766 119 8
909 160 14
518 1482 7
977 1106 2
759 1026 2
627 1418 7
289 514 2
1461 1292 30
1240 1419 5
1540 796 8
993 387 8
1177 409 27
171 766 8
870 63 8
1502 993 2
284 382 8
268 1127 8
350 347 16
56 1371 30
1129 1062 1
713 1084 2
52 18 8
507 813 8
419 611 35
928 1449 2
154 569 2
360 282 2
1363 441 0
157 18 8
663 62 5
713 753 23
33 423 2
603 300 2
34 114 38
1402 1578 3
880 758 41
252 172 27
699 1292 33
454 1450 2
349 893 33
191 463 31
702 1511 74
347 831 2
32 916 8
905 998 2
226 1081 2
217 271 2
117 1000 1
670 888 2
563 1026 2
913 272 2
80 928 7
1305 743 5
891 88 48
229 309 2
1050 148 19
997 102 7
894 1418 7
209 879 2
418 558 1
1017 216 2
207 305 2
183 506 6
1436 739 27
750 620 2
208 531 2
306 1298 7
979 116 2
297 1199 7
269 1388 7
168 1081 6
634 1581 8
531 903 2
49 681 2
688 1610 56
402 1217 8
1533 359 1
1502 489 15
806 216 30
300 369 2
876 1305 8
398 1474 2
1292 1337 7
43 21 7
369 1338 2
1404 1407 2
759 46 8
555 646 8
724 1091 64
1282 499 1
1416 622 2
655 326 8
1394 769 27
377 1404 2
1009 866 36
142 1555 2
130 1408 1
594 740 2
33 1515 2
594 298 7
605 417 2
1186 390 7
285 182 8
252 595 53
484 667 2
1322 424 14
834 1457 8
1496 849 2
699 1428 2
117 1404 1
613 424 8
157 646 8
1041 504 2
618 307 7
1391 804 2
779 412 5
31 873 2
259 1496 69
1194 1581 8
1458 348 41
913 1364 2
933 690 2
1500 1271 2
695 1342 7
790 702 7
1171 937 8
1127 908 7
155 265 8
932 495 8
565 1120 2
688 291 2
1567 284 1
29 533 3
1006 1496 2
627 973 9
51 750 30
217 1295 2
106 681 2
941 519 35
1357 572 2
1567 1409 2
244 229 29
796 1581 8
217 189 27
1025 627 8
432 70 1
70 1114 1
317 929 7
70 718 1
770 1150 7
551 1029 2
506 863 6
437 723 2
369 284 30
849 1588 41
650 1371 33
190 903 2
139 98 30
980 1388 7
329 909 2
347 471 8
834 1118 5
518 807 7
1106 1016 12
315 229 2
27 774 40
1239 891 8
1435 80 7
541 766 8
628 854 27
435 22 8
1439 98 2
313 1550 8
889 393 2
182 1457 2
1290 1057 57
35 588 1
1533 591 1
1439 390 2
499 77 2
721 1436 27
1333 533 3
932 489 6
485 1210 6
629 114 8
514 1329 2
981 231 2
1394 796 2
875 36 8
1168 1496 2
926 1267 1
654 1610 56
1313 743 3
494 80 8
162 952 33
138 499 1
601 217 7
848 766 8
958 1581 8
605 1395 7
596 626 8
480 805 2
387 1315 7
1053 689 2
1106 718 10
1506 118 2
221 1375 27
1025 1328 2
1087 611 35
317 855 5
371 1156 8
486 297 2
28 147 8
435 1327 6
923 183 2
259 514 2
442 1393 2
102 1395 7
588 1239 2
834 18 8
720 54 8
605 1322 13
648 623 6
1354 942 33
1247 1388 7
598 766 8
579 879 2
941 172 8
922 285 2
424 591 0
1131 297 2
698 1396 8
563 1367 2
1374 315 2
1251 191 33
545 647 2
217 148 2
1104 1454 2
1106 425 2
491 341 5
325 1584 28
279 981 27
80 805 7
1114 491 2
395 1449 2
993 741 2
770 3 7
1438 891 8
208 476 2
305 806 2
1525 1375 27
306 1243 7
179 340 2
829 1399 6
1380 981 20
747 1561 2
406 923 7
836 854 27
253 417 5
402 433 7
1568 834 2
875 1128 8
878 28 8
1304 646 7
1304 250 7
1081 957 7
518 97 8
1144 512 35
1287 1404 2
859 829 2
501 80 7
317 47 8
17 286 15
1081 189 27
544 624 30
1496 1120 38
252 917 27
988 350 30
1436 384 3
923 1275 2
704 981 12
191 375 30
1 1388 6
531 485 30
23 460 2
1291 777 2
382 20 7
273 21 8
980 216 30
475 1405 2
128 1044 53
370 252 2
1056 667 2
1271 1428 2
466 1062 6
372 1217 8
1363 1014 0
300 347 30
80 1236 6
437 1335 5
1375 1156 7
1500 528 2
159 1457 8
390 1282 30
508 63 8
712 908 8
24 1428 2
913 1309 2
1030 569 2
359 326 7
565 773 2
754 293 0
702 578 7
605 685 8
907 245 2
508 355 8
702 481 74
435 284 6
1284 102 8
555 1 6
1158 32 8
581 1161 8
343 1305 8
371 743 3
662 739 27
297 1070 5
1202 341 5
555 672 2
1145 424 8
1145 28 8
657 1061 2
569 1482 8
350 627 8
436 28 2
170 297 6
1304 613 6
329 562 2
1315 524 52
98 546 2
98 942 2
594 3 10
933 622 35
1221 189 2
438 894 2
1304 1342 7
555 604 2
208 766 7
650 360 2
191 678 2
979 689 2
1008 766 8
933 441 0
1324 920 1
514 1446 2
415 204 7
720 1118 1
951 780 21
297 1004 27
514 666 12
647 150 2
294 495 8
21 657 21
1554 36 33
530 435 8
1504 417 5
591 489 15
1226 1490 5
869 98 2
1052 681 27
847 1305 7
48 1252 2
713 950 33
1461 390 30
750 1518 30
273 258 2
933 1389 7
582 1161 7
505 1305 8
26 834 2
370 880 2
59 114 8
287 998 29
1126 881 5
601 454 7
876 1315 5
1025 201 12
359 1000 2
396 1371 30
217 101 26
1183 491 7
135 1161 8
891 1150 1
91 1500 5
921 819 7
568 633 6
1028 623 2
988 1255 41
1225 196 1
360 167 8
102 903 6
543 1496 41
470 492 2
1104 446 1
1041 1405 2
151 611 35
1485 681 2
450 1404 2
903 891 7
713 213 8
1461 865 2
1031 265 8
1357 1541 2
142 285 2
1036 882 2
457 330 2
13 1310 8
1232 382 48
314 626 2
901 114 7
306 568 7
889 1138 2
902 340 7
1104 670 1
1292 1194 30
1568 159 2
69 1388 7
530 1428 2
1136 39 8
641 574 2
681 90 8
248 146 5
1253 437 8
981 534 7
626 1418 7
922 451 30
880 606 2
499 650 2
913 883 30
938 1292 16
518 1307 13
862 119 59
86 80 8
183 707 2
183 311 2
398 676 2
424 1457 8
195 808 8
45 531 2
750 833 8
847 330 7
297 1062 8
1230 396 55
53 201 2
731 900 7
607 1084 2
623 78 2
1207 495 8
1402 1097 7
1314 458 33
268 916 7
712 588 7
717 908 7
960 688 7
510 213 7
1129 1184 1
1567 1553 1
387 326 8
157 145 2
360 1196 2
126 1388 7
980 453 30
988 519 30
29 1396 8
127 52 8
1035 1230 2
1035 834 2
565 322 2
780 1357 1
800 1120 2
217 497 2
913 498 2
1036 1510 2
463 23 2
1228 763 1
819 116 8
913 848 7
572 751 2
334 499 2
675 1330 2
795 39 8
551 231 2
792 1436 2
1454 531 2
607 1341 30
311 1516 7
550 893 33
981 460 5
1239 458 2
897 1377 8
1317 681 27
1106 602 2
766 1437 8
317 63 7
528 1581 8
834 658 0
624 789 1
317 355 7
979 1030 2
325 462 8
1517 888 57
157 576 1
1317 217 27
70 873 2
631 372 1
543 834 8
162 1333 2
434 893 14
923 412 5
596 1567 1
1373 1225 0
404 315 2
437 936 8
1333 1396 8
409 239 2
292 979 2
1421 929 7
189 80 8
72 424 8
160 241 2
507 1298 7
1437 476 7
1404 853 12
48 905 2
713 1226 12
913 550 5
291 626 8
320 1578 5
864 114 8
391 265 7
633 694 39
391 603 2
488 829 2
256 569 2
3 495 5
40 766 8
152 453 2
161 808 8
437 911 31
1460 437 30
747 390 8
128 1033 2
1240 739 67
31 1099 2
978 611 30
702 823 7
784 523 77
173 624 30
992 453 35
470 505 2
999 888 77
1406 369 3
1053 183 2
266 98 33
1130 489 1
1402 387 8
1479 681 27
1047 1230 7
800 1456 2
119 627 7
1041 662 2
244 390 8
702 359 7
1313 1335 5
1497 39 8
1304 921 5
1374 1224 2
774 1358 2
218 297 2
779 903 6
219 1333 2
1357 1090 2
551 859 2
891 1418 7
546 552 1
442 423 2
1496 620 40
437 1345 2
744 1283 1
653 893 33
1451 102 2
546 506 6
323 939 7
981 1479 11
1317 913 27
98 1177 7
620 1304 5
817 102 8
627 199 5
1447 62 2
654 577 2
80 403 7
234 167 8
796 32 8
1120 437 8
728 654 5
317 1420 8
1561 714 2
900 44 8
650 933 2
265 792 52
1221 1450 2
91 80 7
1562 347 33
647 1479 2
76 701 2
1428 817 1
720 1295 1
419 102 8
1101 1428 75
382 997 7
285 1104 8
12 829 20
409 1555 2
311 1204 30
195 65 8
750 90 8
1297 359 1
702 749 5
730 1061 2
1304 140 7
977 1173 2
297 616 2
759 796 8
334 1225 0
252 846 6
159 836 2
45 476 2
30 759 2
784 1615 77
406 390 8
150 476 2
731 449 7
265 1156 8
623 18 8
1510 834 2
1551 1000 4
1212 1315 5
920 1608 2
20 320 7
1401 1581 8
142 296 7
248 920 74
102 1184 6
551 1217 7
551 1555 2
442 1515 2
923 1092 8
1052 908 8
1481 922 2
449 545 2
241 258 2
139 1416 30
1152 588 8
922 803 2
702 72 7
849 98 30
518 855 5
675 983 2
1552 338 5
673 409 2
849 390 30
476 341 3
70 261 1
569 689 2
1451 1126 2
662 233 27
1454 476 2
459 265 8
283 922 31
1371 1217 8
804 1482 8
1181 1314 5
880 955 2
1447 702 12
270 31 30
424 1415 2
185 623 27
719 1305 6
997 565 7
988 251 2
309 1126 2
650 1561 2
80 1323 7
1562 1371 33
681 663 8
652 90 7
555 197 8
824 880 15
1100 329 2
371 1335 5
159 1153 6
82 627 8
531 678 2
277 1567 2
519 707 2
21 156 15
365 1496 1
849 865 2
287 1000 2
913 1456 30
139 681 27
1449 177 2
862 796 8
507 1243 7
1056 920 1
976 1057 2
162 1210 2
736 330 8
154 1436 2
1037 854 27
348 1002 1
1295 647 2
506 936 8
707 1337 2
1184 33 2
829 917 2
1394 836 27
623 646 8
252 1039 27
1173 1359 2
620 1291 14
499 824 23
488 1375 27
1541 114 8
1184 424 8
1500 1114 2
601 98 2
618 128 2
1061 1580 18
494 453 34
601 52 7
1039 759 2
978 160 30
707 873 2
1287 347 33
85 652 41
240 368 2
599 453 34
750 1340 30
495 533 3
468 534 2
584 514 38
1440 922 20
366 1126 2
1541 70 35
244 340 2
552 1355 2
922 739 2
1313 167 14
774 1011 2
800 1396 8
1448 208 30
118 562 2
1330 926 15
455 880 7
796 1315 7
1474 453 2
552 1287 2
555 898 2
322 1362 2
1454 1500 2
907 695 2
1336 627 7
494 1225 0
1458 941 2
1023 21 8
418 1357 1
981 1424 11
199 1388 7
98 726 7
1336 1315 7
1315 79 5
599 1225 0
1304 735 6
88 325 2
779 1550 8
1230 1062 8
206 360 2
43 1081 52
1443 363 2
142 1314 5
1447 1291 33
681 1583 8
158 1609 47
437 1217 8
889 168 2
1554 1322 13
390 604 2
330 44 8
1075 689 2
1080 1405 2
1079 369 2
647 663 8
868 390 2
1056 1210 6
1200 114 8
1357 445 0
928 607 7
148 779 6
117 390 30
835 610 2
408 1305 8
614 646 68
795 1236 52
1183 785 7
999 1529 77
594 1097 7
355 875 6
139 1036 2
577 1405 2
1337 720 15
437 1047 30
138 607 2
1313 863 14
792 1375 27
944 424 2
263 329 2
145 33 2
20 265 7
470 1474 2
1080 21 8
271 98 8
142 183 2
349 1328 2
348 292 2
217 223 26
578 770 2
145 424 8
1033 1169 2
1185 21 8
145 325 2
514 116 8
360 690 2
271 390 8
210 804 2
1166 305 39
1468 435 7
594 51 8
337 804 27
195 1177 72
1316 605 5
442 1054 7
80 648 7
234 808 8
323 824 7
1315 1378 52
865 903 52
1451 675 2
1242 1405 2
894 1184 2
1415 1408 57
238 834 8
31 1608 46
536 458 2
880 1296 2
618 412 5
647 1364 2
1228 189 1
1544 1315 7
876 369 1
309 675 2
1451 607 2
74 565 2
932 1315 5
651 643 38
984 156 2
1443 264 23
265 298 5
620 626 2
226 1126 30
1081 778 2
530 1581 8
988 128 2
309 607 2
834 183 6
402 937 8
147 347 16
347 1204 30
216 418 30
466 613 6
499 837 23
514 129 2
870 119 8
446 1388 61
133 978 1
1383 323 7
1497 980 1
33 233 27
650 998 29
1069 954 7
595 1496 2
934 133 1
695 838 7
30 21 2
21 1525 2
1271 160 33
216 642 30
978 1416 30
470 1327 6
1303 216 7
829 147 33
24 160 33
1500 699 2
201 225 5
228 603 2
923 1274 2
829 789 8
941 179 8
607 1239 30
479 390 8
1181 1663 5
900 1026 2
1172 487 8
908 358 7
1421 521 5
742 1000 5
1428 1415 5
555 843 2
552 452 12
442 808 8
774 492 2
981 1077 11
311 93 12
878 504 2
592 1239 50
390 1153 6
591 1554 0
98 671 7
978 681 27
409 533 2
565 873 30
1100 610 2
300 889 2
218 114 8
876 1388 7
1476 1500 30
681 1236 8
65 891 7
618 108 1
85 555 2
84 626 2
531 1251 2
1554 818 2
133 899 5
819 1314 5
551 671 14
170 1129 7
1210 726 7
390 1418 7
766 226 3
1424 766 7
1080 662 2
285 603 2
627 791 7
158 1315 7
796 286 15
839 199 2
618 769 2
262 576 1
603 1052 2
391 829 2
514 1445 2
566 776 5
267 891 7
565 911 1
454 1439 16
374 1291 33
865 958 3
476 1345 2
594 1438 7
656 1291 14
139 981 2
269 330 8
605 1453 2
1364 1375 27
297 37 8
360 384 3
142 524 2
738 926 15
1130 611 1
122 1333 2
60 724 35
350 1161 7
491 728 8
1104 617 1
900 1258 2
1004 891 6
29 881 3
110 1181 7
244 908 8
702 877 7
344 588 8
563 399 2
1039 52 8
796 326 8
234 65 8
458 1199 7
681 1541 2
1481 766 7
458 1578 3
1497 139 3
1102 1496 12
816 102 8
80 593 7
634 252 6
1242 662 2
442 1337 2
193 514 57
614 293 66
1121 1496 53
112 21 8
279 409 27
501 1430 57
894 1525 2
330 393 8
1291 836 5
192 514 2
647 1309 2
1297 653 1
627 1487 7
769 889 2
142 1491 5
1173 1170 0
512 937 7
398 915 2
88 1581 8
276 253 57
1106 77 2
1570 1227 8
978 1036 2
880 777 2
1103 326 8
499 821 2
499 425 2
437 83 8
1123 102 8
1313 1217 8
1333 147 8
504 1141 2
1333 881 3
1031 1304 5
118 441 0
867 323 2
74 442 2
759 1418 8
398 451 2
435 1118 5
14 1554 1
888 820 15
226 607 30
1458 1496 41
159 183 6
62 686 7
159 958 2
1001 1554 0
1050 1507 1
360 1097 7
1416 287 2
494 329 2
688 1002 1
1393 908 7
774 54 20
543 311 30
1284 1305 8
599 329 2
1061 444 23
263 610 2
586 1081 2
390 1396 8
1188 607 50
1193 531 50
1112 1000 5
1521 21 8
796 252 6
707 471 2
495 1396 8
1372 1526 7
449 1131 2
1031 1033 2
468 528 2
191 1186 16
707 763 2
220 1375 27
265 3 8
506 852 20
913 1029 2
447 62 2
569 937 7
217 272 2
993 1005 36
605 743 3
667 1097 7
1258 1436 2
592 960 50
1076 952 30
223 160 2
667 1389 7
383 325 20
960 1126 30
770 861 2
995 823 33
325 706 2
437 492 2
102 743 3
558 284 33
1253 908 8
51 347 30
342 784 19
528 1315 7
329 282 2
221 1377 8
27 531 30
1104 199 2
458 139 3
286 1424 1
547 654 2
1567 214 2
565 765 19
628 1333 2
713 683 0
1304 1062 7
54 1362 2
555 324 2
563 39 8
300 834 2
514 0 0
1377 1548 5
1443 837 23
1336 449 7
1305 1342 7
829 441 0
268 1491 7
252 1041 27
870 1156 8
325 1321 8
370 574 41
437 711 8
1125 191 14
190 500 2
190 104 2
913 890 30
734 1455 2
627 782 2
849 987 2
759 47 8
1053 1395 7
303 507 8
514 1098 2
113 1000 5
879 1047 14
626 488 2
862 1314 8
614 341 1
31 942 2
603 1393 2
48 972 2
1075 219 2
148 652 2
988 1094 30
829 1097 7
707 1459 2
721 1033 27
739 495 8
499 65 8
751 596 14
241 784 2
246 766 7
35 1305 8
80 855 5
1448 502 30
770 99 0
779 850 6
470 676 2
140 1305 8
343 1388 7
415 937 5
22 514 2
1265 252 6
784 590 77
908 1395 7
1526 54 8
1382 795 7
1025 993 2
377 21 8
647 883 30
371 1217 8
565 1121 2
442 324 7
1110 1289 36
29 92 8
31 108 44
774 1133 2
682 1181 7
27 114 39
1228 1166 1
98 1020 7
1481 23 7
449 83 8
1069 191 30
1567 910 2
1225 1207 48
258 1139 30
563 298 7
1292 948 15
102 1330 2
222 435 8
867 952 16
447 1305 8
714 1292 14
286 53 1
190 1196 2
1446 1291 33
80 178 7
281 667 27
647 1358 2
997 1315 7
109 908 8
476 1047 30
624 277 1
266 594 10
1497 1578 5
295 31 33
1562 1561 2
933 743 5
869 514 2
1179 297 7
512 824 2
197 1305 8
1313 433 7
1313 37 7
941 850 6
978 981 2
926 573 15
287 1354 2
453 1499 10
505 1388 7
1172 1199 7
390 726 2
183 31 2
437 1341 30
1552 848 8
636 252 2
45 647 2
864 80 7
369 1052 2
33 833 2
770 761 15
506 83 8
603 314 2
360 646 7
1385 65 22
252 582 27
382 996 7
960 1091 64
244 779 6
862 63 59
1500 261 2
522 80 8
32 539 2
20 491 7
195 158 20
1357 1187 0
1028 1075 2
1193 476 50
939 297 6
419 453 35
609 1305 8
1518 908 8
449 1076 2
568 981 6
468 77 2
546 1081 6
1377 1395 7
829 387 8
347 777 2
238 795 7
1129 877 2
917 258 2
221 707 2
800 881 3
993 991 37
125 603 2
447 1291 33
1031 514 2
274 660 5
878 667 27
652 1203 6
1561 1243 7
346 424 8
217 905 2
650 1404 2
512 412 5
546 1305 6
435 719 8
884 770 2
614 1062 5
323 1342 7
881 1374 7
369 809 30
1104 1455 2
268 338 5
592 45 50
889 1382 2
98 269 7
779 743 3
27 476 30
592 1170 51
305 411 2
160 1340 2
681 42 8
750 957 8
1292 581 5
70 301 2
681 730 8
1207 182 7
118 384 5
893 1455 30
1570 139 3
1517 1091 2
819 412 5
492 1567 1
378 1644 2
1525 311 2
745 920 2
762 891 8
607 1140 2
195 1156 8
557 311 50
954 86 2
32 856 6
33 1169 2
1303 510 7
867 891 8
466 735 6
494 610 2
98 536 30
1540 59 8
1416 464 2
160 902 44
870 970 9
241 437 2
290 52 8
625 80 8
713 1274 12
23 357 2
1193 1500 50
1277 52 7
240 143 2
535 750 30
265 226 3
712 1305 8
1171 533 3
240 831 2
783 750 2
1371 1396 8
259 428 33
941 743 3
760 1154 5
674 1106 2
900 856 2
479 908 8
891 59 1
29 37 8
900 1148 2
430 1394 27
774 1078 2
633 1227 6
652 228 6
689 21 7
1014 1462 7
228 1053 2
114 693 2
653 1328 2
555 673 2
102 983 2
563 289 2
311 266 1
429 603 2
82 1161 7
1345 1496 2
454 249 2
993 1392 7
744 1003 1
1210 728 7
923 116 8
720 412 5
1170 1225 0
1224 191 16
1135 1581 8
207 879 2
98 897 7
550 681 2
569 172 8
27 1500 30
141 484 9
1190 873 16
1328 1002 2
756 551 2
12 325 20
1264 611 35
344 702 8
1561 434 2
1194 1567 1
1565 114 2
1550 1161 7
829 1014 0
311 823 2
787 80 8
285 829 2
267 1581 7
627 1017 7
643 1550 8
731 633 7
419 114 8
874 1305 8
1315 848 7
759 958 3
390 671 2
1477 1225 0
147 607 7
618 1391 2
518 1310 8
893 301 14
928 720 2
428 138 35
981 177 2
1323 1292 14
784 1335 77
784 939 77
391 555 2
772 1229 77
636 588 8
1258 1375 27
731 565 7
252 235 27
309 987 44
632 98 8
729 32 8
1414 1305 8
605 1283 2
118 741 2
1173 1047 33
780 624 30
1053 239 2
1490 732 7
159 488 2
698 686 1
244 1161 7
713 579 2
127 1033 2
1207 908 5
1082 476 30
458 1097 7
1357 1226 12
442 902 1
1125 908 7
880 649 41
506 54 20
586 611 2
551 937 7
913 231 2
1225 110 5
32 119 8
1497 387 8
1561 1415 37
449 661 2
1565 1375 27
563 917 2
218 1333 2
1391 390 8
1338 834 2
80 1215 7
1225 1384 48
88 750 7
692 728 8
643 1184 6
1023 424 8
240 75 8
951 1477 21
1456 770 2
889 1035 2
1201 518 5
995 1418 7
417 707 27
654 1321 2
326 129 8
229 477 71
1172 1070 5
1000 77 2
519 157 7
424 1135 2
605 1335 5
88 1416 2
1126 101 7
326 817 8
1446 512 2
1200 1377 8
1538 80 7
308 102 2
632 70 1
981 535 7
1191 879 74
1540 1342 7
1405 958 2
406 1161 7
1402 1125 6
1525 360 2
268 1381 7
1144 62 35
398 1073 2
1313 1298 7
1404 214 2
390 1299 2
913 780 30
62 562 2
934 372 1
1082 675 2
35 681 27
1372 654 5
979 231 2
33 1510 2
145 900 2
145 504 2
533 1500 30
140 681 27
913 215 5
4 891 6
277 888 23
1188 437 50
157 542 2
35 507 8
1412 369 2
720 1384 8
374 1126 33
279 1126 50
594 918 8
309 1388 14
219 1375 27
380 442 2
33 1338 2
192 893 30
1496 1290 38
945 390 8
116 988 2
240 88 2
1053 1550 8
1139 555 2
1328 1578 5
913 917 7
340 1271 7
468 650 2
577 33 2
359 610 2
1138 891 48
854 1610 56
907 191 2
330 108 5
840 1500 30
588 101 8
329 576 2
215 216 2
879 690 1
592 1082 50
653 201 12
1156 908 8
681 1084 2
641 1225 7
447 512 2
609 1315 5
692 149 8
1098 933 2
434 489 6
795 728 8
527 1315 7
995 1341 33
551 128 2
632 766 1
70 942 2
1336 347 7
1230 99 2
430 774 2
900 728 8
98 492 2
1215 993 7
1252 390 8
648 588 8
1231 325 2
418 681 1
324 480 2
597 453 35
875 937 7
894 672 2
919 21 8
516 667 27
1437 987 2
1114 1357 2
417 770 2
859 1075 2
993 1310 8
437 546 2
85 330 2
179 1305 8
759 739 27
724 1000 1
311 321 64
437 937 8
862 1212 8
917 1448 30
1044 851 5
311 430 7
84 297 2
1525 988 2
513 252 2
720 960 1
1016 1490 5
729 1315 7
195 1437 8
1024 1230 20
1140 1225 0
1209 603 7
507 75 3
136 627 52
306 83 8
1314 491 2
603 1223 2
747 360 2
947 1228 1
503 390 2
552 1105 0
834 938 33
16 507 21
116 1305 6
369 150 2
841 1371 2
1126 1392 30
603 1515 2
784 884 77
594 817 7
1391 681 27
491 576 2
265 1217 8
1141 854 27
702 824 7
361 862 2
1173 596 33
140 1036 2
784 816 77
495 147 8
157 1457 8
572 1448 2
483 437 8
495 881 3
818 920 2
1028 569 2
569 1395 7
1357 775 12
866 99 0
1535 922 20
1497 728 8
470 730 2
1152 258 2
151 453 35
902 692 2
1328 139 5
449 210 2
1122 981 2
578 21 8
804 167 8
724 1404 1
9 766 8
55 1190 41
1210 1301 7
542 751 1
168 297 6
417 360 27
933 1237 36
1221 763 2
458 976 29
889 980 2
273 297 6
846 1388 6
108 98 8
183 33 2
880 620 2
541 894 2
681 36 8
108 390 8
1078 1044 53
979 1555 2
618 1298 7
1476 592 30
531 447 2
1463 32 8
408 1388 7
420 1436 2
1545 1315 7
238 952 30
322 326 8
528 435 8
1075 1141 2
1504 991 5
279 804 27
499 992 2
1081 498 2
862 65 59
539 1371 30
74 217 2
398 622 2
741 28 2
618 1568 2
779 1335 5
730 1354 2
1037 1333 2
512 936 7
867 390 2
1459 390 30
377 552 2
142 703 2
369 778 2
1404 1047 33
727 893 33
145 449 2
603 540 2
926 183 1
893 485 30
988 241 30
551 412 5
1081 722 2
494 891 8
1055 390 7
117 552 1
255 611 2
450 875 6
874 1315 5
357 1000 2
28 1062 8
449 568 7
388 102 8
988 173 30
1252 681 27
340 528 7
479 675 33
259 1033 2
1120 1161 7
1468 491 7
531 1310 5
941 341 3
211 1374 78
548 688 2
464 555 2
125 829 2
900 350 2
221 829 2
1502 611 34
292 1230 20
1557 888 57
184 76 57
98 167 7
633 1163 1
1117 1243 7
314 804 2
1126 54 7
1128 1362 2
770 298 7
1354 401 2
286 1267 1
349 297 2
234 1156 8
596 1371 30
551 177 2
82 305 2
569 685 8
1474 514 2
1443 1407 2
772 1164 7
998 1310 7
952 270 5
439 795 7
941 1335 5
836 229 30
270 32 30
915 390 8
1461 60 2
621 839 57
1204 1315 7
900 277 8
528 1428 2
413 702 1
350 624 30
1231 265 8
74 913 2
574 961 35
989 770 2
1554 246 2
769 80 8
974 552 2
311 421 2
1173 658 0
437 486 8
506 568 7
1502 265 15
409 581 2
946 563 62
530 326 8
1394 905 27
647 36 8
655 102 8
850 988 2
315 98 30
707 1338 2
873 574 44
1156 118 5
913 392 5
692 1399 6
139 409 2
30 369 2
315 390 30
265 433 7
151 114 8
1337 489 15
594 1199 8
1394 272 2
489 1451 2
970 784 19
23 1271 2
470 451 2
212 1228 1
424 1125 16
140 981 2
455 908 6
978 453 30
701 759 2
1250 1126 33
350 531 2
261 453 34
1259 134 2
1028 514 2
122 1053 2
1355 1126 33
605 808 8
637 660 5
244 633 2
1121 804 2
900 978 2
229 1073 2
931 80 8
329 753 2
1047 60 44
1483 1106 2
57 908 6
1566 565 57
1258 627 8
810 330 8
429 829 2
1122 588 7
21 129 8
270 1416 30
1044 92 8
102 808 8
440 191 2
85 1075 2
1346 102 2
551 701 2
1040 52 8
325 1401 2
506 1327 6
1468 32 7
364 382 5
1562 1404 2
1344 1044 12
491 440 35
190 1367 2
647 1133 2
1225 914 48
719 623 6
1561 264 2
1447 1292 33
647 1128 8
327 893 14
647 1029 2
1362 206 54
323 462 8
424 728 8
641 23 7
395 889 2
177 908 8
614 433 5
176 880 2
594 1125 6
880 101 2
145 667 27
875 172 8
616 647 2
318 627 8
297 166 2
1183 390 7
961 764 64
36 458 2
1081 37 7
1404 596 33
1394 154 27
491 753 2
268 848 8
601 681 7
1173 877 33
329 341 5
627 139 3
871 1118 5
205 702 77
33 540 2
191 573 15
489 471 8
913 119 7
563 1211 2
578 766 8
502 216 30
792 707 2
624 642 30
692 1418 8
311 1480 1
311 1084 1
681 950 33
337 409 27
804 808 8
1371 881 3
453 877 2
917 424 8
28 881 3
1045 889 40
432 766 1
1455 770 2
563 1097 7
552 209 2
1326 908 7
112 770 2
1380 1221 20
1443 1352 2
1171 1070 5
654 714 1
302 1443 7
889 1553 2
98 44 7
399 952 16
406 1059 7
185 569 27
900 222 8
555 148 2
111 21 8
415 663 7
681 213 8
1297 1001 1
88 804 7
318 888 80
981 657 7
1305 1062 7
1179 1388 7
871 18 8
76 355 8
46 623 6
190 220 2
32 735 6
1284 1388 7
1304 318 7
894 139 3
192 1581 8
756 21 8
1409 1448 2
1303 681 7
1403 320 6
1173 617 2
514 818 2
913 45 5
759 59 8
1397 900 7
300 191 30
154 1377 8
1110 1500 5
505 458 2
417 920 9
1388 936 7
1196 80 8
32 942 2
605 92 7
23 528 2
1180 330 8
667 743 5
1460 1588 41
702 318 7
891 298 1
1459 347 16
449 1479 2
240 606 2
678 1371 2
21 147 2
605 65 8
476 546 2
371 937 8
1030 1033 2
804 1395 7
350 476 2
1045 588 8
766 129 5
565 841 2
450 552 2
229 726 2
702 250 7
865 1325 5
360 3 8
1350 1357 1
316 779 6
883 893 2
420 1375 27
454 128 2
217 912 2
264 489 15
1503 80 8
576 1305 8
900 1314 8
555 844 2
54 286 15
102 362 2
879 812 1
674 458 33
325 716 7
813 21 8
981 1078 11
442 314 2
1251 390 8
457 265 8
437 840 2
1264 1388 61
437 835 8
1317 804 27
207 654 2
875 1122 6
1380 142 20
894 898 2
894 502 2
1252 908 8
1404 658 0
1444 499 2
647 1078 2
295 466 2
424 678 2
1000 443 12
563 387 8
1008 834 8
281 1075 27
485 603 6
978 409 2
158 1362 2
880 150 2
846 1210 6
273 894 2
55 80 7
880 46 2
1129 948 15
1321 102 8
603 34 53
592 1 6
140 1388 7
437 1457 30
157 1418 7
176 23 7
626 836 2
62 59 7
463 60 71
1357 683 0
1540 462 8
347 418 30
294 891 8
297 502 8
1131 265 15
1100 453 34
1539 114 8
471 922 2
503 507 8
239 662 2
158 1581 8
377 437 8
1058 829 2
605 1454 2
268 793 8
428 241 35
601 626 7
479 988 2
1163 829 2
1448 850 30
1039 1333 2
685 875 6
702 1342 7
1037 759 2
507 83 8
1245 1408 57
510 90 8
988 97 15
1053 743 3
939 891 8
454 824 2
240 1234 2
1036 1122 2
922 366 2
555 101 26
154 626 8
1567 1046 12
1162 80 8
942 1500 30
681 1226 12
13 1550 8
259 626 8
454 1116 2
447 1388 7
569 648 2
1104 910 1
125 31 2
329 1384 7
20 435 7
28 92 8
348 206 39
1122 1161 7
893 116 7
1044 269 8
441 1462 7
442 1338 2
70 1359 1
551 936 7
804 685 8
1291 813 15
323 1062 7
34 774 40
552 149 8
569 179 8
464 80 8
800 533 3
1570 1296 8
107 390 8
671 1126 2
900 172 2
1230 1199 7
286 401 1
185 514 27
297 136 6
1561 837 2
900 167 8
1304 39 7
324 998 29
81 893 33
183 551 2
1211 834 2
1297 550 1
172 1161 8
850 258 2
325 298 8
726 1567 1
361 1190 41
734 1224 2
581 480 30
996 891 8
737 574 2
499 1114 2
32 284 6
728 610 2
479 1305 6
834 1196 2
1000 904 9
1306 80 7
1211 662 2
454 412 5
713 1446 2
406 1305 8
265 1342 7
1303 626 7
323 472 5
609 1388 7
713 666 12
252 638 27
514 367 2
177 102 8
158 611 2
31 269 7
598 891 8
499 1437 8
1173 1250 2
834 1128 2
29 1199 7
518 42 8
945 1126 33
1129 960 1
694 774 2
261 32 8
1524 326 2
605 37 7
261 329 2
81 880 15
763 893 30
142 757 2
1047 28 2
980 229 30
1448 167 30
143 28 8
34 804 38
245 183 2
800 208 2
449 1424 2
913 1030 2
1495 1375 27
468 425 2
505 330 8
1166 879 39
524 1588 41
102 37 7
605 307 2
823 382 8
486 998 29
18 80 8
1172 37 8
229 671 2
941 813 8
98 393 7
591 998 29
298 865 6
59 643 5
220 707 2
106 347 2
774 798 2
779 1217 8
1180 1315 5
98 685 7
223 453 2
1321 1161 7
263 453 34
189 1554 7
555 393 2
102 307 2
1460 60 2
208 893 2
1253 1305 8
442 259 2
1336 518 7
766 735 6
880 1474 2
83 1161 7
1333 1199 7
930 551 40
139 160 30
330 1314 8
576 390 8
409 479 2
1225 116 48
1080 297 6
698 1578 5
438 569 7
1447 98 33
624 1253 1
647 231 2
555 716 8
1225 408 48
514 433 7
531 1197 2
514 771 2
951 501 21
65 1129 7
841 922 2
734 1456 2
1570 149 8
1533 653 1
372 135 5
849 988 2
195 1212 8
372 1306 1
277 1371 33
880 90 8
1204 495 8
23 877 2
736 854 2
1177 1230 2
601 347 7
160 309 2
1411 159 1
48 973 2
238 31 30
712 1388 7
309 415 44
191 724 30
784 1055 77
784 659 77
148 607 7
1237 1315 5
577 900 2
454 279 41
273 766 8
484 920 1
1448 503 30
1069 159 2
912 603 6
625 32 8
899 190 7
1061 25 2
1171 881 3
1275 514 7
1374 1360 2
340 71 7
102 228 6
349 888 23
229 1299 2
819 916 8
588 1296 8
1304 593 5
923 532 8
558 25 2
1330 605 1
1357 1262 2
340 3 7
28 37 8
698 1062 8
449 673 2
340 295 7
681 1482 8
569 228 8
454 1384 8
627 938 52
614 727 5
404 787 2
1104 1120 2
1307 865 6
679 390 8
372 1227 5
279 647 27
592 106 50
80 471 7
874 1388 7
627 1095 12
759 1041 2
1297 599 1
191 1418 8
519 611 2
836 1230 2
391 1075 2
437 75 3
118 1005 36
1333 139 3
913 604 30
330 167 8
1230 477 55
913 208 30
265 959 7
1436 1342 7
383 941 2
1519 1388 7
343 1315 5
960 764 64
62 282 2
256 1333 2
261 1315 7
996 80 8
1277 770 22
607 805 2
1183 1304 7
1183 908 7
380 626 2
127 1449 2
626 139 3
1081 497 2
222 372 1
952 1072 8
1152 437 2
138 1126 2
499 264 23
565 1004 27
1000 718 10
360 917 2
449 1077 2
340 699 7
1214 1421 1
1377 1396 7
841 98 8
926 619 2
1371 728 7
1084 594 10
1098 1554 0
923 868 8
841 390 8
1500 486 2
952 999 14
229 324 2
1104 1087 1
558 653 2
545 1405 2
1135 626 8
880 36 16
779 433 7
217 568 7
1381 98 8
1371 730 29
558 945 2
1258 1377 8
1354 572 2
80 1563 7
1357 579 2
489 817 8
23 451 30
552 727 2
1526 412 5
981 1393 2
995 1457 33
774 383 2
505 1315 5
792 1449 2
588 149 8
114 68 24
690 893 14
168 1388 6
1315 586 52
766 284 6
1046 660 5
552 53 34
1450 504 2
217 833 8
1000 425 2
633 824 6
997 633 7
633 1162 1
565 368 30
1340 80 8
208 770 2
988 1007 2
539 70 2
1098 201 12
86 1581 8
961 1404 1
295 952 33
1282 514 1
1497 104 5
720 388 1
1394 1076 27
1084 588 8
1029 1304 5
933 990 37
862 1156 59
399 458 2
1376 1421 1
409 648 2
290 80 7
865 183 8
1330 114 8
1174 1033 2
842 1106 1
1209 323 7
1461 160 30
514 648 2
275 1307 13
252 1211 27
497 514 2
1404 523 23
870 971 9
485 804 2
452 1181 7
594 583 2
506 1004 8
1500 890 2
852 21 8
265 249 8
476 840 2
362 480 2
261 610 2
594 974 8
1460 880 15
804 233 27
241 1126 2
960 13 64
800 1199 7
85 428 41
1158 102 8
470 622 2
1357 109 0
1029 1033 2
205 245 77
363 1448 2
699 160 33
454 318 2
127 297 8
1029 569 2
1145 390 8
324 1000 2
217 1138 2
470 450 2
1158 326 8
454 250 2
442 540 2
558 1580 18
770 1389 7
692 101 8
1232 48 48
476 1457 30
179 1388 7
259 52 8
551 872 2
333 891 8
1496 1029 40
160 844 31
855 70 31
861 1443 2
416 442 2
409 1052 2
928 987 41
1221 833 7
80 20 7
664 1230 2
411 504 2
1119 21 8
1177 369 27
514 1298 7
922 513 30
922 117 30
39 875 6
305 1008 39
627 1310 7
155 201 12
647 1127 8
269 922 2
727 1328 2
839 1114 2
759 855 3
651 889 40
297 728 8
1037 1053 2
1547 766 8
506 75 3
999 1305 77
186 114 8
553 311 35
1081 150 2
784 1628 77
486 1000 2
491 982 7
595 1590 38
591 1000 2
913 1152 26
1230 115 15
361 1210 2
1221 139 5
1129 850 1
125 325 2
341 1388 7
195 1118 5
118 1384 7
551 1469 47
707 362 2
862 1325 5
1025 1567 2
900 739 27
918 102 2
348 756 2
913 628 2
1391 360 2
555 223 26
29 1062 8
347 723 2
551 1568 2
85 1500 7
1364 829 2
369 823 30
894 1424 2
1035 891 8
820 265 8
675 704 2
1240 139 1
217 455 2
270 216 30
463 80 8
667 1321 8
1253 507 8
633 837 6
428 838 7
456 458 29
325 597 2
569 743 3
981 604 7
435 957 8
880 676 2
1337 891 7
404 1360 2
894 1310 7
217 90 8
191 1006 44
281 995 1
147 191 16
633 373 6
1304 557 7
1079 795 7
879 620 2
654 206 39
850 880 2
131 1421 67
624 747 1
406 766 7
1230 758 55
1077 1044 53
1394 729 27
514 661 2
623 836 2
1327 21 8
1081 1242 2
190 391 2
611 730 2
1394 625 27
1570 39 8
750 1127 8
635 46 8
719 21 8
590 614 7
1302 149 8
454 983 16
489 1239 2
950 779 8
1259 1629 2
24 1443 2
577 894 2
127 23 2
1172 39 8
531 724 30
35 409 2
119 320 6
23 699 2
1188 1126 50
437 536 30
241 675 2
140 409 2
565 1080 2
829 1321 8
178 1291 14
810 1388 7
237 635 2
1391 988 2
116 506 6
784 85 77
240 381 2
1354 537 12
1171 37 8
119 252 6
800 726 2
1436 1325 5
464 611 2
483 102 8
357 32 8
241 607 2
565 616 2
170 476 30
1454 893 2
52 1578 5
912 804 2
596 114 8
1251 1126 33
814 90 8
1029 514 2
774 1024 2
774 628 2
217 1479 2
1333 1097 7
185 1436 27
301 518 77
441 317 7
344 28 8
879 1024 2
220 829 2
770 646 7
563 235 2
779 1298 7
281 626 27
442 485 2
311 207 7
1451 1371 2
1315 471 52
551 83 7
1201 611 1
1210 570 7
21 573 15
1221 90 7
309 1371 2
317 1086 8
527 1581 8
1019 390 8
647 807 7
652 1127 7
555 838 8
486 1554 0
179 1161 7
720 961 1
1278 993 1
1489 1678 1
1084 770 2
623 1418 7
1557 784 19
627 905 2
1424 834 7
382 663 7
1281 297 6
1131 675 55
160 535 2
618 545 2
627 1296 8
273 565 2
727 201 12
759 462 8
618 936 8
398 287 2
862 1437 8
681 683 0
382 199 7
665 1190 41
568 252 6
1405 104 2
75 1315 5
32 138 2
586 229 2
402 1070 5
311 1094 30
977 766 8
1258 360 2
713 129 2
1515 662 2
28 39 8
754 1578 5
713 916 8
876 1554 5
142 300 2
648 875 6
501 297 8
524 390 30
899 1104 7
102 850 6
1030 1436 2
157 147 8
913 177 2
420 506 6
347 663 8
125 98 2
449 503 2
1136 54 8
551 757 2
1225 1330 48
913 63 7
1565 360 2
1035 80 8
1371 533 3
442 1108 8
1554 1249 1
634 320 6
550 888 23
458 977 29
795 384 3
894 905 2
1232 913 48
1087 920 2
1126 706 44
92 610 2
900 384 3
1333 387 8
710 435 5
68 1129 63
435 88 3
1411 1081 1
62 576 2
759 1163 2
99 369 3
304 923 32
1511 382 5
555 259 8
976 499 2
297 978 2
745 879 2
524 1449 2
869 1033 2
415 1112 8
981 423 2
530 952 33
1176 1421 1
678 1430 5
154 1375 27
1207 114 8
183 258 2
158 454 2
1405 1196 2
913 726 30
859 325 2
1313 848 7
470 1162 1
1443 622 34
618 1523 7
1180 1388 7
514 246 2
126 1449 2
495 1199 7
1394 210 27
495 1578 3
879 883 14
159 1026 2
594 181 2
1185 834 8
938 623 2
1394 502 27
499 1212 8
814 685 7
627 149 8
479 681 27
77 311 35
1053 808 8
774 513 26
142 928 2
751 36 14
1036 1525 2
796 320 6
126 70 2
549 746 62
424 1186 16
675 1345 2
286 573 15
565 269 2
941 296 8
607 960 30
1166 654 39
506 524 20
772 320 77
216 568 7
476 266 2
594 796 8
913 1493 2
804 1156 8
552 637 12
1328 1246 37
581 662 2
774 677 2
362 297 8
800 1062 8
1011 1315 7
51 191 30
624 1282 30
790 435 7
819 63 8
588 47 8
1160 102 8
1321 603 6
900 1039 2
217 1127 8
438 458 2
98 856 7
98 460 7
217 1028 2
558 444 23
1354 1090 2
446 920 2
325 436 7
1454 770 2
1230 441 2
1230 45 2
1315 416 52
981 1515 2
1308 891 6
216 1125 8
411 667 27
960 1404 1
650 1500 33
1106 853 12
98 1220 14
1230 728 8
681 957 8
576 952 14
647 798 2
77 614 7
306 97 8
190 672 2
614 581 1
631 611 1
391 618 2
1295 1405 2
295 118 2
958 320 6
938 160 16
834 824 6
1058 325 2
573 766 1
216 1455 30
596 258 31
535 458 85
890 50 14
724 764 64
1183 159 7
1061 1575 2
1188 1371 50
913 393 5
136 865 52
1061 1191 12
392 1581 8
1416 983 2
1537 728 8
1354 1562 2
921 779 7
1196 32 8
382 86 2
30 662 2
390 139 3
273 442 2
64 531 30
495 139 3
1447 594 10
1039 1053 2
1039 1449 2
670 1315 7
460 1567 1
891 646 1
317 296 5
1374 1135 2
893 1186 16
70 1251 1
1202 533 5
236 466 75
430 1609 47
866 441 0
213 1305 6
1505 52 8
217 1364 2
891 974 1
570 297 8
195 1418 7
681 1262 2
1357 1329 2
1221 1069 2
189 692 2
1449 233 27
555 1583 8
442 1058 2
569 3 8
569 341 3
634 265 6
804 743 3
1250 390 8
258 212 71
1461 981 2
81 1328 2
926 813 15
657 265 8
647 1030 2
1022 21 8
662 882 2
1297 374 1
519 48 7
747 1106 2
98 88 3
177 1305 8
55 1230 2
759 1207 8
552 139 3
330 384 3
743 908 2
626 1252 2
325 18 8
201 821 75
569 1335 5
449 1152 26
618 1176 7
1405 1141 2
913 671 30
244 623 6
261 1428 2
852 880 2
369 1120 2
14 1567 1
681 1314 5
191 205 14
1059 318 2
159 1367 2
692 321 6
471 891 6
557 480 51
923 1112 2
1405 677 2
1130 265 15
722 1161 8
158 326 8
1081 663 8
1339 1057 5
178 102 8
594 855 3
372 226 1
713 1098 2
724 13 64
194 1609 47
1173 214 2
796 265 6
1445 1225 0
880 1168 41
468 244 8
692 1419 8
913 808 7
320 1399 6
911 1230 2
1488 551 2
453 1274 2
428 1470 2
1479 191 2
347 1236 8
217 285 2
627 1037 72
1483 424 2
779 937 8
681 579 2
428 1006 2
435 787 8
981 685 6
1304 54 6
519 681 1
433 114 8
880 1194 2
873 1354 2
190 289 2
98 337 7
750 296 7
270 311 31
559 80 8
300 159 2
657 1581 8
397 52 1
1291 270 5
526 305 2
886 627 8
476 536 30
195 1396 8
211 390 8
297 1213 7
739 854 27
646 1305 8
325 646 8
1533 81 1
306 42 8
190 221 2
173 191 2
474 1000 5
1304 715 7
1416 704 2
1210 392 7
252 1450 27
252 1054 27
737 922 2
1081 1364 2
913 1299 30
1201 32 7
409 423 2
1295 908 7
278 879 2
558 1214 0
1421 1550 8
1306 32 7
1209 98 7
494 31 33
865 646 8
1054 626 2
654 267 55
1173 910 2
913 338 5
1388 937 7
551 986 5
254 920 74
360 1342 7
1383 1305 7
905 1609 47
923 1298 7
1371 1199 7
23 925 2
486 347 33
479 23 7
923 1636 2
258 535 2
1313 83 8
1448 223 30
491 462 8
125 1075 2
64 476 30
951 1577 8
779 863 6
21 148 2
899 306 7
595 114 8
681 937 7
1253 1388 7
1004 265 6
551 423 2
1357 666 12
1000 17 57
219 829 2
702 939 7
1556 1228 1
98 1137 7
217 1309 2
341 409 2
834 92 8
82 879 2
1225 928 48
899 134 7
563 852 8
315 707 2
191 1607 2
311 334 1
80 259 7
323 39 7
1230 1014 2
420 707 2
1061 1514 0
1210 796 7
81 201 12
614 51 5
190 917 2
330 59 8
902 114 8
880 511 2
1328 1070 2
652 957 7
409 1515 2
194 889 2
759 365 2
1443 602 2
1437 1402 2
974 1126 2
626 905 2
1119 588 8
106 624 30
833 1554 7
1210 1457 8
1394 1479 27
1402 273 6
528 326 8
1533 1001 1
1213 766 7
144 159 5
913 324 30
941 863 6
1500 272 31
360 990 37
601 695 7
390 838 8
527 32 8
908 646 5
13 412 5
50 584 2
1526 471 8
933 1062 7
605 1455 2
1173 823 33
1269 1416 2
912 1388 7
834 59 7
384 21 8
154 627 8
701 1333 2
495 1062 8
563 1553 2
349 1567 2
829 108 8
21 672 2
866 1014 0
654 436 1
437 1491 7
1408 1507 5
453 823 2
674 491 2
449 729 2
1128 565 2
1240 310 1
226 1436 2
1371 450 29
1031 626 8
1219 1388 7
1131 603 2
607 782 30
70 49 1
1308 489 6
202 48 2
763 1033 2
880 1139 2
326 197 8
834 99 0
995 421 33
191 163 8
102 341 3
191 460 2
74 804 2
979 471 2
495 1097 7
952 863 7
979 763 2
546 21 8
190 166 2
21 101 26
191 1401 44
1201 23 2
1110 70 35
499 1407 2
347 1047 30
713 1447 2
1303 627 7
159 1252 2
618 83 8
784 1635 77
48 638 2
102 1335 5
440 800 1
1173 1251 2
1035 1075 2
1044 1389 7
1044 1589 38
1174 1081 2
923 1243 7
1081 1236 8
11 764 2
487 21 8
565 855 2
159 206 54
155 893 33
1172 502 8
246 770 2
28 789 8
125 1416 2
913 1031 2
371 533 3
1054 102 8
191 362 31
325 1 6
928 32 8
555 83 6
913 1381 7
361 297 8
552 1247 2
476 492 2
572 888 2
998 335 5
1377 433 7
982 531 5
192 1567 1
774 1195 2
1371 1474 29
139 229 30
330 1342 7
258 513 30
27 893 30
458 460 2
203 574 2
434 265 6
551 300 2
724 552 1
988 1131 2
891 1197 2
160 272 31
420 360 2
1000 853 12
647 1152 26
305 1516 2
804 3 8
804 341 3
75 1388 7
238 98 8
1328 327 2
190 1258 2
647 628 2
318 1462 80
57 627 6
62 1384 7
256 1375 27
177 804 2
1443 151 2
466 1507 5
979 1391 2
1436 365 2
399 514 2
655 1377 8
639 390 2
1394 1424 27
1371 1070 5
720 1424 1
978 647 2
731 750 7
875 63 8
35 880 2
479 623 6
1313 823 14
1329 114 8
262 1252 2
443 660 5
1177 21 27
507 97 8
1193 908 8
503 458 2
495 387 8
933 1111 7
999 1421 77
1516 889 2
646 1315 5
1328 606 35
1404 883 33
402 75 3
599 1292 33
751 890 14
239 504 2
956 21 8
369 249 8
934 80 7
1372 449 7
750 484 9
1377 769 7
42 390 8
983 1292 30
392 32 8
952 377 8
28 502 8
1028 1033 2
917 880 33
555 1399 6
459 1377 8
565 104 2
819 813 8
897 102 7
1449 1169 2
1221 957 7
360 241 35
1221 1295 2
1229 136 6
551 928 2
80 936 7
1355 201 12
1460 981 2
1262 1388 61
1136 855 3
190 1198 2
695 533 3
894 1076 2
981 324 7
1172 441 0
983 1371 2
1568 569 2
1449 1393 2
880 1084 2
620 1375 27
125 1304 5
119 941 55
265 1153 52
1402 158 6
322 102 8
922 173 30
370 1496 41
770 341 3
514 89 2
498 834 2
277 1404 2
1402 846 6
922 861 30
511 770 2
720 53 1
158 229 2
1540 1396 8
1436 78 2
576 31 14
447 594 10
901 453 35
1084 458 33
49 201 12
159 905 2
347 596 30
1183 1305 7
1044 1602 38
48 291 2
1171 1199 7
53 611 2
607 1098 2
369 1242 2
784 1580 77
681 1151 21
145 913 2
1500 263 2
707 778 2
437 1070 5
1171 1491 7
1126 485 30
360 882 2
988 309 30
158 453 2
923 1630 2
161 298 8
594 248 2
594 644 2
290 114 8
20 785 7
1152 1126 2
508 90 8
284 1305 14
1302 139 3
1403 80 7
696 1581 8
750 781 30
1047 662 2
420 1305 6
250 390 8
1233 454 1
1371 1062 8
1354 1329 2
795 855 3
569 1217 8
982 476 5
993 1244 36
1495 360 2
98 1073 2
98 235 7
189 1500 7
1289 813 15
317 833 7
98 609 2
1228 1460 7
459 626 8
421 531 2
190 911 2
102 936 8
1371 1392 30
894 393 2
627 63 7
995 101 8
880 1316 2
1570 163 8
1221 148 2
664 603 2
647 177 2
1304 1301 7
750 1152 2
1417 667 27
867 862 2
869 229 2
514 717 2
979 648 2
531 747 2
1394 1077 27
514 1009 2
1533 599 1
634 114 8
98 176 45
1570 387 8
1221 471 8
23 823 2
1283 458 33
1326 21 8
858 1581 8
26 569 2
618 661 2
1458 311 30
606 514 1
1054 415 1
391 325 2
28 1097 7
507 88 3
98 830 30
856 908 8
1552 63 8
727 993 2
514 936 8
845 784 19
329 1237 36
150 258 2
574 1509 1
133 1389 7
1448 53 30
42 1448 50
1164 1418 7
311 418 30
839 315 2
978 229 30
470 915 2
470 519 2
900 1510 2
415 1176 5
1259 306 2
454 715 2
1288 437 8
102 1345 2
563 1047 2
348 421 2
29 39 8
661 1377 6
442 959 7
450 675 2
468 284 33
1079 31 30
854 1469 47
1044 228 8
855 98 30
453 421 2
1352 888 2
316 506 6
218 707 2
1031 229 2
922 189 2
81 1567 2
1449 1510 2
919 834 8
1421 937 5
23 976 30
1316 442 5
796 114 8
70 1250 1
437 1359 2
923 410 8
1292 861 30
1136 462 8
643 850 6
894 625 2
834 1399 6
995 1125 8
1561 436 2
1541 614 7
435 158 59
1553 662 2
841 854 27
1232 102 8
763 626 8
1315 1314 7
627 1379 7
886 1377 8
491 1237 36
800 810 15
483 594 1
133 1419 5
450 1292 30
747 1173 2
1429 102 7
1555 114 2
371 1199 7
1031 1230 20
1081 219 2
1333 39 8
330 1325 5
371 1491 7
977 499 2
747 458 33
727 933 2
160 883 2
49 1126 33
1292 940 2
54 454 2
854 116 8
439 551 30
466 54 6
618 1243 7
784 1233 77
1148 854 27
53 160 2
729 326 8
217 1152 26
1295 33 2
707 723 2
1173 745 2
626 39 8
517 98 14
800 167 2
1081 438 8
1225 472 5
810 766 1
829 298 8
1152 675 2
1379 750 2
28 387 8
1367 1436 2
380 504 2
125 618 2
142 648 2
468 24 2
951 1062 3
1377 1342 7
891 1399 6
707 259 2
506 1070 5
360 462 8
1291 1072 8
240 150 2
558 1355 2
217 1417 27
22 70 2
489 1227 8
1201 588 5
569 433 7
1152 607 2
891 341 48
932 52 8
795 462 8
565 677 2
588 163 8
1371 676 29
1359 191 33
1026 829 2
900 462 8
98 622 2
189 320 6
1357 129 2
1291 999 14
774 689 2
543 574 2
213 766 7
61 311 1
614 1105 66
539 480 2
928 1616 41
442 150 2
199 424 2
1315 136 52
1570 1419 8
714 160 14
499 1409 2
628 829 2
98 112 7
913 850 30
502 759 2
750 805 2
258 335 30
1570 108 8
995 384 3
779 936 8
45 894 2
347 1341 30
70 202 7
633 1062 6
1316 70 1
338 531 30
607 1447 2
1210 167 7
1570 40 8
1322 390 8
911 1057 5
834 930 69
21 223 26
499 853 12
865 129 8
1174 1375 2
1174 979 2
1141 1315 6
736 52 8
278 654 2
1075 471 2
607 983 2
26 514 2
865 817 8
618 210 2
449 1381 7
425 453 35
643 743 3
140 770 2
1540 298 8
693 1375 27
1299 1443 2
265 533 3
372 728 7
798 1375 27
1271 229 33
911 1660 1
695 1199 7
610 904 9
957 102 8
1313 1070 5
178 1292 14
24 229 33
595 804 38
1240 836 1
876 531 5
1375 1396 7
1166 114 8
240 778 2
470 464 2
928 555 2
879 656 1
472 1388 7
790 491 7
1036 166 2
437 684 2
766 593 5
912 409 2
438 514 2
750 393 5
610 1507 5
435 1482 59
265 421 30
98 808 7
1122 647 2
653 1567 2
334 1581 8
1304 1213 6
555 912 2
692 47 8
305 909 1
392 286 15
552 1296 8
1316 766 1
1198 470 1
442 778 2
503 1315 5
1215 891 7
1003 98 33
1554 1351 2
1221 429 2
178 603 6
506 1381 7
1210 1259 7
1077 1449 2
1338 80 8
528 466 2
306 341 59
160 604 2
160 208 2
768 891 8
973 80 7
626 1076 2
1476 258 30
512 1112 2
166 854 27
614 533 1
686 23 5
1161 855 5
271 854 27
880 218 2
1302 1097 7
1087 908 8
1322 1305 14
722 908 7
507 719 8
681 684 0
297 575 2
159 399 2
500 834 2
500 1230 2
369 881 3
1288 390 8
494 265 8
1496 677 38
1299 468 2
927 489 1
252 78 27
1173 2 2
586 626 2
1344 1430 57
1291 947 44
1230 61 15
1173 890 33
391 1291 30
1408 971 9
713 818 2
125 563 2
713 813 8
24 297 2
362 1377 8
21 843 2
588 1419 8
1488 667 2
800 39 8
1253 62 2
1014 330 7
890 1230 7
1126 116 7
675 942 2
558 452 12
80 1058 7
208 437 2
1463 102 8
1210 1199 7
265 88 5
684 1292 14
371 1070 5
654 872 2
348 281 55
1239 70 2
789 191 33
619 1375 27
201 904 74
499 91 67
1443 742 23
330 462 8
1210 1491 7
1106 214 2
1100 952 33
36 624 30
487 1057 57
601 1567 1
108 1500 5
77 424 8
1126 772 14
338 476 30
841 70 2
620 1036 2
1394 279 27
1230 600 55
829 273 6
479 1081 6
518 183 2
1543 1322 13
934 611 1
745 766 7
618 259 2
1000 972 9
154 707 2
1323 160 14
591 531 33
752 390 8
159 1418 8
1394 503 27
1537 101 8
24 993 2
988 535 30
923 1460 2
1302 387 8
360 1062 7
1058 21 8
569 1120 2
817 770 2
144 390 8
1129 1424 1
1271 611 34
565 1026 2
817 1161 8
922 1166 2
1526 796 8
249 390 8
220 551 2
140 647 2
24 611 34
1357 0 0
654 1469 47
876 476 5
1362 986 53
306 338 5
240 723 2
1503 265 8
1468 785 7
913 1156 7
1305 881 5
565 958 2
1354 775 12
402 658 0
1173 523 23
350 588 8
216 803 2
688 421 2
1220 891 6
1017 750 2
223 229 2
217 1029 2
1003 466 2
696 32 8
1102 1075 57
1343 80 7
676 607 2
80 83 7
102 433 7
1225 648 48
258 976 30
555 857 2
646 1388 7
1231 627 8
546 893 2
555 852 8
323 155 7
530 297 2
933 1244 36
1230 1125 8
437 848 8
173 607 2
664 829 2
318 1633 80
988 1234 2
988 838 2
81 993 2
116 50 55
806 750 30
35 390 1
466 990 5
55 603 2
347 1518 30
441 424 8
1340 891 8
395 555 2
626 625 2
600 252 6
768 80 8
720 1298 7
35 759 2
843 854 27
756 667 2
382 213 7
611 1200 2
216 1456 30
372 978 1
251 1228 1
436 31 14
437 782 30
1510 514 2
1217 1315 5
1404 366 33
329 75 5
265 39 7
287 1292 30
1537 1125 8
497 1033 2
371 1062 8
604 499 2
22 1443 2
784 1123 77
784 727 77
380 667 27
476 1359 2
263 952 33
988 1455 30
1162 265 8
1081 36 8
925 893 33
127 889 2
1129 53 1
1033 1196 2
1527 21 8
479 1059 7
232 889 2
279 390 50
125 216 2
613 880 20
1229 83 6
157 139 3
33 206 2
357 611 2
28 277 8
1259 32 2
217 619 27
909 29 2
555 1553 2
1468 102 7
923 308 8
1025 347 33
546 1210 6
1145 1305 8
1129 318 2
442 685 7
112 504 2
347 568 7
217 54 2
1104 1360 2
424 803 2
623 1399 6
218 829 2
1355 360 2
286 982 1
80 711 7
647 1495 2
550 1561 2
737 216 30
769 1075 2
125 435 8
501 1225 0
1329 325 1
1106 823 33
692 958 3
133 1317 5
569 296 8
311 677 7
999 891 8
993 543 2
925 880 15
302 713 7
647 1031 2
347 833 8
216 47 8
707 911 31
281 531 2
880 463 2
419 702 8
502 854 27
1262 453 35
961 552 1
70 138 2
1106 1047 33
869 979 2
160 1131 7
177 1161 7
713 81 10
1230 649 55
1305 728 7
512 1243 7
1081 3 7
1016 754 5
58 774 2
1499 468 10
49 360 2
1042 854 27
390 399 2
32 780 2
834 917 2
154 360 2
1404 2 2
369 1121 2
470 1062 6
52 101 8
1006 70 35
627 163 8
297 1148 2
31 36 2
142 1338 2
607 873 2
643 341 3
1343 702 5
265 1396 8
938 569 2
1375 1062 7
716 908 8
907 1462 2
259 652 2
514 83 8
252 255 27
1537 46 8
834 849 2
155 1328 2
834 1141 2
605 533 3
829 1212 8
565 575 2
1472 1075 57
229 460 2
392 435 8
390 724 30
454 1523 7
1028 1436 2
1036 1367 2
20 1581 8
193 1328 57
1210 1070 5
463 626 7
760 991 5
643 1335 5
923 1233 2
213 623 6
695 1062 8
325 450 7
383 23 30
321 603 52
491 59 8
627 1135 5
528 1443 2
592 974 50
581 504 2
774 519 2
98 406 7
558 1409 2
298 1315 7
411 681 27
880 1555 2
306 1381 7
23 519 30
795 958 3
1225 593 48
1210 169 7
78 504 2
1336 531 7
98 676 2
894 168 2
1210 461 7
995 272 8
190 978 2
762 1033 2
216 781 30
281 449 27
862 1396 59
424 47 8
194 262 2
728 252 6
974 499 2
303 297 8
979 423 2
833 531 7
1497 172 5
385 1161 7
1533 374 1
611 853 2
878 390 8
829 846 6
926 1118 1
720 1243 7
285 265 8
161 769 8
1315 685 7
820 428 1
582 1405 2
52 1125 8
650 21 8
217 338 5
1230 1330 15
23 890 2
161 1457 8
157 1125 8
601 360 7
759 68 24
1458 774 30
591 1500 33
240 676 2
507 213 8
923 1637 2
268 167 8
981 342 9
150 325 2
605 1120 2
285 489 8
425 611 35
268 63 8
390 39 8
531 1139 30
908 284 6
495 39 8
1221 1578 5
371 881 3
1372 565 7
1357 1447 2
205 313 77
25 80 8
337 1230 2
1292 697 14
1191 1490 5
320 321 6
228 1581 8
457 627 8
836 476 30
440 102 2
216 1376 2
29 502 8
1053 341 3
205 1554 7
1137 32 8
899 531 7
315 766 7
449 97 8
218 774 2
541 458 2
551 648 2
1283 594 10
1316 1388 1
3 404 8
988 1479 2
323 40 7
70 1025 1
229 976 29
933 533 5
979 1515 2
894 796 2
347 90 8
1126 597 44
605 88 5
1190 1664 1
536 70 2
411 1036 2
1084 1357 2
409 1120 2
759 762 2
1404 1046 12
281 476 2
535 1581 8
1075 1393 2
72 1305 8
1053 1335 5
183 217 2
1192 1161 7
1316 1315 7
1209 795 7
524 652 2
435 37 8
779 83 8
1315 1381 7
160 726 2
856 988 2
32 911 31
626 1198 2
437 88 3
1179 603 7
731 702 7
657 435 8
1539 80 8
627 1378 7
910 866 36
494 952 33
159 625 2
1253 1315 5
1506 993 2
908 1335 5
1547 834 8
195 636 20
928 1081 2
138 514 1
1160 1126 33
454 848 7
157 384 3
222 489 1
938 514 2
707 498 2
1517 13 2
981 970 9
53 326 8
510 92 8
316 702 10
834 794 2
256 1377 8
161 18 8
1052 770 2
1037 1449 2
1466 1678 1
449 798 2
701 1230 2
1362 584 53
21 1069 2
1481 1129 7
1383 159 7
889 1469 47
563 1450 2
648 667 27
998 104 5
923 886 2
675 840 2
836 1500 30
440 1126 2
607 851 30
233 489 7
551 1298 7
316 1305 6
820 437 8
889 1568 2
774 172 2
98 59 7
217 231 2
424 1376 2
1031 627 8
679 766 7
592 919 50
878 681 27
633 613 6
681 129 2
468 18 8
632 311 1
879 464 2
993 824 2
217 1310 8
995 782 33
590 311 35
147 1616 41
325 665 2
328 114 8
1449 34 53
190 235 2
1044 577 40
1230 228 2
980 662 2
462 908 5
507 417 1
659 102 8
487 1044 17
565 381 30
1100 118 2
191 852 8
1210 46 7
98 1403 14
986 569 38
1069 1496 53
898 80 8
912 1315 5
26 854 27
466 1213 6
240 911 31
654 281 55
720 401 1
1295 504 2
1081 914 2
270 759 2
49 933 2
506 793 8
1322 160 14
1525 325 2
601 13 7
957 133 59
1313 97 8
1458 31 30
711 770 2
395 80 8
31 609 2
317 1566 5
486 1404 2
507 54 59
1061 1070 2
28 1213 7
999 398 77
607 1446 2
575 854 27
752 908 8
829 706 2
1313 75 3
974 320 19
161 646 8
594 992 2
1500 903 2
258 877 2
565 856 2
565 1252 2
118 523 2
144 908 8
900 938 2
565 1148 2
1260 770 2
993 412 5
928 330 2
804 1342 7
112 667 27
563 475 2
1421 433 5
673 894 2
1228 1589 1
1236 908 7
909 834 2
909 1230 2
716 102 8
325 1069 2
1402 855 3
464 1075 2
1259 21 8
981 598 5
1486 766 7
981 272 20
1572 1315 7
551 661 2
1106 658 0
981 1327 6
1210 373 6
141 274 9
1037 297 8
1036 269 2
258 806 30
635 550 1
698 728 8
879 1488 2
449 42 8
667 18 8
988 1424 2
1178 1170 0
421 879 2
1317 647 27
797 114 8
83 190 2
1497 1209 5
557 80 8
1394 1493 27
823 610 30
362 750 30
1436 1122 2
411 981 2
837 865 6
55 829 2
662 39 7
1380 50 41
317 1550 8
81 888 23
48 1002 1
1128 102 8
1326 437 8
847 1388 7
743 507 2
160 671 2
618 1077 2
262 1321 2
133 743 5
833 1500 7
182 1021 2
884 28 8
1100 31 33
517 1161 7
49 1561 2
1540 769 8
1253 594 10
1081 335 2
493 908 6
406 588 8
411 908 8
1184 1305 8
350 424 16
241 1106 1
738 114 8
1054 804 2
539 1500 30
888 432 15
369 219 2
30 889 2
33 500 2
33 104 2
126 889 2
506 88 3
133 139 1
1279 102 2
588 929 7
605 1396 8
510 37 8
337 369 27
1145 766 7
934 23 2
1037 998 2
263 118 2
117 681 1
939 734 8
1377 1062 7
1251 1388 7
1375 92 7
907 888 2
1053 936 8
1451 240 2
598 330 8
76 1303 2
191 368 31
1408 970 9
347 1127 8
125 265 8
913 1198 54
80 833 7
23 117 30
1314 1428 2
440 607 2
981 284 6
998 355 7
140 1225 5
168 1044 69
1119 834 8
209 888 2
1000 1047 33
981 238 11
824 286 15
530 1443 2
960 552 1
603 513 26
834 441 0
1317 360 27
806 1500 30
1014 766 8
765 80 8
734 1135 2
200 424 2
524 829 2
160 1299 2
317 471 8
581 31 30
850 893 2
867 923 2
1173 99 0
993 1384 8
297 1437 8
190 112 2
603 677 2
620 707 2
1545 114 8
1416 199 2
329 241 35
268 1395 7
750 848 8
329 1325 5
48 292 2
1313 88 3
699 713 2
1129 1267 1
470 1184 6
1283 770 2
1383 508 7
483 1161 7
145 1305 8
1094 1292 30
1540 18 8
941 140 8
1383 800 7
1226 754 5
23 24 2
777 1315 5
866 934 15
510 957 8
233 734 7
1039 889 2
957 114 8
217 872 2
449 929 7
1443 1170 0
371 37 8
263 31 33
340 1285 7
782 879 2
220 618 2
1062 114 8
915 240 2
790 607 7
1161 1310 8
800 1135 2
836 470 30
761 372 1
1176 766 8
216 974 2
1024 311 2
192 779 6
1009 751 2
584 21 8
264 1057 5
322 804 2
367 453 35
1217 1388 7
995 1459 33
681 1098 2
441 330 7
344 437 8
442 206 2
988 1077 2
20 32 8
555 1028 2
879 1037 2
507 1454 1
199 480 2
673 766 8
102 546 2
1228 1461 7
692 163 8
459 627 8
442 498 2
102 937 8
111 1292 14
491 1325 5
1458 675 2
978 369 2
861 713 2
854 436 1
416 504 2
614 338 5
313 1482 7
889 366 2
516 681 27
1570 852 8
254 146 5
1051 738 1
458 1499 10
160 324 2
507 1381 7
759 256 2
1309 854 27
1403 908 6
870 1396 8
512 436 2
1084 491 2
1299 1567 2
622 702 2
216 338 5
402 147 8
988 185 39
1405 289 2
381 987 44
157 1252 2
928 1075 2
936 610 2
1540 646 8
1391 1405 2
63 114 8
265 881 3
253 833 8
927 605 1
1348 507 0
268 685 8
915 499 1
170 893 30
1183 229 29
115 913 1
702 838 7
713 246 2
122 31 16
253 1125 8
710 891 8
29 796 8
903 1315 7
1126 61 15
737 489 15
681 1502 2
1231 1161 7
1028 979 2
546 297 6
1375 433 7
1375 37 7
420 623 6
907 1229 2
880 212 41
29 728 8
1391 21 8
1035 265 8
654 327 1
265 873 30
792 102 7
349 347 33
1104 1135 2
80 486 7
667 200 2
1496 1031 40
662 1122 2
913 122 2
962 441 0
80 778 7
1554 1407 2
1337 603 2
369 421 30
1210 919 7
592 53 50
1172 341 5
1333 108 8
1221 1127 7
900 59 8
297 595 53
880 1030 2
880 634 2
372 1070 5
172 662 2
347 999 14
859 114 2
618 1358 2
633 39 6
862 147 59
702 832 5
1221 1460 8
191 54 8
1552 1156 8
398 704 2
1183 923 7
70 205 2
118 1244 36
981 494 7
1402 792 6
620 360 2
1283 491 2
406 770 2
593 1057 57
1394 395 27
872 891 8
1179 829 7
737 70 2
849 252 2
1405 917 2
292 311 2
880 957 8
464 1304 5
1400 551 7
155 1567 2
1393 1161 7
216 152 30
369 500 2
677 1609 47
387 21 7
292 603 2
470 837 6
1271 713 2
252 1153 6
692 493 6
157 272 8
337 1377 6
33 677 2
494 514 2
252 30 27
24 713 2
222 611 1
193 1567 57
931 908 7
563 638 27
40 98 8
866 483 15
262 1398 39
138 981 12
565 350 2
80 412 5
1172 393 8
808 922 2
20 627 7
40 390 8
702 155 7
1053 1217 8
1367 1333 2
454 1298 7
435 298 7
804 882 2
182 958 5
506 641 20
457 1377 8
349 1371 33
62 1237 36
774 2 2
875 735 6
464 569 2
326 789 2
893 974 2
98 181 7
641 1230 2
641 834 2
102 199 2
286 1281 1
633 735 6
1558 923 32
515 1173 1
70 609 2
317 820 8
1336 306 7
311 165 7
639 453 2
84 32 2
1003 118 2
995 47 8
613 891 6
190 852 8
1404 99 0
166 1333 2
300 623 2
369 776 5
157 973 2
1106 523 23
603 958 2
747 491 2
1210 168 7
514 1351 2
1436 256 2
30 159 2
493 506 6
623 1125 8
252 1122 27
503 21 2
199 750 30
860 102 8
58 262 2
1246 1504 57
311 536 30
1303 750 7
1075 426 7
424 384 3
534 453 34
278 551 2
590 908 7
1083 970 9
1008 1315 5
1249 1178 5
159 168 2
359 681 2
391 563 2
176 480 65
480 723 2
925 1328 2
913 406 5
988 883 30
468 1409 2
1354 1283 2
1461 348 41
143 908 8
1358 667 27
1130 913 1
1405 166 2
506 1337 20
1354 1575 2
1061 873 33
138 390 2
1215 654 5
1354 1191 12
951 88 3
920 940 2
126 23 2
596 80 8
468 945 2
1258 21 8
218 325 2
779 1327 6
228 627 7
908 1184 7
681 1447 2
899 770 7
273 952 30
558 873 33
814 92 8
454 557 2
228 1315 7
1304 881 5
29 277 8
900 1342 7
894 1035 2
780 675 2
672 569 2
558 209 2
1221 848 7
1080 489 6
435 172 59
891 1419 8
1137 495 8
234 533 3
1003 1106 2
191 1337 7
1561 742 2
1443 446 2
1093 875 6
1554 1352 2
457 626 8
369 366 30
880 287 2
101 766 8
424 450 8
627 929 7
309 458 2
1561 278 2
195 139 3
398 357 2
262 714 1
1443 670 2
922 64 30
1265 1305 6
632 114 8
506 44 8
145 681 27
1081 119 7
1239 1371 30
1172 1384 7
941 1327 6
256 829 2
518 1550 8
1174 297 2
183 216 2
871 92 8
938 854 27
727 1567 2
311 1456 30
77 21 8
369 841 2
1193 437 50
713 1283 2
205 888 77
25 614 7
1183 800 7
681 1373 0
31 152 2
692 438 6
369 1133 2
909 1377 6
323 205 5
1307 80 8
1394 168 27
766 1290 5
360 773 2
823 1161 7
1145 1388 7
1129 401 1
829 244 8
1408 972 9
582 33 2
829 978 3
1304 1577 5
624 724 30
1053 433 7
582 424 8
922 831 2
684 1371 2
454 1243 7
340 487 7
551 1515 2
80 1127 7
311 1098 1
800 728 8
569 1108 8
875 284 6
98 230 7
347 957 8
952 176 45
774 239 2
217 793 8
416 667 27
602 453 35
988 279 2
1483 437 2
1357 367 2
1309 1230 2
442 533 3
751 1099 2
880 915 2
1317 190 27
66 514 2
32 88 5
596 369 5
1570 54 8
499 1251 2
1436 269 2
1304 796 7
118 1325 5
647 63 8
855 647 2
829 462 57
1526 1298 7
603 903 2
594 939 2
1045 1291 16
377 1161 7
705 1408 1
1141 865 6
1000 973 9
23 318 2
33 958 2
720 1296 8
181 265 8
1416 357 2
261 466 2
340 1287 7
1240 75 5
1343 1050 5
1229 1127 6
1112 1430 5
145 1036 2
1496 1598 38
28 1321 8
432 489 15
1009 1289 36
913 1184 6
594 767 2
300 893 30
1201 1230 5
1496 584 2
605 881 3
268 179 8
820 908 8
232 262 2
428 1124 16
46 424 8
1561 958 5
449 1493 2
159 40 8
913 1495 2
468 494 2
1354 1160 2
1357 771 2
1082 21 20
346 1305 8
240 620 2
442 500 2
228 514 2
1266 32 8
216 1200 2
102 840 2
233 1230 2
814 37 8
583 21 8
442 792 2
217 1030 2
98 462 7
547 751 1
713 63 8
390 1236 6
322 675 33
334 1428 2
941 546 35
563 78 2
773 1230 2
647 426 7
773 834 2
206 784 2
216 1127 8
992 879 2
202 348 2
311 629 64
144 52 5
421 654 2
229 1345 71
894 516 2
84 605 2
1561 327 2
416 626 2
995 958 3
313 1307 13
286 183 1
50 477 2
592 83 6
226 458 30
160 796 7
113 1430 5
1337 987 55
285 618 2
1416 1345 2
766 533 3
869 692 19
1551 681 4
617 908 7
470 39 6
297 958 3
1160 1561 2
580 643 1
455 875 6
471 265 6
374 1106 2
1375 39 7
371 1314 7
988 1456 30
988 179 15
1561 606 35
454 568 7
1437 1448 30
1402 1384 8
21 857 2
1126 362 31
227 133 1
1 891 6
155 993 2
574 758 2
301 1161 77
988 111 15
88 320 1
450 1554 2
563 878 2
449 914 2
320 377 6
1567 1007 1
707 150 2
899 551 7
1259 424 8
999 627 7
1354 81 2
681 1578 7
987 1255 2
1084 614 67
193 993 57
686 21 8
1573 4 1
993 392 36
999 1315 7
814 957 8
512 1206 36
598 607 30
3 23 7
552 1124 33
88 981 2
72 1388 7
880 928 2
995 606 33
81 1371 33
933 881 5
584 889 40
1213 891 7
775 466 75
434 29 2
552 163 8
119 114 8
1528 1494 1
1570 1310 8
880 522 7
777 1388 7
1170 372 1
1540 1199 7
897 435 8
1178 658 0
1230 47 8
98 3 7
719 1210 6
191 794 44
183 565 2
1443 596 33
535 326 8
305 541 2
1438 626 8
305 145 2
195 1062 8
958 1375 27
1177 889 27
1098 21 8
512 848 7
176 1129 7
674 1225 0
979 88 2
607 942 2
159 1041 2
795 1325 5
870 147 8
870 881 3
297 1212 8
391 1436 2
534 329 2
434 347 14
592 1399 6
499 452 12
900 1325 5
1424 98 7
1081 1030 2
717 766 7
292 829 2
147 1362 2
35 369 2
32 1073 2
23 263 2
596 1354 2
1424 390 7
1053 1120 2
1214 1225 0
271 759 2
841 240 2
983 50 14
195 1380 20
716 1305 8
1537 47 8
643 296 8
291 80 8
259 607 7
1500 727 2
707 1242 2
145 981 2
418 1292 30
29 1213 7
350 607 2
1225 991 5
594 712 2
428 381 16
76 958 5
1299 998 29
415 324 5
1391 880 2
1398 265 8
265 18 8
228 563 2
552 572 2
463 627 7
91 607 5
145 908 8
305 576 1
1166 297 8
1023 1305 8
1155 21 8
809 1371 30
880 1556 2
623 321 6
220 325 2
234 1396 8
217 929 7
859 995 1
988 852 2
297 846 6
555 803 2
744 49 1
526 667 2
191 877 2
981 641 11
550 1371 33
1271 1225 0
653 347 33
623 1424 2
480 911 31
1201 102 7
883 779 8
928 428 41
1497 1325 5
1341 1581 8
476 830 30
880 177 2
279 33 27
988 1076 2
555 730 8
635 494 1
1458 551 30
1100 466 2
546 766 8
618 459 7
951 515 21
297 739 27
279 675 2
323 1578 5
838 1581 8
369 1004 27
623 1252 2
647 1198 54
285 563 2
510 1491 7
380 681 27
627 355 7
562 880 15
720 1577 8
23 1287 2
167 424 2
161 1062 8
437 1124 30
26 1033 2
618 729 2
262 577 2
713 89 2
1460 348 41
172 424 8
706 320 6
176 320 2
277 424 8
1500 1355 2
552 848 5
933 728 7
815 770 2
1551 558 4
1004 627 6
1079 667 30
114 189 27
588 1086 8
1245 1075 57
218 551 2
51 1126 30
702 1301 7
470 1082 8
1541 311 35
1315 456 5
1036 393 2
1421 293 66
997 1570 7
226 1375 27
73 507 0
442 677 2
672 759 2
923 213 7
923 650 8
337 21 27
707 90 8
774 1148 2
588 1310 8
438 1033 2
32 249 8
812 31 14
664 1075 2
728 1304 5
116 692 55
894 1553 2
88 588 7
893 471 7
647 1337 2
116 21 8
552 113 2
102 75 3
558 53 34
1553 834 2
1124 424 8
437 1381 7
528 297 2
880 805 2
1184 1388 7
1313 808 7
504 1169 2
988 101 2
297 95 6
1338 891 8
519 229 2
661 80 8
347 781 30
555 47 8
1177 834 27
620 531 2
531 528 2
692 336 6
870 92 8
1526 833 8
958 21 7
268 1156 8
195 147 8
504 1393 2
901 70 35
195 881 3
888 1176 15
713 717 2
52 47 8
32 622 2
157 47 8
729 102 8
514 75 3
1397 908 7
833 114 8
36 297 8
1496 1196 38
981 971 9
505 70 2
261 952 33
380 1036 2
255 504 2
454 1479 2
1225 1023 1
491 1384 8
1436 18 8
923 1346 8
1052 766 8
708 621 2
1035 1033 2
565 917 2
1502 531 33
460 476 2
667 1125 7
1190 606 35
201 130 5
1316 926 15
658 1161 7
1391 424 8
242 311 79
322 988 2
1035 569 2
555 1417 27
306 1395 7
170 1315 5
990 888 57
1228 498 1
205 476 7
766 1199 7
1069 1126 30
1163 32 8
464 1126 14
681 818 2
1225 143 48
458 855 3
264 1465 5
979 833 2
681 813 8
325 958 2
1315 600 52
1230 958 3
750 873 2
1117 90 8
722 667 27
499 366 33
534 610 2
784 537 5
1326 102 8
979 661 2
623 905 2
626 516 2
926 668 1
623 1296 8
1181 932 8
272 1230 2
1390 512 1
387 424 7
1544 114 8
865 197 8
699 1061 2
163 1581 8
820 1161 7
1404 1264 2
601 306 7
980 988 30
157 972 2
424 1325 5
888 97 15
240 622 2
681 520 0
1537 958 3
159 235 2
565 1045 53
1287 893 33
476 1250 2
610 581 3
1398 551 2
1328 960 35
268 743 3
1155 766 8
1172 796 8
1152 1371 2
891 934 1
464 1436 2
533 191 30
215 750 2
220 633 1
106 1106 2
1377 39 7
240 450 2
977 1315 5
555 377 6
70 747 1
140 1161 8
31 1220 14
699 611 34
311 349 1
434 627 6
551 1058 2
1315 1004 52
626 1152 26
1357 562 23
316 623 6
900 1163 2
1232 1161 7
325 1316 7
247 424 8
665 1449 2
1164 139 3
1461 941 2
347 104 8
1253 458 33
325 251 33
326 1583 8
1306 369 5
676 1126 2
681 1446 2
555 1376 2
555 980 2
1561 517 2
177 770 2
306 685 8
889 26 2
437 976 2
643 863 6
124 32 8
861 1061 2
766 139 3
1439 23 2
173 1126 2
372 739 67
779 75 3
1304 47 7
318 588 8
647 917 8
986 1594 38
409 1358 2
1297 162 1
618 1078 2
1212 766 8
305 35 2
1421 90 8
1302 1310 8
1317 766 8
620 476 2
411 1305 8
285 839 8
870 37 8
1540 1062 8
1081 628 2
1313 685 7
1240 441 66
685 891 6
1510 1033 2
780 311 30
1053 322 2
369 616 2
987 960 35
1143 1315 7
42 23 7
507 787 8
392 102 8
1025 1357 2
565 739 27
1061 388 2
266 329 2
142 833 2
148 28 8
623 149 8
255 449 2
1044 1584 28
631 80 8
454 1424 2
325 223 26
506 429 20
337 662 27
535 1567 1
791 216 2
392 326 8
335 834 2
1047 941 44
1053 937 8
672 1436 2
805 891 8
1246 627 12
97 891 6
1374 344 2
1036 1258 2
125 626 8
692 1207 8
1354 599 2
1454 675 2
366 1500 29
347 1128 8
217 177 2
778 504 2
3 1374 8
347 1420 8
88 1161 7
1226 920 74
581 390 8
995 1124 33
531 877 2
623 230 2
1436 148 2
201 972 74
992 21 8
118 412 5
533 1581 8
1309 1333 2
1313 1381 7
647 239 2
591 286 15
110 325 19
1340 435 8
1077 834 2
297 1047 2
429 159 2
704 1061 1
271 1053 2
452 146 5
1414 891 7
1230 1168 55
377 603 6
1416 200 2
1061 1480 2
505 23 2
133 836 1
98 960 30
729 1436 2
637 1428 75
734 1360 2
1061 753 23
1394 1035 27
102 536 30
911 1449 1
582 900 2
52 958 3
365 854 27
756 102 8
278 667 2
1271 1061 2
917 603 6
630 32 8
1053 1242 2
157 958 3
1302 163 8
294 52 8
654 929 57
24 1061 2
336 1377 6
718 1291 33
913 1338 2
1354 1003 2
145 1161 7
702 211 7
923 1482 7
1164 1125 8
922 1234 2
341 369 2
435 646 7
1225 1528 1
681 433 7
681 771 2
1154 21 8
552 1090 2
672 854 27
216 929 7
1315 949 52
106 191 2
334 160 33
421 893 2
217 1493 2
555 1029 2
507 1455 1
1221 568 7
476 1124 30
23 642 30
82 667 2
281 1036 27
555 1420 8
506 373 6
563 244 8
789 390 8
1117 1127 8
551 97 7
1445 1428 2
841 1230 2
581 1416 30
1304 907 7
1322 766 7
978 662 2
722 1291 16
510 1389 7
627 1086 8
1289 3 62
850 1126 2
979 1338 2
618 685 7
157 1321 2
262 434 1
869 23 2
647 1550 8
626 693 2
600 320 6
391 979 2
503 369 2
1341 32 8
829 638 27
1554 622 34
255 667 27
642 766 8
1044 921 38
507 44 8
227 372 1
567 441 0
945 1106 2
159 516 2
713 1003 2
297 291 8
97 320 6
1367 1375 27
704 305 7
271 297 8
692 158 6
595 702 8
872 1304 5
454 1077 2
941 1457 8
159 1199 8
32 152 2
1025 191 33
148 470 33
62 241 35
61 265 15
1122 1315 52
701 829 2
575 759 2
449 689 2
1036 911 2
478 424 8
925 297 2
13 1298 7
454 1301 2
1482 891 8
555 619 27
907 1126 2
1210 1384 7
546 981 12
565 46 8
41 784 19
1225 1574 2
61 489 15
905 453 2
902 265 7
217 122 2
683 1567 4
997 21 7
890 893 2
1221 1138 2
234 147 8
995 381 33
1123 424 8
234 881 3
1567 1112 23
1228 383 7
872 569 2
213 770 2
552 730 8
417 667 27
318 770 2
306 1550 8
399 1449 2
190 126 2
895 32 8
913 912 30
1402 1153 6
297 321 6
1221 1461 8
1037 1609 47
880 1323 2
1476 607 30
381 675 2
70 206 2
1555 804 2
463 941 71
979 259 2
1251 594 10
843 1053 2
216 484 9
265 1199 7
102 899 5
1394 292 27
1396 908 7
263 468 2
347 338 5
266 610 2
45 784 2
642 1500 30
489 568 7
796 506 6
36 424 2
502 750 30
1307 32 8
829 597 2
440 588 1
599 160 33
1061 1253 2
925 993 2
508 37 8
1081 1128 8
23 366 2
988 152 30
381 1292 30
1573 1267 1
261 118 2
253 47 8
543 50 41
518 1335 5
565 1039 2
1567 203 1
489 833 8
591 476 33
205 770 7
558 1253 2
569 773 2
468 214 2
452 920 74
489 1125 8
686 424 8
1315 206 52
900 365 2
24 998 29
185 707 27
1408 658 0
613 1315 5
889 189 27
268 1335 5
208 390 2
455 1388 14
1136 1384 8
102 492 2
102 533 3
442 147 8
61 605 1
281 981 27
442 881 3
253 1415 5
1497 412 5
1179 1526 7
1173 345 0
616 667 27
404 344 2
1401 70 35
1106 1251 2
502 1053 2
768 265 8
347 1239 30
728 320 6
166 1230 2
514 1352 2
1438 114 8
759 197 8
398 22 2
1230 1345 55
794 611 35
1210 502 8
838 1315 7
981 150 2
1225 1566 5
824 594 6
938 1333 2
391 627 8
1405 235 2
1184 409 2
1173 1112 23
605 1360 2
1061 942 33
759 129 8
667 881 5
1330 23 29
1265 506 6
486 216 2
907 555 2
1337 499 21
508 957 8
1044 798 38
450 603 6
163 32 8
919 458 2
32 92 8
1037 889 2
1036 168 2
701 774 2
261 31 33
1372 633 7
125 229 2
142 259 2
349 1404 2
218 618 2
320 493 6
825 265 8
806 774 2
514 658 0
1036 856 2
189 1375 27
1460 941 2
428 564 2
795 1384 8
675 676 2
804 533 3
193 713 57
649 1126 16
369 831 30
900 1384 8
311 1200 2
582 21 8
1020 390 8
613 1221 20
307 1106 2
190 1450 2
1461 667 2
295 1000 2
1225 997 48
109 766 8
687 21 8
1221 1479 2
759 898 2
563 817 8
744 1140 1
993 264 2
39 891 6
36 720 15
1456 675 2
156 489 1
872 514 2
534 1428 2
1333 54 8
1087 879 2
1132 265 8
1075 1565 2
1075 1169 2
1227 21 8
977 514 2
253 1111 1
287 1567 1
318 275 80
292 325 2
269 1230 2
269 834 2
402 685 8
624 359 1
14 1357 1
530 998 29
922 357 30
252 148 27
1550 424 8
1054 681 27
1198 114 2
603 172 2
926 211 1
854 63 8
766 881 3
623 47 8
893 513 30
311 1457 30
1527 834 8
114 223 26
713 1284 2
567 1014 0
854 355 8
927 491 1
692 43 6
159 693 2
1193 1126 50
506 269 8
419 311 35
21 1309 2
603 104 2
145 409 2
102 1213 6
1416 22 2
1518 766 8
1443 441 0
98 823 31
1225 419 5
1521 908 8
191 948 15
1500 447 2
600 1496 2
360 728 7
157 1398 39
707 957 8
468 823 33
52 46 8
1497 1384 8
217 471 2
162 453 34
993 1245 37
218 908 7
901 325 1
217 763 2
849 23 30
1250 458 33
998 172 5
409 513 26
804 1120 2
1355 458 33
1506 611 34
607 919 30
369 1459 30
98 173 2
819 22 8
83 1405 2
623 1417 27
1304 136 6
997 594 7
555 231 2
1117 37 8
886 21 8
613 142 20
217 1086 8
681 296 8
1297 1480 1
1297 1084 1
652 119 7
258 642 30
427 1581 8
1198 1375 27
362 574 71
778 662 2
607 646 5
322 987 2
442 92 8
265 1070 5
1428 163 1
731 1570 7
854 327 1
438 52 8
49 1173 2
300 569 2
854 1056 2
82 588 8
1194 770 2
1554 602 2
1073 1416 2
297 1565 2
1194 1161 8
252 1399 6
514 901 2
512 327 2
843 1230 2
1045 1292 16
603 1196 2
958 424 7
133 958 1
720 568 7
570 1609 47
347 619 5
995 1325 5
594 1227 8
163 1315 7
601 23 2
833 476 7
31 1073 2
1496 1599 38
999 862 77
371 728 8
268 226 3
784 789 77
1383 923 7
228 979 2
476 1025 2
468 1251 2
365 114 8
981 116 20
1035 1436 2
1023 1388 7
295 1554 0
903 1044 53
479 766 8
71 1225 0
29 291 8
143 390 8
32 37 8
454 211 2
217 1391 2
1359 1126 33
297 1325 5
899 320 7
533 258 30
106 1173 2
449 183 2
320 438 6
1377 502 7
82 920 1
442 59 7
1242 514 2
322 681 27
102 1133 2
13 833 8
265 368 30
1040 80 8
1251 1161 8
800 384 3
696 326 8
141 342 9
1126 1376 2
1000 910 2
80 377 7
205 1567 7
657 893 33
1291 980 5
983 1230 7
429 1081 2
1117 957 8
1221 1424 2
80 273 7
769 1033 2
1336 880 7
1125 627 8
1215 1526 7
1081 1403 6
1436 898 2
1444 514 2
622 893 2
569 1070 5
1221 663 8
636 159 2
409 1133 2
1411 297 1
195 39 8
1480 1225 0
573 1421 1
1404 1112 23
527 114 8
824 875 6
160 1135 2
582 495 8
1404 1124 33
406 323 7
626 1310 8
167 480 2
1179 720 7
1062 627 6
1081 65 7
267 603 27
605 1199 7
1075 1338 2
766 92 8
594 1418 7
1329 311 35
479 1129 7
159 930 53
1163 1496 53
1055 1570 7
569 1004 27
944 453 2
605 1491 7
657 880 15
297 855 3
575 1053 2
98 761 15
1075 1439 30
349 1357 2
155 347 33
33 172 2
1375 728 7
707 219 2
268 808 8
729 114 8
56 1448 30
858 326 8
512 546 35
102 1491 7
1046 1428 75
178 160 14
582 766 8
1193 607 50
1372 518 7
1229 377 6
290 1059 5
20 518 7
1304 1419 5
558 1247 2
298 320 6
1568 1375 27
1039 32 8
1229 273 6
853 754 5
454 1131 2
667 1183 2
736 1377 6
1354 374 2
383 1292 30
695 728 8
988 27 41
1232 1221 48
298 252 6
1026 325 2
141 970 9
189 987 2
1152 390 8
438 70 2
98 72 7
702 214 75
681 246 2
908 321 2
463 265 8
1329 614 7
1000 823 33
1474 23 2
993 837 2
981 789 7
253 1392 1
442 37 8
211 21 8
494 201 12
279 1405 27
623 693 2
1313 1156 7
507 1550 59
1304 346 7
1328 63 7
1421 848 7
973 889 2
1554 151 2
1288 1388 7
1305 1418 7
724 157 7
1537 116 8
148 504 2
623 625 2
536 1500 30
1081 1031 2
1538 891 8
1315 59 7
926 388 1
623 958 3
152 476 2
849 667 2
814 1389 7
35 662 2
48 756 2
1041 854 27
618 97 8
140 662 2
570 1315 7
33 1196 2
933 543 2
489 1127 8
716 1161 7
31 622 2
1443 1014 0
1160 1371 33
254 879 74
998 521 5
359 468 2
938 759 2
565 577 2
489 1419 8
1261 402 1
1233 987 1
531 513 30
998 1209 5
1436 1578 5
912 369 2
679 891 7
350 504 2
937 114 8
1061 368 33
258 890 2
565 869 2
905 979 2
588 355 8
455 504 2
1466 320 1
507 1361 0
1053 75 3
1357 717 2
455 854 7
286 813 15
819 663 8
98 768 7
899 265 7
913 1395 7
314 1405 2
85 360 2
804 1396 8
558 368 33
1357 1009 2
1224 98 16
563 488 2
1228 1602 1
551 778 2
1304 376 5
1357 282 23
789 1126 33
98 1096 7
597 311 35
1225 199 48
284 627 52
1124 415 44
454 83 8
1000 1251 2
551 314 2
684 160 14
311 730 2
514 1250 2
551 606 2
870 1199 7
870 1578 3
190 980 2
1307 252 6
1210 359 7
84 551 2
69 834 2
1081 1389 7
854 1337 2
880 178 2
419 21 8
330 18 8
995 462 8
702 376 5
1221 1004 8
518 1217 8
1106 366 33
618 798 2
736 891 7
118 392 36
743 182 7
514 1078 2
266 1428 2
89 611 35
1099 114 8
4 1377 6
156 311 1
176 785 2
864 265 8
784 742 77
273 458 2
35 998 2
703 1449 2
739 480 2
22 1354 2
632 297 8
499 446 2
720 1095 12
52 1419 8
273 750 2
163 326 8
361 720 2
586 1375 27
944 398 2
297 462 8
33 221 2
1503 908 8
945 1173 2
552 1187 0
533 607 30
466 183 6
1039 1315 7
268 65 8
380 409 2
1372 531 7
1259 839 2
271 369 2
162 32 8
454 852 2
727 347 33
998 1499 10
514 90 8
325 1399 6
724 1448 30
903 1033 2
349 191 33
193 611 57
808 70 2
1121 1405 2
1024 1075 2
151 311 35
449 464 2
623 255 20
344 1305 8
368 626 8
231 1230 2
1128 592 2
454 1076 2
401 70 35
226 707 2
347 848 8
662 898 2
429 1362 2
1338 569 2
647 1338 2
550 1404 2
1120 588 8
1455 675 2
435 3 8
624 653 1
1232 702 48
417 442 27
654 1056 2
922 1047 30
253 1337 1
279 662 27
229 212 71
1106 2 2
605 1070 5
819 1227 52
373 1377 52
297 475 2
880 1098 2
574 519 35
347 782 30
993 714 2
754 1419 8
1179 605 7
45 627 2
437 44 8
1405 693 2
33 917 2
50 947 2
506 167 8
151 614 7
102 1070 5
913 1621 5
1173 590 2
870 822 9
272 603 2
1436 911 2
704 713 1
1230 1325 5
1343 253 5
1085 605 13
575 1230 2
1053 1358 2
159 1211 2
618 42 8
22 311 2
33 1141 2
1500 277 2
28 1212 8
647 284 30
913 1058 2
27 626 8
45 952 30
1160 360 2
530 1554 0
1083 342 9
415 270 5
1448 127 30
489 1004 8
125 979 2
713 22 8
1044 1321 8
1138 626 48
1131 1362 2
1171 167 8
1537 1325 5
322 506 6
63 643 5
127 80 8
997 424 7
812 952 14
894 183 2
258 1578 5
390 1127 6
217 916 8
676 499 2
952 432 15
1225 144 48
894 475 2
1217 766 48
1223 804 2
367 70 35
281 360 27
183 1161 7
442 219 2
70 1073 2
1496 416 40
437 349 2
1292 573 15
1088 770 2
1210 408 7
614 59 5
66 1033 2
1336 770 7
846 891 6
518 433 7
737 1230 2
411 647 2
829 1153 6
318 1421 80
292 1075 2
195 1578 3
409 335 2
427 32 8
159 1236 6
327 347 14
603 1026 2
377 1388 7
784 1226 5
84 428 2
731 21 7
270 1053 2
30 623 2
926 961 1
261 297 2
605 1135 2
21 1417 27
829 1418 7
889 796 20
31 903 2
722 390 8
1177 1581 8
275 1322 13
917 1388 7
142 206 2
563 108 1
938 1436 2
33 166 2
1183 240 7
1526 83 8
629 32 8
381 382 8
660 293 0
454 459 7
1328 961 35
391 626 8
1494 452 7
1377 796 7
191 976 30
605 1062 8
834 108 8
470 241 2
138 458 2
1000 721 57
1341 1567 1
1004 865 6
29 855 3
468 366 33
574 649 2
674 702 12
361 988 8
458 823 2
1259 320 2
563 769 2
1421 727 5
1031 311 2
667 47 7
1377 728 7
1036 235 2
1474 1000 2
1154 1161 8
916 1305 8
899 442 7
323 789 2
454 287 7
844 750 30
1336 1570 7
510 743 5
1104 419 1
1106 1046 12
437 1395 7
1571 1315 7
1317 1405 27
502 720 15
1338 514 2
524 667 2
1443 910 2
305 104 2
190 1553 2
98 949 44
98 553 44
391 1161 7
922 596 30
861 1354 2
627 1002 1
424 1310 8
229 553 71
148 667 27
1333 855 3
395 1075 2
415 554 8
50 600 2
836 1581 8
1000 481 9
455 23 30
201 214 75
1506 1500 33
365 1333 2
922 477 41
779 1070 5
987 961 35
862 92 59
359 1126 33
142 438 2
45 504 2
1448 1451 30
1343 594 5
713 1351 2
470 850 6
350 667 27
162 610 2
195 479 20
813 594 1
150 504 2
1032 108 1
340 727 7
1461 1044 41
663 329 5
707 737 2
714 28 2
1055 21 7
780 1106 1
29 1437 8
449 1037 2
449 641 2
189 506 6
1037 80 8
1467 297 1
1039 159 2
52 1325 5
796 829 2
125 627 8
672 1333 2
1391 766 8
760 487 5
565 399 2
1201 998 5
229 284 2
402 99 0
1482 32 8
1468 518 7
311 1562 1
25 611 35
912 191 2
1181 1118 5
253 148 19
774 411 2
98 298 7
880 1505 7
698 47 8
657 1443 2
453 1403 19
258 417 30
191 471 8
507 1120 1
867 993 2
27 454 41
201 973 74
437 393 8
70 622 2
1114 98 33
922 1224 30
1533 334 1
437 685 8
190 78 2
639 70 2
806 191 30
627 756 2
55 102 7
111 1315 5
510 1054 7
813 998 1
1200 1581 8
704 1354 1
707 1141 2
603 1367 2
784 775 5
1383 870 7
1210 222 8
252 843 27
643 487 8
1533 162 1
1390 62 1
938 1449 2
938 1053 2
1500 1314 2
1355 594 10
101 952 16
1291 1099 2
618 620 2
449 1395 7
480 840 2
988 604 30
340 1355 7
1136 1243 7
737 1500 30
201 376 5
907 275 2
913 856 6
110 21 1
594 934 8
1162 102 8
552 775 12
24 347 33
201 1064 5
1160 933 2
29 462 8
489 1577 8
218 442 2
891 438 6
341 662 2
160 573 15
20 102 8
899 491 7
653 1357 2
159 108 8
779 1381 7
1377 277 7
1022 1161 7
1497 116 8
878 759 2
816 21 8
434 865 6
789 360 2
1371 384 3
870 1097 7
774 1039 2
265 539 30
190 878 2
1082 50 41
883 1371 2
507 1456 1
688 782 2
1252 766 8
178 1081 6
664 1362 2
20 326 8
312 750 2
1172 75 5
1449 677 2
635 789 1
300 1436 2
218 265 8
874 627 12
13 936 8
142 1118 5
1207 839 7
297 638 27
625 1375 27
1223 667 27
1000 366 33
1497 1156 5
569 75 3
901 32 7
156 605 1
506 1395 7
894 980 2
941 824 6
627 650 7
83 33 2
880 300 2
140 476 5
856 880 2
1123 21 8
618 1024 2
518 1298 7
699 1225 0
81 347 33
1537 929 7
297 365 2
148 875 6
295 229 33
226 922 30
485 1081 6
999 1333 77
981 498 2
731 594 7
270 1230 2
795 1243 7
347 1314 5
623 163 8
606 1091 64
601 880 7
698 1111 1
750 63 8
369 166 2
862 37 59
266 1581 8
1042 1333 2
601 1172 7
1497 88 1
1117 393 5
45 449 2
21 1029 2
1110 607 5
114 1418 2
1119 311 30
923 846 2
21 1420 8
1052 662 2
255 390 8
457 720 2
1053 533 3
623 85 20
442 158 27
1164 47 8
1359 933 2
1036 516 2
301 1229 77
1020 1161 7
449 586 2
681 1016 12
1117 1491 7
334 297 2
772 229 1
80 848 7
442 1196 2
558 1314 2
1125 1161 7
643 1213 6
1535 1230 20
442 1150 7
804 881 3
101 891 8
889 1460 2
193 1061 57
290 766 5
1144 891 8
1104 992 1
882 667 27
1251 458 33
265 1459 30
368 750 30
900 817 8
908 533 3
1272 779 5
191 421 2
228 326 8
108 766 8
769 1436 2
988 292 2
1280 845 5
1443 1087 2
70 671 2
641 891 8
916 1315 5
743 1104 7
922 877 30
305 677 2
636 922 2
1437 880 33
634 627 6
531 823 2
870 387 8
190 127 2
216 116 8
686 1129 5
809 347 30
90 879 9
1314 952 33
284 607 2
859 804 2
1075 1471 7
195 838 8
360 1475 37
976 514 2
451 624 30
1223 626 2
1313 1322 13
531 359 2
607 1114 2
369 1258 2
863 1581 8
297 1384 8
1075 34 53
190 54 8
1056 623 6
614 260 1
1237 265 15
1416 438 2
252 1184 27
729 1377 8
350 1291 16
285 102 8
191 642 30
32 1199 7
1055 766 7
455 1291 16
23 727 2
910 275 67
125 981 2
510 1322 13
32 1491 7
205 1529 77
33 1367 2
891 1325 5
810 1421 1
484 879 2
779 373 6
707 622 2
34 662 38
1054 360 2
360 1122 2
830 31 2
577 458 2
1225 1105 0
21 1553 2
228 320 6
370 159 2
476 349 2
350 675 2
1359 1561 2
531 976 30
779 1227 52
455 675 2
900 1122 2
220 565 2
487 102 8
598 1371 30
234 1199 7
126 80 8
223 311 2
234 1578 3
270 476 30
596 692 44
681 717 2
991 647 57
753 603 6
885 217 38
569 1457 8
325 857 2
1230 128 2
761 611 1
1304 151 5
923 90 8
650 1291 33
653 191 33
265 810 15
657 1328 2
906 114 8
418 1106 1
886 770 2
86 1161 7
530 1371 33
1221 852 2
195 1097 7
80 97 7
993 1298 7
70 1299 2
70 903 2
840 1567 1
514 1025 2
323 169 7
1110 891 8
1557 764 2
1053 513 26
421 667 2
55 325 2
190 1047 2
89 1388 61
170 1225 7
424 116 8
52 929 7
877 499 2
941 373 6
1221 383 8
638 453 2
647 808 8
269 603 2
160 167 2
306 112 8
255 681 27
415 444 8
177 588 8
626 1035 2
1061 1274 12
500 569 2
852 330 8
1298 770 2
374 499 2
569 1118 5
133 1306 1
295 611 34
45 667 27
485 1405 2
127 1075 2
150 667 27
865 716 8
599 297 2
23 1355 2
623 108 8
237 1354 1
628 32 8
148 880 33
159 66 2
45 102 2
14 558 1
1044 763 38
834 298 8
636 98 8
1496 344 38
999 1210 77
150 102 2
22 1061 2
127 611 2
1377 1418 7
707 335 2
1279 390 2
119 908 6
42 1292 50
1259 510 2
159 68 24
1179 987 71
122 1033 2
265 1511 9
588 1451 2
364 114 8
118 543 2
316 1210 6
1176 98 8
449 239 2
1229 97 6
1133 1240 7
270 1500 30
1036 857 2
922 101 2
555 937 7
478 766 8
1000 1046 12
28 291 8
1031 829 2
652 1122 6
442 1141 2
437 1271 2
1259 437 8
721 879 9
45 31 30
368 297 8
311 1160 1
1451 424 2
789 933 2
39 1315 5
1327 603 6
1291 1608 46
817 424 8
234 139 3
417 681 27
1135 80 8
217 63 8
291 920 1
633 54 6
309 424 2
787 390 8
80 1017 7
759 189 27
322 360 2
111 160 14
926 432 15
131 998 67
1099 1377 8
419 424 8
330 817 8
265 1213 7
534 118 2
1058 995 1
398 1047 2
1211 569 2
986 114 38
195 387 8
390 877 2
158 1375 27
292 618 2
1304 462 7
70 152 2
297 938 2
305 158 2
30 1081 2
1526 568 7
1394 238 27
159 1450 2
568 1304 6
1176 70 1
829 1007 2
255 1036 2
594 163 7
1262 614 7
562 265 15
1053 1133 2
1275 1000 7
928 1500 7
1036 1553 2
514 97 8
988 820 15
337 889 27
565 693 2
998 441 66
191 519 30
60 241 35
23 208 2
993 1246 37
1036 739 27
1292 706 44
1164 958 3
449 1555 2
1171 384 3
1338 1436 2
1291 1307 14
449 1550 8
592 47 8
442 166 2
374 1225 0
789 1561 2
403 1315 5
1308 627 6
774 241 2
1050 641 19
233 891 8
836 258 30
1106 99 0
576 297 8
1315 444 52
653 491 2
657 201 12
1328 1102 37
220 442 2
1308 1315 6
438 80 7
903 52 8
774 533 2
1421 581 1
98 816 7
1025 28 8
997 491 7
921 774 30
555 128 2
1221 63 7
429 454 2
995 851 33
443 1428 75
993 1243 7
311 450 2
855 1405 2
1190 36 16
229 1499 10
627 586 2
1215 795 7
623 1041 2
210 21 8
648 390 8
859 981 2
759 148 2
315 21 8
318 28 8
518 937 8
534 31 33
618 914 2
635 944 2
1053 1491 7
552 683 0
514 798 2
626 980 2
500 514 2
488 804 2
1383 1388 7
855 21 8
759 75 8
1375 1004 27
396 1581 8
31 678 2
1200 32 8
1230 960 25
1039 1081 2
908 1199 7
21 231 2
925 1567 2
309 720 15
495 855 3
322 1081 6
142 273 2
923 444 2
1264 879 2
908 1491 7
1382 891 7
652 961 35
348 278 2
1505 80 8
819 719 8
421 751 1
228 1496 53
470 704 2
101 458 2
1250 491 2
563 148 2
320 43 6
446 888 2
1567 1110 2
1355 491 2
1333 638 27
652 338 5
322 1305 6
390 451 30
563 836 2
692 355 8
1081 743 5
539 1416 2
323 914 7
800 47 8
453 606 2
1315 1072 52
369 381 30
1104 590 1
1254 908 8
894 936 7
347 172 8
125 102 8
417 626 27
1447 329 2
650 512 2
1230 1384 8
189 652 2
624 81 1
890 779 8
4 347 14
512 686 7
506 1184 6
654 380 2
1533 1480 1
1533 1084 1
112 390 8
287 1554 2
12 804 20
988 1169 39
514 883 33
1297 334 1
390 93 1
854 1243 7
862 39 59
1058 981 2
960 681 1
834 273 6
507 199 1
1476 102 30
398 200 2
973 262 2
292 563 2
1177 555 27
55 1581 8
993 434 2
592 377 6
731 424 7
692 57 6
471 627 6
1230 212 55
102 1227 6
1416 36 2
1352 1289 36
1394 183 27
402 167 8
616 504 2
499 789 8
336 489 6
806 1609 47
344 1388 7
150 675 2
514 88 3
498 495 8
498 891 8
22 31 2
841 297 8
1377 1199 7
471 1230 2
114 101 26
1443 3 10
1207 1059 5
145 647 2
259 611 2
907 1421 2
32 671 2
253 42 8
337 834 27
101 31 16
913 778 2
362 1581 8
170 102 30
758 311 35
1478 1443 2
1166 627 39
1466 1692 1
29 1212 8
623 1325 5
347 873 2
1367 829 2
917 750 2
205 265 7
361 80 8
648 681 27
1354 771 2
551 1358 2
759 101 26
695 1125 8
784 848 7
993 568 7
981 83 11
347 863 7
557 908 7
322 1059 7
804 1457 8
141 971 9
787 594 7
900 256 2
1454 347 2
1172 1325 5
217 641 2
993 1415 37
891 292 2
595 667 40
234 1062 8
1333 1384 8
1371 1194 30
988 914 2
880 1176 7
555 172 8
258 192 30
1326 1161 7
524 1362 2
13 83 8
623 986 53
531 653 2
624 1001 1
805 893 30
317 1004 8
515 1357 1
531 945 2
1538 1315 7
1198 360 2
1317 33 27
894 127 2
166 829 2
1443 890 33
528 998 29
828 216 2
1221 273 8
45 1371 2
991 920 9
1299 1404 2
1210 393 8
150 1371 2
466 1227 6
1161 412 5
820 491 1
522 908 8
829 450 7
52 355 7
161 728 8
1129 573 15
987 53 35
713 151 2
125 1161 7
817 1044 17
750 919 30
335 159 26
489 1420 8
234 1097 7
813 1388 7
495 462 8
362 611 2
119 506 6
988 671 30
1114 594 10
568 102 6
998 1014 66
1448 183 30
381 652 44
1442 1000 1
1291 108 44
836 607 30
1364 504 2
470 357 2
912 662 2
1313 434 14
523 286 15
217 1395 7
774 882 2
217 1337 2
98 769 7
458 601 7
114 497 2
555 873 2
334 1443 2
112 681 27
1228 1603 1
98 1457 7
468 728 8
1210 95 6
1454 1371 2
442 1031 2
85 607 7
695 384 3
1210 824 7
865 938 52
265 606 30
1221 1078 2
437 1156 8
759 497 2
736 627 6
191 833 7
1196 1375 27
1053 1070 5
526 920 1
652 1381 7
1264 311 35
506 837 6
759 393 2
769 979 2
1337 435 8
1428 1070 2
158 908 6
731 437 7
399 889 2
779 88 3
297 140 2
524 611 2
1056 1081 6
1475 1430 57
195 277 8
176 390 2
607 261 2
908 1070 5
1053 1004 27
151 424 8
1139 347 16
626 1553 2
568 506 6
359 1561 2
162 398 2
625 908 8
1171 1342 7
253 929 7
1394 128 27
588 1453 2
1337 311 25
569 513 26
960 157 7
419 1554 66
507 112 8
126 611 2
510 119 8
32 684 2
20 240 7
1160 1404 2
575 603 2
1053 335 2
142 158 2
340 155 7
470 1345 2
916 1388 7
1272 1581 8
933 1418 7
1061 401 2
360 269 2
388 21 8
340 447 7
1056 76 8
442 1097 7
211 605 78
1036 1047 2
457 891 2
569 677 2
586 707 2
442 1389 7
922 723 2
1201 390 5
558 401 2
1340 1567 1
372 167 8
28 855 3
1056 404 8
707 92 8
1554 1170 0
1044 298 8
442 1367 2
458 1125 7
234 387 8
672 1449 2
672 1053 2
160 61 15
468 149 8
552 579 2
816 424 8
303 1315 7
80 1311 7
1239 31 2
893 833 7
1568 360 2
624 840 30
265 341 5
998 833 7
766 136 6
891 75 48
435 296 59
894 1550 8
499 441 0
790 326 8
98 18 7
83 504 2
670 114 8
555 122 2
880 1563 2
581 507 8
1212 891 8
647 233 27
286 1118 1
1562 1291 33
390 792 6
347 851 30
988 463 2
265 1236 52
787 908 8
981 677 2
872 1033 2
941 1227 6
620 893 2
922 1340 30
737 603 2
78 804 2
1405 1450 2
318 398 80
409 104 2
502 889 2
54 988 2
324 1292 30
834 846 6
1272 382 5
754 1420 8
272 626 7
618 1381 7
550 21 8
531 530 2
905 1230 20
1183 1388 7
603 399 2
655 21 8
1421 1127 8
1394 68 27
1377 1070 5
1081 581 2
1526 1127 8
722 1371 2
926 293 0
47 21 8
713 1407 2
1404 254 12
829 122 33
284 1388 14
465 1315 7
1129 1281 1
4 627 6
157 638 2
464 1375 27
980 258 30
1039 1075 2
484 654 2
1100 1554 0
951 1550 8
552 109 0
1246 1044 12
988 324 30
250 770 2
565 1211 2
325 321 6
1172 462 8
1058 102 8
920 777 2
1163 102 8
592 1282 50
688 278 2
349 552 2
1037 32 8
1377 101 7
819 213 8
28 1437 8
555 43 6
1225 213 48
960 1448 30
454 97 8
551 724 2
844 987 71
1474 1061 2
652 269 6
325 1424 2
297 1153 6
1247 329 2
1305 1399 6
1239 555 2
1024 325 2
98 250 7
98 646 7
506 850 6
766 1097 7
1321 1081 6
667 269 59
541 70 2
418 1173 1
1502 880 15
409 1196 2
424 355 8
1304 1384 7
317 848 7
921 1292 30
489 338 5
555 1042 2
183 1500 2
284 865 52
1098 1357 2
77 1305 8
65 1554 7
889 88 2
1331 789 2
995 116 8
623 929 7
1499 1404 10
1304 1316 7
622 784 2
880 119 8
1301 21 7
278 751 1
971 889 2
409 1024 2
338 893 30
165 262 2
1200 326 8
290 1581 8
1390 118 1
1415 627 12
706 627 6
913 1335 5
39 1388 7
1540 728 8
499 433 3
514 309 33
1490 90 1
902 1059 5
227 489 1
1408 49 2
454 600 41
170 1371 30
662 1475 5
1042 1449 2
1042 1053 2
1466 962 1
713 719 8
157 54 8
454 1194 2
357 468 2
689 804 2
586 360 2
118 714 2
923 561 8
900 1525 2
774 1455 2
1193 102 50
825 437 8
501 32 8
346 1388 7
98 1342 7
82 751 1
899 839 7
449 743 3
23 1455 30
707 37 8
335 891 8
923 97 8
1232 424 48
124 102 8
21 1458 20
980 1315 7
395 415 1
1040 891 8
258 758 71
905 70 2
809 531 30
993 436 2
133 1014 66
80 792 7
398 890 2
624 599 1
395 1436 2
1132 437 8
512 808 7
666 610 75
642 891 8
729 1375 27
650 607 33
279 900 27
279 504 27
192 713 2
390 273 6
865 1583 8
847 80 7
1295 681 27
502 834 2
159 158 6
205 347 14
205 1421 77
317 1246 5
724 48 7
253 1507 1
737 480 2
505 80 8
1126 513 30
1394 701 27
834 706 2
23 155 2
365 1230 2
487 1305 8
713 1352 2
157 291 2
181 102 8
23 447 2
424 301 16
1364 667 27
1500 223 2
489 919 2
36 437 2
1287 888 23
586 988 2
489 1310 8
914 834 2
447 329 2
1439 369 5
347 1099 2
324 1567 1
592 539 50
941 787 8
390 412 5
51 390 30
702 169 7
805 1581 8
698 116 8
1229 792 6
945 1225 0
223 31 2
795 86 2
116 565 2
670 1448 2
745 866 36
272 60 55
454 42 8
759 223 26
718 720 15
362 32 8
1354 562 23
98 241 2
1152 1305 8
925 998 29
774 704 2
499 1014 0
819 90 8
713 658 0
997 662 7
908 881 3
258 418 30
635 162 1
1481 369 3
1211 1436 2
303 159 2
718 594 10
195 1213 7
437 295 2
182 805 2
514 745 2
70 973 7
190 475 2
852 1388 7
66 979 2
1336 320 7
84 442 2
1210 250 7
158 506 6
706 70 35
1098 191 33
647 533 2
409 677 2
1129 179 15
627 711 7
623 1207 8
1295 766 7
239 854 27
514 677 2
1554 670 2
1552 533 3
618 689 2
450 624 30
1416 890 2
1394 1037 27
494 1328 2
743 114 8
893 432 15
1076 834 2
692 1203 6
270 603 2
1337 428 55
30 569 2
19 1161 7
191 1094 30
552 412 5
35 889 2
1295 1036 2
102 830 30
52 1310 8
982 908 5
518 936 8
486 893 33
1265 623 6
591 297 2
128 1075 2
33 112 2
160 205 14
1171 855 3
760 1184 5
1358 681 27
201 1065 5
598 114 8
723 908 8
674 1428 2
528 1554 0
574 595 2
229 877 2
220 913 2
592 1459 50
759 1578 5
1503 627 8
258 1114 30
555 1391 2
770 1418 7
13 568 7
1567 554 23
1082 720 15
923 88 3
907 891 8
506 735 6
923 42 8
1565 504 2
1436 1138 2
570 32 8
1315 1535 52
1210 1342 7
905 114 8
535 1443 2
21 961 25
1315 1342 7
217 179 8
181 1161 7
300 1333 2
1019 766 8
415 527 7
437 1314 8
889 661 2
406 563 7
1211 854 27
872 626 8
657 297 2
1178 99 0
766 728 8
751 777 2
326 47 8
161 1213 7
454 1345 41
454 949 41
727 1357 2
514 950 33
759 843 2
317 83 8
584 98 16
512 685 7
531 24 2
159 878 2
855 33 2
176 908 2
402 384 3
603 289 2
348 812 1
922 27 41
890 454 45
1288 1161 8
255 360 2
292 265 8
713 901 2
888 568 15
39 507 49
983 720 15
533 1126 30
1496 296 38
1177 52 8
830 611 2
838 326 8
770 1344 5
543 489 15
1039 569 2
707 287 2
1162 627 8
102 1564 1
311 1284 1
454 929 7
1570 412 5
760 501 5
22 98 2
648 891 6
1500 460 2
911 1033 2
689 667 27
941 44 8
582 834 8
1479 390 2
1029 311 2
1201 1304 5
737 750 30
1225 1414 48
784 331 7
913 147 7
396 607 30
420 1210 6
87 770 2
787 369 7
1001 297 2
1001 893 33
569 726 8
895 102 8
217 416 2
1436 223 26
1439 1354 2
1357 89 2
657 993 2
995 279 33
535 468 2
416 681 27
27 347 30
160 1607 2
308 424 2
981 1253 7
1239 80 8
70 1205 64
1337 1581 8
173 390 2
190 420 2
1554 883 33
534 466 2
1391 102 8
1002 1291 14
865 116 7
698 1325 5
489 493 6
817 766 57
1394 586 27
1081 1495 2
611 983 2
116 603 6
1055 371 7
696 1161 7
1313 381 14
1458 216 30
720 1310 8
470 200 2
249 770 2
830 32 2
1193 1371 50
856 21 8
366 480 2
1037 623 2
249 1161 8
1171 462 8
804 1199 7
565 1041 2
1377 291 7
1354 858 12
329 1475 37
766 621 5
56 437 30
814 119 8
555 269 6
555 648 2
1287 594 10
449 341 3
925 888 23
552 1329 2
258 1455 30
1251 491 2
692 75 8
692 471 8
1110 1315 7
556 770 2
207 854 2
1223 681 27
569 147 8
233 32 8
1215 1315 7
265 381 30
880 22 2
1317 900 27
550 552 2
409 1026 2
519 1404 1
372 658 66
27 1371 30
759 272 2
671 297 8
555 872 2
642 458 2
647 778 2
652 1156 7
177 662 2
1120 28 8
1506 286 15
614 131 67
449 1335 5
252 1152 26
230 114 8
858 1161 7
889 210 2
262 741 1
406 508 7
1210 823 7
530 1000 2
926 97 15
880 246 2
168 1190 33
411 770 2
402 59 8
818 866 36
1554 596 33
1554 200 33
913 127 30
941 1062 6
601 894 7
387 908 7
160 460 2
864 437 8
306 743 3
1193 766 8
269 891 8
592 493 6
592 97 6
514 523 23
1196 908 8
879 284 14
1397 21 7
727 191 33
506 3 8
160 1401 44
506 341 3
382 916 7
285 627 8
1041 1053 2
163 102 8
159 651 53
54 21 7
722 1305 8
227 611 1
539 893 30
604 514 2
951 743 3
944 70 2
33 289 2
787 1210 62
195 370 20
533 675 30
1061 572 2
692 1 6
454 1316 2
1082 347 30
588 1452 2
594 139 3
372 384 3
424 845 1
558 572 2
882 681 27
106 1126 2
1026 114 2
340 550 7
769 779 6
1228 403 1
555 1568 2
563 1184 2
1371 958 3
286 961 1
551 1078 2
878 891 7
56 1567 1
530 1404 2
1439 611 2
347 916 8
645 499 1
190 638 27
880 942 2
1338 1033 2
667 1227 8
1106 254 12
347 1307 14
1290 1210 57
988 238 2
317 36 8
253 338 5
724 1554 1
759 1583 8
285 995 1
285 1036 2
1125 160 14
325 836 3
199 32 8
437 226 3
76 104 8
499 1314 2
611 704 2
862 387 59
1526 929 7
980 495 8
619 770 2
1144 329 35
922 1460 41
398 1340 2
1117 743 5
713 1250 2
555 116 8
329 1578 5
317 1472 5
581 216 30
381 1305 8
961 854 7
348 697 1
240 1314 5
21 937 7
738 891 8
706 1377 6
1537 129 8
1210 1325 5
158 707 2
158 311 2
893 85 45
1388 685 7
1173 274 12
372 310 1
52 116 8
191 192 30
941 393 8
32 1483 2
1035 1375 27
70 104 35
703 834 2
23 277 2
1246 1408 57
1383 297 7
28 1384 8
287 624 30
388 424 8
209 1289 36
699 1581 8
1082 1371 30
128 569 2
476 295 2
359 201 12
468 958 3
1044 1457 8
552 666 12
60 138 35
819 92 8
907 458 2
1350 1106 1
900 672 2
903 80 7
3 1129 7
1220 1315 6
240 287 2
1565 667 27
361 32 8
269 499 21
62 881 5
524 286 15
681 1351 2
1232 1570 48
1292 813 15
558 381 33
623 43 6
1305 1186 16
211 834 8
390 903 6
216 1550 8
98 817 7
190 769 2
462 626 8
491 1578 5
995 355 8
1006 1581 8
326 1420 8
402 1342 7
528 347 33
1230 35 23
32 743 5
555 421 2
600 70 35
531 1001 2
327 191 14
211 766 8
557 531 50
325 930 69
1093 779 6
391 647 2
29 1325 5
737 1402 2
623 1042 2
325 1418 8
437 808 8
995 183 8
45 681 27
1295 1388 7
1100 229 33
974 514 2
1139 1371 30
1051 527 1
150 681 27
865 730 8
1314 466 2
869 311 2
1461 311 30
856 766 8
780 216 30
769 626 8
1394 1555 27
933 1310 7
804 1070 5
1405 78 2
1230 961 25
468 1253 2
784 687 77
240 983 2
126 623 2
265 728 8
701 1081 2
21 524 2
102 824 6
114 1309 2
21 128 2
563 905 2
1024 504 2
18 908 8
122 979 2
341 889 2
253 1310 8
804 1004 27
218 565 2
265 730 30
373 766 8
590 102 8
320 336 6
1535 829 20
303 1081 2
1044 18 8
85 1059 7
1302 412 5
440 76 1
913 37 7
1346 424 2
541 891 7
799 114 8
13 1127 8
551 685 7
70 1557 12
1225 1070 2
1359 360 2
323 1207 7
744 1447 1
1076 819 7
1221 1030 2
286 546 1
894 833 7
234 39 8
662 911 2
548 551 2
1449 1196 2
217 743 3
1031 702 8
189 607 7
936 159 5
574 704 35
1561 936 7
624 374 1
88 894 7
1108 891 8
988 183 2
750 723 2
317 377 8
1383 1315 5
491 139 5
543 28 2
70 11 64
531 318 2
325 47 8
285 981 2
600 908 6
981 747 7
581 229 30
1304 116 7
731 1181 7
871 108 8
309 297 8
534 952 33
297 488 2
1406 1000 2
607 609 2
579 1289 36
498 569 2
503 889 2
506 226 3
1305 1125 8
1291 269 7
71 23 33
913 135 5
158 360 2
1061 537 12
784 1383 77
1397 594 7
499 1087 2
1502 1328 2
161 101 8
325 1152 26
577 21 2
118 1243 7
1174 829 2
1085 326 13
518 83 8
162 31 33
372 646 7
125 476 2
825 908 8
558 537 12
1467 933 1
1230 657 21
20 880 7
317 1245 5
170 675 71
1382 605 7
127 265 8
574 1345 2
654 812 1
1129 974 2
325 1417 27
221 804 2
819 37 8
1050 259 19
185 667 27
1140 1443 2
470 22 2
1483 453 2
435 46 6
592 606 50
905 1333 2
910 1315 7
396 437 30
205 558 7
371 167 8
322 623 6
920 883 14
804 1062 8
11 784 19
56 1126 16
964 293 0
325 1144 2
1010 891 7
325 651 69
437 534 2
363 611 35
872 1449 2
1308 865 6
774 479 2
207 348 2
1317 894 27
997 437 7
98 704 2
995 259 7
657 888 23
318 1210 80
538 435 8
317 568 7
258 485 30
555 762 2
1554 472 1
557 476 50
1336 491 7
603 1211 2
1305 1384 7
894 128 2
655 437 8
1210 462 8
284 1126 2
494 1567 2
369 739 27
485 297 6
1081 1393 2
287 476 2
69 891 8
1184 369 2
627 486 7
1525 804 2
594 805 7
306 3 8
722 681 27
1323 766 8
372 1342 7
514 1140 2
1515 854 27
506 808 8
603 1039 2
784 408 77
926 1078 1
1497 1298 7
1385 790 22
623 1310 8
772 698 77
161 1125 8
1164 929 7
1375 513 26
268 533 3
856 252 2
880 63 8
1160 1173 2
595 662 38
1053 104 2
252 930 53
1467 1561 1
137 1164 7
978 32 30
1037 453 2
151 21 8
160 772 14
888 111 15
278 784 19
707 1491 7
435 1138 6
779 1184 6
306 1335 5
325 377 6
265 277 8
102 373 6
1328 1015 36
565 1163 2
840 1126 14
897 1161 7
36 574 44
819 269 8
217 1338 2
829 139 3
118 434 2
1228 1604 1
819 957 8
98 1062 7
489 42 8
728 643 5
160 315 30
1449 917 2
102 684 2
1239 611 2
126 891 8
951 1335 5
442 298 7
77 1388 7
552 1550 8
695 47 8
440 458 2
744 1100 1
1210 825 7
1104 140 1
833 159 20
1001 1443 2
961 23 30
551 1364 2
299 1382 2
1354 622 34
1553 569 2
569 269 8
1304 1399 6
627 412 5
218 437 8
396 1567 1
124 114 8
1533 1098 1
1209 531 7
1080 1449 2
404 1224 2
410 424 2
651 1594 38
1106 1112 23
409 1148 2
1449 1141 2
83 565 2
635 1253 1
1221 929 7
650 750 2
1338 626 8
81 191 33
435 65 8
557 1500 50
1177 569 27
158 1305 6
434 32 8
731 834 7
1103 21 8
531 263 2
1087 766 8
759 722 2
800 1325 5
972 774 2
1305 1097 7
384 1388 7
618 1150 7
267 514 27
957 1240 59
722 766 7
1321 424 8
993 83 8
1283 329 2
1421 63 7
1081 350 2
1002 1126 14
1045 160 16
498 514 2
118 1415 37
1171 1384 8
503 834 2
731 662 7
471 865 6
1527 330 8
1078 891 8
605 1438 7
393 702 8
607 486 2
1037 1081 2
711 102 2
514 92 8
581 854 27
261 998 29
988 1491 5
720 97 8
360 562 2
1242 1449 2
894 412 5
627 41 9
880 903 1
922 620 2
1160 21 8
217 259 2
558 1090 2
440 398 2
849 311 30
1355 1357 2
441 1388 7
1228 921 1
713 622 34
1082 454 41
311 1283 1
546 1388 7
13 97 8
1184 1210 57
325 693 2
800 855 3
417 804 27
1415 1280 57
98 357 2
1354 282 23
1408 99 0
995 450 33
82 157 2
681 89 2
988 464 2
1449 166 2
1437 60 2
1105 133 1
979 104 2
65 531 7
297 1525 2
922 1341 30
213 834 8
1443 824 23
292 449 2
31 823 31
272 627 7
721 504 27
284 675 2
1081 1396 7
1388 938 6
1081 1338 2
1313 1395 7
971 262 2
272 1315 7
507 1502 2
30 854 27
1447 453 34
514 397 2
33 1211 2
42 1129 7
133 75 5
1061 1098 2
1162 1161 7
1537 355 8
177 424 8
1540 101 8
1404 284 33
191 418 30
715 770 2
720 793 8
252 1252 27
1036 638 27
601 311 2
1055 834 7
912 297 6
582 1305 8
1472 1280 57
369 384 3
779 837 6
489 929 7
1375 1199 7
599 229 33
1495 804 2
21 122 2
998 1156 5
468 747 2
577 922 2
1377 462 7
1044 239 38
259 470 33
464 707 2
29 183 8
900 898 2
925 347 33
1448 421 30
470 199 2
221 667 27
894 108 1
361 555 2
334 993 2
919 191 2
1247 702 12
1126 940 2
1421 393 5
514 99 0
240 805 2
555 336 6
442 289 2
879 1516 2
1127 770 2
23 724 30
383 160 30
1474 1354 2
1401 311 35
442 581 2
1371 59 8
594 384 5
774 1052 2
334 611 34
347 63 8
621 76 57
1421 1491 7
1221 524 2
300 1449 2
1232 21 48
84 102 2
524 229 2
979 1024 2
360 223 26
1570 471 8
692 1578 5
1006 32 8
763 702 8
267 563 27
875 92 8
941 837 6
390 421 2
768 626 8
298 114 8
492 675 2
108 607 5
1341 114 8
55 1081 2
1552 147 8
1357 658 0
1552 881 3
1119 98 8
217 1335 5
618 1037 2
629 102 8
981 219 2
1179 216 7
1540 1125 8
500 1033 2
262 1177 2
1058 804 2
594 1310 7
838 114 8
1565 428 19
385 28 8
155 558 2
266 952 33
1163 804 2
510 65 8
34 1496 2
471 829 2
458 1243 7
899 908 7
449 433 7
638 1230 20
915 514 1
1372 770 7
563 1131 2
142 792 2
21 1042 2
193 558 57
720 42 8
350 1371 2
750 911 31
925 1371 33
325 619 27
1109 275 67
1527 1315 5
922 273 2
1025 893 33
1480 1292 33
1358 360 2
552 129 2
890 1371 2
1354 266 2
468 433 3
695 958 3
552 25 2
542 889 2
770 59 7
889 1077 2
800 462 8
1176 926 15
909 893 14
1561 812 2
286 668 1
665 32 8
1247 330 8
1262 311 35
555 63 8
681 75 3
920 309 14
872 979 2
555 355 8
437 59 8
65 476 7
70 684 2
285 1161 7
915 1500 30
190 140 2
506 433 7
1304 634 7
183 750 2
922 1235 41
702 801 10
599 1061 2
66 692 19
307 1500 30
1009 70 35
252 1236 6
1497 505 1
1045 1496 2
544 216 30
732 453 2
252 905 27
268 1396 8
160 597 44
988 338 30
729 702 8
1295 409 2
599 993 2
1000 1132 0
508 119 8
114 1417 27
241 424 2
290 435 8
719 390 8
454 1381 7
494 611 34
4 865 6
1500 912 2
707 1031 2
359 360 2
599 611 34
1382 435 7
1156 627 2
1480 1428 2
760 1245 5
464 360 2
565 365 2
217 540 2
836 102 30
900 843 2
932 32 8
774 773 2
676 514 2
1131 913 2
108 891 8
555 368 2
1357 901 2
1421 338 5
300 1375 27
1474 611 2
1496 35 40
552 653 2
1526 338 5
1315 220 52
334 998 29
894 26 2
190 836 2
641 1044 69
643 183 6
1211 1333 2
979 677 2
317 1127 8
922 1518 30
277 62 2
616 681 27
608 1315 7
929 681 0
160 284 2
424 129 8
730 476 2
261 1000 2
1552 92 8
398 36 2
31 1606 2
28 1418 7
707 1389 7
734 344 2
647 823 30
118 436 2
839 344 2
978 258 30
960 48 7
507 3 8
470 944 2
1459 1291 16
507 341 3
1158 424 8
361 508 2
235 834 2
784 858 77
468 248 12
1554 441 0
723 1305 8
770 1487 7
311 657 1
223 1416 2
836 1126 30
565 78 2
32 502 8
819 787 8
855 23 30
449 648 2
1395 21 8
681 1457 8
80 910 7
442 1258 2
899 681 7
901 102 7
626 412 5
551 798 2
420 875 6
437 1342 7
1000 1124 33
1443 821 2
1232 662 48
654 620 2
667 556 2
1561 419 7
433 1581 8
160 1376 2
993 278 2
254 1490 5
277 702 12
306 1217 8
313 112 8
21 293 0
419 437 8
55 1362 2
293 326 7
1081 540 2
875 269 8
195 108 8
504 958 2
229 396 71
722 1388 7
1304 183 7
499 254 12
1408 691 2
252 493 6
466 817 1
681 1118 5
729 360 2
616 1036 2
69 330 8
1054 1405 2
730 1000 2
1177 623 27
277 1305 8
191 697 14
191 301 14
360 856 2
605 3 2
161 272 8
1500 925 2
623 68 24
1437 50 70
518 1070 5
125 647 2
218 995 1
369 1148 2
922 914 2
707 684 2
591 607 33
240 179 2
918 424 2
320 1203 6
923 1140 2
1054 21 8
1233 428 1
485 766 8
569 1196 2
783 390 2
29 1384 8
913 1242 2
324 1554 2
667 960 2
531 642 30
677 854 27
217 485 2
636 1190 41
1117 1389 7
667 1310 7
371 384 3
774 322 2
922 1138 2
1171 59 8
787 766 7
551 219 2
889 1358 2
1474 160 2
447 499 2
199 453 2
922 1239 30
1124 1305 8
1380 987 41
1247 512 2
1106 590 2
261 1554 0
737 1190 2
1289 719 15
1297 1098 1
891 355 8
381 1388 7
1421 1381 7
981 1196 2
305 971 2
503 1377 6
1526 1381 7
623 762 2
1221 54 2
1446 453 34
318 1313 80
170 891 7
941 39 6
871 1199 8
721 626 27
277 1291 33
1075 104 2
303 32 8
216 1204 30
1129 813 15
618 239 2
834 638 27
145 390 1
1282 713 1
466 1399 6
869 31 2
1552 37 8
864 102 8
606 879 7
277 330 8
752 766 8
713 883 33
32 1097 7
115 594 1
273 191 2
1188 1448 50
144 766 8
161 796 8
32 1389 7
147 908 8
702 1207 7
782 751 1
415 1150 5
1446 1225 0
359 933 2
702 789 2
912 1230 2
483 424 8
912 834 2
457 435 2
127 569 2
229 823 2
1133 614 7
588 820 8
1021 770 2
836 675 30
1487 891 8
1272 265 8
912 1126 2
106 499 2
713 88 3
205 1357 7
681 1407 2
664 981 2
997 1304 7
258 1456 30
1225 732 48
555 1337 2
879 909 1
80 459 7
80 63 7
442 411 2
657 1371 33
744 1271 1
1000 381 33
643 824 6
1116 750 2
569 44 8
559 908 8
1315 1481 52
1237 891 8
1087 614 2
1221 808 7
880 711 2
880 315 2
80 391 7
806 1126 30
627 957 7
297 380 2
1517 1504 57
306 433 7
1110 1581 8
31 743 5
506 1342 7
614 958 1
1371 1325 5
880 247 2
281 607 2
880 539 2
1081 147 7
628 102 8
387 1305 7
928 988 2
398 609 2
1514 133 1
603 235 2
867 80 8
983 60 44
447 1225 0
252 503 27
365 829 2
1377 1384 7
506 296 8
1047 854 27
32 460 2
382 813 7
834 597 2
337 623 27
1069 265 7
126 1075 2
1283 369 3
266 118 2
986 774 40
218 981 2
320 856 6
1554 1014 0
371 59 8
337 555 27
502 258 30
1391 330 8
1364 804 2
1409 453 35
1166 348 39
1161 936 8
31 949 44
1221 338 5
688 1029 2
218 913 2
247 1305 8
796 325 2
270 191 30
672 829 2
98 200 2
1321 297 6
1261 908 8
343 891 8
592 722 50
905 1053 2
894 189 27
908 502 8
369 730 30
1191 146 5
1371 855 3
1105 372 1
311 1507 12
458 1299 29
790 102 8
1500 1499 10
980 569 2
900 269 2
12 1221 20
1215 633 7
62 1475 37
442 119 8
903 114 8
192 1404 2
704 1500 30
1178 345 0
1044 380 40
1313 1342 7
1304 95 6
1401 875 6
1445 297 2
961 981 12
981 1141 2
1499 552 10
1546 297 8
530 21 8
1081 1212 8
922 1461 41
318 862 80
409 172 2
1304 756 7
847 891 7
833 607 7
279 458 2
893 1204 30
1053 1495 2
999 201 77
1540 272 8
21 1568 2
627 179 8
1541 102 8
1262 908 7
446 866 36
505 891 8
829 1296 8
290 265 8
1448 368 30
263 1000 2
1044 82 38
539 607 30
1140 1567 2
455 603 6
1037 569 2
265 101 8
325 493 6
325 97 6
265 393 8
277 1315 5
454 238 2
607 1282 30
21 189 2
1354 1480 2
1164 1310 8
792 667 27
814 65 8
800 1384 8
98 886 7
217 1058 2
350 1305 8
499 925 10
1354 753 23
361 330 2
220 804 2
563 210 2
1025 390 8
681 1352 2
555 111 6
1225 677 48
1553 854 27
85 770 2
563 502 2
551 792 2
458 324 29
233 1581 8
1445 993 2
160 368 31
981 1062 6
462 627 8
643 373 6
978 623 2
720 1004 1
854 690 1
657 1567 2
933 440 35
1461 675 2
1304 1556 7
877 514 2
926 111 15
1231 588 8
305 1252 2
286 211 1
647 1120 2
988 1555 2
555 813 8
183 1230 7
1237 80 8
514 1264 2
988 1550 8
981 166 2
512 690 2
1282 1354 1
251 1291 16
1436 857 2
1337 52 8
806 607 30
1058 647 2
1075 677 2
499 528 2
932 252 6
68 891 8
499 1124 33
164 891 8
292 229 2
606 1061 1
888 631 15
172 507 8
277 512 2
681 658 0
852 574 2
592 43 6
913 715 5
334 1554 0
1265 1210 6
45 409 2
944 480 2
271 159 2
981 822 9
371 1342 7
1284 329 2
499 163 8
437 1139 30
584 1594 38
268 881 3
252 986 53
162 114 8
1171 1396 8
369 350 2
33 235 2
713 787 8
62 1578 5
555 1203 6
323 110 5
458 1310 7
1443 345 0
563 1198 2
1485 499 2
238 603 2
829 149 8
1408 481 9
206 1044 53
230 829 2
1566 888 57
1357 1359 2
141 1101 9
1267 1305 14
667 116 7
894 1298 7
1008 889 2
563 833 8
435 377 59
1221 1391 2
551 1024 2
184 404 57
1428 1154 1
563 1125 8
923 957 8
1371 462 8
311 1003 1
1295 1315 5
432 1581 8
141 637 9
1015 922 2
906 1377 8
1213 1315 7
889 852 2
952 844 31
894 1568 2
1221 1381 7
1533 1446 1
779 167 8
1561 937 7
759 1138 2
747 1428 2
35 1609 47
386 1057 57
543 29 2
228 114 8
528 1000 2
1215 114 7
1084 62 2
611 254 2
476 1268 5
292 565 2
1394 545 27
623 355 8
158 325 2
854 272 2
656 31 14
611 942 2
739 1581 8
1515 1333 2
1520 1315 7
1053 1148 2
543 347 14
507 1217 8
1526 848 8
323 910 5
31 357 2
1061 818 2
155 1357 2
178 424 8
865 272 8
601 31 2
957 21 8
594 1131 8
13 1491 7
454 1156 7
237 514 1
558 1226 12
489 1482 8
489 1086 8
1035 360 2
478 1305 8
502 114 39
796 1362 2
784 1314 7
1497 936 8
148 390 8
713 309 33
596 652 44
114 231 2
265 384 3
750 877 30
1305 855 5
815 102 2
42 160 50
325 438 6
229 421 2
588 22 8
1247 118 2
144 588 8
64 102 30
1024 114 2
1349 610 2
1220 865 6
470 315 2
334 713 2
1000 590 2
681 901 2
114 455 2
555 831 2
437 535 2
551 3 7
1140 229 33
442 796 8
325 307 7
997 834 7
639 311 2
1324 751 1
737 1416 2
390 1578 7
421 627 2
647 773 2
409 917 2
928 60 41
1225 158 48
555 763 2
218 102 8
1570 259 8
526 627 2
429 297 2
1554 910 2
534 297 2
655 834 8
869 325 2
291 908 8
720 485 1
154 667 27
84 510 2
739 611 2
253 272 1
259 667 27
499 381 33
1184 662 2
627 820 8
871 1321 8
514 1141 2
582 1388 7
159 26 2
297 197 8
1305 47 8
228 908 6
1050 471 1
1436 1125 8
999 1462 77
552 1214 0
23 1247 2
491 789 2
382 411 7
268 92 8
161 1418 8
1119 216 30
1298 908 7
297 129 8
951 296 8
142 220 2
1166 265 8
126 569 2
1526 97 8
772 923 77
555 856 6
613 470 30
552 1578 7
686 1305 8
1382 1526 7
695 116 8
858 754 5
1304 739 5
187 1228 1
192 1210 6
265 676 30
1408 822 9
21 35 23
226 442 2
1240 1310 7
326 1625 7
681 853 12
1247 31 33
449 423 2
1031 325 2
286 560 1
551 677 2
80 685 7
753 623 6
770 1486 7
1456 240 2
1463 21 8
347 119 8
697 1305 14
751 684 1
662 857 2
1371 513 30
1338 627 8
108 253 3
808 347 14
286 388 1
779 112 8
538 1315 7
821 1000 5
297 898 2
1019 834 8
398 1299 2
398 903 2
574 546 35
734 919 2
1075 958 2
281 437 2
981 1031 2
880 765 2
30 1333 2
761 80 8
148 681 27
880 1156 8
46 1388 7
1459 311 30
671 750 30
507 433 7
1252 1609 47
1085 340 13
1561 519 35
1016 660 5
13 338 5
922 595 41
145 662 2
323 459 5
933 1384 7
505 98 2
1394 26 27
252 625 27
1061 775 12
161 47 8
599 713 2
1044 1283 38
1307 626 8
610 39 8
829 836 3
29 1227 8
1229 685 6
1258 804 2
155 191 33
891 1203 6
350 681 27
1335 875 6
495 1384 8
1481 1554 7
390 1094 30
449 1515 2
563 1479 2
455 681 27
913 1121 2
1056 766 8
558 775 12
1166 1581 8
286 97 15
784 863 7
1181 92 8
464 476 2
479 369 3
909 626 8
1140 993 2
1479 458 2
80 917 7
667 1423 2
596 1292 30
602 311 35
468 47 8
1126 663 7
641 1033 2
371 1325 5
889 1133 2
197 1315 7
981 322 11
1140 611 34
614 1397 5
1328 994 37
1061 81 10
102 685 8
1304 321 6
519 552 1
1210 39 7
69 514 2
641 569 2
74 1230 2
74 834 2
398 1239 2
995 1139 33
960 981 12
647 322 2
988 757 2
160 1337 7
1214 52 8
981 1367 2
1211 1449 2
70 694 7
323 47 8
65 428 7
1336 437 7
720 338 62
981 925 7
999 114 8
252 1029 27
1550 1305 8
1436 455 2
173 458 2
309 574 44
190 488 2
639 480 2
1081 233 27
1405 638 27
739 160 2
55 454 2
374 1292 33
702 280 5
303 495 8
656 1292 14
915 1225 0
259 875 6
606 654 7
1416 903 2
1414 32 8
829 1131 2
1259 1388 7
988 1082 30
586 1405 2
602 614 7
241 480 2
543 531 30
265 291 8
272 1581 8
720 1086 8
167 32 8
929 1161 7
993 960 35
268 37 8
610 959 8
507 119 8
64 347 30
371 855 3
1374 1451 2
1029 1075 2
455 766 7
126 514 2
687 1161 7
269 311 25
282 1465 5
311 377 1
231 514 2
1179 428 71
454 756 2
334 347 33
1155 330 8
219 804 2
702 914 7
301 323 77
112 1292 7
774 1121 2
898 1375 27
104 854 27
665 1081 2
852 50 41
742 489 15
142 92 8
879 684 1
1020 588 8
779 1395 7
962 293 0
551 622 2
1025 908 8
442 978 2
442 582 2
1266 114 8
1125 588 8
744 650 1
236 610 75
1460 675 2
542 262 2
1001 993 2
551 914 2
395 1375 27
369 606 31
311 1330 2
316 875 6
1570 936 8
221 390 8
654 736 2
854 812 1
886 834 8
476 1139 30
190 1184 2
1554 1087 2
647 1242 2
770 139 3
182 1446 2
993 97 8
1305 355 7
1211 32 7
1436 1479 2
626 1568 2
512 812 2
306 937 8
1514 372 1
695 1325 5
768 627 8
620 504 2
253 845 1
12 988 20
514 671 33
1404 25 2
617 766 7
147 988 2
592 269 6
444 1465 5
1460 1292 30
1438 80 8
1053 350 2
191 1047 30
65 114 8
475 1230 2
723 1388 7
486 750 2
466 95 6
784 1274 77
605 1384 7
138 879 7
150 531 2
127 1436 2
1398 1161 7
1187 908 8
64 1371 30
1177 70 2
922 1030 2
769 623 6
458 1536 7
927 913 1
457 442 2
563 1424 2
563 1028 2
13 1381 7
923 860 2
539 1567 1
605 384 3
674 466 2
565 129 8
1230 1243 7
1467 360 1
699 265 8
897 424 7
347 1156 8
1052 360 2
162 695 2
555 1298 7
270 258 30
70 24 1
1247 1292 33
643 1227 6
216 307 2
102 384 3
80 1550 7
323 1330 7
439 265 7
889 1078 2
552 813 8
70 357 2
1371 357 29
325 1235 33
1408 441 0
1180 1225 0
641 514 2
217 820 8
82 98 8
829 1417 27
664 297 2
409 411 2
172 1388 7
850 922 2
82 390 8
432 32 8
159 1295 2
277 1388 7
50 1255 2
1057 589 57
1176 311 1
834 1 6
159 189 27
731 1304 7
893 1047 30
158 551 2
611 772 2
913 823 30
167 1315 7
850 458 2
1117 1207 5
266 297 2
470 1213 6
862 163 8
850 750 2
806 1567 1
1540 47 8
294 80 8
1126 85 45
35 159 2
252 1198 27
23 53 2
634 32 8
1225 1245 5
1292 947 44
668 908 5
543 476 30
32 1213 7
258 455 2
1313 3 8
1313 341 3
739 32 8
1112 489 15
55 326 8
1041 834 2
501 626 8
980 893 30
784 666 5
108 1315 7
371 462 8
1258 667 27
569 856 2
340 1314 7
220 647 2
1354 1359 2
661 779 6
143 588 8
941 789 8
148 908 8
1371 1384 8
800 768 2
569 1148 2
1025 1126 33
322 1210 6
1124 1388 7
1416 485 30
565 1054 2
581 759 2
588 936 8
1333 1243 7
1442 1225 2
1315 14 5
1106 1110 2
1158 21 8
880 1047 16
592 116 8
1225 452 48
241 750 30
1225 848 48
1126 1236 7
555 661 2
323 355 7
1336 390 7
909 1126 14
1093 623 6
311 983 2
1155 1315 5
300 707 2
190 1525 2
1001 998 29
317 1128 8
1225 676 48
565 983 30
1567 444 23
324 624 30
246 1289 36
993 42 8
941 95 6
512 419 7
922 208 30
452 1490 5
841 1581 8
1436 1419 8
54 252 2
737 159 2
862 1583 8
1371 272 31
1282 1061 1
618 937 7
607 49 2
500 979 2
159 148 2
784 1323 77
33 78 2
933 982 7
1391 1388 7
543 1500 30
253 1550 8
1024 1036 2
1304 1325 5
470 841 2
1496 358 38
1493 804 2
159 471 8
563 1077 2
939 1104 8
1206 286 15
1494 296 7
1375 462 7
596 1402 44
907 862 2
1317 1315 5
899 750 7
1497 83 8
913 277 7
677 1333 2
913 219 2
1500 126 2
442 1223 2
381 624 30
665 1362 2
160 1194 30
1468 594 7
1567 1575 2
265 1194 30
917 191 2
1327 1081 6
1229 111 6
1567 1191 12
317 1491 7
217 150 2
1104 1456 2
679 330 8
286 1078 1
551 1195 2
1036 1163 2
555 1243 7
549 621 2
980 854 27
784 685 7
563 1296 8
449 936 8
369 450 30
1079 954 7
119 21 8
552 367 2
804 502 8
594 958 5
695 462 8
1127 424 8
1126 1144 44
424 831 2
1014 52 8
1221 1156 7
360 440 35
1276 382 5
880 663 2
1313 1062 7
759 1309 2
82 48 2
651 114 38
921 160 30
191 83 8
867 605 2
1144 118 35
1429 424 7
1446 891 8
869 1075 2
824 1305 6
201 481 74
1397 834 7
54 880 2
754 916 8
267 1033 27
739 1315 7
854 42 8
227 265 15
558 683 0
292 627 8
607 1073 2
1397 766 7
498 1033 2
157 202 2
618 300 2
360 857 2
252 455 27
380 894 2
999 317 77
138 1061 1
454 1395 7
1500 530 2
829 287 7
508 65 8
1173 444 23
652 519 35
688 1549 2
437 272 31
1045 681 38
1479 1044 53
247 1388 7
52 129 8
486 888 23
266 466 2
140 495 8
866 1200 15
591 888 23
189 1210 6
1229 1203 6
170 531 30
804 911 2
286 719 15
610 139 3
552 771 2
1428 1246 5
468 254 12
898 681 27
201 280 5
476 704 2
900 393 2
258 1401 71
702 408 7
217 778 2
1272 326 8
458 42 7
555 314 2
698 355 8
208 80 7
880 596 16
1008 80 8
317 808 7
325 524 2
555 606 2
540 889 2
993 929 7
447 891 8
311 194 7
170 627 6
1253 453 34
159 101 26
720 724 1
875 1321 7
178 297 6
1449 289 2
507 1360 1
305 972 2
1080 889 2
620 667 27
13 205 19
420 504 2
563 149 8
1128 21 8
1081 1565 2
1081 1169 2
1085 1554 13
277 1292 33
906 297 8
611 1345 2
602 908 7
258 1200 2
32 1125 6
1303 779 7
61 1581 8
702 110 5
625 21 8
297 206 54
262 380 2
252 1479 27
1047 1333 2
403 297 8
1540 958 3
988 1204 30
153 784 19
674 1443 2
115 491 1
1037 229 2
350 1388 7
23 1314 2
1158 766 8
118 1070 2
480 684 2
470 890 2
701 114 2
1053 172 2
888 179 15
240 704 2
143 770 2
20 369 7
609 891 8
317 338 5
1053 167 8
1372 265 7
1025 1161 7
1036 488 2
102 837 6
160 451 30
1561 1015 36
170 60 71
454 936 7
265 451 30
518 658 0
951 341 3
997 1305 7
548 48 2
381 1315 5
934 265 8
265 1139 30
674 160 33
472 80 8
1561 433 7
424 844 2
13 848 8
1247 98 33
643 1013 57
323 928 7
1037 1230 20
233 326 8
780 240 2
1001 888 23
1217 891 48
1173 1397 0
787 21 8
1553 1033 2
156 913 1
76 1446 2
328 1581 8
1109 1315 7
1533 1562 1
880 608 2
1098 1126 33
217 22 8
635 925 1
297 673 2
1549 889 2
507 718 2
398 678 2
176 923 2
1554 2 2
1177 1033 27
922 781 30
912 1225 0
1081 882 2
1554 890 33
627 1578 7
913 421 30
737 435 8
507 650 2
504 1196 2
32 46 6
269 1581 8
813 159 1
53 531 2
252 1127 6
466 321 6
487 1161 8
607 622 2
950 28 2
33 1047 2
126 1436 2
717 888 2
374 702 12
1210 991 5
348 1488 2
265 1437 8
941 59 8
1161 568 7
1522 766 8
148 675 33
1129 1118 1
85 1616 41
713 1140 2
25 908 8
145 369 2
195 664 20
460 675 2
663 118 5
577 70 2
913 500 2
80 1156 7
922 1152 2
804 856 2
1044 1227 8
360 1125 8
206 854 27
804 1148 2
238 555 2
565 256 2
228 265 7
236 1428 75
576 32 8
479 98 8
1026 804 2
1402 960 35
1261 1305 8
302 1554 7
449 1217 8
1483 70 2
1126 438 7
102 173 2
1228 593 1
844 428 71
85 435 2
540 834 2
540 1230 2
774 200 2
1397 390 7
333 80 8
1247 62 2
714 31 14
326 1086 8
613 865 6
1570 83 8
390 1298 7
37 320 6
292 981 2
317 726 8
77 751 2
1304 825 7
118 958 5
48 178 1
979 172 2
1312 891 7
1084 118 2
381 1230 7
1081 1510 2
1230 355 8
37 252 6
614 568 1
32 341 5
292 913 2
865 63 7
35 453 2
945 1292 33
618 581 2
739 326 8
913 88 5
1404 444 23
607 1250 2
647 765 19
478 1388 7
1416 678 2
1061 1562 2
252 1424 27
252 1028 27
913 776 5
1081 1437 8
686 369 1
506 1217 8
1265 875 6
360 1384 7
265 462 8
151 102 8
977 114 8
594 1187 8
1459 98 16
118 327 2
256 102 8
252 651 53
581 1053 2
170 1500 30
1039 1436 2
779 1342 7
681 1025 2
483 766 8
268 140 8
552 1298 7
1079 347 30
1304 855 5
1449 930 53
479 330 8
256 326 8
713 92 8
265 396 30
499 1109 67
981 1481 11
1242 834 2
329 741 2
641 1436 2
455 1161 7
176 50 41
541 603 2
281 894 27
1036 365 2
1360 770 2
317 1381 7
172 854 27
437 883 2
1447 952 33
1019 330 8
415 91 7
551 689 2
383 624 30
1357 309 33
139 258 30
1336 1304 7
894 545 2
1227 1305 8
643 1062 6
1337 80 7
1084 1106 2
102 1194 30
647 1121 2
399 1075 2
988 1556 2
300 829 2
395 981 2
1328 1112 2
415 419 7
979 1196 2
652 1395 7
251 1292 16
1553 514 2
741 29 2
285 647 2
399 611 2
627 835 7
941 613 6
35 1081 2
382 535 7
922 383 41
30 1053 2
160 803 2
1545 1581 8
865 1420 8
913 366 30
941 1342 7
98 881 5
183 190 2
636 114 8
266 1443 2
226 23 30
759 730 8
195 291 8
1284 702 12
176 800 2
205 862 77
784 1153 77
606 1354 1
1177 514 27
592 336 6
503 555 2
371 1384 8
1496 256 38
360 455 2
142 636 2
1050 1314 7
661 1305 6
841 32 8
686 1388 7
741 347 14
138 654 7
158 21 8
491 741 2
348 1037 2
337 569 27
713 397 2
930 643 38
900 223 26
489 68 2
470 1458 8
922 805 2
335 1033 2
701 979 2
988 432 15
390 418 30
278 160 14
454 1555 2
794 1228 1
468 1112 23
1468 424 7
454 1550 8
913 1133 2
804 796 8
582 330 8
905 311 2
408 1315 5
3 489 8
347 494 7
645 514 1
555 1515 2
805 626 8
338 80 7
1148 32 8
238 891 8
1404 1397 0
1450 834 2
1253 329 2
468 163 8
804 728 8
1354 334 2
452 908 8
99 326 7
681 269 8
993 527 7
1232 785 48
865 1184 52
1570 1298 7
1227 330 8
420 667 27
442 65 8
192 558 2
789 458 33
692 606 35
1232 551 2
1446 702 12
190 380 2
330 1125 8
713 99 0
518 1491 7
879 145 2
1450 662 2
390 1243 7
476 272 31
98 464 14
13 88 3
37 265 6
70 460 2
1555 662 2
745 751 2
495 1243 7
1328 91 7
506 646 8
306 75 3
1416 399 2
1061 1283 2
268 1199 7
643 393 8
720 546 1
879 823 14
168 454 33
727 1126 33
603 1169 2
1077 569 2
1396 766 7
871 298 8
607 903 2
369 1047 2
862 730 8
614 49 1
1375 1384 7
991 879 9
735 627 8
489 1452 2
721 449 27
494 1061 2
369 233 27
252 577 27
1402 42 8
148 360 2
255 880 2
1284 1291 33
431 441 0
865 273 8
594 1132 8
605 855 3
679 1315 7
1129 1295 1
792 681 27
20 1570 7
1284 330 8
28 1227 8
879 576 1
322 297 6
485 894 2
1428 1472 5
1037 114 8
1377 183 7
325 43 6
442 78 2
476 534 2
1136 1310 8
1472 1496 12
695 1384 8
552 1243 7
569 1314 8
1160 766 8
552 562 23
766 846 6
101 70 2
230 347 33
458 606 2
900 911 2
192 875 6
106 390 2
688 292 2
1240 980 1
713 37 8
447 702 12
774 841 2
482 21 8
126 265 8
98 728 7
550 512 2
555 57 6
85 320 2
102 350 2
27 551 40
80 292 2
635 591 1
981 1445 7
692 259 8
311 362 2
759 1417 27
1550 1388 7
272 286 15
295 558 2
1201 428 1
49 702 12
1436 929 7
880 206 2
1221 641 2
627 848 7
979 1141 2
951 544 21
595 1126 16
35 297 1
1053 739 27
638 998 2
572 453 35
411 662 2
563 1152 26
281 102 2
754 63 8
656 952 14
499 474 2
398 208 2
157 1056 2
754 355 8
913 661 5
274 610 75
601 1416 2
784 1098 77
1183 323 7
1078 265 8
1179 229 7
1539 102 8
191 1455 30
1413 32 8
563 1417 27
1244 265 15
102 735 6
1 865 6
348 586 2
565 1525 2
512 519 35
579 1448 2
702 1330 7
596 627 8
1481 531 7
1483 1443 2
1372 491 7
271 32 8
527 1059 5
501 114 8
21 763 2
1053 685 8
1259 695 2
692 663 8
707 119 8
468 381 33
1082 531 30
792 1036 2
230 1371 33
1468 369 7
681 883 33
218 804 2
1357 950 33
1214 372 1
894 848 7
335 514 2
1140 320 7
1221 1395 7
125 311 2
563 1076 2
1117 433 7
1221 1337 2
112 766 8
551 1366 2
1445 1567 2
1232 834 48
159 1578 5
1305 438 6
804 277 8
933 855 5
889 798 2
201 129 7
569 167 8
170 1377 6
233 52 8
641 1190 33
1135 265 8
49 1291 33
993 742 2
1179 633 7
1337 626 8
632 265 8
1050 1564 1
870 855 3
148 1305 6
328 32 8
170 80 8
1304 355 7
506 533 3
305 1398 39
1039 1375 27
611 342 58
372 270 1
54 551 2
1077 514 2
834 450 7
701 995 1
1275 1357 7
142 917 2
162 297 2
1061 1160 2
1394 423 27
1047 480 2
1521 766 8
33 1565 2
1078 1581 8
1526 1086 8
360 982 7
1141 320 6
1436 47 8
476 255 2
1082 114 39
605 462 8
449 1120 2
415 298 5
1364 681 27
392 702 8
667 1492 2
750 823 30
506 737 20
1382 52 7
981 391 11
104 1333 2
692 1583 8
216 723 2
654 1488 2
1564 888 57
434 320 6
817 1305 8
1436 1152 26
1421 59 5
1009 891 8
194 305 2
1225 568 48
555 381 2
199 229 2
85 265 2
434 252 6
211 330 8
510 75 5
1210 40 7
268 1070 5
911 114 8
1215 360 7
46 1315 5
438 265 7
76 296 8
531 1253 2
438 603 2
441 52 8
1436 1417 27
372 99 66
988 758 2
507 1135 1
659 424 8
1117 119 8
292 1161 7
1297 1562 1
1315 728 7
647 219 2
657 347 33
1197 770 2
531 789 2
631 428 1
603 1054 2
603 1450 2
48 1029 2
947 1496 2
995 471 8
1394 1515 27
514 1447 2
514 824 23
611 970 58
270 1081 2
1051 419 1
618 411 2
147 23 7
737 1581 8
806 102 30
1518 1315 7
436 347 14
1188 1292 50
739 453 2
630 908 8
98 976 30
1315 1389 8
237 468 1
541 347 14
486 1371 33
604 23 2
601 627 7
435 1153 6
359 1173 2
554 1000 5
591 1371 33
1468 1210 62
829 1424 2
772 1333 77
476 883 2
594 1017 8
159 259 8
1115 382 5
428 983 16
829 1419 8
431 1014 0
393 21 8
913 1004 27
377 766 8
508 1156 8
359 458 33
1284 512 2
928 360 2
144 834 8
1053 384 3
563 68 1
779 735 6
373 330 8
681 1251 2
1158 437 8
1481 476 7
28 197 8
435 1418 7
28 139 3
498 52 8
454 757 2
1004 1496 53
160 948 15
716 424 8
442 1047 2
323 479 7
772 1161 77
1137 326 7
1305 1325 5
102 991 2
556 627 12
852 720 15
1254 770 2
774 1122 2
1505 265 8
1461 574 2
1478 1000 2
667 53 2
900 1583 8
29 769 8
1570 568 7
1203 1305 6
570 114 8
1001 347 33
1025 1305 8
750 1557 1
894 1131 2
88 504 2
1357 523 23
563 625 2
83 681 27
652 856 6
787 588 8
437 1396 8
1201 605 1
1447 118 2
1570 833 8
977 713 2
1209 770 7
667 272 8
765 1377 8
759 1029 2
88 390 7
730 893 2
1128 424 8
518 1381 7
1443 474 2
879 35 2
497 920 1
981 289 2
759 1420 8
624 162 1
1302 1298 7
819 1236 52
850 191 2
1050 1509 1
622 1371 2
265 1384 8
941 735 6
1376 489 1
1075 1196 2
281 675 2
1210 18 8
385 390 8
618 1389 7
944 707 2
713 1087 2
908 1310 5
507 1212 8
195 855 3
944 311 2
297 672 2
701 981 2
784 1275 77
507 1108 8
48 278 2
216 1335 5
268 1062 8
514 341 3
340 755 7
1047 29 2
265 1212 8
505 435 8
1187 1305 8
1545 32 8
1174 325 2
1141 265 6
854 90 8
914 569 2
154 504 2
1033 638 27
579 891 7
128 114 2
137 32 7
1481 1500 7
1375 856 2
623 856 20
713 200 33
880 985 41
774 1004 27
1210 990 5
923 1153 2
359 21 8
114 619 27
217 206 2
745 1289 36
1001 1371 33
1029 325 2
905 829 2
229 604 2
217 498 2
558 1329 2
1230 867 33
641 979 2
23 1499 10
1297 1283 1
1454 240 2
308 610 2
81 1126 33
555 722 2
787 779 7
920 671 14
922 960 30
759 619 27
681 787 8
439 954 7
190 210 2
1304 308 7
1458 369 2
190 502 2
83 1036 2
894 83 8
281 1371 2
297 1076 2
933 1005 36
1447 31 33
1306 21 7
681 719 8
864 1161 7
1177 1436 27
636 891 7
1076 627 7
731 1305 7
514 1100 2
1076 569 2
913 327 5
49 512 2
1210 646 8
1053 233 27
522 770 2
1436 355 7
720 668 1
1436 693 2
1015 489 15
1204 32 8
1085 518 13
607 1025 2
369 1565 2
626 26 2
862 852 8
33 1450 2
618 648 2
489 903 6
503 98 2
933 355 7
291 627 8
1047 1449 2
1047 1053 2
1225 1246 5
707 1393 2
323 1325 5
913 1321 7
594 1259 2
479 574 2
1164 1550 8
591 360 2
531 1455 30
702 928 7
588 568 7
176 1221 45
922 1555 2
646 1225 0
1054 766 8
978 216 30
945 330 8
804 1213 7
551 298 7
551 636 2
454 743 3
1468 1570 7
800 1457 2
588 833 8
3 32 8
258 781 30
980 1333 2
600 311 35
1258 390 8
551 172 2
993 1381 7
317 1156 7
70 945 1
899 347 7
85 442 2
368 80 8
323 648 7
311 542 7
1307 506 6
681 309 33
1098 1561 2
222 265 8
643 837 6
1436 1493 2
307 390 2
1444 713 2
817 1315 5
510 1418 7
995 716 8
1075 917 2
181 770 2
779 3 8
398 502 2
398 106 2
300 954 7
618 1052 2
779 341 3
306 533 3
1443 419 2
1211 1581 7
297 393 2
634 437 8
1184 889 2
720 1395 7
1436 1420 8
318 98 8
910 453 35
1278 1328 1
22 1567 1
737 160 2
244 489 6
318 390 8
1445 611 34
601 908 7
159 545 2
1081 34 53
297 716 8
33 475 2
928 1059 7
374 514 2
592 111 6
186 102 8
167 611 2
1124 1315 5
729 21 8
369 882 2
536 607 30
271 623 2
4 252 6
784 824 77
735 1377 8
707 22 2
1007 611 35
1348 1225 0
1081 92 7
1069 382 7
923 478 2
1129 546 1
569 739 27
127 1377 8
914 514 2
866 573 15
707 350 2
810 1581 8
913 616 2
558 666 12
692 1577 8
27 80 8
792 424 7
941 3 8
226 565 2
1104 1457 2
176 470 45
80 808 7
472 32 8
796 437 8
504 1014 0
635 1445 1
449 937 8
1148 495 8
1126 158 7
424 1583 8
681 44 8
1253 495 8
889 1024 2
569 789 8
653 1126 33
1276 779 5
592 375 50
848 654 5
875 298 7
330 1296 8
863 588 7
1436 619 27
786 21 8
183 369 2
1421 260 1
1297 1160 1
229 758 71
988 648 2
322 766 8
981 1258 2
1391 1315 5
463 574 71
592 1203 6
176 1225 7
1076 514 2
849 574 2
402 1389 8
1075 166 2
1372 643 5
607 678 2
216 911 31
1230 519 25
507 1577 59
713 1264 2
507 1389 8
183 588 8
1458 347 30
1416 106 2
23 359 2
36 453 2
712 182 7
369 1510 2
357 1404 2
926 519 1
158 424 8
138 1354 1
1258 681 27
870 904 9
707 1437 8
1465 1517 5
476 377 2
915 681 21
1245 647 57
620 1292 14
428 873 16
866 1201 15
161 462 8
262 1324 39
1229 808 6
1448 381 30
1163 360 2
3 1315 7
782 854 2
1030 504 2
489 1550 8
128 979 2
1314 1225 0
681 745 2
816 1305 8
42 624 50
662 638 27
277 594 10
1377 646 7
1540 1325 5
258 1006 71
763 875 6
791 750 2
442 541 2
588 90 8
912 891 8
1333 1131 2
127 626 8
1480 160 33
450 607 2
774 616 2
1565 681 27
664 647 2
575 32 8
805 114 8
454 183 2
80 125 7
205 1315 7
910 114 8
70 494 1
202 889 2
192 1357 2
992 920 2
894 661 2
69 1033 2
139 311 31
647 841 2
759 231 2
1077 1436 2
842 1443 1
191 1004 8
606 558 1
1549 262 2
1219 891 8
12 551 20
1084 466 2
1297 81 1
833 1362 2
1403 779 6
1302 833 8
247 1315 5
958 800 7
848 323 2
1445 998 29
860 424 8
1293 770 2
759 455 2
489 1184 6
1301 102 7
518 848 8
499 244 8
33 420 2
421 624 30
21 314 2
1283 62 2
699 893 33
1405 488 2
987 519 35
737 32 8
591 933 2
746 1500 5
619 28 8
1379 390 2
936 908 8
1372 662 7
125 258 2
218 647 2
184 1504 57
126 1033 2
1126 1482 7
558 599 2
880 187 41
231 1033 2
512 622 35
1133 908 7
323 997 7
442 1565 2
442 1169 2
437 1299 2
1227 1388 7
692 730 8
502 286 15
789 1357 2
311 845 12
98 1131 7
1172 384 5
1352 1448 2
726 1292 30
552 873 33
808 191 14
176 1190 41
1136 42 8
551 1141 2
80 357 7
323 929 7
234 855 3
1003 1428 2
569 384 3
323 825 7
846 1377 6
861 1567 1
141 1046 9
880 1005 2
880 609 2
894 1243 7
610 743 5
759 859 2
880 1396 8
1424 854 27
1281 1377 6
1443 992 2
993 517 2
592 856 6
1283 466 2
581 347 30
512 1389 7
922 782 30
922 1458 20
1207 102 8
726 1371 2
626 189 27
879 205 19
390 936 8
267 979 27
1295 369 2
325 68 24
1172 1310 7
1448 976 29
596 1161 7
385 908 8
829 1235 33
159 722 2
369 1163 2
862 54 8
357 1057 2
652 743 3
1194 390 8
1383 32 7
348 656 1
1207 326 8
1174 551 2
1383 720 7
1400 750 7
252 693 27
591 1561 2
229 606 2
195 665 20
476 718 2
157 471 8
667 929 7
32 1437 8
349 62 2
240 22 2
988 1176 15
993 1566 37
1042 159 2
680 1315 7
673 759 2
95 603 52
265 59 8
552 1009 2
447 118 2
447 514 2
102 138 2
1354 523 23
552 282 23
185 681 27
900 730 8
98 890 2
80 1381 7
1357 397 2
1126 777 2
83 1388 7
217 719 8
223 216 2
978 854 27
442 126 2
1081 75 5
624 1480 1
624 1084 1
552 936 8
1482 114 8
442 855 3
325 762 2
216 1217 8
297 223 26
744 486 1
563 163 8
216 722 2
383 50 41
1210 211 7
643 39 6
1215 531 7
720 670 1
146 658 0
1446 31 33
325 35 23
437 881 3
863 1161 7
750 1073 2
894 210 2
642 70 2
1211 829 2
302 468 7
859 1405 2
535 1000 2
1129 432 15
747 466 2
1210 143 7
470 1124 16
1209 605 7
1417 1230 2
1436 231 2
117 216 30
76 341 3
252 1493 27
33 638 27
829 929 7
737 1315 7
216 1047 30
1357 99 0
484 751 1
627 833 8
43 766 7
601 402 7
933 523 2
382 178 2
133 1310 7
1506 607 33
1271 893 33
76 1335 5
258 974 2
720 1550 8
1171 1062 8
155 390 8
804 739 27
106 514 2
24 893 33
1503 588 8
1304 820 5
102 95 6
661 506 6
1494 187 7
454 928 2
240 942 2
321 1377 52
360 47 8
468 1207 8
272 941 55
923 3 8
923 341 3
42 258 30
453 484 58
1359 491 2
588 663 8
792 360 2
569 59 8
329 742 2
1093 1210 6
1567 732 7
315 458 2
1567 1070 2
447 31 33
535 1404 2
190 1424 2
1047 1500 30
1444 611 2
894 568 7
681 1250 2
847 1225 0
652 735 6
1315 429 5
1001 1561 2
234 462 8
681 523 23
1336 1305 7
744 1114 1
744 718 1
1468 21 7
628 1375 27
435 147 8
889 914 2
424 722 2
417 190 27
1570 1004 8
107 98 8
528 437 8
191 1577 8
1304 143 7
86 424 8
86 28 8
922 761 15
295 191 33
965 732 7
415 753 8
850 70 2
1177 979 27
626 1298 7
168 1230 2
168 834 2
1554 824 23
527 435 8
531 277 2
623 26 2
499 530 2
256 804 2
1304 75 7
1075 1367 2
528 265 8
766 855 3
854 37 8
534 998 29
1033 189 27
901 611 35
54 766 8
164 1581 8
1123 1315 5
945 1315 7
297 843 2
667 1152 26
839 1224 2
1275 681 7
1006 453 35
374 1428 2
297 838 8
259 347 2
603 78 2
1162 588 8
915 1443 1
870 65 8
1030 667 27
1402 1310 8
720 179 8
1181 277 8
993 53 35
594 109 8
760 358 5
923 1392 2
1129 668 1
713 789 8
1335 159 5
855 611 30
368 611 2
454 1556 2
737 607 30
442 1450 2
417 1280 5
502 893 30
1047 424 2
763 1057 57
907 70 2
912 390 2
565 197 8
1017 390 2
98 101 7
217 273 2
185 626 27
80 1326 7
1564 1091 2
1011 1581 8
784 808 7
216 37 7
555 497 2
998 848 7
111 766 8
647 1004 27
1444 1567 2
626 101 26
836 1375 27
623 722 2
829 1152 26
190 673 2
859 662 2
913 1459 30
1496 1586 5
809 893 30
750 622 2
1209 258 7
195 1384 8
1329 908 8
647 335 2
777 80 8
420 390 8
1402 1236 6
620 804 2
391 551 2
252 1042 27
610 65 2
1388 1389 7
814 1418 7
611 840 2
854 957 8
1160 512 2
1287 1357 2
271 1081 2
618 423 2
1056 751 1
21 1515 2
489 1453 2
813 1421 1
269 52 8
148 23 7
28 1296 8
1383 605 7
226 70 31
647 368 30
1284 1292 33
1500 1445 2
306 1070 5
1545 435 8
829 1144 2
713 671 33
750 1239 30
1339 1673 5
127 191 7
1045 804 38
387 834 8
140 623 2
565 898 2
1029 504 2
941 1321 8
569 1342 7
817 1388 7
891 287 1
1458 454 41
1401 437 8
1146 114 7
415 646 5
819 296 8
240 199 2
595 102 8
126 626 8
551 411 2
1407 611 35
908 1437 8
325 336 6
907 698 2
193 340 57
1304 9 5
1315 753 52
891 1578 48
900 912 2
419 1388 7
29 139 3
1076 893 30
737 286 15
98 1125 7
1364 360 2
221 681 27
558 129 2
325 396 33
438 681 7
206 759 2
652 284 6
555 729 2
208 891 7
1008 891 8
551 239 2
804 384 3
141 248 9
1443 274 12
437 1116 8
190 905 2
1201 424 7
409 1211 2
330 47 8
902 102 8
3 369 3
280 1408 1
834 101 26
773 1033 2
638 311 2
1446 1292 33
160 421 2
865 601 7
618 1223 2
733 1624 7
1443 590 2
98 1392 30
1438 265 8
176 476 7
387 1161 7
1176 611 1
396 1161 7
626 1243 7
503 569 2
999 1532 77
870 1389 8
1283 952 33
377 499 2
270 1033 2
285 588 8
1081 39 7
30 603 2
737 326 8
698 139 5
1421 167 8
369 365 2
147 1059 7
347 844 31
736 1581 8
35 988 23
1448 907 30
944 31 2
1183 720 7
1025 1106 2
424 596 30
142 582 2
568 466 6
191 1456 30
1526 63 8
360 355 7
53 21 8
514 119 8
360 693 2
1485 514 2
688 656 1
1291 1556 44
1561 1206 36
594 450 8
594 54 8
1275 558 7
51 1448 30
238 514 2
1381 1581 8
905 325 2
226 804 2
1250 1292 33
489 743 3
28 149 8
1245 1496 12
598 80 8
1225 1612 48
360 958 3
673 854 27
551 1389 7
1351 1448 2
746 1554 5
1554 1531 1
878 1581 8
778 854 27
969 293 0
419 751 2
217 322 2
1221 1338 2
667 355 7
420 681 27
1225 1544 48
217 218 2
447 1292 33
555 150 2
1357 883 33
995 873 33
1120 1305 8
1297 1003 1
1307 1305 6
102 59 8
458 1483 29
1380 428 41
406 993 7
1570 1577 8
55 1161 7
977 1061 2
681 147 8
719 1081 6
49 1292 33
641 626 8
360 1237 36
976 713 2
770 384 3
531 162 2
297 1583 8
981 591 7
1085 702 13
747 952 33
626 210 2
292 804 2
32 273 6
502 453 2
1174 449 2
893 1456 30
255 894 2
934 428 1
514 59 8
23 530 2
933 517 2
635 101 8
499 284 33
1039 707 2
31 200 2
592 1243 7
1416 173 2
390 1456 30
707 1212 8
1044 1418 8
1250 1428 2
880 1401 41
506 765 19
618 3 8
565 843 2
1567 7 1
618 341 3
702 648 7
902 1161 7
796 913 2
1382 449 7
1139 611 2
563 66 2
852 489 15
981 1080 11
233 1104 7
1333 568 7
900 857 2
774 1183 2
265 287 30
217 1242 2
270 607 30
550 62 2
1251 329 2
1282 1500 30
555 778 2
438 626 7
449 75 3
618 1335 5
681 1140 2
1120 330 8
1154 390 8
265 1325 5
770 1097 7
311 704 2
70 1056 7
1554 821 2
1506 880 15
534 1000 2
420 1036 2
933 1102 37
880 152 2
875 1389 7
300 382 7
684 1225 0
48 697 1
623 189 27
1209 435 7
216 1341 30
160 366 2
1394 1120 27
1326 424 8
1278 360 1
614 691 1
554 1465 5
1548 80 8
493 603 6
148 623 6
503 514 2
1161 1491 7
605 768 2
287 1404 2
594 1383 2
1475 647 57
1458 750 30
127 1375 27
315 1315 5
605 1456 2
1329 102 8
297 40 8
484 491 84
913 899 5
636 297 8
388 1305 8
468 1110 2
268 39 8
577 889 2
829 1420 8
1538 114 8
800 1243 7
266 998 29
167 326 8
479 922 2
923 198 2
1129 307 2
1044 498 38
1158 834 8
118 742 2
693 804 2
29 838 8
1253 952 33
900 1553 2
1372 437 7
125 33 2
265 983 30
1505 626 8
922 300 2
102 613 6
692 568 7
1259 245 2
348 464 2
762 667 27
244 476 29
707 65 8
663 770 2
695 355 8
102 1342 7
160 915 30
160 519 30
230 325 2
506 55 20
780 480 2
1254 766 8
804 291 8
265 915 30
265 519 30
588 1577 8
995 1236 8
653 62 2
550 702 12
879 104 2
619 70 31
552 83 8
369 463 30
569 1325 5
4 893 14
190 1577 8
880 780 2
1444 1061 2
419 920 2
519 262 7
83 409 2
330 958 3
618 1062 7
381 424 2
681 92 8
555 22 8
646 495 8
1078 1496 53
35 854 27
514 77 2
775 610 75
406 870 7
265 1344 7
544 347 30
1402 438 6
140 854 27
952 796 7
879 772 19
1540 1384 8
158 217 2
1061 732 7
750 881 3
69 52 8
1515 829 2
888 1431 5
466 97 6
591 1404 2
1112 607 5
392 424 8
841 160 2
825 770 2
763 1291 30
1284 98 33
359 491 2
1383 495 7
1271 1443 2
623 471 8
340 1444 7
31 794 44
594 236 2
1174 618 2
301 1313 77
229 381 2
1141 1333 2
1146 1315 7
220 21 2
32 1212 8
581 889 2
1448 101 30
922 928 2
555 1327 6
195 1128 20
142 1082 8
880 986 41
449 1358 2
244 1500 29
1354 1025 2
226 667 27
234 1384 8
1124 1496 2
534 1554 0
557 766 7
102 309 2
891 384 48
1164 355 8
439 627 7
459 390 8
790 594 7
702 129 7
1132 1161 8
1304 336 6
891 109 1
808 891 8
1228 765 1
1297 1284 1
648 662 2
681 397 2
1449 78 2
555 723 2
563 42 8
102 241 2
1109 80 7
891 833 8
1554 474 2
550 1291 33
168 1377 6
744 261 1
933 1325 5
1227 750 2
1215 702 7
1215 306 7
875 646 7
190 503 2
846 865 6
1536 297 52
1380 21 20
1304 601 7
713 1014 0
671 80 8
1453 891 8
1117 65 8
1436 762 2
1328 656 2
550 330 8
1446 98 33
1011 32 8
652 147 7
988 996 2
988 600 2
183 1405 2
1421 1395 7
636 1230 2
303 114 8
415 296 8
432 326 8
1497 293 66
291 305 2
1526 1395 7
434 1291 14
639 31 2
893 1341 30
514 1393 2
1037 1375 27
98 1282 30
1552 119 8
634 102 8
849 922 2
287 1057 2
506 1457 8
32 846 6
1299 1554 2
865 172 8
721 1036 27
172 52 8
70 976 30
1407 908 7
1080 834 2
32 1138 6
1448 505 30
370 603 2
31 877 2
756 424 8
489 1283 2
699 1328 2
681 99 0
718 329 2
928 770 2
1061 983 33
155 1126 33
159 210 2
176 240 2
33 140 2
816 1388 7
577 834 2
531 1456 30
1079 191 30
1078 52 8
1291 758 44
1284 62 2
759 1314 5
1129 211 1
702 825 7
460 1371 2
891 1201 1
1357 1264 2
1130 491 1
454 703 2
381 720 15
524 98 30
440 23 2
483 834 8
563 1035 2
1001 1404 2
643 802 57
930 889 40
1315 1667 52
1304 527 5
89 879 2
547 889 2
1402 53 35
1000 1110 2
1123 1388 7
226 626 2
894 1077 2
623 101 26
447 98 33
796 102 8
1228 82 1
1411 565 1
489 1335 5
88 800 7
88 404 7
670 32 8
87 102 2
1173 1514 0
833 286 15
614 661 5
1456 424 2
792 21 7
190 1131 2
889 689 2
1044 1256 5
295 681 2
1106 25 2
1445 347 33
854 1488 2
1533 1283 1
290 1161 7
1313 728 7
504 693 2
1128 766 8
118 606 35
524 865 2
398 399 2
518 1322 13
14 1106 1
391 1405 2
512 1109 7
1451 369 3
922 106 30
1278 933 1
376 1408 1
30 829 2
504 625 2
620 347 2
625 766 8
252 189 27
737 453 2
504 917 2
263 558 2
1283 118 2
945 1428 2
374 160 33
466 438 6
656 160 14
651 774 40
470 824 6
506 18 8
195 849 20
119 1388 6
381 588 8
704 627 7
360 523 2
272 454 2
157 259 8
1373 908 7
999 275 77
923 433 7
337 1033 27
750 782 30
1174 563 2
470 1135 2
217 220 2
575 1081 2
573 70 1
457 681 2
563 929 7
340 925 7
1176 114 8
388 1315 5
624 1094 30
540 623 2
883 29 2
900 455 2
112 160 7
219 360 2
98 272 7
217 881 3
1333 796 2
212 574 2
302 1567 7
191 450 2
208 480 2
1292 980 5
88 1032 7
70 263 1
1225 63 48
216 546 2
27 428 41
686 1554 5
631 491 1
605 1325 5
301 229 1
546 262 7
623 497 2
78 662 2
195 471 8
1304 942 7
862 183 2
183 662 2
886 390 8
305 638 2
979 289 2
847 681 7
652 92 7
65 320 7
238 893 30
48 1024 2
514 650 2
98 539 30
76 20 2
437 533 3
620 1371 2
1210 155 7
1061 1351 2
1522 891 8
737 1081 2
594 585 2
1055 795 7
1077 1033 2
721 981 27
35 70 2
1058 33 2
147 252 2
594 976 8
1460 160 30
1271 1328 2
1520 114 8
655 1315 5
265 183 8
24 1328 2
912 569 2
707 233 27
860 21 8
921 1221 2
1034 108 1
829 1310 8
47 1315 5
195 35 72
450 297 6
1480 229 33
990 1504 57
1166 102 8
558 1575 2
913 1199 7
913 1141 2
102 153 1
558 1191 12
1374 1239 2
357 21 8
551 582 2
454 648 2
325 111 6
335 80 7
1554 345 0
442 938 2
1252 453 2
993 1395 7
1497 90 8
127 627 8
923 119 8
688 464 2
1004 320 6
657 1357 2
265 513 30
265 117 30
819 3 8
270 437 30
819 341 3
215 102 2
1333 1424 2
1221 147 7
1357 745 2
742 1057 5
1328 568 1
286 1 1
1221 485 2
424 568 7
988 1345 2
57 1305 6
641 1449 2
102 855 3
1247 160 33
543 1190 2
438 1581 8
191 974 2
563 516 2
643 95 6
470 485 30
546 499 1
182 1406 2
952 899 5
167 1567 1
531 1376 2
190 1076 2
1230 1069 2
439 159 2
364 779 5
1424 891 7
1209 265 7
424 833 8
409 882 2
1333 40 8
747 80 7
1547 80 8
1114 369 3
1404 873 33
551 1124 14
619 667 27
1183 563 7
1394 1242 27
913 1589 5
1058 369 2
151 920 2
922 51 30
167 229 2
382 256 7
102 1139 30
829 1236 6
30 774 2
875 277 8
147 880 2
601 854 7
595 1592 38
1117 75 5
1448 1474 30
784 478 77
1183 495 7
592 57 6
601 750 7
618 1217 8
836 1333 2
347 911 31
265 1207 8
323 296 5
1025 1173 2
167 453 2
252 66 27
720 341 3
328 995 1
477 574 2
325 1203 6
1007 453 35
1044 1120 38
1129 388 1
98 1596 7
154 390 8
1480 297 2
125 551 2
1486 1315 7
913 166 2
1044 101 8
1253 118 2
1469 1181 7
1210 881 5
337 514 27
1030 114 2
1451 453 2
97 1581 8
829 163 8
792 766 7
804 855 3
62 440 35
1315 881 5
139 675 30
869 779 6
894 1358 2
1468 437 7
720 1335 5
1305 533 5
671 1354 2
978 1333 2
1404 1514 0
217 92 8
633 83 6
266 1554 0
1462 296 48
80 650 7
406 476 7
974 1585 2
1232 506 48
922 851 30
512 1062 7
415 732 7
1308 252 6
216 90 8
1304 199 7
508 1418 7
410 390 2
347 1267 14
390 568 7
190 393 2
32 75 5
292 647 2
183 607 2
879 158 2
434 102 8
98 192 30
211 98 8
1411 1362 1
652 37 7
1166 1161 7
65 265 7
162 933 2
964 732 7
471 286 15
1098 360 2
53 893 2
494 558 2
1076 1044 53
159 1479 2
1061 1016 12
1069 633 1
267 437 7
208 750 30
385 1305 8
252 762 27
1295 662 2
45 759 2
834 1310 7
25 879 2
813 453 1
1193 1448 50
712 862 2
1271 201 12
642 1371 30
1302 83 8
192 1292 30
1227 1315 5
1480 993 2
341 854 27
555 911 31
161 116 8
366 453 2
1225 683 0
259 987 2
267 265 7
1526 1550 8
24 201 12
32 1047 2
242 476 79
760 1102 5
912 514 2
917 1230 2
1112 1057 5
1252 70 2
908 95 6
710 80 8
808 1581 8
1391 922 2
1044 1125 8
591 347 33
390 1455 30
1045 297 8
71 489 15
102 535 2
915 453 2
1572 1181 7
463 611 2
552 568 7
1474 468 2
190 68 1
365 32 8
804 1437 8
823 834 8
714 893 14
1253 31 33
900 1028 2
646 681 21
459 908 8
774 958 2
762 415 1
322 667 27
941 241 35
1221 92 7
13 167 8
492 702 10
383 720 15
1140 347 33
951 1118 5
1228 1283 1
1328 554 2
633 1399 6
325 763 2
70 877 2
657 191 33
981 1125 6
1031 102 8
325 1550 8
1554 992 2
823 652 71
981 1079 11
323 143 7
190 729 2
197 114 8
855 1388 7
1570 377 8
530 681 2
775 1428 75
21 519 25
190 625 2
190 1062 3
424 90 8
1284 1315 5
759 177 2
871 1070 7
1570 273 8
1214 80 7
436 191 14
395 647 2
837 627 6
1183 216 7
432 52 8
1476 191 30
938 1496 53
514 443 12
829 493 6
154 681 27
1183 508 7
449 513 26
872 80 8
739 229 2
259 681 27
860 766 8
471 320 6
399 569 2
267 297 27
865 1086 8
618 479 2
977 80 8
1436 1207 8
508 1396 8
1313 533 3
1456 347 30
1052 854 27
618 433 7
913 1070 5
626 936 8
471 252 6
127 981 2
27 662 38
148 1059 7
360 116 8
242 1500 79
468 554 23
726 908 8
118 517 2
1028 504 2
1408 904 9
588 1420 8
126 979 2
862 412 5
1372 900 7
818 751 2
677 829 2
454 825 2
913 65 7
894 178 1
804 462 8
688 1037 2
1357 671 33
437 1199 7
438 1075 2
34 551 40
1469 766 7
667 75 7
80 303 7
217 37 8
1455 424 2
1059 646 5
1232 555 48
1232 159 48
70 1517 12
913 335 2
889 519 2
334 435 8
981 46 6
861 1554 2
221 360 2
404 1239 2
325 75 8
285 1405 2
880 847 2
535 21 8
692 960 35
229 649 71
624 334 1
730 1357 2
297 516 2
1209 1526 7
524 987 2
1401 779 6
466 336 6
398 917 2
176 766 2
485 952 16
1110 114 8
50 696 2
284 458 2
623 22 8
277 160 33
1081 387 7
594 183 2
588 1491 7
1174 565 2
1396 770 2
1421 119 8
1177 311 2
154 1036 2
1372 1304 7
1238 347 16
551 743 5
536 1126 30
1180 52 8
1506 1328 2
713 824 23
506 140 8
772 1633 77
160 1094 30
998 215 5
923 997 2
594 407 2
359 558 2
1375 1342 7
1500 318 2
627 83 8
941 298 8
914 1033 2
428 368 16
1129 961 1
449 841 2
1039 21 7
229 844 2
563 1493 2
449 1133 2
675 883 2
80 1395 7
1120 1388 7
286 111 15
323 1571 7
442 140 2
189 667 27
981 846 6
216 840 2
790 369 7
369 1330 30
491 47 8
1172 958 5
1304 111 6
1567 388 2
186 369 1
98 394 7
565 596 30
1106 1439 33
555 498 2
217 957 8
367 611 35
70 484 7
1137 80 8
736 320 6
253 1335 5
531 974 2
993 1550 8
229 985 71
1044 620 40
1201 531 2
510 88 5
862 1384 59
1106 444 23
976 1061 2
833 565 2
544 750 30
53 920 58
736 626 8
1076 1033 2
265 86 2
1201 21 7
115 159 1
1075 289 2
514 837 23
517 1305 8
1327 424 8
1224 1500 30
1448 676 30
373 182 7
489 1454 2
147 770 2
1461 216 30
1540 116 8
31 1340 2
707 1169 2
707 1565 2
913 619 5
703 1075 2
1339 1674 5
938 1081 2
702 308 7
162 998 29
988 1045 41
1398 588 8
875 1207 5
470 678 2
891 976 1
1053 59 8
563 122 2
673 1333 2
126 627 8
1208 1554 0
1289 1376 15
681 1264 2
13 808 8
1006 1161 7
551 704 2
311 782 7
1161 97 8
688 586 2
450 1126 2
763 667 27
98 1418 7
1225 917 48
191 1200 2
286 519 1
1564 13 2
435 139 3
1449 1565 2
908 59 8
501 1554 0
369 287 30
99 1581 8
643 613 6
981 78 2
614 436 5
506 1199 7
420 988 2
360 1325 5
780 424 2
643 1342 7
416 894 2
978 759 2
727 52 5
837 908 6
424 663 8
863 424 7
588 338 5
606 681 1
735 1081 52
800 573 15
883 1500 30
759 1042 2
618 1120 2
297 857 2
913 1419 5
388 1388 7
579 866 36
784 1460 77
347 1118 5
1400 21 7
945 160 33
1030 681 27
1174 114 2
847 52 7
1448 1200 30
957 908 8
784 1392 77
183 424 8
713 1100 2
1397 603 7
489 433 7
252 292 27
790 1210 62
142 479 2
4 320 6
1036 1076 2
1106 1105 0
483 1305 8
913 373 6
1551 1173 4
442 1418 7
543 258 30
193 933 57
1233 626 1
1106 1397 0
364 265 8
1384 891 7
178 31 14
951 487 8
1029 114 2
202 1609 47
829 68 24
458 1550 7
922 648 2
1225 1613 48
880 706 41
28 838 8
1069 889 30
13 1395 7
449 1078 2
563 1042 2
1354 745 2
259 908 8
1354 349 2
220 33 2
565 148 2
514 718 10
1561 1472 37
369 983 30
1382 114 7
1232 800 48
1251 62 2
998 384 5
947 453 35
614 1132 5
569 1321 8
98 47 7
217 219 2
272 834 20
253 189 19
550 1388 7
80 876 7
74 569 2
502 428 41
908 250 7
988 492 2
880 1150 7
655 1388 7
31 948 15
993 812 2
185 504 27
563 54 8
328 102 8
883 28 2
47 1388 7
115 720 15
880 1420 2
977 1354 2
750 959 8
859 504 2
470 1399 6
581 470 30
514 821 2
514 425 2
251 160 16
619 594 17
159 1309 2
388 751 2
944 1416 2
1177 1449 27
145 588 1
1496 1587 38
983 941 44
1271 1567 2
893 1457 30
158 565 2
536 1371 30
477 1496 2
139 854 27
720 1217 8
721 360 27
24 1567 2
933 991 37
382 91 7
152 347 2
98 642 30
470 1227 6
1303 908 7
796 603 6
1053 1342 7
391 33 2
1383 551 7
390 1457 30
1394 116 2
707 1510 2
1500 599 2
824 770 2
240 609 2
1028 667 27
1382 518 7
476 945 2
102 54 6
337 1436 27
1283 98 33
588 335 2
1030 1036 2
929 770 2
359 834 8
1500 1287 2
510 1396 8
265 646 8
253 936 8
125 1405 2
366 611 2
1323 1315 5
653 1106 2
359 766 8
85 627 2
1145 495 8
518 99 0
437 1135 2
894 68 1
995 568 7
592 1139 50
911 80 8
438 627 7
774 1080 2
667 298 59
507 1118 5
13 685 8
551 581 2
891 1577 8
528 893 33
230 21 8
76 199 2
1336 800 7
437 671 2
1307 623 6
466 1564 5
1075 930 53
979 1052 2
437 1062 8
1213 80 7
32 533 5
894 729 2
995 833 8
1533 1003 1
631 1181 7
1315 1418 7
618 773 2
40 1315 7
191 1072 8
1452 891 8
449 1070 5
759 1086 8
140 1333 2
1302 568 7
84 750 2
676 750 30
512 433 7
626 1131 2
527 326 8
270 979 2
603 638 27
877 626 8
499 25 2
208 1500 30
828 750 2
1124 720 15
999 1374 77
910 70 35
605 1457 2
152 1371 2
437 1392 30
565 101 26
1160 702 12
1141 1375 27
738 102 8
492 531 2
269 626 8
701 647 2
604 713 2
592 228 6
466 158 6
357 893 2
33 488 2
449 1004 27
21 778 2
689 891 7
933 1392 7
514 65 8
1526 743 3
268 728 8
127 707 2
4 265 6
475 829 2
594 0 8
919 555 2
27 265 8
238 1044 53
1505 627 8
349 458 33
301 1374 77
392 21 8
699 297 2
558 771 2
449 335 2
1037 1377 8
340 353 7
1028 626 2
1044 272 8
1497 97 8
180 557 30
563 1086 8
913 291 7
179 1315 5
222 390 8
1305 412 5
790 1570 7
9 891 8
894 1133 2
1479 70 2
206 1333 2
1449 1450 2
627 1491 7
530 1161 7
1304 1 6
1346 610 2
1451 160 2
74 514 2
31 881 5
1421 49 1
759 1391 2
1411 913 1
563 1310 8
993 419 7
334 265 8
990 627 12
92 770 2
981 1047 2
1443 452 12
893 1072 8
872 611 2
437 87 8
981 1001 7
1402 903 6
880 1073 2
862 533 48
1444 1354 2
398 455 2
190 168 2
191 1007 44
318 372 80
409 78 2
317 167 8
297 930 53
636 603 2
176 1388 2
1025 594 10
147 1305 7
893 999 14
62 982 7
466 417 5
1497 533 1
499 653 2
1554 363 2
784 1637 77
162 1000 2
1402 1127 6
1545 102 8
926 704 1
1400 594 7
720 433 7
721 409 27
720 37 7
834 1131 2
499 945 2
390 1004 8
839 1451 2
102 272 31
727 62 2
1044 1591 38
137 102 7
32 890 2
1141 627 6
763 1292 30
934 1161 7
635 47 8
618 314 2
834 1418 8
171 891 8
360 929 7
699 993 2
440 734 1
1173 789 2
626 83 8
1181 108 8
263 191 33
340 1445 7
1160 1291 33
584 804 38
476 494 2
1104 1541 1
586 913 2
161 183 8
1261 614 1
1468 1304 7
1483 311 2
80 1184 6
769 1210 6
737 1126 30
1377 75 7
361 627 8
468 355 8
31 464 14
862 293 0
1025 588 8
506 136 6
836 458 30
1304 296 5
804 1212 8
547 262 2
819 119 8
438 618 2
217 792 2
665 297 2
417 1405 27
230 531 33
1253 98 33
681 789 8
454 341 3
264 265 15
555 719 8
77 888 2
1321 1388 7
550 1292 33
437 324 2
941 704 35
555 620 2
531 1200 2
70 1340 2
898 21 8
1449 595 53
1210 716 8
311 546 2
995 90 8
466 1509 5
979 1393 2
641 454 33
1436 763 2
611 1135 2
287 1126 2
647 166 2
974 713 2
55 424 7
1212 114 8
620 681 27
133 384 5
1050 99 0
869 114 2
1079 159 2
870 1384 8
454 1335 5
631 766 7
16 681 21
506 1062 8
514 1389 8
941 54 6
1394 1358 27
1552 808 8
479 265 6
1554 264 23
868 216 2
58 305 2
1173 1101 12
1460 216 30
122 191 16
780 347 30
1448 1194 30
369 256 2
1257 1315 7
1037 707 2
784 198 77
1510 569 2
836 1053 2
159 503 2
127 360 2
1120 854 27
784 886 77
1162 424 8
923 144 2
1448 730 30
42 32 8
101 320 7
272 114 8
823 1305 8
599 265 8
1000 1575 2
454 308 2
329 936 7
1036 210 2
301 923 77
21 259 2
20 424 8
1315 669 5
919 891 8
1000 1191 12
28 40 8
326 1482 7
1036 898 2
1497 42 8
878 1081 2
29 716 8
316 891 6
1554 1422 1
265 861 30
588 1127 8
98 1248 7
369 873 30
894 1078 2
681 671 33
978 1053 2
647 1258 2
424 957 8
205 102 8
1232 330 48
987 1345 2
995 368 33
881 182 7
311 1232 7
1210 907 7
686 531 5
491 338 5
177 1388 7
1533 1284 1
66 325 2
639 1416 2
981 550 7
900 47 8
1304 315 7
1075 1211 2
880 622 2
192 390 8
98 301 14
387 1388 7
399 1436 2
241 1443 1
160 940 2
913 503 30
289 360 2
318 317 80
317 112 8
1304 211 7
816 1315 5
879 368 14
347 598 30
617 1448 2
434 114 8
176 891 7
252 586 27
1081 500 2
1402 1550 8
454 309 16
1058 1405 2
252 878 27
751 1124 14
611 676 2
369 488 2
1163 1405 2
1000 1105 0
470 1163 1
479 854 27
252 122 27
1053 882 2
125 675 2
449 1080 2
870 278 9
501 702 8
1271 993 2
772 201 77
692 377 6
546 1377 6
866 179 15
62 960 35
148 588 8
347 1073 2
125 607 2
1251 952 33
449 616 2
902 1624 48
238 1033 2
624 1455 30
900 1417 27
702 143 7
28 272 8
1031 1305 8
1000 701 27
643 1431 57
698 90 8
1163 21 8
1253 466 2
104 829 2
367 1388 61
325 947 2
632 489 1
690 1292 14
330 929 7
912 458 2
1215 320 7
676 23 2
438 563 2
270 102 30
329 523 2
1160 1315 5
908 855 3
230 476 33
1483 480 2
507 658 0
849 50 41
779 1389 8
1443 1409 2
48 656 1
1081 88 5
623 498 2
458 3 29
1124 1371 30
1570 97 8
1522 1315 7
1401 1228 1
287 675 2
502 1436 2
507 1418 7
1376 265 15
842 713 1
871 1227 8
57 506 6
182 315 2
647 502 8
557 607 50
281 504 27
1377 1325 5
581 988 30
1061 1352 2
1210 197 8
1537 568 7
1552 65 8
1136 412 5
403 32 8
287 607 2
1540 355 8
285 33 2
1299 1500 2
1141 908 6
1127 52 5
642 114 8
594 936 7
285 424 8
494 191 33
1390 329 1
1184 891 8
1173 1046 12
1325 21 8
595 569 38
1448 451 30
23 653 2
681 441 0
928 320 2
1053 1510 2
140 759 2
707 1340 2
1537 833 8
1526 341 3
468 1001 2
1354 1271 2
1540 183 8
359 1357 2
1377 716 7
45 1500 30
476 671 2
914 1436 2
594 1201 8
232 305 2
491 523 2
1322 1315 5
568 594 6
1264 920 2
1448 279 30
774 1082 2
588 848 8
341 1033 2
1291 600 44
217 1141 2
279 98 50
487 424 8
217 1491 7
661 623 6
819 1156 8
681 1097 7
908 735 6
750 1517 1
1025 770 2
102 883 2
692 104 8
681 1389 7
323 267 7
457 390 8
1526 1335 5
1351 888 2
124 21 8
265 806 30
270 1126 30
894 685 7
1230 1138 2
98 1135 2
1225 296 48
995 1127 8
1570 793 8
476 1392 30
1019 52 8
317 1395 7
323 199 7
719 297 6
85 681 2
974 1354 2
303 1449 2
626 1133 2
534 1181 7
190 1077 2
889 239 2
347 249 8
686 476 5
995 663 8
55 647 2
915 1126 30
1415 1075 57
159 1417 27
909 347 14
43 891 7
759 916 8
48 1549 2
1404 1101 12
86 437 8
604 611 2
381 607 2
601 819 7
1302 1127 8
784 1631 77
21 239 1
1058 662 2
503 1033 2
1554 837 23
1119 750 30
750 376 3
930 829 38
834 287 7
565 223 26
698 982 1
45 424 2
618 1515 2
810 372 1
1506 360 2
681 1361 0
162 134 2
1481 627 6
150 424 2
1535 981 20
259 360 2
1078 626 8
1174 217 2
337 979 27
798 681 27
1292 108 44
648 865 6
941 18 8
510 147 8
1053 462 8
117 499 1
1267 1388 14
178 1315 5
570 702 8
267 574 55
1449 638 27
558 562 23
1468 834 7
692 1420 8
102 200 2
540 569 2
545 889 2
1568 415 1
1220 252 6
588 97 8
809 390 30
593 21 8
592 723 51
91 770 2
88 1374 7
183 297 6
550 98 33
1454 424 2
555 213 8
515 1106 1
81 62 2
981 1565 2
981 1169 2
279 759 27
889 1555 2
1570 88 3
1230 90 8
750 739 2
900 958 3
1570 42 8
636 829 2
1131 50 55
1418 1581 8
183 900 2
269 1449 2
157 568 7
369 1525 2
1230 985 55
171 1581 8
252 763 27
692 1122 6
720 560 1
712 489 7
1033 101 26
287 552 2
1052 1333 2
543 437 30
261 558 2
518 167 8
499 444 23
605 208 2
1310 114 8
1053 1163 2
437 539 30
866 820 15
595 514 38
52 833 8
490 1161 7
484 854 2
983 926 15
594 1214 8
1537 90 8
928 265 2
157 833 8
1054 330 8
286 631 15
259 988 2
699 888 23
265 129 8
718 512 2
228 633 1
913 1213 7
647 381 30
750 960 30
468 550 2
941 646 8
624 1340 30
1171 728 8
517 952 14
119 588 7
800 1021 2
470 106 2
1505 1377 8
919 98 2
1135 1161 7
897 1305 7
3 1554 7
359 191 33
555 622 2
919 390 2
673 1053 2
325 57 6
442 488 2
913 1437 7
907 23 2
555 914 2
778 1053 2
923 65 8
325 1124 2
109 114 8
1204 1567 1
696 21 8
774 855 2
1000 1001 2
270 675 30
555 450 2
756 751 1
323 144 7
1225 929 48
635 1001 1
85 626 2
311 772 2
869 804 2
804 59 8
1533 486 1
420 766 7
619 681 27
499 1191 12
980 1449 2
980 1053 2
995 1004 8
707 272 31
933 1566 37
55 988 2
1119 297 8
841 979 2
922 719 15
391 900 2
391 504 2
297 577 2
252 1391 27
913 743 5
626 568 7
259 1305 6
22 1500 2
504 516 2
594 1550 8
623 83 8
377 512 2
1413 114 8
627 1127 8
730 558 2
681 1014 0
1518 114 8
1527 766 8
142 303 2
1397 323 7
297 108 8
1037 829 2
784 1112 77
915 713 1
1465 93 5
271 114 8
568 875 6
726 1305 8
1302 1296 8
858 21 8
512 241 35
442 1184 2
852 531 30
819 1437 8
900 619 27
217 1004 27
1031 804 2
913 112 2
270 1371 30
1044 47 8
707 138 2
361 1377 8
1003 1443 2
454 1217 8
211 182 78
551 1052 2
238 563 2
1355 98 33
3 453 2
697 1388 14
540 514 2
545 1230 2
545 834 2
324 1404 2
1454 437 2
217 335 2
125 424 8
1570 929 7
880 916 2
435 149 8
638 1609 47
1395 1315 5
217 726 8
633 321 6
779 533 3
988 212 2
322 330 8
869 1036 2
1207 76 7
1156 1561 5
581 258 30
692 961 35
754 732 7
524 988 2
527 437 8
555 90 8
852 1230 2
349 594 10
159 1029 2
1405 1131 2
938 626 2
603 836 2
743 1581 8
1307 21 8
159 1420 8
451 476 30
483 1388 7
893 781 30
1061 858 12
1035 415 1
1173 248 12
52 90 8
510 59 7
263 681 2
720 937 8
518 112 8
1506 933 2
753 1465 5
818 1448 2
468 599 2
558 858 12
143 98 8
1383 563 7
1271 888 23
329 1102 37
772 323 77
923 1389 8
1516 262 2
674 1000 2
594 700 2
598 1581 8
1039 360 2
1364 1405 2
491 116 8
24 888 23
1436 68 24
917 297 6
1304 139 5
1479 1333 2
1031 1036 2
900 1042 2
922 996 2
217 1031 2
228 551 2
70 162 1
1251 118 2
563 183 2
62 855 5
454 143 2
1054 1315 5
177 854 27
648 834 2
1341 908 7
1232 1305 8
438 347 7
891 568 7
1008 265 8
390 1507 1
1333 1310 8
70 823 2
871 1125 8
476 1282 30
446 751 2
13 743 3
878 114 7
76 315 2
430 551 2
1429 1305 7
1210 54 7
1215 770 7
66 1075 2
514 853 12
829 903 6
588 1314 5
647 728 8
279 21 27
557 437 50
399 979 2
372 980 1
409 773 2
976 1354 2
592 1327 6
1194 1388 7
962 732 7
526 879 2
491 1102 37
297 230 2
514 1169 2
514 773 2
1458 114 39
32 272 31
262 1029 2
1126 1341 30
1404 368 33
1183 454 7
391 449 2
1394 1133 27
1537 1127 8
1075 244 7
880 92 8
216 393 5
988 1457 30
163 21 8
147 766 8
713 77 2
606 611 2
928 442 2
1313 1220 14
337 908 6
779 1213 6
127 531 2
160 697 14
1377 838 7
702 997 7
216 1491 7
119 1161 7
1044 219 38
1250 466 2
311 911 31
852 476 30
235 569 2
499 1514 0
265 704 30
1355 466 2
1371 1483 29
301 698 77
899 588 7
220 1405 2
454 433 7
673 1230 2
23 1204 30
923 247 2
899 880 7
1358 504 2
558 983 33
1032 183 2
1035 28 8
551 1393 2
1251 31 33
952 810 15
324 1057 2
889 533 2
1444 558 2
1408 1557 5
569 298 8
347 881 3
667 646 59
286 124 1
206 1053 2
592 1340 30
596 624 30
415 331 7
80 541 7
424 1420 8
995 539 33
306 728 8
1483 998 29
658 390 8
530 888 23
311 1345 2
998 63 7
869 981 2
870 1418 7
528 681 2
707 1118 5
958 1388 7
1304 90 7
737 297 2
618 1121 2
147 1129 7
518 1395 7
754 242 79
381 437 2
839 1239 2
374 1443 2
1230 187 55
1547 891 8
48 464 2
1394 158 27
53 784 2
893 830 30
360 763 2
470 284 16
626 1479 2
674 1554 0
737 229 2
1279 610 2
1119 476 30
780 750 30
1053 365 2
161 75 8
934 531 2
1160 1388 7
627 97 8
424 393 5
604 1061 2
154 190 2
435 1399 6
33 836 2
618 75 3
392 437 8
323 419 5
195 917 20
619 908 8
364 626 8
741 191 14
1383 216 7
1173 113 2
1225 236 5
923 943 2
238 1496 53
921 369 2
941 244 8
914 979 2
170 941 71
222 1161 7
464 504 2
1367 804 2
852 1500 30
1164 936 8
1177 80 8
820 390 8
1252 854 27
1483 31 2
922 1337 2
213 265 6
552 901 2
913 581 2
1354 246 2
193 1554 57
9 32 8
880 1197 2
900 127 2
1458 159 2
1215 491 7
875 831 7
98 678 2
1005 764 64
192 1554 2
476 539 30
717 1289 36
295 1126 33
787 834 8
922 974 30
78 834 2
190 620 2
690 1291 14
133 172 5
639 216 2
862 881 48
391 667 27
1081 1367 2
190 516 2
894 97 8
647 277 8
450 320 19
195 1227 8
759 63 8
555 663 8
157 736 2
42 1554 7
1108 114 8
133 104 5
1404 248 12
494 681 2
913 341 5
514 1114 2
497 688 2
759 355 8
1213 114 8
820 70 1
1416 535 2
1394 1078 27
1075 235 2
1119 1500 30
1328 724 35
829 1550 8
258 1330 2
52 663 8
1544 102 8
256 360 2
880 37 8
1181 1212 8
253 568 7
518 685 8
147 320 2
605 726 2
266 1000 2
157 663 8
618 324 7
361 360 2
485 514 2
1460 624 30
1172 852 8
719 766 8
31 890 2
507 147 8
171 32 8
1148 1333 2
127 476 2
829 1086 8
276 32 8
357 558 2
440 1374 1
907 317 2
253 937 8
912 1033 2
268 393 8
1058 424 8
1448 450 30
774 857 2
246 1448 2
920 1099 2
190 1152 26
220 662 2
1163 424 8
449 104 2
235 514 2
317 1342 7
1225 535 48
590 21 8
1136 1550 8
551 1338 2
814 147 8
894 798 2
347 92 8
1104 1239 2
409 1122 2
555 1364 2
1443 209 2
1232 50 48
388 1448 2
205 114 8
981 374 7
627 697 1
1302 929 7
285 900 2
285 504 2
1252 1230 20
409 1450 2
390 450 2
880 4 7
974 1061 2
922 119 81
657 437 8
178 1388 7
727 1106 2
893 377 8
618 728 7
932 506 6
856 922 2
987 724 35
470 321 6
438 1291 30
754 663 8
62 355 7
804 1325 5
369 672 2
1126 1518 30
1526 433 7
216 1070 5
1551 499 4
718 31 33
1081 616 2
1405 625 2
115 1421 1
981 972 9
702 472 5
127 1126 7
823 1388 7
1459 216 30
81 594 10
934 476 2
977 891 8
297 730 8
922 370 2
1240 1209 5
704 348 7
22 1554 2
980 1500 30
713 1437 8
1284 160 33
1130 908 1
707 36 2
36 626 8
981 904 9
760 250 5
1129 560 1
614 376 3
926 296 7
907 1633 2
624 883 30
649 1292 16
923 1279 8
397 1000 5
1567 1274 12
1087 1289 36
449 1024 2
449 628 2
468 25 2
1354 295 2
769 875 6
19 28 8
432 611 1
452 770 2
923 815 8
799 265 8
1025 458 33
1082 428 41
1136 471 8
124 424 8
557 770 2
325 867 33
343 626 8
372 1578 5
286 1093 1
988 438 2
1126 172 7
13 3 8
1438 908 8
217 848 8
1056 1315 5
13 341 3
979 78 2
922 919 30
824 1388 6
1308 320 6
146 99 0
729 804 2
1304 663 7
71 993 2
623 568 7
871 259 8
875 1437 8
1446 160 33
229 1168 71
894 42 8
1304 955 7
297 1035 2
183 675 2
240 1118 5
48 1037 2
503 1436 2
734 1452 2
9 1328 1
1394 335 27
71 611 34
252 101 26
13 1335 5
1295 834 2
1198 504 2
271 1333 2
270 297 2
1028 681 27
596 1230 7
623 833 8
849 880 2
1129 97 15
1164 790 2
834 1419 8
181 424 8
1230 813 15
480 535 2
363 879 2
157 1004 8
550 594 10
1160 1292 33
157 905 2
1448 463 30
652 138 35
424 152 30
307 1567 1
700 1624 7
1078 114 8
702 199 7
1468 1305 7
985 1190 41
760 1566 5
1061 622 34
1291 85 45
470 173 2
1250 952 33
1483 1000 2
468 653 2
913 1258 2
71 265 15
218 33 2
1567 579 2
325 228 6
575 114 8
913 1212 7
258 1204 30
555 689 2
23 1094 30
325 957 7
88 681 27
588 104 8
1106 1070 2
1480 611 34
325 189 27
774 1026 2
1221 206 2
195 1243 7
681 1087 2
20 21 8
797 908 8
347 37 8
1561 554 2
810 52 8
429 551 2
447 160 33
1114 1428 2
191 1482 8
1210 676 7
933 412 5
1533 261 1
872 325 2
1126 1239 30
623 1138 2
913 1479 30
285 449 2
607 700 32
865 97 7
1303 862 7
158 1161 7
267 829 27
1552 855 3
1537 957 8
626 1077 2
1047 1416 2
1179 190 7
707 1418 7
514 284 33
666 1490 5
265 897 2
479 1333 2
1298 766 7
399 1033 2
476 1483 2
118 419 7
510 39 8
596 588 8
1395 1388 7
91 1225 5
237 1000 1
1117 88 5
653 594 10
988 1118 5
1397 98 7
464 667 27
317 817 5
927 594 1
139 759 2
142 370 2
1028 1036 2
713 264 23
814 59 7
512 704 35
819 1212 8
1152 32 8
923 828 8
558 717 2
391 1292 30
563 641 2
449 677 2
1479 480 2
555 938 6
558 1009 2
880 597 41
908 255 2
340 591 7
541 1033 2
551 1223 2
80 835 7
558 282 23
744 1251 1
1459 240 2
795 116 8
909 80 8
190 1493 2
763 981 2
1201 913 1
736 779 6
900 116 8
647 1213 7
862 1578 7
759 1337 2
555 37 8
808 893 14
27 437 30
565 36 30
1232 623 48
1451 398 2
824 1000 5
1236 424 8
1568 504 2
1022 834 8
763 913 2
658 908 8
1402 412 5
159 493 6
487 766 57
1308 265 6
503 1449 2
360 1566 37
402 728 8
854 471 2
499 1355 2
652 533 3
297 980 2
913 1542 5
1085 594 13
1054 1388 7
48 586 2
829 757 2
36 480 2
623 90 8
712 605 7
508 139 3
843 1333 2
1052 1053 2
475 1075 2
926 546 1
287 320 19
1172 54 8
1383 442 7
380 458 2
159 1424 2
1259 888 2
468 374 2
980 470 30
707 609 2
851 1500 30
988 536 30
707 1396 8
95 1081 52
694 551 2
720 936 8
624 1456 30
702 144 7
350 662 2
464 626 2
125 900 2
1117 1418 7
880 1450 1
592 806 50
489 1217 8
455 662 2
240 36 2
621 1374 57
1031 1161 7
681 1100 2
228 618 2
350 297 8
915 70 2
551 540 2
1252 114 8
1480 998 29
819 65 8
895 424 8
1044 464 40
610 1557 5
528 1161 7
900 1041 2
163 1057 57
315 240 2
390 1381 7
576 1126 14
98 858 7
312 390 2
1225 357 48
879 971 2
722 1292 16
90 770 2
624 1098 1
555 957 8
739 1375 27
70 890 2
84 21 2
1098 1173 2
311 492 2
306 167 8
1230 1401 55
409 256 2
627 1024 2
1221 37 7
623 1479 2
692 53 35
32 1153 6
52 957 8
502 1333 2
865 42 7
526 654 2
466 991 5
981 34 53
1552 462 8
1438 102 8
638 435 8
784 1043 5
153 764 2
629 21 8
594 1275 2
1237 880 15
926 1611 2
507 269 59
241 688 7
1271 1371 33
1323 893 14
32 1418 7
1152 1315 7
987 546 35
784 144 77
908 75 5
126 476 2
699 1567 2
226 98 30
24 1371 33
944 160 2
1414 114 8
1156 891 7
119 603 6
1028 981 2
552 1381 7
167 114 8
457 360 2
1158 330 8
1305 1578 5
1224 952 16
688 430 2
325 101 26
20 766 8
696 437 8
563 586 2
652 1213 6
432 605 1
442 836 2
70 1253 1
692 793 8
454 937 8
804 183 8
592 823 30
889 704 2
1304 1203 6
360 68 24
894 1024 2
894 628 2
1251 98 33
402 997 22
83 369 2
108 114 8
424 1200 2
1570 1086 8
659 1305 8
518 1342 7
1117 1396 8
1567 753 23
524 880 2
541 514 2
1561 685 7
512 728 7
1436 1337 2
330 116 8
1333 42 8
627 918 7
1075 1553 2
922 809 30
281 240 2
1443 53 34
43 1377 52
605 1310 7
1198 667 27
303 1377 8
1034 1166 1
252 863 6
424 1419 8
759 813 8
626 1358 2
62 523 2
369 898 2
706 779 6
1305 833 7
1061 670 2
1285 1408 1
58 879 2
1405 455 2
913 381 30
163 424 8
858 437 8
611 622 2
1079 1126 30
543 102 30
888 939 15
329 412 5
1401 1161 7
159 1077 2
369 1122 2
259 23 7
317 994 5
1259 891 7
360 762 2
915 1061 1
138 611 2
1259 1229 2
713 837 23
1035 504 2
1526 820 8
880 1238 41
1319 1225 0
586 804 2
464 675 2
238 979 2
819 1389 8
3 531 7
135 80 8
917 891 8
917 495 8
125 449 2
91 23 5
980 347 30
80 1116 7
1136 743 3
460 531 2
59 829 5
1305 139 5
913 1148 2
1082 893 30
420 1081 6
481 784 19
1289 761 15
325 497 2
1570 1381 7
618 513 26
592 287 50
189 675 33
207 889 2
633 377 6
185 1036 27
258 338 30
582 347 30
555 219 2
1567 401 2
74 1033 2
995 546 33
995 942 33
1421 568 1
893 1200 2
205 531 7
409 269 2
1128 1305 8
325 429 2
635 374 1
435 789 8
857 667 27
999 21 8
70 497 7
1224 891 8
297 619 27
190 395 2
468 1578 5
1554 274 12
1045 952 16
995 273 8
623 1127 8
1075 78 2
1328 444 2
216 782 30
862 813 8
297 1553 2
1306 102 7
704 1567 1
291 588 8
1405 1479 2
603 1184 2
880 867 45
454 883 16
391 565 2
627 167 7
623 663 8
160 1144 44
743 326 8
543 1126 30
1405 168 2
1458 191 30
652 724 35
1 320 6
23 599 2
1083 904 9
234 1243 7
59 21 8
28 1310 8
240 1073 2
148 766 8
624 1341 30
772 275 77
1 252 6
1210 1475 5
365 102 8
923 1638 2
565 912 2
1408 278 9
341 979 2
1011 1567 1
665 988 2
470 399 2
1481 652 2
1000 1070 2
454 199 2
1266 21 8
1251 466 2
483 330 8
502 1588 41
184 1408 57
80 37 7
1344 565 57
489 83 8
546 514 1
323 213 7
468 444 23
13 1217 8
901 21 7
774 1252 2
1571 1181 7
1044 1037 40
101 80 8
647 1045 53
569 18 8
855 311 31
369 368 30
1568 667 27
1158 1315 5
885 159 2
228 1292 30
281 854 27
424 848 8
295 933 2
194 667 2
1428 487 1
1340 908 7
1106 873 33
869 409 2
303 603 2
84 594 2
347 533 3
1181 184 5
623 1364 2
594 412 5
168 569 2
880 221 2
1190 1047 16
848 252 6
759 471 2
216 97 8
702 419 5
221 21 8
1290 610 17
1209 900 7
279 369 27
160 831 2
759 763 2
618 841 2
1375 1325 5
852 603 2
1403 623 6
1240 1156 5
727 1173 2
252 808 6
527 102 8
834 1235 33
159 986 53
159 798 2
50 758 2
148 1129 7
503 979 2
1103 390 8
1405 796 2
727 458 33
35 1333 2
546 1500 30
382 787 7
995 338 5
718 98 33
98 61 15
888 1268 5
713 425 2
713 821 2
118 937 7
171 435 8
829 1139 33
1493 662 2
1061 151 2
98 1186 16
468 1575 2
1053 773 2
713 1212 8
449 575 2
468 1191 12
317 1335 5
575 1333 2
150 662 2
912 1436 2
320 1122 6
745 70 35
253 75 3
588 1381 7
988 187 41
695 789 2
1106 1514 0
834 836 3
1240 88 1
3 476 7
590 424 8
28 163 8
667 833 7
80 228 6
921 21 2
1302 338 5
563 1550 8
1177 1304 5
314 369 2
647 739 27
1408 1509 5
569 646 8
1487 114 8
98 106 2
947 70 35
350 1500 30
763 1161 7
295 1561 2
621 800 57
880 1267 7
334 437 8
82 297 8
648 98 8
988 505 2
993 91 7
1317 1230 2
584 774 40
168 1496 69
1447 229 33
872 1075 2
1050 1268 5
1291 823 31
480 272 31
1125 31 14
913 730 30
1304 42 7
1215 435 7
932 1305 6
875 1212 8
49 1106 2
957 1388 7
1304 730 7
842 1000 1
159 1030 2
483 998 1
557 102 50
1126 999 14
48 416 2
1400 766 7
259 623 6
1405 1424 2
611 903 2
33 1252 2
551 284 14
90 920 9
1496 1600 38
1394 798 27
1181 244 8
594 868 8
750 974 30
1034 68 1
381 415 44
489 1120 2
650 1225 0
435 441 0
240 726 2
1053 1396 8
116 834 2
718 62 2
449 1495 2
517 507 8
543 607 30
735 920 9
1382 531 7
508 147 8
1359 702 12
594 1092 8
337 1449 27
1041 569 2
552 537 12
565 857 2
840 424 14
3 1500 7
1091 776 5
143 369 3
1026 1405 2
713 65 8
774 869 2
903 1081 2
98 756 7
317 1062 7
463 908 7
563 179 8
804 1384 8
435 1097 7
13 433 7
1560 1314 7
61 491 1
1474 707 2
323 158 7
552 1541 2
563 471 8
437 460 2
199 1000 2
215 390 2
875 1138 6
21 138 25
894 914 2
1003 297 2
519 981 12
890 28 2
205 1500 7
1126 1403 14
555 787 8
163 1044 17
1225 479 48
871 1418 8
483 1315 5
1210 789 2
979 1169 2
437 783 8
506 824 6
1443 617 2
1210 743 7
1525 834 2
168 514 2
623 1309 2
1190 596 16
493 1081 6
958 1053 7
273 514 2
297 231 2
1209 449 7
1023 1315 5
780 191 30
1326 834 8
267 908 7
1416 883 2
1184 623 2
406 297 8
926 1004 1
115 453 1
1537 1420 8
486 102 2
617 888 2
594 1455 7
377 62 2
382 44 7
252 26 27
454 350 41
268 855 3
1475 1057 57
713 474 2
134 183 2
912 1449 2
1035 667 27
829 396 33
1014 1225 0
450 489 6
889 1131 20
297 54 8
661 1210 6
1264 751 2
1033 1131 2
707 152 2
707 147 8
1252 1333 2
324 1126 2
720 83 8
834 47 8
453 942 2
20 159 7
453 546 2
284 720 15
438 1044 7
939 839 8
667 90 7
80 318 7
1359 1291 33
389 720 15
558 388 2
457 518 2
28 108 8
446 1448 2
762 681 27
675 890 2
998 533 1
335 1230 2
1228 219 1
1225 1571 48
635 1247 1
772 382 7
107 114 8
1439 531 2
116 766 8
62 1102 37
790 21 8
894 808 7
283 829 31
424 296 7
233 80 8
417 894 27
1126 947 44
627 338 5
1447 993 2
112 330 8
302 1404 7
834 1152 26
988 158 2
436 1126 14
1173 1187 0
1095 1181 7
435 387 8
1136 1335 5
1291 761 15
1302 1381 7
552 97 8
197 1377 8
1545 1161 7
468 1514 0
1476 1126 30
600 779 6
913 279 30
297 651 53
880 1086 2
317 226 3
670 453 35
720 519 1
860 1305 8
1404 401 2
834 1417 27
555 36 8
42 531 7
993 743 3
381 1126 2
1081 672 2
33 905 2
638 1581 8
323 884 5
1148 1375 27
1496 857 38
138 468 1
348 909 1
611 452 2
377 702 12
258 307 2
1174 804 2
720 487 8
268 1437 8
374 229 33
834 1144 2
1188 624 50
834 651 69
573 311 1
1044 1604 38
1467 512 1
392 834 8
145 623 2
32 1299 2
711 424 2
604 1354 2
164 114 8
1029 681 27
449 1148 2
607 1100 2
750 851 30
222 766 7
760 994 5
829 355 8
369 1345 30
1382 80 7
347 1199 7
233 839 7
508 92 8
23 421 2
1026 662 2
350 437 2
1164 833 8
253 259 19
922 1338 2
347 1491 7
217 581 2
742 286 15
1126 296 7
913 978 2
592 873 50
618 1070 5
323 1414 7
205 1221 7
990 1044 12
770 436 7
1181 1557 5
1224 31 16
471 114 8
213 891 7
699 998 29
1099 1161 7
1442 468 1
627 1403 6
637 879 74
576 114 8
863 1081 6
253 1642 5
1126 228 7
903 265 8
1221 322 2
1360 369 3
441 80 8
900 1207 8
1449 488 2
555 737 2
297 1555 2
516 854 27
371 1578 5
1117 147 8
724 499 1
97 326 8
555 1128 8
988 1078 2
306 384 3
1554 838 7
1533 377 1
1278 491 1
437 728 8
85 908 8
829 412 5
510 1097 7
983 784 14
35 603 2
466 1203 6
1291 1606 2
1200 21 8
1354 345 0
157 1029 2
52 1420 8
1337 574 55
1416 536 2
1050 153 1
636 32 8
514 1407 2
1394 140 7
241 468 1
265 716 8
1181 817 8
261 681 2
268 462 8
258 831 2
24 458 33
1448 915 30
1448 519 30
424 1314 5
713 419 2
594 1337 8
1495 1230 2
1495 834 2
480 883 2
495 42 8
369 269 2
435 1014 0
861 998 29
240 1299 2
240 903 2
1483 1416 2
1028 360 2
498 80 8
565 1138 2
62 53 35
476 1135 2
102 1415 2
1029 1036 2
588 916 8
324 675 2
265 942 30
97 252 6
905 229 2
1474 988 2
20 437 8
194 920 1
692 172 8
62 1325 5
1537 338 5
1316 908 5
21 663 8
442 903 2
324 607 2
889 479 2
1230 914 2
569 244 8
1126 600 44
804 646 8
679 114 8
614 743 5
634 506 6
877 1061 2
530 1561 2
903 1581 8
1247 229 33
491 1015 36
880 411 2
435 228 59
372 1243 5
541 1081 2
435 40 8
303 829 2
1291 810 15
424 929 7
862 1298 7
898 766 8
759 661 2
552 88 3
81 458 33
869 531 2
646 626 8
1173 1132 0
557 1371 50
34 667 40
681 119 8
1044 1270 5
552 42 8
406 605 7
159 1152 26
271 1375 27
31 170 31
880 739 2
1081 289 2
913 620 30
627 1381 7
616 889 2
428 606 35
42 476 7
374 993 2
629 424 8
879 381 14
58 654 2
1081 221 2
1045 31 16
981 973 9
494 390 8
9 993 1
834 63 7
1461 1496 41
1101 754 5
510 387 8
374 611 34
518 3 8
278 28 2
913 595 53
1448 1439 30
1000 1514 0
157 278 2
20 800 7
31 208 2
736 114 8
592 1193 2
157 273 8
841 114 8
21 1364 2
1335 52 5
1383 454 7
623 524 20
1225 1249 1
814 1578 3
565 455 2
1138 627 48
77 866 36
1481 1402 2
218 1405 2
913 235 2
139 1500 30
452 766 8
80 1183 7
322 922 2
454 75 3
228 437 8
778 889 2
540 1033 2
577 1304 5
1439 1500 2
325 663 8
774 399 2
894 1381 7
1220 320 6
190 238 2
610 881 5
155 594 10
880 1097 7
1079 1496 53
476 485 30
681 59 8
1446 229 33
1044 872 40
728 159 5
86 1305 8
70 277 1
70 318 2
528 888 23
1117 92 8
1184 854 27
317 1217 8
761 390 8
636 1315 7
1210 341 7
1215 265 7
190 66 2
762 908 8
1080 569 2
745 891 7
42 1500 7
502 1449 2
1313 59 7
1303 923 7
652 881 3
867 908 8
506 728 8
631 770 2
707 1525 2
566 1166 1
1416 877 2
1394 1024 27
1394 628 27
1081 1199 7
552 445 0
718 952 33
393 1305 8
577 569 2
582 889 2
1174 981 2
834 1420 8
1158 1388 7
1161 1395 7
23 374 2
507 139 3
630 21 8
142 1450 2
485 1044 53
424 484 9
1448 464 30
1458 258 30
735 21 8
1503 98 8
1163 834 8
1083 971 9
1354 992 2
22 476 2
1028 409 2
454 438 2
265 197 8
1503 390 8
912 979 2
1225 1102 5
1354 1284 2
147 480 65
914 1449 2
402 61 15
836 424 30
29 54 8
1163 766 8
673 829 2
265 199 30
41 551 14
205 1106 7
952 928 45
1036 272 2
344 891 8
1025 491 2
230 893 33
698 1127 8
220 900 2
102 604 2
1117 59 7
447 229 33
563 743 3
157 338 5
383 531 30
814 139 3
1357 443 12
311 278 7
721 1465 5
531 1562 2
923 75 3
790 1181 7
614 0 5
1242 569 2
323 676 7
588 793 8
324 552 2
377 1315 5
416 458 2
74 1436 2
1203 1210 6
98 1206 7
769 504 2
1291 743 5
1247 611 34
999 424 8
1212 80 8
891 1420 8
80 432 7
632 1161 7
862 1243 7
420 880 2
1282 1554 1
84 369 2
514 1418 7
311 840 2
653 458 33
869 476 2
1178 1397 0
253 527 1
391 1036 2
880 387 8
843 1375 27
228 1291 30
479 627 6
145 854 27
58 667 2
647 1148 2
160 606 2
834 619 27
292 33 2
993 341 3
159 177 2
750 119 8
1302 848 8
507 789 8
458 412 5
913 1207 5
1081 166 2
875 291 8
1126 899 5
479 1230 2
688 909 1
1053 256 2
574 153 1
944 216 2
891 393 5
470 95 6
1044 1598 38
466 1 6
925 62 2
1567 1235 1
45 437 2
891 1122 6
993 1335 5
486 552 2
150 437 2
988 631 15
383 114 39
818 888 2
692 917 8
442 1310 7
1500 155 2
442 1252 2
1291 949 44
792 894 2
230 633 2
311 1271 1
347 1135 2
218 662 2
648 1315 7
1408 973 9
118 936 7
1230 1555 2
1304 1578 5
217 575 2
273 893 30
659 1388 7
125 565 2
681 1342 7
1036 796 2
489 90 8
813 495 8
440 610 2
623 1152 26
681 77 2
1468 555 7
1468 159 7
347 671 2
901 424 7
1446 993 2
240 92 8
824 1465 5
889 1052 2
552 787 8
569 817 8
347 1062 8
238 626 8
880 1088 2
614 1316 5
581 32 8
1450 569 2
1220 265 6
633 493 6
633 97 6
399 347 16
185 360 27
1138 265 8
727 594 10
880 646 7
920 284 14
502 1375 27
423 804 2
658 1305 8
869 1500 2
253 776 5
1461 1500 30
602 1388 61
504 638 27
539 31 2
895 21 8
913 505 30
313 731 2
1304 213 7
402 1125 8
1295 114 7
915 1371 30
1081 1258 2
86 390 8
1082 692 2
1080 514 2
1129 111 15
599 1328 2
33 1131 2
1397 795 7
1230 706 55
544 191 30
1085 491 13
1394 281 27
1394 677 27
670 611 35
159 1493 2
4 908 6
611 678 2
500 325 2
716 1388 7
1126 781 30
721 252 27
543 1230 20
577 514 2
1500 1247 2
167 1554 8
359 1291 33
439 1126 30
1313 368 14
1302 97 8
792 1377 52
638 32 8
849 531 30
259 1059 7
1138 908 48
160 1455 30
201 705 5
624 1457 30
1382 702 7
1382 306 7
569 1122 2
56 1291 16
565 1028 2
135 32 8
1247 610 2
593 834 8
820 1305 8
438 191 7
673 774 2
217 1495 2
1128 1388 7
592 90 8
632 491 1
1567 537 12
555 1031 2
507 1457 1
429 565 2
434 506 6
790 834 7
383 476 30
1110 614 7
216 805 2
1332 329 1
13 937 8
552 309 33
1106 236 12
1178 1514 0
1337 470 33
894 689 2
879 972 2
627 656 1
1124 574 44
759 259 2
555 859 2
643 54 6
514 1409 2
262 436 1
1456 369 3
849 1230 2
190 1035 2
424 104 8
873 1402 44
1181 1070 7
594 1298 7
295 201 12
189 390 8
739 311 2
630 766 8
647 796 8
499 873 33
601 531 2
507 46 8
436 893 14
933 1002 2
780 258 30
159 122 2
1302 793 8
864 424 8
541 893 14
1548 265 8
391 913 2
263 1126 33
499 209 2
1500 1479 2
1405 516 2
265 838 8
35 1053 2
929 875 6
1081 502 8
1041 1436 2
763 160 30
140 1449 2
140 1053 2
1129 519 1
1265 891 6
713 244 8
1287 512 2
684 405 2
317 763 5
928 510 2
1402 743 3
923 91 2
357 681 2
240 1025 2
442 905 2
216 1564 1
102 1199 7
696 834 8
235 1033 2
1338 504 2
1190 138 35
424 873 2
315 891 7
541 979 2
551 1169 2
551 773 2
1357 1016 12
506 1399 6
300 667 27
440 555 2
692 1086 8
812 191 14
1213 627 6
889 601 2
1009 102 8
424 805 2
1405 1152 26
1450 514 2
1047 926 15
995 315 33
1561 686 7
83 662 2
806 1448 30
633 438 6
1232 569 48
550 160 33
531 68 2
70 208 2
391 880 1
1210 1583 8
1253 1554 0
626 1381 7
1326 1305 8
770 244 8
993 936 8
913 450 30
627 1549 2
1075 1450 2
253 1491 7
398 639 2
1404 572 2
1527 891 8
1312 265 8
713 945 2
854 1008 39
599 201 12
350 1292 16
847 626 8
45 390 2
335 369 5
33 1076 2
1357 718 10
31 106 2
455 1292 16
1061 1359 2
1271 1404 2
713 853 12
1394 226 27
623 36 8
382 1239 7
485 80 7
155 1106 2
893 176 45
858 834 8
393 804 2
431 293 0
167 770 7
494 908 8
734 1239 2
268 1212 8
508 39 8
23 368 2
1373 1554 2
1393 1388 7
465 1181 7
814 1097 7
1303 390 8
441 1225 0
372 1125 8
1053 1121 2
98 375 30
205 1462 77
1302 42 8
1526 1217 8
908 163 7
849 476 30
915 1354 1
1468 508 7
913 46 6
552 745 2
314 889 2
790 159 7
362 21 8
453 1345 2
607 976 30
368 1377 8
1468 800 7
1104 1329 1
588 68 2
605 139 3
913 1045 53
900 763 2
170 437 30
246 888 2
588 63 8
217 1148 2
72 1315 5
192 623 6
990 1408 57
1357 425 2
1474 531 2
681 650 2
325 498 2
1552 1418 7
614 1201 5
769 667 27
1454 390 2
895 766 8
98 116 7
1314 893 33
592 976 50
759 1515 2
346 891 8
1106 1253 2
1225 303 48
146 302 10
300 626 2
1328 909 2
409 958 2
581 607 30
1562 329 2
1209 633 7
1436 259 2
190 292 2
761 908 8
829 228 6
502 987 2
26 1375 27
1307 834 8
39 489 6
623 1029 2
98 772 14
647 350 2
820 998 1
834 1236 6
35 774 2
69 1230 2
623 1420 8
364 1161 7
1053 1525 2
1312 1581 8
1230 724 25
829 189 27
606 854 7
392 1305 8
1075 595 53
1537 848 8
913 805 5
480 726 2
913 846 6
841 1333 2
1404 381 33
575 1375 27
784 846 77
926 724 1
913 1138 6
384 734 7
1541 424 8
921 795 7
988 1231 41
627 793 8
718 118 2
499 149 8
533 23 30
157 1127 8
361 428 2
80 1335 5
978 470 30
240 678 2
849 1500 30
933 833 7
21 219 2
723 1126 2
1491 1315 7
1166 702 8
216 1509 1
900 1391 2
814 387 8
834 163 8
576 1377 8
883 1315 7
698 957 8
552 950 33
951 269 8
449 172 2
779 1199 7
676 1354 2
1518 1554 0
891 1381 7
223 476 2
3 182 8
458 936 7
449 167 8
80 726 7
889 546 2
3 114 8
995 929 7
1106 1101 12
1533 1140 1
623 619 27
1198 681 27
277 610 2
27 1588 41
647 1437 8
933 139 5
981 488 2
614 450 5
117 476 30
552 213 8
1380 834 20
158 1388 7
325 379 70
926 761 15
910 311 35
969 732 7
116 70 25
766 149 8
494 1126 33
601 766 7
601 1500 2
292 551 2
599 1126 33
636 435 8
813 133 1
377 514 2
347 823 31
30 618 2
1377 881 5
870 139 3
33 625 2
603 502 2
643 18 8
273 1581 8
702 1414 7
117 514 1
81 720 15
380 453 2
607 528 2
810 611 1
713 1114 2
707 208 2
1177 265 8
390 1239 30
913 95 6
692 269 6
586 458 2
222 491 1
829 179 8
563 1578 7
1171 47 8
804 1122 2
565 230 2
1354 443 12
1570 1395 7
925 512 2
286 937 1
581 623 2
1036 1418 2
910 614 7
796 988 2
774 739 27
104 325 2
31 301 14
1354 363 2
76 1360 2
889 882 2
1474 476 2
614 658 66
869 623 6
1232 1210 48
314 662 2
375 750 30
185 190 27
860 1388 7
535 681 2
1014 891 8
69 555 2
1316 311 1
555 848 8
993 1217 8
1090 1448 2
981 674 7
1210 116 7
1394 575 27
611 822 58
1405 1493 2
865 37 7
639 229 2
834 493 6
479 1377 6
1196 667 27
1075 420 2
216 1124 30
86 908 8
52 27 17
1461 347 30
98 724 30
1458 893 30
1496 1601 38
1050 269 1
638 326 8
707 1196 2
923 1314 7
161 716 8
623 1391 20
1510 114 2
1193 1292 50
1246 1280 57
135 326 8
701 33 2
933 824 2
1391 1230 2
1391 834 2
606 627 7
454 213 2
701 325 2
334 1161 7
1338 667 27
1136 1298 7
699 347 33
815 424 2
661 875 6
241 453 2
1033 796 2
1497 1550 8
702 267 7
610 978 3
1082 1588 41
98 803 2
623 338 5
552 1226 12
1252 998 2
1225 256 48
489 75 3
1000 236 12
1568 681 27
1486 80 7
578 32 8
349 491 2
1357 602 2
1228 1591 1
205 1173 7
317 1396 8
1225 548 48
1402 1335 5
102 671 2
369 22 30
540 1436 2
190 1037 2
878 80 7
390 1509 1
102 1062 8
216 1381 7
647 595 53
1230 1030 2
780 555 2
1044 1024 40
1570 685 8
890 29 2
286 186 1
438 979 2
226 360 2
409 843 2
218 424 8
1061 1170 0
1080 265 6
1080 1436 2
1209 518 7
172 159 2
424 1086 8
1455 369 3
191 1550 8
1554 452 12
869 647 2
1230 957 8
1125 952 14
889 423 2
133 1209 5
877 713 2
1394 1495 27
318 297 8
880 459 2
754 92 8
102 1392 30
932 623 6
285 913 2
160 381 2
865 957 7
1287 118 2
1172 936 7
1284 326 7
1547 265 8
297 128 2
871 40 8
232 920 1
140 531 5
369 393 2
489 938 6
294 908 8
784 1127 77
784 731 77
374 713 2
486 499 2
480 1299 2
988 1459 30
1526 533 3
1179 258 7
139 603 2
1265 1081 6
500 1075 2
30 563 2
1439 50 14
772 1313 77
1307 28 8
508 1578 3
795 1298 7
588 1395 7
205 372 77
1106 1132 0
317 593 5
157 97 8
162 21 8
33 502 2
499 53 34
808 23 2
699 1371 33
348 547 2
1033 1424 2
1133 766 7
909 325 2
1125 1388 7
900 1568 2
1035 390 8
574 985 2
667 716 59
1242 1436 2
341 1449 2
301 1388 77
458 1217 7
217 350 2
141 972 9
611 104 35
1225 1572 48
633 336 6
1116 610 2
772 779 7
1468 330 7
692 916 8
1317 1449 27
451 458 2
950 926 15
369 942 30
1210 1399 6
1371 106 29
141 904 9
889 1515 2
897 834 8
217 277 8
516 1333 2
670 102 8
1304 452 7
544 32 8
581 495 8
880 1155 2
507 99 0
1228 543 7
322 574 2
250 1430 57
1075 638 27
750 991 2
993 433 7
879 411 2
159 269 6
636 1081 2
70 726 2
879 1398 39
996 908 8
737 987 2
720 124 1
623 231 2
168 428 33
1084 329 2
702 1285 5
871 272 8
627 464 2
1401 623 6
40 692 2
390 1482 8
607 877 2
618 104 2
592 938 6
252 259 27
1173 579 2
635 129 8
33 1198 2
544 258 30
1174 409 2
518 59 8
1283 229 33
1460 720 15
1225 994 5
707 1199 7
1044 1605 38
902 23 5
1235 1291 16
1238 191 16
1230 546 25
779 136 6
713 284 33
1383 510 7
756 1315 5
626 97 8
380 922 2
271 1377 8
125 1036 2
64 437 30
340 1063 7
1229 903 6
923 1237 2
779 824 6
213 627 6
116 297 6
707 1073 2
520 507 0
491 63 8
1171 958 3
605 324 2
1271 347 33
450 514 2
746 607 5
1011 1161 7
290 1225 5
1354 1016 12
588 685 8
491 355 8
217 582 2
217 978 2
913 233 27
540 1449 2
774 1211 2
265 315 30
240 500 2
297 412 5
747 1225 0
1537 1314 5
216 684 2
102 324 2
563 26 2
903 626 8
889 1455 2
875 792 6
770 1125 7
31 485 30
311 295 1
265 573 15
1215 785 7
623 1031 2
681 837 23
190 586 2
195 568 7
238 114 8
1421 691 1
891 848 8
501 1057 57
324 320 19
988 1079 2
17 720 15
85 518 2
1106 368 33
624 1562 1
916 926 15
13 301 19
1108 80 8
603 1479 2
425 920 2
1394 1148 27
1210 730 8
623 859 2
1198 880 1
393 1388 7
295 360 2
1184 1033 2
941 136 6
427 21 8
1554 742 23
754 37 8
524 252 2
1393 854 27
347 810 15
626 798 2
176 323 2
262 872 2
1183 297 7
1184 569 2
594 1005 7
872 265 8
253 471 1
1119 191 30
1540 716 8
1328 622 35
726 770 2
228 779 6
1402 936 8
53 390 8
1081 277 8
601 588 7
1292 269 7
205 317 77
42 114 8
1110 23 5
171 326 8
468 732 7
928 681 2
468 1070 2
1389 891 7
978 988 30
1494 45 7
154 588 8
707 139 3
1300 1430 5
592 957 8
907 611 2
207 1609 47
563 722 2
311 699 1
720 75 3
259 588 8
454 1078 2
453 342 58
253 1127 8
453 492 2
255 98 8
98 1376 2
1024 1405 2
544 1315 7
28 54 8
1258 766 8
570 435 8
988 1437 7
323 732 7
116 987 55
1100 1561 2
449 685 8
1450 854 27
369 199 30
1328 1389 7
334 893 33
1555 854 27
1317 1394 27
98 1006 44
1333 183 2
1084 1315 7
565 47 8
421 1126 2
217 222 8
877 1354 2
27 880 15
1570 1550 8
262 1469 47
1554 1409 2
1114 466 2
852 1190 2
499 388 2
1490 441 0
437 384 3
31 463 31
960 499 1
1394 69 27
494 360 2
800 813 15
922 930 41
244 865 6
69 80 8
297 701 2
938 1375 27
750 904 9
271 707 2
939 779 6
1006 311 35
506 101 8
838 437 8
360 1002 2
720 1 1
24 491 2
506 393 8
259 893 2
841 480 2
627 44 8
854 119 8
278 29 2
155 1173 2
1176 265 8
565 1417 27
1566 1504 57
626 88 3
205 1633 77
155 458 33
980 191 30
707 726 2
555 1314 5
1262 751 2
1210 1415 5
348 1516 2
1485 1443 2
1354 657 2
468 983 33
1500 503 2
193 1173 57
1233 470 1
624 781 30
1479 829 2
278 347 14
282 720 15
763 623 6
52 1314 5
645 1061 1
435 1321 59
1343 1181 7
662 1424 2
125 908 8
681 821 2
681 425 2
1245 764 7
458 83 7
624 1283 1
419 888 2
442 221 2
506 95 6
900 762 2
36 750 30
499 1480 2
229 1238 71
98 183 7
1304 1025 7
81 491 2
98 958 3
411 854 27
510 341 5
555 287 2
1570 179 8
1438 1161 7
636 1362 2
1297 1140 1
45 1315 7
369 223 26
1457 891 8
638 229 2
454 1070 5
510 1323 48
157 1002 1
1084 610 2
603 1424 2
603 1028 2
1304 957 7
391 409 2
720 1093 1
1436 722 2
819 1118 5
292 1405 2
1304 1249 7
938 347 16
1421 1396 8
382 3 7
33 1479 2
618 677 2
263 1561 2
636 1581 8
492 607 2
28 1550 8
157 929 7
27 865 2
603 1252 2
444 720 15
1287 1292 33
1184 514 2
476 1253 2
503 23 2
362 893 2
253 848 8
28 1086 8
470 639 2
917 489 6
1083 972 9
1229 1184 6
91 495 5
311 830 30
688 178 1
730 390 8
470 535 2
928 626 2
348 145 2
806 551 2
442 287 7
598 102 8
442 625 2
160 596 30
464 1371 2
1024 662 2
606 1292 30
265 596 30
903 1496 53
32 197 8
1044 403 38
1201 372 5
1466 431 1
1367 360 2
1421 661 5
180 1275 5
454 663 2
771 52 1
555 983 2
57 1388 6
429 913 2
323 677 7
1127 1388 7
333 908 8
1315 835 52
84 834 2
375 1500 30
190 1555 2
290 23 5
894 1037 2
1210 1330 7
279 952 16
1321 80 7
107 297 8
854 1516 2
190 1550 8
880 357 2
905 102 8
1221 792 2
80 433 7
217 167 8
424 916 8
652 1199 7
633 158 6
627 1395 7
635 674 1
297 43 6
647 1212 8
652 1491 7
398 823 2
156 594 1
661 28 8
681 65 8
406 551 7
168 1033 2
922 187 41
1081 235 2
848 320 6
273 1033 2
508 1097 7
1244 880 15
641 80 8
369 911 2
667 856 20
157 292 2
33 796 2
1183 870 7
261 888 23
162 612 2
506 384 3
252 545 27
831 893 2
1493 834 2
163 437 8
601 1161 7
161 259 8
1567 1236 1
369 843 2
475 1033 2
373 891 7
922 609 2
142 664 2
551 477 5
449 1039 2
501 265 8
1343 424 5
707 671 2
21 914 2
1082 390 30
704 879 7
563 957 7
563 1295 2
1354 602 2
923 731 2
923 1127 2
1225 420 5
829 980 3
563 189 27
624 726 30
253 97 8
594 532 8
1035 908 8
898 667 27
489 487 8
894 1395 7
310 1315 7
440 611 2
681 474 2
945 1554 0
1354 534 2
286 1004 1
779 728 8
555 300 2
1326 1388 7
540 979 2
1337 908 7
307 1443 2
551 206 2
1335 1388 7
1126 119 7
528 1561 2
1357 77 2
29 412 5
177 1333 2
1313 1384 7
88 1388 7
326 1127 8
191 743 3
1292 836 5
624 1160 1
442 139 3
625 681 27
534 558 2
867 922 8
893 1307 14
1394 350 27
517 28 2
841 829 2
318 612 80
292 662 2
1490 1014 0
502 707 2
494 933 2
623 848 8
1081 1213 7
499 1253 2
102 539 30
627 685 8
1221 36 8
514 214 2
33 1424 2
31 116 7
1475 565 57
1124 369 5
719 330 8
48 484 2
1126 823 31
603 905 2
1053 1199 7
1400 834 7
988 606 30
841 1053 2
707 1367 2
359 1292 33
829 947 2
508 387 8
659 1315 5
1061 200 33
1061 596 33
258 722 2
941 728 8
1333 412 5
1567 553 1
707 1299 2
1037 611 2
253 37 8
913 1565 2
558 596 33
565 1029 2
909 1075 2
790 507 7
981 938 11
649 160 16
565 1420 8
774 1041 2
458 743 3
592 1392 50
1567 818 2
1114 1443 2
442 502 2
884 1315 7
526 751 1
692 63 8
268 1325 5
814 39 8
981 1162 11
458 366 29
307 468 2
1291 928 45
1000 368 33
911 265 8
302 552 7
98 1152 7
988 909 2
1561 59 7
191 1330 2
1221 737 2
681 1321 8
1008 626 8
441 891 8
1323 891 7
392 1388 7
395 626 2
1247 453 34
546 891 8
1329 424 8
1216 52 8
494 1561 2
981 162 7
402 47 8
424 793 8
1131 692 55
479 865 6
698 338 5
626 1024 2
195 40 8
750 65 8
607 24 2
1312 326 8
45 159 2
1506 491 2
584 31 16
183 330 8
235 1375 27
133 88 1
139 774 2
369 856 2
1302 1086 8
1500 1480 2
1081 112 2
379 1496 2
1496 693 38
450 265 6
628 21 8
543 1371 30
1129 124 1
1448 642 30
565 619 27
1041 1333 2
951 393 8
1448 1330 30
1160 160 33
1235 1126 16
1500 101 2
128 325 2
21 859 2
442 1198 2
468 1583 8
563 1298 7
138 627 7
468 873 33
1479 31 2
210 1230 2
210 834 2
98 1556 7
624 671 30
524 1044 41
1292 1518 30
1340 1371 2
187 1291 16
218 900 2
917 458 2
101 1581 8
1036 1138 2
489 36 8
440 160 2
1221 1491 7
1483 160 2
584 667 40
1554 1266 1
208 453 2
795 63 8
707 881 3
695 833 8
995 676 33
829 1335 5
804 769 8
1443 1101 12
880 638 2
62 1566 37
981 479 11
633 43 6
221 834 8
519 458 2
900 355 8
435 163 8
988 622 2
756 1388 7
565 671 30
512 1418 7
1443 637 12
1328 178 2
652 65 7
993 937 8
1002 1292 14
247 369 5
981 1128 2
499 568 7
76 92 8
476 1310 5
102 192 30
408 32 8
502 652 2
871 47 8
623 793 8
138 1000 1
1053 898 2
847 627 8
290 28 8
1126 761 15
1330 21 8
724 262 7
1447 611 34
212 70 35
271 829 2
537 146 5
1287 98 33
145 759 2
1210 101 8
829 600 2
252 722 27
692 685 6
594 886 2
1540 259 8
819 1418 7
52 104 8
167 1500 8
160 706 44
605 167 2
1053 1122 2
1327 1315 5
20 923 7
713 1457 8
368 987 2
489 1128 8
1124 1354 2
240 739 2
913 735 6
913 1510 2
468 282 23
1164 568 7
230 1161 7
1135 770 2
1291 212 44
657 1388 7
391 160 30
98 873 7
558 1480 2
1478 468 2
1500 1518 30
228 565 2
189 1305 6
555 581 2
13 533 3
442 109 7
558 753 23
85 23 7
506 321 6
552 1262 2
981 1153 6
654 1516 2
720 658 0
1308 908 6
265 22 30
483 720 15
506 613 6
1116 390 2
880 1220 7
894 239 2
191 983 2
1570 743 3
913 1439 30
1562 702 12
671 626 8
555 805 2
744 447 1
1459 1500 30
750 1389 8
939 1305 6
769 390 8
1188 114 7
133 441 66
514 1251 2
720 527 1
623 1030 2
642 31 2
720 1314 7
721 894 27
1033 1152 26
1407 766 7
161 1236 8
55 551 2
273 626 8
267 325 27
618 903 2
958 1462 7
1338 265 8
108 369 5
594 1536 7
754 104 8
246 1315 7
159 464 2
489 1491 7
392 1161 7
1538 21 8
888 222 15
277 499 2
541 1230 20
35 702 8
191 1204 30
613 114 8
1287 62 2
1155 891 8
1448 983 30
370 1081 2
373 489 7
478 80 8
575 707 2
159 292 2
463 1371 2
1292 377 8
1405 68 24
217 739 27
704 764 64
195 303 20
1497 3 8
272 574 55
1129 1 1
442 1201 7
1315 1525 52
805 28 8
545 569 2
458 937 7
1214 908 7
244 607 29
695 90 8
563 820 8
368 627 8
1104 579 1
311 1135 2
673 32 8
654 145 2
551 1011 2
1459 424 2
1232 875 48
1084 1428 2
647 1047 2
894 1555 2
759 833 2
1436 101 26
1445 893 33
1447 610 2
684 893 14
55 1305 7
147 98 16
435 108 8
156 424 1
1411 647 1
942 1567 1
197 702 8
1439 476 2
1047 1567 1
1003 998 29
1454 369 3
1081 1045 53
315 1500 30
330 355 8
1184 1436 2
66 114 2
1317 891 8
909 191 14
1522 80 7
402 958 3
611 637 2
158 913 27
507 808 59
980 32 8
1184 610 17
737 702 8
507 958 3
398 877 2
1275 1106 7
374 1061 2
592 1491 7
1526 881 3
1394 172 27
1271 558 2
261 1126 33
13 776 5
1047 229 2
923 733 2
271 774 2
814 355 7
843 829 2
1402 1298 7
160 1518 30
1394 464 27
1162 1305 8
277 453 34
1129 1093 1
866 432 15
1356 720 15
701 1405 2
1255 1496 2
622 1500 30
1221 1070 5
449 869 2
1284 229 33
98 362 31
618 147 8
129 1304 7
20 1305 8
1053 1062 8
1047 453 2
468 162 2
913 1163 2
138 1091 64
1500 674 2
116 891 8
565 231 2
741 893 14
1152 453 2
623 1314 5
912 23 2
27 627 8
769 681 27
56 23 30
258 1321 71
605 39 8
993 1472 37
230 437 33
326 296 7
667 1127 7
435 471 7
317 728 7
460 770 2
114 150 2
277 1225 0
1136 936 8
641 1075 2
1119 1315 7
537 920 74
652 373 6
1439 1230 7
302 1357 7
1081 341 5
442 387 8
1123 891 7
425 766 7
32 384 5
1332 512 1
657 1161 7
309 1377 8
1554 209 2
424 63 8
1496 125 40
297 1568 2
458 1335 5
1251 1554 0
1100 201 12
70 736 7
136 603 52
1377 1578 5
306 59 8
262 327 1
514 1196 2
720 472 1
76 269 8
1436 497 2
992 766 8
502 829 2
627 416 2
1080 1033 2
647 291 8
437 451 30
424 287 8
26 360 2
499 368 33
865 663 8
365 1375 27
926 670 1
252 1295 27
1042 829 2
988 1124 30
23 546 2
577 1033 2
568 159 6
382 881 3
32 1310 7
702 732 7
722 495 8
32 45 2
1350 1443 1
480 604 2
361 770 2
1036 116 2
480 500 2
899 323 7
1179 574 71
1535 142 20
346 1164 7
1474 1173 2
1252 311 2
241 1091 64
1375 269 2
1188 258 30
672 1375 27
860 1315 5
329 1112 2
774 1163 2
903 979 2
805 265 8
1126 937 7
320 269 6
551 664 2
454 730 2
1357 284 33
1566 627 12
889 200 2
769 1036 2
170 779 6
1328 1109 7
311 684 2
749 1408 1
1242 1033 2
98 1419 8
889 492 2
52 338 5
347 502 8
995 479 7
300 804 2
325 649 33
871 1420 8
1322 891 7
416 922 2
286 83 1
21 724 25
160 450 2
759 778 2
489 1070 5
317 18 8
1200 834 8
574 241 35
592 338 5
880 460 2
650 23 33
1540 1236 8
675 485 30
720 1491 7
281 424 2
285 1305 8
737 652 2
1200 766 8
309 626 8
618 1080 2
1458 1126 30
1377 139 5
381 891 8
713 452 12
326 1314 5
1421 92 8
159 1037 2
159 641 2
53 347 2
167 311 2
491 1112 2
360 722 2
1179 551 7
1539 424 8
370 1362 2
681 887 21
1402 1243 7
1007 311 35
1061 523 23
594 83 8
159 1198 54
142 147 2
510 796 8
489 335 2
1328 743 5
125 409 2
1284 611 34
340 832 7
191 432 15
543 551 82
1110 1059 5
266 326 8
457 880 2
704 654 7
551 1418 7
1354 377 2
574 986 2
695 1127 8
323 1544 7
101 1416 2
594 307 8
141 973 9
1047 784 14
424 1054 7
51 98 30
329 91 7
98 75 7
108 265 7
681 244 8
495 412 5
306 1342 7
995 1194 33
1308 506 6
889 1120 2
78 569 2
454 88 3
83 889 2
645 713 1
1171 1325 5
981 1084 7
199 611 2
714 347 14
603 1417 27
516 1230 2
823 720 15
727 1000 5
737 614 7
1196 681 27
867 702 2
1144 611 35
995 730 33
979 488 2
1081 930 53
1100 1126 33
1199 1388 7
623 628 2
922 986 41
1554 446 2
1436 150 2
1230 1238 55
1562 512 2
404 65 2
161 438 8
1446 611 34
702 1578 5
619 880 2
759 22 8
618 59 7
237 558 1
603 1076 2
1125 1315 5
53 1371 2
1259 1421 2
988 381 30
1042 1375 27
489 1381 7
27 981 2
454 671 16
214 1430 5
491 91 7
1110 311 35
594 711 8
605 789 2
573 605 1
565 872 2
848 114 8
889 54 20
531 1204 30
702 677 7
699 1404 2
1458 428 41
140 889 2
1377 158 7
1033 54 2
240 173 2
142 1458 8
157 1310 8
569 898 2
217 233 27
806 667 2
1377 54 7
112 1033 2
1382 770 7
702 213 7
780 1443 1
552 1160 2
347 1097 7
447 1061 2
1164 1127 8
459 766 8
1037 21 8
875 1153 6
216 1395 7
347 1389 7
270 240 30
698 848 8
555 411 2
203 987 2
1450 1333 2
442 673 2
194 627 2
322 1225 7
1140 893 33
476 1194 30
531 1283 2
325 1309 2
311 291 7
1210 321 6
316 611 7
654 35 2
1221 220 2
858 1388 7
1333 1550 8
139 470 30
988 1080 2
1443 1124 33
536 31 2
447 611 34
74 1449 2
862 568 7
581 1126 30
39 320 6
70 1403 19
1282 1567 1
861 1404 2
626 1555 2
731 371 7
1337 265 8
1424 626 7
514 366 33
267 551 27
569 223 26
298 102 8
879 1008 39
172 32 8
1341 102 8
1284 610 2
382 1143 7
601 1053 7
635 1550 8
865 1236 8
277 329 2
928 750 2
1271 552 2
1421 37 8
933 1070 2
514 139 3
159 586 2
909 875 6
33 516 2
1402 937 8
1526 37 8
706 908 6
838 102 8
605 1021 2
692 228 6
870 421 9
543 265 15
118 433 7
588 1283 2
106 1061 2
1053 269 2
1567 956 1
944 229 2
464 681 27
1036 689 2
453 853 2
575 829 2
913 365 2
825 390 8
454 1079 2
325 938 6
780 468 1
347 460 2
32 149 8
1409 611 35
155 1161 8
667 375 2
654 690 1
244 437 29
1479 98 2
592 192 50
329 1243 7
922 553 2
424 1395 7
555 1389 7
1228 166 1
784 39 7
1570 1578 7
1031 588 8
859 854 27
286 724 1
901 879 2
393 1315 5
995 451 33
889 773 2
369 492 30
59 603 6
720 1070 5
1451 480 2
33 1152 26
1446 610 2
411 1333 2
545 623 2
58 751 1
78 514 2
1291 1179 31
1172 412 5
1371 781 30
1106 401 2
1327 1388 7
647 1227 7
647 1565 2
217 119 8
309 480 2
750 978 3
415 863 7
466 153 5
626 1495 2
874 32 8
1521 80 7
437 47 8
31 1186 16
1402 863 6
1084 1581 8
159 903 6
1179 900 7
253 1564 1
279 889 27
623 1198 54
13 1070 5
623 177 2
1295 569 2
190 128 2
506 462 8
115 1388 1
603 693 2
54 922 2
1436 90 8
737 829 2
267 1075 27
713 1409 2
154 894 2
142 1184 2
1323 347 14
635 75 8
1185 626 8
603 625 2
1210 272 8
268 1384 8
252 497 27
692 856 6
988 722 30
938 707 2
258 546 2
988 379 41
360 189 27
122 1126 16
707 1483 2
926 560 1
1174 647 2
499 1296 8
951 796 8
1164 848 8
917 1033 2
1460 1496 41
88 414 5
1003 1554 0
988 1376 15
108 614 7
142 1070 7
1025 329 2
1240 193 5
468 388 2
286 761 15
1354 274 12
242 607 79
1371 1376 2
213 865 6
122 114 2
464 1036 2
447 610 2
29 116 8
667 957 7
1567 246 2
819 147 8
645 1354 1
125 1305 8
856 489 15
1225 147 48
1374 919 2
789 118 2
681 817 8
624 1284 1
790 555 7
281 759 27
681 1114 2
449 3 8
81 159 1
922 1282 30
692 179 8
311 678 2
774 693 2
192 1106 2
66 1036 2
57 297 6
650 1292 33
147 952 16
1215 627 7
390 1395 7
307 480 2
894 743 3
902 21 8
172 1315 7
678 1500 30
285 681 27
1221 119 7
28 412 5
531 1160 2
647 882 2
183 1388 7
1320 1315 7
1314 297 2
581 675 30
603 1029 2
1443 113 2
303 435 8
861 1057 2
21 1314 5
399 476 2
1050 856 1
1385 1468 22
623 1493 2
216 851 30
1407 879 2
1051 686 1
720 1381 7
119 574 41
518 1389 8
563 1335 5
833 647 2
177 297 8
388 888 2
159 239 2
486 390 2
1173 1445 2
468 1480 2
468 1084 2
580 829 1
1500 1200 2
594 1243 7
155 491 2
1230 1458 20
648 320 6
1448 362 30
601 476 2
470 536 2
317 88 5
928 627 2
118 1112 2
1041 1449 2
1328 341 5
228 1036 2
22 1161 8
575 774 2
13 1062 8
23 1457 30
707 39 8
442 976 7
552 1395 7
524 23 30
383 893 30
1252 829 2
193 491 57
457 770 2
503 692 19
1104 818 1
661 667 27
789 1106 2
1164 97 8
922 206 2
453 730 2
1104 1110 1
913 34 53
652 1227 6
437 1376 2
744 1314 1
1136 83 8
675 678 2
1456 453 2
995 396 33
889 322 2
283 325 31
878 1333 2
347 728 8
1570 808 8
46 252 6
1455 555 2
1106 942 33
297 423 2
454 1006 41
647 1510 2
856 1230 2
1532 959 7
297 336 6
690 160 14
322 23 7
747 1581 8
1177 1075 27
1090 888 2
922 823 30
1179 449 7
253 1509 1
279 834 27
272 551 2
1119 437 30
390 685 8
913 463 30
750 855 3
470 1295 1
613 1377 8
850 98 2
601 1230 7
1448 1454 30
1538 424 8
936 875 6
186 424 8
252 150 27
1275 1173 7
33 693 2
265 1583 8
938 360 2
647 1439 30
263 1371 33
32 503 2
1394 239 27
159 1550 8
854 65 8
940 888 7
568 1305 6
309 750 30
1485 1061 2
1129 472 1
702 1482 7
941 101 8
40 114 8
1177 437 8
23 381 2
582 891 8
142 665 2
466 1070 2
1315 1325 5
154 766 8
240 167 2
586 922 2
259 766 8
489 848 8
804 898 2
950 784 14
588 226 3
1181 1517 5
947 311 35
1378 216 2
217 869 2
662 1078 2
993 1206 36
1272 21 8
1483 216 2
1220 627 6
1289 483 15
98 593 7
844 574 71
750 890 2
1225 92 48
314 834 2
463 390 8
217 1156 8
634 1081 6
552 685 8
981 1252 2
614 1214 5
396 1291 16
459 588 8
1000 388 2
464 908 8
66 981 2
1187 1315 7
425 879 2
995 63 8
879 638 2
1117 39 8
476 724 30
191 307 2
681 298 8
664 565 2
157 656 1
1304 867 7
111 893 14
1100 360 2
1214 265 8
159 1184 6
1401 1210 6
1173 0 0
704 1357 1
555 916 8
347 928 45
33 1493 2
437 958 3
1563 766 8
1394 1039 27
252 1242 27
1436 272 2
190 701 2
360 101 26
1313 47 8
505 611 2
1436 663 8
1075 488 2
933 1245 37
372 335 5
647 462 8
52 916 8
865 438 8
1303 766 7
1041 1375 27
638 102 8
833 988 2
1271 1357 2
913 130 5
152 893 2
836 437 8
626 689 2
259 1129 7
591 1291 33
297 355 8
1144 875 6
345 372 1
476 803 2
24 1357 2
27 1161 7
699 191 33
258 723 2
1502 512 2
932 770 2
201 1067 5
1564 1504 57
727 491 2
897 1388 7
648 265 6
781 1567 1
1448 307 30
796 1081 6
978 191 30
329 139 5
217 1565 2
240 399 2
992 866 36
458 433 7
899 98 7
480 671 2
470 877 2
91 1129 5
667 101 26
899 390 7
102 136 6
1497 119 8
588 417 2
334 1567 2
790 800 7
1344 647 57
588 808 8
1164 88 3
1202 958 5
1304 938 6
923 440 8
1104 367 1
1121 834 2
552 671 33
1129 450 2
774 938 2
648 489 6
1000 1480 2
1000 1084 2
217 1393 2
753 489 6
1239 770 2
1421 899 5
563 545 2
13 881 3
981 1163 11
635 1084 1
368 50 14
437 925 2
563 936 8
102 1135 2
1315 1177 52
1093 891 6
681 284 33
1215 908 7
1317 889 27
1445 1328 2
595 1291 16
347 277 8
1216 80 7
189 23 7
279 555 27
279 159 27
894 937 7
1562 31 33
647 1163 2
267 449 27
768 908 8
837 286 15
1561 690 2
528 1371 33
306 462 8
925 594 10
1214 1581 8
852 1081 2
1305 568 7
411 759 2
404 919 2
843 325 2
273 979 2
854 1389 8
419 766 8
737 31 2
982 326 8
261 1561 2
601 779 7
1111 1554 66
1131 70 25
369 857 2
159 416 2
707 393 2
162 558 2
360 497 2
577 1436 2
923 849 2
1264 888 2
726 893 2
707 289 2
21 928 2
350 1315 7
637 1490 5
253 1381 7
917 1500 7
468 942 33
1058 1305 8
475 979 2
263 360 2
1163 1305 8
31 1401 44
380 70 2
454 909 2
27 60 2
514 147 8
371 47 8
648 854 27
1145 1377 8
604 1292 30
607 642 30
1468 862 7
804 838 8
187 1292 16
1001 1291 33
592 418 50
1357 1047 33
369 1474 30
1140 21 7
217 855 3
1190 724 35
624 486 1
449 808 8
297 685 6
1443 1090 2
879 255 2
416 1033 2
1003 347 33
70 232 7
483 489 15
1336 371 7
1333 743 3
31 362 31
592 642 50
464 952 14
952 1179 31
1114 297 2
190 26 2
1304 916 7
504 189 27
1221 55 2
45 1044 53
199 21 8
70 106 2
71 531 33
1371 338 5
1554 617 2
1207 424 8
1526 1314 7
1162 1388 7
1215 449 7
102 485 30
292 900 2
623 1086 8
23 334 2
607 945 2
939 506 6
599 1567 2
205 1532 77
584 952 16
618 172 2
262 416 2
20 1388 7
841 311 2
48 430 2
495 1550 8
506 958 3
1383 750 7
913 75 5
1084 32 8
1295 623 2
841 702 8
584 662 38
222 908 1
707 917 2
23 266 2
866 1176 15
1271 191 33
370 454 2
702 452 7
1284 80 8
266 437 8
1479 1416 2
601 28 7
24 191 33
581 1436 2
606 348 7
468 568 7
1246 1496 12
435 846 6
673 1081 2
382 533 3
707 1578 3
160 813 15
596 987 44
1474 893 2
442 516 2
588 65 8
1161 1156 8
101 216 2
124 1305 8
347 1606 2
900 661 2
256 21 8
1220 908 6
702 676 7
438 476 2
329 436 2
361 21 8
200 594 73
1126 1099 2
217 1437 8
98 1166 7
98 1207 8
1225 269 48
1449 625 2
1003 1371 33
952 581 5
80 392 7
796 21 8
1496 541 40
1336 603 7
1429 1388 7
1554 637 12
1210 929 7
1451 23 2
720 992 1
623 1495 2
870 1310 8
498 667 27
390 1184 6
458 604 29
1317 834 27
1047 1126 30
647 420 2
1546 1377 8
662 272 2
671 627 8
1436 1309 2
1000 1253 2
409 1252 2
409 856 2
759 498 2
1100 933 2
512 282 2
176 563 2
544 1126 30
1302 808 8
30 415 1
1050 686 1
1250 1554 0
61 1161 8
462 52 5
739 258 2
1354 1170 0
618 158 27
678 1057 5
1081 126 2
1313 958 3
395 504 2
267 618 27
176 495 2
618 1196 2
601 770 2
500 504 2
181 1305 8
784 452 77
492 1126 2
172 495 8
1305 90 8
927 159 1
131 133 67
780 893 30
277 891 8
784 1140 77
259 437 2
486 512 2
476 1376 2
1561 622 35
491 436 2
1522 114 8
1264 891 7
162 102 8
591 512 2
122 1036 2
36 32 8
1174 190 2
82 1609 47
588 1454 2
720 269 8
1035 681 27
1087 70 35
402 1325 5
688 697 1
866 97 15
903 1161 7
1126 1457 7
1409 1388 61
531 646 5
913 140 2
922 792 2
1044 471 8
1044 75 8
707 166 2
432 913 1
458 1298 7
506 255 20
961 531 30
1010 325 1
1201 495 5
1315 855 5
995 1395 7
1126 1389 7
1228 337 1
1455 453 2
633 57 6
834 68 24
78 854 27
1258 834 8
882 1315 7
303 1362 2
70 1488 7
1561 1389 7
205 607 7
1000 942 33
369 704 31
1124 891 8
552 179 8
950 258 31
1106 572 2
69 325 2
642 1416 2
285 1388 7
1306 1494 1
229 678 71
307 998 29
200 611 2
191 296 8
1082 652 2
1562 1292 33
650 702 12
1314 1443 2
325 36 8
1302 1395 7
1215 102 7
531 599 2
720 241 1
483 1421 1
1405 1555 2
611 242 2
1184 1333 2
1546 626 8
620 894 2
1394 533 27
382 1546 7
90 1430 5
627 226 3
1424 114 7
318 795 80
865 36 8
711 610 2
31 53 2
487 1388 7
607 890 2
471 1305 6
852 1581 8
50 1345 2
747 32 8
1039 415 1
1210 47 8
1537 63 8
999 134 77
1391 626 7
923 1422 2
707 1258 2
1015 286 15
829 833 8
922 1128 2
263 933 2
300 98 30
349 329 2
1166 21 8
609 80 8
114 219 2
1391 891 8
371 958 3
915 31 2
231 325 2
1035 1036 2
735 879 9
347 1213 7
812 1126 14
513 1567 1
226 1405 2
3 1104 8
265 36 30
1058 1315 5
223 191 2
1140 1328 2
1136 937 8
435 1389 59
1163 1315 5
1001 512 2
504 101 26
23 536 30
325 737 2
799 627 8
1080 1375 27
769 409 2
761 491 1
770 450 7
1093 489 6
13 37 8
1236 1305 8
531 1003 2
102 728 8
1230 300 2
1449 210 2
1341 1305 8
912 692 19
192 1173 2
217 1314 8
1424 1044 53
647 365 2
409 905 2
1014 1581 8
865 3 7
258 911 31
1421 1199 7
55 565 2
195 1310 8
300 819 7
323 90 8
534 681 2
17 1129 15
1106 381 33
913 820 5
927 720 15
686 275 67
1436 498 2
614 836 1
829 863 6
1526 1491 7
406 32 8
252 1364 27
1129 631 15
395 449 2
594 1523 8
1045 1590 38
618 1578 3
1448 601 30
650 330 8
369 455 2
707 1198 2
145 1333 2
784 793 77
730 531 2
933 848 7
455 160 16
117 311 30
403 114 8
834 1139 33
1540 833 8
151 766 8
476 925 2
256 766 8
122 981 2
110 1230 1
1242 1375 27
33 168 2
555 1223 2
595 424 8
449 479 2
454 403 2
228 1161 7
1359 466 2
138 13 64
335 569 2
442 693 2
230 470 2
913 39 7
961 476 30
720 88 3
106 713 2
468 368 33
247 891 8
247 495 8
895 1305 8
919 626 8
917 52 8
449 411 2
435 18 59
1082 880 15
551 665 2
902 888 8
672 707 2
1082 834 20
542 305 2
23 1456 30
325 54 2
780 453 2
1173 1214 0
411 1449 2
411 1053 2
295 1173 2
902 424 8
1075 1072 7
1124 80 8
961 514 1
297 111 6
1295 854 27
295 458 33
1547 627 8
434 21 8
988 112 8
747 1315 7
1081 595 53
1305 1127 8
922 598 30
499 401 2
922 651 41
1126 1608 46
1333 1335 5
183 458 2
424 1307 14
454 1401 41
1053 393 2
297 813 8
1283 610 2
813 372 1
558 445 0
1537 112 8
692 284 6
157 63 8
348 576 1
858 330 8
592 937 7
1299 607 2
167 1000 2
158 190 2
668 1494 1
195 189 20
1061 36 33
922 1073 2
784 81 5
418 893 30
181 1315 5
28 471 8
908 393 2
142 1128 2
148 369 3
1031 1405 2
323 1545 7
241 13 64
463 588 7
1451 1000 2
1354 670 2
787 993 7
558 36 33
900 259 2
548 889 2
360 606 35
880 1184 1
1140 201 12
98 368 7
1304 377 6
216 350 2
80 1197 7
159 298 5
191 546 2
973 920 1
889 1121 2
805 1292 30
297 1203 6
70 359 1
563 83 8
85 252 2
199 216 2
824 1430 5
1135 588 8
1436 219 2
190 648 2
588 179 8
997 371 7
1332 62 1
1525 514 2
1570 296 8
1215 347 7
983 29 2
913 1330 30
555 3 8
627 92 7
555 341 3
1328 697 2
855 889 2
395 667 27
1126 1307 14
157 327 1
538 265 8
999 102 8
500 667 27
869 258 2
485 627 6
1084 326 8
401 770 2
1315 355 7
1375 223 26
623 916 8
252 1309 27
594 1135 7
163 1305 8
161 1127 8
1055 891 7
40 1377 8
880 65 8
55 437 8
480 222 2
834 396 33
1540 90 8
102 83 6
707 1097 7
577 979 2
22 558 2
161 663 8
127 504 2
487 507 49
1313 384 3
361 320 2
1173 450 33
125 1388 7
458 942 2
458 546 2
454 452 2
1191 660 5
1082 159 20
348 158 2
386 1465 5
201 1066 5
878 829 2
912 889 2
1371 116 8
923 215 8
872 681 27
443 879 74
1106 1445 2
672 360 2
555 704 2
449 59 8
89 920 2
1291 533 5
238 80 8
789 466 2
555 1054 7
247 80 8
1357 853 12
1225 1183 48
1340 1161 7
1526 1070 5
1266 102 8
85 880 2
923 147 8
869 662 2
1178 1187 0
878 1053 2
325 595 33
1221 909 2
411 998 2
190 1568 2
627 1116 7
217 226 3
1562 98 33
759 719 8
252 373 6
1375 1578 5
133 1156 5
289 504 2
641 265 8
84 779 2
913 997 5
1006 21 8
782 1500 30
913 287 30
1161 1335 5
872 627 8
1179 565 7
618 1026 2
390 743 3
998 366 29
23 1480 2
315 531 30
1521 114 8
360 272 2
466 83 6
142 849 2
1302 1550 8
506 59 8
707 460 2
1526 726 8
102 1399 6
1299 552 2
510 54 8
32 223 2
693 834 2
693 1230 2
708 290 2
834 355 8
701 900 2
855 531 30
106 1354 2
208 1567 1
1031 662 2
454 1080 2
368 531 2
1374 68 2
419 866 36
922 622 2
478 891 8
449 1052 2
1284 453 34
340 674 7
1485 713 2
923 452 2
707 387 8
80 918 7
917 1190 33
565 122 2
1253 610 2
1292 176 45
32 838 8
570 437 8
662 798 2
1449 1479 2
654 1024 2
1117 1097 7
1098 1292 33
208 229 2
325 335 2
258 536 30
168 779 6
872 1036 2
774 66 2
552 743 3
665 21 8
913 983 30
671 1377 8
1075 189 27
1206 770 2
774 68 24
217 808 8
681 18 8
264 286 15
880 1389 8
317 92 8
603 986 53
563 776 5
1081 980 2
913 519 30
695 338 5
1562 62 2
514 1087 2
1310 21 8
49 499 2
390 1330 2
958 610 7
35 611 2
372 929 7
266 681 2
865 158 8
618 384 3
380 1333 2
1173 818 2
22 607 2
21 1389 7
544 893 30
1302 179 8
1055 80 7
1173 1110 2
367 879 2
350 453 2
139 159 2
290 424 8
1367 1405 2
1229 850 6
449 1342 7
590 1305 8
484 62 84
555 46 6
1272 437 8
1443 1187 0
228 409 2
643 1578 5
452 1428 75
686 891 8
1382 320 7
476 747 2
216 991 2
1210 43 6
565 1042 2
1535 325 20
1236 766 7
774 762 2
1359 160 33
997 720 7
348 694 39
217 1212 8
774 1054 2
633 1203 6
879 904 58
550 329 2
258 768 30
191 723 2
80 167 7
370 1230 20
334 888 23
1210 308 7
1126 212 44
1458 692 2
643 136 6
979 1026 2
1145 297 8
293 1462 7
1178 1132 0
889 383 2
1126 108 44
69 1075 2
1117 387 8
1338 114 2
938 1405 2
664 913 2
52 1395 7
32 1236 6
338 1292 30
856 603 2
447 453 34
1209 702 7
979 958 2
157 1395 7
614 270 1
535 611 85
618 1039 2
551 873 14
1416 844 2
941 83 6
35 114 1
1352 453 35
1075 148 2
131 372 67
731 317 7
634 424 8
1164 338 5
285 409 2
267 1161 7
800 412 5
285 800 8
347 368 31
115 998 1
944 347 2
1459 952 16
829 1045 33
533 160 30
829 649 33
609 611 2
1540 663 8
978 607 30
315 476 30
33 66 2
168 626 8
993 1070 5
323 45 5
1240 1578 5
241 1000 1
259 504 2
470 158 6
720 44 8
1340 52 5
840 1305 14
779 1399 6
808 311 2
891 1523 1
114 677 2
1252 1581 8
1421 1419 5
368 476 2
707 40 8
454 1025 2
206 979 2
85 891 7
138 348 7
125 507 49
442 1211 2
49 1225 0
588 1156 8
193 784 57
1304 1245 5
654 677 2
372 47 8
545 1033 2
592 138 50
1362 27 53
635 1140 1
1449 1424 2
653 329 2
1153 114 8
286 670 1
796 424 8
80 1133 2
300 681 27
205 382 7
165 920 1
614 99 66
87 424 2
981 287 7
265 1184 52
867 265 2
981 625 2
872 981 2
889 1011 2
233 265 8
357 624 30
723 1315 5
328 21 8
734 805 2
960 514 1
217 65 8
62 1002 2
872 913 2
317 37 8
626 1395 7
872 908 8
1550 891 8
531 374 2
241 1404 1
913 464 30
390 983 2
941 1399 6
829 51 7
1449 206 54
678 750 30
1119 1126 30
158 880 2
191 341 3
722 160 16
390 937 7
1129 937 1
1448 1455 30
1058 1388 7
52 685 8
713 1355 2
908 1578 5
833 23 7
127 667 27
401 614 7
1163 1388 7
1053 911 2
704 558 1
157 586 2
290 437 8
713 1251 2
841 31 2
592 1122 6
619 766 8
162 510 2
1173 367 2
368 1230 7
923 1197 2
124 369 1
258 492 2
437 1325 5
880 1321 41
233 404 7
253 167 8
569 857 2
993 546 35
1485 1354 2
883 926 15
565 763 2
32 1583 8
922 903 2
191 1335 5
698 119 8
468 334 2
1180 80 8
1036 1555 2
672 1291 7
921 159 2
908 136 6
240 460 2
596 415 44
1520 32 8
1443 1132 0
1171 116 8
836 326 8
340 1247 7
654 576 1
1382 265 7
800 701 2
819 139 3
558 950 33
688 158 2
1140 1161 7
347 1321 8
1333 1217 8
301 201 77
1136 1108 8
223 258 2
442 168 2
57 603 6
551 500 2
551 104 2
80 112 7
9 114 8
1173 81 10
744 528 1
1106 579 2
253 1431 5
284 1354 2
613 908 6
289 667 27
416 70 2
1325 1388 7
641 428 33
797 21 8
671 50 14
451 1371 30
1221 65 7
769 507 8
555 917 8
297 1298 7
48 909 1
466 1415 5
1173 293 0
98 861 30
759 213 8
1081 1553 2
190 743 3
437 855 3
1216 114 8
926 910 1
806 23 30
834 1337 2
572 611 35
933 1246 37
759 150 2
1330 766 8
390 341 3
486 1292 33
1404 1110 2
437 519 30
237 681 1
747 435 8
873 50 14
263 1404 2
738 21 8
126 504 2
626 685 8
1061 2 2
980 1126 30
784 860 77
1156 1315 7
201 1068 5
998 1335 5
1179 32 8
124 1388 7
1061 890 33
568 623 6
1164 1381 7
565 1391 2
1129 186 1
1448 704 30
941 1418 8
1 627 6
453 452 2
361 442 2
951 59 8
390 1335 5
286 939 15
819 789 8
1166 424 8
346 1377 8
922 220 2
171 114 8
799 1161 7
498 265 8
681 1418 7
276 114 8
36 80 8
907 795 2
457 320 2
563 568 7
316 865 6
925 458 33
551 1196 2
852 607 30
550 610 2
453 676 2
20 330 8
369 451 30
894 1052 2
151 866 36
238 265 7
911 627 8
178 1377 6
891 1395 7
1136 75 3
258 1341 30
563 937 8
1230 56 33
551 1128 2
323 957 8
552 341 3
654 158 2
545 514 2
98 794 44
627 1342 7
390 704 2
1338 390 8
343 80 8
229 794 71
633 1 6
181 1388 7
730 1106 2
606 1173 1
1079 819 7
30 804 2
313 46 8
70 167 2
118 1206 36
485 1377 6
999 1629 77
53 191 2
403 1377 8
499 572 2
1184 1449 2
897 1315 5
1184 1053 2
552 1335 5
195 42 8
1230 678 55
623 63 8
45 453 2
774 269 20
607 318 2
137 21 7
1547 626 8
1053 856 2
1207 21 8
33 1035 2
468 1274 12
983 1500 30
1287 160 33
603 516 2
360 848 7
988 939 15
1394 185 27
32 53 2
1119 607 30
1500 463 2
941 47 8
588 1406 2
20 297 7
31 1006 44
372 355 7
35 32 8
1039 504 2
931 766 7
682 80 7
1561 743 5
142 903 2
563 1242 2
449 882 2
140 32 8
13 1199 7
913 488 2
240 108 8
506 1325 5
913 838 7
551 1486 7
1350 468 1
311 1564 12
323 1612 7
193 1357 57
569 1125 8
791 390 2
1161 1217 8
1333 433 7
464 531 2
714 191 14
900 722 2
667 848 7
592 315 50
774 256 2
346 626 8
98 877 2
1221 1389 7
1451 707 2
688 694 39
62 139 5
1297 1100 1
1454 453 2
70 530 1
216 417 2
305 973 2
1439 893 2
603 1152 26
531 723 2
78 1033 2
190 423 2
1315 391 52
977 1554 2
528 1404 2
611 904 58
1215 518 7
995 743 3
409 625 2
434 424 8
305 905 2
867 770 2
74 889 2
514 625 2
624 1003 1
805 1291 30
1056 627 6
297 1243 7
722 854 27
165 551 2
629 1305 8
303 326 8
252 792 27
869 33 2
514 917 2
861 552 2
228 160 30
1570 341 3
270 551 2
437 462 8
875 1227 8
834 903 6
562 1000 5
45 1081 2
325 1458 20
1214 435 8
1537 119 8
951 1342 7
626 239 2
764 776 5
80 1070 5
145 1449 2
145 1053 2
1302 743 3
535 624 30
261 1371 33
157 1550 8
514 1578 3
815 610 2
127 675 2
1502 62 2
191 911 31
471 325 2
122 409 2
800 1446 2
1570 1335 5
696 1388 7
47 766 8
601 29 7
829 1577 8
1313 1325 5
449 1510 2
889 513 26
581 1333 2
223 607 2
681 1409 2
1338 681 27
1443 925 10
1236 1388 7
1535 551 20
551 849 2
1004 633 1
494 594 10
1354 742 23
230 390 33
611 304 10
83 1315 7
875 1658 7
797 766 8
681 945 2
510 533 5
1404 81 10
191 1345 2
362 610 30
1228 1605 1
750 1418 7
813 52 8
555 433 7
116 428 55
369 36 30
1031 424 8
1162 1315 5
869 437 2
1016 610 75
979 1252 2
70 1549 7
1098 702 12
307 311 2
1424 1496 53
1253 80 8
424 417 2
1132 330 8
880 249 2
409 857 2
1340 1305 8
1460 114 39
297 314 2
1351 453 35
1297 349 1
1004 1291 30
297 210 2
151 499 2
824 891 6
1337 437 8
1540 957 8
1081 127 2
852 626 8
111 489 15
391 1221 2
1127 654 5
503 611 2
270 1075 2
493 1388 6
616 623 2
1301 766 7
108 1059 5
253 1395 7
539 1292 30
871 54 8
636 102 8
751 1439 14
839 919 2
607 263 2
1448 1345 30
1458 1588 41
1518 435 8
689 1033 2
22 1357 2
707 235 2
1 908 6
588 1455 2
454 877 7
1155 1581 8
895 1388 7
470 1451 2
458 1345 2
674 893 33
1056 182 8
415 109 5
472 21 8
1154 891 8
70 1562 1
1053 728 8
1429 1315 5
449 1223 2
712 32 8
1402 961 35
1354 494 2
77 1315 5
829 379 70
913 387 7
518 881 5
614 881 5
311 1509 12
1454 70 2
848 643 5
912 80 8
1003 1404 2
1000 1274 12
1452 1000 2
1252 32 8
1000 9 7
779 958 3
804 716 8
383 21 20
867 491 2
614 1209 5
995 519 33
995 915 33
1454 398 2
216 65 8
658 766 8
1239 424 8
1239 28 8
893 1267 14
1315 44 52
922 722 30
216 362 2
872 1161 7
880 877 2
661 908 8
1444 1554 2
98 20 7
806 1292 30
499 537 12
834 228 6
69 618 2
1098 1291 33
369 1166 1
555 119 8
750 609 2
922 1376 15
1228 849 7
1219 80 8
750 1396 8
1546 627 8
841 325 2
252 1133 27
402 1310 8
720 138 1
126 667 27
1081 1047 2
594 901 2
594 505 2
980 326 8
52 119 8
1525 458 2
192 1161 8
272 1362 2
813 428 1
29 1298 7
43 114 7
369 1035 2
437 513 30
1109 1554 66
157 416 2
592 1389 7
1391 627 7
1083 481 9
500 114 2
145 998 2
1262 888 2
713 366 33
1062 766 8
190 1335 5
582 623 2
273 70 2
1173 554 23
941 958 3
253 685 8
261 360 2
1459 31 16
1350 713 1
449 1163 2
415 341 5
128 504 2
1037 102 8
1382 491 7
1122 623 2
442 66 2
901 1305 7
923 39 8
454 167 8
285 1315 5
325 1156 7
610 1415 5
766 438 6
900 1295 2
1000 579 2
98 716 7
1333 1298 7
1421 739 67
1122 159 2
329 1070 2
476 915 30
82 854 2
70 806 7
991 627 12
657 458 33
1210 479 7
543 1402 2
311 350 2
720 938 1
652 1396 7
139 191 30
639 988 2
623 1395 7
221 98 8
530 552 2
163 1388 7
487 1315 5
1080 707 2
1328 753 2
724 514 1
1445 888 23
862 1310 59
409 1198 2
971 667 2
1131 652 55
424 357 8
641 1496 69
466 1245 5
172 514 2
603 1493 2
1002 160 14
277 514 2
277 118 2
838 1161 7
1537 1156 8
1305 63 7
879 1439 14
1371 412 5
638 1377 8
35 618 2
737 21 8
1527 52 8
1313 462 8
747 265 8
255 854 27
31 974 2
470 1 6
902 1129 5
23 1200 2
28 1578 7
993 75 3
759 663 8
1312 114 8
1540 438 8
30 626 2
1397 297 7
205 795 77
486 62 2
647 983 30
1496 189 38
322 1377 6
1039 667 27
629 1315 5
227 491 1
1081 291 8
1041 829 2
27 569 38
32 730 8
470 604 2
1466 964 1
320 735 6
501 102 8
699 437 8
458 848 7
468 753 23
551 1026 2
672 1126 7
907 1313 2
563 1127 8
894 882 2
643 1399 6
334 1371 33
1402 546 35
592 309 50
234 42 8
1328 1111 7
736 920 1
111 114 8
80 570 7
862 1381 7
624 377 1
569 259 8
1380 454 20
369 609 30
31 205 14
1019 891 8
922 375 30
987 1045 2
347 796 8
1211 1375 27
417 854 27
35 1377 1
978 1081 2
46 320 6
779 101 8
1499 499 10
1216 891 7
1204 1181 7
1338 908 8
842 681 1
565 68 24
1438 588 8
759 1364 2
347 1194 30
1314 993 2
1084 952 33
603 122 2
159 228 6
731 720 7
864 1305 8
737 258 2
265 990 7
1394 479 27
1394 83 27
499 793 8
277 31 33
499 1090 2
932 1210 6
820 159 1
166 325 2
29 1243 7
1000 484 9
599 1161 8
369 980 2
1129 1004 1
271 325 2
796 297 6
707 516 2
1110 1129 5
162 681 2
1302 341 3
927 1421 1
1112 265 15
1394 411 27
36 611 2
252 218 27
1443 683 0
380 1053 2
514 384 3
629 784 19
486 702 12
1391 514 2
804 1138 2
829 487 8
139 1581 8
666 146 5
599 347 33
999 372 77
244 1581 8
273 114 8
1133 1421 7
531 911 31
491 90 8
1039 626 2
779 95 6
865 1314 5
298 1305 6
1030 662 2
468 401 2
102 455 2
415 974 5
463 531 2
1377 116 7
1491 80 7
583 32 8
1302 1335 5
1283 453 34
1305 1122 6
1304 45 5
213 1315 7
545 1436 2
565 762 2
552 1217 8
217 541 2
185 894 27
1106 818 2
880 1576 7
329 327 2
883 80 7
994 1044 12
1357 214 2
1001 62 2
217 932 8
1481 50 70
205 1181 7
326 1322 13
458 97 7
920 772 19
582 893 30
907 265 8
442 235 2
632 913 1
685 114 8
1336 98 7
328 424 8
1315 221 52
1227 891 8
614 75 5
761 1161 8
190 545 2
295 491 2
409 455 2
921 551 30
894 423 2
510 833 7
1221 277 8
1259 1328 2
12 21 20
759 92 8
159 856 6
514 747 2
506 1207 8
603 1042 2
1183 32 7
514 1097 7
329 606 35
993 88 3
922 541 82
988 1139 30
1405 26 2
618 399 2
35 563 2
1436 1127 8
269 325 2
1224 1371 30
601 323 7
435 412 5
1552 139 3
1303 834 7
590 1388 7
1173 1562 2
512 59 7
1404 554 23
361 681 2
1265 297 6
1449 1152 26
852 52 8
471 551 2
167 21 8
491 327 2
499 42 8
804 223 26
507 296 59
261 933 2
486 1291 33
484 118 84
329 685 7
223 437 2
922 391 2
1119 1567 1
555 1169 2
1567 1351 2
320 284 6
1228 1503 1
362 834 8
569 1583 8
1242 360 2
442 1035 2
1392 1500 30
457 491 2
1052 32 8
551 1367 2
853 660 5
1230 1338 2
569 272 8
1106 1446 2
369 622 30
894 1223 2
889 1004 27
570 102 8
317 1199 7
894 1515 2
1340 766 7
555 1393 2
491 606 35
551 903 2
995 117 33
349 453 34
763 369 2
1497 1227 5
119 692 55
614 307 5
437 1384 8
1570 1217 8
1337 627 8
404 1451 2
279 623 27
83 891 8
390 433 7
390 37 7
534 888 23
267 913 27
779 384 3
504 1131 2
495 433 7
1211 21 7
925 720 15
252 1062 6
1354 1397 0
1056 1377 6
730 1173 2
252 335 27
402 116 8
1281 779 6
763 588 8
360 1246 37
1541 1305 8
32 292 2
1314 998 29
419 834 8
1421 39 8
46 489 6
831 1371 2
738 424 8
137 134 2
1173 1439 33
590 751 2
157 743 3
340 789 2
209 453 35
514 387 8
36 160 2
128 667 27
255 70 2
998 135 5
583 1315 7
337 1075 27
911 1161 7
951 462 8
161 273 8
1292 600 44
1129 485 1
229 368 2
1304 1661 5
624 1204 30
805 908 8
28 813 8
670 879 2
675 803 2
97 908 6
460 1126 2
773 667 27
314 623 2
560 369 1
463 476 2
1357 823 33
499 445 0
1461 1190 2
552 433 7
569 1296 8
790 330 8
627 1043 5
917 626 8
568 21 8
900 497 2
667 961 2
290 1129 5
347 1437 8
627 1335 5
98 355 8
1333 937 8
698 63 8
563 75 3
191 492 2
1297 1271 1
325 628 2
750 903 2
720 99 0
395 681 27
500 681 27
862 855 48
1000 401 2
647 256 2
765 390 8
300 360 2
736 551 2
1200 1305 8
432 21 8
1303 555 7
1105 1567 4
531 722 2
720 364 1
894 3 8
1545 424 8
894 341 3
829 1133 2
1394 1052 27
1385 738 22
160 947 44
594 685 7
1295 759 2
647 183 8
270 618 2
1388 1544 2
1174 1405 2
1448 200 30
1458 390 30
1238 1291 16
369 1553 2
98 513 30
601 268 7
618 298 7
570 1161 7
928 23 7
913 143 5
148 574 2
626 743 3
634 21 8
359 1106 2
258 840 2
1322 347 14
1161 1396 8
647 873 30
102 321 6
594 1346 8
1052 1315 7
912 611 2
894 1335 5
531 1047 30
903 647 2
458 492 2
1029 1405 2
449 78 2
652 273 6
1567 224 12
463 766 7
692 249 8
13 728 8
348 104 2
240 1199 8
122 804 2
1474 1357 2
546 713 1
819 149 8
442 980 2
216 1342 7
70 1001 1
1442 1173 1
454 685 8
1081 533 5
217 1510 2
662 116 2
933 960 35
667 377 8
551 556 2
80 168 7
281 1053 27
971 920 1
258 1457 30
1100 1173 2
555 1338 2
555 942 2
878 707 2
1443 579 2
70 1324 7
211 891 8
557 1448 50
1554 1101 12
1210 997 7
1173 1105 0
869 504 2
1570 433 7
39 627 6
409 1424 2
647 488 2
519 240 2
1200 330 8
579 453 35
395 1036 2
506 1384 8
500 1036 2
750 147 8
724 981 12
1183 605 7
382 298 7
58 627 2
702 733 62
191 1341 30
1490 386 1
507 249 59
147 922 2
623 179 8
401 424 8
159 533 2
195 148 20
533 453 30
923 174 2
323 338 5
930 114 38
577 1449 2
1388 59 7
718 229 33
1129 138 1
702 1544 7
479 1581 8
372 116 8
1164 63 8
317 1070 5
1566 1408 57
1443 109 0
563 1358 2
438 1590 7
340 224 7
1391 435 8
392 720 15
551 1252 2
449 1389 8
348 1024 2
216 309 2
623 429 20
900 150 2
206 1496 53
988 255 42
817 495 8
894 1062 7
1161 937 8
1221 1213 7
880 1116 2
667 568 7
80 796 7
98 259 7
205 424 8
218 1305 8
873 1230 7
519 499 1
460 607 2
216 241 2
1337 913 2
563 1577 8
405 40 1
993 686 7
406 518 7
836 70 31
981 976 7
1552 1097 7
766 292 2
325 172 8
1247 265 8
66 647 2
1077 504 2
880 944 2
880 1340 2
398 722 2
1448 1483 29
628 804 2
54 495 7
1304 929 7
1405 189 27
159 850 6
1314 888 23
919 1371 30
495 1298 7
626 423 2
1230 63 8
372 88 1
1174 662 2
829 1078 2
1539 908 8
1186 326 7
270 563 2
861 320 19
377 229 33
727 329 2
939 623 6
618 289 2
263 1173 2
31 471 7
360 1138 2
161 158 8
1540 273 8
355 323 2
829 568 7
1230 719 15
1221 743 5
574 1470 2
1541 1315 5
1152 1377 8
1029 662 2
366 531 2
779 321 6
1415 920 9
1573 1576 1
1177 627 8
424 1502 0
698 808 8
1402 75 3
913 836 2
675 1376 2
435 1004 7
610 152 30
460 627 12
1463 891 7
240 357 2
45 1126 30
1382 662 7
555 284 6
258 782 30
1251 610 2
981 902 5
1181 1415 5
546 320 6
229 873 2
244 32 8
790 862 7
98 199 7
1132 1388 7
1252 435 8
1025 495 8
1317 623 27
270 424 30
183 1449 2
435 1457 59
218 330 8
305 1029 2
618 1548 5
541 311 2
910 102 8
652 46 6
437 591 2
629 1388 7
692 22 8
311 521 2
551 59 7
305 1321 2
684 347 14
1207 800 7
981 1121 11
875 1310 7
85 766 8
1317 555 27
579 70 35
1525 1033 2
720 1005 1
411 889 2
195 1482 8
502 1362 2
759 219 2
976 1554 2
1404 1575 2
836 804 2
1264 866 36
1404 1191 12
1085 1543 13
1114 998 29
646 80 8
1552 387 8
849 1190 2
1515 1375 27
500 981 2
841 1416 2
1302 1217 8
938 191 16
941 321 6
1436 957 8
160 1124 44
158 1405 2
167 216 2
865 1128 8
618 917 2
1084 31 33
657 720 15
829 595 33
176 508 2
913 1153 6
533 398 30
830 675 2
941 1419 8
236 920 74
596 98 8
657 594 10
232 627 2
350 160 16
256 834 8
1129 83 1
891 735 6
922 221 2
596 390 8
361 834 8
834 980 3
575 325 2
1188 23 50
563 178 1
97 506 6
652 846 6
360 90 8
552 77 2
368 21 8
1354 214 2
923 384 3
325 1122 6
147 470 45
652 1138 6
442 1553 2
85 1129 7
437 1287 2
428 477 2
89 751 2
545 979 2
226 894 2
662 689 2
510 881 5
900 90 8
1338 360 2
647 1525 2
323 917 7
614 441 66
118 546 35
382 1236 52
1253 32 8
369 676 30
854 1418 7
1555 834 2
900 22 8
650 160 33
1135 28 8
754 90 1
424 1156 8
229 399 71
330 833 8
768 1161 7
865 1491 7
880 1384 8
534 1126 33
518 1199 7
372 1325 5
1136 1070 5
1409 920 2
1177 626 27
550 453 34
867 435 2
731 891 7
1415 1496 12
1081 475 2
454 284 16
179 891 8
285 1374 8
247 323 11
814 833 7
1172 1298 7
1256 774 83
267 424 7
502 611 2
69 265 8
834 947 2
1053 857 2
581 1375 27
626 3 8
1259 862 2
626 341 3
22 102 2
1500 464 2
1307 390 8
923 1097 7
1402 88 3
31 1007 44
1402 1307 13
239 1333 2
914 1075 2
347 1340 2
1250 1581 8
112 1230 2
611 976 30
1372 1570 7
925 491 2
551 1487 7
999 1388 7
216 153 1
1354 446 2
1044 716 8
323 1613 7
1314 1554 0
265 484 9
569 730 8
47 1225 0
417 1033 27
626 1335 5
1315 168 52
1328 389 36
375 437 30
819 39 8
98 144 7
203 428 2
1190 622 35
1423 1567 1
370 829 20
652 95 6
681 214 2
555 540 2
993 909 2
1405 101 26
979 625 2
70 526 7
1482 102 8
369 138 31
1210 199 7
187 574 2
279 1081 27
979 917 2
1106 537 12
76 59 8
390 850 6
648 114 8
638 1375 27
1497 1062 5
109 32 8
1081 1125 7
706 311 35
762 766 8
102 451 30
538 437 8
32 1127 6
30 1375 27
218 1315 5
653 453 34
647 769 8
98 85 45
1302 433 7
551 368 14
148 489 6
1394 882 27
494 1173 2
599 1173 2
528 21 8
720 1611 2
739 216 2
594 1541 2
494 458 33
1164 1395 7
455 265 6
627 1217 8
531 1341 30
1240 293 66
28 1298 7
599 458 33
1537 808 8
1461 258 30
601 390 7
1374 1283 2
1540 158 8
707 1211 2
337 995 1
115 133 1
1383 1377 8
750 1282 30
1136 1381 7
565 1337 2
268 139 3
1495 569 2
1350 1061 1
1480 893 33
713 149 8
455 489 6
1448 546 30
891 284 6
98 1236 7
1518 32 8
1358 854 27
99 1462 7
673 979 2
1345 1371 2
489 112 8
1561 990 37
1458 987 2
950 369 5
450 480 2
1357 366 33
800 63 8
569 47 8
81 643 1
834 1335 5
627 1153 52
139 607 30
1120 32 8
310 80 7
865 338 5
563 487 8
457 480 65
524 458 2
1077 667 27
311 756 7
869 1126 2
654 104 2
623 1393 2
981 516 2
1439 607 2
112 114 8
954 1236 52
823 60 71
330 90 8
1075 1131 2
519 70 2
977 476 2
1533 1100 1
402 355 8
144 654 5
894 1217 8
347 948 15
390 942 2
390 546 2
1004 1292 30
454 794 41
759 787 8
252 837 6
836 981 2
512 576 2
1448 977 29
779 1325 5
852 627 8
1507 888 57
1057 17 57
35 1362 2
382 1212 7
834 600 2
623 743 3
1172 1243 7
569 1417 27
42 607 7
261 1404 2
927 453 1
179 80 8
450 865 6
1129 724 1
978 1126 30
1236 1315 5
113 52 1
373 1581 8
350 854 27
891 1335 5
772 1328 77
603 66 2
489 417 2
829 212 2
1497 226 1
1004 1388 6
360 1127 8
926 1 1
720 167 8
1554 925 10
476 359 2
29 936 8
594 97 8
1221 341 5
1193 624 50
1164 685 8
603 68 24
922 794 2
1152 480 2
1053 1125 8
558 1264 2
675 974 2
546 1567 1
558 1160 2
423 834 2
1025 62 2
816 891 8
552 650 2
1483 468 2
607 485 30
479 32 8
76 1342 7
1337 1161 7
900 272 2
1240 341 1
1228 235 1
865 1403 6
347 1212 8
766 936 7
997 160 7
423 662 2
614 1014 66
1443 1329 2
534 1371 33
864 1388 7
325 357 7
442 54 8
537 879 74
70 809 2
981 1098 7
182 199 2
81 329 2
1210 144 7
191 199 2
438 311 2
190 661 2
1554 1124 33
1333 936 8
846 627 6
499 1226 12
921 667 30
1449 168 2
737 1362 2
102 396 30
862 787 8
262 35 2
603 762 2
895 1315 5
1416 284 2
563 513 26
252 1030 27
1465 1507 5
255 1333 2
1533 349 1
605 183 2
883 784 14
52 808 8
926 1093 1
627 37 7
1061 837 23
747 326 8
28 1243 7
945 265 8
829 485 33
483 80 8
923 1320 2
22 675 2
489 1395 7
468 537 12
637 754 5
1176 627 8
487 52 8
1448 199 30
370 297 2
122 647 2
244 326 8
929 766 7
1495 514 2
338 1161 7
127 908 8
565 1236 7
1146 102 7
900 1364 2
1243 770 2
774 898 2
1075 309 30
1120 1315 7
1377 172 7
681 1355 2
1391 1581 8
102 803 2
1374 1452 2
551 399 2
156 720 15
1442 552 1
301 32 77
1210 111 6
268 1578 5
852 102 30
187 160 16
1106 1562 2
1304 1122 6
1020 297 8
23 830 30
22 1292 30
988 1162 2
424 723 2
744 359 1
429 647 2
1098 1428 2
541 829 2
979 1198 2
371 293 0
555 1108 8
262 690 1
928 50 41
1156 512 5
894 479 2
1079 382 7
869 675 2
1570 249 8
141 236 9
623 1338 2
1187 133 1
894 433 7
1416 1376 2
347 65 8
1075 1076 2
1081 638 27
880 91 2
419 330 8
1297 295 1
618 1211 2
736 908 7
450 750 30
869 607 2
592 46 6
1461 607 30
795 1227 52
867 424 8
739 893 2
454 379 41
267 565 27
1081 365 2
244 252 6
932 875 6
1053 455 2
297 83 8
1037 804 2
1054 834 2
1054 1230 2
1540 1127 8
945 1581 8
1119 102 30
348 971 2
753 720 15
1408 484 9
588 1396 8
1174 33 2
1466 965 1
594 42 8
623 272 20
512 1237 36
1567 1407 2
667 119 7
1114 1554 0
209 325 1
1478 1404 2
1137 766 7
701 913 2
114 1141 2
563 1133 2
449 773 2
696 588 8
1039 390 8
707 108 8
551 1423 2
325 1389 7
369 678 30
569 625 2
1232 891 48
33 68 24
1479 216 2
457 834 8
1253 326 8
855 476 30
569 958 3
558 745 2
882 854 27
657 491 2
865 1389 7
98 34 7
759 1141 2
1297 699 1
736 875 6
1304 43 6
360 960 35
555 138 2
1209 1570 7
80 1259 7
80 863 7
867 437 2
779 462 8
995 861 33
889 1183 2
317 277 8
233 437 8
102 47 8
981 693 2
1329 1305 8
913 704 30
534 360 2
1541 1388 7
714 784 16
880 719 2
865 1217 7
555 65 8
499 775 12
82 495 8
618 1397 7
514 516 2
531 546 2
62 1070 2
774 856 20
1554 113 2
157 430 2
265 991 7
544 390 30
1193 32 8
607 1197 2
270 442 2
611 877 2
393 662 2
494 766 8
952 1131 7
499 1086 8
1129 1005 1
582 1033 2
1396 1388 7
720 808 8
263 552 2
514 47 8
142 1198 2
271 618 2
784 443 5
563 1491 7
360 1309 2
363 920 2
933 63 7
1210 1102 5
582 569 2
909 981 2
485 891 8
23 450 2
365 21 8
866 568 15
220 1044 53
1479 1496 53
808 611 2
677 1375 27
1193 258 30
98 438 7
114 166 2
1229 863 6
143 297 8
1122 627 7
909 913 2
223 102 2
1382 437 7
468 793 8
1462 242 1
334 1404 2
1045 114 8
1239 675 2
552 443 12
1474 681 2
1232 889 2
588 249 8
1304 338 5
623 284 6
1328 1344 37
229 1321 71
1000 537 12
409 1417 27
412 229 1
1258 98 8
322 1230 2
1200 1388 7
476 861 30
681 1227 8
108 1581 8
70 653 1
555 1058 2
429 988 2
1209 491 7
432 437 8
889 104 2
972 920 1
846 908 6
318 1581 8
1314 1371 33
1077 470 1
880 140 2
421 458 2
875 1418 8
1541 751 2
1304 1332 7
1304 936 7
1075 625 2
526 854 2
303 454 2
1562 160 33
1322 80 8
527 21 8
729 1405 2
463 50 71
1540 848 8
45 854 27
1394 1004 27
626 1217 8
382 18 7
1460 258 30
150 854 27
267 114 27
191 1457 30
1544 424 8
569 619 27
48 694 39
1177 1161 7
739 437 8
470 722 2
618 646 7
1448 840 30
730 770 2
102 377 6
468 1098 2
835 770 2
823 326 7
337 779 6
1538 102 8
1130 998 1
869 428 19
479 514 2
238 551 2
829 97 8
458 840 2
617 453 35
1567 1352 2
1479 229 2
223 1126 2
1036 648 2
142 46 8
829 75 3
216 1340 2
102 1376 2
368 588 8
563 1078 2
21 296 8
1044 259 8
1225 186 1
546 1061 1
1225 1545 48
1496 1525 40
301 605 77
569 273 8
661 681 27
648 1333 2
915 1581 8
52 646 5
369 915 30
894 1120 2
605 412 5
565 75 8
1000 1445 2
1340 1059 7
1136 97 8
140 908 5
981 930 53
1439 437 2
1119 80 7
211 32 8
111 347 14
1436 1491 7
404 1452 2
528 552 2
779 47 8
181 1164 7
727 1428 2
1211 360 2
759 914 2
504 1424 2
45 297 2
62 327 2
292 409 2
620 98 2
618 1342 7
841 216 2
706 875 6
759 199 33
620 390 2
1305 929 7
1171 1243 7
252 628 27
272 565 2
1527 626 8
1047 1375 27
829 798 2
854 147 8
382 1334 7
889 1337 20
944 988 2
862 213 8
894 776 5
1056 774 2
1496 763 38
813 611 1
466 377 6
770 1415 5
380 603 2
340 1140 7
449 1122 2
1180 265 8
368 893 2
140 569 2
271 563 2
505 28 8
145 889 2
1380 1075 2
360 957 8
1545 21 8
720 393 8
255 759 2
1025 952 33
27 588 8
582 514 2
62 606 35
720 685 8
1304 1662 5
450 1315 6
852 1371 30
449 1054 2
238 1075 2
883 258 31
849 607 30
218 1388 7
371 116 8
311 1287 1
1354 617 2
583 1581 8
1036 1568 2
1138 588 48
70 374 1
981 622 5
558 671 33
606 624 30
900 498 2
1106 1160 2
642 1567 1
195 937 7
880 1418 7
507 1574 2
551 221 2
1025 507 8
1474 558 2
25 1289 36
322 1129 7
85 491 2
546 305 7
1553 114 2
406 1554 7
534 933 2
734 1446 2
921 893 30
926 658 0
642 229 2
409 693 2
86 766 8
684 1554 0
395 409 2
518 728 8
303 102 8
514 693 2
177 32 8
1177 114 27
391 369 2
626 433 7
1075 210 2
1383 1225 2
1305 292 2
1099 21 8
1176 489 1
707 1450 2
865 119 7
1050 419 1
115 372 1
828 390 2
507 18 59
1204 21 8
1119 1371 30
605 701 2
1350 1404 1
573 913 1
258 805 2
290 390 8
601 607 2
1552 39 8
890 926 15
33 128 2
784 1016 5
240 877 2
1233 834 1
913 1310 7
424 911 31
909 779 6
391 588 8
56 216 30
870 412 5
610 836 3
253 808 8
301 326 77
829 88 3
766 296 5
29 83 8
1481 60 2
688 971 2
341 1075 2
1567 225 12
698 1156 8
563 335 2
913 206 54
23 1124 30
223 675 2
1375 116 7
899 404 7
317 1213 7
1553 1375 27
563 726 8
744 653 1
1371 63 8
1104 89 1
552 1016 12
551 917 2
211 1315 7
1317 1075 27
1546 1181 7
744 945 1
1449 986 53
894 773 2
1371 355 8
681 366 33
1436 338 5
933 961 35
1456 480 2
1000 1098 2
141 822 9
578 114 8
343 265 8
80 461 7
1136 88 3
1554 1090 2
1120 891 8
635 1098 1
805 160 30
1114 347 33
974 1000 2
265 850 52
190 1515 2
872 647 2
889 677 2
534 1561 2
347 291 8
1014 102 8
1533 1271 1
279 569 27
1333 83 8
205 21 8
618 1041 2
627 1396 8
292 458 2
183 80 7
88 662 2
189 766 8
297 778 2
424 1267 14
1550 265 8
1188 80 7
796 70 25
294 766 8
616 759 2
111 265 15
842 468 1
913 1236 5
1061 419 2
377 713 2
870 41 9
552 718 10
222 70 1
1230 399 55
972 551 2
507 250 59
503 1075 2
252 177 27
128 681 27
311 1194 30
239 829 2
702 1613 7
854 92 8
117 713 1
877 1292 30
142 796 2
45 70 2
498 390 8
369 475 2
1026 854 27
373 1315 7
1526 277 8
495 936 8
192 311 30
1299 499 2
1284 31 33
127 1371 2
950 29 2
1101 660 5
506 298 8
21 1338 2
1383 428 7
893 911 31
1181 40 8
542 920 1
1479 114 2
505 265 8
819 1097 7
141 1226 9
1421 1317 5
667 975 2
851 1126 30
217 500 2
552 425 2
314 569 2
1176 102 8
770 63 7
804 857 2
1251 1581 8
795 88 3
1144 908 8
780 1000 1
552 717 2
1104 1009 1
1104 1446 2
654 971 2
674 297 2
592 36 50
499 683 0
438 258 2
330 957 8
189 1129 7
673 102 8
592 724 50
1561 1062 7
71 1328 2
641 908 8
770 287 7
177 1315 7
1061 345 0
191 730 2
398 1479 2
995 983 33
531 840 2
437 355 8
981 1211 2
996 766 8
1362 765 19
611 775 2
390 1345 2
504 1309 2
507 1342 59
54 1230 2
977 1567 2
27 348 41
1209 21 7
318 1328 80
489 613 6
652 855 3
466 1122 6
879 983 14
536 1292 30
514 254 12
1416 455 2
829 1079 2
623 808 8
1084 114 8
1539 1305 8
611 999 2
713 1253 2
834 957 7
35 454 2
401 908 7
147 240 2
43 182 7
607 1355 2
1323 191 14
157 484 2
1448 438 30
1054 80 8
145 774 2
834 189 27
707 639 2
134 1307 13
1520 102 8
388 891 8
425 866 36
1391 1033 2
128 1036 2
1302 22 8
800 433 7
992 1289 36
780 1404 1
119 297 6
1480 1328 2
909 1161 7
565 661 2
229 942 2
229 546 2
3 908 7
819 163 8
836 398 30
217 836 2
588 881 3
669 1181 7
1466 508 1
462 770 2
265 173 30
195 412 5
592 119 8
142 40 8
913 1525 2
1140 458 33
681 1125 8
692 533 3
840 160 14
917 454 33
1567 858 12
981 1236 6
1451 1416 2
878 325 2
692 487 8
546 654 7
819 387 8
9 80 8
889 2 2
383 454 41
894 322 2
1458 265 7
281 603 27
862 1550 59
647 898 2
409 1042 2
297 1327 6
344 297 8
555 492 2
744 530 1
1443 129 2
1019 435 8
643 83 6
1518 1567 1
368 692 71
77 1448 2
147 50 41
1443 25 2
1292 823 31
202 774 2
498 681 27
1533 528 1
1230 1156 8
446 611 35
913 1454 30
871 1550 8
279 514 27
267 804 27
759 116 2
750 139 3
655 891 8
1438 424 8
601 514 7
213 32 8
626 1052 2
1183 551 7
176 531 7
1176 1161 7
731 160 7
1295 1333 2
382 244 7
47 891 8
1081 140 2
605 936 7
239 1375 27
32 183 2
311 1139 30
360 1417 27
1394 269 2
1507 1091 2
118 686 7
369 420 2
454 1040 2
357 1106 2
1526 222 8
454 1332 2
471 1362 2
586 894 2
866 111 15
449 256 2
217 1418 7
737 23 30
575 618 2
551 1198 2
80 373 6
915 1416 2
752 382 5
1082 348 41
692 719 8
314 514 2
1428 845 5
889 1026 2
1299 320 19
146 973 9
1436 1389 7
679 265 8
720 939 15
1561 1111 7
55 1388 7
1126 92 7
993 282 2
1192 1315 7
80 638 7
634 297 6
889 958 2
1443 1445 2
1210 1571 7
1084 1443 2
611 278 58
1540 937 7
293 330 7
1178 0 0
201 484 74
1044 35 40
1075 1479 2
1058 1449 2
1160 1225 0
267 1036 27
1570 75 3
1081 836 2
616 1436 2
338 160 30
871 471 8
512 982 7
74 555 2
271 565 2
784 1558 77
736 437 8
48 165 2
1061 992 2
1394 255 27
1009 311 35
517 32 8
420 98 8
841 437 8
1402 1381 7
603 878 2
1173 732 7
1061 1284 2
1210 129 8
255 1053 2
390 1217 8
399 28 8
161 172 8
443 1490 5
35 102 8
1174 900 2
1174 504 2
604 1554 2
495 1217 8
1291 272 7
380 829 2
1489 508 1
707 980 2
28 1004 8
928 252 2
586 834 2
1056 891 8
841 265 8
489 1156 8
259 1371 2
565 314 2
851 1371 30
191 536 30
829 852 2
22 390 8
1082 1044 41
112 893 7
581 707 2
819 108 8
298 1081 6
28 936 8
1025 118 2
140 326 8
891 958 48
278 893 14
1171 355 8
536 1567 1
552 602 2
555 609 2
216 883 2
383 834 20
1486 265 8
692 140 8
305 1002 1
325 877 7
552 1389 8
569 1419 8
819 40 8
442 475 2
233 908 8
778 1436 2
1449 584 53
692 36 8
375 1126 30
1458 652 2
1349 216 2
1009 614 7
1317 569 27
98 833 7
679 1581 8
770 568 7
1215 880 7
880 823 16
217 1396 8
555 932 8
1292 761 15
454 112 8
437 532 8
1548 1181 7
1176 491 1
191 1556 44
981 1446 7
197 102 8
941 43 6
499 1562 2
285 369 2
1359 1225 0
1449 516 2
980 1436 2
720 1342 7
1075 796 2
1209 594 7
808 875 6
647 1062 8
266 1561 2
616 854 27
485 1075 2
1354 441 0
270 449 2
721 854 27
369 638 27
643 1418 8
537 1490 5
250 1315 7
582 1436 2
311 396 30
52 1156 8
30 707 2
543 1448 30
508 1384 8
261 1173 2
162 1126 33
1515 360 2
1301 770 2
1173 983 33
501 1161 7
1265 865 6
1524 1462 2
1183 428 7
507 244 8
701 409 2
317 341 5
999 1172 77
1277 1304 7
770 958 5
1330 611 30
1526 167 8
1382 908 7
21 540 2
722 114 8
360 63 7
1382 1304 7
1045 1377 8
365 424 8
782 1609 47
1539 1315 5
800 1298 7
126 675 2
255 297 8
718 453 34
584 626 8
582 52 8
104 1375 27
238 618 2
939 588 8
292 1315 5
1036 423 2
453 983 2
1443 0 0
757 1044 53
325 1505 7
80 359 7
991 1044 12
323 535 7
563 848 8
551 1097 7
454 808 8
265 678 30
1040 390 8
971 751 1
1307 1081 6
1570 1457 8
667 63 7
88 618 7
1221 1396 7
1221 1437 8
305 292 2
99 21 8
1207 1374 7
1399 627 6
747 1443 2
1402 373 6
347 855 3
517 1315 7
531 334 2
1281 623 6
325 63 8
829 513 26
1075 1424 2
267 981 27
1330 1305 8
347 915 30
347 519 30
1262 866 36
713 441 0
1321 891 8
527 424 8
544 1554 0
531 266 2
159 1120 2
1110 102 8
743 839 7
1416 53 2
494 491 2
139 979 2
1497 691 1
643 47 8
514 528 2
879 873 14
514 1124 33
1405 722 2
599 491 2
227 908 1
61 437 8
486 160 33
713 747 2
271 442 2
888 810 15
1157 340 62
126 1371 2
191 899 5
380 774 2
712 102 8
498 908 8
377 453 34
1036 1515 2
34 569 38
945 326 8
1075 206 54
371 355 8
70 1499 10
904 1561 84
565 259 2
349 952 33
101 1161 7
233 588 7
1035 766 8
347 890 2
63 52 5
1145 1581 8
261 21 8
699 390 8
217 1122 2
449 1121 2
1355 1428 2
221 1044 53
619 592 30
442 128 2
1337 766 7
22 320 19
442 420 2
329 444 2
880 1239 2
545 1449 2
667 1128 8
1252 326 8
1317 514 27
70 81 1
635 349 1
1126 269 7
1223 1333 2
867 785 2
211 435 8
1554 196 1
246 453 35
563 97 8
744 24 1
375 607 30
1230 1321 55
639 258 2
158 297 6
476 513 30
49 1428 2
874 102 8
1315 833 7
1304 1052 7
181 297 8
191 487 8
1404 732 7
85 480 65
152 458 2
43 80 7
607 1253 2
1404 1070 2
1538 1305 8
489 735 6
234 412 5
1282 558 1
186 1305 8
252 1031 27
1173 1351 2
789 1225 0
1540 172 8
30 360 2
1414 102 8
1322 191 14
713 1124 33
1161 1199 7
384 1104 7
216 88 5
626 937 8
255 1230 2
759 37 8
360 619 27
1527 114 8
269 437 8
497 662 2
1240 727 5
707 1553 2
489 1437 8
28 1577 8
187 1190 41
1173 1575 2
495 83 8
102 493 6
102 97 6
998 1227 5
360 54 2
491 444 2
468 818 2
1401 390 8
155 329 2
1302 936 8
1377 929 7
240 1340 2
1115 779 5
912 1075 2
118 554 2
1210 139 5
1519 326 8
445 133 1
1106 81 10
774 1295 2
1448 492 30
1135 1371 2
713 433 3
1478 1173 2
674 888 23
279 311 50
1053 47 8
714 1126 14
572 920 2
774 189 27
1328 75 5
1374 1453 2
98 1078 7
1044 83 8
317 1384 7
563 798 2
83 854 27
504 1152 26
643 377 6
882 1333 2
323 876 7
1110 1161 7
695 63 8
563 793 8
519 1354 1
676 468 2
190 1358 2
534 1404 2
988 1163 2
1330 594 1
768 770 2
1019 265 8
641 60 2
1449 1553 2
88 563 7
182 1224 2
504 1417 27
1136 213 8
417 1230 2
1291 170 31
993 167 8
1075 1077 2
281 160 2
731 454 7
829 1122 6
390 492 2
926 631 15
454 361 45
638 988 2
43 1104 7
936 52 5
626 882 2
779 59 8
759 1030 2
606 1357 1
592 735 6
869 900 2
236 146 5
466 269 6
1354 1014 0
829 1491 7
514 381 33
1404 983 33
297 1236 8
442 412 5
843 114 2
253 1342 7
594 1381 7
1394 145 27
138 558 1
1526 808 8
1493 1033 2
856 891 8
178 191 14
344 1000 2
1129 670 1
1008 920 1
466 493 6
468 1446 2
660 658 0
125 437 2
1056 489 8
1354 113 2
454 1162 2
707 78 2
1004 880 1
34 514 38
829 54 2
457 1304 2
457 908 2
918 610 2
1493 569 2
628 1315 5
1183 607 29
1256 889 83
702 1612 7
605 116 8
1330 998 1
125 369 2
442 638 27
1554 1187 0
563 1030 2
913 672 2
80 932 7
998 855 1
208 311 2
980 1375 27
411 1609 47
311 1398 7
1382 102 7
981 45 11
889 1148 2
774 148 2
1444 1173 2
459 98 8
1442 558 1
98 35 7
333 28 8
438 33 2
1449 1493 2
900 213 8
360 961 35
1128 1230 2
933 53 35
1292 743 5
229 986 71
891 249 8
289 922 2
603 735 52
183 889 2
1019 1581 8
156 1421 1
979 516 2
405 108 1
870 39 1
325 641 2
503 875 6
1336 160 7
191 758 44
581 922 30
360 338 5
1476 1448 30
625 1230 2
499 1160 2
647 206 54
151 1388 7
863 603 6
301 779 7
1092 424 2
160 1330 2
317 502 8
581 458 30
297 1077 2
179 326 8
1117 881 5
45 1333 2
1397 891 7
790 1315 5
489 284 6
655 330 8
1061 1114 2
150 1333 2
1394 773 27
831 1044 12
643 958 3
1361 1225 0
1500 1447 2
820 453 1
191 830 30
1545 437 8
35 229 2
241 157 7
667 338 5
33 1555 2
1398 297 8
1313 464 14
923 1266 2
27 941 2
598 1161 8
325 46 6
314 1436 2
1292 949 44
463 893 2
917 652 2
1378 750 2
1172 83 8
1284 265 8
233 1161 7
766 412 5
216 1073 2
98 777 2
1138 770 2
900 914 2
56 624 30
1076 1291 30
702 929 7
458 167 7
454 411 2
607 1455 30
1137 21 8
442 701 2
468 1086 8
437 831 2
199 1371 2
127 390 8
240 1212 8
547 305 2
325 1337 2
190 178 1
98 663 7
216 1396 8
1230 1004 2
900 1138 2
854 972 2
1178 1214 0
1231 834 2
1000 818 2
591 720 15
1500 1204 30
88 216 7
372 937 5
80 181 7
1316 913 1
194 879 2
1280 1557 5
842 1567 1
191 1128 8
1533 699 1
1439 102 2
1570 533 3
829 338 5
752 1315 7
468 81 10
627 783 7
504 68 1
806 160 30
1161 1070 5
1570 487 8
1084 1377 8
1404 1351 2
1209 424 7
195 1550 8
409 1041 2
1129 939 15
756 891 7
453 104 35
297 498 2
398 503 2
1119 114 8
159 322 2
764 205 19
941 493 6
592 284 6
981 235 2
784 997 77
370 647 2
162 360 2
1144 1305 6
780 390 30
1448 841 30
35 922 23
220 1449 2
774 101 26
1374 1406 2
1391 1436 2
159 150 2
784 929 77
454 815 2
1526 393 8
266 888 23
1061 363 2
1259 698 2
24 512 2
138 476 2
661 1081 6
923 583 2
1500 341 3
1526 685 8
167 607 8
907 1328 2
253 1156 8
1493 514 2
1104 901 1
671 893 2
648 627 6
1075 883 30
210 1033 2
118 685 7
470 1239 2
28 83 8
142 47 8
558 363 2
707 54 8
1554 1132 0
1225 1546 48
457 785 2
1328 1418 7
428 649 2
1391 52 8
913 221 2
1079 633 1
541 1075 2
1451 216 2
867 1291 16
80 877 7
546 1354 1
1250 265 8
210 569 2
552 140 8
437 1355 2
878 1416 2
894 1121 2
1210 1414 7
1458 1402 2
141 1274 9
1040 908 8
592 152 50
258 379 71
139 1126 30
1541 1448 2
873 893 2
157 1335 5
217 147 8
681 149 8
1314 1404 2
635 1446 1
673 114 8
981 1035 2
330 213 8
406 531 7
737 565 2
160 983 2
913 942 30
913 546 30
894 75 3
272 588 7
601 1313 7
1459 607 30
847 785 7
369 1391 2
65 424 7
1230 455 55
265 937 7
191 377 8
1282 552 1
377 1061 2
1394 30 27
252 233 27
1081 601 7
159 1242 2
607 747 2
1278 62 1
33 1568 2
259 922 2
102 1325 5
722 1333 2
1394 322 27
514 68 24
829 357 7
582 979 2
32 936 7
127 681 27
117 1061 1
23 68 2
601 1537 7
154 458 2
1287 229 33
915 1554 1
707 1047 2
250 435 8
1055 435 7
569 929 7
1061 264 23
1443 1214 0
1161 1062 8
491 37 8
1283 31 33
377 611 34
1164 808 8
774 497 2
1252 229 2
805 1161 7
900 859 2
667 1381 7
1567 670 2
1037 390 8
893 1131 7
349 118 2
349 514 2
1377 63 7
633 938 6
240 78 2
1354 910 2
454 59 8
1251 326 8
550 952 33
588 533 3
1145 32 8
247 52 8
588 487 8
313 838 7
1371 604 29
1239 908 8
1449 651 53
1225 107 48
1077 880 1
664 252 2
409 762 2
70 599 1
1209 437 7
979 693 2
624 1140 1
271 995 1
437 604 2
182 1114 2
1210 267 7
1394 1122 27
289 681 27
1570 140 8
531 1480 2
611 973 58
1539 1388 7
1011 21 8
32 903 6
399 504 2
627 728 7
504 54 2
854 1578 3
102 915 30
877 627 8
1106 554 23
833 1129 7
148 265 6
869 102 2
1461 102 30
136 1081 52
253 153 1
176 297 2
315 607 30
1404 622 34
30 190 2
297 42 8
1416 803 2
941 438 6
391 662 2
623 1156 8
734 68 2
1295 1449 2
1295 1053 2
562 1465 5
829 1381 7
1296 908 59
261 552 2
309 80 8
2 981 1
718 610 2
362 458 2
1526 384 3
1000 81 10
1144 1228 1
1094 1500 30
458 808 7
1336 435 5
483 891 8
503 428 19
1081 183 8
127 1036 2
454 1052 2
491 957 8
373 265 8
1495 1033 2
215 610 2
1372 371 7
154 98 8
70 1003 1
489 226 3
71 880 15
563 1024 2
563 628 2
454 646 7
692 881 3
54 70 25
442 878 2
349 31 33
172 1375 27
769 894 2
369 173 30
923 59 8
653 952 33
325 1176 7
238 325 2
76 1224 2
210 514 2
894 728 7
80 462 7
670 21 8
1570 1128 8
1221 1212 8
524 922 2
415 544 7
211 1581 8
1297 486 1
993 690 2
1439 675 2
629 764 2
0 1567 4
880 318 2
176 993 2
1050 341 5
993 685 8
913 199 30
1436 937 7
183 23 2
623 150 2
499 666 12
375 1567 1
681 1180 0
1461 1126 30
856 1581 8
839 1452 2
784 1278 77
850 80 7
162 245 2
377 610 2
1081 488 2
148 854 27
569 1152 26
627 18 8
926 241 1
1295 32 7
915 507 21
866 631 15
713 1314 2
1055 52 7
495 937 8
1561 533 5
128 409 2
323 236 5
418 750 30
368 834 8
454 1342 7
595 1305 8
337 626 27
190 776 5
594 561 8
29 1004 8
565 722 2
1570 1491 7
913 898 2
489 808 8
396 624 30
689 114 8
718 286 15
641 1375 27
588 140 8
347 1384 8
1230 206 2
1315 577 52
1439 1371 2
1567 151 2
438 551 2
902 1305 8
988 706 2
576 326 8
900 1127 8
74 1075 2
390 1327 6
1297 1114 1
317 796 8
1437 1190 33
133 293 66
1215 240 7
552 937 8
406 1500 7
829 373 6
981 1562 7
623 778 2
1081 1184 2
1075 178 7
272 1161 7
458 1070 5
69 979 2
1075 516 2
1223 692 19
369 1568 2
1302 533 3
245 441 0
31 833 7
270 565 2
834 649 33
500 647 2
1176 476 2
541 191 14
162 1561 2
551 381 14
926 1265 1
273 311 2
476 831 2
642 102 8
913 223 26
23 349 2
336 1305 6
302 879 9
273 265 7
1405 210 2
273 603 2
987 241 35
702 535 7
479 531 7
480 803 2
1173 307 33
565 1418 2
366 893 2
347 272 31
240 823 2
265 172 8
22 347 2
923 181 2
60 606 35
228 1405 2
1371 1243 7
155 495 8
216 1299 2
766 638 5
348 411 2
688 125 2
450 1061 2
325 233 27
819 852 8
1160 891 8
217 1525 2
1478 552 2
1247 1328 2
1025 466 2
470 45 2
114 289 2
1503 297 8
348 1398 39
435 1298 7
850 1081 52
951 18 8
126 390 8
234 1550 8
1075 1152 26
458 685 7
468 916 8
692 92 8
311 550 1
1447 1126 33
202 551 2
1230 438 2
744 1287 1
434 1161 7
311 883 2
92 424 2
416 829 2
1553 360 2
1023 80 8
499 1111 67
190 1133 2
1315 534 5
1225 680 48
1458 954 7
679 326 8
362 624 30
1221 1162 2
1075 1417 27
922 934 15
1210 548 7
546 879 7
626 1121 2
1337 1190 55
505 1371 2
1177 360 27
734 417 2
1295 627 6
1333 75 3
872 588 8
267 409 27
1226 466 75
269 913 2
499 599 2
160 873 2
1427 1314 7
489 1138 6
147 891 7
1377 338 5
1282 1357 1
269 908 8
360 1102 37
297 620 2
252 850 6
950 1354 2
176 870 2
45 480 2
1176 1500 2
1405 150 2
150 480 2
1179 750 7
913 368 30
244 320 6
588 1199 7
926 186 1
604 531 2
148 1190 33
1567 1606 1
607 277 2
20 720 7
28 377 8
1162 297 8
774 223 26
925 329 2
784 366 1
1185 80 8
458 1381 7
913 136 6
368 779 8
568 1210 6
720 226 3
841 326 8
1140 491 2
450 1585 2
265 1094 30
1327 1377 6
470 1460 8
1291 301 14
489 65 8
849 102 30
752 779 5
934 908 8
913 843 2
334 552 2
437 1243 7
878 908 7
1496 1252 40
88 1034 7
170 1210 6
569 693 2
99 437 8
1454 480 2
1009 424 8
81 118 2
286 910 1
995 241 33
1330 1388 7
891 321 2
750 399 2
325 27 69
555 206 2
297 1024 2
399 667 27
1401 891 6
1443 666 12
325 119 8
1196 1230 2
238 1291 30
620 1081 2
869 1371 2
854 1398 39
981 1553 2
1178 293 0
603 568 6
330 1127 8
195 743 3
1394 616 27
1169 854 27
1082 667 2
1081 1525 2
102 513 30
102 117 30
1151 1554 0
616 1333 2
592 1138 6
131 1240 67
471 1388 6
1302 140 8
393 834 2
1191 1428 75
743 21 8
704 1554 1
138 1357 1
988 976 30
155 1428 2
834 949 2
126 681 27
1436 177 2
663 933 5
923 1505 2
4 779 6
270 114 2
1521 891 8
499 1550 8
1570 1070 5
178 891 8
1024 854 27
1507 13 2
28 568 7
157 1217 8
361 518 2
468 246 2
707 877 2
933 527 7
1210 1566 5
228 662 2
1047 829 2
229 492 2
552 1359 2
464 894 2
823 891 8
900 689 2
565 1295 2
1247 201 12
564 574 2
905 1405 2
438 504 2
893 1299 2
1358 1230 2
592 65 8
1537 1118 5
1229 1327 6
810 437 8
13 958 3
1036 88 2
258 1021 30
437 606 2
85 390 2
692 37 8
643 493 6
643 97 6
442 471 8
383 347 30
265 51 30
592 463 30
1106 1283 2
778 1333 2
109 102 8
69 995 1
141 421 9
438 390 7
774 843 2
512 991 37
190 1078 2
98 730 7
1218 627 7
1106 1575 2
550 118 2
1304 1572 7
854 1097 7
1570 726 8
1106 1191 12
81 31 33
905 21 8
1538 1388 7
194 654 2
1437 1225 7
403 770 2
981 1447 7
1443 367 2
922 483 15
186 1388 7
643 321 6
979 1211 2
889 172 2
894 533 3
941 336 6
35 804 2
922 53 30
854 971 2
880 208 2
1327 891 7
656 1126 14
868 102 2
647 672 2
399 626 2
285 662 2
1172 685 7
145 1609 47
890 784 14
750 39 8
784 876 77
643 1419 8
913 731 5
663 1561 5
285 297 8
265 813 8
702 338 5
1187 114 8
929 891 7
252 68 27
1196 766 8
499 179 8
1239 1292 30
290 1305 8
1413 102 8
244 265 6
604 476 2
480 1376 2
32 421 2
1518 102 8
361 750 2
763 31 30
366 594 73
36 1402 44
454 590 2
126 1036 2
40 32 8
588 726 2
1039 681 27
468 1562 2
271 102 8
320 1213 6
595 507 8
527 1129 5
250 1581 8
145 32 8
907 1161 7
159 765 19
442 1568 2
21 833 2
101 476 2
674 1567 2
1210 487 5
1505 390 8
922 460 2
623 285 20
1075 950 30
274 146 5
1496 905 40
1443 293 0
913 54 7
1210 856 6
311 727 1
31 432 15
1549 920 1
383 1371 30
1456 707 2
795 37 8
707 855 3
499 1392 67
1459 453 2
634 603 6
647 1076 2
877 1554 2
330 848 8
83 1033 2
1214 1161 7
1075 1493 2
653 118 2
200 347 2
292 854 27
862 1395 7
1108 908 8
988 200 2
550 31 33
512 1392 7
398 974 2
652 39 7
439 325 2
406 702 7
1076 667 27
611 666 2
390 840 2
938 1126 16
1402 1395 7
588 1070 5
502 626 2
309 611 2
854 387 8
252 735 6
381 480 2
463 454 71
157 547 2
317 222 8
434 31 14
575 995 1
607 1314 2
45 1053 2
98 418 30
939 875 6
360 1156 7
268 1583 8
255 603 2
266 1371 33
1402 1322 13
1173 236 12
252 27 53
627 140 8
704 784 2
1117 533 5
834 1577 8
555 1118 5
21 1169 2
894 513 26
1044 1127 8
923 1278 2
829 793 8
855 893 30
1488 889 2
702 357 7
819 54 8
1480 888 23
900 1030 2
435 1125 59
667 1156 7
1133 667 27
919 31 2
438 449 2
361 390 8
435 833 8
23 960 30
1010 908 7
515 1443 1
622 1567 1
350 114 8
981 1127 6
479 326 8
795 957 8
875 874 7
464 766 8
399 1291 16
1000 246 2
362 1190 71
997 454 7
900 957 8
200 1371 2
69 981 2
641 1036 2
1129 341 3
210 52 8
535 607 2
1421 836 1
647 393 2
1225 174 48
1496 154 40
769 369 2
920 1124 14
546 764 64
1223 1230 2
1486 435 8
653 31 33
531 1359 2
551 289 2
177 569 2
133 215 5
363 1289 36
1075 54 2
878 435 8
913 1345 30
399 675 2
863 1388 7
510 1243 7
1341 1161 8
1221 291 8
647 716 8
372 193 5
1201 766 7
958 1436 7
747 297 2
1306 766 7
913 384 5
769 588 8
398 223 2
618 1169 2
1416 974 2
1183 442 7
1085 1331 13
1354 3 10
1394 1121 27
191 782 30
1402 685 8
479 320 6
382 427 7
590 1448 2
601 675 2
920 1606 2
1421 441 66
232 879 2
933 808 7
1053 116 8
1302 937 8
1054 891 8
1075 671 30
126 981 2
116 1449 2
849 1371 30
418 1500 30
546 558 1
256 330 8
941 1207 8
588 1062 8
834 379 70
1052 114 8
681 1253 2
667 519 2
334 1357 2
454 462 8
126 908 8
551 693 2
722 750 30
1036 661 2
1457 1000 2
796 330 8
1137 1161 8
323 877 7
325 1393 2
1022 80 8
104 360 2
1354 2 2
1207 1388 7
349 98 33
102 1384 8
258 203 71
889 917 2
1355 31 33
894 841 2
690 31 14
654 411 2
1128 603 2
880 557 2
1000 1562 2
877 1161 7
627 1199 7
270 70 31
654 1398 39
981 651 53
1297 657 1
1297 261 1
84 862 2
922 730 30
265 293 0
1399 865 6
1291 463 31
70 82 7
1322 1581 8
281 453 2
1103 330 8
160 1099 2
229 187 71
759 1031 2
1084 998 29
274 920 74
527 766 8
1404 388 2
1556 611 35
226 611 30
371 1243 7
1526 855 3
159 1358 2
543 23 30
1376 491 1
215 369 5
841 229 2
1078 908 8
1525 70 2
1394 438 27
252 641 27
729 834 8
1551 1230 4
161 63 8
195 1335 5
575 913 2
863 627 19
266 360 2
449 843 2
1166 1305 8
454 1163 2
259 574 2
306 377 5
125 1126 2
563 1495 2
729 766 8
1047 31 2
506 1578 5
381 750 30
909 647 2
506 856 20
582 626 8
565 497 2
1155 114 8
897 891 7
903 33 2
347 1227 8
217 672 2
1188 480 51
125 662 2
1044 1004 8
108 627 8
563 1381 7
440 707 2
449 1062 8
833 70 25
773 681 27
468 63 8
314 1033 2
555 104 2
208 1000 2
569 1310 8
607 724 30
1474 347 2
1336 229 7
540 1075 2
1003 893 33
614 1413 5
370 325 20
809 1292 30
1371 324 29
1230 273 2
997 795 7
1292 1608 46
770 459 7
920 381 14
279 1333 27
535 552 2
13 384 3
97 21 8
318 1172 80
308 216 2
993 697 2
770 355 7
1315 284 52
322 891 8
1210 91 7
454 3 8
867 627 2
117 1371 30
1210 820 8
720 446 1
1436 471 2
859 889 2
1004 160 30
880 139 3
380 1609 47
1126 1267 14
750 1578 3
1404 236 12
927 1388 1
72 891 8
1173 901 2
707 833 7
1087 32 8
434 1292 14
941 158 6
1061 1407 2
494 1357 2
476 606 2
923 1627 2
382 855 3
599 1357 2
390 75 3
495 75 3
489 1342 7
978 390 30
297 90 8
468 1160 2
325 735 6
240 890 2
520 1225 0
1354 1046 12
928 766 8
1044 256 38
435 1095 12
674 1561 2
804 619 27
1164 1156 8
337 114 27
923 248 2
1076 1292 30
531 1457 30
347 1418 7
329 690 2
349 466 2
1000 1283 2
98 1420 7
1554 109 0
1225 919 48
142 108 8
434 603 6
80 250 7
151 1315 5
1121 569 2
31 85 45
68 1375 27
663 378 7
334 191 33
256 1315 5
1250 326 8
311 1008 7
438 908 7
880 106 2
404 790 2
988 1401 2
728 829 5
1338 588 8
1053 1325 5
658 369 3
979 1041 2
39 1083 1
420 922 2
552 75 3
1436 1495 2
1099 834 8
829 1505 7
913 315 30
702 236 5
1058 889 2
594 1395 7
524 574 2
383 652 2
66 28 8
618 1450 2
618 1054 2
1461 1230 20
297 395 2
171 424 8
1421 462 8
191 88 3
651 551 40
1397 605 7
908 1325 5
33 545 2
752 1581 8
928 1129 7
1526 462 8
603 26 2
627 694 39
491 690 2
499 743 3
311 915 30
834 487 8
944 258 2
1333 513 26
249 1581 8
1421 1014 66
20 891 7
20 495 7
381 297 8
713 254 12
466 43 6
360 628 2
1188 160 50
563 1148 2
823 1354 2
145 159 2
458 1156 7
720 59 8
1561 704 35
340 1098 7
923 876 2
1035 662 2
238 449 2
248 1428 75
565 150 2
433 1388 7
464 437 2
1117 833 7
1505 908 8
922 582 2
627 1070 5
217 221 2
1136 167 8
647 223 26
867 1292 16
80 837 6
893 796 7
472 102 8
250 32 8
228 33 2
1164 743 3
228 424 8
800 83 8
997 52 7
377 382 5
295 702 12
980 360 2
1281 1210 6
184 182 57
347 1396 8
98 273 7
635 1447 1
83 759 2
482 382 5
751 1606 2
458 88 3
1424 1375 27
398 1200 2
82 114 8
995 704 33
681 46 8
211 326 8
765 21 8
1429 891 7
1305 1395 7
650 229 33
777 28 8
65 785 7
1402 1184 6
1436 119 8
636 988 2
1405 1309 2
847 390 7
347 642 30
859 834 2
14 1443 1
784 1626 77
862 179 8
873 60 44
595 1388 7
1540 63 8
505 390 8
263 499 2
374 893 33
1144 623 6
1081 1227 8
32 833 7
24 98 33
98 1578 5
894 1070 5
779 111 6
531 782 30
1561 881 5
117 1354 1
266 933 2
662 1102 5
784 247 77
1037 360 2
599 191 33
1173 1070 2
468 808 8
999 612 77
565 44 7
565 778 2
325 284 6
160 1608 46
1247 360 2
766 358 5
316 320 6
1240 533 1
390 1118 5
244 114 8
676 531 2
702 479 7
438 675 2
902 1388 7
98 677 7
373 326 8
424 1557 1
891 459 1
1447 1561 2
101 311 2
891 63 1
1110 369 1
217 1199 7
894 1004 27
978 1375 27
1036 259 2
681 747 2
575 102 8
267 50 55
555 1073 2
555 677 2
316 252 6
202 667 2
774 722 2
552 1457 8
457 98 8
878 437 8
1239 1305 8
900 787 8
1458 382 7
1210 732 7
1121 514 2
995 881 3
1317 1033 27
409 763 2
69 1161 7
1209 834 7
541 325 2
674 998 29
1126 1220 14
295 1291 33
85 785 2
1085 1333 13
466 1102 5
81 98 33
411 611 2
878 265 8
1445 1404 2
941 111 6
512 990 37
1436 648 2
270 981 2
453 622 76
647 843 2
1304 1571 7
875 54 8
768 588 8
1403 489 6
1209 662 7
562 1430 5
647 838 8
626 773 2
398 53 2
1416 1200 2
1302 881 3
148 1333 2
1438 437 8
635 1420 8
270 913 2
784 943 77
357 499 2
678 1567 1
406 114 8
437 37 5
252 239 27
268 730 8
707 638 27
737 102 8
1163 662 2
702 1571 7
33 26 2
1166 507 8
1037 988 2
28 97 8
24 62 2
707 365 2
829 44 8
598 424 8
114 1393 2
350 1333 2
13 1342 7
29 377 8
774 1418 2
455 1333 2
89 891 7
1566 1075 57
552 1047 33
347 726 2
449 269 2
491 622 35
435 272 59
217 166 2
753 865 6
390 536 30
551 1211 2
80 823 7
383 265 15
987 1006 2
1337 252 2
569 116 8
692 1128 8
780 707 2
409 1391 2
981 228 11
635 1100 1
217 139 3
809 98 30
433 1161 7
905 424 8
862 139 48
538 1161 7
995 357 33
1561 728 7
1455 480 2
1159 382 5
681 387 8
747 888 23
313 129 8
1402 837 6
1227 52 8
650 611 34
692 724 35
849 297 2
686 1500 5
265 1243 7
913 492 30
318 702 80
318 306 80
734 1453 2
1078 1161 7
518 47 8
876 908 8
839 1453 2
54 891 8
944 607 2
317 393 8
616 1053 2
1177 1036 27
1303 563 7
439 889 30
850 23 2
380 618 2
979 235 2
348 434 1
259 489 6
4 603 6
727 952 33
434 98 14
1383 102 7
255 774 2
138 681 1
750 840 30
814 1243 7
52 249 8
1055 449 7
1272 1388 7
451 531 30
917 611 2
1172 42 8
195 1131 20
980 458 30
363 766 7
1354 248 12
42 347 50
1328 138 35
1084 1554 0
217 502 2
29 90 8
932 390 8
1415 879 9
383 159 20
415 1241 7
770 357 7
722 1500 30
998 978 1
305 327 1
1289 1200 15
981 168 11
437 722 2
322 1581 8
435 1296 8
852 265 15
305 1056 2
592 726 50
1252 102 8
588 37 8
83 1436 2
98 158 7
997 229 7
81 466 2
995 92 8
1178 1105 0
1446 893 33
195 1217 8
190 798 2
647 168 2
1304 896 7
641 1161 7
961 1000 1
737 1161 7
1443 1439 33
713 925 10
979 1035 2
1329 1388 7
750 1097 7
647 856 2
620 1033 2
1210 213 7
653 98 33
499 1283 2
906 21 8
782 1126 30
503 667 27
1502 720 15
637 920 74
32 412 5
603 1295 2
170 908 7
926 938 1
424 533 3
643 1207 8
788 779 5
499 1575 2
603 189 27
102 861 30
510 1310 7
618 256 2
1404 858 12
298 21 8
933 697 2
403 21 8
716 1315 7
252 1495 27
241 681 1
488 1230 2
488 834 2
1055 681 7
115 611 1
1436 916 8
582 1449 2
987 138 35
118 690 2
1250 893 33
1466 870 1
1313 983 14
140 1436 2
893 899 5
213 779 6
42 326 8
907 531 2
1526 226 3
1136 1395 7
159 36 8
240 1070 7
994 1430 57
1377 601 7
790 1225 7
388 453 35
350 1377 8
1247 933 2
1266 424 8
81 829 1
524 50 41
914 114 2
499 1335 5
450 1354 2
713 163 8
453 704 2
555 183 6
552 596 33
676 1000 2
681 1419 8
849 489 15
323 256 7
1031 507 8
311 447 1
1456 31 2
952 573 15
323 548 7
170 875 6
182 1360 2
328 1305 8
894 616 2
1237 908 8
639 1126 2
253 88 5
1436 1393 2
1221 1163 2
528 512 2
80 408 7
347 697 14
530 702 12
569 68 24
108 102 8
327 952 14
1554 1329 2
557 1292 50
1051 1356 1
160 942 2
1077 681 27
681 40 8
961 713 1
325 226 3
873 779 8
750 460 2
297 689 2
1438 390 8
1081 210 2
1075 807 7
1533 1114 1
880 556 2
12 834 20
1164 1335 5
737 60 2
290 1388 7
190 88 3
180 911 2
865 1054 7
605 1298 7
147 1230 2
277 229 33
326 1118 5
1459 102 30
159 841 2
750 387 8
1409 879 2
1397 435 7
1177 981 27
317 1154 5
503 626 2
1299 514 2
1076 114 2
159 1133 2
1551 713 4
143 1581 8
1061 274 12
1333 1070 5
854 39 8
766 1335 5
252 416 27
159 1128 8
160 108 44
601 1136 7
1024 1333 2
336 623 6
1252 1161 7
1129 446 1
1141 506 6
720 249 8
1090 453 35
993 519 35
106 1567 1
805 770 2
558 274 12
880 485 30
1302 75 3
704 854 7
1372 1305 7
157 90 8
913 516 2
415 88 5
80 735 6
128 647 2
250 326 8
1287 453 34
686 80 7
1247 1561 2
673 1375 27
1443 1105 0
1468 891 7
556 1496 12
1468 495 7
569 762 2
144 32 8
623 737 20
778 1375 27
217 843 2
424 718 0
347 1299 2
479 114 8
343 908 8
70 266 1
428 1168 2
1136 685 8
80 1396 7
213 320 6
323 1572 7
451 555 2
855 627 62
1315 523 52
634 1388 7
592 671 50
195 433 7
739 1388 7
626 1004 27
653 466 2
995 37 8
641 360 2
217 1062 8
681 272 8
238 1292 30
427 1161 8
199 347 2
530 1291 33
514 653 2
13 1325 5
211 52 8
652 387 7
841 804 2
1210 158 7
279 1436 27
514 945 2
623 1120 2
76 18 8
941 1 6
530 330 8
627 165 2
756 80 8
739 347 2
847 908 7
607 974 2
738 1305 8
398 1307 13
1537 147 8
913 104 5
43 489 7
1537 881 3
834 595 33
681 1319 21
145 1081 2
1394 841 27
772 435 77
999 510 77
552 658 0
411 32 8
988 873 30
23 295 2
33 189 27
355 252 6
485 1033 2
155 118 2
505 908 8
191 176 45
1230 631 15
539 624 30
23 983 2
565 1364 2
1448 281 30
489 1455 2
126 409 2
108 1161 7
475 325 2
220 889 2
796 1388 7
359 499 2
217 1097 7
306 1072 5
122 369 2
1474 922 2
21 206 2
442 545 2
476 1001 2
1480 1567 2
800 1406 2
442 108 1
907 476 2
901 1388 7
53 1500 30
450 611 2
216 1199 7
301 510 77
774 912 2
184 1104 57
1333 1381 7
217 1367 2
329 419 7
555 1299 2
563 222 8
102 421 2
435 1577 8
1328 88 5
677 879 2
551 75 7
964 658 0
206 829 2
13 855 3
1474 750 2
442 769 2
1554 666 12
1093 865 6
4 98 14
804 116 8
870 1298 7
1327 627 6
98 1127 7
889 241 2
1461 692 2
639 675 2
1103 1388 7
1215 1570 7
837 1081 6
681 1296 8
576 1291 14
603 101 26
1444 954 2
719 627 6
995 957 8
191 863 7
1445 191 33
684 191 14
1297 377 1
1210 786 7
639 607 2
1075 986 53
1402 39 6
922 450 30
416 603 2
1545 1305 8
390 609 2
806 624 30
837 1305 6
437 1224 30
1562 229 33
398 279 2
267 647 27
856 1081 2
54 52 7
507 502 59
1274 754 5
1183 102 7
908 412 5
605 1243 7
913 732 5
154 70 2
1323 1126 14
1540 917 8
297 957 8
913 22 30
1131 720 15
1144 1081 6
1205 784 19
151 751 2
360 471 2
252 69 27
731 795 7
159 1078 2
491 419 7
253 1396 8
144 1315 7
693 1033 2
523 720 15
470 1479 2
988 156 15
455 1581 7
949 611 35
390 830 30
442 1523 7
1488 262 2
1158 891 8
1319 1554 0
789 1315 7
1104 1406 2
1121 1436 2
919 611 2
1421 1209 5
507 1578 5
1047 692 44
662 1393 2
186 1315 5
558 443 12
217 387 8
424 1491 7
1225 1614 48
1156 114 8
468 179 8
1261 114 8
1456 1000 2
790 23 7
1210 1482 7
424 1073 2
1487 102 8
880 1301 2
900 231 2
66 504 2
1449 235 2
988 597 2
1304 57 6
1447 1328 2
360 1015 36
555 152 2
81 952 33
279 1449 27
305 586 2
1144 360 35
415 1401 2
390 863 7
281 159 27
555 147 8
317 291 8
555 881 3
70 321 64
855 1033 2
70 430 7
30 1405 2
1499 514 10
993 808 8
734 1283 2
140 1375 27
926 99 0
1551 1354 4
46 627 6
168 470 33
372 341 1
739 1161 7
307 1292 30
166 804 2
604 1173 2
514 530 2
533 21 8
271 804 2
1207 330 8
1166 1388 7
157 881 3
145 297 1
235 667 27
1537 92 8
945 297 2
945 893 33
926 364 1
476 722 2
518 101 8
692 1389 7
594 856 8
491 178 2
1295 889 2
1339 1000 5
727 118 2
618 78 2
1177 588 8
135 21 8
1240 393 5
485 618 2
409 68 24
234 1217 8
707 823 2
1375 936 7
1053 1384 8
265 63 8
21 1457 8
265 355 8
588 39 8
476 550 2
228 900 2
557 891 7
314 1449 2
350 480 2
900 1031 2
311 272 31
774 961 2
229 730 2
455 480 2
98 848 7
645 1554 1
1140 1357 2
458 622 2
192 891 6
990 1280 57
438 800 7
563 172 2
265 357 30
1000 1003 2
442 26 2
641 1059 7
563 167 8
216 726 2
102 366 2
13 462 8
1316 323 5
643 43 6
1271 594 10
437 844 2
870 1243 7
190 1024 2
190 628 2
1084 1371 33
24 594 10
524 70 2
37 1305 6
195 1298 7
988 1121 2
323 119 8
1445 491 2
769 662 2
57 1081 6
322 32 8
21 1118 5
841 981 2
1210 731 7
159 1004 27
530 512 2
33 101 26
756 262 2
829 1184 6
1184 1075 2
619 1315 7
1230 1376 15
619 1653 2
297 219 2
1562 611 34
618 436 7
369 88 2
266 1404 2
927 133 1
830 240 2
601 698 7
468 1284 2
731 52 7
347 463 31
1173 1541 2
1288 326 8
119 489 6
22 1388 7
834 212 2
23 1160 2
304 702 10
601 234 7
1287 329 2
40 1581 8
269 627 8
180 42 30
340 130 7
432 491 1
689 1230 2
981 269 20
238 565 2
903 1405 2
98 1080 7
900 1555 2
435 47 59
685 1581 8
440 476 2
434 1388 7
1019 627 8
1044 273 8
1228 207 1
1443 1009 2
1451 229 2
1004 1161 7
176 675 41
901 920 2
1317 1436 27
533 662 2
1449 1555 2
424 622 2
998 808 7
613 875 6
1023 891 8
1447 201 12
779 129 8
330 1086 8
1128 891 8
1128 495 8
1403 1315 5
555 92 8
70 421 2
315 1371 30
1405 1133 2
229 584 71
406 1377 8
625 891 8
766 813 8
977 1404 2
287 499 2
45 311 2
1458 1448 30
52 92 8
143 1416 2
88 453 34
463 692 71
712 76 7
45 603 2
1550 626 8
843 804 2
374 1328 2
162 313 2
170 424 8
1537 37 8
380 1081 2
923 1396 2
707 836 2
27 675 2
1046 920 74
914 1036 2
518 46 8
1188 216 50
814 1310 7
380 325 2
1230 241 25
1172 213 8
234 433 7
164 102 8
1250 1443 2
145 611 2
340 1154 7
913 930 53
519 531 30
485 563 2
923 932 2
1133 681 27
1355 1443 2
663 360 5
1036 1358 2
775 146 5
1207 1315 5
143 32 8
862 1335 5
1120 1333 2
1031 1388 7
915 1567 1
340 1446 7
1354 699 2
565 498 2
1032 158 27
301 1315 77
913 1384 7
190 513 26
1230 938 33
558 1016 12
561 750 2
1421 75 5
995 1224 33
1454 311 2
957 1315 5
1554 211 1
1357 254 12
869 891 6
563 112 8
787 891 8
216 671 2
915 229 2
301 458 1
1062 1315 5
1140 191 33
1355 952 33
569 1207 8
190 677 2
185 854 27
576 102 8
326 932 8
1562 610 2
1106 732 7
981 638 27
565 823 30
563 44 8
765 770 2
424 376 3
191 502 8
1144 933 35
1336 454 7
197 390 8
744 263 1
654 1008 39
391 159 2
1075 584 53
531 805 2
611 844 2
66 1405 2
872 33 2
829 837 6
252 1338 27
1081 1310 7
514 444 23
623 1242 2
1533 657 1
411 623 2
327 31 14
216 1392 30
267 1305 7
794 70 35
439 1292 30
558 718 10
49 160 33
784 767 77
1054 514 2
1042 804 2
853 466 75
1500 1345 2
1081 206 54
191 1124 30
926 937 1
788 382 5
699 1388 7
1152 1416 2
171 21 8
1372 160 7
126 531 2
1526 59 8
907 306 2
102 336 6
1483 1404 2
912 626 2
454 39 7
118 59 7
301 340 77
29 97 8
445 372 1
702 1322 13
774 1138 2
390 1070 5
98 1025 7
558 425 2
997 770 22
507 1514 0
1402 519 35
903 908 7
218 369 2
476 1224 30
674 347 33
1257 1581 8
329 937 7
1497 147 8
88 182 7
1460 692 2
357 766 8
80 939 7
744 1355 1
679 102 8
880 503 2
1221 938 2
347 769 8
650 713 2
1144 1561 35
880 399 2
1106 983 33
297 464 2
285 889 2
1045 191 16
1179 594 7
385 114 8
365 1044 1
499 771 2
273 1075 2
1333 97 8
507 728 59
491 1109 7
28 1491 7
1341 424 8
1284 1328 2
159 616 2
293 1567 4
317 1325 5
1042 995 1
1496 498 38
1401 1388 7
374 201 12
143 1315 7
552 1070 5
1556 453 35
927 998 1
838 424 8
834 51 7
471 1161 7
1287 610 2
1448 1135 30
1079 889 30
1500 266 2
782 1567 1
205 1328 77
301 1328 77
707 421 2
21 664 2
626 75 3
675 831 2
841 102 8
240 208 2
563 1395 7
1161 728 8
1181 54 8
311 1314 1
820 32 8
442 189 27
672 667 27
909 588 8
1304 1621 5
558 657 2
1201 1421 1
1565 1230 2
674 1371 33
192 489 6
455 32 7
208 258 2
1228 488 1
893 1135 2
1455 1000 2
249 495 8
314 979 2
468 743 3
216 324 2
305 484 2
322 514 2
632 594 1
102 355 8
357 1500 30
491 743 5
922 976 30
1446 1328 2
661 766 8
704 1292 30
823 941 71
952 61 15
190 226 2
390 1135 2
900 848 8
519 514 1
1333 798 2
894 104 2
751 1607 2
977 1357 2
1223 829 2
305 416 2
160 1345 2
1221 255 2
681 47 8
891 92 8
719 1377 6
747 1567 2
1225 65 48
871 1004 8
824 1377 6
1554 25 2
981 1283 7
908 863 19
495 1381 7
499 1003 2
878 326 8
913 840 30
1394 1080 27
721 759 27
1141 1081 6
1322 52 8
933 994 37
1424 265 7
178 1126 14
1271 1106 2
704 1371 2
1397 1526 7
506 716 8
926 590 1
503 114 2
157 957 8
24 1106 2
341 1375 27
594 249 7
981 278 9
702 256 7
476 844 2
23 362 2
253 881 3
679 1161 7
1034 178 1
26 504 2
702 548 7
784 248 77
519 1500 30
804 937 7
234 1298 7
406 1210 62
1145 102 8
29 88 3
1408 41 9
447 1328 2
29 438 8
29 42 8
1215 643 5
1450 1496 53
1126 1299 2
774 1479 2
572 766 7
555 678 2
99 800 7
281 1081 27
420 265 6
442 148 2
563 685 8
437 674 2
311 604 2
1145 326 8
614 384 5
438 900 2
1106 1351 2
61 1388 7
1570 502 8
978 707 2
647 178 7
535 1126 2
1002 28 2
647 516 2
1428 250 1
995 1128 8
28 338 5
541 618 2
595 1315 5
995 22 33
317 1437 8
1404 1274 12
736 1161 7
993 59 8
148 627 6
1075 1198 54
213 114 8
841 1161 7
285 834 2
1405 335 2
424 881 3
620 70 2
318 114 8
1333 88 3
880 276 2
394 770 2
860 891 8
698 88 5
909 1210 6
1284 201 12
273 1416 2
390 676 2
297 44 8
1 779 6
1052 1375 27
483 133 1
369 210 2
600 297 6
1397 551 7
945 1443 2
148 1230 2
1181 1086 8
998 1419 5
466 57 6
485 1436 2
21 677 2
1024 1449 2
337 360 27
1024 1053 2
595 1594 38
455 627 6
1448 684 30
702 1572 7
1291 1401 44
1055 114 7
575 804 2
360 178 2
155 98 33
489 646 8
707 366 2
195 796 20
1061 602 2
558 670 2
457 800 2
449 1026 2
13 1384 8
442 1298 7
328 1388 7
789 1428 2
1221 75 5
167 952 30
592 167 50
80 95 6
995 1491 7
558 602 2
717 611 35
913 168 2
80 824 7
652 1153 6
1225 1389 48
869 489 6
1357 1112 23
824 1057 5
1446 201 12
880 1076 2
1444 1357 2
1281 1494 1
330 916 8
217 391 2
530 1388 7
1304 228 6
1304 269 7
1338 766 8
847 800 7
891 37 8
961 1061 1
317 462 8
111 191 14
325 477 70
976 558 2
867 518 2
1302 1491 7
829 39 6
867 1305 8
734 1454 2
1394 337 27
1436 65 8
1295 102 7
623 881 3
229 706 71
1077 360 2
1000 342 9
601 1552 7
45 829 2
157 178 1
466 685 6
150 829 2
692 1227 6
1230 986 55
1526 932 8
201 469 5
1259 1633 2
486 229 33
565 792 2
531 1124 30
720 1389 8
381 574 44
1173 753 23
476 789 2
23 307 2
28 726 8
590 888 2
1537 533 3
91 531 5
501 588 8
1229 824 6
180 1188 30
1354 925 2
1130 159 1
941 355 8
1305 1335 5
241 611 2
565 620 2
170 480 30
763 891 6
447 201 12
588 502 8
270 160 30
458 59 7
435 568 7
928 480 65
321 1315 7
774 1028 2
1554 0 0
344 32 8
563 239 2
1000 732 7
993 1342 7
325 833 2
1280 1517 5
406 1570 7
978 360 2
774 960 2
265 64 30
1317 979 27
1230 792 2
1304 1293 7
1304 856 6
1225 346 48
894 677 2
1019 102 8
1190 823 16
372 433 5
724 713 1
535 675 2
647 857 2
738 1388 7
1225 638 48
1283 1561 2
879 1252 2
1106 622 34
514 1001 2
534 1173 2
1404 200 33
759 1135 33
941 57 6
913 916 5
253 856 1
411 453 2
47 626 8
147 603 2
1475 888 57
1312 21 8
638 424 8
28 1381 7
913 452 5
271 1161 7
634 330 8
30 33 2
65 21 8
1183 510 7
763 428 71
1031 854 27
468 1351 2
568 652 6
155 466 2
1173 309 33
724 1371 30
720 18 8
1510 504 2
1024 998 2
450 252 6
438 880 1
205 134 77
470 803 2
609 908 8
468 1283 2
1221 88 5
660 99 0
563 1039 2
923 79 2
727 98 33
880 203 41
848 603 6
442 1243 7
122 1405 2
1505 507 8
1333 1437 7
139 398 30
993 990 37
1481 988 2
810 390 8
1036 833 2
432 594 1
635 1114 1
217 112 2
558 151 2
1328 1310 7
804 172 8
415 559 7
1100 702 12
1122 1377 8
1357 381 33
911 588 8
614 957 5
619 311 31
657 329 2
1000 983 33
1545 1388 7
1459 70 2
406 491 7
1447 360 2
141 666 9
217 39 8
1257 32 8
957 1497 59
318 320 80
86 495 8
515 468 1
1019 626 8
1209 1304 7
415 824 8
807 508 5
995 199 33
468 1335 5
731 1315 7
1179 424 7
399 1371 2
330 793 8
374 1567 2
191 928 45
702 755 5
1034 776 5
650 453 34
623 92 8
834 1079 2
1401 489 6
158 458 2
1544 1305 8
292 297 8
216 539 30
713 1329 2
269 1161 7
297 914 2
470 1166 1
604 893 2
945 1328 2
424 1403 14
601 1497 7
499 562 23
45 774 2
209 311 35
1126 463 31
603 545 2
581 191 30
26 667 27
212 453 35
252 417 27
692 1213 7
988 642 30
222 998 1
1500 492 2
1207 1554 5
1130 720 15
747 611 34
563 233 27
52 533 3
923 1125 7
995 1070 5
1045 643 38
1193 311 50
238 1036 2
258 362 2
66 428 19
575 981 2
497 48 2
518 1325 5
449 911 2
1229 373 6
1552 412 5
772 32 77
1171 90 8
476 374 2
569 763 2
1354 474 2
116 1230 2
569 1550 8
1166 262 39
1459 829 1
552 1025 2
1456 1416 2
983 1567 1
229 450 2
98 568 7
98 172 7
112 1581 8
598 1292 30
673 707 2
1302 1070 5
633 1122 6
325 882 2
1329 1448 2
1225 359 48
879 973 2
681 254 12
551 78 2
1308 603 6
624 1100 1
1336 297 7
1100 1291 33
720 686 1
1221 85 2
207 774 2
503 681 27
292 998 2
766 1243 7
555 500 2
879 905 2
1221 39 7
315 70 2
530 1292 33
531 684 2
1312 908 7
862 433 7
565 890 30
842 1404 1
620 979 2
1227 626 8
870 936 8
623 1121 2
255 1609 47
306 101 8
65 908 7
510 568 7
838 1305 7
1075 651 53
952 1607 2
720 910 1
737 981 2
139 1375 27
273 618 2
261 512 2
1080 1075 2
263 702 12
327 98 14
360 1109 7
443 146 5
606 784 2
1404 753 23
270 804 2
772 50 14
829 877 7
1055 627 7
377 265 8
1516 667 2
382 148 7
577 1075 2
699 458 33
727 466 2
1313 241 14
1164 1396 8
1322 893 14
1448 678 30
489 1456 2
978 458 30
143 435 8
454 256 2
205 1388 7
495 97 8
102 111 6
359 891 8
102 845 1
634 1315 5
923 24 2
122 662 2
51 531 30
1026 1449 2
774 1309 2
265 809 30
1050 917 19
470 383 8
1247 1567 2
453 254 2
899 297 7
1315 1116 52
510 958 5
1000 1351 2
555 1196 2
1053 68 24
1136 3 8
1079 470 1
724 1354 1
1136 341 3
369 357 30
1121 1033 2
325 399 33
886 626 8
1436 902 1
668 766 7
528 62 2
576 1292 14
437 1583 8
419 80 7
647 930 53
995 917 7
1436 233 27
1063 1408 1
1291 573 15
160 492 2
635 1283 1
579 311 35
395 894 2
1537 1199 7
1437 454 33
836 1405 2
306 1125 8
624 349 1
168 908 7
1537 1491 7
503 1036 2
1552 1384 8
1399 1315 7
267 252 27
1304 91 7
871 83 8
623 37 8
618 1122 2
244 627 6
605 1536 7
470 377 6
297 859 2
1041 667 27
154 759 2
1081 42 7
471 603 6
102 1203 6
263 1291 33
1408 135 2
747 998 29
586 514 2
162 424 8
453 904 58
972 784 19
158 330 8
1152 216 2
834 852 2
720 533 3
106 1554 2
1481 941 2
1053 762 2
125 159 2
142 189 2
482 1581 8
373 1104 7
20 563 7
40 326 8
470 1376 2
157 36 8
449 856 2
449 1252 2
1036 1078 2
1375 601 7
829 167 8
323 420 5
707 488 2
1251 1443 2
1354 419 2
840 1388 14
238 913 2
1133 1497 7
795 3 8
763 489 6
795 341 3
1104 1262 1
217 393 2
238 908 8
900 300 2
80 613 6
673 360 2
1225 1615 48
898 1230 2
552 214 2
555 221 2
80 1342 7
415 1470 2
1454 31 2
70 207 7
515 713 1
789 1581 8
168 875 6
744 155 1
743 1374 7
1565 1333 2
273 875 6
528 702 12
23 1268 5
626 513 26
1447 933 2
960 1061 1
69 647 2
592 513 50
190 689 2
1304 787 7
499 858 12
315 114 8
13 59 8
70 93 12
514 599 2
195 1004 8
151 1448 2
546 80 8
704 1173 1
1215 424 7
1081 1076 2
306 46 8
1304 719 7
505 531 2
1394 855 27
252 1058 27
499 732 7
384 839 7
23 309 2
195 936 8
944 1126 2
122 1291 16
1154 1430 57
518 462 8
619 922 2
266 1173 2
297 1482 8
140 707 2
1510 667 27
603 722 2
1496 1589 38
784 91 77
1271 1173 2
157 1128 8
979 68 24
485 979 2
238 880 1
938 804 2
329 1015 36
1271 458 33
487 80 8
565 914 2
155 952 33
1172 957 8
922 1450 2
1044 337 38
701 21 2
340 1502 7
495 88 3
320 136 6
489 1396 8
998 739 67
126 647 2
844 1190 71
772 605 77
102 831 2
36 1305 14
565 1242 2
790 720 7
51 476 30
1242 504 2
588 728 8
875 903 6
1354 1112 23
450 453 2
390 1227 6
1220 779 6
819 244 8
217 917 2
1225 244 48
572 879 2
552 883 33
1357 590 2
272 325 20
681 1310 8
443 920 74
1225 932 48
555 1141 2
216 1415 2
435 1419 8
1237 507 8
643 336 6
416 325 2
1315 597 52
894 903 2
347 197 8
1307 297 6
958 340 5
514 189 27
347 139 3
880 223 2
286 174 1
988 1122 2
52 1199 7
330 63 8
1100 512 2
834 513 26
43 839 7
528 1291 33
52 1491 7
317 1212 8
62 178 2
466 1566 5
157 1491 7
979 1450 2
631 891 7
824 865 6
253 686 1
506 1583 8
483 372 1
1536 647 52
913 36 30
702 353 5
528 330 8
960 305 7
902 1554 5
360 994 37
347 1186 16
1476 23 30
311 1392 30
395 766 8
784 1115 77
438 1292 30
171 437 8
893 810 15
466 228 6
933 1112 2
159 628 2
1120 1375 27
30 551 2
1404 942 33
1058 834 2
476 1247 2
829 226 3
720 244 8
32 368 2
1396 32 7
499 22 8
1567 706 1
453 999 2
720 140 8
20 216 7
601 923 7
449 905 2
599 390 8
218 889 2
1054 1581 8
1033 1120 2
54 311 25
259 240 2
592 1396 8
1272 1161 8
20 508 7
566 178 1
114 1169 2
1225 1336 48
266 21 8
1372 800 7
717 1388 61
454 1121 2
829 112 8
792 1053 2
552 823 33
438 1371 2
329 1389 7
805 588 8
286 1266 1
962 658 0
489 249 8
449 728 8
512 533 5
1084 1404 2
681 1112 23
987 1470 2
889 1211 2
216 39 8
671 834 8
681 1124 33
311 1299 2
437 162 2
1106 151 2
251 453 35
900 177 2
279 707 27
1398 1609 47
1297 263 1
621 734 57
318 1377 8
650 1061 2
1138 28 8
641 647 2
343 627 8
1215 437 7
648 32 8
574 960 35
681 163 8
759 1393 2
409 148 2
993 462 8
626 1199 7
1438 1305 8
855 979 2
1184 1496 53
992 114 8
313 197 8
941 1203 6
265 1415 7
981 1003 7
1402 1342 7
626 1491 7
1210 90 8
838 507 7
643 355 8
190 269 8
623 219 2
1081 625 2
1216 1581 8
502 865 2
616 829 2
834 863 7
1550 627 8
140 360 2
862 296 8
489 726 2
133 533 1
992 70 35
466 856 6
784 1639 77
1500 718 2
360 1337 2
933 91 7
988 368 30
568 1402 6
834 1133 2
1485 1554 2
399 114 2
829 808 8
1044 1593 38
1061 742 23
367 920 2
623 928 20
108 1624 48
565 859 2
1230 138 25
28 793 8
340 1447 7
913 1035 2
980 922 30
835 102 2
265 342 9
552 1251 2
102 1 6
447 360 2
464 390 2
241 48 7
253 533 3
428 596 16
900 581 2
21 92 8
229 676 2
112 1416 2
588 277 8
29 158 8
698 147 8
1480 347 33
667 1395 7
217 1258 2
1297 1355 1
1478 681 2
664 834 2
297 837 6
1154 114 8
761 70 1
1454 1000 2
555 789 8
988 1135 2
1225 877 48
778 829 2
316 265 6
311 324 2
933 389 36
614 104 5
216 959 8
1315 938 52
510 384 5
1282 1448 30
240 485 30
1570 222 8
112 32 8
347 1455 30
995 848 8
834 1122 6
976 1357 2
1199 1315 7
1210 677 7
639 102 2
159 513 26
1179 1570 7
510 1482 7
1516 920 1
507 393 59
1031 1315 5
636 21 8
1562 453 34
237 1173 1
1540 808 8
1330 531 29
993 3 8
706 603 6
1148 681 27
988 1392 30
89 866 36
167 347 2
359 1581 8
259 854 27
829 1395 7
1033 1133 2
1398 889 2
596 297 8
834 54 2
1229 1227 6
470 974 2
1053 355 8
454 436 7
265 970 9
454 728 7
643 685 6
998 139 1
952 772 14
598 437 8
952 813 15
540 667 27
1250 297 2
894 856 2
28 88 3
265 535 30
1355 297 2
101 614 7
849 265 15
453 772 2
1304 1327 6
894 1148 2
555 1026 2
28 42 8
157 1070 5
891 1491 7
435 97 8
1122 1449 2
908 355 8
1283 1554 0
607 1499 10
681 381 33
1003 888 23
894 1080 2
671 779 8
21 1376 15
402 568 7
1392 1567 1
424 959 8
627 1438 7
493 1315 6
1106 388 2
650 610 2
926 939 15
200 531 2
759 1437 8
681 108 8
759 1338 2
872 662 2
65 159 7
406 594 7
1555 569 2
743 404 7
945 1567 2
1337 588 8
870 83 8
922 230 41
49 297 2
913 609 30
1441 110 2
1402 850 6
1284 933 2
382 1070 7
402 833 8
820 133 1
292 369 2
507 833 8
945 1161 7
592 183 6
514 25 2
1283 201 12
1037 1405 2
507 1125 8
145 229 2
371 1482 7
1139 1292 16
454 1132 7
623 533 3
814 568 7
829 758 2
365 1305 8
923 1634 2
577 618 2
1129 910 1
1250 993 2
195 852 20
991 1430 57
29 1482 8
238 1161 7
380 563 2
340 1100 7
1242 667 27
145 453 2
774 1417 27
563 1338 2
913 980 2
829 685 8
1377 90 7
941 471 8
941 75 8
1468 563 7
1570 1213 7
814 1125 8
268 412 5
307 1554 2
145 1230 20
588 222 8
217 911 2
662 1120 2
780 1416 2
1483 258 2
698 92 8
463 437 2
234 936 8
747 1554 0
70 334 1
626 1070 5
1181 1491 5
540 626 2
1446 933 2
624 1271 1
325 949 2
325 553 2
1230 220 2
744 277 1
751 1608 2
1304 284 6
880 1424 2
163 766 57
1388 533 5
438 565 2
83 1449 2
535 499 2
894 59 7
1449 26 2
507 701 1
85 159 2
1570 167 8
98 999 14
1080 626 2
349 1554 0
862 833 59
981 1284 7
458 1548 5
636 908 7
1221 543 8
789 32 8
62 937 7
1476 1292 30
527 1305 8
1554 318 2
279 611 2
734 1406 2
1210 663 8
829 1162 2
39 252 6
270 647 2
1176 913 1
52 1062 8
865 147 7
601 297 7
618 269 2
363 891 7
913 172 5
928 390 2
626 335 2
159 226 2
225 1408 1
294 390 8
784 213 77
921 954 7
355 320 6
437 596 30
1164 1468 2
370 551 2
1252 988 2
134 1322 13
127 766 8
932 766 7
170 1292 30
470 919 2
317 75 5
689 829 2
468 1003 2
454 719 2
878 804 2
447 933 2
674 1404 2
1081 958 5
1349 750 2
903 504 2
786 1581 8
1330 159 1
515 1567 1
555 1367 2
623 513 26
692 502 8
1209 800 7
286 364 1
442 936 8
61 998 1
323 269 7
1496 638 40
420 1333 2
428 553 2
1436 1510 2
880 53 2
906 834 8
76 787 2
1104 732 7
552 44 8
372 293 66
979 638 27
809 160 30
1080 875 6
724 1061 1
12 623 20
326 533 3
74 114 2
699 594 10
736 766 7
118 622 35
200 476 2
512 833 7
527 330 8
403 834 8
277 1061 2
1555 514 2
402 90 8
782 1371 30
1541 888 2
499 717 2
1405 628 2
244 506 6
253 1199 7
159 166 2
865 1108 8
195 83 8
834 357 7
1046 879 74
499 282 23
607 359 2
536 624 30
368 574 2
753 286 15
784 1237 77
1397 52 7
434 160 14
838 766 8
551 533 5
138 784 2
729 330 8
374 888 23
1030 854 27
1291 1006 44
277 611 34
1081 838 8
453 971 58
1458 286 15
891 1070 5
118 1389 7
1172 104 8
922 597 2
28 787 8
951 728 8
512 139 5
923 427 2
1374 335 2
458 1395 7
907 1172 2
102 1243 7
489 881 3
558 1359 2
880 947 41
1468 216 7
1104 745 1
337 981 27
1136 433 7
923 1115 2
1354 590 2
1253 201 12
32 813 8
193 1106 57
1076 160 30
1364 1230 2
1152 611 2
217 168 2
23 341 3
51 311 30
1000 151 2
698 37 8
913 857 2
641 941 2
286 992 1
305 430 2
901 751 2
184 489 57
563 3 8
416 1075 2
766 321 2
190 172 2
886 114 8
685 424 14
1561 1418 7
190 464 2
820 926 15
647 230 2
191 393 8
399 681 27
463 987 71
1554 367 2
961 1354 1
265 1245 7
158 514 2
623 841 2
614 8 7
1230 92 8
506 730 8
600 1228 1
35 190 2
1394 1026 27
1570 44 8
1119 1448 30
32 848 7
865 92 7
627 277 8
720 1062 8
451 893 30
278 262 2
724 305 7
266 552 2
708 1649 2
681 1325 5
535 320 19
1265 320 6
1193 114 8
328 1315 5
1307 766 8
1055 347 7
52 881 3
517 1126 14
401 1305 8
988 1282 30
23 704 2
594 487 7
804 1243 7
611 1403 19
941 716 8
982 1225 5
1158 52 8
1330 720 15
524 489 15
228 297 6
297 694 5
1171 42 8
592 147 8
592 881 3
435 929 7
102 606 2
753 252 6
913 1553 2
1377 663 7
454 664 2
101 258 2
177 1375 27
565 1309 2
552 366 33
774 1029 2
270 453 30
681 1090 2
879 1029 2
325 187 33
220 834 2
507 1446 1
418 1443 1
570 21 8
1008 390 8
1554 293 0
323 318 7
879 1321 2
744 162 1
68 770 2
85 800 2
1061 1397 0
643 111 6
1497 658 66
623 1199 7
1080 470 1
98 1577 8
390 1564 1
48 543 1
623 1491 7
1221 387 7
82 1377 8
1219 908 8
286 241 1
269 252 2
502 681 27
1289 441 0
398 464 2
750 126 2
784 1101 5
485 779 6
1064 1408 1
176 605 2
30 894 2
148 865 6
1210 1236 8
1394 1258 27
721 1333 27
503 360 2
977 552 2
855 80 7
399 1036 2
763 507 8
829 233 27
600 603 6
982 21 8
702 420 5
601 870 7
810 491 1
470 493 6
1054 1033 2
470 97 6
604 558 2
945 993 2
159 502 8
1139 98 16
1179 21 7
468 1352 2
22 1106 2
315 347 30
33 729 2
1098 1225 0
365 804 2
596 28 2
925 952 33
1527 80 8
238 409 2
1050 1437 19
470 1200 2
195 54 20
1466 1164 1
372 90 8
696 495 8
455 865 6
335 770 2
192 216 30
880 600 41
774 619 27
273 1291 30
1497 384 3
320 1227 6
359 32 8
675 722 2
454 896 2
442 848 7
85 1554 7
369 877 30
1210 938 6
552 2 2
643 1203 6
442 1536 7
1040 770 2
1152 160 2
995 1437 7
555 1252 2
1121 1449 2
552 890 33
1040 1161 8
1479 311 2
1137 834 8
423 514 2
717 453 35
672 804 2
750 93 1
1232 626 48
551 1450 2
80 1062 7
867 240 2
1449 189 27
824 607 5
569 355 8
1144 21 8
372 1062 5
880 976 7
253 1070 5
1209 1305 7
279 774 27
779 197 8
995 596 33
981 486 7
159 824 6
74 979 2
252 1213 6
531 349 2
211 114 8
297 937 7
1443 282 23
393 569 2
960 713 1
747 347 33
117 1500 30
159 1495 2
348 741 1
1230 37 8
594 208 7
157 165 2
722 1581 8
627 222 8
48 125 2
603 150 2
1230 761 15
1497 310 1
159 1031 2
1265 265 6
162 1173 2
1110 1225 5
1497 1097 7
360 1112 2
252 314 27
988 539 30
157 848 8
144 102 8
594 478 2
18 32 8
1497 1389 7
923 1418 7
565 1030 2
1230 1084 21
1250 888 23
865 1118 5
1466 1688 1
424 1517 1
1483 552 2
220 555 2
368 1371 2
1229 1062 6
960 1371 30
699 1161 8
1402 3 8
592 92 8
485 626 8
1402 341 3
746 766 5
207 551 2
470 53 2
710 28 8
127 588 8
900 648 2
937 1315 5
1203 865 6
324 499 2
645 1567 1
373 114 8
270 398 30
322 1033 2
563 226 3
551 475 2
80 87 7
515 1061 1
552 1250 2
389 489 15
990 1496 12
216 1135 2
1100 1292 33
4 160 14
1081 384 5
870 568 7
1198 1044 53
503 1305 6
552 523 23
981 1474 7
528 1388 7
1449 648 2
425 751 2
424 111 2
1570 393 8
777 908 8
1081 1550 7
1106 858 12
476 596 30
173 611 2
611 1376 2
596 720 15
1371 1518 30
424 502 8
27 1292 30
871 1127 8
1291 226 5
1221 769 8
974 558 2
1188 102 7
603 1242 2
1210 452 7
391 623 2
1394 911 27
747 1371 33
252 1510 27
626 728 8
870 833 8
1081 1424 2
157 1549 2
49 1443 2
829 1342 7
445 1554 0
479 506 6
347 573 15
399 981 2
31 723 2
558 1170 0
23 1345 2
604 607 2
1350 1554 1
369 497 2
262 1031 2
719 891 8
470 438 6
908 1203 6
419 70 35
1173 1262 2
592 59 7
359 1315 7
1173 1274 12
1405 54 2
977 424 8
912 779 6
360 91 7
253 1062 8
416 1304 5
382 441 7
487 32 8
1183 458 29
627 1511 9
447 1181 7
702 970 74
701 369 2
1087 453 35
1136 1342 7
1357 1110 2
449 625 2
33 210 2
21 500 2
21 104 2
907 770 2
107 1161 7
692 796 8
551 833 7
348 255 2
939 908 8
1377 1236 7
36 50 14
442 1131 2
800 92 8
923 312 8
551 1125 7
623 1070 5
1567 1087 2
1000 1352 2
329 1109 7
1459 480 2
510 855 5
541 913 2
286 590 1
1291 205 14
234 83 8
70 1480 1
1225 884 48
563 808 8
736 623 6
869 759 2
1439 240 2
951 1373 21
1114 893 33
330 119 8
1210 1544 7
417 603 27
416 569 2
360 389 36
1338 662 2
647 1035 2
1449 1568 2
635 1284 1
623 1004 27
1561 562 2
565 1314 5
1289 1014 0
759 1212 8
195 377 8
514 1191 12
406 369 7
159 373 6
1179 766 7
543 98 14
393 514 2
1304 92 7
1394 228 27
53 458 2
1179 662 7
1281 875 6
623 335 2
229 597 71
913 676 30
164 1161 7
507 796 59
636 424 8
653 1554 0
1283 360 2
466 284 6
701 1036 2
380 114 2
159 1080 2
369 729 2
205 1172 77
183 495 8
507 1296 8
263 1292 33
1383 390 7
1029 854 27
988 192 30
337 1210 6
1405 1078 2
713 444 23
1302 44 8
1500 438 2
1207 1500 5
1287 31 33
1497 646 7
418 607 30
829 477 70
1210 1246 5
454 1199 7
1053 763 2
1264 1448 2
1052 829 2
598 908 8
486 453 34
157 37 8
449 857 2
913 651 53
1258 1230 2
454 1177 2
673 33 2
737 624 30
440 893 2
457 923 2
390 1124 30
1039 766 8
673 325 2
565 219 2
746 23 5
620 1230 20
981 128 11
1144 766 8
216 460 2
192 265 6
1359 1428 2
774 231 2
588 393 8
880 929 7
338 390 7
1120 1377 8
891 728 8
512 881 5
1438 1388 7
442 83 8
437 213 8
486 1225 0
199 258 2
643 1 6
774 455 2
390 824 6
1570 384 3
591 1225 0
941 1578 5
633 1338 1
900 916 8
894 172 2
960 1354 1
894 167 8
424 51 8
110 834 19
976 681 2
850 611 2
713 1191 12
98 781 30
1081 1077 2
862 1108 8
306 47 8
1394 1252 27
913 411 5
862 936 59
1087 114 8
122 1292 16
618 148 2
902 531 5
401 766 7
704 1106 1
759 65 8
33 1242 2
360 1393 2
1291 1607 2
707 1243 7
1377 269 7
297 172 8
171 102 8
23 534 2
923 1641 2
1173 200 33
829 1156 8
1502 329 2
276 102 8
468 858 12
255 1581 8
531 851 30
900 1393 2
106 476 2
507 149 8
1036 104 2
226 311 31
102 57 6
1037 424 8
1328 441 0
325 1128 2
899 603 7
457 240 2
434 1081 6
707 197 8
1454 1416 2
219 834 2
219 1230 2
774 859 2
442 1076 2
349 229 33
93 764 2
836 480 30
1000 901 2
438 1036 2
226 21 2
97 340 2
1126 1321 7
208 908 7
435 1420 8
692 277 8
804 63 8
681 1207 8
1008 908 8
1407 1289 36
988 1483 2
881 76 7
85 922 2
84 993 2
1371 90 8
1050 293 0
1210 1197 7
804 355 8
540 114 2
416 618 2
623 1367 2
424 684 2
411 1436 2
189 574 2
528 1292 33
647 980 2
952 368 31
267 662 27
238 160 30
281 480 2
297 581 2
869 240 2
147 31 16
269 770 2
168 504 2
981 26 2
876 21 8
160 730 2
13 193 5
624 295 1
176 435 2
636 437 8
285 605 8
258 1340 2
1313 789 2
1298 891 7
261 702 12
318 435 80
274 879 74
1540 1156 8
607 530 2
1001 1225 0
707 606 2
707 210 2
772 1302 77
21 849 2
945 888 23
1061 446 2
1271 491 2
162 766 8
21 1141 2
1381 1161 7
627 481 9
925 118 2
1486 1161 7
449 1198 2
501 424 8
1179 1190 71
1185 265 8
1138 667 27
1253 360 2
723 80 8
322 320 6
514 1514 0
675 844 2
594 341 3
250 114 8
878 1161 7
1164 533 3
829 743 3
588 46 8
551 638 27
588 384 3
355 114 8
112 347 7
167 624 30
62 1015 36
800 957 8
98 63 7
217 235 2
449 1125 8
997 134 7
1228 501 1
624 699 1
205 875 7
527 369 1
468 22 8
322 626 8
201 342 74
1496 1256 5
93 13 2
594 1335 5
402 957 8
390 373 6
190 239 2
318 839 80
409 545 2
292 889 2
737 998 7
729 514 2
541 102 8
1084 21 8
1397 1315 7
841 988 2
1510 681 27
829 882 2
365 1388 7
252 1004 27
510 355 7
834 1156 7
1283 933 2
374 1371 33
902 476 5
154 1333 2
594 726 7
808 766 7
271 647 2
506 833 8
606 675 2
261 1291 33
380 979 2
921 382 7
277 80 8
1526 1396 8
247 1181 7
1055 518 7
760 1344 5
268 116 8
32 1243 7
1448 173 30
720 1457 8
722 32 8
610 980 3
217 1035 2
143 326 8
28 1482 8
891 937 1
425 1289 36
102 381 2
126 588 8
925 31 33
1228 1593 1
1377 438 7
1377 42 7
1474 1106 2
442 729 2
558 1047 33
688 255 2
1009 1305 8
101 424 8
1461 652 2
1106 1140 2
555 399 2
584 80 8
141 278 9
995 1518 33
206 325 2
689 80 8
1559 1315 7
1000 858 12
787 1581 8
543 981 2
449 384 3
527 1388 7
979 1568 2
303 551 2
531 1271 2
190 575 2
869 854 27
420 1053 2
1315 543 52
1497 1317 5
1388 881 5
416 563 2
1533 727 1
551 983 14
300 795 7
347 39 8
635 486 1
55 891 7
304 1181 7
1056 779 6
1546 834 8
415 264 8
411 229 2
159 1231 17
285 555 2
829 735 6
619 854 27
603 1364 2
306 958 3
1183 750 7
1184 626 2
84 766 2
503 531 2
30 565 2
750 270 3
902 1500 5
160 269 7
829 399 33
435 338 5
85 470 45
358 1315 7
1448 869 30
317 991 5
381 32 8
927 372 1
159 277 8
142 148 2
126 555 7
271 360 2
770 432 15
126 893 2
421 1500 30
486 329 2
227 70 1
1162 891 8
915 558 1
1041 804 2
591 329 2
1402 1217 8
301 702 77
891 877 1
411 1230 20
1372 454 7
449 455 2
118 1109 7
1036 677 2
20 454 7
1047 652 44
1193 480 51
1082 98 30
160 536 30
454 1062 8
423 854 27
547 920 1
648 1362 2
290 531 5
624 830 30
369 944 30
476 1518 30
265 1224 30
545 1075 2
570 424 8
1251 998 29
1567 2 2
1561 1310 7
489 533 3
1117 1125 8
647 619 27
208 216 2
1567 890 33
76 1239 2
919 1292 30
744 1253 1
1329 888 2
552 397 2
1232 297 48
417 829 27
627 1236 52
922 642 30
92 390 2
1533 1355 1
880 401 2
156 998 1
986 987 2
229 203 71
913 678 30
1333 167 8
743 1161 7
1221 1227 8
326 881 3
647 1553 2
859 569 2
1554 1439 33
1075 1236 7
317 183 8
70 368 2
641 588 8
842 552 1
1082 865 2
159 978 2
45 618 2
852 1075 2
1416 307 2
1210 36 8
77 891 8
960 879 7
912 1305 6
1322 114 8
23 200 2
932 1081 6
1053 661 2
814 929 7
849 603 2
32 568 7
713 1001 2
627 393 8
604 1357 2
1291 471 7
498 766 8
162 552 2
21 1026 2
252 485 27
552 99 0
586 1033 2
551 881 5
348 1177 2
340 1065 7
923 1635 2
491 65 8
127 98 7
976 1292 30
667 1455 2
569 189 27
217 980 2
1229 837 6
804 1337 2
1054 52 8
334 702 12
240 502 2
240 106 2
1253 933 2
102 722 2
1225 1531 1
229 622 2
217 516 2
1321 779 6
56 1292 16
900 423 2
592 1204 50
234 937 8
98 974 2
438 588 7
964 99 0
1001 329 2
1328 741 2
82 774 2
552 728 8
1474 191 2
442 210 2
435 1310 8
1254 32 8
1210 3 7
437 1127 8
889 78 2
168 667 27
1449 423 2
1211 667 27
768 369 3
641 470 33
528 98 33
409 722 2
32 1327 6
834 1505 7
159 1227 6
1424 627 7
514 722 2
855 1449 2
829 284 6
603 1309 2
1416 831 2
721 1053 27
1394 978 27
503 476 2
893 928 45
1164 1199 7
601 240 2
1053 1243 7
1160 1443 2
938 681 27
977 320 19
1164 1491 7
667 1335 5
369 272 2
500 662 2
638 437 8
50 187 2
1569 926 15
1461 750 30
896 435 5
988 942 30
830 424 2
1030 1333 2
483 627 8
677 751 1
359 1428 2
30 442 2
1402 433 7
1144 1210 6
766 721 5
1313 309 14
900 1223 2
803 893 2
1448 350 30
540 681 27
470 524 2
900 1515 2
487 495 8
1505 588 8
357 390 2
908 1243 7
98 1332 7
681 1506 2
1253 1561 2
899 829 7
563 1052 2
1357 554 23
913 298 2
211 76 78
442 568 7
1008 1161 7
420 627 6
341 1036 2
255 32 8
942 1292 30
923 87 8
311 925 1
334 1291 33
468 622 34
265 877 30
290 476 5
1225 763 48
1449 1515 2
57 1377 6
551 878 2
281 1375 27
281 979 27
409 1418 2
194 751 1
1022 265 8
1455 611 2
1003 1561 2
1443 901 2
334 330 8
1221 1199 7
190 1148 2
569 471 8
420 1230 2
894 1026 2
550 229 33
1570 796 8
1221 1177 2
880 346 2
1333 112 8
633 485 1
513 1362 2
974 1357 2
900 63 8
297 411 2
326 92 8
393 854 27
1197 1315 7
532 102 2
859 514 2
62 697 2
468 718 10
322 52 8
913 1661 5
415 837 8
922 519 30
177 1377 8
618 1316 7
463 652 71
872 504 2
1177 667 27
390 678 2
1394 399 27
1179 437 7
252 206 27
720 3 1
1081 516 2
913 451 30
862 83 59
502 360 2
1321 626 8
1284 1567 2
439 160 30
961 654 7
142 429 2
159 855 2
77 80 8
635 112 8
784 1634 77
1397 449 7
1461 159 20
486 610 2
36 531 2
340 718 7
33 1077 2
1500 609 2
522 32 8
21 1367 2
1291 1007 44
752 114 8
993 241 35
453 972 58
1500 505 2
470 1152 2
40 102 8
125 623 2
449 1028 2
144 114 8
340 650 7
1083 278 9
170 610 30
145 102 8
112 979 2
128 369 2
922 890 2
458 1396 7
19 32 8
563 1342 7
371 90 8
787 518 7
1354 591 2
1240 505 1
1377 36 7
763 265 6
1251 888 23
1210 1245 5
540 1036 2
27 390 8
272 50 55
894 1384 7
207 667 2
98 289 7
217 857 2
836 23 30
995 1389 7
1026 834 2
763 610 17
212 987 2
592 357 50
1474 240 2
657 31 33
1500 830 30
555 289 2
1447 458 33
618 223 26
652 136 6
563 296 8
313 789 2
1446 1567 2
904 784 19
628 834 2
1045 1126 16
1044 411 40
1304 959 7
766 568 7
894 384 3
183 1075 2
424 222 8
297 1389 7
981 1568 2
1354 293 0
53 1315 7
603 1358 2
1400 891 7
1080 504 2
1315 568 7
399 409 2
820 311 1
502 988 2
181 32 8
1173 1446 2
411 114 8
647 54 8
573 491 1
267 33 27
370 565 2
569 101 26
32 1479 2
480 831 2
692 1125 6
933 656 2
1500 841 2
489 1199 7
1354 1287 2
707 1310 7
300 952 30
367 751 2
498 28 8
1448 399 30
1233 1496 1
1250 1567 2
35 707 2
594 1217 8
867 1190 41
1466 141 1
479 829 2
1460 454 41
217 1553 2
140 702 8
435 493 6
1428 1557 5
1130 453 1
454 665 2
1375 90 7
614 1514 66
85 531 7
1045 265 8
1371 37 8
774 1030 2
778 1416 2
900 1054 7
763 854 27
1221 502 2
329 433 7
1333 1395 7
550 993 2
344 326 8
1496 292 40
894 1039 2
458 983 2
1106 1274 12
438 1161 7
1550 1181 7
80 39 7
252 765 19
1554 1023 1
910 424 8
543 1161 7
1316 1500 2
647 651 53
780 611 2
654 541 2
372 727 5
541 565 2
507 68 1
102 1224 30
1164 1070 5
719 1416 2
409 189 27
1000 622 34
1516 751 1
267 369 27
191 553 44
195 75 3
1305 848 7
945 347 33
14 1000 1
1000 1170 0
698 1097 7
628 766 8
1117 384 5
19 1315 7
1126 810 15
240 1479 2
707 381 2
259 480 2
592 1199 7
1061 617 2
592 1578 3
252 83 27
544 507 21
692 46 6
1081 393 2
923 837 2
814 63 7
1405 798 2
160 830 30
688 1177 2
1152 229 2
558 617 2
575 647 2
273 1292 30
449 577 2
265 1518 30
1229 39 6
454 1293 2
1481 908 7
654 462 57
1391 702 8
913 475 2
1535 1221 20
442 1479 2
1454 216 2
569 820 8
1409 866 36
1468 454 7
1371 957 8
671 1371 2
428 36 16
667 147 7
1040 766 8
965 441 0
1461 1402 2
185 759 27
1330 1421 1
1117 1310 7
334 512 2
396 1292 16
286 938 1
458 341 3
140 1059 5
636 913 2
406 1181 7
406 785 7
625 1033 2
1223 325 2
499 1359 2
759 1565 2
1297 727 1
759 1169 2
1554 873 33
1333 685 8
880 1310 8
873 1371 2
159 1013 57
543 60 2
390 1314 8
651 662 38
318 1302 80
862 932 8
171 1305 8
607 1001 2
1061 637 12
157 526 2
408 21 8
692 1138 6
737 647 2
1033 513 26
945 1371 33
1295 1075 2
594 943 2
470 1122 6
829 949 2
1388 1418 7
23 718 2
369 1077 2
1246 1057 57
33 1358 2
770 1566 5
235 681 27
468 670 2
22 424 2
1094 1126 30
707 905 2
1496 1602 38
505 476 2
35 360 2
1028 854 27
913 792 6
594 433 7
750 976 30
336 1210 6
912 531 2
1164 1062 8
565 1031 2
56 531 30
95 1377 52
1079 98 30
468 602 2
808 1161 7
1480 191 33
772 326 77
1466 378 1
458 704 2
879 1002 1
1374 805 2
917 428 33
784 1241 7
907 435 2
491 119 8
761 998 1
770 957 7
102 844 2
692 65 8
925 98 33
790 1129 7
774 975 2
1155 80 8
552 1314 8
98 1200 2
383 428 41
1282 1292 30
900 1337 2
435 848 8
1252 702 8
516 1375 27
284 1081 52
1421 1310 7
1106 200 33
643 57 6
88 854 27
1554 1009 2
1482 424 8
437 561 8
515 1354 1
111 1126 14
1210 917 7
296 610 17
330 226 3
869 424 2
1004 588 8
1554 282 23
614 172 5
421 262 2
635 261 1
872 667 27
871 1128 8
926 483 15
1051 193 5
574 53 35
765 834 8
829 802 57
983 1305 14
626 1026 2
933 568 1
618 1252 2
176 551 2
873 941 44
167 191 2
731 134 7
824 1315 7
1296 766 59
116 499 21
720 1199 7
929 1315 7
1058 623 2
1460 750 30
618 450 7
618 1184 2
369 498 2
1172 937 7
1257 1161 7
470 43 6
908 808 6
1054 979 2
701 834 2
160 377 8
1126 743 5
692 95 6
907 839 2
127 952 7
1522 102 8
568 891 6
138 675 2
337 875 6
454 910 2
702 971 74
479 1402 2
1372 229 7
349 1000 2
350 1581 8
701 662 2
988 115 15
563 882 2
99 1388 7
913 128 2
1044 63 8
695 881 3
348 548 2
913 420 2
1035 495 8
1230 1097 7
442 1424 2
667 138 2
218 834 2
667 92 7
879 292 2
1451 347 2
673 21 8
409 101 26
138 1292 30
435 899 3
898 891 8
1210 1545 7
514 101 26
221 80 8
432 1161 8
650 531 33
213 702 8
70 165 7
325 92 8
325 51 7
330 808 8
503 623 6
1126 949 44
347 838 8
191 902 44
71 491 2
398 642 2
633 269 6
747 1404 2
1080 667 27
1537 1097 7
535 330 8
398 1330 2
531 295 2
1477 507 0
162 499 2
1481 1448 30
875 471 8
960 654 7
980 21 8
871 377 8
1436 249 8
737 988 2
29 1389 7
1424 102 7
45 325 2
262 1008 39
862 601 59
1298 32 7
1398 1315 7
52 502 8
1055 306 7
154 1053 2
1403 32 7
951 1419 8
157 502 8
369 1418 2
489 838 8
317 1290 5
489 1135 2
1509 1091 2
329 389 36
1520 21 8
999 518 77
915 1357 1
255 563 2
988 485 30
598 1305 8
602 751 2
265 90 8
1250 1561 2
23 199 2
594 815 8
912 476 2
1485 1567 2
125 453 2
829 1217 8
32 1004 8
1378 102 2
455 611 2
1375 1337 2
347 1607 2
507 338 5
1235 1292 16
623 1337 20
563 1510 2
925 466 2
468 151 2
489 1062 8
217 1047 2
240 277 2
723 32 8
1292 1392 30
674 552 2
274 1490 5
420 1377 6
282 880 15
969 658 0
1164 881 3
552 1264 2
1227 610 2
965 1014 0
1421 193 5
167 50 14
774 524 2
727 1554 0
464 893 14
1000 670 2
438 409 2
98 411 7
665 880 2
1408 153 5
664 159 2
1126 298 7
905 1305 8
435 793 8
88 1567 7
297 850 6
265 1062 5
1136 1217 8
437 803 2
995 277 8
1215 390 7
1533 447 1
49 1061 2
820 605 1
409 497 2
865 387 7
48 434 1
491 389 36
62 1109 7
880 181 2
1326 265 8
1106 753 23
1394 857 27
913 412 5
514 789 2
158 1033 2
139 33 2
49 993 2
1536 313 52
610 37 7
1352 611 35
739 191 2
399 531 2
157 1031 2
176 32 2
444 880 15
49 611 34
888 156 15
577 626 2
1500 1359 2
662 513 26
1287 952 33
30 217 2
191 1179 31
981 796 20
1058 891 8
1382 1570 7
1009 1388 7
713 25 2
913 638 27
1044 235 38
528 594 10
766 1184 5
381 80 8
1483 1126 2
1146 424 7
1163 891 8
218 555 2
903 1036 2
1171 957 8
907 320 2
1225 1002 48
555 1211 2
483 626 8
512 1578 5
1056 114 8
1033 1078 2
695 92 8
442 1077 2
907 612 2
70 1098 1
569 22 8
676 893 2
234 75 3
278 920 1
449 399 2
667 37 7
1008 1305 8
555 1097 7
555 1039 2
854 638 27
1128 626 8
684 1291 14
658 114 8
787 326 8
951 1319 21
369 200 30
1443 572 2
330 65 8
981 49 7
922 362 30
404 805 2
98 1007 44
52 1097 7
347 387 8
35 1405 2
508 929 7
435 42 8
530 160 33
1156 766 5
981 377 7
183 514 2
1082 981 2
381 453 2
1183 702 7
406 607 7
1230 203 55
265 685 7
1181 1578 7
30 913 2
913 622 30
601 993 7
1312 437 8
50 986 2
195 641 20
604 681 2
119 50 41
1025 1416 2
607 823 2
1496 1584 28
996 926 15
159 917 8
476 334 2
1266 1305 8
1373 1388 7
20 510 7
1384 908 7
28 167 8
820 114 8
581 626 2
1120 1000 2
460 480 2
934 766 8
468 533 3
242 23 79
300 31 30
1459 325 1
1460 1402 2
476 162 2
913 259 7
552 958 3
1047 382 8
1451 988 2
672 681 27
774 177 2
1138 98 8
1221 1310 7
662 1133 2
423 1033 2
189 1225 7
555 460 2
1250 998 29
1552 1298 7
1289 934 15
116 1616 55
75 766 7
1355 998 29
657 98 33
85 240 2
489 1267 15
678 1305 14
770 820 8
1061 441 0
1190 368 16
229 947 71
576 160 14
312 216 2
363 866 36
985 987 2
737 941 2
1570 226 3
891 502 8
555 387 8
338 311 30
834 1184 6
436 98 14
847 1161 7
512 264 2
681 68 24
1303 993 7
541 98 14
603 1133 2
736 588 8
495 1395 7
1496 1604 38
391 514 2
514 833 8
611 803 2
372 581 1
454 1124 16
1174 759 2
514 1125 8
77 611 35
1570 112 8
605 450 2
437 781 30
387 32 7
311 315 30
1554 53 34
507 59 59
1187 32 8
23 840 2
49 998 29
261 1292 33
480 606 2
1176 607 2
259 1230 2
707 1131 2
1112 880 15
999 695 77
371 957 8
348 1525 2
1030 1053 2
306 1325 5
1262 1448 2
265 663 8
1251 1371 33
29 228 8
888 417 5
1456 1567 1
1031 1333 2
1328 1005 36
32 1577 8
311 539 30
450 468 2
724 1500 30
475 114 2
900 233 27
114 488 2
1083 973 9
285 1221 20
1037 766 8
223 424 2
334 1388 7
468 719 8
254 1428 75
912 981 2
692 291 8
790 563 7
695 37 8
216 1384 7
812 1291 14
1161 59 8
316 627 6
995 189 7
774 1493 2
187 31 16
1456 229 2
112 102 8
347 108 8
449 47 8
541 804 2
409 1138 2
365 1315 5
1050 193 5
347 40 8
55 834 2
303 880 2
657 62 2
295 1106 2
493 1377 6
766 97 8
974 681 2
630 891 8
905 1315 5
267 900 27
995 36 33
160 676 2
53 453 2
626 1148 2
494 118 2
1291 368 31
483 611 1
498 504 2
1050 796 1
374 1404 2
268 813 8
1315 97 8
470 269 6
32 279 2
232 751 1
1053 722 2
879 36 14
1193 216 50
1521 102 8
357 514 2
323 88 5
21 399 2
495 685 8
976 320 19
150 611 2
1561 440 35
360 656 2
712 21 8
519 607 30
1025 1315 7
506 47 8
524 531 30
510 42 8
255 453 2
745 311 35
1258 829 2
61 720 15
899 489 7
28 112 8
380 229 2
97 603 6
922 1006 2
392 330 8
667 724 2
1375 97 7
440 784 2
468 140 8
1371 3 7
769 891 6
41 889 14
9 908 8
923 1227 8
1164 37 8
695 957 8
1135 297 8
889 1122 2
774 122 2
657 466 2
390 95 6
550 1000 2
1502 453 34
350 32 8
1496 1270 5
997 80 7
27 216 30
541 1036 2
759 1070 7
905 804 2
779 833 8
1131 1616 55
555 108 8
362 60 71
265 1227 52
1565 829 2
200 893 2
322 531 7
1552 1243 7
779 1125 8
795 119 8
552 789 8
552 393 8
1443 1541 2
1336 134 7
900 119 8
377 779 6
380 1230 20
1507 1504 57
418 468 1
605 958 5
502 880 2
921 191 30
834 837 6
524 1230 2
936 654 5
770 743 3
428 1295 30
979 26 2
874 21 8
745 614 7
623 166 2
99 1567 4
993 1389 8
913 903 30
497 854 27
393 1033 2
603 1078 2
741 952 14
834 373 6
402 1127 8
858 466 75
543 624 30
829 1120 2
33 1133 2
1073 1126 2
438 160 30
252 882 27
988 315 30
340 1066 7
142 1069 2
1302 167 8
707 1076 2
998 658 66
418 1126 30
142 1460 8
329 1344 37
116 1075 2
255 1081 2
760 1290 5
866 939 15
127 437 2
1161 1342 7
594 937 8
856 114 8
468 377 2
754 1014 0
229 983 2
135 102 8
1025 610 2
913 936 7
1251 360 2
91 1315 7
220 623 2
1535 21 20
790 216 7
823 626 8
592 809 50
895 891 8
878 424 7
1001 702 12
702 342 74
1230 582 2
1304 209 5
653 1000 2
774 1042 2
487 1304 5
438 531 2
322 454 33
550 713 2
389 265 15
643 228 6
979 722 2
202 627 2
80 155 7
1316 491 1
442 503 2
981 1250 7
894 399 2
1061 1014 0
1210 296 7
627 366 1
623 1258 2
1533 277 1
1215 1304 7
862 1127 59
618 1131 2
1226 610 75
1128 52 8
1274 660 5
491 1344 37
303 424 8
512 837 2
1050 845 1
1210 957 8
168 390 8
1047 995 1
877 588 8
148 1315 7
390 384 3
912 623 6
101 1291 16
601 195 7
1527 265 8
1292 272 7
370 913 2
627 1314 8
205 320 77
297 3 8
784 1046 5
269 588 8
28 1395 7
1174 21 2
1381 770 2
118 990 37
297 300 2
297 341 3
503 409 2
604 675 2
252 909 2
700 549 48
205 612 77
33 54 2
977 229 29
150 160 2
1160 229 33
524 476 30
907 1302 2
377 626 8
1044 857 38
316 201 10
101 675 2
442 929 7
825 32 8
588 1212 8
670 1388 7
64 1292 30
449 693 2
455 1315 7
738 720 15
126 766 8
962 1014 0
1375 42 7
1207 476 5
297 1335 5
558 1025 2
1328 1392 7
311 530 1
316 908 6
334 1292 33
518 293 0
369 890 30
1094 1567 1
542 879 2
582 80 8
362 1500 30
195 1491 7
217 126 2
325 1224 33
1567 824 23
762 854 27
541 981 2
80 783 7
80 387 7
998 310 1
306 929 7
323 959 7
392 1315 5
1000 309 33
552 384 3
253 441 0
1454 160 2
877 893 2
1210 1612 7
1014 424 8
880 639 2
402 848 8
1297 447 1
317 129 8
108 1225 5
52 1231 17
191 59 8
698 743 5
636 565 2
1404 246 2
1397 518 7
325 533 3
603 335 2
1179 834 7
466 1154 1
1024 1609 47
1141 297 6
381 611 2
720 728 8
865 533 3
1527 1581 8
157 277 8
159 1148 2
607 653 2
33 1078 2
707 729 2
899 1526 7
195 763 20
26 681 27
1177 390 8
586 979 2
923 789 2
524 1500 30
926 593 7
1164 787 2
1210 1314 5
1160 297 2
688 1525 2
808 531 2
834 916 8
982 495 5
699 491 2
28 685 8
372 1127 8
670 751 2
951 1418 8
128 662 2
851 1448 30
1377 37 7
70 349 1
1468 510 7
552 747 2
1128 1449 2
763 1333 2
417 1075 27
1093 320 6
923 139 3
1308 1081 6
98 582 7
1371 974 29
168 681 27
900 1156 8
673 424 8
964 441 0
476 781 30
1561 1384 7
281 297 27
258 701 30
635 49 1
555 582 2
1093 252 6
624 1114 1
9 102 8
534 512 2
639 458 2
1213 424 8
409 272 2
1313 63 7
639 750 2
526 774 2
1352 1388 61
557 624 50
769 495 8
424 119 8
499 596 33
650 265 8
988 239 39
1216 102 8
1076 779 7
829 1401 2
721 603 27
1173 1447 2
382 334 7
253 419 1
829 1396 8
1405 239 2
1160 993 2
442 1152 26
1355 1554 0
273 627 8
681 412 5
1291 1337 7
1520 424 8
1139 160 16
21 289 2
476 1084 2
818 614 7
1052 21 8
228 1388 7
1249 1494 1
796 1449 2
1247 1357 2
593 1581 8
442 1417 27
415 1523 5
1126 1607 2
774 1391 2
235 360 2
98 1278 7
217 1450 2
1036 172 2
1304 1246 5
1251 933 2
1117 355 7
1377 957 7
692 855 3
769 489 6
323 680 7
506 1122 6
878 647 2
292 1609 47
1567 837 23
391 893 30
551 1184 2
870 1381 7
325 1150 7
420 865 6
558 214 2
1447 491 2
1402 704 35
962 99 0
80 40 7
667 546 2
441 908 7
409 1364 2
657 952 33
205 23 7
191 1342 7
1014 437 8
535 1388 7
311 844 2
118 241 35
869 480 2
80 728 7
889 256 2
1536 888 52
563 1217 8
546 1091 64
979 189 27
623 1097 7
998 646 7
489 810 15
1161 1325 5
913 173 30
273 1036 2
845 1091 2
623 1389 7
436 952 14
871 269 8
69 33 2
800 761 15
837 1388 6
398 362 2
883 1292 30
862 97 59
1547 390 8
1476 160 30
1354 1214 0
159 869 2
607 374 2
1069 1044 53
1058 1075 2
471 1081 6
514 873 33
1081 66 2
1172 1389 7
239 804 2
256 1230 2
610 1070 2
119 1315 6
601 1164 7
33 335 2
475 1036 2
498 662 2
1041 681 27
489 167 2
770 1335 5
1028 1333 2
369 1138 2
21 917 2
1061 910 2
158 52 8
1443 445 0
692 735 6
577 114 2
688 741 1
829 249 8
195 1070 5
374 347 33
29 937 7
336 875 6
125 569 2
1505 766 8
565 300 2
170 160 30
1036 1196 2
1525 1304 5
808 476 2
458 1342 7
267 987 55
217 475 2
1251 1561 2
558 910 2
1566 1280 57
681 81 2
320 1125 6
546 875 6
278 191 14
632 159 1
692 1437 8
569 722 2
1225 1125 7
787 360 7
499 658 0
941 259 8
923 1349 8
900 314 2
390 613 6
298 603 6
988 284 2
670 920 2
555 235 2
1126 18 7
191 309 2
1421 980 1
1225 318 48
85 114 8
1126 1401 44
743 1388 7
1315 87 52
1231 297 8
253 1014 0
229 722 71
330 1156 8
190 411 2
199 766 8
981 1140 7
268 1298 7
1570 59 8
623 1148 2
74 981 2
191 241 2
391 854 27
390 837 6
1186 766 7
1230 3 8
1525 569 2
1211 804 2
979 148 2
1081 986 53
171 1161 7
1061 1314 2
1394 577 27
869 21 2
403 390 8
1405 1495 2
611 974 2
49 713 2
176 216 2
598 1388 7
1526 1199 7
1416 722 2
622 201 2
1394 869 27
35 33 2
32 1133 2
1075 26 2
703 880 2
255 979 2
860 52 8
668 1178 5
35 424 8
108 23 5
833 922 2
499 753 23
1383 681 2
142 1295 2
771 1000 5
707 568 7
1302 393 8
1404 36 33
1496 1603 38
913 1568 2
435 903 6
31 1072 8
1302 685 8
941 663 8
265 42 8
253 728 8
1061 823 33
29 3 8
29 341 3
1448 241 30
808 1500 2
750 412 5
126 369 2
780 507 21
905 1388 7
1567 821 2
759 1118 5
1025 435 8
681 1001 2
1010 1388 7
325 849 2
506 338 5
361 766 8
258 1446 30
31 999 14
558 823 33
692 462 8
578 102 8
789 297 2
1033 798 2
325 1199 7
814 42 8
334 98 33
442 63 7
442 459 7
325 1141 2
900 1338 2
375 1448 30
774 872 2
98 1155 7
1315 1471 52
964 1014 0
551 769 2
195 1381 7
409 1309 2
713 1514 0
420 829 2
514 1309 2
1125 1126 14
190 1039 2
1333 3 8
1333 341 3
1075 722 2
739 607 2
124 1315 5
1393 1375 27
698 341 5
398 307 2
252 136 6
862 1457 8
1131 987 55
864 32 8
618 857 2
557 258 30
606 1106 1
1177 662 27
1205 764 2
329 704 35
718 933 2
945 1404 2
1295 1496 53
159 39 6
252 824 6
609 893 2
731 531 7
872 98 8
208 1292 30
784 1197 77
900 66 2
872 390 8
158 70 2
507 462 59
508 1310 8
307 624 30
1396 114 7
32 450 2
1053 497 2
159 350 2
719 1581 8
784 733 77
470 336 6
373 839 7
475 981 2
606 1371 2
1380 252 2
1299 23 2
157 167 8
527 1554 5
320 846 6
923 387 2
772 1315 77
36 21 8
1402 1389 8
774 1469 47
1078 588 8
632 720 15
320 1138 6
941 1583 8
442 1493 2
20 626 7
883 1567 1
125 514 2
951 958 3
454 1239 2
1036 1141 2
226 1230 2
716 114 8
449 1310 8
28 179 8
913 83 7
1258 891 8
551 1127 7
772 458 1
546 1554 1
1450 1375 27
979 101 26
1479 258 2
565 177 2
1555 1375 27
1152 102 8
550 1567 2
627 805 5
1570 1342 7
313 907 32
334 62 2
595 774 40
1357 25 2
321 80 7
1561 982 7
635 1250 1
869 1053 2
80 1301 7
1446 770 2
1207 489 7
1443 309 33
159 735 6
720 298 1
702 1063 5
268 1243 7
402 929 7
720 590 1
876 766 8
216 451 30
1177 894 27
718 1561 2
62 1112 2
1110 424 8
297 1217 8
50 1006 2
1230 947 55
1509 764 2
1394 126 27
466 938 6
252 1121 27
670 1289 36
893 1194 30
913 77 5
1081 1035 2
287 514 2
1315 63 7
834 877 7
32 1474 2
239 667 27
518 129 8
1117 958 5
494 98 33
582 1075 2
747 21 8
31 730 2
1302 384 3
599 98 33
913 9 5
626 172 2
148 435 8
772 340 77
594 420 8
139 21 8
452 1315 7
695 1491 7
565 581 2
191 844 31
1055 531 7
855 922 30
476 974 2
23 492 2
42 893 50
1031 1449 2
192 627 6
1031 1053 2
1229 613 6
903 409 2
1250 347 33
584 265 8
468 881 3
1354 1110 2
681 666 12
320 95 6
349 610 2
607 1204 30
325 794 2
933 138 35
993 1199 7
457 297 8
185 1333 27
1104 246 1
29 172 8
676 558 2
1046 1490 5
411 1375 27
435 1086 8
859 1333 2
864 1315 7
531 1284 2
1114 888 23
1336 829 7
170 766 7
409 498 2
84 555 2
1221 221 2
849 1075 2
32 958 5
49 347 33
951 520 21
618 1198 2
833 1225 7
1210 1128 8
406 21 8
62 91 7
731 80 7
102 1047 30
1414 424 8
602 1448 2
1210 1420 8
1058 569 2
1163 569 2
163 330 8
618 1125 8
435 1184 6
1312 102 8
464 854 27
228 489 6
240 974 2
533 611 30
1509 13 2
468 1140 2
217 638 27
923 332 2
454 856 2
222 159 1
1500 49 2
707 168 2
904 512 84
594 75 3
702 910 7
899 605 7
1250 1371 33
988 61 15
28 228 8
660 721 1
1028 759 2
454 450 7
1193 160 50
923 264 2
551 722 2
454 392 2
798 1230 2
681 1574 2
555 1125 6
442 1078 2
317 1310 7
563 1120 2
1471 28 59
689 1581 8
62 389 36
1253 21 8
311 1488 7
453 890 2
506 85 20
1210 1122 6
1237 766 8
417 618 27
861 1585 2
190 1342 7
347 852 8
390 153 1
1031 297 8
424 1437 8
530 229 33
88 489 7
84 891 2
1080 681 27
1100 160 33
624 657 1
657 118 2
233 424 8
941 938 6
988 678 43
273 779 6
66 409 2
234 1070 5
507 1207 59
292 555 2
1304 3 7
27 160 30
577 681 27
468 1170 0
463 428 71
1081 584 53
157 125 2
638 1305 8
297 433 7
1547 908 8
494 466 2
553 453 35
1497 270 1
870 97 8
862 719 8
1311 770 2
841 258 2
603 798 2
893 1139 30
623 277 8
1497 958 1
1436 533 3
270 33 2
161 92 8
54 626 8
32 685 7
681 1208 0
154 603 2
486 31 33
1129 992 1
45 563 2
390 1139 30
125 759 2
1185 627 8
1500 281 2
707 796 2
1526 1062 8
1354 727 2
238 1221 2
1359 1443 2
605 42 8
217 701 2
993 1475 37
1242 681 27
238 779 7
340 1114 7
1031 998 2
97 1388 7
346 908 8
240 223 2
1047 779 8
468 92 8
359 52 8
1382 424 7
869 1315 6
770 848 7
900 540 2
548 774 2
108 588 8
507 1283 1
1215 800 7
315 31 2
191 535 2
390 735 6
1297 1314 1
988 1198 2
1225 148 48
555 357 2
285 854 27
692 226 3
986 643 38
1497 99 66
559 32 8
199 893 2
466 1246 5
614 63 5
190 533 2
318 1529 80
1304 631 7
894 411 2
995 119 8
1394 1163 27
395 159 2
1080 1036 2
847 766 7
618 455 2
619 1230 2
514 1131 2
939 1081 6
271 1405 2
176 442 2
1540 147 8
603 1030 2
1540 881 3
1053 223 26
721 774 27
594 728 7
577 1036 2
102 596 30
488 1033 2
1055 880 7
1141 1388 6
35 551 2
1058 514 2
1313 890 14
1163 514 2
1448 535 30
978 23 30
928 800 2
416 1230 20
263 160 33
1518 21 8
234 1381 7
707 1424 2
488 569 2
594 1389 8
1402 533 3
271 21 8
56 258 30
722 326 8
834 112 8
1466 605 1
220 1075 2
518 139 5
1129 241 1
1567 1006 1
512 440 35
673 900 2
454 45 2
373 702 8
453 903 2
710 908 8
862 658 0
449 116 8
563 773 2
880 1439 16
939 404 8
1082 160 30
1225 844 48
160 598 30
816 80 8
1210 338 5
265 598 30
1001 31 33
437 1445 2
230 1292 33
894 1211 2
726 750 30
1323 770 2
1126 1606 2
903 1305 8
1261 32 8
1000 1140 2
80 211 7
647 1391 2
550 1061 2
1506 1225 0
424 991 2
1460 652 2
933 88 5
118 704 35
491 75 5
627 714 1
1439 424 2
1570 855 3
1439 28 2
168 1161 7
382 805 7
524 603 2
273 1161 7
116 311 25
160 1073 2
516 829 2
195 269 8
618 1479 2
1123 80 8
497 1333 2
428 622 35
988 46 8
369 689 2
870 88 3
550 611 34
1265 1377 6
737 191 2
870 42 8
1313 1127 8
313 101 8
1305 957 8
122 160 16
45 216 2
195 97 8
1490 721 1
977 908 8
1174 369 2
1515 804 2
581 70 31
1466 1697 1
33 798 2
1391 551 2
887 1554 0
707 53 2
1251 1404 2
913 336 6
157 685 8
255 454 2
442 1381 7
1052 325 2
792 627 7
685 1161 7
118 1111 7
160 176 45
337 667 27
464 70 2
565 471 2
922 1007 2
453 1135 2
125 240 2
449 1041 2
28 743 3
551 1295 2
1025 1581 8
80 907 7
1240 226 1
563 1396 8
913 601 7
1468 626 7
468 37 8
692 1212 8
1483 681 2
551 189 27
901 891 7
960 1500 30
558 366 33
789 1443 2
607 1094 30
624 1124 30
1443 1226 12
293 891 7
514 1417 27
534 1292 33
770 37 7
681 471 8
633 856 6
70 730 2
540 981 2
857 854 27
305 736 2
636 981 2
531 486 2
459 297 8
623 235 2
1061 3 10
993 1062 8
1402 1213 6
588 1325 5
883 382 8
626 739 27
1210 357 7
350 1126 16
404 68 2
167 981 11
528 160 33
297 1052 2
166 662 2
514 388 2
45 1496 53
558 3 10
317 769 8
182 344 2
1291 833 7
168 60 2
1061 1101 12
259 865 6
843 1405 2
1540 92 8
518 355 8
988 676 30
865 881 3
251 347 16
302 920 9
125 1436 2
390 3 8
698 91 1
707 1077 2
142 1461 8
988 1330 15
480 844 2
638 1315 5
999 245 77
913 527 5
157 917 8
340 1359 7
495 341 3
577 913 2
1500 1250 2
1359 1328 2
591 1292 33
488 514 2
790 681 7
1161 1384 8
523 607 5
231 504 2
581 804 2
941 730 8
301 313 77
545 667 27
449 66 2
1567 992 2
1225 497 48
558 2 2
159 112 8
604 320 19
563 322 2
325 974 7
852 23 30
301 245 77
437 1098 2
588 855 3
558 890 33
311 591 1
190 882 2
762 1333 2
766 1381 7
900 1108 8
1225 429 48
347 54 8
1104 805 2
920 983 14
1020 114 8
194 854 2
85 476 7
563 249 8
1357 444 23
514 1480 2
551 836 2
45 1567 1
416 114 2
281 1333 27
555 1321 8
170 1388 7
1156 329 5
1570 462 8
1215 1305 7
1080 880 1
420 891 8
595 1292 16
877 558 2
1338 98 8
1221 838 8
1106 596 33
1407 891 7
424 904 9
1129 810 15
160 622 2
768 1305 8
618 1028 2
618 1424 2
1282 1106 1
449 1325 5
322 114 8
981 210 2
731 306 7
334 594 10
1042 1405 2
325 1014 0
1436 1396 8
150 229 2
819 568 7
195 88 3
209 1388 61
623 167 8
29 433 7
1053 272 2
1129 590 1
297 296 8
470 111 6
118 728 7
240 1200 2
392 52 8
1496 403 38
279 531 50
927 611 1
1028 1053 2
369 899 3
148 1581 8
125 854 27
36 588 8
741 98 14
377 627 8
150 453 2
360 498 2
138 347 2
923 850 2
1029 1333 2
1132 133 1
819 833 8
160 1239 30
372 63 7
265 1239 30
667 728 7
819 1125 8
301 1629 77
1357 1191 12
458 1062 7
116 325 2
810 1161 8
1022 627 8
915 1161 8
238 647 2
1500 1310 5
545 626 2
1454 229 2
905 458 2
569 833 8
291 1609 47
217 127 2
1479 325 2
343 588 8
286 1055 1
1001 1292 33
1223 114 2
647 1568 2
894 1342 7
1044 541 40
1044 145 40
681 25 2
1221 1097 7
653 610 2
641 900 2
641 504 2
159 802 57
995 678 33
558 523 23
70 279 2
1445 62 2
1210 1613 7
922 485 30
1499 713 10
631 70 1
491 1418 7
86 114 8
284 611 2
880 932 2
1144 491 35
628 891 8
1230 119 8
988 228 2
1124 611 35
424 226 3
297 1393 2
183 1033 2
1461 1448 30
252 1227 6
380 647 2
291 32 8
607 722 2
843 662 2
470 1203 6
1230 722 55
707 798 2
1546 390 8
603 628 2
1416 546 2
1416 150 2
36 893 2
1394 693 27
377 1328 2
252 500 27
138 1106 1
1061 1046 12
275 183 2
930 1590 38
720 1125 8
1230 483 15
154 829 2
647 116 8
1055 770 7
489 136 6
262 125 2
1561 855 5
626 384 3
558 1046 12
1460 159 20
371 848 8
551 101 26
138 1371 2
22 437 2
241 347 2
1172 3 8
112 981 2
229 241 2
569 1138 2
1041 360 2
1155 265 8
922 1184 2
1220 1081 6
891 95 6
223 23 2
240 53 2
645 1357 1
347 1337 7
879 327 1
220 569 2
143 114 8
995 1082 33
893 1340 2
879 1056 2
1481 880 33
402 338 5
790 454 7
790 891 8
774 300 2
588 462 8
347 1310 8
439 1221 2
168 1305 6
880 1295 1
900 1058 2
873 1496 2
592 1047 50
1221 168 2
98 916 8
1172 1335 5
298 1388 7
425 891 7
1341 1388 7
1136 1389 8
599 594 10
98 1307 14
1221 856 2
409 1029 2
1100 1106 2
471 720 15
1210 638 7
952 978 5
551 47 7
466 1472 5
867 1570 2
159 1138 6
539 675 2
146 293 0
1098 1581 8
84 330 2
1210 534 7
838 1388 7
722 1567 1
579 1388 61
372 393 5
302 499 7
992 891 8
859 1436 2
54 1449 2
865 59 7
941 377 6
315 80 8
492 611 2
303 766 8
1184 1375 27
1552 83 8
31 863 7
306 116 8
159 34 53
1302 855 3
159 739 27
869 369 2
514 1253 2
1084 437 8
517 702 8
1399 265 6
505 893 2
734 335 2
642 424 8
1541 891 8
285 734 8
258 1073 2
839 335 2
618 905 2
390 226 3
476 1445 2
23 1359 2
1035 854 27
21 1584 28
309 50 14
592 515 2
1180 1161 8
718 201 12
784 849 77
470 831 2
192 347 30
267 428 55
279 476 50
1081 158 8
241 1371 2
923 107 2
454 631 2
829 18 8
1336 702 5
1081 54 8
1104 425 1
468 596 33
468 200 33
32 97 8
98 1279 7
359 160 33
1364 514 2
1304 851 5
1104 717 1
348 1324 39
28 3 8
28 341 3
903 766 7
340 261 7
218 623 2
795 1389 8
152 1500 30
569 90 8
1315 1131 52
369 440 30
56 160 16
1221 796 2
695 848 8
676 1357 2
1114 1371 33
662 677 2
1231 1377 8
598 624 30
234 97 8
424 1212 8
479 1448 30
28 1335 5
922 138 30
1291 948 15
614 521 5
398 723 2
133 1335 5
396 1315 7
391 1333 2
253 341 5
416 979 2
76 1418 8
1213 908 7
46 875 6
499 1025 2
1380 574 41
514 942 33
627 1227 7
1058 1436 2
382 1323 7
159 95 6
1200 891 8
1163 1436 2
1448 1457 30
470 856 6
59 1581 8
507 1086 8
620 311 2
1357 1514 0
1302 1437 8
1081 651 53
65 240 7
377 201 12
162 512 2
603 177 2
252 841 27
268 936 8
145 1375 27
841 424 8
594 213 2
190 341 3
154 774 2
607 599 2
33 1024 2
33 628 2
507 1310 8
1335 654 5
323 211 5
592 1097 7
231 667 27
279 1500 50
575 1405 2
1028 1230 2
157 119 8
519 1126 30
191 272 31
624 730 30
1382 371 7
1188 347 50
1221 384 5
852 1292 30
623 370 20
1164 728 8
627 1325 5
594 828 8
1495 325 2
140 21 8
106 258 2
31 377 8
220 514 2
1140 98 33
305 697 1
551 210 2
446 614 7
754 441 0
185 1053 27
1402 1070 5
592 596 50
1117 42 8
933 546 35
1411 1449 1
1025 32 8
997 891 7
981 808 6
920 873 14
1223 979 2
623 1045 53
859 1449 2
442 97 8
61 159 1
1120 80 8
194 348 2
636 1161 7
1315 380 52
1292 463 31
720 646 1
76 47 8
1221 45 2
1081 1555 2
76 344 2
399 424 2
1394 938 27
372 338 5
562 1057 5
834 233 27
871 1482 8
514 568 7
759 881 3
747 437 8
1302 462 8
197 21 8
1075 423 2
1081 1482 8
1119 1292 30
1184 21 7
258 726 2
894 1325 5
476 1098 2
988 1194 30
491 554 2
565 1393 2
54 114 8
195 1337 20
1532 39 7
1520 766 8
1030 829 2
1382 603 7
21 235 2
1225 1344 5
325 1227 6
746 1129 5
1561 1005 36
499 97 8
29 296 8
1000 1087 2
98 1620 7
126 662 2
849 1448 30
922 154 2
301 435 77
453 678 2
592 387 8
617 611 35
1037 834 8
231 662 2
80 54 7
442 798 2
1470 347 7
677 804 2
563 881 3
1061 925 10
1333 1342 7
641 667 27
1315 1076 52
1140 62 2
1001 98 33
928 470 45
217 116 8
1561 355 7
919 627 8
234 88 3
548 262 2
623 739 27
1106 890 33
1437 1496 69
200 437 2
546 854 7
1463 114 8
1000 596 33
1000 200 33
922 1201 15
82 1581 8
534 702 12
512 1245 37
1337 98 8
626 1342 7
754 163 8
321 114 8
868 424 2
1313 929 7
1304 119 7
1287 201 12
186 80 8
183 626 8
888 573 15
50 379 2
1127 643 5
829 1224 33
922 307 30
560 908 5
1061 248 12
1496 593 38
1160 1567 2
510 183 2
1413 424 8
944 458 2
1518 424 8
575 662 2
944 750 2
1397 633 7
271 33 2
784 1422 77
819 1419 8
33 177 2
1126 368 31
1496 921 38
945 21 8
252 322 27
913 111 6
1173 246 2
388 80 8
1259 795 2
271 424 8
255 229 2
923 680 2
1130 1388 1
442 1156 7
1252 1405 2
829 533 3
1561 1237 36
681 983 33
253 384 3
161 36 8
28 226 3
489 40 8
591 702 12
419 275 67
593 52 8
1117 929 7
489 728 8
618 910 5
1138 681 27
455 569 2
148 32 8
311 1445 1
859 1375 27
792 626 7
552 254 12
323 1546 7
889 461 1
569 663 8
1252 21 8
894 1510 2
519 713 1
879 586 2
1567 363 2
305 178 1
418 1000 1
317 716 8
638 1388 7
102 90 8
442 42 8
1305 1491 7
1304 59 7
1554 236 12
707 1152 26
766 793 8
534 1291 33
510 937 7
958 442 7
834 1342 7
297 1223 2
1080 360 2
297 1515 2
655 80 8
1214 437 8
663 512 5
159 233 27
494 1106 2
1436 147 8
1436 881 3
853 610 75
815 216 2
599 1106 2
117 1554 1
917 779 6
161 1128 8
1117 855 5
64 216 30
1343 605 5
1461 191 30
189 1377 6
1047 804 2
933 444 2
923 1308 2
1428 1517 5
527 476 5
1500 1025 2
994 1057 57
1377 228 7
1414 21 8
1519 21 8
499 88 3
112 1161 7
610 1472 5
836 611 30
592 1341 50
696 52 8
742 1430 5
258 1392 30
555 877 2
941 961 35
415 1310 5
688 1324 39
452 1581 8
660 386 1
23 1282 30
891 1342 7
70 1160 1
632 1421 1
437 873 2
311 803 2
1328 991 37
804 90 8
191 883 2
647 377 7
396 160 16
409 859 2
323 107 7
437 805 2
1567 264 23
303 565 2
213 21 8
681 444 23
48 1525 2
197 766 8
1266 1315 5
1553 504 2
411 311 2
437 1092 8
411 707 2
872 409 2
894 462 8
170 1059 7
462 1554 5
252 1045 53
297 540 2
852 565 2
1354 1105 0
347 451 30
285 569 2
784 1143 77
1282 1173 1
1177 504 27
391 759 2
1537 1437 8
53 70 2
766 88 3
270 1405 2
347 813 15
514 368 33
258 1299 2
889 856 20
450 506 6
1351 611 35
1172 1217 8
1448 883 30
685 908 6
507 116 8
609 766 8
1061 113 2
159 291 8
320 792 6
527 1500 5
1033 1148 2
160 1403 14
922 399 2
1526 39 8
65 1315 5
543 325 20
21 1199 8
1154 1581 8
588 1384 8
398 911 31
1230 1450 2
558 113 2
903 1388 7
819 1296 8
769 320 6
813 390 8
681 1575 2
681 1191 12
563 1121 2
1020 1377 8
489 277 8
323 1199 7
254 466 75
416 981 2
323 1491 7
1336 1526 7
267 1315 5
894 1163 2
4 1388 14
212 428 2
594 1070 5
1450 360 2
290 1315 7
759 1525 2
633 284 6
1080 1305 6
1552 568 7
191 200 2
1439 480 2
398 1345 2
1022 626 8
961 468 1
1443 1262 2
70 450 2
75 770 2
1447 191 33
279 667 27
1281 891 6
184 764 7
877 1357 2
118 533 5
983 692 44
167 1126 2
861 499 2
1390 1561 1
1080 409 2
401 888 2
611 537 2
988 399 2
765 98 8
626 1584 28
750 980 3
317 197 8
1547 1305 8
179 21 8
159 613 6
531 534 2
492 1315 7
1197 114 8
506 172 8
374 1357 2
499 36 33
620 829 2
1299 1061 2
212 311 35
713 368 33
1436 92 8
1388 1310 7
138 1173 1
988 396 30
810 908 1
1458 98 30
295 1225 0
720 796 8
618 47 8
1449 513 26
154 891 8
851 1292 30
1302 226 3
28 1217 8
495 119 8
988 724 30
1056 1104 8
675 1166 1
1540 36 8
1399 114 8
1250 1404 2
101 1371 2
569 1309 2
1026 1075 2
1355 1404 2
229 704 2
1459 1416 2
192 865 6
880 1138 1
913 1391 2
1421 104 5
1025 326 8
652 377 6
1305 1070 5
434 297 6
454 101 8
618 1152 26
213 908 7
61 453 1
922 239 39
569 1236 8
1336 551 7
1254 114 8
1416 911 31
507 847 0
1458 865 2
547 688 2
341 21 8
774 763 2
1380 1496 41
545 114 2
361 480 65
988 803 2
1304 1096 7
958 313 5
510 412 5
48 741 1
618 1417 27
546 348 7
979 1131 2
555 1437 8
1483 229 29
306 355 8
603 1495 2
1563 891 8
1211 681 27
1198 1333 2
404 20 2
162 1388 7
862 848 59
829 1199 7
273 476 2
995 808 8
171 1388 7
1129 1310 5
55 495 8
52 1437 8
1303 891 7
1108 424 8
266 702 12
603 1031 2
1183 21 7
514 1127 8
514 1424 2
157 1437 8
270 662 2
1177 449 27
265 296 7
1540 1128 8
390 59 8
1448 536 30
115 311 1
1172 433 7
486 952 33
718 360 2
232 854 2
479 1362 2
803 1371 2
763 347 30
958 611 34
31 1200 2
852 437 8
183 52 8
772 518 77
143 1377 8
1535 834 20
265 957 8
904 62 84
1029 1449 2
1029 1053 2
917 60 2
25 32 8
255 114 8
834 743 3
435 1395 7
1235 160 16
769 265 6
335 504 2
442 628 2
555 1450 2
454 1125 8
1160 611 34
551 960 2
1359 297 2
552 1112 23
1000 890 33
563 1457 8
437 1446 2
85 1230 2
439 21 2
311 1376 2
804 663 8
654 782 2
1449 1133 2
995 1212 8
1561 523 2
176 941 41
818 611 35
172 415 1
1392 1554 0
857 1333 2
995 106 33
1455 229 2
415 982 7
1439 29 2
531 255 2
552 59 8
168 766 7
751 940 2
503 894 2
1533 1314 1
880 756 2
626 1510 2
355 766 5
913 241 30
273 1500 2
504 1120 2
309 531 2
1305 1381 7
1284 1357 2
739 1126 2
419 891 8
1404 363 2
988 47 8
581 98 30
82 32 8
1476 624 30
1397 531 7
784 1320 77
862 269 8
681 1514 0
834 39 6
1045 1161 7
252 616 27
252 220 27
594 46 7
266 1291 33
1500 295 2
522 114 8
977 1305 8
374 191 33
160 600 44
1436 37 8
656 191 14
1129 938 1
1567 1703 1
1448 1456 30
369 914 2
922 1076 2
317 1578 5
192 750 30
21 693 2
48 255 2
266 330 8
28 433 7
704 262 7
360 554 2
951 1207 8
142 1131 2
340 732 7
1343 495 5
271 551 2
735 98 8
148 326 8
999 306 77
703 252 2
1259 1313 2
674 512 2
574 845 1
1225 1266 1
1359 993 2
819 1577 8
229 357 2
1172 119 8
569 957 8
51 102 30
880 412 5
464 759 2
565 426 7
449 1042 2
221 1033 2
24 453 34
170 624 30
504 776 5
432 1421 1
796 1230 2
796 834 2
645 681 1
1139 240 2
672 1292 7
687 1581 8
1251 21 8
869 865 6
454 46 8
769 854 27
792 1581 8
1568 1333 2
454 384 3
823 574 71
190 255 2
330 1396 8
265 1314 5
506 111 6
98 303 7
1014 800 7
900 778 2
613 1081 6
1556 1181 7
657 1448 2
779 1127 8
528 229 33
1553 667 27
281 1416 2
563 18 8
851 1567 1
531 883 2
555 298 8
506 43 6
317 838 8
543 588 8
133 135 5
1093 265 6
979 1076 2
611 43 6
1499 1061 10
190 479 2
913 869 30
834 735 6
995 65 8
613 1305 6
158 889 2
1405 233 27
390 1342 7
849 1362 2
745 908 7
636 1305 8
495 1342 7
159 1565 2
1404 264 23
160 287 2
33 1495 2
834 399 33
1140 594 10
618 693 2
262 541 2
612 183 2
1394 1041 27
81 453 34
1174 1394 2
167 23 8
1173 837 23
367 891 7
625 114 8
476 873 2
1176 1305 8
499 44 8
1295 1436 2
216 1194 30
155 610 2
1460 191 30
618 287 7
618 625 2
297 65 8
373 424 8
125 1333 2
1265 627 6
455 320 6
489 1213 7
713 873 33
476 805 2
913 1298 7
479 551 2
1502 118 2
1078 424 8
442 641 2
447 1357 2
1328 1244 36
1240 855 1
1029 998 2
126 437 2
1352 920 2
1340 476 7
575 33 2
1258 435 8
323 401 7
575 424 8
1368 206 2
1259 265 8
191 1131 7
272 692 55
1104 77 1
551 905 2
552 1342 7
76 919 2
1296 1225 0
519 1567 1
676 681 2
762 1230 2
241 1305 14
829 1070 5
1449 1078 2
1247 191 33
880 373 2
541 647 2
452 32 8
995 51 33
622 340 1
557 32 8
869 889 2
646 588 8
787 114 8
391 1449 2
391 1053 2
766 44 8
922 546 30
39 908 6
411 829 2
37 1388 6
499 745 2
922 203 41
285 759 2
618 1029 2
627 1384 8
23 1483 2
162 1292 33
977 531 2
917 1305 6
829 1004 27
62 656 2
45 626 2
1183 594 7
922 1200 15
620 31 2
226 531 30
1394 66 27
159 882 2
313 47 8
95 1225 0
216 1325 5
546 1292 30
377 993 2
1173 89 2
862 42 59
1366 1567 1
713 1009 2
737 424 8
435 1157 62
699 329 2
106 1357 2
261 160 33
866 222 15
369 859 2
205 1302 77
713 282 23
195 429 20
102 938 6
9 491 1
838 330 8
713 1296 8
675 805 2
323 1097 7
1336 1050 5
1152 347 2
923 1143 2
1479 102 2
854 101 26
1026 569 2
1391 325 2
217 488 2
78 1375 27
898 1033 2
698 65 8
1451 880 2
770 51 7
1354 550 2
789 993 2
183 1375 27
969 99 0
1566 1496 12
1313 338 5
104 804 2
804 1236 8
614 937 5
221 514 2
909 390 8
68 667 27
645 558 1
217 420 2
576 21 8
1304 298 7
86 480 2
346 627 8
1437 1554 7
519 879 7
1304 590 7
70 676 2
1225 39 48
1326 1377 8
1552 1482 7
466 845 5
618 619 27
619 1394 27
246 611 35
592 1207 5
981 861 7
1081 937 7
1551 1554 4
76 163 8
875 1004 8
1304 522 7
834 284 6
1401 865 6
216 915 30
216 519 30
191 249 8
159 1510 2
369 1555 2
271 900 2
50 1470 2
506 1086 8
926 960 1
1210 172 8
1084 102 8
391 297 8
829 1062 8
32 808 7
602 888 2
510 936 7
35 442 2
518 197 8
266 512 2
358 80 7
750 1094 30
501 1305 8
1377 3 7
1266 1388 7
563 541 27
1382 323 7
102 296 7
362 390 2
335 667 27
1172 296 8
1344 766 57
36 60 44
605 957 8
233 1374 7
594 1176 8
543 348 41
876 495 5
1407 70 35
555 273 6
1126 1227 7
454 228 2
1474 499 2
1122 1075 2
442 122 2
258 1459 30
555 1340 2
551 116 7
1181 93 5
1252 424 8
323 638 7
324 514 2
139 23 30
1449 335 2
192 1315 6
507 1406 1
679 21 8
1124 987 44
1215 923 7
190 1120 2
206 114 2
409 1030 2
921 1126 30
563 533 3
638 922 2
424 877 8
323 174 7
65 1388 7
70 1200 2
1210 535 7
869 834 2
922 199 30
731 320 7
403 766 7
156 159 1
190 1052 2
782 1448 30
499 2 2
1210 1322 13
1304 1546 7
424 855 3
880 250 2
402 63 8
1051 982 1
499 890 33
759 104 2
1496 1470 2
1326 626 8
1404 837 23
841 1405 2
1351 1388 61
1537 1212 8
226 476 30
267 1388 7
1081 128 2
1405 533 2
1184 707 2
148 1554 7
151 891 8
217 412 5
476 1446 2
1058 1033 2
1 1081 6
167 893 2
720 47 8
382 524 7
829 584 33
256 891 8
664 1190 41
111 1081 52
1163 1033 2
369 116 2
51 1371 30
702 1546 7
784 850 77
470 57 6
930 804 38
317 384 5
928 923 2
1271 329 2
563 672 2
486 514 2
360 147 8
818 908 7
698 1389 8
360 444 2
360 881 3
24 329 2
841 21 8
588 1456 2
1514 1567 4
923 791 8
1341 1315 5
1129 364 1
101 1305 8
981 1152 26
991 1280 57
315 908 7
1026 514 2
1069 347 30
980 70 31
323 974 7
344 1377 8
323 578 7
784 676 7
1391 265 8
240 54 8
894 938 2
800 341 3
168 623 6
216 535 2
238 588 8
435 75 59
307 1404 2
273 623 6
981 1417 27
83 1075 2
789 998 29
108 424 8
217 365 2
1106 246 2
1148 21 8
183 21 7
1570 1396 8
524 1190 2
647 1072 7
435 179 8
1446 491 2
468 1014 0
424 1505 8
62 568 1
759 1196 2
514 1274 12
317 40 8
1295 1375 27
993 562 2
76 1419 8
832 1408 1
279 442 27
531 377 2
285 1436 2
216 462 8
922 1119 30
434 834 8
74 647 2
1230 65 8
814 412 5
292 623 2
977 1500 2
191 298 8
1221 101 8
601 1526 7
186 32 8
619 378 2
979 210 2
159 1163 2
552 1325 5
592 1125 6
226 1500 30
893 915 30
952 940 2
623 350 2
437 116 8
36 834 8
463 216 30
1164 406 2
1383 369 7
350 1567 1
190 296 8
450 1305 6
499 523 23
605 287 2
1485 1357 2
216 396 30
1055 320 7
711 216 2
1053 1138 2
425 70 35
1472 766 57
1302 59 8
922 1198 2
359 297 2
145 707 2
145 311 2
240 463 2
1537 65 8
1171 119 8
928 240 2
157 808 8
454 1214 7
340 1250 7
388 32 8
1130 133 1
829 881 3
265 104 8
29 65 8
1479 675 2
925 229 33
763 865 6
217 769 2
135 390 8
1139 70 2
518 1578 5
679 908 7
64 160 30
592 1457 50
570 1305 8
1252 437 8
265 106 30
325 136 6
611 861 30
552 590 2
632 453 1
305 1031 2
634 1377 6
590 453 35
1210 256 7
1081 412 5
202 879 2
1567 419 2
1453 770 2
190 773 2
519 1061 1
980 804 2
623 735 6
530 329 2
217 1384 8
603 1125 52
1336 258 7
922 1455 30
311 455 2
1554 572 2
437 916 8
1207 734 7
555 1212 8
313 1420 8
841 1126 2
514 929 7
109 21 8
995 291 8
721 618 27
1443 950 33
39 506 6
1404 821 2
424 462 8
829 974 7
1303 770 7
618 231 2
623 1437 8
385 1581 8
837 603 6
52 1212 8
982 390 8
48 1177 2
1177 1388 7
712 800 7
176 510 2
176 114 2
359 993 2
1184 360 2
1181 568 7
1081 172 8
1264 614 7
241 552 1
32 1381 7
1284 390 7
1045 1592 38
702 1491 7
844 893 2
1561 1325 5
475 647 2
173 1292 30
151 80 8
325 441 0
1240 1062 5
581 681 27
368 28 2
1036 479 2
360 92 8
457 323 2
834 226 3
931 114 8
1053 90 8
1357 1070 2
1258 265 8
218 569 2
489 101 8
555 846 6
1044 27 2
1375 272 2
563 841 2
681 189 27
551 1131 2
998 270 1
489 393 8
323 919 7
569 36 8
713 53 34
1315 1077 52
1210 884 7
804 42 8
307 1057 2
173 1371 2
1556 770 2
330 147 8
1210 1572 7
318 437 8
1230 1389 8
404 1283 2
865 1097 7
908 90 8
1436 158 27
641 98 8
995 173 33
62 554 2
641 390 8
417 563 27
852 981 2
620 325 2
836 1388 7
1436 1196 2
642 675 2
1405 882 2
102 484 9
1305 1156 7
754 852 8
871 112 8
1438 297 8
398 601 2
779 1314 5
519 305 7
774 272 20
318 518 80
1002 893 14
183 627 8
852 913 2
867 369 2
647 75 8
1302 1342 7
847 588 8
271 894 2
1397 702 7
1397 306 7
357 1443 2
784 1491 77
544 98 30
862 44 8
489 95 6
717 879 2
503 893 2
1085 398 13
770 1246 5
252 391 27
945 191 33
721 159 27
720 958 3
888 1578 5
1238 31 16
52 65 8
1055 265 7
145 360 2
1461 286 15
125 480 2
157 65 8
501 507 8
415 63 5
415 459 5
642 1292 30
998 99 66
442 1495 2
1316 720 15
133 505 1
563 1199 7
569 1133 2
221 1496 53
323 1615 7
792 1033 2
569 1128 8
506 502 20
29 1217 8
1367 1230 2
1367 834 2
774 259 2
1160 80 8
346 134 2
913 377 7
1258 1581 8
415 287 5
1374 417 2
779 929 7
286 483 15
325 856 2
314 1075 2
199 390 2
409 1152 26
322 1402 2
258 477 71
514 1152 26
185 603 27
1487 424 8
1443 671 33
402 1395 7
190 322 2
1333 1389 8
647 88 2
409 628 2
1304 816 7
1014 908 8
555 78 2
871 808 8
623 595 53
979 455 2
1405 1510 2
503 1210 6
841 675 2
880 1550 8
118 881 5
81 610 2
721 563 27
69 900 2
69 504 2
1570 298 8
287 480 2
102 781 30
399 662 2
1304 1040 7
415 47 8
251 191 16
512 278 2
506 916 8
841 607 2
784 120 77
926 394 1
643 663 8
156 80 7
933 909 2
1196 114 8
784 412 77
926 686 1
601 32 7
1527 102 8
1313 116 8
329 88 5
23 1250 2
551 1417 27
565 233 27
565 897 7
1163 626 8
435 850 6
1448 944 30
888 115 15
358 610 17
577 981 2
940 28 2
259 32 8
1377 917 7
702 680 7
360 37 8
907 347 2
1176 908 8
1024 453 2
1190 960 35
1344 888 57
778 667 27
550 558 2
1503 114 8
1332 1328 1
218 514 2
673 913 2
206 804 2
329 686 7
907 675 2
1567 280 12
1328 833 7
551 1076 2
1120 326 8
323 72 7
1344 627 12
530 610 2
933 724 35
1106 1447 2
3 76 8
1424 1161 7
265 321 52
1232 80 48
449 68 24
979 1479 2
1554 1541 2
1437 428 33
1050 982 1
1067 1408 1
1563 32 8
1436 1199 7
491 88 5
1445 98 33
1436 1141 2
731 442 7
172 504 2
913 357 30
995 1156 8
1304 65 7
616 626 2
297 541 2
398 546 2
398 150 2
159 365 2
607 266 2
1183 369 7
266 1388 7
1131 311 25
607 162 2
337 891 6
875 83 8
1383 1570 7
1061 474 2
133 226 1
365 662 2
713 388 2
162 1291 33
1304 1542 5
81 286 15
45 229 2
901 866 36
980 31 30
1053 1127 8
672 1230 2
575 900 2
913 57 6
380 311 2
271 766 8
681 101 26
222 453 1
1036 1052 2
1526 728 8
546 1173 1
907 1371 2
923 1017 8
348 1252 2
1364 1033 2
563 1122 2
189 627 6
449 762 2
570 507 8
206 1036 2
805 1305 8
717 311 35
359 114 8
675 1200 2
910 1305 8
439 369 2
761 159 1
900 206 2
383 1588 41
662 1196 2
424 1340 2
909 952 14
81 531 33
555 127 2
246 1388 61
189 1230 2
305 165 2
435 743 3
519 654 7
624 263 1
908 663 8
409 177 2
920 368 14
1228 852 7
325 728 8
265 1403 6
979 796 2
1436 166 2
437 410 8
729 1230 2
977 1388 7
292 453 2
639 191 2
69 449 2
747 893 33
297 1169 2
507 1214 2
831 1496 12
611 1226 2
318 1091 80
713 1480 2
181 626 8
507 1506 2
1283 1357 2
1076 662 2
514 401 2
1299 1354 2
563 1070 5
1394 365 27
1173 1284 2
1081 936 7
259 1315 7
717 614 7
958 216 7
35 217 2
122 854 27
605 805 2
1053 1364 2
1292 1401 44
922 1424 2
164 424 8
218 1500 7
125 1449 2
125 1053 2
142 1479 2
1540 37 8
287 750 30
1138 1388 48
18 114 8
1155 437 8
1354 637 12
1233 1230 1
841 428 19
563 1004 27
973 1609 47
470 307 2
593 626 8
766 837 6
649 347 16
447 681 2
468 36 33
667 1366 2
899 216 7
555 823 2
220 1033 2
787 880 7
857 1375 27
1126 1340 2
551 729 2
624 1355 1
790 626 7
442 689 2
85 603 2
13 1125 8
305 1549 2
1292 362 31
31 176 45
804 36 8
551 625 2
1250 21 8
1315 571 52
995 148 7
1562 1328 2
777 766 8
750 1298 7
647 661 2
3 21 8
441 390 8
1304 1389 7
1449 798 2
555 1047 2
636 1388 7
890 382 8
1061 1132 0
543 941 2
1080 623 6
80 169 7
409 1493 2
979 1424 2
995 855 3
1101 610 75
512 523 2
404 417 2
858 1377 8
462 1500 5
594 1486 7
754 54 8
382 471 7
398 199 2
1388 1186 16
692 138 35
1330 891 8
102 393 5
117 607 30
139 565 2
909 891 6
381 1402 44
23 1135 2
252 281 27
385 32 8
623 226 3
601 605 7
167 1059 8
490 32 8
701 623 2
1087 311 35
1466 1363 1
191 881 5
468 1087 2
1328 412 5
157 59 8
216 272 31
359 1443 2
1160 347 33
825 114 8
1480 512 2
939 766 8
923 175 2
652 1325 5
160 960 30
1468 360 7
720 384 3
574 947 2
774 1460 2
1261 102 8
265 960 30
702 1545 7
558 747 2
707 42 8
551 961 2
80 136 6
1036 533 2
1567 853 12
769 1333 2
437 1447 2
563 1062 8
125 297 8
440 347 2
544 21 7
643 938 6
1371 341 3
1482 1305 8
1357 873 33
162 1315 5
872 759 2
499 99 0
569 158 8
679 424 8
880 825 2
279 681 27
101 908 8
1444 1106 2
209 920 2
662 1141 2
217 140 2
1217 770 2
719 779 6
325 1238 33
1046 754 5
98 743 3
536 675 2
81 476 33
698 533 5
69 667 27
1297 925 1
759 1367 2
70 58 7
409 619 27
1219 424 8
611 41 58
325 277 8
437 63 8
852 1161 7
993 728 8
514 619 27
168 1059 7
265 1389 7
981 977 7
1075 1242 2
1525 114 2
1337 1305 8
358 1430 57
229 455 71
195 167 8
409 54 2
1154 1057 57
154 618 2
514 54 2
1126 948 15
191 464 14
1303 605 7
489 321 6
618 66 2
770 1472 5
252 221 27
1037 1388 7
266 1292 33
858 626 8
21 1450 2
603 641 2
923 929 7
148 692 2
1283 191 33
1460 286 15
923 1267 2
1129 1335 1
1055 491 7
1061 1112 23
719 102 8
155 1581 8
1141 603 6
1053 1309 2
479 880 33
603 1198 54
137 766 7
736 424 8
317 1475 5
626 59 8
125 998 2
142 1424 2
340 1025 7
1354 1070 2
1354 674 2
415 581 5
424 272 31
707 1035 2
1377 119 7
941 104 8
1506 23 33
624 1194 30
1253 1357 2
814 1550 8
450 476 2
607 1456 30
702 174 7
1442 499 1
373 21 8
1126 259 7
782 551 2
391 347 30
440 1371 2
1014 1161 7
1567 274 12
1225 163 48
582 1292 30
879 777 2
454 47 8
614 1389 5
681 833 8
1119 1161 7
922 185 39
610 899 5
649 987 2
447 558 2
878 33 2
1315 620 52
942 624 30
202 654 2
1568 1230 2
1562 201 12
183 779 6
329 554 2
326 1199 8
779 1420 8
750 1243 7
281 707 27
647 210 2
1225 387 48
172 667 27
191 769 8
1403 252 6
979 1077 2
1230 1139 55
922 303 20
1000 36 33
551 596 14
620 1075 2
720 1110 1
1499 1354 10
1173 853 12
721 1081 27
623 1212 8
1000 1511 9
177 21 8
1131 428 55
490 1315 7
1204 766 8
852 60 2
501 1388 7
306 129 8
159 255 2
35 894 2
713 942 33
929 320 6
350 804 2
270 900 2
139 114 2
468 1100 2
770 393 5
1390 360 1
565 1169 2
476 1562 2
293 1225 0
23 684 2
32 287 2
917 506 6
311 451 30
1135 1315 7
1172 1108 8
779 1122 6
217 1298 7
908 938 6
374 552 2
899 507 2
958 453 34
1494 7 7
1207 607 5
1127 1181 7
893 272 31
912 893 2
348 58 2
56 893 30
923 120 2
574 600 2
941 1420 8
579 920 2
217 1568 2
106 558 2
347 421 2
450 1000 2
701 891 8
681 732 7
797 891 8
458 728 7
258 1119 30
449 355 8
360 533 3
390 272 31
514 338 5
551 568 7
563 616 2
80 914 7
596 893 30
70 1283 1
420 1362 2
1315 852 52
170 50 71
658 326 7
923 47 8
417 114 27
623 846 6
870 1395 7
458 730 29
226 603 2
800 119 8
894 1054 2
998 728 7
1436 1097 7
508 412 5
1500 1268 5
279 626 27
404 1454 2
1287 1554 0
435 341 3
979 1309 2
398 840 2
156 611 1
622 920 58
1402 136 6
322 80 8
39 1305 6
623 34 53
1196 1333 2
941 1122 6
1402 824 6
26 1230 2
195 112 8
1301 891 7
191 18 8
154 563 2
435 1335 5
1163 1449 2
784 1266 77
506 63 8
495 1389 8
1496 765 38
1391 667 27
252 166 27
551 958 5
506 355 8
912 1210 6
32 915 2
32 519 2
623 65 8
988 287 30
1033 233 27
1551 1443 4
713 568 7
118 1418 7
1053 957 8
1146 1305 7
142 1077 2
218 1436 2
1238 98 16
1258 1033 2
779 43 6
792 1496 53
1383 21 7
28 1108 8
558 992 2
170 454 71
454 934 7
1305 341 5
468 349 2
674 62 2
112 647 2
440 988 2
624 1139 30
228 369 2
900 500 2
221 979 2
238 1405 2
282 286 15
558 248 12
900 104 2
789 347 33
89 1448 2
592 781 50
472 766 8
1358 1333 2
849 437 30
744 1562 1
689 102 8
812 160 14
383 880 15
323 1614 7
763 954 7
569 1127 8
442 183 2
207 627 2
1496 380 40
185 774 27
997 320 7
654 1252 2
230 160 33
471 70 25
759 1252 2
98 145 7
997 216 7
900 719 8
1225 40 48
300 759 2
555 244 8
377 623 6
236 660 5
623 95 6
650 893 33
870 685 8
1207 891 8
76 65 2
265 1566 7
1482 1315 5
620 1416 2
1400 1315 7
252 1258 27
1436 387 8
1295 424 7
1081 1568 2
372 59 5
1052 995 1
399 437 2
409 231 2
1304 815 7
191 646 8
157 541 2
1416 840 2
692 1153 6
98 1204 30
609 675 2
1298 102 7
909 489 6
359 713 2
431 658 0
784 583 77
514 1310 8
148 531 7
800 1224 2
988 915 30
750 1455 30
258 1135 2
565 1510 2
779 338 5
1039 514 2
702 919 7
23 1025 2
470 601 2
1537 855 3
1313 678 14
570 1388 7
42 21 8
157 1156 8
519 1371 30
650 880 15
1354 1247 2
667 513 26
454 355 7
1359 1567 2
1377 296 7
907 518 2
1392 1448 30
464 1333 2
889 223 26
565 1338 2
219 1033 2
774 1058 2
789 1371 33
1500 1194 30
1330 133 1
547 879 2
1000 1100 2
565 1439 30
85 829 2
551 455 2
325 1213 7
454 958 3
790 1581 8
383 390 30
652 792 6
259 369 3
506 685 6
160 823 31
1536 623 52
1561 991 37
369 106 30
804 158 8
438 829 7
418 1404 1
190 1121 2
409 1031 2
1449 628 2
1570 769 8
534 160 33
1019 424 8
1452 770 2
195 1395 7
1058 1375 27
769 759 2
88 326 7
546 908 8
951 657 21
1429 80 7
330 533 3
909 31 14
1341 52 8
160 173 2
1172 728 7
504 178 1
1029 1609 47
281 611 2
593 1430 57
1326 627 8
383 865 2
936 252 6
618 929 7
390 646 8
309 21 8
108 1129 5
415 742 8
601 795 7
770 1070 5
117 437 30
961 627 7
1016 146 5
476 1447 2
603 239 2
1081 83 7
1390 933 1
58 854 2
926 174 1
1304 1317 5
372 119 8
648 1305 6
1541 453 35
1503 1377 8
1518 437 8
390 976 30
795 1418 7
468 2 2
923 401 2
980 98 30
250 21 8
591 160 33
489 855 3
588 1457 2
371 63 8
1445 594 10
834 477 70
1485 558 2
468 890 33
512 960 35
1132 372 1
238 662 2
1104 1407 1
253 59 8
510 1335 5
674 1291 33
265 1082 30
581 360 2
913 97 7
551 1479 2
969 441 0
792 1081 2
208 424 7
654 905 2
435 936 8
1308 297 6
889 911 2
78 360 2
897 626 8
610 393 5
417 979 27
997 265 7
360 724 35
200 390 2
229 904 9
720 1220 15
1561 1392 7
270 23 30
702 669 76
988 197 7
240 1491 5
922 724 30
655 265 8
1324 551 2
855 1075 2
285 1333 2
390 883 2
595 160 16
1024 1304 5
1124 1292 30
1570 18 8
834 1401 2
146 732 7
737 675 2
1295 707 2
195 685 8
45 804 2
216 861 30
157 194 2
48 154 2
514 572 2
142 1030 2
34 681 38
360 1199 7
1383 766 7
377 1567 2
360 1141 2
252 739 27
1162 1377 8
360 1578 3
497 834 2
265 178 2
360 1491 7
1174 889 2
1497 1418 7
148 476 7
52 855 3
902 607 5
23 678 2
222 1315 7
623 1128 20
1045 569 38
187 611 35
258 684 2
1467 993 1
117 1567 1
470 150 2
836 330 8
371 3 8
340 1251 7
371 341 3
661 320 6
1173 264 23
491 147 8
155 32 8
479 437 8
1024 569 2
900 677 2
106 552 2
667 1199 7
688 58 2
396 893 30
862 99 0
667 1491 7
1421 172 5
160 761 15
442 464 2
750 1479 2
1225 285 48
555 890 2
362 941 71
446 908 7
265 761 15
551 796 2
907 390 8
219 514 2
83 1496 53
311 82 7
900 1396 8
1315 742 52
894 256 2
1223 981 2
854 1131 2
191 604 2
1533 530 1
302 514 7
1001 160 33
1449 1198 54
48 517 1
873 28 2
43 588 7
1008 588 8
281 829 27
555 817 8
1076 795 7
623 1047 2
437 813 8
1570 646 8
870 1550 8
1490 293 0
623 233 27
1536 891 7
252 95 6
999 1229 77
159 773 2
568 627 6
1405 479 2
148 1500 7
524 437 30
506 1213 19
1402 728 8
1187 102 8
1061 590 2
450 623 6
163 52 8
127 922 2
1155 908 8
1448 604 30
819 793 8
167 834 8
928 531 7
834 249 8
919 770 2
951 355 8
368 29 2
454 578 2
33 239 2
652 412 5
1375 3 7
458 1418 7
1336 253 5
1162 626 8
272 987 55
595 891 8
923 346 2
325 1125 6
1333 1004 27
1183 23 29
814 743 3
167 766 8
907 1091 2
210 504 2
62 138 35
138 531 2
348 972 2
337 504 27
21 1212 8
459 1581 8
453 822 58
292 1304 5
1104 1352 1
720 1325 5
220 1436 2
593 114 8
696 297 8
1289 97 15
744 1160 1
913 42 7
550 191 33
1016 920 74
551 1424 2
546 779 6
551 1028 2
532 424 2
889 960 2
1463 80 8
52 1431 57
681 873 33
1164 167 8
889 1252 2
3 424 8
1232 262 2
1000 2 2
1554 950 33
902 891 8
1304 189 7
160 1606 2
303 1305 8
1212 908 8
981 986 53
981 798 2
1317 908 8
285 1377 8
190 18 8
499 1264 2
913 309 30
292 569 2
1409 751 2
961 1091 64
154 1081 2
1394 189 27
893 861 30
1496 1283 38
926 59 1
623 291 8
385 435 8
834 882 2
988 513 30
336 891 6
988 117 30
707 936 7
161 502 8
594 452 2
372 260 1
1174 834 2
301 1529 77
155 1315 7
1045 514 38
361 159 2
779 269 6
922 1144 2
128 623 2
707 914 2
805 1388 7
1139 480 2
910 1388 7
661 265 6
114 235 2
1371 433 7
1428 1475 5
1328 392 36
565 540 2
819 42 8
330 1199 7
491 92 8
979 1152 26
1240 691 1
1357 388 2
978 70 31
424 1418 7
438 437 2
329 59 7
1474 98 2
70 534 1
648 1375 27
216 421 2
435 1217 8
1552 1381 7
613 454 20
504 513 26
969 1014 0
551 53 2
1474 390 2
681 282 23
201 822 74
1548 891 7
102 848 8
744 81 1
85 323 2
678 1388 14
1562 360 2
754 721 1
61 70 1
981 1069 11
1123 908 7
438 369 2
979 1417 27
846 1081 6
559 114 8
1014 1305 8
301 891 7
997 442 7
1304 817 7
555 475 2
880 1520 2
886 265 8
681 936 8
1359 611 34
582 1291 30
671 588 8
976 1106 2
303 330 8
281 774 27
514 537 12
875 1127 8
102 782 30
829 1316 7
941 269 6
1394 1177 27
643 1420 8
384 1161 7
572 1289 36
518 789 2
32 1395 7
833 834 2
148 320 6
1288 21 8
1031 1609 47
35 565 2
115 428 1
23 1251 2
911 854 27
1238 952 16
780 98 30
667 1070 5
1037 458 2
928 476 7
297 75 3
470 723 2
1466 1083 1
1374 1114 2
234 1395 7
1130 311 1
21 78 2
31 1307 14
463 891 7
915 675 2
1485 552 2
1215 52 5
852 160 30
1044 36 8
1021 1000 2
878 900 2
1304 743 5
1321 1210 6
1468 80 7
1332 933 1
337 449 27
661 854 27
253 917 19
1052 102 8
1372 134 7
325 739 27
341 1230 8
1250 437 8
206 409 2
489 47 8
673 1305 8
1031 32 8
340 49 7
667 65 7
551 1077 2
1316 1421 1
442 1037 2
437 433 7
769 1449 2
769 1053 2
1346 770 2
1371 119 8
70 1507 12
375 1292 30
416 647 2
614 877 5
307 607 2
506 1203 6
889 905 2
552 244 8
420 1033 2
1554 1226 12
1161 1578 5
1322 908 7
978 804 2
528 329 2
596 926 15
424 609 2
627 1525 2
1124 1402 44
524 1081 2
1051 1569 1
133 1227 5
1183 834 7
107 21 8
1081 423 2
229 279 71
1075 1358 2
161 1389 7
1405 1120 2
618 1493 2
504 1133 2
960 627 7
292 514 2
980 390 8
1174 159 2
499 808 8
383 987 2
530 453 34
1056 551 2
707 239 2
1520 1305 8
752 21 8
1194 326 8
252 337 27
1119 160 30
201 669 76
657 1554 0
508 1550 8
926 4 1
993 440 35
348 1321 2
1129 1055 1
1527 627 8
934 70 1
819 929 7
720 462 8
154 265 8
142 852 2
1284 191 33
28 533 3
4 297 6
707 463 2
719 114 8
28 487 8
913 729 2
675 873 2
923 523 2
442 1395 7
1482 1388 7
792 979 2
929 114 8
800 199 2
923 1310 8
417 981 27
594 324 8
337 681 27
464 480 2
530 1225 0
1155 102 8
301 1302 77
98 92 7
558 699 2
360 622 35
160 743 5
435 433 7
62 88 5
234 685 8
995 919 33
652 43 6
999 1164 7
428 985 2
555 488 2
216 366 2
512 855 5
614 1505 5
211 437 8
1402 1399 6
253 1325 5
1247 390 8
628 1033 2
1359 998 29
698 881 5
1394 101 26
367 866 36
1312 1161 8
211 265 8
1316 607 2
614 505 1
829 136 6
1402 1227 6
829 911 2
627 86 2
411 21 8
611 831 2
1446 191 33
618 122 2
1303 265 7
510 1217 8
181 627 8
518 833 8
956 1161 7
470 596 16
424 249 8
435 135 5
297 1457 8
162 1428 2
518 1125 8
133 855 1
1394 762 27
856 265 8
594 733 2
1540 502 8
116 779 6
31 1330 2
707 1555 2
1317 102 8
1053 619 27
1394 1054 27
160 949 44
347 412 5
160 553 44
707 1550 8
923 1615 2
1292 1006 44
290 495 8
1296 32 8
941 916 8
877 320 19
227 159 1
155 326 8
917 1059 7
613 21 8
210 667 27
355 1532 2
839 68 2
713 97 8
235 662 2
154 1581 8
888 61 15
373 437 8
1036 78 2
1025 297 2
114 516 2
259 1581 8
1374 1455 2
835 424 2
1035 1333 2
240 878 2
311 43 6
588 208 2
253 855 3
900 903 2
923 236 2
388 611 35
1158 80 8
545 681 27
458 890 2
476 919 30
195 1342 7
297 1118 5
1338 854 27
1225 907 48
804 37 8
681 1577 8
442 586 2
1225 1199 48
1562 933 2
979 1493 2
907 908 8
238 33 2
1362 1580 18
307 552 2
458 450 29
814 1335 5
1047 50 14
766 1395 7
238 424 8
627 741 1
447 191 33
880 94 2
368 60 71
317 1583 8
979 1029 2
981 584 53
853 920 74
995 64 33
160 704 2
250 1057 57
391 774 2
620 216 2
485 875 6
623 1565 2
634 891 8
419 265 8
702 224 5
152 1416 2
252 321 6
398 492 2
195 228 8
504 1078 2
618 1042 2
54 603 2
373 404 7
373 800 7
592 273 6
1537 1384 8
470 309 16
252 613 6
380 33 2
369 648 2
205 695 77
33 533 2
205 1091 77
1448 830 30
115 605 1
565 1471 7
688 543 1
702 1614 7
28 140 8
186 908 5
1377 1491 7
454 1096 2
565 34 53
769 627 6
21 1047 2
569 628 2
774 1461 2
1357 942 33
914 504 2
1371 1156 8
594 269 8
1333 269 2
648 908 6
421 1567 1
1449 1495 2
1570 1199 7
1117 1550 8
1391 437 8
913 210 2
804 269 8
561 390 2
796 891 8
796 495 8
555 638 27
792 1044 53
769 1230 2
878 1405 2
1451 893 2
804 957 8
922 671 30
13 47 8
1176 1315 5
795 147 8
528 610 2
545 1036 2
116 626 8
458 1474 29
1225 1197 2
459 32 8
889 1082 2
485 1291 16
552 817 8
875 460 7
330 1062 8
979 619 27
221 626 8
900 147 8
98 307 2
654 972 2
981 650 7
900 881 3
880 722 2
404 1406 2
1203 265 6
1297 530 1
621 605 57
309 893 2
650 1328 2
1053 338 5
981 628 2
979 54 2
1540 1097 7
347 1094 30
993 1125 8
641 1305 8
1540 1389 7
870 743 3
913 535 30
862 167 59
766 685 8
510 433 7
1551 1567 4
623 882 2
1296 1315 7
69 390 8
1401 1315 7
1220 1388 14
635 92 8
145 114 1
145 551 2
381 1377 8
1436 39 8
1076 504 2
623 855 3
1375 1217 7
681 1477 21
505 675 2
464 829 2
161 228 8
1298 114 7
1230 1284 21
978 31 30
55 330 8
1403 114 7
415 978 5
945 437 8
142 1420 8
726 32 8
503 28 8
941 793 8
1201 969 5
607 1457 30
253 462 8
1082 1496 41
1009 888 2
464 1053 2
1304 341 5
95 1315 7
565 1058 2
774 778 2
244 102 8
3 1305 7
29 75 3
1106 1114 2
576 834 8
891 51 1
220 979 2
102 287 2
673 804 2
126 98 8
99 891 7
357 114 8
514 445 0
681 1131 2
442 239 2
778 804 2
191 1135 2
1145 21 8
323 359 7
499 527 67
368 1500 30
744 599 1
576 766 8
1093 627 6
1570 197 8
1308 1388 6
880 143 2
190 841 2
71 62 2
191 671 2
504 1004 27
1114 1404 2
1037 1315 5
759 289 2
191 1062 8
1128 80 8
512 527 7
531 1073 2
470 911 31
1110 1305 8
173 347 2
500 759 2
603 1338 2
913 958 5
623 1510 2
1533 925 1
1424 588 7
32 1184 6
52 1384 8
854 1125 8
119 987 41
507 81 2
383 981 2
512 63 7
1552 97 8
698 75 5
839 417 2
159 256 2
489 846 6
796 499 21
503 437 2
913 1327 6
512 355 7
371 433 7
830 453 2
731 265 7
1271 118 2
359 1061 2
191 1392 30
1130 605 1
406 102 8
24 118 2
390 298 8
147 531 7
912 875 6
317 501 5
1053 231 2
944 191 2
1166 891 8
32 179 8
259 160 2
20 428 7
458 1135 2
1480 62 2
1372 720 7
586 311 2
454 307 7
240 1550 8
923 121 2
551 975 2
323 763 7
551 929 7
445 681 2
359 611 34
922 223 2
218 1033 2
286 394 1
70 1284 1
424 1299 2
424 903 2
1214 1388 7
1351 920 2
541 1405 2
757 1496 53
286 686 1
1291 697 14
661 114 8
991 1496 12
69 681 27
369 850 30
442 1550 8
795 92 8
545 981 2
404 1455 2
1106 363 2
900 92 8
837 1430 5
565 1118 5
650 201 12
398 841 2
647 1131 2
1292 226 5
624 550 1
759 917 2
108 437 8
1304 256 7
893 697 14
922 152 30
1231 80 8
398 737 2
531 494 2
747 1161 7
729 829 2
1429 32 7
922 840 30
330 881 3
226 893 30
402 808 8
519 764 64
285 1449 2
285 1053 2
1081 545 2
784 1627 77
1329 453 35
1404 602 2
708 655 2
592 846 6
1192 1581 8
1459 437 30
497 262 2
340 747 7
1377 1403 6
1397 770 7
888 1330 15
1185 588 8
720 355 7
623 462 8
252 855 27
1394 256 27
1295 21 7
348 714 1
455 1375 27
923 1213 2
841 834 8
161 277 8
1271 31 33
1500 534 2
582 913 2
1055 437 7
1384 766 7
29 1457 8
605 341 3
142 1078 2
582 908 8
1343 442 5
24 31 33
848 21 8
707 689 2
371 119 8
923 1145 2
463 480 2
36 779 8
1377 65 7
1354 236 12
499 345 0
588 197 8
588 139 3
1201 926 15
519 558 1
592 782 50
596 1126 30
1075 513 26
681 388 2
1272 330 8
997 681 7
750 907 2
1292 205 14
1136 728 8
1253 834 8
1025 114 8
281 325 27
588 129 8
1225 401 48
172 681 27
199 458 2
551 516 2
1215 297 7
569 1420 8
70 1330 2
233 1305 8
915 437 8
960 1554 1
1210 269 7
1104 417 2
181 134 2
191 324 2
862 808 59
292 1436 2
1106 264 23
1304 884 7
1449 689 2
69 1036 2
326 1437 8
1209 371 7
1328 543 2
1372 1050 5
531 726 2
1217 424 8
981 1493 2
1394 223 26
454 1325 5
623 1163 2
1436 289 2
1198 829 2
582 880 1
1416 805 2
1081 1127 7
518 663 8
647 83 8
883 1305 14
759 166 2
510 1298 7
724 627 7
1053 1555 2
1552 42 8
140 804 2
1173 1407 2
1181 726 8
1465 1564 5
750 1456 30
508 743 3
1540 228 8
315 437 30
551 1152 26
934 1315 7
1448 324 30
1140 1581 7
1459 1567 1
701 514 2
914 667 27
1056 21 8
454 298 2
1375 119 7
681 1480 2
772 702 77
1024 229 2
374 785 8
239 360 2
1554 683 0
247 390 8
1382 1305 7
193 453 57
359 998 29
648 506 6
265 851 30
1164 59 8
1505 98 8
1567 452 12
355 1581 8
1225 737 48
584 627 8
753 506 6
541 662 2
667 277 8
551 852 2
672 160 7
437 942 2
1093 908 6
692 769 8
28 1070 5
933 341 5
1357 368 33
323 932 7
458 676 29
695 119 8
190 1122 2
641 681 27
1443 771 2
1139 1500 30
1084 1561 2
285 774 2
995 1396 8
1570 1062 8
900 37 8
1401 252 6
1200 626 8
759 1258 2
297 677 2
53 311 2
156 453 1
870 3 8
391 954 7
870 341 3
277 1328 2
330 92 8
1058 707 2
552 1397 0
250 1044 17
1075 1133 2
281 216 2
750 83 8
181 1377 8
479 779 6
928 993 2
159 54 6
759 789 8
369 140 7
1460 1126 30
1404 151 2
607 334 2
157 255 2
784 1212 77
829 1238 33
698 1418 7
252 112 27
380 551 2
1388 63 7
159 1121 2
1302 1396 8
365 834 2
1377 1389 7
255 707 2
1388 355 7
255 311 2
256 1581 8
870 1335 5
829 277 8
255 702 8
813 491 1
594 167 8
1350 552 1
485 33 2
1137 891 7
1025 1443 2
925 610 2
271 834 8
563 1258 2
125 889 2
320 1153 6
449 898 2
315 1567 1
468 295 2
789 1404 2
1122 667 27
512 961 35
323 1336 7
148 114 8
1535 470 30
340 1307 13
369 803 30
170 692 71
1190 53 35
1076 31 30
1220 297 6
882 1375 27
1138 297 8
460 611 2
479 102 8
80 1092 7
1249 766 7
905 662 2
361 98 8
1225 54 48
1247 1126 33
303 1388 7
190 1004 27
787 320 7
1462 634 48
80 1384 7
305 656 1
1568 829 2
993 982 7
614 1176 5
623 488 2
535 23 2
759 1198 2
23 1310 5
880 1298 7
1103 1581 8
912 428 19
499 1284 2
624 727 1
306 88 59
647 497 2
652 83 7
317 730 8
1239 369 3
724 348 7
466 1125 6
531 671 2
159 1525 2
395 854 27
600 865 6
1336 216 7
981 1100 7
500 854 27
1527 1161 7
862 685 59
322 1448 30
865 108 8
23 747 2
162 160 33
862 393 8
69 908 8
261 499 2
154 1033 2
913 92 5
22 453 2
834 187 33
1391 995 1
1540 277 8
707 1330 2
208 624 30
569 338 5
1173 1352 2
1465 1509 5
1305 167 8
988 861 30
1225 1475 5
144 424 8
531 1392 30
424 1506 0
682 770 2
618 116 8
933 562 2
1083 484 9
1460 428 41
217 1131 2
435 863 6
913 1482 7
222 1581 8
102 873 2
272 652 55
1354 1101 12
800 1389 8
325 1169 2
1026 1436 2
1014 1388 7
766 1342 7
98 787 7
70 486 1
258 1406 30
453 637 2
770 1314 7
102 805 2
1217 908 48
551 63 7
867 31 16
1251 437 8
1225 974 48
1232 265 48
551 355 7
1567 742 23
1215 870 7
296 1315 7
889 625 2
763 159 2
417 297 27
1031 80 8
401 1315 7
873 29 2
1328 824 2
647 729 2
533 369 2
1106 837 23
1304 1457 7
222 926 15
750 101 2
281 229 2
1554 1262 2
1056 875 6
1188 424 7
324 750 30
852 647 2
168 941 2
1354 1187 0
277 201 12
411 325 2
829 1227 6
330 37 8
1075 1078 2
1398 325 1
1081 97 7
601 449 7
150 1375 27
195 3 8
810 70 1
195 341 3
62 444 2
369 423 2
277 908 8
357 713 2
928 1230 2
159 769 8
1176 1388 7
814 433 7
524 1126 30
122 1449 2
702 1097 7
253 1384 8
138 262 7
1459 1126 16
253 1437 19
688 714 1
1193 347 50
819 1086 8
1398 1377 8
702 1389 7
713 401 2
453 1041 2
40 21 8
1561 412 5
1053 848 8
558 591 2
673 1388 7
563 911 2
1031 453 2
1036 1169 2
1036 773 2
1567 1489 12
102 1122 6
468 824 23
348 973 2
348 577 2
1153 424 8
551 1493 2
230 834 2
883 1230 7
780 552 1
1468 428 7
800 315 2
681 942 33
347 940 2
238 900 2
238 504 2
695 1156 8
819 1310 8
1230 1418 7
217 380 2
558 419 2
429 1449 2
759 1211 2
1184 1377 52
650 1567 2
25 453 35
463 297 8
787 265 7
1124 908 8
1135 32 8
889 857 2
790 52 8
912 28 8
836 311 31
921 98 30
900 219 2
592 208 50
754 386 1
98 36 7
988 189 2
613 1210 6
1212 1305 8
574 606 35
1520 1388 7
981 357 7
1537 1418 7
952 139 5
623 365 2
551 36 14
267 32 7
382 1563 7
1304 706 7
833 603 2
489 768 2
252 289 27
1278 118 1
707 937 7
1391 981 2
1035 829 2
191 539 30
199 1315 5
999 839 77
988 806 30
241 262 7
479 60 2
127 240 2
865 277 8
229 890 2
246 920 2
347 1298 7
1192 32 8
125 774 2
187 453 35
140 626 2
415 357 5
667 1213 7
978 98 30
340 1489 7
1391 908 8
913 1077 2
577 647 2
1035 1053 2
618 68 24
673 647 2
1131 1449 2
369 1376 30
702 346 7
548 920 1
551 619 27
508 1335 5
265 53 30
341 504 2
903 369 2
1333 1418 7
670 891 7
1359 347 33
928 114 8
766 850 6
681 568 7
98 1128 7
558 1112 23
555 836 2
85 720 2
1093 506 6
981 1495 2
1328 837 2
459 435 8
201 1511 74
539 240 2
442 743 3
1317 504 27
1336 565 7
1106 821 2
328 891 8
328 495 8
744 374 1
1098 1443 2
4 31 14
311 366 2
325 1437 8
190 616 2
678 1292 30
221 114 8
926 61 15
854 973 2
973 1315 7
759 163 8
361 1315 5
922 813 15
1307 320 6
870 808 8
145 1377 1
1075 335 2
1354 1132 0
594 1149 2
829 1213 7
759 433 3
1245 1280 57
1404 1352 2
722 1375 27
1292 471 7
618 762 2
504 798 2
1500 700 32
961 13 64
241 499 1
569 1389 7
1537 1396 8
503 504 2
476 942 2
268 97 8
393 80 8
276 424 8
507 179 8
605 1446 2
468 837 23
834 533 3
601 618 7
25 114 8
507 471 8
240 1330 2
154 326 8
21 475 2
899 633 7
699 62 2
159 646 8
1319 507 0
1372 891 7
563 1252 2
563 856 2
460 1496 12
454 816 2
524 607 30
555 1153 6
632 1388 1
695 855 3
551 1042 2
247 908 8
1359 1371 33
139 611 30
1140 32 7
1117 937 7
125 23 2
343 98 8
667 462 7
441 766 7
770 1491 7
563 1080 2
343 390 8
322 325 2
951 1348 21
555 1418 7
1455 707 2
545 360 2
889 1198 2
897 80 7
1164 1325 5
894 1122 2
679 437 8
435 259 59
1209 829 7
112 702 8
880 838 2
497 1609 47
35 1388 7
52 1418 7
88 449 7
880 833 8
974 1057 2
189 891 8
1540 1213 7
1550 390 8
988 129 8
406 240 7
1283 1291 33
259 320 6
1548 766 8
66 369 2
849 60 2
244 603 6
642 1305 8
1084 888 23
888 813 15
604 1106 2
127 854 27
699 466 2
551 338 5
667 1337 20
784 1334 77
1026 1375 27
31 307 2
360 298 7
926 401 1
1259 1161 7
1256 551 83
1375 937 7
1052 804 2
48 1324 39
32 983 2
624 983 30
255 829 2
23 173 2
814 1298 7
1271 98 33
32 937 7
279 893 50
1100 1225 0
820 435 8
45 624 30
1382 160 7
772 245 77
999 320 77
916 21 8
923 1212 2
994 565 57
101 1388 7
790 360 7
1164 855 3
290 908 5
197 1388 7
607 781 30
1495 114 2
435 663 59
1338 1333 2
774 498 2
908 296 7
98 723 2
799 297 8
1126 272 7
1326 1181 7
96 1315 7
652 336 6
297 824 6
1224 770 2
761 453 1
1486 437 8
543 675 2
79 1181 7
418 552 1
666 1428 75
1317 449 27
1449 172 2
289 854 27
438 607 2
750 568 7
1201 80 7
409 471 2
1553 681 27
988 366 2
995 147 8
326 1212 8
659 32 8
1328 714 2
541 33 2
514 471 2
979 798 2
652 601 7
898 114 8
1416 684 2
983 987 44
541 424 8
514 763 2
707 412 5
437 308 8
829 1013 57
514 775 12
603 1058 2
1545 891 8
329 622 35
841 1305 8
1055 1304 7
1055 908 7
395 114 8
137 891 7
605 433 7
913 318 5
380 1405 2
607 1480 2
52 1396 8
595 681 38
14 468 1
619 1581 8
297 147 8
157 1396 8
468 821 2
701 854 27
440 702 10
1540 3 8
268 88 3
362 626 8
941 917 8
476 1283 2
917 623 6
268 42 8
11 1091 2
390 18 8
1374 1456 2
1496 82 38
899 182 7
1271 62 2
214 52 1
23 1194 30
1025 1377 8
702 822 74
514 81 10
311 674 1
900 1196 2
106 675 2
688 577 2
1145 437 8
210 390 8
217 1243 7
1201 402 5
894 843 2
919 588 8
28 75 3
1360 1000 2
234 3 8
664 1449 2
234 341 3
563 728 8
1371 65 8
1098 1328 2
118 440 35
951 1578 5
724 1567 1
452 114 8
1439 160 2
253 293 0
1110 1388 7
862 1342 7
322 470 33
889 455 2
420 979 2
1497 1243 5
557 114 8
681 368 33
428 595 2
1215 1388 7
512 1102 37
1533 1445 1
491 441 0
409 1495 2
829 1125 6
88 102 7
263 1225 0
974 1106 2
1204 891 8
762 32 8
1297 591 1
489 1325 5
182 1451 2
750 223 2
650 993 2
867 32 8
251 1126 16
981 689 2
766 63 2
106 1292 30
176 702 2
552 18 8
702 225 5
594 1384 7
625 829 2
731 681 7
385 102 8
499 363 2
256 1033 2
913 200 30
983 1388 14
491 1097 7
936 320 6
1330 458 29
50 564 2
1406 891 8
609 1371 2
1271 466 2
952 777 2
838 21 2
729 80 8
1233 325 1
720 116 8
252 575 27
385 326 8
434 1315 5
39 21 8
24 466 2
750 152 30
591 1443 2
454 1457 2
21 1070 7
702 1615 7
982 1554 5
531 539 30
1230 261 21
891 1199 1
584 1161 7
1253 1291 33
1117 412 5
1031 1075 2
278 98 14
922 639 2
808 675 2
1357 1274 12
478 908 8
689 1161 7
218 1449 2
341 667 27
1181 88 3
369 974 30
468 65 8
245 120 2
1210 994 5
1164 462 8
1031 611 2
900 221 2
569 916 8
217 210 2
109 1305 8
185 563 27
1479 804 2
286 1138 1
217 898 2
346 21 8
653 297 2
787 491 7
435 1108 8
1297 1287 1
889 1479 2
1294 1554 0
569 848 8
156 265 15
442 341 3
70 362 2
168 1129 7
1110 751 2
216 604 2
654 973 2
221 627 8
880 723 2
479 50 70
870 433 7
774 375 2
46 1305 6
195 1321 8
390 1415 2
750 455 2
983 382 8
850 531 2
981 1271 7
1394 380 27
402 1156 8
190 438 2
442 1335 5
139 70 31
1218 28 8
926 646 1
1413 1305 8
1180 908 59
528 453 34
736 98 8
1518 1305 8
485 900 2
468 474 2
485 504 2
618 355 8
309 60 44
873 1500 30
262 104 2
784 304 77
297 92 8
1085 1210 13
1383 834 7
271 1305 8
1391 1161 7
804 1389 7
259 1554 7
21 638 27
258 460 2
127 70 2
702 244 7
491 387 8
23 350 2
642 1315 5
161 917 8
582 819 7
1313 399 14
900 917 2
499 341 3
311 513 30
1448 440 30
455 424 7
702 932 7
784 236 77
28 1457 8
1421 412 5
235 504 2
325 273 6
458 462 7
102 269 6
1371 1389 8
1106 345 0
335 681 27
563 350 2
795 1578 3
512 53 35
941 1086 8
1355 893 33
233 1388 7
437 730 2
900 1141 2
435 1236 59
1258 102 8
1102 1280 57
1044 1252 40
1230 903 2
667 2 2
1106 1407 2
70 657 1
1352 879 2
681 1127 8
692 139 3
286 59 1
325 934 7
515 1554 1
54 499 21
1397 1554 0
563 277 8
1315 914 52
1210 284 6
311 155 1
671 28 2
1502 1554 0
1317 626 27
1562 1567 2
29 1070 5
173 766 7
880 40 2
404 1120 2
80 116 7
737 1497 7
1019 437 8
869 160 2
410 216 2
172 360 2
551 890 14
49 893 33
993 47 8
277 360 2
616 1375 27
872 297 8
213 102 8
603 233 27
1399 1181 7
1081 314 2
721 1375 27
721 979 27
318 102 8
479 603 6
766 341 3
161 1321 8
1051 996 1
1169 1333 2
1448 844 30
504 628 2
501 610 17
154 229 2
961 348 7
1394 1131 2
466 487 1
784 932 77
42 834 8
33 479 2
269 1305 8
1054 1075 2
218 1375 27
259 229 2
699 952 33
359 1354 2
256 514 2
707 26 2
359 347 33
829 2 2
763 191 30
325 638 27
713 572 2
922 292 2
716 21 8
449 722 2
259 453 2
563 978 2
546 623 6
1344 1408 57
769 865 6
546 1357 1
311 1247 1
594 215 8
900 166 2
596 784 14
558 590 2
355 326 8
1258 626 8
502 311 30
470 1461 8
489 462 8
795 139 3
540 662 2
551 1492 2
1443 443 12
878 1305 7
307 1126 2
872 998 2
569 793 8
1380 988 20
780 988 2
70 307 2
824 265 15
1131 1126 55
734 1114 2
502 458 2
69 409 2
1061 0 0
309 834 8
624 447 1
1377 743 5
317 54 8
406 862 7
981 528 7
495 1418 7
993 576 2
850 476 2
253 1131 1
1550 908 8
913 877 30
627 1324 39
1388 438 6
611 722 2
510 1108 8
273 33 2
854 47 8
554 286 15
55 52 8
594 250 7
470 883 16
601 1540 7
630 114 8
157 207 2
162 923 2
486 1328 2
643 104 8
98 911 31
1295 360 2
1376 998 1
1383 779 7
1382 454 7
23 399 2
758 453 35
201 749 5
484 551 2
1233 1190 1
40 424 8
1310 1315 5
933 282 2
667 1384 7
346 766 8
854 1152 26
1253 512 2
1171 75 3
362 52 8
800 1114 2
912 504 2
1181 1431 5
464 603 2
213 1161 7
112 1291 7
774 724 2
147 114 8
1349 390 2
193 118 57
458 47 7
318 1161 7
900 789 8
1173 622 34
98 903 7
1106 1352 2
77 879 2
750 1200 2
1003 512 2
85 495 2
348 267 55
281 618 27
658 1581 8
889 53 2
1201 311 1
163 1430 57
531 1483 2
325 1212 8
1221 128 2
311 153 12
1333 1062 8
1106 1284 2
894 269 2
995 769 8
98 1267 14
292 1333 2
759 235 2
850 1500 2
468 345 0
1207 1581 8
834 1004 27
416 311 2
824 627 6
574 1557 1
1050 1111 1
958 804 7
1075 798 2
1283 1126 33
507 22 8
1398 774 2
1030 1496 53
775 660 5
266 160 33
391 889 2
168 588 8
39 1181 7
1271 952 33
692 136 6
138 424 2
499 226 3
273 588 8
923 135 2
702 1213 7
1379 102 2
1313 576 14
24 952 33
1053 177 2
688 434 1
581 1405 2
205 518 77
1037 922 2
710 766 8
619 32 8
468 1271 2
1354 1541 2
325 846 6
216 1243 7
1105 1421 1
692 838 8
428 597 2
1292 513 30
222 326 8
83 1375 27
804 228 8
852 624 30
325 1138 6
1505 495 8
1230 1184 2
1304 1207 5
1315 1555 52
1104 1114 2
623 1153 6
1357 1480 2
438 795 7
226 514 2
409 1393 2
1126 1418 7
1357 753 23
582 160 30
581 21 8
1136 384 3
424 1199 7
440 531 2
690 191 14
643 1122 6
1213 603 6
307 675 2
76 1451 2
251 611 35
1190 1439 16
647 1077 2
267 759 27
762 159 2
618 1337 2
934 926 15
395 1333 2
922 820 15
641 409 2
867 159 2
309 779 8
369 902 1
500 1333 2
1108 1305 8
784 1281 77
277 933 2
993 958 3
1540 1321 8
348 436 1
674 594 10
880 936 8
503 1371 2
485 667 27
1394 270 27
915 1292 30
1475 1504 57
372 49 1
1174 623 2
592 792 6
428 704 35
713 537 12
470 36 16
839 1283 2
157 548 2
784 1505 77
33 1052 2
1397 320 7
357 1061 2
145 442 2
40 437 8
603 533 2
192 607 30
195 737 20
478 1161 7
707 307 2
1307 114 8
915 1106 1
1119 624 30
583 1161 7
1174 555 2
1497 1125 8
1221 412 5
161 119 8
258 350 2
993 1237 36
449 957 7
371 65 8
449 1295 2
1036 1121 2
1044 737 2
449 189 27
787 785 7
144 21 8
998 980 1
1044 1128 8
790 531 7
923 1378 8
1000 419 2
1262 611 35
185 1081 27
997 627 7
1126 47 7
1212 1388 7
1357 401 2
1567 446 2
652 111 6
552 945 2
789 21 8
1443 1016 12
551 66 2
70 542 7
281 563 27
1336 681 7
1315 12 52
925 453 34
1223 647 2
1297 1445 1
399 1292 16
647 498 2
1449 239 2
424 139 3
1421 936 7
52 230 17
360 441 0
292 1377 8
979 177 2
370 50 41
277 1561 2
631 311 1
1210 147 7
720 606 1
1436 235 2
1081 1515 2
35 458 2
1394 898 27
555 485 30
111 865 52
601 160 2
510 848 7
32 1454 2
623 1396 8
601 510 7
834 584 33
618 878 2
374 512 2
928 603 2
468 992 2
1354 1262 2
1094 1448 30
594 1197 2
1443 718 10
914 681 27
360 1389 7
240 722 2
1 297 6
268 213 8
479 804 2
795 1097 7
1164 1384 8
1000 345 0
470 840 2
900 1097 7
344 770 2
361 800 2
880 950 16
217 1424 2
1124 1228 1
1375 65 7
599 610 2
1316 435 5
692 433 3
454 932 2
738 1315 5
900 1367 2
1351 879 2
98 1184 7
98 788 7
453 242 2
507 1335 5
86 1416 2
325 455 33
1330 372 1
449 148 2
1404 1170 0
80 410 7
409 1338 2
769 774 2
1443 425 2
1328 1243 7
314 114 2
1153 21 8
541 900 2
541 504 2
695 65 8
1443 717 2
855 667 27
627 517 1
178 875 6
295 514 2
759 516 2
938 952 16
1104 1283 2
424 726 2
309 437 2
439 779 7
854 1321 2
750 97 8
86 32 8
852 252 2
514 1562 2
759 1199 8
824 908 6
782 1292 30
796 311 25
476 646 5
1050 1392 1
981 22 7
377 558 2
499 534 2
862 3 59
960 348 7
508 1298 7
582 681 27
292 626 8
195 296 8
455 1305 6
713 1262 2
1183 779 7
373 1305 8
1547 588 8
480 1330 2
371 1389 8
142 641 2
45 707 2
1405 773 2
1397 265 7
707 648 2
36 347 2
150 311 2
252 350 27
128 854 27
1522 424 8
393 32 8
866 115 15
1256 667 83
1078 1305 8
32 307 2
699 118 2
1367 569 2
1372 551 7
713 793 8
314 1375 27
713 1090 2
912 667 27
20 551 7
1091 193 5
140 390 8
681 1274 12
420 779 6
575 1305 8
440 880 2
773 854 27
357 998 29
1471 800 59
795 387 8
62 724 35
667 460 2
347 936 8
1090 611 35
900 387 8
582 627 8
192 252 6
435 533 3
98 501 7
217 673 2
1358 829 2
205 229 7
346 588 8
1080 1388 6
880 1254 2
435 487 8
80 1330 7
368 1616 71
867 508 2
995 536 33
652 97 7
867 800 2
688 267 55
1454 707 2
774 150 2
66 889 2
981 1114 7
642 1388 7
377 875 6
315 102 8
398 1314 7
189 32 8
1328 434 2
614 226 1
603 882 2
1210 92 7
176 1059 7
861 514 2
1084 360 2
1354 109 0
454 873 16
1394 843 27
659 80 8
995 533 3
1424 424 7
605 199 2
270 409 2
939 865 6
737 1305 8
154 979 2
291 114 8
607 1200 2
933 576 2
1475 766 57
1375 1389 7
784 79 77
489 1457 2
1108 1315 5
36 1371 2
449 101 26
829 856 2
252 978 27
923 1336 2
1540 119 8
707 1568 2
582 1036 2
829 1148 2
569 1054 7
720 1207 8
981 41 9
476 1003 2
751 309 14
241 893 2
1378 424 2
240 307 2
217 1077 2
1158 265 8
936 114 8
913 1078 2
489 1384 8
116 1161 7
228 889 2
1232 1590 48
1480 98 33
695 1389 8
276 21 8
442 433 7
661 1230 2
1382 800 7
330 1097 7
907 702 2
1315 757 52
42 750 50
1328 1415 37
713 42 8
774 1242 2
1020 21 8
1000 992 2
903 662 2
930 667 40
85 325 2
217 1296 8
1000 1284 2
80 355 7
1300 1057 5
770 1156 7
1061 1214 0
952 836 5
322 1496 69
420 320 6
437 828 8
182 1239 2
430 889 2
880 211 2
635 528 1
424 671 2
191 838 8
519 31 2
759 852 8
1200 80 7
398 281 2
424 1062 8
157 1525 2
603 1510 2
658 32 8
498 854 27
420 626 8
872 369 2
829 1214 7
620 229 2
1075 628 2
1004 893 30
53 98 2
139 647 2
160 357 2
618 763 2
395 759 2
28 1199 7
297 104 2
737 330 8
480 983 2
618 1550 8
1173 883 33
1053 471 2
1448 911 30
329 743 5
993 384 3
150 360 2
568 470 6
784 1395 77
1405 322 2
1388 292 2
21 836 2
1250 512 2
588 1021 2
613 766 8
360 697 2
1448 1239 30
510 83 8
1367 514 2
449 497 2
1377 1212 7
454 817 2
457 563 2
1117 1298 7
1153 766 8
923 585 2
817 390 8
869 320 6
1024 1436 2
417 647 27
688 1321 2
1252 1305 8
1025 998 29
265 974 30
258 553 71
234 59 8
1307 1377 6
1561 1002 2
714 98 14
1229 183 6
667 796 8
390 136 6
87 216 2
833 499 21
189 1315 7
993 523 2
1019 908 8
770 222 8
995 877 33
294 1315 7
330 387 8
102 63 8
1305 735 6
253 991 5
929 1554 0
1317 114 27
759 693 2
1216 908 7
66 834 2
713 445 0
766 433 7
880 1131 2
74 900 2
74 504 2
482 779 5
847 563 7
1126 697 14
1126 301 14
981 699 7
297 1196 2
1098 297 2
626 1525 2
325 291 8
1554 129 2
992 102 8
657 453 34
1268 770 5
486 1567 2
983 652 44
945 1291 33
913 944 30
66 662 2
148 1375 27
69 507 8
390 1062 8
1404 670 2
369 1393 2
470 938 6
33 882 2
865 291 8
514 63 8
470 950 16
1053 1391 2
157 769 8
988 64 30
366 390 2
431 99 0
191 485 30
784 24 77
926 298 1
1385 406 22
1382 229 7
170 987 71
586 1075 2
1210 1118 5
305 872 2
923 1281 2
681 1152 26
1517 784 19
563 739 27
914 880 1
569 1337 2
109 1388 7
1188 893 50
912 347 2
1519 390 8
170 311 30
350 1375 27
1029 453 2
143 21 8
390 1392 30
913 685 7
468 855 3
1354 1084 2
213 603 6
1359 1404 2
250 437 8
491 39 8
550 1126 33
464 774 2
681 1417 27
102 368 2
912 675 2
454 129 8
1252 330 8
285 159 20
35 1315 5
541 667 27
346 770 2
1126 273 7
1289 568 15
108 1305 8
270 611 30
988 831 2
1154 102 8
70 377 1
1449 533 2
1136 796 8
1258 114 8
1454 988 2
750 929 7
624 1314 1
552 444 23
1315 238 52
1210 45 7
1098 993 2
643 269 6
1514 1421 1
106 320 19
1413 1388 7
49 1328 2
157 741 1
177 504 2
854 1310 8
1518 1388 7
619 1655 2
1405 1004 27
514 1160 2
1098 611 34
458 485 30
1303 1315 7
627 380 2
271 1388 7
98 1341 30
1084 933 2
849 981 2
768 297 8
508 937 8
148 1402 2
518 1127 8
739 458 2
161 1437 8
155 297 2
125 1609 47
1421 116 8
751 950 14
933 753 2
1561 1578 5
1526 116 8
1402 958 3
468 1114 2
1047 1405 2
835 390 2
276 766 8
222 133 1
911 159 1
227 453 1
766 763 5
912 1371 2
889 1152 26
311 861 30
234 1342 7
702 884 7
32 296 8
381 50 14
279 607 50
830 398 2
322 875 6
1421 1156 5
97 297 6
442 1052 2
468 1437 8
125 32 8
457 508 2
770 1505 7
85 1362 2
1145 834 8
889 524 2
369 639 30
889 1417 27
265 919 30
112 424 8
241 1388 14
139 453 30
112 325 2
647 1024 2
852 348 41
1225 805 48
995 1199 7
995 1578 3
435 273 59
80 532 7
652 1298 7
681 753 23
981 24 7
453 861 30
1439 453 2
614 324 5
330 728 8
1459 229 2
1570 838 8
654 638 2
534 229 33
404 1468 2
279 1036 27
83 908 8
779 63 8
295 1428 2
1561 833 7
195 298 8
504 1148 2
1304 373 7
1080 1210 6
1401 320 6
867 330 2
74 449 2
779 355 8
530 31 33
988 75 8
537 466 75
620 114 2
1103 265 8
179 390 8
1159 779 5
623 256 2
1302 1199 7
1139 952 16
1394 45 27
46 506 6
737 507 8
1053 648 2
839 1454 2
142 471 2
1521 424 8
1397 491 7
145 217 2
1061 1110 2
348 872 2
485 565 2
760 296 5
631 114 8
259 531 7
1377 1457 7
1500 255 2
814 848 7
11 13 2
565 500 2
62 622 35
1172 147 8
1561 139 5
558 1110 2
48 1610 56
707 743 3
1025 888 23
591 229 33
62 441 0
527 275 67
468 462 8
314 1036 2
468 363 2
102 417 2
667 1396 7
814 1217 8
459 102 8
941 63 8
569 917 8
333 32 8
1468 551 7
1003 1292 33
1239 240 2
455 21 7
905 834 2
229 609 2
217 503 2
1567 617 2
1328 436 2
1228 769 1
1203 627 6
281 442 27
681 401 2
961 1173 1
563 46 8
563 384 3
1289 1201 15
459 326 8
325 978 3
588 958 5
1102 1044 12
62 1389 7
995 139 3
1081 1358 2
1252 1315 5
447 908 8
960 1567 1
1169 1375 27
983 779 8
1328 264 2
862 1217 59
348 1469 47
292 1449 2
70 983 2
191 728 8
84 114 2
531 1135 2
432 330 8
98 598 30
437 650 8
463 750 30
655 626 8
938 31 16
1394 673 27
643 916 8
1081 848 7
854 796 2
287 1061 2
1390 491 1
32 850 6
926 1335 1
711 750 2
736 495 8
278 305 2
945 512 2
727 297 2
829 1437 8
1461 829 20
1024 1375 27
480 873 2
148 987 2
1284 1126 33
89 70 35
1180 1305 8
237 1106 1
1501 1580 18
1225 855 5
205 306 77
418 1448 30
449 223 26
377 424 8
1458 1044 41
647 890 30
546 624 30
31 1267 14
860 80 8
1313 4 14
127 759 2
1448 45 30
122 889 2
265 971 9
739 330 8
468 699 2
1377 18 7
206 369 2
470 907 2
1567 637 12
1475 627 12
272 428 55
551 1037 2
551 641 2
205 1443 7
524 102 30
323 429 7
1414 1315 5
913 1550 7
1110 1448 2
468 264 23
649 191 16
1493 114 2
1328 1245 37
1252 507 8
1252 804 2
322 880 33
1487 1305 8
504 99 0
347 83 8
996 770 22
774 1364 2
1000 1114 2
750 1507 1
736 489 6
563 575 2
491 1005 36
681 1420 8
211 908 8
652 1243 7
1526 1325 5
311 547 7
74 667 27
253 193 5
1439 398 2
1337 297 8
437 1346 8
1001 229 33
889 693 2
586 1304 5
1561 824 2
1533 1287 1
1209 720 7
1446 1126 33
501 1210 57
409 1337 2
395 1053 2
869 453 2
514 1337 2
1401 265 6
981 239 2
925 286 15
435 1070 5
622 879 58
500 1449 2
500 1053 2
890 1305 14
1402 95 6
552 1514 0
731 627 7
253 796 1
1540 1437 8
313 75 8
941 685 6
273 1405 2
506 90 8
1085 21 48
45 190 2
616 707 2
99 1225 0
533 470 30
1061 367 2
466 46 6
349 1561 2
1493 1375 27
506 22 8
707 423 2
486 993 2
891 1505 1
160 976 30
252 125 27
340 705 7
568 592 6
523 880 15
368 458 2
259 476 7
591 993 2
1279 770 2
982 1500 5
479 1161 7
574 1255 2
1384 770 2
819 1550 8
373 908 8
1172 92 8
470 1139 2
364 98 8
486 611 34
820 326 8
1090 1388 61
368 390 2
157 533 3
432 998 1
591 611 34
369 524 30
314 981 2
606 1500 30
1019 1161 7
1472 1044 12
512 1015 36
889 1493 2
917 588 8
837 720 15
997 347 7
447 1126 33
1483 191 2
1128 1075 2
292 1375 27
889 1029 2
1108 1388 7
70 704 2
177 667 27
363 453 35
1213 1388 7
569 1086 8
685 21 8
98 249 8
1315 128 52
261 1225 0
594 1548 5
720 394 1
922 1255 41
398 739 2
681 377 8
1000 363 2
591 265 15
86 435 8
555 208 2
297 1026 2
1061 293 0
70 194 7
1409 888 2
325 855 3
191 772 14
1025 1554 0
1394 722 27
466 1138 6
377 1357 2
611 723 2
1061 1355 2
721 297 27
558 293 0
450 1388 6
954 421 2
1172 59 7
31 138 2
865 855 3
1230 1200 15
813 908 1
117 1357 1
913 209 5
1461 98 30
380 900 2
369 1515 2
4 489 6
191 315 30
1061 1287 2
913 938 6
928 323 2
64 311 30
259 1500 7
598 627 12
1173 742 23
1251 1291 33
1292 794 44
866 810 15
917 893 2
694 889 2
819 179 8
1054 325 2
558 1287 2
1461 551 82
1180 390 8
527 607 5
1463 908 7
908 487 7
1357 537 12
1402 384 3
699 98 33
1001 1061 2
551 586 2
917 470 33
981 914 11
437 676 2
1227 1161 7
714 952 14
889 619 27
391 191 30
814 83 8
187 347 16
421 476 2
1317 1036 27
464 891 8
217 1076 2
185 1033 27
1478 499 2
344 21 8
1225 403 48
458 678 2
326 1070 7
657 1315 7
551 122 2
661 1333 2
1437 607 7
429 1230 2
429 834 2
1263 1430 10
720 293 0
981 1138 11
9 424 8
1336 633 7
1210 1396 8
1104 315 2
1098 888 23
1394 1418 27
1221 83 7
623 1525 2
1408 1157 62
190 1080 2
1001 611 34
102 919 30
424 149 8
635 699 1
995 1062 8
1570 728 8
109 1567 4
189 435 8
647 1138 2
160 200 2
1323 908 8
1306 891 7
168 662 2
136 1377 52
626 672 2
306 833 8
855 114 2
1480 594 10
1405 269 2
1131 159 20
1216 424 8
273 662 2
926 1220 1
706 489 6
307 320 19
616 360 2
865 1437 8
369 540 2
164 1305 8
681 338 5
373 588 7
908 850 6
317 412 5
893 573 15
360 576 2
834 1224 33
1302 1062 8
1354 1226 12
707 368 2
993 1325 5
150 31 2
365 891 8
268 957 8
718 191 33
586 618 2
923 824 2
1439 926 15
588 1583 8
605 1217 8
475 662 2
154 102 8
118 576 2
279 437 50
886 1161 7
449 272 2
742 1465 5
1075 1124 30
80 493 6
1335 320 6
652 863 6
1358 325 2
390 539 30
913 228 7
125 555 2
1357 1445 2
454 884 2
1082 311 30
323 1002 7
216 1536 7
569 119 8
506 285 20
923 355 8
542 854 2
1330 428 1
804 917 8
900 112 2
889 1042 2
1335 252 6
349 998 29
880 682 2
80 362 7
1225 1323 48
1289 111 15
1000 284 33
191 1606 2
468 226 3
707 1335 5
76 1452 2
1292 533 5
778 360 2
540 504 2
657 610 2
1230 139 3
880 568 7
499 274 12
1075 1495 2
152 1567 1
722 191 16
398 684 2
395 1230 2
297 1367 2
183 611 2
527 891 8
1409 891 7
211 102 8
1554 341 3
85 32 8
841 458 2
48 577 2
592 1153 6
1394 271 27
179 908 8
1295 770 2
420 114 8
506 663 8
1078 1388 7
841 750 2
1303 102 7
155 1443 2
152 229 2
453 304 10
1303 435 8
28 728 8
1537 197 8
380 449 2
449 1364 2
1537 139 3
1180 507 8
271 409 2
357 1354 2
1399 21 8
575 1388 7
592 1418 7
248 879 74
670 866 36
1171 147 8
729 891 8
468 261 2
524 1371 30
858 610 75
1500 377 2
582 360 2
193 1443 57
1402 59 8
476 723 2
23 241 2
518 1314 5
428 823 16
1374 208 2
1172 269 8
894 223 26
229 903 2
910 1448 2
1391 588 7
879 697 1
913 798 2
1056 839 8
584 569 38
990 1057 57
1054 265 8
772 313 77
923 1379 8
1001 610 2
790 428 7
347 1243 7
217 729 2
576 330 8
679 1305 8
435 1127 59
435 881 3
665 922 2
635 24 1
1003 62 2
1552 1395 7
1457 770 2
603 1153 52
187 987 2
463 1616 71
416 33 2
334 453 34
458 287 29
81 297 2
190 728 8
1211 1230 2
216 1224 30
318 1229 80
737 1388 7
518 929 7
1421 833 7
306 90 8
148 506 6
1394 1295 27
157 1199 7
870 1217 8
158 1075 2
173 531 2
829 934 7
494 1581 8
1015 720 15
958 750 7
273 607 2
32 1455 2
1460 829 20
1177 998 2
1117 1335 5
161 1212 8
628 114 8
759 108 8
157 1177 2
601 453 2
662 990 5
657 286 15
1404 742 23
128 1333 2
784 427 77
514 1550 8
126 759 2
1305 65 8
1139 31 16
800 1418 7
702 763 7
508 936 8
800 1360 2
102 856 6
517 1291 14
329 441 0
1304 533 5
56 750 30
450 1357 2
455 506 6
774 1366 2
229 1135 2
750 338 5
922 183 2
470 737 2
991 565 57
386 879 9
850 1377 52
1372 216 7
563 577 2
142 238 2
779 1203 6
681 1381 7
325 792 6
489 129 8
21 488 2
468 1212 8
1496 1024 40
28 269 8
578 424 8
563 869 2
551 763 2
450 893 2
211 1161 7
1401 453 35
909 21 2
1116 770 2
347 606 2
667 808 59
51 1500 30
894 911 2
1328 848 7
1003 702 12
338 1500 30
563 796 8
191 1213 7
1351 766 7
1210 844 7
1555 504 2
322 437 8
981 533 2
761 1581 8
1253 390 8
872 889 2
790 114 8
445 1567 4
118 1237 36
1075 1148 2
512 1566 37
880 163 2
32 1335 5
913 440 30
1476 531 30
1411 623 1
945 1388 7
555 139 3
1402 321 6
1085 134 13
730 1315 7
176 770 2
1207 52 8
1402 613 6
1400 80 7
454 1139 41
1551 1404 4
381 531 2
1081 729 2
656 98 14
52 197 8
499 443 12
1174 569 2
52 139 3
727 1443 2
1484 253 1
1053 423 2
159 672 2
876 1500 5
1397 662 7
373 1161 7
701 1449 2
48 58 2
701 1053 2
533 988 30
713 775 12
360 753 2
1394 148 27
713 1550 8
923 709 2
259 265 6
841 330 8
392 891 8
1110 1554 5
167 1129 8
735 297 8
1061 554 23
829 958 3
32 704 2
1336 908 5
624 704 30
450 1210 6
454 1187 7
1350 499 1
804 433 7
1252 1388 7
505 507 8
624 1392 30
1152 893 2
713 1086 8
623 636 20
42 191 50
816 908 8
325 488 2
605 119 8
104 662 2
216 844 2
900 289 2
774 219 2
1152 424 8
98 502 7
879 178 1
438 495 8
1136 958 3
191 284 2
281 217 27
652 57 6
681 572 2
988 947 2
555 106 2
229 485 30
13 116 8
61 133 1
176 1570 2
557 216 50
147 60 41
884 1181 7
620 981 2
430 262 2
1003 1291 33
542 48 2
46 1081 6
267 1333 27
1081 1133 2
880 1479 2
576 1315 5
875 1550 8
372 691 1
424 39 8
1053 1515 2
371 46 7
750 1310 8
1198 325 2
1414 1388 7
267 326 7
360 1111 7
724 879 7
252 1047 27
173 476 2
875 1482 8
506 1236 8
1460 98 30
1087 102 8
32 1062 7
167 1388 7
360 739 27
926 1110 1
938 98 16
941 228 6
834 1199 7
119 428 41
958 1033 2
43 424 7
1460 390 30
3 402 10
1448 284 30
374 62 2
1240 743 5
1554 1575 4
1229 1399 6
80 1325 5
143 437 8
1537 1062 8
569 1393 2
988 704 30
1025 1371 33
998 1243 5
9 62 1
1460 551 82
565 903 2
610 685 8
819 743 3
210 681 27
157 694 39
779 856 6
108 1388 7
922 128 2
653 1561 2
1053 63 8
563 126 2
23 915 30
555 1198 2
563 855 3
804 119 8
202 751 1
875 1184 6
506 938 6
1408 1268 5
855 681 27
1129 255 2
854 1002 1
535 1354 2
845 888 57
1461 987 2
317 936 7
657 476 33
894 1252 2
311 368 2
23 1139 30
531 1314 2
528 952 33
230 80 8
908 63 8
666 466 75
854 929 7
1295 1305 7
1221 601 7
1436 1565 2
1209 891 7
279 360 27
195 18 8
627 1583 8
863 32 7
133 739 67
1461 624 30
1476 476 30
626 898 2
1292 833 7
45 33 2
159 393 2
507 568 7
1124 50 14
1540 1212 8
348 327 1
543 31 14
941 856 6
1081 377 8
381 476 2
829 739 27
127 1230 2
1129 394 1
1448 912 30
507 937 8
930 662 38
1174 514 2
951 663 8
1312 424 8
159 221 2
784 1396 77
912 681 27
454 886 2
818 766 7
268 787 8
702 1336 7
170 652 71
594 59 8
1481 1225 7
1104 1264 1
302 702 10
1028 1081 2
913 584 53
1383 588 8
736 1315 5
780 499 1
1069 893 30
314 360 2
1305 75 5
250 102 8
841 1315 5
624 873 30
627 384 5
1232 804 48
158 1304 5
337 1036 27
626 223 26
459 114 8
226 1033 2
1050 168 19
997 518 7
908 341 3
27 258 30
880 1200 2
1019 1305 8
334 329 2
688 206 39
636 834 2
1000 602 2
759 1450 2
325 365 2
154 1230 20
432 1388 7
855 1036 2
889 1492 2
503 891 6
265 1472 7
819 298 5
623 672 2
648 21 8
195 646 8
880 1127 8
502 922 2
189 1581 8
507 805 1
476 911 31
862 937 59
1416 350 2
1552 1550 8
1394 497 27
284 347 2
369 1358 2
829 95 6
603 1120 2
1496 1591 38
1394 393 27
1081 568 7
729 1581 8
1436 855 3
499 1016 12
926 1055 1
1488 920 1
1284 1561 2
32 1345 2
1221 183 8
145 565 2
192 1126 30
1383 555 7
157 1062 8
988 357 30
125 1081 2
126 854 27
485 913 2
707 1217 8
841 507 8
577 662 2
1540 65 8
1526 1384 8
1120 681 27
148 702 8
329 990 37
231 854 27
485 908 8
568 80 6
726 114 8
273 424 8
852 1496 41
1037 70 2
1025 360 2
912 1036 2
468 419 2
1374 726 2
747 594 10
455 437 7
396 750 30
128 759 2
346 834 8
349 201 12
127 114 8
681 537 12
62 743 5
840 347 14
1442 514 1
1402 1325 5
81 654 1
208 1305 7
1450 667 27
29 147 8
592 851 50
774 792 2
1555 667 27
324 713 2
702 821 75
997 750 7
499 718 10
1304 1125 7
1225 178 48
23 396 30
1209 216 7
681 848 8
264 720 15
647 689 2
409 833 2
258 1194 30
85 563 2
808 31 14
1446 62 2
1198 633 1
1120 627 8
875 1102 7
1506 489 15
639 555 2
1394 1152 26
1075 350 2
416 551 2
653 998 29
1190 983 16
190 855 2
322 428 33
1078 854 27
1437 652 2
524 297 2
286 4 1
1002 29 2
229 251 71
491 990 37
869 569 2
383 667 2
853 879 74
626 843 2
398 519 2
1354 683 0
273 437 2
1394 1417 27
623 1227 8
617 879 2
226 675 30
109 1315 5
731 347 7
909 1315 6
250 1161 7
1376 159 1
1155 770 2
1054 504 2
518 1420 8
594 1342 7
977 607 2
1061 1439 33
159 270 2
865 1212 8
1303 1581 8
1002 347 14
507 90 8
999 229 1
1033 1122 2
1500 24 2
772 839 77
486 713 2
494 32 8
1250 62 2
558 1439 33
751 883 14
256 626 8
591 713 2
1201 76 5
1487 1388 7
453 537 2
361 923 2
934 114 8
191 61 15
489 355 8
20 442 7
334 1315 7
3 750 2
555 1479 2
575 409 2
1346 390 2
1117 848 7
586 325 2
206 1405 2
80 601 7
829 384 3
1468 320 7
804 296 8
1413 1315 5
369 536 30
565 92 8
176 574 41
1031 569 2
756 920 1
1098 1371 33
80 929 7
662 1169 2
662 773 2
271 1315 5
80 825 7
423 569 2
277 1173 2
1232 681 48
1436 1450 2
889 1041 2
834 136 6
55 1449 2
1215 371 7
681 97 8
195 533 3
761 32 8
603 773 2
581 23 30
1400 702 7
159 1258 2
611 443 2
454 368 16
1515 834 2
25 325 1
1515 1230 2
1436 462 8
1322 102 8
708 727 7
839 1455 2
1323 31 14
360 233 27
1044 1595 38
618 26 2
263 514 2
1146 1388 7
1033 1004 27
1053 1337 2
573 594 1
514 743 3
707 433 7
33 1120 2
31 546 2
116 770 2
252 869 27
893 61 15
723 21 8
1173 397 2
1181 112 8
913 1037 2
161 291 8
804 1393 2
508 83 8
1448 106 30
230 311 33
361 240 2
1163 80 8
371 75 3
234 1389 8
891 136 6
661 829 2
270 229 30
1503 32 8
258 519 30
350 360 2
654 1002 1
981 1030 11
325 1006 2
1232 1377 48
702 474 75
1333 856 2
900 411 2
774 737 2
912 908 8
217 796 2
98 228 7
258 451 30
1449 479 2
85 216 2
217 1583 8
681 793 8
1008 98 8
758 987 2
347 1457 30
189 428 33
988 1069 2
981 945 7
85 508 2
744 266 1
31 844 31
1061 1105 0
1210 387 7
867 160 16
1554 771 2
291 774 2
539 424 2
858 920 74
514 732 7
1394 1138 27
1215 603 7
720 1138 1
411 626 2
1376 720 15
880 97 8
558 1105 0
1405 513 26
321 1581 8
933 1344 37
55 32 7
729 1075 2
176 21 2
618 722 2
1443 89 2
655 627 8
558 1397 0
415 197 8
692 1236 6
200 1500 29
494 1315 7
252 1565 27
162 229 33
605 1114 2
866 1330 15
47 627 8
834 1321 7
55 297 8
605 1406 2
116 623 6
1166 626 8
784 637 5
772 888 77
1371 1418 7
533 531 30
435 1437 7
464 1609 47
265 972 9
1402 462 8
138 437 2
900 1211 2
552 1101 12
746 1225 5
774 1141 2
605 937 8
1025 933 2
1250 1291 33
206 662 2
154 114 8
1225 1215 48
1375 471 2
555 1424 2
440 424 2
457 454 2
28 44 8
102 942 2
1254 424 8
259 114 8
360 119 8
1460 987 2
1468 265 7
347 381 2
124 80 8
416 900 2
518 338 5
676 1106 2
889 762 2
800 147 8
464 32 8
1253 1126 33
141 443 9
667 291 8
1000 1407 2
550 1328 2
653 888 23
389 880 15
311 548 7
1098 1567 2
1136 59 8
979 1337 2
442 1217 8
306 957 8
569 63 8
503 489 6
880 730 2
528 118 2
279 190 27
516 804 2
759 980 2
1321 390 8
297 399 2
514 983 33
424 789 8
164 1388 7
317 116 8
1177 759 27
743 734 7
913 1253 5
159 136 6
45 551 2
30 1230 2
30 834 2
406 424 7
216 958 5
1563 114 8
36 191 2
623 197 8
192 326 8
737 458 2
499 602 2
623 139 3
1527 588 8
1304 147 7
1230 573 15
1388 833 7
159 843 2
1397 437 7
33 773 2
1303 114 7
31 199 2
159 838 8
252 126 27
1173 446 2
380 565 2
369 1617 3
879 596 14
1126 1186 16
222 311 1
752 102 8
255 325 2
114 638 27
1044 917 8
829 291 8
32 433 7
62 1005 36
118 982 7
576 1388 7
1291 377 8
117 558 1
1367 1033 2
125 611 2
449 620 2
458 1384 7
913 914 2
667 1342 7
1354 579 2
1122 681 27
322 913 2
62 341 5
362 114 8
909 28 2
833 311 25
1045 21 8
1355 888 23
594 1325 5
374 594 10
795 59 8
552 1125 8
981 183 11
347 1004 8
98 277 7
998 1384 7
360 1244 36
192 320 6
1220 603 6
632 133 1
70 309 2
258 396 30
458 384 3
1117 83 8
995 604 33
1328 278 2
1292 881 5
1121 114 2
1106 274 12
572 70 35
623 898 2
1333 728 8
913 1239 30
292 707 2
766 1389 8
270 854 27
995 39 8
1570 101 8
404 335 2
528 31 33
409 259 2
1304 1239 7
1303 518 7
850 770 2
177 390 8
1054 667 27
1176 159 1
955 770 2
48 1321 2
829 321 6
707 1120 2
1497 335 5
724 654 7
1075 172 2
988 1047 30
870 937 8
923 1576 2
287 611 2
594 590 2
611 1016 2
829 613 6
1184 504 2
1055 800 7
926 1281 1
834 974 7
739 52 8
411 102 8
703 922 2
162 611 34
647 438 8
945 62 2
285 32 8
713 1562 2
267 21 27
1394 54 2
1448 455 30
435 658 0
917 875 6
388 908 8
142 1337 2
1540 291 8
1039 1230 2
1039 834 2
128 1053 2
128 1449 2
1302 39 8
102 284 6
533 476 30
148 829 2
707 1298 7
60 622 35
1252 922 2
727 754 59
1035 1581 8
679 1388 7
552 1046 12
450 681 2
880 671 16
135 766 8
279 102 50
1000 452 12
1357 818 2
563 693 2
613 988 20
661 627 6
1245 1044 12
790 880 7
836 347 30
569 226 3
774 622 2
190 857 2
248 1490 5
74 681 27
29 269 8
1330 489 1
834 1014 0
696 80 8
416 449 2
774 914 2
98 1197 7
903 1126 2
667 241 2
1225 300 48
555 905 2
550 201 12
286 298 1
796 52 8
555 1296 8
1297 155 1
1100 1428 2
85 1081 2
84 360 2
311 831 2
70 845 12
1228 27 7
512 994 37
592 362 30
1536 875 52
752 1161 7
1570 1125 8
281 347 2
1341 80 8
880 279 2
402 92 8
1323 1305 8
395 603 2
514 1283 2
444 1430 5
618 957 7
1552 743 3
618 1295 2
176 594 2
736 1388 7
1126 1455 30
514 1575 2
922 56 30
453 976 30
996 32 8
618 189 27
841 1388 7
47 908 8
365 569 2
506 36 8
772 1529 77
252 139 27
437 830 30
1247 594 10
1448 1479 30
1240 658 66
1284 766 7
241 981 12
32 492 2
619 102 8
369 833 2
1381 1388 7
33 322 2
852 588 8
1279 424 2
1061 209 2
90 369 5
1328 958 5
818 879 2
1160 893 33
127 1333 2
688 436 1
858 80 8
707 661 2
534 1225 0
880 949 41
880 553 41
338 1581 7
1224 1291 16
623 1578 5
950 382 8
1493 360 2
347 730 2
129 708 7
41 774 14
941 22 8
899 702 7
558 1001 2
218 607 7
1357 1446 2
125 160 2
396 1500 30
415 139 5
1044 502 8
514 1335 5
913 859 2
1451 458 2
1292 85 45
569 808 8
772 891 7
1468 442 7
1451 750 2
1135 114 8
774 335 2
217 97 8
98 222 7
1561 1070 2
1436 638 27
238 1305 8
900 796 8
368 941 71
424 1097 7
416 1405 2
74 1036 2
1140 453 34
504 233 27
766 255 2
23 272 31
761 326 8
70 546 2
1176 720 15
1445 329 2
1222 28 8
639 98 2
880 907 2
1388 412 5
623 843 2
1144 70 35
267 1449 27
267 1053 27
759 1553 2
98 487 8
1570 46 8
1053 902 1
979 239 2
1404 910 2
472 1315 5
289 1333 2
652 42 7
555 149 8
1061 1009 2
252 475 27
557 160 50
729 569 2
398 1322 13
829 307 7
145 804 2
166 514 2
360 1169 2
462 607 5
252 1163 27
1173 1087 2
988 596 30
574 1564 1
1404 446 2
582 1221 2
53 1581 8
623 1062 8
255 1362 2
763 1126 30
582 779 7
387 627 8
888 293 0
263 1428 2
1383 330 7
1259 1172 2
1056 908 8
1033 269 2
468 274 12
1382 297 7
265 75 3
594 462 8
913 1555 2
464 618 2
0 1421 1
988 477 41
1029 229 2
217 798 2
594 1150 8
623 1380 20
880 1338 1
468 590 2
160 881 5
349 360 2
673 369 2
908 433 7
1230 1459 33
879 1031 2
468 486 2
915 458 2
208 1126 2
678 981 2
814 75 3
641 1129 7
437 622 2
1304 130 5
551 90 7
454 197 8
438 114 7
450 558 2
347 1577 8
185 1375 27
185 979 27
633 1450 1
1443 1047 33
1221 97 7
1223 1405 2
141 41 9
281 565 27
988 1295 2
194 774 2
1240 1389 7
424 460 2
619 1161 7
770 877 7
1421 1298 7
476 1341 30
1029 1230 20
70 1232 7
323 148 7
632 998 1
437 450 2
383 348 41
720 1364 1
1084 1173 2
156 133 1
190 1026 2
647 584 53
409 540 2
1304 1520 7
510 1314 7
806 347 30
702 130 5
1554 562 23
1001 453 34
759 78 2
575 1315 5
1128 265 8
297 289 2
1404 823 33
493 779 6
1085 1402 13
941 284 6
988 1224 30
731 518 7
834 1238 33
365 514 2
932 320 6
273 900 2
273 504 2
508 568 7
601 804 7
499 533 3
350 191 16
261 1581 8
160 464 14
567 658 0
455 191 16
317 358 5
856 627 8
692 83 6
368 453 2
1110 531 5
517 1292 14
1496 219 38
360 855 3
923 374 2
325 1153 6
465 80 7
1505 114 8
341 922 2
373 507 8
836 988 30
981 1131 20
1024 829 2
176 142 45
1000 1409 2
453 604 2
1047 415 44
672 514 2
753 1210 6
106 1500 2
390 485 30
435 1491 7
677 1230 2
677 834 2
442 1120 2
1409 70 35
569 65 8
323 844 7
210 360 2
829 1325 5
744 1480 1
462 891 8
383 1044 41
894 912 2
805 297 8
80 308 7
217 42 8
635 945 1
449 833 8
217 730 8
371 658 0
995 598 33
98 758 44
1380 880 20
391 1496 53
869 265 6
70 199 2
869 1436 2
618 101 26
877 1106 2
1382 1315 5
267 1394 27
1230 39 8
244 1081 6
650 1161 8
347 536 30
1321 908 8
86 326 8
1136 1325 5
1184 667 27
205 1229 77
507 957 8
133 310 1
650 347 33
252 420 27
870 972 9
879 890 14
437 90 8
222 605 1
544 23 30
502 574 2
1416 362 2
612 1307 13
336 1315 6
1129 1138 1
594 876 2
244 1305 6
713 1160 2
518 116 8
470 671 16
770 1207 5
23 255 2
730 1581 8
1323 98 14
707 942 2
707 546 2
279 1371 50
1537 39 8
255 551 2
259 1333 2
143 102 8
829 855 3
596 1377 8
233 605 7
464 563 2
256 114 8
246 879 2
1121 681 27
361 114 8
449 1138 2
1031 1436 2
1019 1388 7
645 1173 1
142 1550 8
435 808 7
849 348 41
1124 1230 7
208 675 2
690 1126 14
265 1118 5
1568 1033 2
98 399 7
1240 646 7
1000 274 12
1221 42 7
208 607 2
476 598 30
1247 1161 8
281 114 27
988 844 2
1445 610 2
915 330 8
375 624 30
1207 1104 7
1176 453 1
1526 1243 7
31 911 31
272 1449 2
1298 424 7
862 1389 59
424 436 8
834 1227 6
871 1457 8
189 326 8
1209 160 7
1404 1087 2
45 1405 2
498 1230 2
1552 341 3
618 497 2
48 714 1
191 796 8
607 1562 2
723 893 2
1302 1125 8
500 889 2
399 623 2
494 1428 2
476 1073 2
1173 1264 2
594 1108 2
759 54 8
932 265 6
1098 998 29
599 1428 2
191 1194 30
273 449 2
23 883 2
499 140 8
751 671 14
942 1126 2
31 1345 2
1540 855 3
329 1005 36
1567 3 10
371 1396 8
483 390 8
435 1212 7
1552 1335 5
695 1418 7
1110 476 5
21 502 2
76 1578 5
565 1196 2
702 904 74
1106 1170 0
470 287 2
101 437 2
584 588 8
919 675 2
1129 324 2
563 127 2
349 933 2
148 1448 30
329 1111 7
1567 1101 12
42 1315 5
572 891 7
1328 384 5
1210 88 5
1117 568 7
1056 102 8
552 1583 8
323 497 7
1561 1245 37
1371 147 8
1035 32 8
324 1061 2
1177 1609 47
183 1210 6
894 857 2
1449 882 2
555 1131 2
449 90 8
736 265 6
1140 329 2
112 437 8
837 1377 6
676 1173 2
424 1132 8
655 1161 7
658 102 8
770 226 3
1217 1305 8
458 861 29
829 1431 57
922 350 30
880 505 2
306 1420 8
47 1161 7
399 160 16
809 216 30
1304 94 7
395 829 2
727 1561 2
1077 854 27
759 1047 2
993 116 8
360 1344 37
171 495 8
480 1345 2
623 206 54
862 18 8
33 616 2
391 1081 2
981 261 7
694 1609 47
1144 1377 6
252 365 27
127 893 7
1069 627 7
1439 784 14
491 1111 7
390 728 8
847 98 8
216 315 30
45 258 2
810 998 1
52 39 8
126 1333 2
1303 326 8
470 1338 1
1025 1404 2
495 728 8
1053 1156 8
770 1548 5
157 39 8
449 859 2
1197 32 8
1229 321 6
1044 796 8
486 1061 2
158 265 8
1443 658 0
988 22 30
988 418 30
591 1061 2
926 355 7
582 647 2
565 221 2
603 765 19
1210 1472 5
605 75 3
820 102 8
1061 53 34
1083 41 9
217 292 2
558 727 2
341 681 27
913 689 2
286 1220 1
551 1337 2
286 61 15
945 594 10
632 372 1
653 1371 33
338 32 7
359 435 8
900 235 2
695 1396 8
1152 766 8
763 320 6
228 495 8
217 620 2
81 360 2
1221 1298 7
1421 505 1
330 1437 8
205 468 7
1044 638 40
873 1315 7
979 533 2
70 772 2
563 59 8
770 808 8
1315 300 52
1449 27 53
1210 107 7
1078 1333 2
159 1399 6
190 228 2
1230 221 2
118 855 5
1570 272 8
292 774 2
618 150 2
510 808 7
834 1213 7
499 742 23
273 667 27
1397 1304 7
603 1121 2
514 1217 8
849 647 2
543 952 14
555 1152 26
191 451 30
476 622 2
1075 239 2
1053 1393 2
1313 90 8
507 47 59
928 495 2
435 824 6
707 1515 2
784 318 77
329 991 37
1127 159 5
1047 675 2
923 1575 2
139 190 2
1354 1446 2
127 480 2
1250 1388 7
1454 1126 2
1354 666 12
569 233 27
722 21 8
447 1106 2
1035 1315 7
523 265 15
565 1141 2
3 1388 7
240 546 2
71 720 15
273 31 30
23 861 30
205 1164 7
681 1214 2
1567 254 12
442 322 2
879 1549 2
446 766 7
435 1381 7
643 735 6
804 65 8
790 551 7
1316 998 1
546 784 2
323 46 7
437 1140 2
878 409 2
1371 92 8
1304 1418 7
550 360 2
1225 471 48
894 1198 2
555 1076 2
1554 443 12
789 437 8
311 606 2
933 75 5
978 21 2
190 1252 2
190 856 2
368 926 15
829 792 6
995 838 8
734 208 2
880 450 2
894 1125 8
1230 1578 3
647 914 2
627 1092 7
1314 329 2
618 778 2
756 908 7
395 774 2
491 991 37
601 702 7
635 1199 8
836 889 2
176 369 2
706 265 6
893 772 14
893 813 15
277 1161 8
402 533 3
870 75 3
605 728 7
144 1305 8
508 1127 8
297 384 3
1158 908 8
381 21 8
1240 1317 5
839 1120 2
607 68 2
1126 573 15
819 1298 7
1475 1044 12
825 435 8
454 1520 2
1391 142 2
605 1389 8
457 870 2
770 1145 22
29 1578 3
591 610 2
565 166 2
1118 1494 1
453 1226 2
698 1125 8
464 453 2
688 1232 2
1036 958 2
1044 277 8
652 1327 6
1225 1563 48
910 888 2
449 1127 8
68 1230 2
913 296 7
442 1242 2
1362 230 2
502 50 41
894 1138 2
627 726 5
510 1070 5
1140 610 2
761 133 1
265 658 0
1045 774 40
302 1000 7
62 990 37
226 979 2
390 83 6
848 52 5
995 1097 7
1106 446 2
1333 958 3
653 360 2
978 1405 2
1221 1243 7
905 891 8
949 1228 1
662 728 7
532 610 2
1114 512 2
1289 179 15
1075 233 27
808 952 14
297 1211 2
399 854 27
981 1052 2
1443 853 12
769 1581 8
624 925 1
1188 1305 7
437 92 8
328 52 8
880 1078 2
363 70 35
1081 1024 2
1106 670 2
613 603 6
45 607 2
628 1230 2
297 1097 7
1090 920 2
297 1039 2
1223 428 19
607 1160 2
938 1044 53
265 1246 7
541 31 14
707 840 2
21 1479 2
491 1392 7
1487 1315 5
1497 929 7
159 1213 7
252 938 27
148 325 2
1404 617 2
506 1127 8
216 596 30
543 216 30
373 1388 7
1044 1596 38
1322 98 14
510 685 7
1522 908 8
155 888 23
31 1556 44
1053 1338 2
647 158 8
33 1121 2
1502 476 33
28 796 8
497 569 2
380 913 2
1367 1449 2
435 373 6
1208 1225 0
1500 945 2
610 226 3
605 315 2
1153 1305 8
1181 743 3
577 504 2
170 258 30
627 1610 56
70 911 31
880 338 5
464 1081 2
470 281 2
387 626 8
1357 246 2
1054 437 8
872 1609 47
1304 661 5
468 657 2
551 703 2
454 373 2
1454 607 2
325 1007 2
1496 464 40
804 1217 8
681 775 12
643 284 6
1123 766 7
457 114 8
190 577 2
81 933 2
894 455 2
192 1443 2
191 803 2
390 1399 6
190 869 2
98 917 7
651 829 38
1225 20 48
834 1125 6
555 625 2
325 584 33
1254 21 8
244 23 29
1209 454 7
681 1086 8
80 143 7
70 1345 2
116 574 55
1336 750 7
1210 680 7
84 80 2
1198 1496 53
1317 981 27
1304 1295 7
995 387 8
190 796 8
883 1388 14
49 1567 2
647 859 2
398 173 2
510 1381 7
1219 1305 8
514 1003 2
512 91 7
759 244 8
626 393 2
160 609 2
322 50 70
297 59 8
1050 833 1
629 80 8
1352 866 36
1551 552 4
909 865 6
127 829 2
1404 890 33
273 675 2
539 750 30
479 941 2
1323 952 14
1448 803 30
1502 1500 33
489 1243 7
297 387 8
1160 1328 2
157 1578 3
1053 259 2
454 777 2
701 889 2
1526 355 8
160 642 30
483 908 8
127 1053 2
806 889 2
923 149 2
454 1069 2
904 329 84
1382 1388 7
118 355 7
247 770 2
855 160 30
1439 258 31
1315 1070 5
922 251 2
453 775 2
470 805 2
195 55 20
344 834 8
1357 1562 2
563 1041 2
1333 739 27
489 197 8
193 468 57
1497 47 8
744 1359 1
255 21 8
314 647 2
692 852 8
675 723 2
1035 159 2
981 1555 11
1125 1292 14
889 763 2
1230 1198 2
81 1561 2
894 1479 2
347 377 8
216 284 2
1081 513 26
880 403 2
773 1333 2
80 479 7
217 213 8
295 1443 2
550 933 2
1561 848 7
1323 1388 7
1436 1418 7
1031 114 8
286 646 1
647 1555 2
398 869 2
1554 1400 2
596 750 30
289 829 2
1554 1016 12
1232 627 48
1106 883 33
981 263 7
1552 1217 8
1076 854 27
657 326 8
1223 33 2
865 1125 7
273 1371 2
507 1420 59
191 47 8
647 1482 8
856 1161 7
159 912 2
14 1404 1
862 244 8
1416 241 2
1081 167 7
485 681 27
1408 260 2
692 846 6
276 1305 8
944 555 2
267 495 8
227 1388 1
32 840 2
374 458 33
922 947 2
1287 191 33
31 492 2
1554 718 10
371 147 8
320 1236 6
508 75 3
359 437 8
558 637 12
1500 494 2
913 937 7
255 618 2
1479 424 2
702 148 7
217 914 2
238 1388 7
449 1309 2
1133 854 27
340 1322 13
1567 248 12
104 834 2
104 1230 2
1171 92 8
698 387 8
592 139 3
359 265 8
184 839 57
1145 98 8
1289 820 15
889 1391 2
569 1156 8
880 1381 7
312 102 2
653 933 2
402 1491 7
155 1554 0
1450 804 2
281 681 27
297 613 6
507 1491 7
981 850 6
1239 114 8
85 454 2
922 1204 30
1173 441 0
750 1550 8
1554 717 2
878 330 8
297 1342 7
308 750 2
849 941 2
437 957 8
195 769 8
877 297 8
616 1405 2
1141 1377 6
995 728 8
1204 52 8
1075 533 2
195 1457 8
42 1388 7
1174 1333 2
618 272 2
794 311 35
1400 880 7
438 893 30
563 1325 5
1394 620 27
168 369 3
938 1033 2
1488 751 1
1394 912 27
329 1244 36
118 991 37
119 779 6
1084 424 8
988 1340 30
268 3 8
814 1491 7
268 341 3
829 1384 8
48 206 39
476 1140 2
261 514 2
232 774 2
834 2 2
1173 324 33
1160 201 12
1054 390 8
707 1345 2
702 844 7
126 480 2
226 102 30
485 1036 2
1302 728 8
689 390 7
442 616 2
1259 605 2
565 1367 2
29 384 3
1296 114 8
499 1397 0
1201 1570 5
453 278 58
1160 908 8
1 603 6
713 179 8
470 849 8
1321 1305 6
1266 80 8
555 974 2
1258 702 8
673 1405 2
1355 933 2
1145 330 8
1451 1388 7
360 65 8
1496 1037 40
778 1405 2
800 139 3
737 50 41
901 80 7
545 662 2
695 147 8
76 790 2
43 865 52
894 1028 2
191 1376 2
272 720 15
12 626 20
281 913 27
900 65 8
1460 865 2
1247 458 33
491 1244 36
1552 433 7
1280 93 5
1156 993 5
1557 1091 2
993 355 8
1570 730 8
411 804 2
800 61 15
358 1057 57
600 265 6
1333 46 8
1216 390 8
734 726 2
502 70 2
1333 384 3
698 384 5
398 350 2
160 890 2
839 726 2
1448 1152 30
805 347 30
309 347 2
108 1554 5
81 998 29
512 1002 2
306 1127 8
159 1045 53
159 857 2
176 491 2
784 1636 77
506 37 8
913 1491 5
150 893 2
1179 371 7
252 140 27
553 611 35
594 304 2
600 489 6
1086 770 2
717 920 2
29 1097 7
499 881 3
31 758 44
814 808 7
1448 1376 30
118 1392 7
577 667 27
922 600 2
808 240 2
317 1102 5
449 1030 2
337 1315 6
729 265 8
1219 1315 5
97 489 6
1036 1252 2
1497 355 7
216 1507 1
371 92 8
569 882 2
170 428 71
348 1056 2
13 1243 7
1181 341 3
923 1118 2
457 1388 2
1304 1174 5
900 78 2
217 859 2
28 222 8
1355 1561 2
1354 129 2
323 1296 7
995 722 33
451 675 2
893 1376 2
915 1388 7
912 507 8
217 395 2
981 863 6
1181 1335 5
1504 1415 5
1567 113 2
933 241 35
3 800 8
1292 139 5
98 119 7
519 854 7
330 1212 8
997 190 7
297 1041 2
1401 908 6
1474 70 2
961 1357 1
85 102 8
867 1210 2
688 281 55
531 699 2
285 1362 2
190 399 2
1210 174 7
1570 47 8
1081 808 7
1092 216 2
1533 155 1
1230 387 8
519 1416 2
451 1292 30
627 577 2
1221 27 8
191 958 3
893 863 7
774 1337 20
1056 603 6
769 32 8
862 817 8
621 1624 7
870 533 3
1337 60 55
603 500 2
692 1127 6
1551 1357 4
148 551 2
98 782 30
1081 1078 2
506 957 8
707 1358 2
878 1315 5
258 421 2
391 569 2
834 1316 7
1144 865 6
514 562 23
1393 667 27
178 908 8
1500 1135 2
1405 172 2
941 719 8
1461 325 20
1301 114 7
549 413 62
157 838 8
601 114 8
415 836 5
834 147 33
730 326 8
662 1344 5
1537 387 8
102 609 2
707 848 7
840 191 14
702 429 7
372 1396 8
823 908 8
29 387 8
46 21 8
1478 514 2
1140 1428 2
447 1173 2
458 355 7
116 470 33
507 1070 5
854 412 5
438 871 7
673 662 2
900 1389 8
765 626 7
753 875 6
1354 1445 2
229 861 29
446 879 2
661 865 6
325 1187 7
442 51 7
230 265 8
981 757 11
588 730 8
458 357 29
1496 586 40
162 1225 0
1104 726 2
1121 360 2
417 33 27
1210 578 7
861 1000 2
499 1170 0
1404 441 0
931 32 8
458 958 3
1402 241 35
681 916 8
424 852 8
102 1156 8
1506 265 15
563 462 8
311 381 2
1173 1014 0
623 1076 2
814 1070 5
1145 1315 5
306 848 8
190 1418 8
1170 133 1
1327 908 7
372 661 5
1098 347 33
173 893 2
763 114 8
285 1075 2
913 106 30
454 477 41
628 80 8
1313 957 8
1002 191 14
406 23 7
1054 1036 2
157 1097 7
53 216 2
468 1355 2
140 1405 2
139 369 2
309 941 44
722 893 2
259 1375 27
675 911 31
1396 102 7
829 455 33
91 1059 5
1475 1408 57
126 1053 2
392 265 8
927 428 1
988 568 15
454 1295 2
27 50 2
555 1236 6
53 435 8
90 607 5
988 138 30
284 50 14
1155 1161 8
510 97 8
391 1126 30
80 336 6
1082 258 30
116 142 2
590 32 8
311 1140 1
563 1163 2
334 514 2
334 118 2
296 1430 57
1305 88 5
790 80 8
185 297 27
720 1578 5
1126 1006 44
1106 617 2
491 533 5
1075 1510 2
124 891 8
796 626 8
719 875 6
997 531 7
70 200 2
555 168 2
769 1315 7
1476 893 30
1550 770 2
555 163 8
442 75 3
70 492 2
869 1333 2
620 647 2
922 1094 30
325 769 8
623 393 2
190 47 8
313 663 8
98 37 8
1304 46 7
880 848 8
381 893 2
519 627 7
409 150 2
980 766 8
145 21 1
877 1500 30
855 981 2
142 1004 2
603 841 2
226 1371 30
1061 1247 2
514 937 8
1400 770 7
623 716 8
1537 108 8
277 458 33
1081 685 7
24 1000 2
923 1467 2
259 627 6
1298 21 7
259 1402 2
707 907 2
258 366 2
32 728 7
1050 272 1
178 952 14
439 667 30
718 1126 33
1541 80 8
814 1381 7
32 1457 8
52 387 8
1163 325 2
1039 829 2
1537 40 8
157 387 8
1181 226 3
1354 0 0
804 1169 2
240 730 2
160 1392 30
213 1081 6
347 1200 2
900 1047 2
774 581 2
326 634 7
1354 1098 2
320 83 6
1075 284 30
524 265 15
126 297 8
1377 147 7
552 1253 2
1225 259 48
325 1132 7
202 854 2
334 31 33
875 850 6
98 796 7
645 1106 1
170 489 6
1315 1112 52
27 607 30
737 1449 2
862 1062 59
32 1118 5
424 109 8
183 875 6
1304 1138 7
258 915 30
635 263 1
300 514 2
69 894 2
1338 32 8
722 1126 16
1209 229 7
724 558 1
70 782 7
409 1242 2
744 334 1
1210 59 7
311 722 2
1499 1554 10
514 858 12
819 1335 5
1077 1333 2
4 720 15
871 1062 8
1081 1381 7
33 513 26
1570 958 3
1335 114 8
1106 742 23
409 778 2
535 70 85
618 498 2
510 1156 7
297 235 2
89 311 35
618 848 7
155 1371 33
262 638 2
1054 981 2
265 46 7
503 240 2
485 1388 7
1078 297 8
1445 453 34
1398 667 2
573 998 1
46 766 8
889 68 24
390 101 8
311 1047 30
1527 424 8
1448 974 30
40 1305 8
685 603 6
944 98 2
599 118 2
470 373 6
480 942 2
480 546 2
238 854 27
932 891 7
1054 908 8
944 390 2
468 452 12
555 493 6
917 667 27
830 480 2
586 114 2
1259 435 2
688 327 1
449 1417 27
689 908 7
702 1002 7
193 311 57
470 684 2
688 1056 2
574 696 2
1079 952 30
713 743 3
48 267 55
817 21 8
555 1200 2
600 453 35
563 420 2
315 770 2
435 63 59
1474 1443 2
681 1562 2
317 1298 7
1561 1246 37
684 952 14
707 83 8
442 1358 2
1114 1292 33
89 614 7
870 1491 7
530 1328 2
1404 1014 0
324 1354 2
635 1287 1
995 1213 7
536 424 2
1271 1554 0
410 750 2
305 255 2
951 912 21
555 1419 8
1297 674 1
519 348 7
606 1443 1
524 1402 2
641 662 2
24 1554 0
654 756 2
1125 1291 14
98 600 44
1090 766 7
117 1448 30
144 1388 7
454 758 41
229 600 71
1304 387 7
641 297 8
1341 495 8
1082 574 2
98 810 15
205 893 14
62 753 2
555 40 8
369 1024 2
402 881 3
425 1388 61
838 891 8
1394 455 27
834 856 2
255 565 2
945 458 33
336 865 6
401 114 8
270 21 2
774 471 20
507 1419 59
52 40 8
1030 1375 27
1230 303 20
158 626 8
40 330 8
499 1457 8
834 1148 2
142 485 2
28 958 3
33 841 2
507 1127 8
126 1230 2
707 492 2
21 1131 2
592 1310 7
599 31 33
157 728 8
128 889 2
102 1327 6
240 279 2
941 249 8
1371 1578 3
21 1418 8
648 1388 6
897 908 7
217 689 2
221 1075 2
262 1610 56
1025 21 8
957 643 5
1274 610 75
1031 1377 8
1432 981 83
323 1418 7
1377 92 7
790 320 7
82 551 2
102 723 2
85 297 2
253 958 5
347 1072 8
98 287 2
960 1357 1
555 53 2
850 865 52
1223 504 2
438 297 7
1124 60 44
750 1330 2
730 1567 1
437 49 2
48 436 1
218 80 8
322 908 8
641 894 2
721 1057 57
13 355 8
62 1111 7
759 638 27
1328 742 2
531 925 2
61 372 1
769 326 8
437 440 8
1317 409 27
1314 62 2
1394 859 27
1215 720 7
1388 139 5
1436 488 2
190 958 3
913 911 30
503 854 27
766 1457 8
1304 619 7
768 32 8
834 1214 7
613 1388 7
69 766 8
162 1061 2
31 671 2
558 1514 0
72 908 8
727 1371 33
499 1047 33
506 787 8
784 387 77
168 98 8
1460 325 20
880 88 3
1153 1388 7
155 360 2
1174 1436 2
1307 891 8
627 730 8
880 42 8
1007 70 35
1187 21 8
147 325 2
630 80 8
49 888 23
326 213 5
311 596 30
1448 919 30
128 829 2
495 384 3
415 958 5
873 926 15
306 1314 5
240 907 2
485 1161 7
499 18 8
479 588 8
468 742 23
464 1033 2
1029 1436 2
1505 297 8
819 936 8
98 1437 7
653 1404 2
1225 936 48
429 1075 2
563 365 2
1371 139 3
667 39 7
80 267 7
664 1081 2
317 1243 7
992 770 2
883 1126 2
92 216 2
324 611 2
247 21 8
530 201 12
101 607 2
347 97 8
417 551 27
623 223 26
416 913 2
880 519 2
302 1061 7
195 1199 7
80 199 7
1449 1120 2
1443 214 2
189 531 7
1225 817 59
647 937 7
435 44 8
779 90 8
1516 1609 47
424 974 8
1416 1340 2
1232 347 48
369 513 26
643 856 6
489 573 15
1552 937 8
880 451 2
404 1135 2
323 1396 8
253 982 1
390 455 2
720 1482 7
1304 40 7
268 433 7
603 1004 27
326 139 3
398 125 2
267 889 27
172 766 8
813 70 1
1421 83 8
601 995 7
159 1028 2
54 627 8
369 677 2
277 766 8
30 555 2
507 848 8
913 1662 5
552 1132 0
365 1033 2
594 79 2
841 191 2
415 1340 30
737 133 7
144 1161 7
311 1224 30
163 891 8
1193 893 50
222 428 1
209 866 36
21 1076 2
494 326 8
440 404 1
255 442 2
1259 612 2
870 1070 5
160 1282 30
834 728 8
453 831 2
894 1166 1
789 1161 7
674 499 2
372 147 8
582 588 8
265 1282 30
1261 424 8
372 881 3
905 569 2
217 238 2
672 1033 2
548 879 2
28 393 8
593 265 8
449 1029 2
913 239 2
784 377 7
563 1384 8
25 311 35
1451 922 2
1124 766 8
878 1388 7
872 1081 2
790 265 7
369 830 30
981 300 11
350 21 8
891 743 48
1284 594 10
229 949 71
650 1357 2
258 117 30
190 739 27
698 39 8
698 855 5
867 297 2
535 514 2
681 63 8
847 871 7
1297 1247 1
624 530 1
1429 908 7
177 681 27
187 428 2
1540 1418 7
895 80 8
981 1299 7
508 1491 7
623 136 6
623 911 2
276 1388 7
611 805 2
894 47 8
1314 1291 33
627 410 7
1340 32 8
401 1448 2
45 900 2
27 1590 38
162 1402 2
551 1335 5
519 1292 30
729 1033 2
707 1133 2
1302 958 3
926 606 1
1383 862 7
721 707 27
1394 1028 27
623 838 8
1522 1305 8
439 893 30
750 1204 30
739 70 2
727 360 2
1052 1405 2
241 458 2
719 424 8
982 607 5
1173 824 23
258 838 7
187 311 35
917 1371 2
894 1152 26
922 1295 2
234 1418 7
784 264 77
1503 102 8
1191 754 5
787 923 7
368 1496 2
22 480 2
241 390 2
806 262 2
383 311 30
449 619 27
1446 594 10
102 676 2
889 269 20
1567 251 1
265 307 30
713 341 3
903 623 2
1364 325 2
900 1565 2
900 1169 2
696 265 8
774 1495 2
449 54 2
894 1417 27
674 453 34
98 1382 7
908 501 7
1359 893 33
681 1160 2
879 1099 2
322 779 6
546 1126 2
85 870 2
1458 795 7
552 368 33
347 88 3
814 97 8
774 1031 2
1444 453 2
519 1554 1
1449 773 2
713 1335 5
80 144 7
1506 1554 0
1210 285 7
189 476 7
133 658 66
870 1062 8
506 1491 7
796 159 20
922 241 30
39 603 6
1250 594 10
285 454 2
1496 8 5
854 1550 8
1398 920 1
1424 1305 7
1403 506 6
382 738 7
1539 32 8
267 834 27
865 1227 8
14 1173 1
1394 471 2
638 891 8
1547 98 8
503 70 2
635 1437 8
159 577 2
45 217 2
541 952 14
507 793 8
162 323 2
1402 54 6
533 893 30
33 1004 27
252 256 27
402 37 8
1081 269 8
155 933 2
514 622 34
27 1496 2
858 265 8
1172 1097 7
987 606 35
437 1239 30
688 517 1
142 83 2
1567 947 1
402 761 15
1357 81 10
1171 1578 3
160 1220 14
1044 291 8
160 539 30
440 390 2
348 380 2
852 311 30
247 766 8
819 1217 8
1133 1333 2
834 277 8
855 453 30
1138 1315 7
1468 627 7
923 833 8
28 46 8
1372 681 7
372 92 8
28 384 3
1164 39 8
1442 681 21
80 111 6
905 514 2
20 681 7
1124 28 2
563 938 2
435 393 8
1044 119 8
541 1388 7
900 126 2
1442 507 2
279 1291 16
205 405 2
900 855 3
1221 1131 2
178 1305 6
390 321 6
1114 62 2
330 932 8
1216 1161 7
1333 462 8
298 1581 8
997 306 7
463 32 8
191 116 8
787 437 8
286 1335 1
961 681 1
686 1225 5
1179 891 7
650 191 33
252 223 26
862 88 48
267 774 27
146 90 1
66 623 2
318 323 80
750 464 2
86 102 8
281 988 2
69 369 2
297 693 2
865 1418 7
54 908 8
713 1016 12
449 338 5
647 172 8
259 506 6
603 616 2
1416 138 2
284 531 2
1394 285 27
235 854 27
252 488 27
155 1561 2
403 98 8
1081 798 2
707 1078 2
829 716 7
623 387 8
514 282 23
814 1156 7
442 513 26
102 911 31
1246 766 57
1500 1251 2
592 1536 7
1188 750 50
266 499 2
1275 1443 7
1229 1236 6
485 409 2
80 1203 6
240 505 2
317 139 5
476 49 2
918 750 2
1039 891 8
699 229 33
1172 387 8
506 1391 20
350 766 8
189 779 6
1102 565 57
458 75 7
681 808 8
1407 453 35
746 476 5
689 424 8
555 1035 2
770 1062 7
322 1161 7
111 908 8
761 311 1
1239 480 2
552 248 12
551 545 2
790 442 7
546 675 2
814 88 3
766 1418 7
1210 298 7
594 308 5
903 495 8
789 893 33
190 1211 2
992 614 7
633 1125 6
98 863 7
22 750 30
894 355 7
1316 133 1
409 1121 2
988 620 2
900 1437 8
1225 362 48
894 693 2
1449 322 2
1114 702 12
684 31 14
867 870 2
546 607 2
703 1190 41
1110 888 2
287 681 2
295 297 2
754 1577 8
627 1029 2
1081 1156 7
739 23 2
399 759 2
35 891 7
865 47 7
627 1321 2
108 531 5
437 960 30
388 879 2
159 230 2
1314 512 2
1394 1309 27
157 1213 7
1404 824 23
594 884 2
159 126 2
1237 489 15
374 491 2
504 533 2
1106 1014 0
951 104 8
1275 468 7
349 1173 2
1284 1161 8
784 837 77
240 737 2
1036 625 2
160 192 30
575 369 2
266 453 34
923 95 2
454 619 2
819 433 7
741 31 14
649 1291 16
923 486 8
900 1450 2
1129 59 1
929 1581 8
702 972 74
855 398 30
1126 1550 7
919 347 2
372 37 8
449 231 2
681 1395 7
737 720 15
681 1337 2
555 929 7
323 273 7
442 841 2
507 1314 5
1225 1058 48
707 1070 5
442 1133 2
368 784 14
894 1029 2
627 1184 52
295 993 2
1210 1614 7
548 305 2
83 770 2
662 269 2
1128 390 8
1338 435 8
200 480 2
1221 1076 2
266 1225 0
724 1357 1
322 60 2
633 46 6
468 1397 0
82 21 8
1114 1291 33
325 139 3
1210 1546 7
277 1357 2
1333 47 8
1090 879 2
869 1449 2
330 855 3
922 418 30
494 297 2
707 1004 27
190 163 8
499 617 2
273 880 1
508 1381 7
159 83 6
190 59 8
762 114 8
311 1518 30
1172 1342 7
939 320 6
961 558 1
329 881 5
258 272 31
1183 862 7
1139 1567 1
867 114 8
143 1161 7
1405 856 2
471 1449 2
623 40 8
139 1405 2
284 476 2
692 792 6
1259 1302 2
586 981 2
729 626 8
1405 1148 2
162 891 8
912 1081 6
623 728 8
1177 32 8
1229 493 6
951 1420 8
380 804 2
340 945 7
675 1073 2
1185 390 8
133 646 7
21 1198 2
457 993 2
1468 908 7
1141 1230 2
674 329 2
442 1491 7
565 289 2
62 1244 36
792 1075 2
695 1578 3
217 464 2
1479 662 2
112 1305 8
1039 80 8
1374 167 2
894 619 27
244 21 8
51 607 30
155 998 29
1137 1581 8
819 83 8
633 846 6
1234 1416 2
1139 453 2
1321 623 6
59 875 6
1483 499 2
1126 471 7
1126 75 7
435 1550 59
853 1490 5
1354 818 2
334 466 2
1567 474 2
1454 102 2
633 1138 6
205 1000 7
70 278 7
325 898 2
325 502 2
1336 21 7
61 611 1
1247 491 2
1304 88 5
626 1417 27
491 881 5
995 54 8
1215 563 7
82 654 2
1304 1254 7
555 516 2
744 158 1
995 1239 33
1328 517 2
514 670 2
551 26 2
157 543 1
437 215 8
515 1404 1
70 840 2
1173 3 10
581 611 30
1557 13 2
1394 1030 27
1215 495 7
1502 286 15
284 1230 7
1304 790 7
1075 479 2
228 893 30
627 532 7
48 872 2
458 1325 5
922 97 15
1221 716 8
1054 409 2
108 476 5
1162 1496 53
607 1283 2
618 568 7
1521 1305 8
31 796 7
1458 952 30
488 504 2
28 1342 7
999 923 77
1084 766 8
265 500 2
1265 908 6
116 875 6
191 915 30
721 829 27
572 866 36
1541 32 8
988 1235 41
1393 21 7
784 925 5
928 563 2
618 833 8
1053 150 2
607 341 3
779 938 6
1160 888 23
981 831 5
430 415 1
915 424 2
1442 1443 1
688 380 2
547 854 2
1129 4 1
1025 424 8
98 1212 7
453 666 2
765 627 7
1466 660 1
424 93 1
581 1305 8
203 1496 2
871 1213 7
1140 118 2
1117 685 7
563 140 2
1102 1430 57
452 21 8
80 1 6
80 42 7
432 159 1
335 662 2
211 770 2
695 139 3
744 1250 1
721 920 9
102 730 2
187 191 16
1355 1371 33
804 75 3
869 1375 27
506 1389 7
1304 1153 6
928 941 41
1315 1460 52
995 641 7
1565 325 2
48 1469 47
594 881 5
545 504 2
837 1057 5
874 891 7
750 1395 7
32 1070 5
633 95 6
627 936 7
395 618 2
281 258 2
859 667 27
476 1239 30
759 836 2
1128 627 8
427 495 8
168 574 2
76 663 8
1437 470 33
1099 626 8
627 868 7
731 880 7
382 568 7
124 908 5
913 399 30
504 882 2
618 1242 2
40 1388 7
610 1468 2
737 372 7
145 1388 7
159 595 53
839 1360 2
607 704 2
176 437 2
49 1371 33
939 265 6
1126 813 15
1171 1097 7
486 558 2
1299 476 2
988 1518 30
1552 936 8
360 488 2
139 662 2
1275 713 7
525 920 9
1061 236 12
1400 435 7
1561 960 35
102 1557 1
1000 1397 0
599 466 2
33 269 2
1009 1315 5
702 1418 7
359 893 33
154 311 2
337 865 6
1229 438 6
162 80 8
558 236 12
1036 1198 2
922 838 2
259 311 2
1031 1375 27
320 1127 6
692 273 6
340 494 7
449 872 2
22 23 2
29 958 3
22 998 29
800 344 2
423 1375 27
464 229 2
623 303 20
900 420 2
569 719 8
548 654 2
1330 265 15
1479 607 2
489 716 8
1354 367 2
1140 31 33
995 960 33
325 109 7
1474 480 2
869 627 6
1468 681 7
168 891 6
1126 1007 44
1339 1315 7
614 1150 5
598 893 30
1215 216 7
273 891 6
1421 226 1
875 556 7
98 65 7
1106 910 2
1304 511 7
1215 508 7
1211 514 2
195 728 8
409 219 2
347 176 45
464 1230 20
981 1120 2
979 150 2
1550 766 8
1336 190 7
720 183 1
846 603 6
1075 86 7
834 934 7
514 151 2
1393 681 27
45 675 2
1303 702 7
263 1443 2
48 421 2
191 462 8
442 1070 5
565 930 53
1173 254 12
1500 789 2
1496 1605 38
784 107 77
1299 1000 2
638 330 8
255 913 2
158 979 2
626 958 3
270 369 2
1328 53 35
23 945 2
470 125 2
1570 1325 5
928 216 2
618 90 8
1472 1430 57
1448 639 30
905 1436 2
737 1371 30
489 1021 2
135 330 8
928 508 2
159 47 8
435 837 6
62 533 5
1044 1437 8
829 1207 8
432 720 15
555 158 6
21 168 2
652 606 35
541 854 27
761 605 1
350 893 2
442 1004 27
823 21 7
981 54 20
565 1258 2
583 28 8
122 623 2
531 1194 30
45 1292 30
455 893 2
217 1037 2
1371 861 29
192 908 6
321 1161 7
438 759 2
648 804 2
665 1230 2
899 258 7
551 433 7
551 37 7
1228 1595 1
551 375 2
1120 21 8
323 163 7
442 335 2
836 531 30
437 861 2
1450 681 27
84 320 2
1135 1377 8
1080 1044 53
1555 681 27
190 1041 2
345 1567 4
1404 3 10
530 993 2
512 1246 37
281 804 27
988 1138 2
1314 118 2
1098 1404 2
311 723 2
541 409 2
681 1550 8
862 1418 7
1210 748 7
1402 1 6
416 565 2
156 372 1
222 1554 0
290 549 2
368 258 31
1058 626 2
372 899 5
1562 191 33
932 627 6
398 241 2
1240 1014 66
14 552 1
470 46 6
277 491 2
635 1212 8
527 52 8
872 32 8
626 857 2
772 1421 77
1131 286 15
592 355 7
1405 350 2
494 114 8
508 848 8
475 623 2
834 958 3
155 1000 2
455 1210 6
713 771 2
32 676 2
900 638 27
1496 166 38
698 1310 8
360 365 2
157 101 8
923 321 2
1044 462 8
150 216 2
905 854 27
1004 954 7
1291 1124 44
193 1000 57
311 1446 1
1052 424 8
421 920 1
98 1389 7
112 804 2
550 1173 2
1358 114 2
555 1493 2
449 848 8
558 789 2
85 981 2
28 1325 5
667 387 7
804 18 8
1022 390 8
1340 1554 7
1266 891 8
923 936 8
551 957 7
550 458 33
1035 326 8
347 450 2
334 952 33
614 1199 5
247 1161 8
9 1305 8
763 819 7
283 834 31
1023 908 8
547 48 2
1128 908 8
821 1430 5
286 1110 1
393 1375 27
581 1315 5
31 899 5
681 179 8
988 455 2
981 727 7
191 183 8
159 273 6
46 297 6
192 468 2
843 889 2
1443 523 23
390 803 2
1230 553 55
913 284 30
761 114 8
1216 1305 8
1230 949 55
960 558 1
183 504 2
155 1404 2
754 1062 3
488 667 27
381 834 8
1401 627 6
850 607 2
159 980 2
632 626 8
1554 89 2
1197 102 8
717 751 2
455 1126 16
1416 309 2
1400 320 7
329 392 36
1537 54 8
1081 1198 54
506 848 8
384 908 48
145 988 2
27 692 2
191 513 30
1517 764 2
158 627 8
281 50 55
518 63 8
109 1421 1
695 1097 7
258 604 2
531 915 30
435 99 0
1230 934 15
23 494 2
1221 958 5
1056 800 8
114 210 2
517 160 14
340 1067 7
770 135 5
468 446 2
1485 1106 2
558 1101 12
790 785 7
552 929 7
569 1396 8
508 97 8
594 646 8
1240 270 1
1155 424 8
112 1036 2
51 437 30
207 751 1
217 586 2
270 347 30
766 824 6
653 1173 2
1260 28 8
322 603 6
1240 958 1
80 1243 7
454 94 2
1316 372 1
869 908 6
1225 205 48
1292 301 14
563 129 8
1210 136 6
1554 124 1
800 1578 3
98 346 7
1061 1187 0
823 627 8
1254 102 8
98 638 7
913 1376 30
1106 1087 2
409 500 2
1304 1084 7
900 1212 8
258 861 30
347 158 8
300 1044 53
650 102 2
491 392 36
891 852 8
647 648 2
584 1292 16
981 1355 7
191 1207 8
1210 401 7
684 98 14
1526 1482 7
494 1443 2
1522 1388 7
870 1511 9
1533 674 1
829 1187 7
1131 574 55
599 1443 2
263 1328 2
806 531 30
995 796 8
514 753 23
514 1120 2
177 360 2
1475 1075 57
606 688 7
262 543 1
834 739 27
1449 765 19
925 1561 2
945 491 2
618 1127 8
22 1000 2
4 1315 6
784 680 77
1317 424 8
1313 92 8
1383 1210 7
148 1362 2
479 662 2
390 47 8
988 1461 41
1448 524 30
1240 99 66
101 1292 16
317 250 5
480 492 2
495 47 8
601 592 7
1129 298 1
88 1496 5
599 952 33
48 281 55
681 1284 2
171 330 8
1357 1351 2
555 1127 6
442 1080 2
836 880 30
434 1377 6
1119 23 30
316 1081 6
707 97 8
695 387 8
819 937 8
255 102 8
502 489 15
563 762 2
340 24 7
763 1375 27
1408 1472 5
707 75 3
1375 147 7
1357 1575 2
913 300 2
325 1310 7
952 761 15
1156 21 8
569 249 8
1210 1097 7
168 489 6
1451 191 2
1261 21 8
880 83 1
221 325 2
1230 1310 8
1190 950 16
273 489 6
1210 1389 7
141 853 9
419 614 7
302 1354 7
62 1344 37
303 834 2
865 1310 7
805 191 30
489 958 5
111 31 14
1003 160 33
1153 1315 5
652 1550 7
890 1388 14
552 47 8
624 591 1
76 1577 8
373 627 52
843 834 2
637 466 75
605 1486 7
834 95 6
1515 569 2
727 1404 2
74 409 2
1239 1500 30
618 1364 2
842 499 1
704 1000 1
1537 1310 8
381 779 8
1550 588 8
45 565 2
784 1308 77
544 311 30
1546 98 8
162 275 2
1400 265 7
940 654 7
829 436 7
522 102 8
582 662 2
21 1437 2
396 32 8
720 833 8
1152 458 2
854 1335 5
1313 1403 14
829 769 8
1177 495 8
28 462 8
1284 458 33
1030 360 2
816 770 2
435 39 6
463 229 2
707 730 2
259 829 2
1166 157 39
1382 134 7
941 533 3
578 1305 8
1292 1340 30
508 88 3
792 908 7
238 759 2
941 487 8
508 42 8
217 239 2
1359 201 12
157 1610 56
1479 437 2
192 506 6
170 216 30
347 1482 8
1304 327 5
438 854 27
555 463 2
463 453 2
632 611 1
1232 1044 48
1181 1507 5
528 1328 2
590 611 35
390 377 6
539 555 2
330 1384 8
98 291 7
1371 287 29
1354 554 23
107 588 8
27 102 30
1221 272 2
421 551 2
1000 446 2
894 116 8
409 841 2
526 551 2
1117 97 8
476 782 30
1122 21 8
157 714 1
437 287 2
125 1230 20
1210 346 7
1497 521 5
159 846 6
981 1242 2
514 1133 2
712 734 7
623 516 2
173 437 2
390 1376 2
858 879 74
9 1315 5
21 303 20
1314 1292 33
190 462 8
1295 804 2
1209 52 7
647 228 8
1446 458 33
618 51 7
829 1132 7
806 476 30
273 409 2
466 1153 6
383 675 2
1275 1567 7
159 1553 2
626 455 2
933 434 2
294 114 8
1394 1029 27
252 836 27
999 698 77
445 1421 1
770 88 5
300 1126 30
408 766 8
0 1225 0
582 894 2
926 1295 1
829 1006 2
1028 1375 27
625 102 8
594 1391 8
372 1199 7
123 414 1
980 531 30
720 1468 24
567 99 0
372 1491 7
468 727 2
1228 1597 1
939 114 8
317 487 5
102 1073 2
1239 1000 2
1259 326 2
568 320 6
1131 499 21
1378 610 2
702 497 7
347 1381 7
464 979 2
29 59 8
873 1567 1
244 424 8
217 1555 2
217 1550 8
681 1156 8
80 213 7
652 938 6
555 1086 8
1225 778 48
171 1315 5
744 1025 1
1371 39 8
23 1392 30
88 1375 27
1291 432 15
276 1315 5
323 285 7
147 941 41
311 971 7
437 983 2
1210 1438 7
1474 998 29
512 1472 37
190 1163 2
295 713 2
894 1041 2
88 76 7
300 1033 2
78 667 27
1570 1207 8
221 265 8
1080 891 6
447 458 33
360 138 35
880 757 2
724 681 1
371 99 0
555 1310 8
398 535 2
183 667 27
84 770 2
1210 974 7
922 568 15
395 1081 2
787 102 8
661 32 8
1337 1616 55
98 928 45
872 623 2
406 159 7
417 325 27
406 555 7
1058 415 1
1075 882 2
395 325 2
1533 1247 1
996 114 8
1179 160 7
454 649 41
860 908 8
83 21 8
1296 891 59
1081 239 2
1333 59 8
49 458 33
1515 514 2
43 1305 7
501 1315 7
160 903 2
839 1135 2
618 1309 2
852 675 2
503 759 2
544 681 21
27 804 38
875 296 8
145 190 2
437 743 5
720 90 8
1173 77 2
1351 866 36
1129 183 1
329 533 5
1044 1603 38
137 114 7
928 1362 2
830 707 2
594 312 8
495 958 3
1372 750 7
45 442 2
20 750 7
1566 1057 57
1117 1156 7
713 562 23
909 159 2
1259 908 7
565 108 8
512 606 35
829 646 8
941 36 8
369 844 30
672 979 2
1404 925 10
1469 908 7
1362 1198 54
1128 1161 7
869 506 6
1221 1550 7
552 401 2
917 908 8
277 614 67
770 39 7
1044 808 8
552 355 7
70 295 1
81 1500 33
253 1245 5
1508 1072 5
880 697 2
1554 1047 33
1216 766 7
1304 682 7
1500 485 30
900 18 8
894 66 2
880 989 2
641 889 2
1530 770 2
681 743 3
988 285 2
297 1450 2
48 327 1
297 1054 2
398 1455 2
592 1236 6
1304 218 7
721 33 27
623 857 2
1069 819 7
409 322 2
1174 707 2
1394 1042 27
69 662 2
721 325 27
871 502 8
1204 114 8
1081 1217 7
850 437 2
932 1377 6
1177 453 2
603 221 2
1075 27 53
607 1003 2
1312 1305 8
729 979 2
1510 854 27
1400 442 7
252 1177 27
720 619 2
485 770 2
101 1315 7
929 252 6
610 533 3
23 324 2
29 1342 7
980 476 30
941 1128 8
541 1315 5
220 626 2
489 1583 8
1044 1212 8
1377 387 7
1179 60 71
265 147 8
1154 424 8
102 622 2
787 1161 7
231 834 2
800 1097 7
702 46 7
903 569 2
1024 611 2
265 1267 15
596 1448 30
809 1500 30
941 724 35
111 1305 8
563 256 2
613 551 20
551 546 2
551 150 2
80 158 7
281 647 27
907 437 2
603 1236 52
1131 470 33
170 265 6
923 83 8
402 1097 7
1296 1554 0
416 804 2
623 1553 2
190 1207 8
178 623 6
80 90 7
21 606 25
32 1227 6
1304 1206 7
1561 63 7
635 727 1
88 21 7
420 142 2
1221 1236 8
1328 527 7
1326 390 8
1209 297 7
512 444 2
1521 1388 7
535 998 85
1443 397 2
53 1567 1
158 779 6
720 982 1
30 514 2
1385 1356 22
1310 891 7
759 488 2
1295 667 27
1240 881 5
159 127 2
873 784 14
369 172 2
483 491 1
1312 330 8
297 298 8
277 558 2
627 206 39
53 229 2
499 214 2
359 1328 2
726 1000 2
95 1554 0
227 311 1
64 607 30
631 32 8
369 104 2
32 451 2
834 291 8
1496 337 38
90 1057 57
1053 498 2
449 300 2
27 681 38
1206 265 15
205 839 77
923 96 2
259 31 2
160 485 30
1383 98 8
1443 99 0
1480 329 2
551 1242 2
907 1529 2
702 973 74
453 722 2
98 1606 2
1304 1236 5
900 140 2
80 57 6
800 59 8
1140 466 2
1206 489 15
68 926 63
923 711 8
409 1004 27
945 614 67
614 974 5
1439 311 2
1439 707 2
889 606 2
800 387 8
1317 21 27
1210 1615 7
514 1004 27
416 1036 2
210 1161 8
880 642 2
1014 369 3
1221 1077 2
279 894 27
347 1403 14
635 1355 1
662 958 2
1445 952 33
1570 1384 8
880 1330 2
183 347 2
507 315 1
435 167 8
973 774 2
53 879 58
981 106 7
168 922 2
66 569 2
390 974 2
913 455 30
829 1 6
1305 1199 7
863 102 7
588 412 5
1304 163 7
1314 98 33
1210 277 8
834 321 6
268 1389 8
1215 160 7
499 910 2
702 1064 5
750 743 3
292 611 2
834 613 6
652 88 3
636 495 8
619 424 7
1184 681 27
573 159 1
1394 1337 2
369 1196 2
157 577 2
1129 61 15
290 32 8
1380 1449 2
603 166 2
119 1305 6
1400 491 7
713 858 12
1394 231 27
1403 102 7
729 627 8
707 1024 2
707 628 2
720 663 8
268 1217 8
486 191 33
1295 626 2
574 1168 2
1500 1197 2
238 1053 2
52 108 8
702 163 7
34 50 2
1040 1581 8
1391 662 2
489 1236 8
1302 47 8
240 451 2
988 813 15
157 796 8
468 617 2
485 647 2
80 1482 7
265 92 8
1127 766 7
228 1033 2
565 244 7
982 275 67
565 978 2
565 582 2
383 98 30
3 1225 7
903 514 2
98 189 7
1371 977 29
329 543 2
479 424 8
259 1448 30
1163 265 8
80 1414 7
344 390 8
1223 1036 2
333 114 8
160 463 31
1116 102 2
1210 244 7
952 980 5
464 1291 14
447 766 8
190 365 2
980 891 8
997 880 7
1225 308 48
183 1371 2
530 713 2
624 1445 1
647 423 2
514 1359 2
623 930 53
979 498 2
1198 804 2
1081 1148 2
190 693 2
165 889 2
182 919 2
603 1258 2
1499 1567 10
270 889 2
76 1062 3
618 219 2
318 21 8
606 468 1
703 1230 2
1405 739 27
524 31 2
372 1097 7
607 1284 2
584 1291 16
499 823 33
31 1135 2
372 1389 7
601 435 7
1292 116 7
176 102 2
498 32 8
1287 1126 33
360 1418 7
468 637 12
491 543 2
671 926 15
791 695 1
720 1583 8
85 675 41
1252 834 2
233 1315 7
1046 466 75
220 470 1
1527 437 8
900 1418 7
359 908 8
1037 891 8
340 263 7
1312 1315 5
1033 856 2
1554 658 0
402 1014 0
122 1075 2
21 516 2
563 559 7
1292 772 14
588 701 2
1138 1044 53
988 1460 41
1252 662 2
540 854 27
931 102 8
805 32 8
390 152 30
1035 114 8
238 297 8
449 177 2
265 722 30
908 1457 8
531 272 31
681 1283 2
1120 770 2
424 823 2
1451 70 2
286 606 1
1082 216 30
323 907 7
435 226 3
889 259 2
1315 1461 52
1232 191 48
489 813 15
265 99 0
894 929 7
1201 908 7
493 1210 6
1436 1310 7
76 1420 8
1079 1044 53
372 1419 5
289 325 2
869 707 2
1019 588 8
435 112 8
159 97 6
573 720 15
156 428 1
1399 603 6
872 453 2
111 98 14
981 447 7
1555 360 2
592 438 6
503 1053 2
707 513 26
21 1152 26
399 1333 2
507 916 59
834 307 7
390 1310 8
387 1181 7
159 321 6
1540 1227 8
369 1141 2
681 1335 5
33 1026 2
707 677 2
1561 961 35
1076 369 2
551 379 5
981 765 19
988 208 30
1081 689 2
1333 1325 5
510 167 8
713 443 12
698 929 7
372 387 8
482 1161 7
258 324 2
1229 43 6
157 58 2
623 664 20
501 891 8
913 479 2
415 51 5
922 1131 2
925 201 12
707 505 2
913 433 7
1254 1305 8
712 766 8
988 36 30
563 1525 2
574 1045 2
1428 1566 5
221 504 2
565 235 2
9 1388 7
360 1396 8
763 506 6
627 484 9
702 40 7
605 147 8
1468 750 7
819 75 3
626 1325 5
338 114 7
594 1578 5
917 347 2
905 1033 2
286 179 15
665 603 2
1428 1102 5
442 104 2
1232 819 48
297 911 1
1315 90 52
102 881 3
363 311 35
23 539 30
623 651 53
552 1310 8
295 1567 2
1216 1388 7
207 48 2
823 50 14
900 244 8
922 1456 30
1000 617 2
862 728 59
409 616 2
900 932 8
1100 297 2
555 66 2
871 796 8
147 1126 16
1438 1377 8
246 866 36
922 111 15
1227 588 8
922 1045 41
1554 901 2
306 63 8
497 1375 27
555 68 24
1525 504 2
1443 883 33
721 551 27
871 728 8
1394 872 27
411 360 2
287 468 2
49 1404 2
611 873 2
490 1181 7
926 1138 1
437 851 30
33 1258 2
469 1408 1
735 265 8
1061 1541 2
505 480 2
1054 647 2
480 676 2
1196 102 8
191 861 30
999 1161 77
23 550 2
760 1415 5
1230 606 25
1174 1449 2
363 614 7
805 1315 7
558 1541 2
64 893 30
1029 829 2
784 332 77
903 759 2
454 218 2
1463 766 7
495 59 8
913 1457 7
268 119 8
873 258 31
201 832 5
1382 829 7
398 272 31
160 375 30
1106 441 0
470 350 2
192 1305 6
106 424 2
265 375 30
330 1418 7
470 642 2
1000 637 12
449 122 2
191 940 2
1228 1596 1
1474 713 2
1137 52 8
1340 531 7
1100 993 2
284 1377 52
859 681 27
454 833 8
1140 952 33
80 676 7
695 39 8
442 1024 2
458 200 29
300 1496 53
1210 1213 7
1210 817 7
574 289 8
886 588 8
837 607 5
190 938 2
550 1161 8
160 116 7
165 774 2
1554 853 12
1151 507 0
606 713 1
641 369 3
1337 32 8
631 908 7
527 80 7
537 610 75
47 770 2
406 330 7
620 258 2
922 309 30
1436 1525 2
880 464 2
411 988 2
1302 1384 8
244 297 6
618 792 2
750 341 3
739 1230 2
722 804 2
154 33 2
398 138 2
160 678 2
1527 390 8
176 779 2
470 735 6
833 1449 2
1496 235 38
1194 21 8
154 325 2
360 434 2
1160 458 33
359 1554 2
259 325 2
588 1446 2
348 620 2
311 1341 30
543 720 15
1344 1280 57
1500 399 2
829 197 8
313 1314 5
1245 1430 57
263 297 2
32 281 2
127 1581 8
834 855 3
594 87 8
750 1335 5
667 461 1
364 297 8
1354 89 2
454 1138 2
489 730 8
829 129 8
707 450 2
369 723 30
627 267 55
923 568 7
311 1447 1
1292 1456 30
1344 1504 57
988 34 41
1315 743 5
1076 347 30
112 409 2
453 844 2
1271 453 34
1483 98 2
890 1126 2
570 891 8
662 856 2
844 60 71
1106 1124 33
1483 390 2
762 1375 27
913 648 2
787 240 7
359 102 8
62 75 5
23 192 30
325 393 2
464 102 8
417 900 27
417 504 27
1563 424 8
568 114 8
211 28 8
390 493 6
1333 197 7
702 1066 5
1215 454 7
859 1036 2
346 390 8
66 759 2
652 3 7
879 416 2
629 908 7
435 685 8
157 434 1
1445 118 2
503 1230 2
981 1358 2
179 766 8
1313 1491 7
871 277 8
619 988 2
774 833 20
369 1026 2
42 1225 7
1174 774 2
1503 1161 7
263 993 2
1000 822 9
618 63 7
357 1567 1
21 1493 2
1262 879 2
1540 139 3
1061 1090 2
578 1388 7
988 781 30
1181 533 3
707 808 7
605 59 7
1055 476 2
727 660 59
152 311 2
1292 597 44
395 32 8
834 1437 8
719 437 8
702 285 7
992 311 35
1029 1375 27
1495 504 2
340 1068 7
361 323 2
468 447 2
913 1052 2
1354 717 2
1190 961 35
454 163 2
941 881 3
1371 1097 7
1354 1009 2
595 80 8
18 102 8
122 569 2
1135 1000 2
565 1199 8
1040 32 8
550 491 2
713 1170 0
1214 114 7
454 90 8
1328 812 2
867 347 16
325 287 7
1036 289 2
988 1152 2
325 625 2
70 1135 2
744 349 1
311 341 2
1337 1315 7
531 1287 2
1499 1173 10
1497 937 5
417 217 27
552 381 33
627 436 1
49 1357 2
902 80 8
854 1298 7
747 329 2
979 1120 2
650 390 8
626 929 7
468 441 0
391 819 7
734 167 2
1445 31 33
950 1230 7
1204 80 7
1281 489 6
525 879 9
267 555 27
267 159 27
839 167 2
618 1133 2
504 773 2
510 1395 7
1303 880 7
261 1443 2
297 78 2
856 588 8
601 265 7
932 865 6
26 1333 2
1287 360 2
1377 88 5
1058 504 2
359 1161 7
14 1181 7
240 1269 2
1055 1500 2
1447 1225 0
199 1500 30
1146 32 7
1152 1388 7
118 833 7
834 462 8
1226 146 5
1357 1352 2
449 471 2
825 102 8
1541 611 35
1036 693 2
899 900 7
114 1131 2
348 497 2
449 763 2
546 1106 1
323 805 7
402 810 15
1567 1329 2
438 995 7
648 603 6
667 1062 59
438 1333 2
217 300 2
28 59 8
1117 808 7
218 1075 2
372 1317 5
541 759 2
825 326 8
80 957 7
80 561 7
1036 917 2
323 737 7
258 1454 30
1340 1500 7
736 865 6
1480 369 3
1371 387 8
1391 28 8
1003 229 33
546 1371 2
325 0 7
552 116 8
1443 1264 2
894 1493 2
417 449 27
1106 113 2
530 1567 2
528 993 2
343 297 8
779 92 8
424 976 8
295 1061 2
217 128 2
88 424 7
205 80 7
27 489 15
880 808 8
118 139 5
1230 101 33
46 603 6
618 1491 7
398 883 2
951 1151 21
1525 667 27
1110 80 8
515 552 1
981 277 7
869 829 2
1142 382 5
1136 1578 5
750 936 8
1394 74 27
385 424 8
829 109 7
684 507 0
1053 677 2
369 1367 2
730 1443 2
33 856 2
618 54 2
592 929 7
486 681 2
514 37 8
753 1430 5
1085 612 13
643 249 8
952 1099 2
33 1148 2
1500 284 2
1173 821 2
1388 848 7
255 804 2
988 726 30
631 435 8
988 383 41
531 861 30
720 730 8
865 139 3
553 1228 1
764 193 5
928 102 8
816 766 8
449 1391 2
903 854 27
913 1393 2
707 685 7
349 558 2
941 92 8
125 1377 8
1338 1496 53
1479 834 2
230 1377 8
790 627 7
122 514 2
665 829 2
329 714 2
1459 191 16
499 3 10
1479 1126 2
1228 798 1
1474 311 2
988 805 2
761 428 1
1328 419 7
1061 445 0
1449 1004 27
681 1217 8
323 54 7
77 920 2
1114 160 33
1104 167 2
199 891 8
66 1436 2
1371 976 29
880 1395 7
499 1101 12
635 155 1
834 792 6
441 369 3
880 1337 2
507 1114 1
191 366 2
391 1375 27
1211 1033 2
338 607 30
111 952 14
635 447 1
159 1431 57
736 889 2
988 1420 8
870 728 8
1312 1388 7
836 569 2
458 22 29
841 889 2
84 435 2
494 993 2
1570 116 8
1500 1376 2
399 480 2
926 1364 1
627 308 7
387 770 2
507 63 59
384 1374 7
23 844 2
305 694 39
479 297 6
507 355 59
171 52 8
638 458 2
913 585 5
98 851 30
297 18 8
50 203 2
514 957 8
252 1525 27
1526 90 8
503 424 2
1084 834 8
491 714 2
707 1381 7
1225 1514 0
471 834 2
475 514 2
1284 491 2
118 824 2
919 240 2
601 480 2
1448 366 30
876 607 5
157 267 55
810 159 1
1000 441 0
480 730 2
111 1388 7
1028 707 2
217 1578 7
1082 489 15
442 1026 2
228 1436 2
552 1445 2
899 449 7
216 1330 2
814 167 8
819 487 8
210 662 2
1315 341 5
1561 1102 37
786 1161 7
1161 355 8
780 458 2
1328 1566 37
1372 347 7
1258 424 8
1421 1062 5
774 1393 2
1258 28 8
390 1325 5
238 369 2
1258 325 2
1303 1210 62
205 1404 7
495 1325 5
368 114 8
919 908 19
551 498 2
435 59 8
618 338 5
910 891 8
70 1271 1
311 972 7
569 533 3
551 848 7
1436 1131 2
1439 31 2
230 626 8
614 298 5
889 722 2
897 437 8
228 52 8
569 487 8
894 1042 2
1210 939 7
880 362 2
1298 1305 7
1100 1443 2
873 80 7
66 854 27
43 1374 7
1508 377 5
635 1070 7
961 784 2
1443 745 2
686 495 5
922 535 30
625 804 2
213 424 8
318 424 8
502 480 2
880 685 8
373 865 52
467 382 5
273 1388 7
311 1239 30
1244 489 15
713 670 2
183 390 8
1037 1075 2
470 1340 2
295 998 29
1510 1333 2
154 551 2
1527 908 8
1287 933 2
159 475 2
235 1230 2
498 435 8
1538 32 8
297 646 8
259 551 2
317 1184 5
880 361 45
1061 1084 2
252 154 27
1173 474 2
232 1609 47
986 889 40
127 1416 2
1495 667 27
594 318 2
907 1315 7
268 937 8
582 504 2
729 692 19
1055 424 7
699 610 2
558 1084 2
925 360 2
320 903 6
707 676 2
104 569 2
923 835 8
941 37 8
337 894 27
127 32 8
900 488 2
889 1418 2
1444 1443 2
702 107 7
59 159 5
230 216 33
1214 1315 7
1117 1381 7
888 732 7
1359 888 23
23 418 30
31 810 15
555 701 2
219 325 2
774 350 2
70 291 7
325 911 2
1317 369 27
981 1314 7
1315 553 52
447 491 2
537 1428 75
1313 1389 7
606 1567 1
499 1046 12
993 1002 2
1570 129 8
1421 685 7
876 891 8
398 1456 2
779 957 8
979 322 2
750 1217 8
176 1305 2
557 347 50
507 1054 7
248 754 5
159 792 6
1550 834 8
325 838 8
769 114 8
287 347 2
49 491 2
913 803 30
162 1313 2
603 978 2
360 1310 7
1416 500 2
829 1124 2
284 893 2
173 675 2
1405 1565 2
54 1161 7
1058 667 27
318 1305 80
1376 1388 1
32 824 6
618 335 2
958 894 7
959 770 2
719 340 2
23 789 2
1287 1561 2
271 889 2
865 838 8
1552 75 3
1461 23 30
552 0 0
500 623 2
1500 1253 2
784 175 77
913 863 6
255 981 2
1561 53 35
917 922 2
702 907 7
347 1395 7
780 681 21
1148 1230 2
900 1184 2
468 277 2
435 613 6
1467 1328 1
674 31 33
702 1199 7
458 833 7
1039 1581 8
435 1342 7
452 879 74
790 908 7
265 481 9
442 575 2
36 1500 30
840 893 14
455 623 7
244 766 8
139 476 30
270 470 30
1009 1448 2
981 513 26
519 1173 1
555 641 2
1561 178 2
627 293 0
438 489 7
1421 215 5
774 1338 2
1025 437 8
952 1608 46
681 1003 2
70 528 1
1357 732 7
981 1213 6
78 681 27
1093 603 6
325 1201 7
652 1217 7
183 681 27
889 375 2
1336 662 7
1106 1314 2
1104 344 2
627 850 52
141 452 9
416 409 2
642 555 2
647 479 2
300 979 2
530 1061 2
736 774 2
476 960 30
1097 908 7
880 307 2
524 551 2
12 981 20
55 1075 2
371 441 0
1303 1570 7
618 1031 2
1443 2 2
238 347 30
979 1242 2
626 1493 2
620 33 2
1337 495 8
155 552 2
399 1053 2
514 596 33
514 200 33
406 834 8
1075 1120 2
395 563 2
601 491 7
398 309 2
159 128 2
618 859 2
891 412 5
475 759 2
1306 1581 8
371 1097 7
530 611 34
551 203 5
159 420 2
707 59 7
33 350 2
1173 419 2
586 647 2
1393 766 7
325 1236 6
512 724 35
0 133 1
766 1310 5
127 1315 7
1379 424 2
142 322 2
866 156 15
1000 1014 0
1271 610 2
675 1135 2
1036 1211 2
652 1184 6
1138 854 27
1166 48 39
104 514 2
772 627 7
24 610 2
148 50 70
952 1307 14
323 1323 7
624 676 30
894 1391 2
347 685 8
29 1321 8
576 28 2
258 649 71
610 845 5
548 667 2
553 987 2
993 327 2
913 423 2
208 458 2
217 813 8
1289 432 15
1126 1124 44
1292 1455 30
1357 983 33
1253 766 8
1004 80 8
607 911 31
1178 441 0
877 1585 2
763 829 2
913 524 30
809 750 30
178 28 2
789 888 23
264 607 5
1215 229 7
192 1000 2
267 1081 27
750 433 7
750 37 7
819 393 5
1304 524 7
183 1036 2
191 355 8
524 1075 2
406 1129 7
507 1395 7
734 1021 2
626 619 27
1085 510 13
981 1133 2
1394 300 27
514 628 2
138 713 1
390 929 7
611 301 2
702 1065 5
1061 1329 2
721 667 27
993 606 35
647 119 8
152 258 2
1404 474 2
819 1491 7
32 373 6
470 1138 6
166 834 2
59 52 59
850 675 2
913 183 5
266 514 2
607 1345 2
348 690 1
271 1230 2
1302 116 8
603 855 2
454 950 16
612 1322 13
623 730 8
1254 1388 7
726 21 8
259 1416 2
1526 1583 8
569 1199 7
384 404 7
569 1141 2
543 454 41
814 1395 7
565 1047 2
834 1212 8
605 959 8
470 138 2
891 436 1
925 933 2
371 387 8
922 1479 2
905 1449 2
1166 80 8
908 420 6
148 437 8
476 684 2
125 922 24
913 1515 2
468 910 2
558 942 33
265 822 9
1442 713 1
220 504 2
438 480 2
912 766 8
470 362 2
1225 377 48
555 586 2
551 492 2
1037 1304 5
160 1186 16
1225 273 48
555 878 2
1108 32 8
563 197 8
435 1156 8
1328 937 7
190 762 2
650 1126 33
1436 625 2
647 86 7
190 1054 2
135 1315 5
759 210 2
510 1342 7
635 277 1
862 789 2
383 574 2
74 21 2
1106 824 23
306 119 8
84 265 2
850 1371 2
623 1035 2
626 1042 2
889 148 2
273 240 2
159 638 27
1075 773 2
1051 916 1
558 1187 0
43 800 7
43 404 7
719 908 8
33 399 2
507 685 8
119 623 6
582 667 27
468 1314 2
692 111 6
266 31 33
216 412 5
272 80 8
823 1230 7
981 471 20
122 1436 2
978 476 30
32 59 7
713 533 3
1053 147 8
1146 891 7
29 646 8
1053 881 3
218 626 2
1375 387 7
555 903 6
470 1454 2
917 681 27
28 298 8
390 513 30
563 898 2
454 957 8
1028 829 2
674 1292 33
913 540 2
675 684 2
454 1254 2
904 118 84
442 1148 2
1315 1530 52
438 770 7
774 1223 2
265 1119 30
262 267 55
902 614 7
914 662 2
329 1418 7
80 732 7
209 751 2
759 568 7
432 453 1
1232 588 48
582 31 30
168 265 6
286 1295 1
189 1402 2
392 880 15
627 1469 47
382 1227 52
406 454 7
514 513 26
516 662 2
647 1052 2
464 114 8
1304 177 7
1284 614 67
371 1014 0
859 360 2
62 543 2
347 960 30
524 1416 2
51 1567 1
434 80 8
770 533 3
1316 80 7
922 1437 20
621 1304 7
592 1127 6
1394 641 27
643 92 8
870 167 8
1304 401 7
1 1315 6
1515 1033 2
382 1550 7
1404 419 2
159 701 2
126 1416 2
263 713 2
603 112 2
1380 603 2
1400 437 7
1394 177 27
133 270 1
71 453 34
252 380 27
1306 114 7
485 369 2
1193 21 8
720 213 8
252 672 27
1173 992 2
1436 139 3
1500 747 2
808 480 2
424 412 5
1033 739 27
623 665 20
1229 336 6
147 102 8
217 433 7
957 829 5
880 794 41
696 1377 8
1483 514 2
502 531 30
1047 458 2
1391 504 2
485 588 8
216 873 2
923 1307 13
863 875 6
889 101 26
220 449 2
450 531 2
1567 25 2
774 540 2
234 728 8
435 855 3
347 1550 8
605 1548 5
1302 1325 5
1008 297 8
1337 1081 2
922 1457 30
1480 453 34
1458 574 2
1215 510 7
552 1207 8
1178 1014 0
681 562 23
437 918 8
168 854 27
819 1070 5
559 102 8
1304 805 7
766 1544 2
1570 355 8
1404 345 0
971 774 2
1304 1097 7
768 114 8
315 424 8
1214 495 8
133 99 66
681 820 8
624 1287 1
216 1094 30
98 1194 30
420 424 8
1445 466 2
420 325 2
53 1161 7
1416 726 2
1497 193 5
1191 920 74
252 1076 27
623 980 2
1061 1226 12
424 0 8
543 750 30
502 1230 2
1570 183 8
610 787 2
1075 322 2
933 1475 37
731 491 7
647 296 8
1460 23 30
558 1132 0
480 1073 2
1045 1594 38
498 1581 8
475 854 27
834 455 33
606 305 7
1496 1503 38
784 401 77
1042 1230 2
928 870 2
1042 834 2
1181 881 3
707 1156 7
255 1161 7
702 737 7
605 1578 3
487 390 8
359 888 23
713 140 8
579 751 2
1442 1354 1
154 21 8
1053 92 8
435 735 6
1372 190 7
422 888 57
939 182 8
454 511 2
454 907 2
21 66 2
1125 766 7
563 843 2
595 32 8
1316 702 5
551 1133 2
551 737 2
836 893 30
1315 1079 52
494 1554 0
438 1449 2
438 1053 2
21 68 24
1000 1314 2
270 988 30
599 1554 0
555 1555 2
325 722 33
85 647 2
696 626 8
80 677 7
707 88 3
555 1550 8
908 92 8
662 917 2
1144 32 8
265 441 0
906 626 8
1190 671 16
1357 622 34
954 1227 52
889 497 2
981 1004 27
1084 702 12
417 565 27
528 713 2
647 1393 2
533 1033 2
409 1141 2
298 626 8
281 893 2
424 1384 8
514 1491 7
1563 21 8
981 335 2
499 113 2
30 1033 2
1081 411 2
1177 854 27
265 1097 7
491 1243 7
1322 1161 8
1084 1305 8
871 46 8
507 1154 59
439 347 30
1421 97 8
1394 122 27
208 1315 5
870 481 9
126 1315 7
454 1166 1
125 1375 27
32 678 2
624 678 30
499 728 8
272 1616 55
1258 504 2
301 1462 77
575 889 2
28 183 8
1188 191 50
951 916 8
917 23 7
357 908 8
1036 1041 2
922 1077 2
707 451 2
220 667 27
502 476 30
213 297 6
325 83 6
1454 458 2
569 1062 8
1354 732 7
1140 297 2
187 1126 16
891 533 48
657 933 2
1358 804 2
217 648 2
433 1315 7
1138 114 8
329 434 2
438 32 7
681 249 8
759 1479 2
1474 31 2
555 179 8
1225 267 48
933 1578 5
540 759 2
13 90 8
1552 1314 7
74 894 2
23 485 30
1188 1388 7
1554 186 1
766 1197 2
190 256 2
809 476 30
185 829 27
409 166 2
1084 1291 33
1110 32 8
603 1045 53
1340 114 8
543 297 8
992 424 8
437 3 8
913 974 30
437 341 3
1416 671 2
494 713 2
252 1417 27
893 1094 30
1084 330 8
849 675 2
594 789 2
49 558 2
178 770 2
1055 603 7
854 936 8
390 1384 8
1160 491 2
372 1384 7
1404 992 2
48 1056 2
480 622 2
1039 1033 2
127 216 2
988 1458 20
784 346 77
1050 116 1
265 387 8
1506 531 33
329 1415 37
191 85 45
1382 551 7
508 167 8
491 434 2
27 1377 8
751 284 14
268 75 3
565 1227 7
565 1565 2
1155 390 8
673 623 2
702 974 7
455 804 2
1053 37 8
502 1500 30
91 908 5
674 98 33
994 888 57
1377 59 7
849 1292 30
1144 1315 7
442 350 2
899 565 7
160 362 31
770 1199 7
681 858 12
112 1388 7
1106 3 10
657 1561 2
737 265 15
1304 280 5
1315 1024 52
779 1491 7
597 611 35
70 699 1
641 1315 7
449 63 8
85 988 2
847 1581 7
325 976 7
981 1338 11
889 150 2
437 1100 2
437 704 2
878 369 2
1460 667 2
1210 763 7
158 623 6
894 762 2
627 828 7
603 739 27
1561 527 7
806 893 30
84 491 2
303 891 8
491 1415 37
825 1567 12
578 1315 5
618 1156 7
398 152 2
252 377 6
98 212 44
1337 941 55
1548 114 8
1416 1299 2
671 784 14
1405 365 2
756 1305 8
71 329 2
880 743 3
402 119 8
618 1030 2
1306 1315 7
503 480 2
226 240 30
1421 42 8
380 21 2
340 162 7
1292 1072 8
707 172 2
1526 42 8
1162 908 8
385 21 8
261 229 33
252 270 27
391 1377 8
1145 891 7
1526 730 8
22 1581 8
627 281 55
218 415 1
903 1333 2
707 104 2
453 858 2
575 834 2
1292 999 14
919 880 2
934 435 8
1481 1044 69
454 1084 2
737 531 30
907 1305 2
981 40 5
901 614 7
116 390 8
565 126 2
45 160 30
524 428 41
783 102 2
428 986 2
1181 845 5
507 222 0
1229 158 6
774 138 2
390 111 6
1225 1127 48
1172 881 5
1100 1567 2
670 80 7
165 1609 47
514 1070 5
857 681 27
759 1424 2
569 881 3
463 114 8
322 588 8
102 376 3
265 1014 0
872 1436 2
390 43 6
981 259 11
503 865 6
191 1144 44
1014 495 8
328 80 8
69 159 2
595 551 40
592 421 50
195 958 3
1321 766 8
295 347 33
750 150 2
1449 104 2
871 291 8
736 262 2
1562 1126 33
398 780 2
681 22 8
750 937 8
922 883 30
655 424 8
494 325 1
377 1106 2
117 1292 30
291 102 8
77 908 8
913 919 30
600 627 6
1400 627 7
721 442 27
1394 763 27
268 1457 8
737 834 2
1087 21 8
1303 594 7
117 1106 1
1192 21 8
497 305 2
1505 1315 7
357 1554 2
830 1416 2
252 898 27
252 502 27
913 250 5
1458 50 41
255 409 2
737 114 39
22 611 2
1540 39 8
382 88 3
588 1578 7
930 1592 38
720 1127 8
1506 476 33
23 45 2
1129 1220 1
127 453 2
1395 770 2
720 1419 8
594 1349 8
1102 647 57
1382 32 7
658 1462 7
552 818 2
1354 1351 2
435 1062 7
454 401 2
1382 720 7
552 1110 2
1121 662 2
900 836 2
565 1437 8
106 607 2
681 443 12
1117 167 8
191 831 2
1316 611 1
437 357 2
744 295 1
1552 1491 7
541 369 2
21 1491 5
539 453 2
671 114 8
1081 1342 7
1092 750 2
1436 796 2
66 1333 2
797 80 8
988 1030 2
1304 1323 7
829 101 26
872 854 27
724 784 2
102 960 30
876 32 8
951 73 21
420 551 2
657 998 29
606 1000 1
1328 936 7
979 1358 2
177 766 8
939 1377 6
1084 512 2
1536 555 52
391 707 2
514 1381 7
1394 1391 27
1163 1375 27
35 555 2
33 739 27
285 908 8
347 761 15
350 98 16
1554 309 33
263 1567 2
605 1097 7
508 808 8
261 993 2
259 880 33
1200 265 8
1448 831 30
369 289 2
738 80 8
1520 891 8
497 829 2
148 913 2
723 1371 2
466 136 6
626 1041 2
1277 402 22
369 581 2
1302 1207 8
1054 1161 8
348 178 1
468 1101 12
259 216 2
227 428 1
1161 1298 7
147 565 2
127 347 7
1081 228 8
1313 722 14
565 1450 2
510 3 8
1247 1428 2
1493 504 2
458 831 2
1053 219 2
450 1057 2
1075 873 30
728 114 8
819 848 8
922 279 2
453 803 2
21 292 2
552 1446 2
991 1057 57
677 1033 2
563 673 2
455 667 27
368 480 2
923 505 2
1491 1388 7
211 489 78
722 624 30
1044 646 8
737 476 30
228 1333 2
753 1305 6
454 1420 8
442 877 7
301 888 77
865 1122 52
347 743 3
355 21 8
922 503 2
550 1357 2
1326 766 7
933 384 5
157 1325 5
1439 32 2
661 102 8
1456 458 2
230 627 8
76 805 2
569 92 8
1210 1336 7
922 604 30
1436 1424 2
409 1367 2
1561 808 7
1333 129 8
494 1371 33
647 1515 2
759 905 2
913 536 30
1080 854 27
395 979 2
842 514 1
183 360 2
191 75 8
922 536 30
759 1296 8
870 384 3
867 988 8
1283 512 2
1394 416 27
1179 454 7
252 619 27
467 779 5
49 552 2
195 101 8
972 889 2
1304 176 7
508 1395 7
1333 68 24
382 1325 7
849 565 2
1404 590 2
594 283 2
607 377 2
1448 1459 30
1527 1305 8
713 1359 2
1472 647 57
137 80 7
1510 1230 2
162 514 2
150 804 2
1144 252 6
1154 1044 17
995 412 5
517 21 8
688 812 1
22 160 2
872 1230 20
565 475 2
941 502 8
605 387 8
834 978 3
219 667 27
101 160 16
988 1314 5
1172 18 8
922 907 2
85 60 41
449 1337 2
1056 588 8
157 855 3
565 595 53
240 464 2
540 1053 2
577 409 2
442 1505 7
1166 688 39
329 264 2
347 1330 2
1242 854 27
880 1455 2
1439 1416 2
1357 151 2
819 97 8
88 1462 7
270 531 30
1332 360 1
920 1047 14
375 531 30
23 315 30
1289 1176 15
1025 102 8
552 1086 8
805 1126 30
442 172 2
200 1581 8
325 516 2
1315 554 52
699 453 34
1061 683 0
528 1567 2
442 167 8
875 1062 8
1317 662 27
862 743 48
627 327 1
1424 297 7
762 829 2
318 1374 80
979 219 2
862 1296 8
620 1405 2
747 512 2
922 179 15
1400 1304 7
391 360 2
1394 648 27
1400 908 7
626 762 2
552 81 10
1043 870 57
880 341 3
618 628 2
31 460 2
601 552 7
759 149 8
14 681 1
1193 424 8
772 862 77
923 1491 7
552 293 0
491 264 2
938 889 2
157 206 39
468 1046 12
476 1100 2
508 685 8
1161 1243 7
1173 284 33
311 781 30
671 258 31
665 1075 2
880 1335 5
1075 765 19
1138 1333 2
1000 3 10
951 63 8
1552 1070 5
454 682 2
329 1310 7
1166 32 8
457 428 2
457 32 2
28 18 8
360 139 3
386 920 9
588 813 8
1442 1061 1
323 300 7
1408 1014 0
29 298 8
32 44 8
324 468 2
662 796 2
1352 751 2
555 1330 2
1000 1101 12
774 233 27
941 622 35
1124 941 44
80 452 7
183 1305 6
399 31 16
208 1388 7
1210 593 7
804 147 8
98 902 44
197 891 8
569 37 8
84 681 2
681 622 34
1003 453 34
880 704 2
880 308 2
424 471 8
627 1346 7
1376 926 15
995 1384 8
318 834 8
756 766 7
491 1245 37
183 409 2
326 54 8
1169 667 27
698 412 5
74 369 2
530 347 33
847 32 7
1477 1554 0
317 90 8
50 553 2
1183 993 7
1253 1225 0
1305 136 6
913 1227 5
454 338 5
1281 320 6
795 377 5
506 65 8
1394 1568 27
434 191 14
1314 160 33
999 1633 77
1100 611 34
1075 1121 2
1179 795 7
252 168 27
258 1482 7
922 34 41
195 46 8
941 1389 7
998 200 29
1321 588 8
195 384 3
834 716 7
928 981 2
681 718 10
142 391 2
607 718 2
847 297 8
271 603 2
205 1305 77
862 149 8
31 173 2
21 641 2
581 311 31
1003 1225 0
360 898 2
142 1079 2
1193 750 50
1540 1578 3
1183 531 29
227 605 1
138 305 7
118 1002 2
730 998 29
923 1146 2
211 734 78
1106 925 10
917 240 2
565 420 2
713 881 3
301 1633 77
154 424 8
1090 866 36
464 311 2
936 1532 2
674 952 33
454 914 2
922 852 2
453 1376 2
234 958 3
28 646 8
390 861 30
157 462 8
1117 1395 7
454 1206 2
440 922 2
148 102 8
1171 65 8
282 1000 5
1026 504 2
347 983 2
576 29 2
116 908 8
889 1364 2
790 518 7
347 937 7
217 423 2
417 1036 27
819 88 3
395 995 1
80 684 7
657 1000 2
893 940 2
988 300 2
27 750 30
920 596 14
1231 21 8
375 476 30
995 974 33
1292 855 5
981 485 11
869 1416 2
880 1332 2
1215 626 7
531 727 2
1106 248 12
576 347 14
639 23 2
759 1577 8
1058 681 27
281 190 27
318 923 80
1006 611 35
507 1437 8
470 823 16
770 881 3
211 424 8
30 1436 2
1176 133 1
1053 158 27
720 296 7
923 338 5
893 147 45
739 31 2
270 555 2
109 1225 0
442 1548 5
1303 424 7
181 390 8
1053 1196 2
573 453 1
590 920 2
290 326 8
1303 320 7
618 177 2
263 1061 2
1061 1262 2
470 1047 16
444 1000 5
829 251 33
856 424 8
667 223 26
222 913 1
1493 667 27
1500 803 2
603 1148 2
784 121 77
514 848 8
829 898 2
1078 80 8
415 1156 5
241 305 7
161 838 8
610 376 3
594 783 8
605 861 2
710 114 8
361 495 2
592 1119 50
1037 265 8
455 1371 2
217 1515 2
270 880 30
1359 458 33
1163 627 8
913 1120 2
1372 306 7
349 681 2
223 611 2
844 1616 71
742 720 15
442 917 2
263 611 34
981 1227 6
155 21 8
770 974 7
1104 25 1
13 957 8
551 119 7
1001 1328 2
853 146 5
790 750 7
1364 114 2
329 837 2
1304 55 5
106 437 2
438 435 7
1518 1225 0
317 685 7
1000 254 12
311 805 2
804 92 8
531 1355 2
421 675 2
1336 900 7
1408 845 5
1449 958 2
330 139 3
829 223 26
285 707 2
338 1126 30
118 1578 5
865 355 7
719 603 6
871 1437 8
309 28 2
824 603 6
306 808 8
1081 27 53
721 900 27
872 114 8
1179 52 7
1100 998 29
1554 523 23
419 28 8
1281 265 6
632 80 8
148 1161 7
1058 1036 2
912 865 6
952 269 7
499 958 3
667 1578 5
127 979 2
267 623 27
601 437 7
591 201 12
917 1081 6
565 638 27
154 442 2
1459 23 30
751 1047 14
498 326 8
369 411 2
34 1590 38
784 1145 77
1183 766 7
421 1292 30
1526 213 8
381 908 8
1061 579 2
491 837 2
252 45 27
568 908 6
1259 518 2
359 1567 2
1183 476 29
1230 412 5
1171 1389 8
596 382 8
374 453 34
718 458 33
348 1029 2
708 465 2
1505 435 8
1460 1044 41
922 505 2
701 1075 2
470 1455 2
1152 191 2
558 579 2
582 390 8
1229 1 6
672 893 7
160 724 30
249 21 8
457 605 2
1239 1416 2
1292 781 30
1316 1050 5
654 178 1
858 1490 5
950 720 15
506 1177 72
979 513 26
31 928 45
27 297 8
736 1609 47
421 1371 2
889 1309 2
1225 1298 48
1455 458 2
1332 1561 1
185 325 27
98 138 2
1126 83 7
1537 412 5
220 114 2
647 1471 7
1228 238 1
898 908 8
258 315 30
1331 1307 13
168 1333 2
867 495 2
829 1578 5
704 750 30
233 495 8
468 925 10
265 743 5
647 34 53
217 341 3
417 913 27
1239 32 8
922 726 30
1084 1388 7
299 1619 2
766 958 3
528 1061 2
411 1405 2
862 341 48
1499 558 10
759 1131 2
370 21 20
32 95 6
871 462 8
779 848 8
607 671 2
369 1211 2
1316 23 2
317 663 8
736 32 8
620 607 2
1061 109 0
53 476 2
638 70 2
1497 341 1
692 808 6
720 246 1
437 119 8
981 1511 9
721 217 27
377 1173 2
1161 139 5
488 681 27
284 779 8
980 330 8
475 1333 2
1303 369 7
1055 323 7
720 929 7
23 284 2
558 109 0
55 265 8
1053 1141 2
1275 1404 7
449 902 1
377 458 33
528 611 34
48 380 2
117 1173 1
1112 720 15
252 673 27
148 60 2
340 1253 7
988 106 30
1554 1310 5
485 662 2
259 1362 2
923 1381 7
594 436 8
998 937 5
923 1323 2
442 739 27
468 1124 33
829 838 8
696 987 2
1502 607 33
1398 390 8
118 264 2
256 435 8
335 1315 7
240 294 2
681 670 2
1030 325 2
263 998 29
320 111 6
454 176 2
981 438 11
1001 201 12
1304 104 5
463 1377 8
891 881 48
769 1375 27
814 3 8
814 341 3
205 552 7
552 554 23
681 602 2
593 627 8
565 1212 8
879 541 2
641 1081 2
191 606 2
1137 114 8
582 952 30
1003 329 2
13 42 8
499 686 67
432 495 8
437 815 8
441 495 8
1304 1098 7
750 1345 2
721 913 27
1421 808 7
476 851 30
200 32 8
1202 1137 2
62 1418 7
979 1133 2
836 1033 2
1184 759 2
1186 891 7
114 1152 26
1176 998 1
1087 424 8
829 1201 7
27 1402 2
32 1384 7
627 813 8
617 920 2
594 1487 7
486 1126 33
347 432 15
825 1161 7
1053 166 2
128 1496 53
1448 606 30
49 191 33
1177 159 27
1540 838 8
707 1495 2
908 1062 6
484 933 84
167 476 8
150 347 2
325 1127 6
1058 908 8
499 393 8
1163 908 8
31 212 44
903 1449 2
1026 667 27
25 102 8
903 1053 2
262 281 55
555 412 5
453 974 2
28 244 8
533 1375 27
1354 151 2
546 489 6
1428 93 5
555 1578 7
689 1305 8
1225 1311 48
660 732 7
878 889 2
542 774 2
70 1564 12
1351 751 2
688 620 2
551 1030 2
774 1565 2
774 1169 2
1561 1566 37
52 412 5
780 922 2
1210 1138 6
1031 21 8
696 627 8
1128 252 2
157 412 5
779 178 2
234 384 3
454 1127 8
913 314 2
889 498 2
1336 1181 7
880 138 2
763 382 7
856 865 52
1172 533 5
508 1342 7
921 31 30
404 1114 2
398 604 2
759 1076 2
880 1217 8
183 531 2
159 336 6
855 662 2
731 770 2
993 833 8
622 1126 2
603 126 2
981 1024 2
284 437 2
673 1315 5
913 639 30
504 1122 2
265 994 7
766 789 8
1154 766 57
385 437 8
1394 833 2
616 804 2
42 891 7
489 805 2
518 90 8
1000 925 10
601 1302 7
380 369 2
142 909 2
607 840 2
484 1561 84
21 1555 2
323 452 5
603 350 2
489 701 2
563 101 26
191 1578 5
1259 1091 2
988 51 30
1494 1155 7
708 746 2
858 627 8
588 1298 7
941 277 8
834 1207 8
1382 216 7
981 1337 20
450 1081 6
1408 1511 9
565 938 2
758 611 35
922 1078 2
1036 1042 2
460 893 2
125 707 2
126 1581 8
468 113 2
104 1033 2
674 514 2
674 118 2
250 424 8
1459 675 2
766 95 6
1570 1243 7
1128 880 2
1111 275 67
1567 367 2
258 1168 71
98 373 7
217 545 2
681 151 2
1000 248 12
322 941 2
903 297 8
217 936 8
442 384 3
200 1315 7
1451 891 7
462 114 8
281 1126 2
880 1454 2
1081 1062 7
313 1322 13
1436 516 2
66 1449 2
66 1053 2
1084 1292 33
854 568 7
82 834 8
1209 134 7
372 958 1
317 1236 8
489 1122 6
898 102 8
427 52 8
724 854 7
360 1424 2
979 1078 2
875 1457 8
737 1240 7
854 937 8
160 1006 44
178 766 8
829 1583 8
514 36 33
667 384 5
1313 119 8
834 1070 7
854 833 8
395 102 8
181 908 8
470 54 6
261 713 2
23 1253 2
507 226 3
618 357 7
836 514 2
707 1148 2
192 1448 30
374 329 2
713 1047 33
157 1384 8
634 80 8
1540 387 8
277 390 8
1296 21 8
256 325 2
476 1271 2
485 1230 8
9 329 1
823 766 8
201 801 10
494 998 29
1044 593 38
118 837 2
599 998 29
900 1252 2
31 553 44
184 1374 57
1188 1315 5
701 569 2
799 1377 8
552 1562 2
483 588 8
1259 340 2
563 393 2
551 1079 2
1474 1416 2
323 471 7
442 1039 2
228 1449 2
324 347 2
889 219 2
1336 424 5
457 495 2
878 834 2
878 1230 2
1126 1330 2
774 1510 2
218 449 2
846 1315 6
453 455 2
436 29 2
971 1609 47
1003 610 2
934 32 8
1258 437 8
315 675 2
983 1126 2
1357 858 12
323 403 7
1225 792 48
258 1120 30
1449 1148 2
153 888 57
1128 588 8
1221 936 7
452 102 8
1443 254 12
1444 468 2
894 763 2
922 324 30
76 916 8
1327 766 7
403 891 7
1221 914 2
880 433 7
1424 1388 7
756 879 2
800 948 15
647 897 7
1098 893 33
424 934 8
995 53 33
759 1062 3
618 1495 2
759 625 2
62 434 2
993 90 8
297 836 2
183 476 2
1476 347 30
847 495 7
30 979 2
622 675 2
273 759 2
119 1210 6
670 70 35
499 747 2
315 1292 30
311 960 30
147 981 2
539 1126 30
33 126 2
738 32 8
195 1325 5
357 531 2
592 158 6
252 271 27
519 624 30
784 1267 77
907 1374 2
220 681 27
930 569 38
720 104 8
1210 1154 5
1480 466 2
829 40 8
588 1243 7
1158 1161 8
28 129 8
125 360 2
442 233 27
170 347 30
699 326 8
1160 424 8
28 817 8
449 1156 8
552 1439 33
1391 98 8
769 908 6
565 127 2
923 848 8
1232 779 48
216 368 2
897 21 7
1371 22 29
185 551 27
654 1029 2
253 168 19
541 1053 2
598 750 30
317 269 8
799 626 8
653 681 2
555 26 2
681 487 8
459 21 8
281 33 27
70 350 2
979 1004 27
1132 1567 4
614 1335 5
96 1581 8
872 1333 2
390 336 6
1223 409 2
1527 1388 7
443 466 75
318 698 80
32 613 6
70 678 2
317 97 8
269 1315 7
603 595 53
182 68 2
604 1443 2
1476 1371 30
979 335 2
1554 397 2
297 1418 7
1299 1357 2
434 891 8
1436 393 2
1397 1570 7
506 1156 8
154 900 2
381 1371 2
739 98 2
849 913 2
1458 720 15
32 837 6
111 627 52
1303 491 7
1230 945 21
22 216 2
1552 88 3
1039 979 2
792 880 1
829 1069 2
713 596 33
476 528 2
703 603 2
605 344 2
350 458 2
452 1161 7
228 1375 27
258 844 2
1082 1500 30
689 681 27
720 1420 8
605 298 7
900 905 2
1505 1581 8
256 265 8
252 230 2
126 160 2
1478 713 2
218 667 27
928 297 2
361 265 8
220 1036 2
119 770 2
334 1000 2
1354 1352 2
1554 99 0
435 1396 8
316 297 6
551 628 2
442 646 7
569 1491 7
895 908 8
437 718 2
29 18 8
980 1033 2
217 1217 8
190 898 2
185 1075 27
1126 833 7
85 142 2
82 688 2
102 959 8
658 21 8
1106 284 33
869 216 2
979 1031 2
1308 1377 6
325 1214 7
1446 329 2
437 1437 8
182 1452 2
1304 928 7
928 675 41
272 499 21
1080 1333 2
871 1212 8
285 1375 27
766 59 8
466 1475 5
868 610 2
1354 658 0
1126 1204 30
148 603 6
1359 594 10
500 1436 2
201 421 9
941 1213 7
493 875 6
972 262 2
1127 829 5
402 65 8
454 212 41
390 355 8
373 734 7
507 65 8
834 436 7
1160 1357 2
401 32 8
154 217 2
1163 1161 7
601 900 7
1351 1289 36
1037 1033 2
357 476 2
642 893 30
772 1210 77
21 757 2
592 936 7
1402 789 2
1047 70 2
1377 1097 7
454 1098 2
689 766 7
907 923 2
930 514 38
1250 329 2
32 173 2
810 453 1
112 31 7
1044 1166 38
139 893 30
453 1200 2
891 1132 1
820 21 8
449 314 2
278 31 14
454 1030 2
454 634 2
1375 59 7
1397 1567 4
348 736 2
1377 1321 7
80 868 7
1242 1333 2
267 52 8
744 1284 1
369 907 30
712 1315 5
326 183 2
390 57 6
702 113 75
900 149 8
1221 1217 7
1221 1555 2
112 588 8
541 998 2
1120 834 8
650 1388 7
70 399 2
314 504 2
435 249 8
981 1026 2
531 155 2
657 360 2
1302 1243 7
1127 21 8
253 412 5
880 1052 2
872 1377 8
897 627 8
983 28 2
865 1550 7
627 1298 7
750 492 2
1221 1482 8
750 533 3
398 726 2
195 462 8
317 438 8
317 42 8
1177 1081 27
681 1518 0
1546 114 8
1429 21 7
592 903 6
770 1475 5
101 1190 41
33 1163 2
345 1421 1
499 248 12
1061 1446 2
1210 291 8
494 1000 2
960 784 2
252 912 27
252 516 27
382 1326 7
1061 666 12
1502 1561 2
594 680 2
599 1000 2
1055 98 7
164 80 8
32 869 2
711 390 2
834 1006 2
154 449 2
476 700 32
630 102 8
939 627 6
271 555 2
246 751 2
1194 437 8
707 642 2
752 424 8
563 223 26
1382 442 7
255 647 2
551 513 26
923 1098 2
127 102 8
201 3 10
865 40 8
897 766 7
548 751 1
1052 1305 8
449 1338 2
932 435 8
673 514 2
591 893 33
891 111 6
913 502 7
1354 901 2
1001 360 2
787 770 2
804 1196 2
1253 891 8
678 1126 2
383 216 30
369 1139 30
823 588 8
702 401 7
1121 504 2
555 307 2
671 29 2
191 381 2
126 32 8
184 800 57
438 889 2
633 1153 6
1449 350 2
48 690 1
551 167 7
83 667 27
1316 453 1
377 594 10
1497 433 5
980 514 2
494 1404 2
1499 1357 10
1335 21 8
409 289 2
1388 1122 6
591 880 15
865 75 7
603 1127 52
854 1127 8
72 766 8
1403 875 6
454 1314 5
933 742 2
506 1437 8
551 823 14
329 440 35
262 1525 2
829 976 7
1405 256 2
504 269 2
1058 360 2
411 424 8
454 553 41
606 764 64
601 157 7
26 829 2
369 235 2
337 320 6
145 1405 2
735 626 8
1078 32 8
1402 833 8
750 1341 30
1225 1415 5
1160 191 33
923 123 2
823 893 2
110 614 1
377 588 8
702 805 7
447 1315 7
155 437 8
593 1161 7
1264 908 7
220 880 1
1480 952 33
1155 1305 8
1037 514 2
834 646 8
555 228 6
1008 774 2
908 1544 2
458 1127 7
1401 435 8
372 65 8
1372 258 7
340 277 7
449 259 2
551 909 2
769 506 6
652 850 6
442 869 2
555 1295 2
1468 240 7
623 412 5
852 216 30
265 840 30
555 189 27
98 1227 7
323 593 7
889 737 2
569 502 8
506 272 20
417 409 27
186 1494 1
662 693 2
217 83 8
614 445 66
1307 779 6
1537 1298 7
1132 390 8
1100 347 33
642 453 2
1399 1081 6
889 961 2
330 149 8
941 1125 6
621 588 57
1314 229 33
46 891 6
627 1243 7
719 1388 7
623 638 27
159 111 6
74 662 2
398 671 2
836 1436 2
306 1156 8
514 2 2
879 301 19
241 1354 1
514 890 33
195 47 8
1317 1305 8
189 1448 30
486 933 2
261 1567 2
1400 518 7
252 857 27
1081 433 7
1388 808 7
326 1491 5
1413 891 8
45 458 2
978 893 30
32 39 6
1126 432 15
475 1449 2
475 1053 2
736 80 8
1518 891 8
29 1418 7
142 1080 2
1526 957 8
592 1550 8
1054 33 2
1307 102 8
838 626 8
36 390 2
252 393 27
643 37 8
271 891 8
98 844 31
546 1315 5
707 983 2
1329 611 35
508 3 8
3 610 2
508 341 3
125 190 2
606 13 64
911 1333 2
819 1381 7
1229 57 6
20 594 7
456 1181 7
1570 1482 7
900 399 2
43 1315 5
1029 611 2
551 1491 7
998 193 5
804 1141 2
804 1578 3
1454 922 2
233 182 7
552 1001 2
912 437 2
1239 453 2
507 345 0
265 483 15
1232 667 2
98 148 7
880 959 7
1447 1428 2
183 623 6
981 824 6
1429 766 7
31 368 31
62 1310 7
913 765 19
159 1203 6
1454 750 2
281 551 27
76 68 2
506 284 6
76 63 8
267 1375 27
317 719 8
806 437 30
754 1550 8
647 44 7
1075 1004 27
98 519 30
555 471 8
1303 1181 7
759 168 2
1303 785 7
1404 452 12
747 62 2
158 770 2
1283 702 12
96 32 8
157 1232 2
347 1608 46
1078 1315 7
486 1561 2
1416 1135 2
1416 739 2
721 565 27
713 890 33
1058 409 2
1173 1409 2
491 278 2
382 296 7
1080 759 2
1246 1075 57
627 970 9
623 1384 8
1054 369 2
122 1375 27
945 329 2
601 102 7
1448 722 30
269 495 8
148 804 2
263 347 33
703 829 2
1354 1250 2
368 1354 2
577 759 2
337 265 6
909 320 6
569 1097 7
779 1236 52
800 1451 2
228 954 7
285 325 20
724 1292 30
217 1120 2
458 722 2
1367 325 2
919 424 2
1075 368 30
240 642 2
907 453 2
1126 1127 7
1001 933 2
337 489 6
563 168 2
454 524 2
360 39 8
437 1340 2
440 240 2
1561 994 37
369 505 30
551 808 7
245 1307 13
688 736 2
314 667 27
1505 32 8
438 774 2
1444 311 2
226 551 2
170 865 6
347 296 8
598 1500 30
1221 757 2
323 178 7
254 754 5
1036 68 24
347 228 8
84 627 2
1337 114 8
804 438 19
409 1258 2
1047 258 31
309 29 2
880 546 2
479 489 6
398 324 2
880 937 8
226 480 30
747 702 12
201 113 75
382 528 7
854 75 3
505 1581 8
901 311 35
1 1377 6
122 347 16
766 1325 5
1510 829 2
499 855 3
111 1377 52
784 1146 77
154 834 8
320 863 6
713 523 23
701 1436 2
491 833 8
689 1388 7
102 1517 1
1210 533 5
988 167 30
681 1004 27
0 372 1
442 1510 2
491 1125 8
316 340 10
470 1456 2
1144 80 7
991 888 57
337 854 27
157 116 8
449 540 2
125 531 2
1036 762 2
297 1578 5
1258 908 8
1179 1616 71
707 167 8
1036 1450 2
1044 769 8
1121 667 27
563 1583 8
569 387 8
369 737 30
168 627 6
981 108 5
238 889 2
1567 1439 33
624 915 30
216 831 2
98 535 2
774 206 2
226 1075 2
1228 239 1
217 661 2
185 618 27
1343 1315 7
1297 1446 1
881 734 7
790 437 8
889 1242 2
993 957 8
70 521 2
1177 1375 27
981 373 6
981 1148 2
823 692 71
438 23 2
390 845 1
1106 474 2
1210 148 7
69 623 2
163 1161 7
720 211 1
1081 1120 2
913 1451 30
62 837 2
470 1153 6
867 720 2
759 1419 8
1476 750 30
620 900 2
252 1138 27
1436 168 2
1081 1052 2
287 531 2
958 390 7
747 1291 33
721 114 27
1436 163 8
157 421 2
551 1070 5
759 40 8
747 330 8
1302 355 8
1383 993 7
718 491 2
814 1342 7
909 265 6
143 424 8
127 229 2
349 1291 33
702 403 7
365 80 8
1292 1007 44
1253 702 12
900 1076 2
1481 1190 33
170 750 30
56 390 30
244 330 8
545 854 27
435 838 7
810 32 8
1374 768 2
880 883 16
926 1468 24
454 177 2
1407 311 35
681 1359 2
907 398 2
216 433 7
770 1316 7
913 1358 2
311 486 1
551 65 7
442 462 8
1456 70 2
325 1499 2
1304 438 6
894 259 2
692 716 8
995 322 7
911 626 8
1357 670 2
854 697 1
390 1203 6
1214 133 1
1304 1563 7
519 1357 1
1201 489 1
1126 1004 7
665 1581 8
551 335 2
847 1302 7
1140 998 29
988 1166 2
555 820 8
539 229 2
769 707 2
48 812 1
563 40 8
85 605 2
972 1609 47
1554 1264 2
614 135 5
437 1212 8
147 675 41
534 1443 2
1305 95 6
304 1315 7
880 199 2
1209 190 7
834 1153 6
71 118 2
1404 1409 2
160 471 7
618 877 7
862 1419 8
250 766 57
392 1181 7
133 881 5
118 1246 37
1547 297 8
869 611 2
177 834 8
159 1 6
1446 369 3
159 380 2
1210 1437 8
1407 614 7
377 491 2
267 569 27
261 1061 2
636 52 8
499 462 8
466 250 1
944 23 2
750 1070 5
228 506 6
470 1073 2
1061 129 2
575 623 2
360 393 2
320 808 6
1179 941 71
1101 146 5
1376 133 1
442 1163 2
1154 1305 8
1081 296 8
1041 1230 2
1024 804 2
702 1323 7
226 504 2
470 609 2
195 255 20
1466 969 1
575 159 2
932 1581 8
1372 880 7
449 485 2
648 1081 6
1039 102 8
415 59 5
570 626 8
454 805 2
899 518 7
102 1097 7
753 1081 6
457 551 2
261 611 34
1480 118 2
311 1114 1
311 718 1
1056 424 8
707 112 8
551 1031 2
980 311 31
323 1215 7
569 728 8
552 599 2
551 1381 7
316 1388 6
981 53 5
1253 330 8
234 47 8
607 830 30
855 480 30
217 314 2
1104 1224 2
536 453 2
1338 1377 8
658 424 8
908 43 19
291 1161 7
176 1210 2
763 779 7
205 891 8
624 674 1
981 359 7
1437 675 33
872 1053 2
442 3 8
1047 720 15
485 1292 16
875 502 8
759 1077 2
865 929 7
390 831 2
1106 419 2
980 52 8
1304 20 7
1284 1428 2
618 1505 7
468 1187 0
1525 681 27
765 114 8
652 341 3
297 1184 2
601 1371 7
531 550 2
671 1500 30
437 65 8
1050 1557 1
1299 681 2
505 160 2
1394 88 27
499 699 2
611 485 2
69 495 8
584 160 16
829 857 2
720 916 8
1055 607 2
1181 222 8
618 167 8
635 197 8
1037 1436 2
507 1156 8
1025 1388 7
1404 274 12
360 625 2
380 662 2
425 311 35
73 1225 0
594 387 2
524 1292 30
652 1335 5
27 652 2
1445 1554 0
1061 1445 2
720 848 8
252 911 27
1144 320 6
1468 766 7
23 162 2
804 1097 7
923 1322 13
702 290 2
820 424 8
900 625 2
80 938 6
1232 920 1
558 1445 2
28 769 8
1466 286 1
220 360 2
305 543 1
472 891 8
1487 32 8
626 68 24
1446 1428 2
221 1036 2
1480 31 33
307 1585 2
592 546 50
459 437 8
686 908 8
217 937 8
265 279 30
244 1315 5
681 881 3
1496 145 40
769 360 2
57 779 6
1328 433 7
636 1449 2
1292 978 5
70 756 7
189 470 33
1237 32 8
1210 429 7
854 178 1
334 229 33
43 265 52
425 614 7
1187 1388 7
921 952 30
95 1581 8
650 62 2
659 21 8
1080 1053 2
424 307 8
466 1236 6
514 1148 2
1554 745 2
512 178 2
252 43 6
836 979 2
506 1212 8
603 1047 2
1075 269 2
1099 80 8
391 382 7
926 982 1
510 1062 7
1117 1548 5
155 681 2
390 471 8
1544 32 8
508 1217 8
329 384 5
373 495 8
1396 21 7
933 741 2
580 159 1
770 441 0
1026 681 27
1333 223 26
1380 159 2
499 47 8
707 1395 7
823 330 7
348 232 2
923 294 2
1535 454 20
1377 1213 7
1078 495 8
406 1315 5
834 129 8
447 1428 2
268 719 8
349 512 2
157 281 55
1505 326 8
238 159 2
1478 1061 2
226 449 2
32 226 3
114 798 2
458 844 2
320 685 6
1028 325 2
1316 253 5
561 216 2
891 1243 7
329 982 7
80 296 7
296 1057 57
1036 256 2
575 891 8
1316 265 15
440 70 2
804 387 8
450 1106 2
1357 596 33
1357 200 33
216 1298 7
420 995 1
569 277 8
624 513 30
98 1340 2
1449 1045 53
1210 1125 7
872 1375 27
438 954 7
56 347 16
343 32 8
1568 325 2
1221 937 7
281 1405 27
530 191 33
506 1138 6
534 1328 2
428 584 2
920 36 14
981 350 2
305 125 2
1101 920 74
322 551 2
404 768 2
437 1389 8
809 191 30
491 384 5
900 139 3
404 1456 2
754 743 3
762 21 8
294 1581 8
390 1 6
489 1314 5
768 1377 8
191 706 44
1532 685 7
303 1581 8
43 1388 7
468 1132 0
159 661 2
624 155 1
317 158 8
325 270 3
111 720 15
620 102 2
870 59 8
855 504 2
402 855 3
784 1336 77
362 1567 1
161 54 8
54 588 8
1458 489 15
960 854 7
134 789 2
605 1342 7
1333 1578 5
1044 1290 38
681 1170 0
737 891 8
737 495 8
1240 1243 5
154 565 2
558 0 0
373 1374 7
1185 297 8
31 241 2
1299 558 2
988 719 15
1258 1161 7
542 1609 47
631 102 8
1354 397 2
1495 681 27
594 332 2
1500 639 2
505 32 8
829 0 7
735 114 8
1144 265 6
311 1359 1
591 1328 2
565 488 2
359 1371 33
301 1305 77
1024 667 27
558 1098 2
1026 1036 2
449 1058 2
623 849 20
1136 568 7
220 409 2
112 1405 2
769 1305 6
286 432 15
1557 1504 57
334 1061 2
901 908 7
1451 555 2
654 697 1
80 1612 7
1449 739 27
634 875 6
184 588 57
1076 191 30
253 116 8
1424 1315 5
900 502 2
1033 68 24
875 373 6
763 1362 2
997 390 7
555 423 2
1136 833 8
80 1544 7
880 309 16
1567 209 2
1044 905 40
414 793 2
1136 1125 8
624 1247 1
437 18 8
695 412 5
1199 1304 7
1499 681 10
1106 992 2
1304 989 7
502 1190 2
284 1371 2
759 42 8
191 716 8
620 1126 2
979 628 2
30 297 2
36 1315 7
1050 527 1
1383 891 7
1394 661 27
1278 297 1
517 834 8
270 623 2
577 998 2
1460 311 30
372 836 1
290 102 8
1313 65 8
273 369 2
531 1224 30
164 32 8
508 433 7
23 803 2
1052 1388 7
815 750 2
601 611 2
618 641 2
489 937 7
796 875 6
205 398 77
126 229 2
945 495 8
309 1500 30
64 750 30
923 1550 2
795 568 7
784 585 77
21 26 2
750 1457 30
159 197 8
586 33 2
1274 879 74
565 1070 7
1466 567 1
1313 284 14
361 563 2
900 1198 2
1567 1009 2
126 453 2
484 360 84
228 707 2
159 129 8
218 21 7
915 555 2
454 357 7
1567 282 23
795 833 8
1316 594 5
1377 298 7
259 50 70
563 730 8
744 657 1
770 1438 7
430 879 2
1093 1081 6
795 1125 8
623 35 72
1252 891 8
1252 495 8
657 1404 2
1220 1377 6
1401 611 35
190 1295 2
1047 1371 30
641 854 27
569 222 8
1138 1377 8
900 1125 8
372 441 66
326 1550 8
218 390 8
1080 627 6
190 189 27
1221 928 2
281 662 27
226 618 2
641 1554 7
721 1430 5
1549 774 2
1019 98 8
317 1482 8
182 1453 2
347 3 8
1210 1002 7
1093 1305 6
311 873 2
329 960 35
347 341 3
870 1342 7
623 1568 2
631 1161 7
1164 412 5
926 568 15
76 1550 8
524 565 2
574 138 35
1554 671 33
492 1371 2
618 1395 7
1200 627 8
1475 1280 57
864 908 8
1402 83 6
617 751 2
252 285 27
402 462 8
192 21 8
159 898 2
201 1489 5
54 142 2
913 513 26
347 1335 5
1140 1554 0
751 823 14
1053 289 2
1155 1388 7
195 59 8
1172 1418 7
713 1025 2
470 1299 2
157 355 8
770 1014 0
784 1213 77
1397 424 7
592 833 7
716 766 8
360 911 2
486 201 12
167 891 8
1497 833 8
453 805 2
1481 692 2
623 502 20
1479 514 2
372 855 3
349 1126 33
112 662 2
154 437 8
854 513 26
157 183 8
491 960 35
454 1323 2
880 911 31
1082 750 30
451 424 2
849 160 30
913 167 7
653 1291 33
334 610 2
347 704 2
322 504 2
909 114 8
1242 1230 2
369 1200 30
1104 1409 1
1468 880 7
216 606 2
1344 1496 12
880 1121 2
1023 766 8
424 1243 7
418 499 1
1304 273 6
1561 1112 2
1500 513 30
286 1364 1
681 37 8
1122 98 8
961 1106 1
981 206 11
867 563 2
398 1483 2
531 844 2
190 148 2
1317 1388 7
981 877 7
1304 246 7
880 1345 2
507 726 1
913 830 30
164 1315 7
862 462 59
409 350 2
510 728 7
1221 172 8
392 770 2
607 1135 2
424 197 8
908 1548 5
48 620 2
620 675 2
603 1041 2
1416 167 2
1061 1447 2
1394 314 27
1199 1181 7
1551 1106 4
30 1449 2
1081 1223 2
384 766 48
1237 286 15
391 21 8
1174 667 2
721 681 27
1388 1156 7
834 1007 2
1448 150 30
555 1335 5
607 1359 2
693 667 27
240 138 2
1044 849 2
218 681 27
626 355 8
798 667 27
415 877 5
213 489 6
116 1388 7
128 1436 2
228 382 7
941 796 8
569 1213 7
321 865 52
702 178 7
361 216 2
112 952 7
688 232 2
1354 1274 12
265 904 9
819 167 8
891 450 1
470 152 2
512 743 5
278 952 14
470 543 8
903 889 2
240 362 2
270 893 30
844 941 71
114 292 2
1225 459 48
216 942 2
810 495 8
311 261 1
375 893 30
1130 428 1
202 262 2
323 362 7
588 83 8
297 1399 6
1563 1305 8
81 512 2
1304 172 5
780 70 2
922 1169 39
209 1448 2
425 908 7
312 424 2
1225 391 48
894 722 2
424 606 2
988 1337 2
457 21 8
862 929 7
1561 91 7
635 359 1
744 534 1
1230 122 33
1210 259 7
4 191 14
1098 1161 7
369 53 30
1570 820 8
992 908 8
437 1279 8
1570 716 8
747 118 2
756 770 2
1172 743 7
489 412 5
1537 936 8
981 172 2
1438 32 8
117 160 30
1265 1388 6
489 1578 7
285 360 2
603 1565 2
1377 341 5
1183 555 7
1210 1212 8
1541 908 8
311 851 30
1376 372 1
750 75 3
23 1376 2
623 129 8
928 647 2
911 1375 27
754 1335 5
1111 1225 66
453 43 6
1037 979 2
118 1245 37
415 1505 5
325 903 6
1025 1561 2
160 513 30
1336 323 5
199 1567 1
336 265 6
1173 974 33
855 31 30
1187 1567 4
470 780 2
661 1375 27
372 462 8
688 756 2
218 1036 2
190 101 26
489 172 8
195 322 20
70 1287 1
658 330 7
1247 952 33
563 912 2
759 1152 26
14 28 8
998 341 1
360 387 8
792 804 2
869 875 6
551 1156 7
528 558 2
1404 1214 0
1454 191 2
889 1030 2
372 1014 66
185 442 27
854 1491 7
880 670 2
592 381 50
363 1388 61
1017 102 2
289 804 2
717 866 36
867 216 2
614 934 5
1380 922 20
197 1581 8
70 241 2
294 1416 2
981 530 7
770 277 8
1533 1160 1
279 854 27
702 421 9
390 606 2
750 438 2
462 766 5
647 1457 8
871 183 8
854 54 2
1144 453 35
1200 908 8
267 1436 27
1404 209 2
730 1404 2
1183 891 7
70 173 2
166 569 2
592 412 5
1372 253 5
1540 1310 8
747 1388 7
607 684 2
1056 297 6
635 40 8
271 569 2
983 415 44
1394 259 27
643 502 8
420 102 8
505 326 8
294 32 8
993 961 35
1053 1258 2
244 1388 7
258 803 2
33 1041 2
865 54 8
562 286 15
838 627 8
28 716 8
360 796 2
1180 495 8
1287 458 33
814 1062 7
255 588 8
1402 47 8
347 1345 2
141 1511 9
819 112 8
1252 458 2
1143 80 7
140 330 8
456 1416 2
856 70 25
463 311 2
305 714 1
22 326 8
1391 1305 8
699 31 33
1120 667 27
551 519 2
1081 911 1
819 44 8
442 479 2
190 497 2
437 609 2
221 1161 7
98 883 2
653 512 2
1282 1371 30
1126 36 7
606 750 30
648 880 2
370 834 20
997 908 7
1304 846 6
555 545 2
920 890 14
1421 1389 7
535 1061 2
652 433 7
555 936 8
85 424 8
1125 21 8
316 453 7
416 21 2
437 932 8
66 829 2
406 1388 7
409 235 2
873 692 44
655 908 8
1082 1402 2
1209 306 7
627 561 7
1445 229 33
784 587 77
1250 1225 0
133 980 1
988 919 30
1354 445 0
707 1342 7
594 858 2
945 702 12
411 766 8
1110 453 35
565 1072 7
1448 723 30
941 1437 8
618 471 2
703 1581 8
1054 662 2
1177 1377 8
424 697 14
306 1118 5
981 481 9
830 229 2
795 1127 8
1502 360 2
454 593 2
122 707 2
229 831 2
1044 765 38
998 1578 5
1304 521 5
428 1439 16
900 1424 2
836 1371 30
364 80 8
1087 866 36
27 1448 30
1126 1128 7
854 338 5
424 81 0
1235 347 16
1355 512 2
1316 424 5
923 1 2
922 463 2
1338 1375 27
258 1360 30
761 913 1
563 857 2
337 159 27
1451 98 2
1039 114 8
21 471 8
506 1418 7
534 1567 2
1315 1093 52
1144 114 8
1210 1296 7
681 596 33
681 200 33
1003 31 33
76 1453 2
889 975 2
1444 1000 2
894 1295 2
217 75 3
617 1289 36
435 36 59
541 889 2
435 244 8
629 13 2
618 902 1
182 1283 2
641 114 8
70 1509 12
435 140 8
978 514 2
1439 216 2
618 233 27
1411 1075 1
1402 377 6
734 701 2
462 23 5
419 390 8
965 293 0
1281 627 6
499 591 2
201 474 75
504 911 2
809 258 30
995 1227 8
86 21 8
238 191 30
507 657 2
1281 1315 6
159 57 6
176 862 2
54 390 7
329 855 5
369 1169 2
369 773 2
271 514 2
843 569 2
1171 1418 7
1283 1292 33
1405 1122 2
594 175 2
611 205 2
370 1449 2
167 1581 8
1396 424 7
25 920 2
1008 1609 47
774 116 20
501 627 8
1081 765 19
819 1395 7
707 241 2
64 1500 30
514 167 8
360 741 2
348 1031 2
923 1093 2
594 107 2
770 810 15
1044 838 8
150 988 2
1259 766 7
713 36 33
253 63 8
464 258 2
577 369 2
1201 862 5
217 438 2
253 355 8
1258 1305 8
1117 1342 7
917 766 8
692 1004 8
435 1128 59
208 32 7
787 323 7
960 1292 30
424 1095 12
1044 1062 8
323 1563 7
692 1296 8
1239 102 8
1035 702 8
981 792 11
330 1583 8
98 94 7
347 1217 8
504 441 0
491 855 5
1080 1377 6
1126 377 7
322 662 2
367 311 35
1297 1447 1
759 1493 2
191 663 8
140 1315 5
531 674 2
102 3 8
737 1075 2
1081 1121 2
76 743 3
190 270 2
631 605 1
434 1126 14
894 148 2
1227 908 8
1498 1000 5
12 142 20
317 957 8
1283 1428 2
736 326 8
870 462 8
157 782 2
1176 372 1
603 1163 2
374 118 2
829 1309 2
747 1292 33
252 1035 27
1173 1355 2
913 824 6
1551 21 4
834 1187 7
1305 462 8
1436 852 8
739 265 8
23 974 2
499 1112 23
593 770 2
618 119 8
258 1376 2
32 1342 7
834 122 33
1055 1305 7
1296 102 8
489 1446 2
1173 1287 2
917 1129 7
1240 335 5
468 530 2
454 246 2
1382 565 7
1431 1280 5
367 614 7
552 1351 2
268 147 8
435 1199 7
256 437 8
362 627 8
702 300 7
476 1284 2
279 23 50
823 779 8
1519 330 8
1313 455 14
1328 1472 37
774 903 2
314 681 27
819 685 8
217 1358 2
1401 326 8
1374 1457 2
192 507 21
449 150 2
908 1389 7
432 133 1
228 774 2
552 1575 2
1202 855 5
437 890 2
430 654 2
102 704 2
457 216 2
942 750 30
1210 75 5
1001 1567 2
552 1191 12
875 1213 7
98 1118 7
1172 1578 5
1317 854 27
981 739 27
576 891 8
900 1296 8
919 297 8
416 662 2
1221 703 2
854 1381 7
736 252 6
1512 377 5
541 834 2
1209 551 7
804 39 8
437 817 8
437 1114 2
81 607 33
979 1495 2
530 558 2
1198 1405 2
951 1294 21
848 610 2
318 330 8
1103 437 8
1436 1553 2
880 533 3
880 492 2
269 454 2
862 1420 8
504 856 2
573 1388 1
45 21 2
1397 371 7
466 273 6
731 390 7
159 673 2
158 33 2
843 514 2
374 31 33
974 1500 30
594 120 2
1303 21 8
32 309 2
479 1388 7
829 722 33
698 1298 7
261 347 33
784 1384 77
21 429 2
102 1125 6
317 1314 5
1479 854 27
486 360 2
1502 933 2
681 513 26
867 1126 16
1500 359 2
118 848 7
812 28 2
32 241 2
594 47 8
31 902 44
557 592 2
1129 606 1
301 1421 77
558 818 2
1253 1292 33
1026 360 2
449 778 2
190 223 26
563 1138 2
1354 49 2
894 101 26
222 437 8
1391 507 8
981 95 6
442 1342 7
221 409 2
792 588 7
565 140 2
1230 1295 2
112 369 2
624 861 30
1315 1666 52
347 433 7
995 1243 7
168 865 6
1305 792 6
216 381 2
823 28 8
880 896 2
68 854 27
1337 1449 2
845 1504 57
1228 185 1
809 607 30
650 1106 2
641 692 2
305 577 2
1200 1161 7
1123 1305 8
248 660 5
753 770 2
981 273 11
69 569 2
1081 728 7
502 514 2
850 240 2
369 1450 2
934 489 1
993 1127 8
1085 695 13
154 981 2
1394 485 27
1179 1315 7
1537 83 8
471 499 21
829 83 6
162 1443 2
707 882 2
505 453 2
1174 442 2
514 808 8
61 326 8
252 980 27
683 1421 1
518 92 8
988 809 30
834 1132 7
720 813 8
154 913 2
590 766 7
1240 384 5
980 675 30
20 1181 7
154 908 8
240 309 2
297 139 3
913 1080 2
841 891 8
22 229 2
1173 452 12
143 766 8
1253 1428 2
102 46 6
605 357 2
335 854 27
190 1578 5
565 836 2
258 1238 71
774 556 2
265 56 30
558 1446 2
230 750 33
189 875 6
415 980 5
713 44 8
1102 1057 57
329 355 7
102 357 2
647 513 26
563 455 2
231 569 2
317 937 7
744 377 1
1104 209 1
623 685 6
1333 189 27
894 497 2
1005 1091 64
141 254 9
1391 1190 41
1221 648 2
647 677 2
635 530 1
191 1236 8
85 551 2
303 626 8
311 301 2
681 1128 8
531 1247 2
979 1148 2
1081 1153 52
1198 662 2
534 993 2
1563 908 8
1077 1496 53
31 1179 31
84 518 2
307 499 2
190 843 2
958 1032 7
273 889 2
35 1033 2
321 21 8
468 109 0
1303 1304 7
534 611 34
719 770 2
913 668 5
1552 167 8
252 336 6
980 1371 30
1415 1044 12
391 779 7
719 1161 8
262 905 2
784 709 77
514 1395 7
35 569 2
1183 330 7
706 252 6
1081 18 8
597 987 2
147 647 2
269 326 8
318 1315 5
382 711 7
713 745 2
475 889 2
549 1649 62
575 569 2
698 1243 7
498 114 8
1193 191 50
908 1342 7
1261 1388 7
1259 702 2
138 480 2
923 587 2
1251 702 12
1562 594 10
703 32 8
941 226 3
347 492 2
934 102 8
1258 507 8
265 976 30
1478 1354 2
125 21 8
558 367 2
438 1315 7
681 1491 7
152 1292 30
987 1168 2
1225 1550 48
1164 116 8
1230 1298 7
545 759 2
76 1283 2
369 961 31
1201 1500 2
1210 1418 7
185 217 27
880 841 2
1225 1482 48
893 777 2
1274 1490 5
1570 1583 8
27 191 30
524 981 2
409 739 27
779 808 8
306 1396 8
1022 588 8
872 311 2
872 707 2
993 848 8
1565 804 2
404 1457 2
643 1231 17
318 507 8
1075 1258 2
192 437 8
818 1289 36
419 908 8
326 1335 5
195 183 8
618 1393 2
234 1325 5
750 505 2
871 646 8
183 770 2
1194 330 8
1438 435 8
398 1135 2
369 661 7
607 1251 2
157 380 2
297 1125 8
707 535 2
48 736 2
603 365 2
1061 771 2
466 846 6
747 98 33
127 1161 7
1081 646 8
594 401 2
518 37 8
594 355 7
439 191 30
883 720 15
205 1374 77
1472 1057 57
1174 1075 2
20 834 7
279 1292 50
340 749 7
1343 908 5
463 258 2
618 743 3
145 894 2
262 154 2
514 685 8
999 323 77
1239 1567 1
750 830 30
348 1549 2
998 433 5
1176 626 8
829 730 8
627 342 9
476 486 2
1210 1344 5
219 681 27
820 766 8
849 216 30
742 265 15
80 1613 7
80 1217 7
62 384 5
978 311 31
458 116 7
560 766 7
1239 229 2
454 63 8
792 1161 7
1302 1578 5
823 987 71
189 880 33
1251 330 8
190 272 2
185 449 27
329 278 2
894 150 2
665 347 7
981 233 27
641 531 7
1500 861 30
1437 23 7
919 1500 30
854 165 2
551 855 5
1114 453 34
734 1451 2
623 936 8
500 1375 27
1295 891 7
39 297 6
1304 886 7
854 848 8
607 1483 2
155 1291 33
1330 229 29
262 517 1
162 1328 2
841 453 2
323 1095 5
1443 77 2
833 1075 2
1394 1058 27
503 160 2
1311 1315 7
259 779 6
388 920 2
489 1298 7
938 1075 2
941 46 6
35 514 2
252 1553 27
476 890 2
367 908 7
543 114 39
491 742 2
623 1213 19
102 851 30
27 1190 2
266 229 33
140 514 2
941 1212 8
703 1315 7
713 2 2
518 957 8
501 1377 8
1173 366 33
808 1315 7
713 393 8
779 1138 6
1114 1225 0
475 834 2
770 61 15
21 423 2
1503 424 8
157 1227 8
359 1404 2
1252 569 2
330 902 5
476 1114 2
398 485 30
834 75 8
457 510 2
470 208 2
976 1500 30
774 1525 2
829 47 8
814 533 3
1333 101 26
576 1581 8
326 1578 7
688 872 2
218 360 2
1037 626 8
454 300 2
922 238 2
1352 891 7
1137 702 8
750 1564 1
1340 1181 7
923 167 8
259 102 8
707 3 8
70 1398 7
707 341 3
420 603 6
442 882 2
147 574 41
801 920 9
563 1419 8
894 778 2
923 63 8
311 942 2
1232 390 48
238 32 8
36 926 15
664 988 2
1570 1236 8
768 1000 2
854 1549 2
172 80 7
1019 495 8
507 167 1
724 1106 1
750 1491 7
74 159 2
779 65 8
138 750 30
957 159 5
182 1454 2
315 1305 8
1136 47 8
398 460 2
391 633 1
277 1106 2
1439 382 8
1075 911 2
777 891 8
922 167 30
53 340 1
52 1298 7
941 1138 6
1084 160 33
900 39 8
734 768 2
200 453 2
1169 681 27
410 102 2
839 768 2
618 1338 2
888 761 15
55 1377 8
1537 1243 7
322 424 8
836 1449 2
839 1456 2
217 513 26
1376 428 1
1563 102 8
1314 611 34
731 908 7
860 1161 8
499 590 2
594 346 2
239 834 2
688 1469 47
862 59 59
329 958 5
729 428 19
1055 160 7
627 22 8
32 535 2
854 97 8
934 311 1
681 1070 5
205 923 77
33 365 2
20 779 7
1024 681 27
1271 297 2
1292 1307 14
360 516 2
390 1047 30
320 1327 6
348 806 2
502 437 30
536 893 30
707 704 2
160 861 30
981 833 20
464 33 2
32 462 8
941 65 8
464 424 8
73 681 21
464 325 2
491 961 35
900 516 2
1190 519 35
489 916 8
737 428 41
145 766 8
305 434 1
790 240 7
369 805 30
1104 1451 2
981 613 6
63 159 5
911 1377 8
795 47 8
809 437 30
325 1139 33
1333 789 2
424 1577 8
205 681 7
528 191 33
1474 216 2
641 476 7
297 1479 2
69 759 2
629 766 7
168 1402 2
1082 1190 2
514 419 2
979 350 2
681 726 8
1511 779 5
437 261 2
981 837 6
491 958 5
623 111 6
499 419 67
843 1436 2
913 831 30
829 377 6
1117 3 8
372 75 5
535 713 2
216 536 30
318 1333 80
399 453 2
300 265 7
900 1152 26
1291 796 7
303 52 8
466 1127 6
945 118 2
266 993 2
162 201 12
727 1291 33
1375 743 5
154 1161 7
31 883 2
603 938 2
1416 460 2
623 813 8
214 1000 5
707 1062 7
270 569 2
1405 1525 2
259 1161 7
160 794 44
255 1405 2
1350 1354 1
1370 995 1
55 626 8
880 1070 5
599 1581 8
1112 1465 5
584 681 38
1493 681 27
191 596 30
784 135 77
1355 1292 33
1232 751 1
1252 514 2
1328 1206 36
570 1377 8
218 409 2
1344 1075 57
217 1133 2
1148 1581 8
98 1299 2
672 325 2
159 75 8
919 437 2
1372 320 7
1075 381 30
995 1392 33
514 345 0
551 575 2
205 1377 7
666 879 74
750 1509 1
1251 512 2
324 531 2
323 259 7
1104 768 2
623 1203 6
385 1388 7
402 1418 7
627 690 1
1101 879 74
1040 114 8
1230 833 8
80 119 7
98 1185 7
409 1047 2
988 1338 2
641 1500 7
1455 240 2
1447 466 2
1080 865 6
1076 1496 53
905 80 8
292 681 27
281 900 27
76 417 2
657 531 33
633 136 6
1314 610 2
889 335 2
1497 727 5
416 369 2
409 233 27
824 1081 6
809 1567 1
992 1305 8
889 231 2
614 978 1
514 233 27
806 390 30
1402 493 6
1402 97 6
1075 856 2
1075 1252 2
1179 134 7
398 45 2
52 1243 7
489 850 6
191 597 44
23 1445 2
437 1282 30
157 1243 7
582 854 27
1421 3 8
626 661 2
512 697 2
160 877 2
1337 1126 55
784 935 77
153 1091 2
1552 685 8
53 258 2
252 231 27
382 249 7
607 349 2
729 28 8
729 424 8
945 31 33
729 325 2
362 1161 7
151 908 8
647 1124 30
252 127 27
256 908 8
522 21 8
702 1563 7
491 1310 8
374 98 33
20 770 2
468 1329 2
1494 304 7
707 357 2
259 60 2
1421 1335 5
479 1044 69
109 133 1
454 1337 2
904 993 84
19 21 8
829 270 3
923 808 8
703 159 2
311 1250 1
654 656 1
582 409 2
230 1500 33
563 1309 2
1117 1062 7
1549 1609 47
80 815 7
792 409 2
429 1181 7
551 1495 2
1225 808 7
1016 1428 75
889 1031 2
569 796 8
558 554 23
1474 229 2
981 220 11
347 942 2
347 546 2
614 899 5
435 92 59
286 622 1
3 891 8
1009 32 8
346 297 8
548 627 2
1333 833 8
880 1062 8
98 152 2
507 344 1
419 1161 7
327 1291 14
1223 369 2
304 80 7
159 140 5
1114 329 2
1333 1125 8
82 348 2
611 911 31
1512 1072 5
650 1173 2
555 210 2
852 1449 2
641 759 2
297 1028 2
614 1227 5
872 829 2
308 390 2
102 119 8
216 83 8
650 458 33
611 971 58
158 504 2
1081 841 2
292 1036 2
702 1489 5
1174 681 2
530 437 8
360 1005 36
462 1059 5
402 1396 8
1564 784 19
507 1396 8
297 1252 2
181 21 8
913 211 5
159 1076 2
1081 773 2
498 1333 2
1376 605 1
893 1224 30
255 662 2
750 1124 30
270 514 2
1061 562 23
530 265 8
380 834 2
1258 1388 7
590 879 2
730 21 8
390 1224 30
116 880 2
1382 681 7
923 1395 7
780 1354 1
1106 293 0
814 1396 8
909 1449 2
233 1377 8
118 278 2
891 0 1
424 772 16
900 693 2
908 817 7
217 1078 2
552 1003 2
1354 1140 2
216 492 2
758 1228 1
907 114 8
555 568 7
323 308 7
916 766 8
311 202 7
654 1549 2
1210 273 7
213 1388 7
1357 36 33
324 476 2
98 838 7
1106 1287 2
318 1388 7
1449 693 2
894 272 2
555 546 2
69 1436 2
289 1375 27
1120 98 8
1340 607 7
189 437 8
514 992 2
847 1315 7
750 1381 7
1120 390 8
555 833 8
306 147 8
190 722 2
75 1581 8
420 804 2
306 881 3
655 1305 8
514 1342 7
1210 497 7
252 1555 27
514 1284 2
404 208 2
1526 1578 7
424 83 8
524 60 2
829 619 27
618 540 2
1326 588 8
372 1418 7
252 111 6
1337 675 55
159 497 2
614 855 1
297 272 8
852 297 8
374 466 2
610 406 2
701 1375 27
727 512 2
265 817 8
508 1389 8
605 1224 2
1465 153 5
454 396 41
1287 491 2
54 424 8
1448 620 30
369 78 2
699 1443 2
1061 246 2
1313 1267 14
673 1449 2
697 770 2
21 545 2
119 875 6
1496 207 38
159 716 8
458 1376 2
459 1305 8
1505 102 8
834 197 8
470 726 2
101 480 2
834 139 3
1357 1087 2
449 206 2
866 61 15
1031 504 2
238 623 2
226 913 2
555 863 6
891 1316 1
922 464 2
865 412 5
1053 3 8
555 1242 2
125 588 8
449 498 2
939 489 8
551 1148 2
1242 829 2
323 936 7
1225 1325 48
193 681 57
423 504 2
923 685 8
643 1125 6
442 1062 7
76 1454 2
1050 743 5
1232 908 48
1553 1333 2
1291 899 5
189 1362 2
69 854 27
657 1500 33
1463 424 8
658 437 8
981 39 6
369 960 31
229 350 71
1177 1333 27
35 1436 2
880 840 2
871 129 8
880 881 3
1443 284 33
1215 134 7
321 424 8
759 793 8
1453 369 3
611 274 2
217 1070 5
390 844 2
958 667 27
360 991 37
297 905 2
382 1578 7
1000 278 9
154 409 2
647 92 8
45 369 2
159 729 2
1404 1439 33
1207 437 8
297 1296 8
603 140 2
611 206 2
227 913 1
253 1298 7
1545 265 8
499 1207 8
834 898 2
620 952 14
140 52 8
125 893 2
1240 104 5
922 1556 2
31 309 2
913 462 7
454 1176 7
913 1196 2
468 591 2
675 1340 2
941 291 8
531 596 30
476 261 2
1468 779 7
39 766 8
594 791 8
1176 297 8
464 551 2
1479 1033 2
925 191 33
552 236 12
98 163 7
805 1377 8
558 1562 2
670 614 7
329 517 2
361 102 8
737 893 30
1220 489 6
70 550 1
658 800 7
913 1024 2
995 1282 33
1247 466 2
981 735 6
1315 807 52
1003 952 33
1098 770 2
981 1510 2
643 46 6
774 500 2
774 104 2
1114 610 2
98 387 7
1304 833 7
750 684 2
81 1291 33
1106 452 12
138 1500 30
1209 320 7
1207 404 7
1496 158 40
834 223 26
1154 1315 5
1554 254 12
1447 160 33
557 893 50
306 92 8
190 271 2
534 713 2
162 1567 2
1304 765 7
861 468 2
1099 265 8
287 893 2
877 114 8
550 390 8
1136 338 5
1354 99 0
535 453 85
1458 531 30
833 908 7
784 137 77
655 390 8
704 1443 1
360 1392 7
1405 148 2
514 1156 8
721 804 27
652 704 35
594 1154 7
977 23 2
605 877 2
491 517 2
909 627 6
241 514 1
26 325 2
1448 273 30
1221 1335 5
618 808 8
85 941 41
297 149 8
470 739 2
1028 114 2
217 1381 7
923 15 2
240 1345 2
790 766 7
1139 1416 2
170 1616 71
268 44 8
29 259 8
245 1322 13
253 641 19
565 1184 2
450 499 2
499 1214 0
702 593 7
648 1230 2
301 398 77
698 936 8
810 326 8
774 1196 2
1355 62 2
454 471 2
489 63 8
317 1389 7
442 365 2
361 626 8
770 1214 7
445 507 2
607 1310 5
454 763 2
1161 90 8
314 409 2
604 750 30
1404 1105 0
834 1578 5
1561 656 2
627 812 1
667 54 8
409 1565 2
409 1169 2
241 1500 30
158 667 27
633 741 2
1081 1004 27
1117 1217 8
724 1173 1
133 1243 5
420 981 2
795 338 5
623 1298 7
922 338 30
1533 1447 1
1278 1561 1
285 551 2
49 62 2
504 857 2
768 702 8
980 114 8
863 21 7
880 51 7
1281 865 6
398 167 2
273 795 7
759 1035 2
1204 1581 8
503 563 2
704 468 1
191 1518 30
1193 1305 8
259 750 2
926 124 1
1391 854 27
1394 150 27
424 950 30
594 121 2
1176 23 2
1252 1436 2
253 1243 7
834 109 7
594 116 8
390 716 8
205 698 77
808 453 2
834 838 8
533 922 30
1496 488 38
1173 209 2
784 200 1
125 442 2
563 1166 1
340 469 7
454 1563 2
707 479 2
335 1333 2
1497 568 7
812 29 2
1379 610 2
1035 424 8
923 935 2
1035 325 2
453 873 2
1250 702 12
592 676 50
905 611 2
1355 702 12
672 1075 2
1240 355 7
913 677 2
80 937 7
849 624 30
1292 432 15
1333 272 2
812 347 14
607 1124 30
877 1443 2
869 667 27
185 565 27
1289 222 15
1329 920 2
779 1156 8
552 820 8
769 21 8
325 986 70
563 47 8
981 653 7
581 531 30
279 480 2
1394 513 26
1337 1377 8
329 53 35
504 739 27
1436 183 2
913 606 30
155 1388 7
479 1315 5
893 1518 30
159 223 26
834 1201 7
647 269 8
1497 581 1
1197 424 8
259 603 6
489 685 6
1458 476 30
841 569 2
707 883 2
1291 863 7
1394 778 27
1181 958 3
594 1145 2
835 216 2
784 374 77
374 952 33
703 1081 2
880 75 3
464 900 2
508 533 3
923 1631 2
618 65 8
565 905 2
978 102 30
154 1305 8
1000 293 0
929 1181 7
1163 588 8
896 614 1
1540 54 8
759 1491 5
998 293 66
1031 667 27
148 988 2
359 390 7
1399 424 8
800 1239 2
470 324 2
1304 412 5
795 1310 8
423 667 27
547 774 2
581 1230 2
774 849 2
931 21 8
681 910 2
1036 26 2
900 1310 8
458 568 7
555 840 2
449 533 3
491 53 35
1000 1287 2
551 350 2
70 727 1
142 112 8
1237 102 8
78 1230 2
1355 1291 33
1408 1431 57
301 275 77
894 498 2
316 603 6
654 464 2
706 611 35
1250 330 8
190 912 2
43 627 52
1106 1409 2
27 286 15
1436 833 7
650 424 2
409 1510 2
458 106 29
1437 1059 7
48 1488 2
466 1557 5
869 626 2
327 1126 14
211 1305 8
1230 936 8
148 1081 6
158 875 6
623 1243 7
654 292 2
720 1078 1
731 800 7
270 1436 2
404 726 2
396 347 16
865 936 7
1330 908 8
1303 1305 7
1562 458 33
618 1058 2
662 68 24
1458 1500 30
784 710 77
495 833 8
856 1305 8
117 624 30
909 908 6
1402 929 7
1496 501 38
268 789 8
945 98 33
311 919 30
507 663 59
1042 1075 2
237 1443 1
157 1324 39
601 518 7
449 500 2
455 1081 6
1494 79 7
1036 722 2
494 21 8
891 1214 1
150 191 2
449 792 2
348 526 2
907 1333 2
720 63 8
753 1388 6
255 33 2
311 1025 1
551 1396 7
814 881 3
579 888 2
1050 1481 19
255 424 8
1161 1127 8
218 766 7
1561 568 1
1357 2 2
3 734 8
432 311 1
70 1355 1
315 1388 7
563 980 2
420 1388 7
323 1058 7
437 1418 7
1357 890 33
334 326 8
979 739 27
900 168 2
221 647 2
552 833 8
662 762 2
995 1481 7
185 114 27
900 163 8
209 891 7
1338 829 2
1005 13 64
1215 32 7
398 912 2
317 228 8
191 158 8
1114 891 8
729 504 2
581 476 30
1497 215 5
1227 507 8
434 626 8
419 1305 8
777 32 8
623 210 2
499 1110 2
595 347 16
69 114 8
1051 91 1
183 766 8
166 1033 2
181 588 8
1085 245 13
1394 35 27
252 238 27
266 713 2
251 98 16
1284 952 33
177 98 8
514 363 2
635 108 8
271 1033 2
784 1630 77
841 514 2
162 993 2
834 1124 2
1196 21 8
1500 1001 2
522 424 8
32 883 2
1144 627 6
387 390 8
31 535 2
1380 1081 2
650 720 15
923 1216 2
913 1026 2
604 998 29
489 936 8
707 1052 2
914 1044 53
325 293 0
491 42 8
1181 393 8
1193 1315 5
941 855 3
517 31 14
238 1081 2
552 858 12
541 1609 47
774 461 1
282 1430 5
819 226 3
593 588 8
338 265 7
101 23 2
1251 1292 33
1000 572 2
1024 360 2
1358 1405 2
1503 21 8
993 338 5
507 1170 0
126 114 8
939 32 8
552 732 7
555 1077 2
85 565 2
1354 200 33
438 611 2
330 1310 8
98 613 7
437 1073 2
1570 213 8
347 75 3
779 1437 8
1446 952 33
409 1163 2
541 32 8
1209 442 7
1280 1507 5
437 312 8
581 1500 30
906 80 8
35 979 2
879 694 39
147 369 2
55 21 7
395 707 2
945 466 2
862 1207 8
452 754 5
500 707 2
297 47 8
503 453 2
362 531 2
148 941 2
514 264 23
703 1362 2
1061 89 2
253 54 1
285 76 8
268 384 3
625 424 8
1245 1057 57
446 1289 36
24 1126 33
823 1371 2
1172 1125 8
978 675 30
1367 667 27
834 40 8
468 1445 2
1139 191 16
1235 191 16
599 326 8
681 1213 7
454 765 2
524 160 30
1251 1428 2
753 1000 5
28 101 8
1162 21 8
563 701 2
340 359 7
923 137 2
598 32 8
1024 988 2
218 23 7
1436 412 5
819 808 8
1201 698 5
1047 574 44
563 1029 2
447 952 33
454 989 2
80 535 7
506 1153 6
555 1309 2
563 1420 8
999 382 7
1136 116 8
787 159 7
992 1388 7
297 1417 27
307 453 2
552 90 8
464 21 8
552 983 33
654 1037 2
1084 229 33
809 102 30
988 83 2
905 32 8
116 1190 55
62 742 2
552 22 8
118 960 35
1451 390 2
787 424 8
420 1161 7
1009 80 8
1156 1328 5
1050 1517 1
390 723 2
301 382 7
620 409 2
268 1097 7
1223 21 2
932 779 6
398 789 2
1087 1305 8
195 129 8
62 278 2
734 1457 2
309 390 2
292 360 2
1301 908 7
574 724 35
839 1457 2
597 1228 1
978 1371 30
944 611 2
1061 717 2
466 792 6
252 183 27
692 938 6
1405 898 2
33 1122 2
595 987 2
858 588 8
843 1033 2
784 1575 77
707 773 2
491 929 7
926 246 1
32 536 2
128 1375 27
834 1069 2
1500 550 2
246 80 7
233 1375 27
1322 31 14
1061 282 23
154 804 2
993 1015 36
1053 479 2
237 454 2
157 154 2
1154 1388 7
707 309 2
240 200 2
28 1125 8
1181 46 8
913 1367 2
1036 189 27
240 492 2
941 462 8
1497 1127 8
265 278 9
563 619 27
923 1156 8
932 102 8
1173 53 34
18 21 8
170 191 30
569 1212 8
588 213 8
1358 662 2
829 1458 20
698 83 8
719 720 15
592 1194 50
990 766 57
80 1122 6
401 611 35
23 51 30
1567 236 12
1225 125 48
530 1126 33
499 293 0
437 726 2
992 751 2
98 604 2
98 208 2
85 510 2
900 741 2
592 730 50
1000 25 2
1313 1418 7
809 1126 30
409 420 2
1304 608 7
937 908 5
1570 158 8
1215 605 7
1405 223 26
1008 32 8
1304 1296 7
191 1127 8
102 904 9
976 1585 2
191 1419 8
890 880 45
960 1106 1
1570 90 8
471 311 25
499 1287 2
611 1073 2
514 1016 12
647 104 2
502 1033 2
1394 1364 27
721 647 27
926 179 15
627 620 2
395 360 2
468 0 0
157 517 1
913 163 5
1352 70 35
626 722 2
667 1325 5
663 993 5
237 713 1
506 1396 8
489 1203 6
887 507 0
913 851 5
362 476 2
594 929 7
268 387 8
1328 546 35
565 1131 2
32 1456 2
610 855 3
55 627 8
355 603 6
1292 1144 44
662 991 5
810 133 1
1503 766 8
1158 390 8
1042 569 2
480 704 2
928 605 2
361 870 2
91 766 5
1354 1264 2
1382 633 7
9 118 1
102 1340 2
348 416 2
250 1305 8
688 526 2
1004 819 7
1076 1126 30
1381 326 8
449 322 2
774 1367 2
286 63 1
1036 148 2
1053 119 8
555 1358 2
692 97 8
1020 834 8
939 605 8
197 627 8
878 623 2
923 743 3
416 834 2
437 1349 8
190 1138 2
627 208 5
979 233 27
1132 21 8
633 183 1
654 586 2
1221 433 7
729 667 27
642 480 2
1098 458 33
647 1196 2
1131 1190 55
217 88 3
635 653 1
555 1577 8
424 1187 8
889 628 2
1188 891 7
1075 1045 53
620 458 2
498 1375 27
1179 531 7
1439 229 2
419 507 8
1541 879 2
199 114 8
1457 1500 30
23 1446 2
216 1457 30
390 663 8
52 1577 8
1313 1396 8
806 1371 30
1177 297 27
297 625 2
604 1000 2
996 21 8
563 338 5
543 191 14
1230 350 55
151 1305 8
592 848 7
371 1418 7
603 256 2
1162 766 8
274 1428 75
252 128 27
1363 293 0
1119 347 30
459 1388 7
707 322 2
637 610 75
313 1118 5
1314 453 34
32 877 2
1230 111 15
594 287 8
1188 98 50
336 627 6
1315 533 3
1304 1626 5
1188 390 50
125 217 2
205 1161 77
454 1338 2
454 942 2
21 497 2
1164 20 2
160 85 45
918 390 2
311 1251 1
586 504 2
586 900 2
385 1315 5
1171 139 3
1153 891 8
923 710 2
814 728 7
250 330 8
792 770 2
1161 957 8
766 1 6
565 672 2
592 451 50
449 1242 2
502 607 30
822 784 19
140 1500 5
76 1406 2
88 667 27
667 1437 59
592 279 50
1215 258 7
424 1523 8
875 598 7
205 627 7
797 102 8
409 365 2
301 627 7
519 784 2
565 309 30
1340 21 8
297 1029 2
300 325 2
908 112 19
1223 662 2
867 510 2
45 889 2
1075 739 27
951 95 21
297 1420 8
295 893 33
1402 1122 6
611 972 58
514 657 2
1215 190 7
77 766 8
1230 83 8
544 531 30
133 335 5
603 911 1
1304 485 7
737 692 2
1304 777 7
865 83 7
834 976 7
871 769 8
183 893 2
390 1583 8
1452 369 3
191 999 14
606 157 7
603 488 2
505 229 2
153 13 2
1520 80 7
643 796 8
1552 3 8
945 952 33
1036 101 26
1265 603 6
1500 831 2
162 888 23
784 149 77
1081 1457 8
988 877 30
1496 737 2
913 837 6
1516 774 2
1284 118 2
1225 1095 5
1129 1078 1
866 813 15
1246 1430 57
127 311 2
988 930 41
565 1076 2
1337 159 20
747 52 8
912 489 6
470 167 2
210 854 27
1404 53 34
713 226 3
1160 1305 8
223 347 2
240 377 2
899 76 7
1042 514 2
1030 804 2
1047 834 2
483 98 8
143 834 8
981 917 11
907 480 2
476 609 2
1000 0 0
95 1161 7
329 527 7
98 511 7
1371 1299 29
114 239 2
563 231 2
613 922 20
674 229 33
692 88 3
770 934 7
1460 574 2
692 42 8
442 39 7
539 707 2
442 773 2
437 903 2
1116 424 2
430 667 2
417 21 27
190 1479 2
1044 1029 40
1230 1076 2
226 114 2
1315 88 5
769 33 2
69 1333 2
1570 1127 8
880 281 2
541 555 2
1554 590 2
647 1141 2
1437 1230 7
881 507 2
650 491 2
1446 118 2
889 177 2
534 1061 2
841 1436 2
922 1176 15
1201 476 2
1210 1227 8
639 611 2
1402 43 6
1436 936 7
1570 663 8
880 213 2
1179 80 7
55 981 2
285 766 8
1129 719 15
510 1199 7
508 1062 8
266 1567 2
1536 908 7
876 114 8
483 70 1
933 936 7
1271 360 2
607 295 2
500 829 2
127 647 2
939 252 6
1171 1125 8
491 527 7
36 70 2
1164 1298 7
276 891 8
158 437 8
33 256 2
1036 497 2
701 707 2
470 1483 2
21 150 2
575 1033 2
595 908 8
713 808 8
1474 1554 2
707 199 2
102 1138 6
1106 1214 0
1250 118 2
231 1333 2
36 784 14
459 1161 7
931 424 8
217 104 2
28 259 8
464 216 2
563 859 2
435 502 59
917 437 2
922 757 2
796 390 8
1225 1326 48
681 2 2
1148 52 8
913 59 7
463 21 8
1044 728 8
795 42 8
306 1199 7
1253 52 8
792 647 2
1459 458 2
233 627 8
681 890 33
4 1126 14
551 1395 7
442 1396 8
306 1491 7
897 588 8
347 487 8
902 908 8
993 1102 37
191 947 44
1106 209 2
880 909 2
172 1333 2
1553 1230 2
273 1315 7
759 1555 2
1371 485 30
317 3 8
1402 338 5
879 165 2
759 1550 8
574 622 35
1193 1388 7
102 65 8
1090 751 2
922 1082 30
31 272 31
139 1449 2
1298 1388 7
437 147 8
611 671 2
913 722 30
163 770 2
544 476 30
287 558 2
470 1450 1
497 504 2
1053 1169 2
514 534 2
1053 1565 2
45 662 2
357 1357 2
1302 90 8
279 424 2
34 643 38
486 1173 2
21 1242 2
926 472 1
1394 498 27
180 1193 30
252 701 27
1144 506 6
336 908 6
591 1173 2
1173 637 12
695 1243 7
1262 920 2
582 759 2
52 83 8
255 900 2
543 428 41
486 458 33
565 625 2
558 81 10
591 458 33
259 675 33
563 1555 2
64 191 30
340 817 7
435 136 6
191 813 15
359 552 2
1382 627 7
912 453 2
674 993 2
702 362 7
447 80 7
108 692 2
1250 31 33
900 1035 2
192 603 6
688 416 2
390 938 6
908 763 7
596 50 14
98 852 7
217 1024 2
217 628 2
185 981 27
70 155 1
1136 929 7
919 369 3
1228 1290 1
70 447 1
1126 1072 8
744 494 1
216 730 2
311 49 1
185 913 27
880 1199 7
854 656 1
623 1077 2
779 1212 8
190 1028 2
424 97 8
880 1491 7
555 487 8
602 611 35
641 1333 2
544 1500 30
829 937 7
603 1525 2
639 160 2
923 1335 5
1221 296 8
256 681 27
437 485 30
1351 70 35
862 1086 8
618 882 2
154 1388 7
699 1561 2
271 1436 2
839 208 2
391 442 2
999 795 77
1173 1253 2
1196 424 8
382 140 7
127 988 2
784 1118 77
752 1305 8
829 1499 2
1288 330 8
508 881 3
1164 1243 7
586 667 27
728 21 8
702 1058 7
1 489 6
28 1583 8
20 323 7
701 360 2
171 80 8
71 1554 0
928 435 2
507 533 3
698 568 7
415 1397 5
1053 855 3
70 1247 1
368 382 8
563 872 2
340 530 7
126 1377 8
795 929 7
1377 1227 7
790 1059 7
1252 1033 2
442 1122 2
836 922 30
900 929 7
256 627 8
347 609 2
951 249 8
238 569 2
32 298 8
98 1084 7
1408 1618 5
575 514 2
698 833 8
449 147 8
449 881 3
1338 325 2
343 114 8
329 1392 7
1082 191 30
1563 1388 7
440 480 2
869 750 2
1035 21 8
979 1565 2
211 1388 7
323 778 7
102 1389 8
569 291 8
614 739 67
894 1242 2
1447 297 2
654 416 2
647 1026 2
74 623 2
557 1126 50
62 517 2
1297 266 1
289 988 2
958 681 27
1151 1225 0
1480 1554 0
856 1388 7
1436 1555 2
468 1214 0
530 893 33
1377 533 5
600 875 6
1436 1550 8
1304 83 7
281 458 2
618 1510 2
493 1305 6
265 1418 7
281 750 2
1315 139 3
1320 80 7
252 685 6
237 1567 1
847 114 7
62 741 2
157 497 2
317 172 8
154 647 2
1271 933 2
1459 624 30
718 702 12
506 147 8
555 513 26
162 713 2
170 32 8
506 881 3
494 437 8
286 1468 24
150 607 2
401 102 8
24 933 2
505 114 8
819 1342 7
627 90 8
20 555 7
381 60 44
1465 1415 5
805 1000 2
1129 1364 1
590 770 2
917 390 2
1197 21 8
592 1298 7
323 412 5
704 688 7
125 834 8
157 716 8
1500 653 2
565 502 2
217 677 2
1304 77 5
900 980 2
869 603 6
555 505 2
359 424 8
13 119 8
875 95 6
563 116 8
804 1321 8
978 1449 2
61 428 1
190 285 2
98 333 7
997 800 7
1332 491 1
1104 208 2
1092 102 2
933 392 36
1190 309 16
576 893 14
424 42 8
641 1377 8
238 1126 30
745 1448 2
140 1554 5
1214 32 7
291 879 2
761 437 8
325 980 3
1076 1436 2
1081 1418 7
879 1124 14
1424 32 7
894 90 8
960 1173 1
1541 21 8
728 908 7
667 412 5
360 638 27
1313 147 8
1404 637 12
619 1305 8
507 104 59
977 32 8
1271 1561 2
266 1061 2
712 1104 7
626 497 2
33 1525 2
890 720 15
297 163 8
24 1561 2
1283 160 33
1181 855 3
1036 223 26
923 1632 2
315 624 30
476 903 2
652 546 35
1041 514 2
1229 938 6
1567 758 1
1029 804 2
601 229 2
507 140 8
118 527 7
114 533 2
533 240 30
226 681 27
914 854 27
454 485 2
458 929 7
737 1588 41
266 611 34
18 424 8
265 973 9
453 41 58
341 405 2
118 63 7
1046 610 75
430 920 1
29 101 8
1367 114 2
648 297 6
265 642 30
555 1133 2
458 803 2
449 92 8
753 297 6
507 1518 0
1031 390 8
244 531 29
386 1430 5
541 453 2
551 1039 2
432 372 1
672 347 7
85 913 2
1210 792 7
1096 770 2
979 1510 2
370 987 41
512 389 36
388 1289 36
1230 568 7
190 1309 2
84 880 2
1570 957 8
1436 1568 2
36 258 31
1289 658 0
647 1367 2
728 875 6
300 1075 2
638 611 2
524 647 2
306 1062 8
499 1439 33
577 1609 47
197 626 8
1403 1305 6
1402 269 6
53 102 2
634 908 8
1179 702 7
1179 306 7
102 976 30
865 937 7
617 891 7
497 667 27
1548 435 8
502 229 2
270 1333 2
865 833 7
159 620 2
779 1118 5
784 1399 77
1042 1436 2
381 766 8
747 160 33
915 1000 1
1302 1583 8
506 92 8
1500 374 2
829 172 8
1181 1437 8
1448 1139 30
1079 893 30
1000 1214 0
32 944 2
1230 277 21
1000 1646 7
825 424 8
555 1491 7
1098 594 10
1122 854 27
852 750 30
551 233 27
29 1125 8
70 272 31
518 743 5
808 326 8
226 1036 2
234 355 8
20 1161 8
569 932 8
1225 1156 48
1172 910 5
98 54 7
1090 1289 36
218 1059 7
1321 489 6
338 326 7
880 1162 1
932 114 8
80 1279 7
742 607 5
796 908 8
1540 412 5
456 229 29
297 493 6
428 947 2
865 1138 52
80 1571 7
545 1053 2
166 1375 27
889 1495 2
1496 851 5
98 324 2
880 1135 2
667 1212 59
592 450 50
1087 1388 7
419 879 2
559 21 8
713 345 0
871 716 8
402 1199 7
867 681 2
1221 259 2
988 723 2
317 917 8
507 1199 7
981 599 7
205 1126 14
1554 425 2
981 1287 7
1069 470 1
1394 792 27
369 255 27
1562 491 2
843 1449 2
913 844 30
173 424 2
958 981 2
626 150 2
189 50 70
297 1419 8
262 620 2
1526 1054 7
31 604 2
489 1406 2
1173 1247 2
158 900 2
1275 1554 7
707 1121 2
267 102 7
191 781 30
488 662 2
626 833 8
814 1199 7
543 893 30
627 663 8
694 667 2
40 891 8
865 1335 5
594 1378 8
411 1315 5
170 607 30
479 1190 33
693 681 27
435 1137 2
928 424 8
240 152 2
142 1437 8
228 442 2
1483 1061 2
998 727 5
1374 1021 2
1399 766 8
1044 1213 7
673 889 2
382 341 3
325 685 6
909 829 2
240 840 2
1402 116 8
253 83 8
569 1169 2
1271 998 29
499 1105 0
588 957 8
312 610 2
1253 160 33
1567 572 2
1228 1120 1
633 1236 6
1245 1091 7
442 256 2
325 600 2
555 1078 2
449 37 8
692 213 8
677 262 2
643 273 6
979 1163 2
437 678 2
1210 737 7
382 1335 5
1533 718 1
307 514 2
1106 1355 2
1449 365 2
635 81 1
57 623 6
706 453 35
880 452 2
894 1127 8
625 667 27
182 1120 2
1080 1315 7
626 1242 2
398 126 2
489 1327 6
993 63 8
402 139 3
285 442 2
1287 1291 33
52 568 7
865 90 7
347 1070 5
23 1562 2
162 1371 33
381 28 2
1312 80 8
489 863 6
913 907 5
830 470 2
527 265 8
237 1061 1
1126 1456 30
1377 833 7
888 719 15
555 338 5
999 1313 77
499 355 8
729 437 8
1173 368 33
250 1388 7
143 1305 8
565 1479 2
1052 80 7
1377 1125 7
1058 766 8
167 626 8
118 808 7
834 0 7
209 70 35
1029 667 27
568 643 6
337 627 6
454 324 7
772 1462 77
1468 323 7
551 1342 7
900 1493 2
774 1423 2
221 369 2
438 1496 53
1456 555 2
369 539 30
923 1217 8
1224 1292 16
929 21 8
435 277 59
226 981 2
1131 252 2
108 626 8
769 900 2
1357 824 23
999 779 7
80 828 7
532 216 2
1114 118 2
1329 879 2
1351 891 7
552 388 2
569 855 3
1292 1204 30
362 50 71
1339 1181 7
56 191 16
634 779 6
116 588 8
889 648 2
1230 1479 2
383 1496 41
201 278 74
894 1364 2
221 588 8
880 684 2
295 1328 2
1264 1289 36
995 362 33
865 1578 7
1075 1227 7
616 834 2
118 961 35
191 104 8
867 626 2
770 296 2
1236 21 8
1156 933 5
1443 444 23
322 390 8
1341 21 8
981 882 2
53 675 2
531 803 2
192 681 2
829 43 6
854 167 8
1394 341 27
871 197 8
1388 850 6
216 598 30
713 992 2
1456 1500 30
616 662 2
592 863 6
850 424 2
53 607 2
252 1203 6
380 623 2
142 1163 2
635 54 8
271 979 2
784 1576 77
1506 1561 2
408 114 8
360 936 7
1394 273 27
252 872 27
626 90 8
923 1626 2
707 728 7
522 766 8
1526 936 8
1055 454 7
1174 626 2
800 568 7
1465 1245 5
829 986 70
923 1522 2
573 133 1
934 605 1
565 796 2
1172 47 8
1303 437 8
702 205 7
1383 435 7
575 1436 2
28 730 8
1240 172 5
98 463 31
468 367 2
834 251 33
53 1292 30
796 779 6
128 707 2
114 423 2
673 834 2
763 603 6
800 833 8
552 1084 2
228 1075 2
552 1480 2
1230 239 1
778 1230 2
778 834 2
667 936 7
800 1125 8
1398 21 8
438 229 2
424 1507 1
458 63 7
633 1623 1
1250 98 33
555 335 2
896 770 2
564 987 2
96 1161 7
286 568 15
681 796 8
551 241 2
555 726 8
317 433 7
194 551 2
27 1126 30
437 727 2
1093 297 6
1016 466 75
774 672 2
569 1437 8
858 146 5
146 441 0
98 559 7
170 252 6
1114 31 33
995 97 8
438 453 2
32 881 5
988 1004 2
980 1230 2
69 1449 2
325 122 33
69 1053 2
395 33 2
951 47 21
300 627 7
70 883 2
191 1420 8
1497 393 5
84 702 2
514 1396 8
530 390 8
252 1568 27
287 1357 2
216 830 30
1303 800 7
535 229 85
181 766 8
49 98 33
152 531 2
216 1518 30
1421 65 8
1552 59 8
468 293 0
922 432 15
1367 681 27
377 329 2
1047 1354 2
31 1131 7
329 1566 37
1284 466 2
917 865 6
565 1424 2
1448 737 30
115 908 1
470 136 6
929 908 7
269 114 8
720 22 8
737 52 8
279 160 50
458 805 2
1372 390 7
951 92 8
779 1418 7
454 315 2
1443 1397 0
899 424 7
916 891 8
28 47 8
981 874 5
468 1287 2
160 1578 5
320 938 6
1179 675 71
70 1314 1
1315 1279 52
1104 401 1
676 713 2
190 1166 1
324 893 2
301 862 77
1567 469 12
993 994 37
347 676 2
565 40 8
1567 1541 2
449 219 2
1117 728 7
206 889 2
1138 1581 8
1031 908 8
643 846 6
325 1523 7
565 206 54
442 1121 2
420 1221 2
569 462 8
1210 1310 7
1210 914 7
417 369 27
643 1138 6
512 1344 37
1230 1127 8
404 1021 2
1568 114 2
1230 1424 2
894 1309 2
941 1153 6
318 32 80
880 728 8
900 54 8
1322 1388 7
297 986 53
880 1025 2
398 803 2
995 307 33
1211 325 2
865 1127 7
891 90 8
317 119 8
799 80 8
699 1554 0
491 1566 37
1374 958 5
1446 466 2
503 320 6
151 879 2
499 1001 2
267 707 27
35 1449 2
1490 658 0
402 1062 8
160 833 7
762 102 8
98 573 15
1033 223 26
507 1062 8
867 102 8
48 232 2
498 702 8
268 958 3
843 979 2
33 672 2
393 504 2
145 458 2
21 1358 2
818 891 7
1271 1000 2
1394 218 27
870 973 9
925 1291 33
256 1161 7
531 781 30
808 229 2
361 1161 7
1561 88 5
337 1333 27
820 330 8
699 201 12
128 360 2
1137 908 7
945 52 8
558 1351 2
1403 21 7
1206 880 15
1166 1377 8
442 1187 7
551 1565 2
383 1500 30
796 1161 7
442 1525 2
240 438 2
506 636 20
1382 347 7
515 507 0
692 1482 8
730 1292 30
242 531 79
216 622 2
674 713 2
923 1399 2
1471 871 59
565 673 2
889 1393 2
1335 603 6
506 928 20
207 262 2
558 1283 2
1407 1388 61
185 409 27
551 1584 28
230 191 33
265 1392 30
905 1075 2
774 289 2
88 1436 7
190 1417 27
555 676 2
1126 63 7
770 307 7
641 829 2
779 1396 8
401 453 35
484 784 19
632 428 1
70 604 2
447 466 2
216 450 2
1098 491 2
311 206 2
1252 52 8
774 221 2
1000 367 2
1291 176 45
1333 1127 8
829 293 0
995 42 8
1570 104 8
1215 551 7
681 277 8
988 949 2
988 553 2
603 808 52
871 838 8
641 1053 2
1552 1342 7
186 766 7
23 513 30
531 1084 2
1554 255 2
291 654 2
514 274 12
1126 830 30
1497 338 5
1210 163 7
1570 36 8
1388 735 6
692 1184 6
623 729 2
720 622 1
102 519 30
502 979 2
1400 1570 7
1385 996 22
1394 914 27
820 594 1
26 114 2
1172 355 7
618 206 2
694 920 1
958 1161 7
1461 720 15
1421 1217 8
514 882 2
607 1271 2
306 37 8
440 201 10
1391 1449 2
841 1033 2
31 726 2
913 401 5
126 1375 27
1179 114 8
161 471 8
594 1213 2
1302 730 8
1502 491 2
675 272 31
231 1375 27
476 678 2
102 183 6
1214 1554 0
684 1315 7
702 778 7
390 1518 30
1156 875 2
470 460 2
220 894 2
951 37 8
1357 821 2
563 300 2
349 1106 2
1377 259 7
102 890 2
1372 627 7
1001 1357 2
340 250 7
790 779 7
665 981 2
217 1080 2
29 272 8
584 297 8
774 917 2
1053 65 8
552 942 33
434 779 6
563 128 2
1567 1090 2
1000 1355 2
442 436 7
206 834 2
528 1126 33
878 569 2
442 728 7
1439 347 2
146 1014 0
76 1120 2
1230 1077 2
880 678 2
766 318 2
396 191 16
894 957 8
1078 1375 27
170 1554 7
635 599 1
837 265 15
854 1395 7
309 453 2
1570 1420 8
360 392 36
1209 565 7
1200 588 8
873 987 44
817 1430 57
1177 707 27
406 80 7
626 1364 2
961 262 7
752 1388 7
503 265 6
1177 603 27
1402 336 6
702 412 5
513 1230 2
534 347 33
499 550 2
398 284 2
1405 857 2
1172 1420 8
318 201 80
713 590 2
458 338 5
495 568 7
544 1225 0
780 531 30
1404 113 2
369 836 2
1292 777 2
1380 297 2
830 988 2
770 1325 5
252 74 27
1405 393 2
608 80 7
457 702 2
568 1229 6
1313 873 14
390 833 8
1053 78 2
810 311 1
1252 1449 2
713 855 3
1481 607 7
704 1091 64
707 200 2
495 1125 8
1475 1496 12
1391 297 8
109 372 1
551 1510 2
546 865 6
442 1132 7
707 533 3
1082 607 30
323 1298 7
624 1047 30
1171 39 8
1035 437 8
32 646 8
922 758 2
808 398 2
1014 326 7
820 1315 5
1069 1291 30
258 344 30
641 774 2
435 462 7
80 1346 7
1481 454 33
1380 1230 20
447 114 8
763 804 2
1305 1243 7
880 910 2
986 1496 2
774 166 2
1230 97 8
1297 718 1
318 605 80
988 206 2
750 350 2
411 1388 7
172 1230 2
398 1376 2
681 222 8
1289 631 15
195 716 8
347 1282 30
891 663 8
961 499 1
297 929 7
842 1061 1
13 63 8
770 855 3
913 723 30
863 766 7
603 898 2
1455 1500 30
893 1239 30
1215 428 7
854 685 8
563 412 5
1085 313 13
1403 766 7
1537 97 8
157 1236 8
1397 1305 7
1496 1593 38
784 95 77
1497 1381 7
449 158 27
1402 63 8
1173 1314 2
476 727 2
667 1469 47
988 823 30
1402 355 8
449 1196 2
246 891 7
126 21 7
229 803 2
240 719 2
270 458 30
142 1212 8
28 852 8
1053 1389 8
681 699 2
772 317 77
891 307 1
609 114 8
31 697 14
340 1506 7
415 1062 5
723 766 8
790 770 2
338 437 7
1354 1447 2
471 626 8
634 1305 6
790 1161 8
325 1131 2
330 1550 8
836 191 30
270 390 30
193 360 57
576 626 8
563 177 2
774 1258 2
1421 135 5
265 362 30
1082 286 15
1421 1306 1
641 627 6
641 1402 2
773 829 2
1207 766 7
632 605 1
878 514 2
894 219 2
1328 808 7
607 1268 5
623 1078 2
1203 1081 6
190 1029 2
1546 1315 7
559 424 8
1304 1127 7
190 1420 8
1144 993 35
1404 1541 2
157 812 1
619 1388 7
581 880 30
873 382 8
395 551 2
869 347 2
391 470 1
626 1309 2
841 1377 8
176 834 2
941 183 6
1385 1569 22
319 1430 5
605 1239 2
270 1449 2
393 667 27
503 229 2
636 80 8
1518 80 7
905 1304 5
780 476 30
1540 471 8
662 1578 5
796 1305 6
391 834 8
31 1299 2
357 675 2
118 1102 37
486 491 2
390 90 8
591 491 2
569 638 27
1244 286 15
772 1305 77
476 1251 2
494 102 8
1044 677 38
1264 766 7
1570 338 5
713 462 8
978 347 30
582 369 2
713 363 2
357 607 2
922 83 2
1158 1305 8
575 979 2
159 663 8
28 273 8
361 993 2
125 504 2
1421 1227 5
712 114 8
1028 804 2
396 1448 30
524 624 30
1036 1131 2
1474 1500 2
1044 54 8
838 80 8
551 1455 2
774 1198 2
1161 848 8
1468 390 7
627 899 5
780 514 1
558 89 2
337 759 27
1045 551 40
1040 702 8
885 1394 27
849 720 15
432 428 1
1225 876 48
190 619 27
502 102 30
1564 764 2
681 824 23
297 1152 26
1309 1375 27
369 642 30
623 1327 6
804 298 8
614 1187 5
145 1315 5
258 501 71
1100 893 33
62 991 37
347 1220 14
160 777 2
1044 292 40
519 675 2
189 908 8
981 365 2
681 167 8
443 610 75
555 97 8
437 139 3
979 479 2
1405 1138 2
297 1207 8
875 462 8
761 102 8
508 1199 7
1124 70 35
1247 1554 0
834 1309 2
499 727 2
195 197 8
874 114 8
52 97 8
936 643 5
518 119 8
780 1500 30
1177 611 2
573 372 1
159 1364 2
142 938 2
1554 77 2
1537 88 3
33 898 2
498 829 2
606 48 7
31 324 2
1537 42 8
841 626 8
1004 1305 6
707 841 2
1015 265 15
1055 229 7
32 604 2
594 410 8
1101 1490 5
42 1581 8
1044 1597 38
914 1333 2
142 1162 2
449 1141 2
899 1570 7
449 1491 7
913 1097 7
1371 833 8
913 1039 2
1354 1100 2
457 1161 7
569 1384 8
531 1499 10
607 1194 30
624 1224 30
913 1389 7
1371 1125 8
836 240 30
891 855 48
774 911 2
424 1381 7
212 1496 2
1483 713 2
326 568 7
598 1126 30
856 1315 5
1297 1359 1
70 789 1
773 1375 27
1230 1235 33
555 798 2
216 676 2
507 1224 1
543 692 2
305 1232 2
614 1419 5
746 531 5
281 409 27
555 793 8
581 893 30
880 1483 2
1187 1421 1
46 1377 6
1333 1307 13
1436 108 1
906 265 8
535 558 2
178 489 6
1371 1455 30
631 913 1
409 488 2
633 1622 1
270 1375 27
1124 1500 30
1443 823 33
1404 1090 2
759 26 2
1547 1581 8
1328 685 7
62 1392 7
118 53 35
485 265 6
70 1008 7
76 249 8
403 265 8
173 480 2
768 21 8
1076 1333 2
1075 693 2
1533 266 1
493 623 6
1515 325 2
372 1310 7
626 498 2
387 766 7
1357 345 0
586 681 27
323 1109 5
485 489 6
148 662 2
368 1567 1
834 722 33
1052 1449 2
266 347 33
1548 32 8
228 875 6
1078 627 8
507 37 59
912 320 6
379 574 2
263 893 33
718 1292 33
1561 546 35
268 59 8
402 573 15
449 166 2
229 1376 2
702 1296 7
891 938 6
357 552 2
135 891 8
1503 834 8
1042 1033 2
907 311 2
309 926 15
442 672 2
440 98 2
913 18 7
1104 572 1
551 1062 7
556 1044 12
348 484 2
665 1161 7
226 409 2
1408 1564 5
1315 1346 52
923 937 8
458 1200 2
1126 917 7
49 594 10
218 770 2
917 369 3
1230 929 7
825 21 8
286 527 1
80 256 7
550 1106 2
667 366 2
89 908 7
1225 1217 48
1437 1129 7
555 1030 2
218 1161 8
854 233 27
80 548 7
85 1305 8
98 706 44
1093 1388 6
869 988 2
1553 829 2
880 112 2
21 704 25
600 611 35
491 412 5
627 1488 2
306 855 59
1313 1199 7
865 1298 7
1079 627 7
555 88 3
179 114 8
555 42 8
50 1045 2
50 649 2
1177 829 27
1224 369 3
747 229 33
877 1377 8
632 627 8
1184 1315 7
1333 1314 5
485 854 27
834 83 6
183 437 2
52 88 3
1312 32 8
466 163 1
750 167 8
810 605 1
1284 891 7
52 42 8
718 1428 2
495 1127 8
506 139 3
157 42 8
369 958 2
33 843 2
65 32 8
1177 1053 27
707 890 2
938 114 2
1526 1156 8
792 865 52
160 1047 30
1162 834 8
988 421 30
1405 911 2
1129 622 1
316 594 10
1230 179 15
699 360 2
586 1036 2
1160 62 2
565 178 7
468 1439 33
205 1333 77
565 516 2
1172 163 8
301 1333 77
829 35 23
195 856 20
418 476 30
271 626 8
1117 1199 7
434 1305 6
1031 988 2
1082 437 30
1497 848 8
880 1006 41
913 646 7
1164 83 8
193 1561 57
607 1139 30
506 703 20
783 424 2
880 1163 1
221 1405 2
220 369 2
592 915 50
592 519 50
80 884 7
341 114 8
774 460 2
1333 929 7
230 258 33
435 917 59
787 508 7
80 1572 7
13 65 8
23 64 30
325 661 2
993 1112 2
787 800 7
305 1177 2
552 1127 8
418 514 1
190 231 2
185 804 27
508 1070 5
1223 834 2
37 908 6
894 63 7
647 289 2
1332 770 2
297 1493 2
900 68 24
565 1152 26
159 938 6
252 1327 6
652 167 7
1207 588 7
70 999 2
1009 453 35
311 205 2
377 1428 2
291 424 8
1436 26 2
190 455 2
506 789 8
627 3 7
1394 689 27
268 1342 7
1313 139 3
618 39 7
1396 1305 7
623 1583 8
48 1031 2
23 831 2
189 102 8
913 280 5
497 627 2
1163 504 2
1302 213 8
707 1122 2
294 102 8
454 1047 16
784 321 77
1050 91 1
913 613 6
228 470 1
1056 1388 7
933 714 2
362 588 8
125 667 27
912 265 6
913 1342 7
988 1341 30
594 1379 8
804 638 27
574 1517 1
173 750 30
1158 507 8
304 201 10
1357 992 2
1330 453 30
1461 50 41
1567 600 1
939 102 8
25 21 8
1382 750 7
658 1388 7
552 1140 2
1483 1354 2
502 1371 30
563 763 2
18 766 8
1087 1315 5
29 47 8
1458 1190 2
1082 1567 1
272 159 20
1126 1200 2
643 462 57
882 1230 2
323 377 7
1137 265 8
258 1094 30
311 609 2
551 147 7
190 859 2
801 879 9
855 854 27
1415 565 57
1330 491 1
1190 883 16
1561 444 2
491 994 37
297 122 2
541 623 2
102 1282 30
290 1181 7
865 1243 7
468 1105 0
1282 1443 1
1177 774 27
1216 495 8
1402 111 6
996 102 8
139 889 2
1539 21 8
865 820 8
1080 1581 8
820 1388 7
494 893 33
618 959 7
618 1396 8
1397 160 7
599 893 33
603 206 54
855 409 2
1033 1418 2
1299 531 2
1408 310 2
1385 20 22
360 543 2
1172 1419 8
825 766 8
1333 1152 26
642 750 30
912 854 27
1472 565 57
335 829 2
417 1408 57
563 1391 2
13 1389 8
340 653 7
24 360 2
449 1031 2
371 139 3
681 739 27
454 955 2
80 856 6
598 326 8
1567 950 33
878 1436 2
442 1199 7
221 662 2
565 393 2
676 1061 2
301 1210 77
610 991 5
558 1003 2
217 172 2
1069 774 30
900 475 2
512 75 5
667 601 7
286 704 1
1333 1417 27
1245 13 7
641 607 7
189 1161 7
119 1402 55
1439 750 2
661 424 8
995 1119 33
1000 1439 33
294 1161 7
87 750 2
70 324 2
592 396 50
216 957 8
1069 880 1
1402 1203 6
1304 670 7
395 1405 2
258 51 30
894 54 2
1305 1310 7
995 158 8
166 360 2
217 787 8
770 338 3
306 1578 3
988 273 2
499 637 12
606 1554 1
750 417 2
297 1042 2
893 1403 14
1231 390 8
1401 1305 6
681 685 8
750 808 8
603 673 2
162 1404 2
721 21 27
41 920 7
594 709 2
829 336 6
21 277 21
1525 662 2
623 1236 8
470 1622 1
1204 102 8
138 1443 1
439 1291 30
45 834 2
607 699 2
698 1392 1
157 620 2
1437 588 8
395 21 8
618 322 2
145 514 2
1230 820 15
1173 401 2
514 602 2
1117 1070 5
1180 766 59
770 948 15
813 1315 7
1526 937 8
454 596 16
360 833 7
150 1126 2
252 769 27
988 598 30
594 199 7
1056 1374 8
938 979 2
1500 844 2
988 651 41
624 1518 30
699 933 2
1180 114 8
229 974 2
1037 311 2
28 1419 8
1483 611 2
322 489 6
760 817 5
1045 80 8
506 1380 20
476 726 2
907 201 2
674 1061 2
789 62 2
1145 52 8
686 766 8
217 1196 2
878 854 27
688 484 2
1008 102 8
324 558 2
1289 810 15
652 183 6
441 326 7
899 21 7
988 1073 2
555 1024 2
555 628 2
147 1292 16
1221 167 7
68 286 63
551 138 2
551 92 7
1563 770 2
421 424 2
506 1097 7
1304 1298 7
557 21 8
1570 848 8
281 70 2
530 360 2
674 611 34
189 60 2
1304 1194 7
759 648 2
565 950 30
510 1384 7
854 1156 8
1209 681 7
769 437 8
1303 1161 7
1416 823 2
1237 114 8
913 921 5
1225 1575 4
411 458 2
841 1449 2
1554 284 33
190 1419 8
382 276 7
402 39 8
305 281 55
759 179 8
1315 1578 3
1547 32 8
497 804 2
226 160 30
512 656 2
466 111 6
864 21 8
713 602 2
259 191 2
21 335 2
371 1125 8
300 1291 30
1028 647 2
994 1504 57
1081 104 2
325 1327 6
1 265 6
649 952 16
1041 1033 2
894 338 5
563 648 2
126 320 7
454 1004 2
325 863 6
454 608 2
223 988 2
1567 1226 12
442 898 2
36 114 8
457 750 2
430 751 1
216 1557 1
578 891 8
675 726 2
454 1296 2
1474 1567 2
524 348 41
1104 1090 1
1251 160 33
900 128 2
1479 23 2
592 117 50
32 1578 5
662 722 2
995 1482 8
1258 588 8
1136 63 8
435 119 59
551 1162 2
258 64 30
1136 355 8
76 1468 2
1114 952 33
1210 1207 7
417 662 27
1402 856 6
978 889 2
217 44 8
390 296 7
995 1310 8
1415 1430 57
681 384 3
1436 189 27
536 480 2
1443 366 33
524 770 2
98 205 14
1077 1375 27
45 555 2
759 1568 2
395 908 7
297 1086 8
1183 1315 7
406 428 7
745 888 2
506 387 8
406 720 7
1187 891 7
1163 667 27
754 487 8
1081 462 7
390 957 8
1081 1196 2
611 684 2
1174 1036 2
1247 1225 0
1461 489 15
854 743 3
698 958 5
380 569 2
750 685 8
347 830 30
784 1522 77
470 1125 6
862 471 8
297 1310 8
707 324 2
192 624 30
1139 1126 16
1394 219 27
360 824 2
22 531 2
1375 1125 7
695 568 7
1078 1377 8
926 485 1
721 190 27
158 390 8
476 447 2
688 1516 2
941 769 8
238 1333 2
652 1070 5
1495 662 2
563 1568 2
468 209 2
923 1400 2
893 1330 2
1454 555 2
148 424 8
614 1170 66
1171 387 8
1459 834 1
464 565 2
912 70 2
674 610 2
855 414 5
795 355 8
1152 891 8
610 1564 5
702 278 74
710 32 8
455 555 7
774 978 2
455 159 7
789 1291 33
1328 282 2
633 1127 6
555 177 2
1061 658 0
552 957 8
333 102 8
657 607 33
894 335 2
789 330 8
841 1375 27
531 1445 2
623 798 2
1333 1420 8
913 1139 30
762 804 2
1304 1243 7
894 231 2
1449 256 2
69 603 2
985 1496 2
1056 265 6
1547 1315 7
360 412 5
659 908 8
1221 377 8
979 882 2
291 551 2
873 652 44
632 1377 8
626 1029 2
404 167 2
795 412 5
508 728 8
988 1239 30
1009 611 35
900 412 5
860 390 8
1055 1388 7
681 345 0
171 265 8
533 480 30
468 1009 2
271 1449 2
978 531 30
240 1135 2
592 63 7
770 990 5
241 627 7
751 381 14
348 35 2
909 1416 2
1448 287 30
569 1418 7
1313 881 3
1460 50 41
1138 1496 53
834 270 3
391 952 30
170 1126 30
919 453 2
51 1292 30
470 852 8
346 1315 7
240 671 2
126 311 2
126 707 2
899 766 7
988 222 15
660 90 1
1054 1305 8
913 27 53
126 702 8
325 808 6
1036 455 2
652 824 6
866 3 62
672 191 7
1567 775 12
899 662 7
913 1396 7
442 843 2
160 418 30
446 891 7
770 1296 7
159 1491 5
29 273 8
552 1274 12
681 233 27
265 418 30
1359 512 2
1317 1333 27
98 805 7
1315 1121 52
894 1031 2
499 1578 5
507 1294 0
347 622 2
1035 102 8
1045 667 40
1404 1187 0
1333 619 27
647 1211 2
191 937 7
563 916 8
879 1606 2
57 1210 6
1014 32 8
1253 114 8
1022 98 8
1100 1328 2
1230 1078 2
369 362 30
818 70 35
894 859 2
1210 1548 7
610 417 5
1436 1298 7
530 933 2
176 692 41
978 1230 2
952 823 31
338 1448 30
158 681 27
317 65 8
647 1389 7
269 829 2
512 568 1
295 888 23
864 766 8
262 1002 1
1397 454 7
598 1567 1
495 929 7
528 390 8
658 1567 4
1552 1389 8
159 377 6
981 773 2
1179 770 7
623 88 3
127 1405 2
285 565 2
30 1075 2
841 23 2
702 705 5
503 1333 2
1314 31 33
147 785 2
623 42 8
159 584 53
698 1381 7
380 514 2
784 1467 77
707 269 2
1503 1305 8
1061 901 2
926 138 1
1400 424 7
916 770 22
127 1291 7
514 533 3
568 834 6
320 1184 6
536 750 30
1081 677 2
1230 338 5
491 1550 8
32 324 2
766 1578 5
1080 32 8
834 857 2
1176 32 8
819 1396 8
193 1404 57
173 1500 30
914 1053 2
558 901 2
1315 1542 5
1036 1479 2
555 1122 6
893 983 2
1468 347 1
675 903 2
675 1299 2
792 1405 2
912 114 8
338 102 7
1321 265 6
880 938 1
889 233 27
1190 704 35
1450 1044 53
774 235 2
610 1509 5
1044 416 40
185 647 27
1069 1292 30
1555 1044 53
314 759 2
344 369 3
1357 363 2
217 685 8
662 189 27
306 1097 7
681 291 8
1000 873 33
98 1401 44
624 1446 1
869 681 27
656 28 2
499 1247 2
1221 35 2
229 1401 71
1000 209 2
1304 792 7
941 138 35
1219 114 8
1447 998 29
862 820 8
437 149 8
1230 597 55
842 1354 1
1546 265 8
1416 421 2
1084 80 8
259 1081 6
614 139 1
1210 838 8
829 1337 2
732 611 2
158 698 7
1076 1449 2
158 1036 2
402 1578 3
48 806 2
1287 702 12
1106 53 34
23 606 2
913 55 5
873 1292 30
770 293 0
618 881 3
262 292 2
784 96 77
1383 626 7
127 258 2
240 684 2
1333 338 5
780 1225 0
330 412 5
162 347 33
1570 1314 5
229 1200 2
982 1059 5
1291 553 44
464 1305 8
126 360 2
596 21 8
390 484 9
106 480 2
94 770 2
454 206 2
704 13 64
681 992 2
572 614 7
1014 1315 7
1031 681 27
907 31 2
1253 1443 2
442 450 7
907 323 2
357 320 19
85 702 2
1458 627 7
423 681 27
552 200 33
819 249 8
903 1075 2
1000 1009 2
108 1377 8
1381 114 8
672 114 2
438 702 7
1404 1132 0
438 1436 2
326 1307 13
1225 541 48
68 1000 2
617 866 36
1221 685 7
13 1156 8
1357 264 23
375 1371 30
1019 297 8
789 512 2
74 854 27
369 307 30
1210 805 7
690 98 14
279 31 16
311 676 2
611 1511 58
1173 925 10
409 836 2
1304 1420 7
424 292 2
1436 1243 7
254 660 5
1315 1097 7
306 387 8
750 59 8
514 452 12
626 914 2
512 554 2
1540 936 8
1087 751 2
75 114 8
391 804 2
933 1243 7
22 1404 2
829 1523 7
759 743 3
1172 929 7
256 770 2
265 1125 8
854 3 8
1053 488 2
292 588 8
159 341 2
42 626 8
345 133 1
607 534 2
978 1500 30
102 1153 6
360 714 2
568 779 6
1119 531 30
923 670 2
605 1418 7
852 114 39
29 1310 8
594 471 8
1173 1124 33
1567 1003 1
218 894 2
265 1455 30
1505 702 8
25 424 8
335 1000 2
390 781 30
311 747 1
1354 77 2
547 1609 47
1036 1424 2
21 1077 2
323 848 7
85 1388 7
102 1418 7
792 662 2
347 903 2
1181 991 5
582 297 8
442 974 7
634 623 6
1230 1381 7
565 168 2
325 1045 33
1570 937 7
558 732 7
779 500 2
558 1070 2
1449 1525 2
415 686 7
881 1104 7
1021 369 3
199 311 2
623 584 53
258 794 71
774 112 2
610 990 5
1076 1375 27
913 737 30
168 1554 7
1172 855 5
641 652 2
1215 442 7
1144 311 35
244 1377 6
470 1127 6
246 70 35
1537 1381 7
69 889 2
191 172 8
986 681 38
1321 98 33
347 1124 30
730 1554 2
1044 8 5
1299 1106 2
1416 366 2
1061 1250 2
131 1497 67
952 1606 2
729 1305 8
626 231 2
1081 1026 2
829 111 6
616 1230 2
159 619 27
158 981 2
877 998 29
1303 240 7
518 808 8
1384 1315 7
28 929 7
1173 572 2
263 201 12
618 92 8
796 623 6
1526 1108 8
21 1481 2
364 1377 8
603 672 2
480 609 2
476 277 2
692 903 6
829 813 8
702 377 7
714 29 2
913 1062 7
804 1418 7
671 1567 1
581 569 2
1036 1364 2
922 1004 2
217 1039 2
699 1000 2
1146 80 7
879 543 1
1133 1375 27
662 101 26
143 330 8
223 531 2
160 301 14
907 372 2
638 1304 5
649 31 16
551 39 7
774 516 2
373 52 8
992 888 2
430 627 2
1450 1033 2
468 53 34
101 32 8
997 766 7
633 1295 1
635 266 1
1214 102 7
191 873 2
750 1342 7
152 624 30
442 269 2
770 1118 7
305 1525 2
614 109 5
555 1482 8
1317 759 27
552 753 23
1371 1456 30
170 320 6
800 338 5
69 829 2
1081 1384 7
880 173 2
829 1203 6
759 423 2
627 815 7
834 1127 6
147 1291 16
1328 686 7
1405 1417 27
518 1212 8
933 1415 37
393 681 27
454 1118 5
1538 1181 7
1375 881 5
1394 1141 27
852 159 2
138 1554 1
453 911 31
626 859 2
1476 437 30
420 588 8
270 707 2
485 1333 2
763 390 8
829 1176 7
273 453 2
620 191 2
514 742 23
437 724 30
370 1075 2
395 424 8
181 834 8
399 1305 14
297 66 2
601 253 7
1448 873 30
1302 957 8
1172 1207 8
784 669 77
484 512 84
592 685 7
64 1126 30
1526 75 3
124 1494 1
1033 1138 2
259 258 2
21 798 2
297 68 24
523 1000 5
476 1197 2
586 409 2
1173 381 33
1448 805 30
779 1153 6
33 148 2
279 624 50
458 873 2
563 423 2
340 81 7
80 284 6
126 829 2
1036 1077 2
1122 1230 2
555 1495 2
880 379 41
1210 384 5
231 829 2
489 663 8
1082 102 30
1364 662 2
1409 311 35
453 485 2
1371 47 8
372 139 3
324 1357 2
1003 1328 2
1069 98 30
1261 766 8
913 289 2
555 1381 7
1124 29 2
1357 837 23
879 125 2
265 938 52
489 631 15
452 424 8
92 102 2
305 154 2
84 1570 2
1307 875 6
557 424 8
1456 891 8
1533 1359 1
279 1053 27
52 1381 7
390 805 2
528 201 12
524 941 2
995 375 33
988 92 8
176 720 2
292 442 2
862 22 8
118 1015 36
297 762 2
730 1161 7
437 39 8
406 891 7
406 495 7
603 393 2
252 661 27
454 985 41
311 1282 30
86 1315 5
518 65 8
1409 614 7
159 914 2
54 1305 8
338 191 30
20 862 7
125 750 2
291 21 8
1259 1462 2
563 1515 2
729 390 8
618 37 8
1397 800 7
359 512 2
145 922 2
486 1357 2
21 1030 2
396 21 8
703 297 2
923 1639 2
1262 766 7
591 1357 2
577 623 2
282 489 15
800 919 2
218 1129 7
464 804 2
1056 734 8
581 514 2
1036 1309 2
922 949 2
922 1345 2
267 1496 55
575 1449 2
340 1001 7
998 393 5
1354 650 2
62 412 5
1082 1126 30
210 1333 2
790 323 7
692 1550 8
1181 1564 5
102 726 2
238 1436 2
391 31 30
988 595 41
889 1461 2
1337 1362 2
402 441 0
390 393 5
1133 21 7
698 97 8
994 627 12
343 1377 8
507 441 0
455 330 7
763 681 27
390 1122 6
563 63 8
208 114 7
305 741 1
305 782 2
1008 114 8
211 297 8
1463 1305 8
981 582 11
323 83 8
1496 411 40
563 355 8
1210 403 7
952 743 5
1499 1106 10
1227 766 8
69 774 2
1570 172 8
1106 637 12
321 1305 8
1421 728 7
647 244 7
404 406 2
1304 1310 7
507 1097 7
417 891 8
514 1122 2
1326 98 8
704 1404 1
750 1156 8
1200 28 8
833 1161 7
262 586 2
1000 53 34
444 489 15
148 297 6
1126 176 45
721 369 27
462 1129 5
76 487 8
258 942 2
627 296 7
854 808 8
273 398 2
829 56 33
216 1239 30
263 1554 2
126 258 2
480 890 2
601 594 7
1047 1075 2
140 1230 2
980 880 30
159 231 2
205 323 77
602 920 2
626 1127 8
24 1404 2
428 950 16
1447 1554 0
912 1333 2
118 812 2
917 1315 7
161 1227 8
1240 521 5
138 453 2
866 293 0
759 1335 5
455 297 6
1398 834 8
1442 1567 1
819 881 3
329 1002 2
1443 1514 0
555 373 6
1466 888 1
689 834 2
434 623 6
552 1491 7
899 437 7
915 480 2
348 430 2
795 1550 8
923 533 3
900 1550 8
369 601 30
1126 863 7
1567 1262 2
1003 201 12
894 1156 7
226 647 2
779 139 3
736 506 6
1561 909 2
551 882 2
681 1437 8
472 114 8
569 183 8
878 1033 2
216 376 3
1181 417 5
1230 848 8
877 1000 2
894 1030 2
1184 979 2
1210 1323 7
406 216 7
534 191 33
729 681 27
880 350 2
756 854 2
454 706 41
722 31 16
285 804 2
865 848 7
1333 116 8
981 256 2
83 766 8
661 21 8
381 390 2
1397 229 7
50 595 2
374 1000 2
1171 929 7
313 92 8
380 854 27
1075 1163 2
491 1002 2
252 210 27
402 387 8
1084 453 34
507 387 8
1174 360 2
658 1315 5
1401 506 6
713 274 12
159 859 2
366 1567 1
471 779 6
784 1638 77
33 393 2
392 390 8
162 605 2
21 1079 2
772 1532 77
1561 724 35
261 893 33
1383 507 2
142 1121 2
923 896 2
1044 1196 38
941 139 3
316 1315 6
565 66 2
449 298 7
908 318 2
917 574 2
238 1449 2
1535 988 20
1258 1405 2
133 355 7
591 191 33
228 449 2
998 338 5
211 1104 78
1084 1225 0
789 1388 7
253 90 8
1181 1509 5
1350 514 1
141 1191 9
1354 264 23
592 861 50
681 71 2
462 102 8
750 153 1
1250 160 33
900 471 8
698 42 8
495 338 5
787 454 7
995 724 33
681 462 8
1297 1250 1
1355 160 33
88 1053 7
681 363 2
344 98 8
690 952 14
558 622 34
614 1310 5
1227 424 2
546 32 8
531 873 2
889 1338 2
190 177 2
295 1371 33
998 936 7
1092 390 2
58 920 1
623 914 2
647 27 53
647 235 2
1405 619 27
951 109 21
765 265 8
182 335 2
1497 59 5
1552 1396 8
291 766 8
159 1555 2
1081 1252 2
729 1036 2
614 310 1
145 834 1
595 191 16
360 1298 7
759 805 33
377 891 6
655 588 8
514 1062 8
1394 1031 27
505 311 2
1405 1553 2
1407 920 2
505 702 8
1313 39 8
630 424 8
4 506 6
852 80 8
1085 1173 13
159 1482 8
1173 1090 2
368 1161 7
750 1139 30
485 759 2
933 264 2
565 986 53
552 338 5
524 1496 41
1035 1305 8
127 424 8
1225 1109 5
695 1307 13
127 325 2
889 272 20
28 1420 8
23 1001 2
1245 565 57
464 981 2
541 1304 5
1229 1122 6
667 1298 7
1029 988 2
813 1581 8
1033 272 2
1359 1292 33
126 31 2
270 922 30
470 869 2
314 1230 2
662 223 26
1377 272 7
454 273 2
800 1127 8
907 98 2
102 1299 2
1004 382 7
265 138 30
1317 1053 27
997 1388 7
1126 808 7
507 1451 1
507 1014 0
191 1099 2
1421 978 1
329 833 7
98 1213 7
80 147 7
344 330 8
374 1554 0
869 191 2
1209 750 7
910 32 8
681 264 23
98 597 44
792 33 2
1315 1169 52
369 519 31
1215 900 7
1080 1496 53
603 223 26
1001 191 33
872 229 2
347 269 8
1014 80 8
657 390 8
541 569 2
286 246 1
347 375 30
627 937 7
1306 908 7
226 229 30
646 114 8
1197 1305 8
1329 21 8
1184 1044 53
1463 1315 5
981 155 7
1402 57 6
706 506 6
620 21 2
999 1328 77
1099 627 8
454 187 41
829 1298 7
600 987 2
281 191 2
1398 751 1
613 626 8
1177 1362 2
237 1404 1
373 605 7
238 1375 27
226 453 30
309 784 14
300 1292 30
240 1483 2
118 1566 37
21 1024 2
495 1310 8
1383 114 7
1353 382 5
1081 59 7
631 21 8
228 667 27
1500 162 2
810 428 1
1133 998 7
138 688 7
506 370 20
337 603 27
302 201 10
449 289 2
1164 42 8
1258 662 2
840 1292 30
479 454 33
672 981 2
563 1337 2
449 581 2
340 599 7
454 959 7
514 1397 0
441 1315 7
179 489 15
880 501 41
1480 610 2
371 39 8
1565 834 2
347 678 2
1176 80 8
769 1161 7
323 1311 7
975 1567 1
504 293 0
98 284 2
808 114 8
139 988 30
657 1291 33
507 768 1
673 80 8
305 380 2
1455 891 8
779 1062 8
435 958 3
323 1243 7
633 792 6
552 726 8
919 1126 30
1129 1468 24
1565 662 2
880 631 2
1439 988 2
112 891 8
302 1173 7
1568 804 2
190 122 2
66 626 2
357 1292 30
981 1247 7
229 484 9
195 833 8
913 1200 30
854 433 7
285 667 27
62 936 7
527 908 8
1540 1298 7
195 1125 8
1409 908 7
50 1168 2
33 1138 2
1230 88 3
1503 1388 7
893 960 30
692 850 6
1230 42 8
729 981 2
980 80 8
1299 1173 2
32 844 2
290 21 8
1226 660 5
23 722 2
582 795 7
267 390 7
603 843 2
240 112 2
514 881 3
729 908 8
1388 1062 7
468 674 2
1047 569 2
577 453 2
1055 297 7
265 149 8
772 398 77
1044 166 38
428 1166 1
976 1126 30
565 1035 2
618 533 3
255 1305 8
470 126 2
125 804 2
879 714 1
913 1211 2
667 1243 7
913 769 7
228 626 2
1025 834 8
219 662 2
325 852 2
70 925 1
442 112 2
665 647 2
912 759 2
649 98 16
1354 837 23
491 1335 5
1224 160 16
1357 419 2
789 1292 33
519 1106 1
329 824 2
894 300 2
435 852 8
1447 347 33
1025 766 8
80 92 7
1316 428 1
652 462 7
57 875 6
1315 426 52
85 750 2
322 1388 7
981 1525 2
531 1446 2
370 428 41
1106 1247 2
311 58 7
1304 848 7
1201 607 2
190 1042 2
503 1375 27
1289 99 0
1304 1536 7
623 1482 8
956 1315 7
1209 627 7
869 360 2
33 223 26
626 1030 2
836 1075 2
21 513 26
641 1448 30
176 555 2
176 159 2
619 633 27
494 1161 7
1405 231 2
1075 365 2
1179 435 7
1036 1152 26
270 774 2
58 551 2
1281 252 6
522 1305 8
829 1243 7
618 500 2
913 53 30
880 167 8
601 424 7
1527 98 8
369 502 2
784 444 77
928 913 2
226 398 30
626 957 8
770 991 5
933 837 2
112 854 27
577 1081 2
1446 1554 0
1033 1309 2
1164 1303 2
928 908 8
491 824 2
1036 1417 27
453 970 58
1187 766 8
701 770 2
142 255 2
1160 98 33
819 1457 8
922 492 2
453 1016 2
1357 1407 2
692 743 3
1145 626 8
925 1126 33
643 1153 6
278 1609 47
41 667 14
569 769 8
855 229 30
86 1388 7
1031 360 2
1221 1079 2
563 813 8
993 656 2
514 1170 0
323 792 7
1210 1153 7
406 442 7
623 1381 7
922 421 30
528 360 2
1055 1315 5
503 627 6
499 236 12
926 719 15
395 900 2
1416 272 31
200 311 2
779 147 8
779 881 3
172 891 8
360 1415 37
514 269 2
1540 1243 7
1457 369 3
1304 97 7
377 489 6
447 1554 0
731 766 7
1394 233 27
158 409 2
191 1608 46
960 262 7
170 114 8
1313 1578 3
625 1305 8
154 369 2
152 191 2
1372 159 5
159 689 2
752 52 8
560 1178 5
1497 260 1
143 1388 7
33 911 2
565 584 53
392 908 8
1210 855 5
29 929 7
1259 1529 2
1047 514 2
1052 1230 2
1052 834 2
1035 804 2
32 716 8
841 692 19
1382 258 7
157 438 8
565 980 2
1359 98 33
593 390 8
592 88 3
468 155 2
1354 821 2
1354 425 2
435 95 6
795 743 3
607 915 30
1382 190 7
856 720 15
592 42 8
869 1081 6
439 819 7
325 459 7
64 1567 1
819 18 8
880 934 7
326 726 8
592 983 50
1404 109 0
74 1333 2
13 75 3
624 1447 1
869 1305 6
620 998 2
787 1305 8
1210 178 7
656 29 2
71 476 33
539 611 2
229 1006 71
76 335 2
1536 489 52
846 265 6
197 80 8
463 610 30
894 177 2
421 607 2
988 792 2
618 221 2
420 21 2
768 102 8
191 916 8
1274 146 5
642 32 8
303 702 8
713 718 10
455 476 30
1225 341 3
452 660 5
191 1307 14
84 480 65
485 1053 2
446 70 35
717 1448 2
926 1127 1
1043 1083 57
278 889 2
23 1003 2
1061 883 33
754 88 3
1183 114 7
1053 1418 7
518 1156 8
361 435 2
415 1132 5
30 325 2
126 325 2
535 1292 30
495 116 8
1283 611 34
468 1247 2
1035 995 1
554 1430 5
201 1285 5
909 1362 2
229 805 2
301 134 77
232 551 2
311 598 30
595 643 38
475 569 2
101 453 2
230 1126 33
696 390 8
613 1230 20
903 1436 2
908 1418 7
240 909 2
1082 551 82
1044 116 8
325 1133 2
442 393 2
447 713 2
560 1494 1
138 160 2
551 387 7
309 258 31
23 1224 30
551 1121 2
512 138 35
1359 62 2
800 42 8
453 205 2
894 581 2
958 414 5
311 1100 1
1253 229 33
238 627 8
933 1206 36
535 1371 2
190 1391 2
324 681 2
62 392 36
82 889 2
1137 437 8
1449 898 2
681 1212 8
80 269 7
217 3 8
311 1073 2
71 1500 33
787 330 8
416 623 2
998 88 1
437 1097 7
458 877 29
1540 568 7
420 1405 2
551 1439 14
854 1342 7
168 531 7
1436 848 7
880 125 2
286 472 1
409 1525 2
267 667 27
1303 1388 7
621 404 57
1436 1577 8
297 586 2
945 1000 2
722 98 16
619 21 2
618 1199 7
435 384 3
1411 981 1
618 1141 2
297 878 2
1179 320 7
1081 399 2
497 681 27
284 424 2
284 28 2
390 848 8
858 390 8
605 1487 7
750 226 3
1550 297 8
440 182 1
712 80 8
239 569 2
899 1304 7
907 1416 2
454 36 16
160 1456 30
923 1062 8
337 829 27
917 453 2
1039 33 2
522 1315 5
255 507 8
3 880 7
344 1315 7
1304 1415 5
1466 1687 1
390 782 30
320 1062 6
1039 424 8
1229 269 6
1039 325 2
234 833 8
974 1567 1
1082 1230 20
692 937 7
313 1259 32
234 1125 8
1225 1400 2
1292 1341 30
337 1053 27
1305 384 5
789 98 33
736 1305 6
1190 546 35
396 1126 16
1223 623 2
1297 1025 1
555 167 8
31 573 15
527 1161 7
1554 174 1
503 908 6
216 296 7
1087 1448 2
528 933 2
720 186 1
623 689 2
1009 114 8
1044 586 40
292 894 2
894 122 2
834 937 7
300 114 2
1328 59 7
1401 1081 6
636 1075 2
874 80 8
54 1388 7
318 1532 80
157 464 2
979 773 2
514 446 2
1054 854 27
626 628 2
157 756 2
437 387 8
1076 265 7
729 1161 7
55 142 2
1500 1084 2
1077 829 2
834 1499 2
27 1592 38
1313 205 14
1129 568 15
707 843 2
85 1315 5
1282 468 1
638 265 8
718 466 2
1032 902 1
770 193 5
22 258 2
1500 620 2
707 1135 2
363 908 7
961 1500 30
1036 619 27
213 1377 6
1172 116 8
122 626 2
800 929 7
1166 854 39
1337 286 15
350 891 8
253 957 8
135 265 8
912 1053 2
565 1553 2
438 424 7
262 206 39
1036 54 2
1274 920 74
1122 603 2
1304 732 5
1253 993 2
274 466 75
1228 1598 1
1377 47 7
454 881 3
1463 1388 7
692 341 3
442 0 7
1567 666 12
325 1078 2
770 1187 7
102 678 2
551 728 7
433 770 2
265 309 30
1040 21 8
1106 1541 2
819 533 3
230 607 33
1161 63 8
980 1075 2
1253 611 34
581 1581 8
321 1388 7
1203 1388 6
1000 1247 2
139 531 30
1003 993 2
159 1314 5
118 519 35
286 485 1
657 1126 33
889 138 2
543 1377 8
420 662 2
850 1315 7
1156 491 5
1210 355 7
311 622 2
692 1335 5
65 1500 7
190 872 2
863 1305 7
168 476 7
191 108 44
1570 916 8
1080 979 2
1217 114 8
865 568 7
982 265 8
1128 507 8
747 610 2
466 1517 5
647 1321 8
398 536 2
541 1126 14
1548 102 8
1402 228 6
787 1315 5
739 476 2
411 922 2
1179 265 7
504 762 2
721 1405 27
1490 99 0
518 1437 8
601 988 2
784 670 77
261 1328 2
893 761 15
830 880 2
1240 937 5
1313 1125 14
97 779 6
1171 1310 8
457 594 2
360 264 2
357 1305 8
750 272 31
565 1493 2
239 514 2
702 1298 7
543 1588 41
337 774 27
1567 949 1
25 766 8
135 1581 8
364 627 8
699 21 8
28 116 8
1566 766 57
125 347 2
1421 1070 5
340 374 7
769 603 6
322 854 27
1161 3 8
923 881 3
323 1482 7
792 900 2
368 1305 14
792 504 2
878 1449 2
751 904 58
217 289 2
1232 766 48
834 1491 5
707 485 30
176 987 41
435 291 59
774 126 2
662 848 7
759 1120 2
995 1550 8
424 1330 2
512 88 5
541 1436 2
951 1208 21
995 840 33
1290 1430 57
417 834 27
981 334 7
1537 1395 7
216 287 2
463 102 8
795 1335 5
552 793 8
692 519 35
763 988 2
168 1500 7
1313 1097 7
555 44 8
360 1245 37
428 961 35
74 759 2
292 834 8
45 623 2
369 1424 2
982 1581 8
730 1500 2
543 626 8
706 1305 6
620 424 2
159 937 7
253 1557 1
618 1004 27
1400 323 7
499 1070 2
829 57 6
1416 604 2
1416 208 2
834 377 6
623 957 8
505 31 2
35 311 2
1181 197 8
866 719 15
32 136 6
40 626 8
720 787 8
1033 1417 27
601 1570 7
380 1033 2
142 1177 2
573 611 1
369 1252 2
31 167 2
1181 129 8
24 1173 2
913 1054 2
631 424 8
923 1640 2
442 223 26
391 390 8
263 888 23
941 149 8
624 1239 30
1382 880 7
464 409 2
1061 309 33
931 1305 8
796 880 2
125 1371 2
435 321 6
713 18 8
440 1416 2
1357 274 12
787 870 7
913 882 2
558 309 33
454 92 8
454 51 7
754 658 0
383 258 30
569 1227 8
1548 1161 7
552 1098 2
770 1132 7
216 983 2
862 958 48
763 1305 6
819 140 8
878 32 7
633 903 6
662 1418 2
1106 1090 2
681 419 2
1304 1087 7
894 471 2
1284 1225 0
854 909 1
286 138 1
1120 297 8
1225 432 48
555 1037 2
362 692 71
311 671 2
979 1122 2
641 1581 8
1336 766 7
1210 300 7
627 411 2
190 916 8
1221 158 2
421 437 2
195 1236 8
650 329 2
1404 1329 2
157 1037 2
535 311 85
833 766 7
162 1357 2
922 222 15
1537 685 8
1461 531 30
1489 1408 1
176 330 2
926 957 1
721 662 27
1084 891 8
880 384 3
1047 1436 2
1035 1388 7
382 393 7
161 1004 8
875 18 8
1313 387 8
912 627 6
261 201 12
852 32 8
492 893 2
118 994 37
784 907 77
114 1133 2
22 1181 7
463 1161 7
256 588 8
702 1243 7
900 1578 7
951 502 8
774 1450 2
949 453 35
1036 231 2
813 326 8
899 834 7
563 661 2
555 1395 7
442 911 2
468 1296 8
1363 732 7
1497 63 8
1315 1293 52
101 611 2
923 92 8
311 534 1
417 159 27
852 258 30
1164 90 8
322 1190 33
453 723 2
98 1607 2
894 1495 2
347 393 8
424 983 2
372 39 8
438 1221 7
565 54 8
530 1173 2
897 390 8
662 1131 2
976 1567 1
311 903 2
32 485 30
1197 1388 7
614 287 5
530 458 33
80 65 22
1292 270 5
1461 114 39
503 506 6
1210 928 7
168 320 6
279 603 27
273 320 6
627 1389 7
620 437 2
1338 437 8
391 681 27
398 421 2
891 104 8
1160 594 10
618 1367 2
191 63 8
620 369 2
1061 745 2
514 39 8
1196 1305 8
1179 442 7
1399 1388 7
631 437 8
839 1021 2
369 905 2
819 1199 7
470 846 6
1047 1402 44
186 21 8
1554 1514 0
359 62 2
158 507 8
360 837 2
718 160 33
923 793 2
565 651 53
914 829 2
671 1161 7
350 390 2
695 1310 8
1335 1081 6
1177 326 8
1120 1230 2
1250 229 33
879 434 1
1228 1196 1
1355 229 33
563 1243 7
458 90 7
265 139 3
923 1116 8
428 1255 2
334 1328 2
913 1223 2
127 21 8
42 311 50
994 766 57
1145 114 8
894 1389 7
645 1000 1
540 1333 2
812 893 14
238 1377 8
552 36 33
880 284 16
258 985 71
1180 1554 0
650 1315 7
988 739 2
750 883 2
920 301 19
189 1059 7
551 200 2
555 685 8
1454 891 8
1443 1046 12
643 230 17
53 1388 7
84 437 2
1215 565 7
720 704 1
464 1292 14
722 952 16
372 104 5
611 1101 2
409 672 2
399 1375 27
1209 347 7
531 1098 2
986 804 38
1317 80 8
1076 829 2
572 311 35
76 37 8
1436 661 2
1173 775 12
988 960 30
162 191 33
266 558 2
350 31 16
241 713 1
618 616 2
255 1388 7
855 1500 30
494 888 23
507 101 8
23 674 2
920 684 1
1061 950 33
599 888 23
1028 21 2
662 1415 5
359 702 12
159 172 8
1162 98 8
415 1199 5
552 1447 2
1162 390 8
1035 1161 7
479 834 2
341 320 7
702 792 7
205 201 77
453 840 2
1304 958 5
928 565 2
533 70 31
934 21 8
919 70 2
449 350 2
563 314 2
1377 273 7
454 670 2
922 212 2
20 390 8
359 1305 8
13 1396 8
546 688 7
1004 779 7
1044 183 8
652 837 6
323 684 7
442 856 2
330 1578 7
610 1517 5
923 37 8
692 813 8
569 139 3
347 384 3
919 398 2
61 913 1
512 1475 37
409 1076 2
894 648 2
931 1315 5
325 485 33
300 1036 2
502 265 15
141 801 9
80 440 7
317 1457 8
878 979 2
626 338 5
551 1120 2
1553 325 2
951 1098 21
1444 681 2
634 770 2
607 272 31
515 499 1
1104 1021 2
1533 1250 1
1201 1305 7
522 1388 7
267 442 27
424 459 8
1404 1226 12
1417 854 27
1081 739 27
305 1324 39
1547 102 8
871 273 8
618 974 7
398 366 2
1177 325 27
1179 491 7
435 1325 5
1540 1004 8
1537 1550 8
491 1298 7
871 101 8
454 1168 41
1033 619 27
338 1567 1
978 880 30
475 1436 2
317 1118 5
195 420 20
592 808 7
252 88 27
340 1064 7
186 1178 5
551 88 5
543 880 15
574 93 1
506 277 8
707 678 2
772 1374 77
1497 808 8
905 1375 27
18 1305 8
31 706 44
442 1214 7
238 707 2
157 158 8
449 978 2
320 837 6
438 1570 7
449 582 2
890 1354 2
1573 1220 1
217 479 2
796 770 2
298 779 6
983 258 31
596 60 44
359 330 8
334 201 12
228 390 8
265 958 5
1232 1388 48
654 909 1
804 1227 8
1333 471 2
323 1307 13
900 26 2
1184 1430 57
330 936 8
217 411 2
900 813 8
360 1206 36
880 992 2
592 307 50
1567 129 2
441 1581 8
1228 677 1
1017 424 2
759 1242 2
988 684 2
880 1342 7
555 239 2
981 898 2
74 1053 2
1316 489 1
1443 368 33
862 384 48
600 1305 6
146 386 1
988 220 2
625 1388 7
1103 1161 8
1570 63 8
535 390 8
72 114 8
611 1046 2
730 1388 7
862 1125 59
502 1402 2
62 833 7
273 854 27
1053 1252 2
514 617 2
847 1377 8
1554 214 2
403 102 8
1230 1006 55
216 1548 5
1259 1315 7
1394 581 27
623 787 8
777 114 8
1436 210 2
285 98 8
384 507 2
114 1004 27
602 879 2
499 1583 8
642 80 8
23 723 2
285 390 8
934 913 1
627 916 8
1458 607 30
154 1405 2
380 759 2
825 1305 8
849 114 39
784 505 77
1497 1395 7
772 795 77
907 216 2
1371 929 7
388 766 8
552 1100 2
814 1384 7
1196 1315 5
1354 853 12
1075 68 24
710 102 8
63 829 5
232 667 2
1009 325 1
470 127 2
1304 215 5
990 1075 57
581 1033 2
265 152 30
341 603 2
80 1327 6
563 259 2
1428 1507 5
852 286 15
753 891 6
787 1388 7
1187 1225 0
311 528 1
688 35 2
1152 1581 8
551 841 2
774 980 2
814 384 3
734 958 5
1317 603 27
98 867 7
98 471 7
102 1578 3
839 958 5
438 819 7
98 763 7
544 1581 8
635 334 1
1503 1315 5
681 932 8
981 1480 7
639 347 2
31 61 15
627 200 1
766 1583 8
1436 568 7
880 241 2
454 597 41
1297 49 1
627 1279 7
489 824 6
1404 775 12
395 565 2
541 114 8
470 1439 16
117 531 30
52 1550 8
106 750 30
852 326 8
655 766 8
514 1199 7
641 32 8
503 707 2
1075 762 2
503 311 2
159 43 6
872 102 8
403 626 8
804 101 26
855 369 2
503 702 8
977 102 8
63 21 8
628 424 8
390 172 8
1527 495 8
261 1161 7
928 518 2
829 867 33
157 1482 8
607 255 2
369 399 2
928 1305 8
145 70 2
150 390 2
457 369 2
320 850 6
945 229 33
434 1210 6
1377 1310 7
1129 63 1
907 1532 2
1291 902 44
624 782 30
1090 70 35
688 690 1
819 1062 8
1478 1554 2
1304 1135 5
235 1333 2
1075 983 30
454 847 2
555 1184 6
1359 118 2
1497 685 8
142 543 8
1354 486 2
334 1126 33
1040 424 8
457 588 8
455 607 30
784 959 7
112 514 2
1292 1457 30
981 136 6
1570 1054 7
1221 1080 2
667 97 7
258 187 71
217 59 8
1438 766 7
1225 1578 48
1454 98 2
769 981 2
1210 1550 7
25 866 36
119 1190 55
102 139 3
1443 248 12
790 424 8
330 813 8
880 869 2
912 1554 0
190 63 8
849 159 2
1554 823 33
390 873 2
702 1067 5
32 83 6
1077 325 2
936 829 5
190 355 8
704 552 1
46 770 22
62 824 2
284 480 2
611 481 58
98 451 30
33 980 2
938 647 2
603 857 2
1210 108 8
1383 360 7
1400 390 7
360 1131 2
252 729 27
627 178 2
912 1377 6
428 960 35
154 662 2
1177 229 2
607 883 2
259 662 2
689 1315 7
592 1381 7
24 552 2
713 742 23
795 433 7
468 236 12
240 350 2
1104 958 5
988 782 30
258 606 2
922 1121 2
1567 41 1
217 1052 2
28 1207 8
438 1375 27
1354 718 2
102 106 2
359 507 8
1354 1114 2
681 274 12
1207 23 5
325 798 2
1496 255 40
588 341 3
219 504 2
800 1310 8
18 1315 5
1230 757 2
681 590 2
1304 384 5
936 21 8
533 667 27
1221 59 7
305 517 1
454 533 3
779 1578 3
1137 102 8
183 891 6
70 844 2
1173 683 0
190 300 2
1230 293 2
1402 1327 6
976 1443 2
1210 471 7
433 21 8
499 1541 2
1295 1033 2
156 491 1
409 898 2
409 502 2
588 1335 5
1304 1086 7
1080 320 6
32 1399 6
278 854 2
945 1061 2
979 1121 2
557 750 50
36 1354 2
1078 21 8
627 806 2
138 1567 1
408 891 8
311 375 30
902 1225 5
395 442 2
43 734 7
856 297 8
1180 702 8
1413 80 8
1296 424 8
662 1245 5
14 499 1
252 584 53
85 574 41
377 118 2
435 792 6
142 269 2
1494 223 7
551 461 1
852 495 8
476 1314 2
360 83 8
1526 88 3
216 1517 1
766 501 5
1030 1405 2
271 80 8
138 229 2
454 522 7
945 611 34
605 1125 8
1106 1187 0
453 274 2
852 893 30
876 1059 5
217 1342 7
490 21 8
1036 798 2
489 92 8
922 438 2
555 837 6
572 908 7
900 189 27
1402 606 35
595 21 8
913 78 2
551 1122 2
409 223 26
454 792 2
695 97 8
774 1553 2
1210 1563 7
1104 919 2
995 937 7
553 574 2
880 590 2
667 42 7
1135 21 8
647 1450 2
979 1525 2
584 551 40
1439 191 2
177 1230 2
1237 702 8
369 1417 27
1403 1388 6
981 450 7
867 428 2
880 126 2
306 1437 8
1545 1181 7
910 611 35
1179 681 7
880 855 3
1211 114 2
1404 129 2
1304 403 7
1054 1333 2
592 373 6
867 360 2
1476 390 30
381 458 2
1142 779 5
284 29 2
252 778 27
159 1391 2
241 1567 1
265 1419 8
831 1126 2
1416 324 2
834 97 6
1119 893 30
1129 704 1
510 462 8
317 1344 5
1561 341 5
36 311 2
729 507 8
33 857 2
899 1305 7
1061 1140 2
988 761 15
836 265 8
720 881 3
454 1150 7
265 40 8
530 594 10
369 1073 30
913 728 7
1164 957 8
1479 611 2
238 829 2
720 1267 15
170 390 30
905 1036 2
51 160 30
551 1004 27
558 1140 2
518 1118 5
769 1388 7
532 750 2
546 1443 1
184 734 57
13 147 8
442 399 2
106 23 2
900 148 2
1029 360 2
774 78 2
438 21 7
662 1138 2
650 1428 2
69 563 2
1228 502 7
303 325 2
1289 939 15
673 891 8
1552 1199 7
190 641 2
1230 238 2
133 193 5
981 974 7
1449 148 2
1210 20 7
728 603 6
441 32 8
317 932 8
1221 269 8
1328 690 2
647 298 8
152 437 2
847 770 7
862 663 8
603 930 53
133 521 5
603 1138 2
945 610 2
380 1449 2
870 1125 8
750 983 30
1537 743 3
631 507 7
1295 514 2
33 1553 2
1510 1375 27
1076 954 7
168 114 8
1075 256 2
508 958 3
216 960 30
889 116 20
1458 437 30
854 1217 8
931 1388 7
549 655 62
933 436 2
808 627 6
1540 83 8
1448 539 30
240 1027 2
457 1570 2
455 98 16
480 903 2
362 607 2
228 880 1
626 848 8
1233 880 1
265 272 8
125 681 27
760 1246 5
268 18 8
774 878 2
531 1094 30
1505 21 8
722 330 8
118 91 7
1044 185 38
301 372 77
900 1298 7
361 605 2
349 499 2
1228 1599 1
240 855 2
489 37 8
546 468 1
692 296 8
903 1377 8
514 441 0
454 737 2
1474 1404 2
695 42 8
440 453 2
744 699 1
311 650 1
518 75 5
1404 683 0
190 1337 2
453 443 2
1415 647 57
1069 160 30
543 987 2
176 652 41
302 681 7
80 215 7
323 391 7
1283 1225 0
719 489 6
189 588 8
524 675 2
140 607 5
311 973 7
1210 648 7
35 626 1
1570 917 8
1533 1025 1
642 611 2
837 875 6
267 217 27
880 462 8
1570 813 8
1536 766 7
195 273 8
292 504 2
1183 360 7
406 265 7
371 929 7
415 562 8
160 1072 8
159 648 2
62 714 2
369 693 2
873 1305 14
31 1607 2
599 1371 33
503 829 2
507 108 8
499 730 8
385 766 8
390 1086 8
369 625 2
27 514 38
577 854 27
160 999 14
392 507 8
307 750 30
162 326 2
480 1135 2
1459 1292 16
900 101 26
1061 397 2
988 810 15
360 661 2
159 872 2
595 766 8
806 920 1
1377 1536 7
265 1296 8
1500 334 2
1526 719 8
510 47 8
720 92 8
747 453 34
255 458 2
454 1491 7
574 597 2
754 99 0
462 1161 7
627 1207 5
558 397 2
1479 160 2
238 774 2
905 981 2
1449 101 26
489 269 8
266 265 8
988 541 82
998 59 5
334 360 2
489 957 8
995 513 33
451 70 2
770 109 7
1251 229 33
907 1581 8
774 127 2
800 116 8
902 766 8
834 1458 20
905 908 8
1223 569 2
415 971 2
1404 0 0
893 1099 2
153 1504 57
635 1480 1
820 720 15
183 489 6
541 1333 2
1061 99 0
1098 329 2
281 21 27
620 889 2
1196 1388 7
623 239 2
1081 1041 2
229 501 71
988 391 2
766 730 8
1215 681 7
349 1225 0
69 435 8
618 112 2
543 627 8
581 437 30
840 1371 2
1173 109 0
1090 891 7
707 857 2
478 1315 7
497 654 2
380 998 2
834 757 2
831 627 12
437 1499 10
926 622 1
627 341 3
917 320 6
1055 829 7
360 1243 7
95 865 52
126 216 2
449 739 27
923 1199 7
594 650 8
1047 1033 2
912 311 2
483 297 8
695 929 7
1000 90 57
56 311 30
1155 32 8
941 838 8
329 1245 37
1037 33 2
1163 98 8
1034 183 2
1037 325 2
217 882 2
341 774 2
301 317 77
555 39 6
900 1243 7
1163 390 8
782 889 2
71 286 15
438 662 7
779 1097 7
122 504 2
689 495 8
323 112 7
1140 888 23
447 1000 2
1305 958 5
85 594 2
435 1384 8
551 616 2
480 485 30
420 297 6
666 920 74
330 1298 7
506 846 6
1317 774 27
328 1161 8
1315 562 52
900 820 8
222 21 8
192 1081 6
577 1230 20
774 1047 2
388 866 36
37 875 6
409 796 2
722 1315 5
713 1397 0
1225 37 48
1449 393 2
23 1047 30
535 1554 2
1554 789 2
291 751 1
1411 252 1
1536 320 52
415 242 7
416 514 2
311 1205 64
84 785 2
485 865 6
623 1555 2
302 558 7
424 179 8
1554 366 33
623 1550 8
1338 102 8
780 437 30
833 1059 7
750 581 3
1317 32 8
1403 1210 6
1547 114 8
706 623 6
168 692 2
686 1315 7
256 662 2
503 774 2
754 269 8
382 686 7
241 1061 1
309 114 8
1172 1550 8
987 622 35
599 360 2
1054 759 2
636 265 8
1028 369 2
1000 1187 0
33 455 2
891 850 6
555 735 6
53 330 8
1556 70 35
707 106 2
834 35 23
1110 1494 1
359 1388 7
923 562 2
1494 741 7
454 1086 2
464 1388 7
316 1377 6
106 1000 2
1081 1325 5
442 934 7
1193 98 50
565 128 2
814 855 3
588 1217 8
540 1375 27
1467 62 1
1304 910 5
563 1058 2
1193 390 50
53 624 30
647 911 1
1375 47 7
442 912 2
784 46 7
1354 261 2
804 259 8
514 1014 0
259 424 8
552 119 8
569 149 8
408 382 5
978 1075 2
1251 611 34
667 606 2
559 1305 8
791 102 2
518 1418 7
581 52 8
189 770 2
1223 514 2
779 387 8
759 1358 2
614 976 5
277 1428 2
406 510 7
620 834 2
880 1040 2
565 1491 5
12 922 20
531 831 2
499 1084 2
390 269 6
980 265 8
178 29 2
1075 1525 2
738 770 2
850 160 2
45 569 2
1329 766 8
810 913 1
627 1008 39
1552 1062 8
98 948 15
607 726 2
544 607 30
360 568 7
620 662 2
514 728 8
41 879 7
1163 681 27
692 863 6
18 1388 7
1404 579 2
930 1594 38
178 347 14
917 265 6
1117 341 5
369 1198 2
592 1156 7
1259 1305 2
1229 856 6
1500 907 2
707 1026 2
323 958 5
741 1126 14
941 433 3
712 891 8
508 384 3
1045 662 38
817 891 8
720 957 8
3 607 7
464 647 2
387 588 8
205 779 7
217 1223 2
558 1262 2
1338 1161 7
334 933 2
558 1274 12
770 728 2
575 80 8
907 160 2
1371 1310 8
912 480 2
595 889 40
867 191 16
258 986 71
330 1243 7
230 102 33
300 409 2
1292 899 5
681 657 2
1542 1181 7
902 28 8
69 1081 2
23 596 30
292 667 27
76 502 8
190 763 2
1050 88 5
865 167 7
1394 1393 27
980 1581 8
1544 21 8
652 1578 3
604 1567 1
1002 31 14
518 1396 8
297 26 2
507 71 2
157 937 7
729 1388 7
1207 1161 8
825 1388 7
862 1577 8
1540 377 8
926 903 1
503 31 2
923 1070 5
1254 1315 5
263 458 33
707 1384 7
1551 514 4
1302 813 8
399 707 2
1385 1303 22
929 603 6
893 1608 46
1515 114 2
582 1581 8
311 104 35
888 658 0
533 98 30
485 1449 2
22 1173 2
581 1449 2
235 829 2
646 1554 0
116 1315 7
195 85 20
917 854 27
760 1472 5
268 244 8
829 22 8
167 531 8
491 936 8
588 433 7
32 106 2
917 1554 7
101 229 2
29 355 8
592 1455 50
814 462 8
226 662 2
1036 177 2
1357 452 12
1008 325 1
334 1561 2
1391 80 8
546 252 6
442 857 2
85 1225 7
744 925 1
770 1310 7
369 152 30
1497 743 3
437 1378 8
592 844 30
369 840 30
1554 1046 12
1221 462 7
92 750 2
416 759 2
667 838 59
265 724 30
1247 1581 8
80 45 7
894 1337 2
185 33 27
536 611 2
303 1075 2
1008 1377 8
998 260 1
76 1135 2
1314 1328 2
1562 1428 2
1533 1251 1
634 766 8
306 1212 8
829 1327 6
1050 658 0
1333 63 8
265 929 7
255 1315 5
1087 888 2
983 574 44
1341 390 8
722 1033 2
269 551 2
1536 1388 7
1333 355 8
273 1333 2
1304 178 7
395 913 2
834 336 6
1406 770 2
1459 531 30
1265 1315 6
45 514 2
784 1257 77
1177 618 27
928 1388 7
1230 379 55
1061 1087 2
150 514 2
1497 49 1
600 506 6
81 1225 0
382 863 7
350 952 16
717 891 7
599 933 2
157 232 2
470 792 6
1044 1503 38
455 952 16
1230 432 15
698 1395 7
449 1047 2
922 909 2
1185 114 8
1053 1578 3
1388 728 7
348 677 2
1485 1000 2
923 739 2
594 149 2
239 1033 2
323 1381 7
449 233 27
506 664 20
282 1057 5
70 485 30
122 667 27
1183 1500 29
310 340 62
565 701 2
234 568 7
1398 98 8
1340 1388 7
238 954 7
1117 1384 7
1036 1493 2
796 766 8
1449 223 26
240 101 8
22 21 8
31 772 14
31 813 15
913 1169 2
913 773 2
558 200 33
718 265 15
311 1557 12
70 591 1
185 369 27
528 1173 2
592 704 50
1252 80 8
476 1499 10
662 1309 2
997 603 7
1500 781 30
398 1459 2
528 458 33
1316 531 2
869 1405 2
1315 92 52
718 489 15
552 916 8
311 11 64
190 416 2
176 1554 7
1324 889 2
195 1127 8
1081 1163 2
1405 1568 2
647 78 2
977 1443 2
559 1315 5
1221 3 7
499 942 33
435 293 0
1394 582 27
913 533 5
514 910 2
444 1057 5
485 774 2
411 70 2
306 65 8
483 159 1
500 626 2
399 360 2
30 114 2
1282 1000 1
1141 875 6
329 1206 36
252 1077 27
913 825 5
445 1225 0
102 375 30
1500 1152 2
258 730 2
599 1561 2
865 377 8
1448 22 30
618 166 2
550 1225 0
241 654 7
366 476 2
713 214 2
701 504 2
1173 1329 2
480 678 2
468 572 2
1259 275 2
602 766 7
565 641 2
591 1126 33
265 47 8
912 829 2
144 297 8
994 1408 57
688 104 2
698 685 8
1053 139 3
673 1075 2
329 848 7
454 220 2
922 158 2
258 1451 30
755 1408 1
1140 1126 33
23 1341 30
814 47 8
489 104 8
625 1315 5
1357 742 23
1292 830 30
499 1187 0
1230 808 8
569 39 8
978 569 2
218 504 2
191 942 2
570 265 8
194 688 2
633 111 6
108 80 8
1003 1061 2
449 119 8
1561 697 2
908 139 3
1443 401 2
491 1206 36
628 667 27
1314 201 12
514 1314 2
442 1125 8
1282 1404 1
1210 1215 7
291 1305 8
906 627 8
1337 102 8
424 743 3
854 1396 8
977 468 2
759 487 8
69 1581 8
618 1258 2
504 898 2
862 47 59
48 1516 2
1054 1449 2
1054 1053 2
151 888 2
1459 476 30
403 627 8
1292 863 7
159 423 2
1100 888 23
1177 563 27
603 230 2
1003 611 34
252 498 27
514 823 33
228 1305 6
770 573 15
506 291 8
772 1388 77
1174 252 2
653 1225 0
163 390 8
369 796 2
1448 942 30
713 446 2
80 88 5
360 436 2
125 191 2
157 172 8
142 221 2
454 916 2
524 311 30
523 1465 5
160 781 30
800 68 2
1138 1161 7
1466 1408 1
1052 891 8
1357 1409 2
688 1024 2
932 21 8
917 70 2
905 360 2
800 355 8
737 348 41
1481 1496 69
286 957 1
240 46 8
893 942 2
279 1567 1
719 1315 5
552 246 2
102 167 2
442 1384 7
998 505 1
1230 1395 7
307 1000 2
258 584 71
1355 453 34
1230 1337 2
610 384 5
1001 1126 33
555 226 3
993 554 2
74 603 2
872 804 2
651 681 38
1316 476 2
1239 21 8
297 1295 2
1315 37 52
62 1243 7
306 1389 8
979 166 2
1390 1328 1
1291 844 31
557 191 50
297 189 27
702 1068 5
1304 459 7
1304 63 7
281 1230 2
861 558 2
1544 1181 7
555 112 8
172 1581 8
652 384 3
736 21 8
48 145 2
833 252 2
1053 1198 2
647 18 8
277 1581 8
157 436 1
544 437 30
279 453 2
1061 1264 2
1076 382 7
1533 49 1
401 879 2
114 513 26
1173 666 12
1500 805 2
52 112 8
252 1418 27
594 848 7
988 851 30
871 1491 5
300 160 30
707 856 2
21 1495 2
707 1252 2
303 1304 5
903 1375 27
923 1312 2
27 987 2
661 603 6
565 586 2
115 70 1
51 216 30
702 391 7
652 622 35
256 424 8
565 878 2
581 979 2
905 988 2
77 1289 36
1442 1404 1
98 485 7
1371 877 29
361 424 8
1401 21 8
913 1450 2
1567 771 2
23 598 30
442 455 2
765 588 7
85 369 2
1354 1407 2
102 399 2
563 497 2
61 908 1
763 1081 6
228 819 7
588 296 8
649 1496 2
170 506 6
437 877 2
1333 1337 2
325 1482 8
499 1132 0
438 707 2
98 709 7
307 713 2
416 854 27
1304 1155 7
507 1239 1
641 1362 2
988 1212 7
652 1097 7
555 808 8
258 1224 30
744 747 1
303 627 7
1324 774 2
1056 865 6
13 772 19
1336 834 7
133 937 5
1497 1335 5
926 1197 1
1394 1223 27
1561 282 2
95 21 8
102 724 30
865 685 7
865 726 8
627 433 7
35 1075 2
1403 297 6
647 646 8
140 1075 2
252 1358 27
415 282 8
148 1044 69
512 909 2
34 1592 38
554 720 15
382 65 7
1180 891 59
1405 762 2
1287 466 2
662 1246 5
115 766 1
297 179 8
1037 504 2
1421 147 8
932 908 7
297 471 8
402 948 15
1036 471 2
1526 147 8
377 114 8
371 1310 8
468 1541 2
340 163 7
1025 702 12
114 863 7
1036 763 2
707 173 2
359 98 33
1233 21 1
1373 766 7
834 172 8
923 728 8
24 558 2
1140 1371 33
31 597 44
688 677 2
582 32 8
187 952 16
265 726 30
926 37 7
702 1311 7
894 902 1
217 78 2
142 197 8
917 114 8
894 233 27
847 1554 0
1228 344 1
698 1550 8
770 1536 7
1031 766 8
563 729 2
23 1518 30
56 98 16
814 958 3
193 552 57
569 716 8
1223 854 27
417 623 27
789 160 33
1487 80 8
42 480 51
62 1415 37
189 941 2
192 552 2
796 588 8
1418 1375 27
759 1133 2
865 1381 7
66 1375 27
541 1449 2
981 393 2
624 266 1
1377 958 5
102 39 8
406 681 7
216 3 8
159 685 6
880 815 2
531 606 2
298 908 8
318 510 80
616 569 2
507 925 2
1082 987 2
737 611 2
618 1097 7
1404 818 2
973 551 2
32 321 6
518 147 8
89 1289 36
369 1041 2
1081 693 2
259 297 6
265 1420 8
1230 501 55
592 1395 7
926 446 1
829 553 2
53 702 2
61 21 8
838 908 8
252 279 27
470 272 31
701 667 27
713 727 2
142 502 2
32 1419 8
922 1135 2
1458 102 30
31 284 2
1053 1367 2
449 1565 2
449 1169 2
1283 891 8
1036 1391 2
804 1131 2
1375 1310 7
1130 70 1
1354 452 12
1329 866 36
913 1125 7
912 31 2
923 1257 2
852 1126 30
247 1581 8
840 98 14
321 627 52
491 83 8
605 47 8
1025 1291 33
1106 109 0
508 1325 5
774 543 2
234 1127 8
455 458 2
849 258 30
1321 865 6
468 97 8
449 1393 2
533 681 27
1374 701 2
563 150 2
401 311 35
673 569 2
1025 330 8
45 893 30
778 569 2
216 704 2
952 533 5
900 545 2
634 1210 6
795 936 8
907 326 8
774 475 2
297 101 26
190 314 2
1050 479 19
438 360 2
900 936 8
1315 282 52
997 829 7
909 1291 14
995 296 8
226 33 2
409 516 2
603 1062 52
555 362 2
650 118 2
1211 1161 7
543 652 2
736 667 2
454 37 8
315 369 3
531 942 2
357 1315 5
281 369 27
652 646 7
323 97 8
1554 1197 2
1278 512 1
894 119 8
623 937 7
1436 63 7
372 172 5
618 856 2
273 480 2
834 1523 7
1404 666 12
1214 326 8
152 1126 2
512 562 2
618 1148 2
31 1376 2
603 1035 2
1002 98 14
922 631 15
638 627 8
1305 42 8
1569 720 15
1307 908 8
880 59 8
382 406 7
508 855 3
577 1333 2
582 1315 7
618 387 8
390 63 8
1172 833 7
601 258 2
424 1335 5
978 424 30
495 63 8
1461 476 30
1302 916 8
747 495 8
374 610 2
1526 92 8
701 626 2
495 355 8
468 1090 2
662 1152 26
565 1555 2
923 282 2
1130 594 1
381 941 44
1252 611 2
702 568 7
565 1550 8
945 453 34
1129 246 1
1129 287 2
244 891 8
265 671 30
1408 421 9
1166 588 8
588 937 8
1152 70 2
991 766 57
1140 360 2
1372 21 7
681 452 12
449 855 3
563 778 2
949 70 35
1355 329 2
551 672 2
80 680 7
383 607 30
652 613 6
442 1028 2
765 1161 7
70 1445 1
541 1375 27
1161 65 8
1237 424 8
662 1417 27
1451 311 2
541 774 2
652 1342 7
648 1033 2
1442 1554 2
1445 1561 2
226 369 2
852 428 41
880 536 2
1000 1541 2
421 854 2
651 1590 38
1172 139 5
399 191 16
309 311 2
627 1516 2
1562 952 33
398 606 2
759 1078 2
552 167 8
993 147 8
974 1443 2
1177 565 27
1126 553 44
993 444 2
297 497 2
979 1367 2
251 70 35
1436 1133 2
650 31 33
889 724 2
552 63 8
30 995 1
30 1036 2
1424 1377 7
1179 627 7
1230 1550 8
516 834 2
295 1404 2
750 200 2
616 514 2
534 893 33
834 111 6
160 974 2
1357 1397 0
1404 367 2
607 550 2
147 1388 7
48 35 2
581 102 30
1394 125 27
609 1416 2
634 1161 8
870 47 8
870 484 9
726 1126 2
273 1436 2
506 855 3
834 43 6
1394 417 27
252 620 27
988 53 30
1393 891 7
594 388 2
195 1314 5
69 32 8
158 588 8
813 311 1
498 437 8
676 1567 1
1229 284 6
415 0 5
922 1080 2
922 684 2
690 28 2
1028 1405 2
73 1554 0
923 910 2
980 607 30
1138 1375 27
1055 134 7
148 330 8
609 32 8
29 1550 8
834 986 70
559 1388 7
217 255 2
1479 453 2
468 88 3
782 262 2
205 499 7
85 1570 2
468 42 8
216 357 2
435 716 7
269 286 15
995 806 33
661 804 2
325 689 2
468 730 8
1468 923 7
778 514 2
258 706 71
774 420 2
190 259 2
576 80 8
1304 753 7
1250 611 34
880 1456 2
1215 750 7
903 627 8
74 829 2
424 1578 7
1203 603 6
535 531 2
1404 293 0
195 929 7
1561 1109 7
1200 1371 2
1474 258 2
1555 1333 2
563 22 8
654 694 39
191 777 2
323 42 8
600 1081 6
182 417 2
636 1377 8
1210 362 7
1436 54 2
913 873 30
173 453 2
1443 1112 23
409 393 2
768 390 8
834 1176 7
854 881 3
599 1404 2
833 770 2
1263 1057 10
152 675 2
1037 667 27
1295 1044 53
1540 97 8
1039 995 1
1185 1377 8
603 980 2
1416 502 2
1400 1305 7
722 52 8
605 355 7
508 462 8
476 877 2
1110 611 35
152 607 2
1061 671 33
1350 1000 1
1510 360 2
1249 908 5
97 1305 6
277 32 8
478 1581 8
497 879 2
933 278 2
22 893 2
415 1316 5
1374 1446 2
329 1246 37
1154 495 8
1161 1389 8
588 199 2
127 834 8
586 21 2
726 766 8
348 165 2
1328 519 35
746 908 5
442 307 7
552 837 23
817 32 8
216 1345 2
29 471 8
361 551 2
819 502 8
1000 1262 2
454 391 2
742 880 15
1025 512 2
114 335 2
258 830 30
449 462 8
795 1217 8
206 1033 2
442 577 2
258 1518 30
514 3 10
981 223 26
1315 959 52
1567 562 23
681 742 23
347 59 8
1210 1058 7
919 114 8
1436 808 7
679 80 8
372 521 5
1000 1090 2
206 569 2
1225 726 48
759 335 2
1314 360 2
880 39 7
427 390 8
200 216 2
372 1209 5
681 1396 8
1124 32 8
468 445 0
424 936 8
514 1101 12
993 92 8
84 390 2
869 893 2
1436 1078 2
404 701 2
390 417 2
1075 898 2
1541 920 2
647 1169 2
820 1421 1
1055 1526 7
273 1449 2
273 1053 2
491 1246 37
780 1126 30
62 264 2
1458 1371 30
1377 384 5
636 626 8
33 1417 27
1180 1581 8
731 603 7
252 273 27
1460 531 30
265 1310 8
502 31 2
929 1388 7
150 922 2
623 172 8
401 21 8
713 617 2
20 870 7
1173 129 2
1372 766 7
1357 1170 0
1028 662 2
1377 1482 7
1494 346 7
899 800 7
927 908 1
150 458 2
457 437 2
1173 25 2
543 159 20
337 325 27
211 839 78
841 80 8
228 681 27
1344 1057 57
582 159 2
1497 1217 8
1250 610 2
596 834 8
855 470 30
569 911 2
253 1481 19
238 382 7
1355 610 2
825 330 8
957 654 5
28 355 8
424 1345 2
774 638 27
1140 933 2
1391 32 8
512 441 0
555 233 27
908 272 8
408 779 5
551 1199 7
540 707 2
80 1545 7
906 1161 7
552 808 8
569 838 8
869 1210 6
894 1393 2
510 1325 5
902 1050 3
1332 118 1
1338 804 2
62 1245 37
774 365 2
295 1357 2
1247 326 8
298 1161 7
172 1033 2
74 774 2
995 287 33
535 476 2
847 437 7
70 284 2
933 958 5
981 911 2
1179 908 7
629 1091 2
867 551 2
875 716 8
318 340 80
1100 1371 33
819 441 0
1443 381 33
147 160 16
834 293 0
922 1231 41
526 48 2
850 453 2
713 637 12
979 269 2
847 265 7
216 919 30
607 727 2
834 56 33
888 1376 15
618 350 2
592 1184 6
1540 88 3
623 112 8
1259 1374 2
98 915 30
1081 1211 2
870 958 3
594 669 2
1540 42 8
1052 1075 2
476 530 2
384 182 7
258 450 2
1448 138 30
1230 1176 15
699 1357 2
933 327 2
157 872 2
25 1305 8
435 336 6
240 126 2
945 32 8
1039 908 8
1184 114 8
265 163 8
148 507 8
116 922 2
85 50 41
1402 90 8
907 229 2
836 98 30
917 531 7
911 667 27
932 424 8
790 923 7
800 1550 8
347 1342 7
1140 1561 2
458 92 7
479 495 8
479 891 8
900 1131 2
1114 1567 2
891 433 7
893 1345 2
1474 607 2
908 1197 2
555 1052 2
563 272 2
662 619 27
551 166 2
247 32 8
70 1376 2
506 792 6
563 663 8
648 626 8
933 606 35
610 1475 5
809 1448 30
168 1375 27
185 1405 27
1106 1329 2
1304 493 6
894 314 2
662 54 2
535 1500 2
206 514 2
1550 1581 8
1436 335 2
804 139 3
514 1046 12
581 1371 30
109 80 8
1436 685 7
861 1357 2
603 619 27
267 504 27
1304 1550 7
35 908 7
157 1469 47
1307 1161 7
504 722 2
1525 922 2
23 1140 2
424 813 8
618 978 2
489 837 6
297 22 8
913 881 5
933 685 7
424 808 14
475 1375 27
601 506 7
603 1553 2
605 974 2
1225 1472 5
155 499 2
1460 476 30
266 893 33
256 504 2
1000 445 0
491 568 7
428 53 35
1240 433 5
780 607 30
142 45 2
369 516 2
957 766 8
340 334 7
707 47 8
454 636 2
491 937 8
349 702 12
193 499 57
1125 891 7
118 656 2
311 945 1
240 1437 8
926 249 8
32 399 2
596 779 8
780 713 1
340 266 7
1478 1567 2
555 1342 7
89 766 7
1362 34 53
736 1210 6
552 65 8
170 1305 6
291 1388 7
795 83 8
889 622 2
894 1338 2
1561 753 2
1570 1108 8
900 83 8
1436 1381 7
1251 453 34
286 1005 1
825 1315 5
360 1152 26
865 1156 7
1314 933 2
108 32 8
633 838 2
898 1305 8
555 296 8
763 880 2
913 1577 5
359 594 10
1497 135 5
1098 512 2
253 1517 1
1562 118 2
1388 136 6
1540 929 7
503 1416 2
454 1238 41
488 854 27
160 1200 2
395 1305 8
1002 952 14
69 326 8
263 491 2
976 468 2
592 837 6
479 1554 7
813 605 1
850 398 2
470 873 16
632 21 8
836 114 2
784 1550 77
517 29 2
1251 1225 0
893 919 30
380 889 2
586 998 2
1460 1500 30
162 908 8
611 248 2
829 719 8
1055 32 7
32 803 2
865 88 3
272 1075 2
33 1029 2
1055 720 7
707 284 2
1375 1131 2
357 1388 7
923 740 2
335 614 5
1302 63 8
234 929 7
506 665 20
517 347 14
476 699 2
594 833 8
912 98 2
917 476 7
947 611 35
210 1581 8
415 450 5
688 165 2
51 624 30
877 1567 1
1050 322 19
217 773 2
217 1169 2
458 37 7
555 309 2
753 265 6
1357 446 2
790 508 7
1474 552 2
783 610 2
362 652 71
804 1125 8
452 1305 8
190 485 2
557 1305 8
185 662 27
454 867 45
797 424 8
32 855 5
988 582 2
928 1315 5
300 647 2
435 1207 8
1437 574 2
1019 80 8
922 1459 30
995 341 3
499 1262 2
102 152 30
1230 743 3
1114 229 33
294 424 8
499 1274 12
1077 633 1
195 1420 8
611 1340 2
409 911 2
618 235 2
514 911 2
96 21 8
252 1078 27
33 619 27
167 258 2
159 88 2
1144 779 6
995 1335 5
605 919 2
350 1033 2
1173 287 33
1448 315 30
1301 424 7
233 667 27
1083 822 9
329 1472 37
907 510 2
362 675 2
569 1424 2
350 569 2
383 1230 20
673 1436 2
661 1388 7
923 57 2
1382 900 7
695 183 2
470 421 2
241 879 7
311 494 1
32 47 8
819 728 8
1567 443 12
478 32 8
620 1609 47
438 785 7
491 546 35
1122 626 7
223 893 2
381 926 15
80 59 7
555 850 6
458 957 7
440 229 2
104 114 2
893 269 7
952 948 15
1327 265 6
101 102 8
1144 102 8
610 153 5
4 424 14
1106 1226 12
654 165 2
528 491 2
307 1061 2
592 22 50
874 908 7
424 37 7
424 433 7
1123 32 8
627 1349 7
717 70 35
719 265 6
530 1357 2
398 381 2
16 1225 0
555 1156 8
88 610 7
638 1161 7
641 102 8
922 810 15
1171 412 5
489 761 15
168 987 2
1552 1125 8
626 1393 2
117 893 30
1414 908 7
216 119 8
330 83 8
84 1304 2
84 908 2
880 535 2
650 98 33
1390 993 1
499 579 2
671 1305 14
267 681 27
491 1472 37
871 116 8
183 240 2
507 208 1
973 667 2
576 1161 7
944 531 2
606 1404 1
603 231 2
731 829 7
139 1075 2
261 458 33
31 1337 7
98 117 30
33 1042 2
544 102 30
603 127 2
102 1236 6
362 1371 2
1416 45 2
252 395 27
118 568 1
1055 23 2
823 1581 7
729 588 8
923 753 2
468 950 33
1052 569 2
523 1430 5
122 681 27
908 1399 6
707 625 2
683 372 1
1391 326 8
1180 32 8
128 626 2
707 958 3
514 925 10
230 880 2
1468 870 7
914 325 2
282 607 5
594 90 8
594 486 8
62 1206 36
855 988 30
588 75 3
698 3 8
900 729 2
192 297 6
922 1079 2
91 369 1
1228 296 1
633 808 6
108 340 7
468 213 8
916 114 8
540 829 2
1315 502 52
416 1333 2
102 460 2
891 139 48
439 382 7
889 1195 2
790 390 8
499 109 0
273 908 6
418 713 1
447 435 8
875 136 6
1230 27 2
592 942 50
1223 1033 2
390 856 6
1114 993 2
891 296 8
624 718 1
920 823 14
159 929 57
698 1335 5
13 92 8
62 848 7
442 47 8
750 1062 8
514 248 12
176 1500 7
1445 201 12
76 393 8
737 667 2
875 838 8
1057 1498 57
1176 428 1
1114 611 34
409 168 2
32 377 6
1303 323 7
1073 1371 2
603 651 53
303 265 8
256 667 27
514 856 2
444 607 5
1076 325 2
759 97 8
841 611 2
898 1315 5
418 1371 30
554 489 15
750 1392 30
1339 1430 5
1500 1098 2
258 676 2
582 1081 2
1458 880 15
829 459 7
1055 605 7
32 1376 2
52 743 3
160 1007 44
800 1453 2
1350 1567 1
577 1053 2
922 1483 2
395 1315 5
706 770 2
592 743 3
1045 626 8
350 514 2
1215 159 5
702 684 7
195 338 5
455 514 2
217 1054 2
470 366 2
438 834 7
903 707 2
664 922 2
507 1325 5
1053 39 8
555 882 2
57 891 6
563 498 2
1028 33 2
1000 1329 2
882 1033 2
281 889 27
1127 891 7
770 1201 7
1210 541 7
952 881 5
1451 31 2
551 1080 2
190 1058 2
894 540 2
1210 833 7
518 88 5
1106 775 12
880 256 2
178 865 6
750 1299 2
1449 857 2
995 936 8
449 65 8
1128 297 8
1221 1082 8
650 466 2
183 854 27
759 798 2
311 694 7
603 1555 2
999 908 8
1306 1161 7
177 891 8
929 507 0
1099 588 8
849 1081 2
814 1325 5
503 618 2
557 1315 5
1179 347 7
267 626 27
119 1496 41
395 804 2
297 545 2
993 533 3
630 1305 8
1200 390 8
1550 32 8
500 804 2
944 476 2
297 936 8
867 21 8
382 462 7
584 1590 38
1173 1191 12
390 119 8
1405 763 2
468 1226 12
148 1388 7
1336 605 5
127 1305 8
707 739 27
1081 68 24
1052 514 2
32 355 7
491 1127 8
33 231 2
507 855 3
364 21 8
159 296 8
607 494 2
449 938 2
1343 323 5
33 127 2
360 278 2
39 114 8
138 764 64
588 1389 8
800 743 3
551 1438 7
347 535 2
702 1307 13
574 1006 2
42 216 50
1567 1016 12
919 1377 8
555 1510 2
934 437 8
435 769 59
1479 569 2
1229 228 6
550 1581 8
286 903 1
206 1436 2
397 1430 5
851 893 30
1496 1177 40
108 326 8
1266 908 8
869 297 6
428 696 2
1391 495 8
1326 891 7
787 297 8
1098 118 2
1481 428 33
347 462 8
233 102 8
406 750 7
880 884 2
900 210 2
720 761 15
592 199 50
774 140 2
1317 159 27
98 27 7
346 114 8
633 685 6
997 98 7
647 638 27
286 1127 1
576 191 14
70 455 2
1177 913 27
1100 458 33
463 1190 71
847 504 7
1081 762 2
1377 855 5
941 1236 6
1402 938 6
1445 1126 33
655 98 8
1394 541 27
385 891 8
1081 1450 2
66 707 2
1304 697 7
577 1375 27
1174 894 2
269 1362 2
514 113 2
45 1033 2
369 1042 2
944 1500 2
759 88 3
360 1078 2
271 1075 2
977 998 29
1230 794 55
268 1418 7
1436 97 8
914 633 1
692 1327 6
336 779 6
923 1326 2
1230 1335 5
689 854 27
1448 309 30
1040 995 1
531 536 30
828 102 2
1537 3 8
1537 341 3
435 111 6
784 1 77
1573 1412 1
1140 1404 2
340 1480 7
340 1084 7
485 889 2
804 1424 2
213 252 6
823 29 2
941 163 8
241 764 64
913 1418 7
780 1567 1
1371 1550 8
552 1284 2
1025 1292 33
588 315 2
815 390 2
565 90 7
1172 471 8
112 1449 2
112 1053 2
903 360 2
900 568 7
64 390 30
438 779 7
1567 717 2
774 836 2
418 1354 1
879 1232 2
1537 1335 5
311 24 1
653 702 12
795 937 8
624 1359 1
323 125 7
1225 910 48
981 1399 6
770 1583 8
253 1268 5
780 229 2
311 357 2
623 1052 2
210 32 8
187 98 16
1453 1000 2
900 833 8
1210 778 7
1221 636 2
659 766 8
1237 21 8
429 981 2
1209 880 7
1550 1315 7
340 1578 5
98 1094 30
1307 603 6
639 531 2
1394 1565 27
1394 1169 27
534 201 12
530 491 2
1533 295 1
1436 798 2
544 1371 30
1176 605 1
241 558 1
161 1482 8
177 80 8
199 1292 30
14 514 1
165 667 2
764 301 19
862 1307 13
159 314 2
784 1093 77
1124 1567 1
118 1472 37
102 438 6
731 323 7
468 775 12
1402 957 8
281 987 55
912 1416 2
424 71 0
708 413 2
1025 1428 2
928 702 2
317 163 5
360 327 2
1275 552 7
713 728 8
1259 398 2
498 102 8
923 283 2
325 1062 6
1210 412 5
586 369 2
559 766 1
900 1242 2
829 90 8
1315 412 5
1201 52 5
1129 976 2
922 281 2
1000 1226 12
707 46 8
1324 1609 47
707 384 3
323 357 7
837 880 15
334 21 8
168 506 6
1232 829 48
804 272 8
720 810 15
1449 1138 2
1396 1315 5
995 1217 8
1106 129 2
1436 1156 7
1075 1418 2
679 32 8
541 707 2
779 108 8
692 546 35
1226 1428 75
1014 114 8
1136 90 8
306 1384 8
922 606 30
53 424 2
618 739 27
626 1515 2
1219 32 8
870 116 8
66 360 2
913 642 30
972 667 2
318 891 8
318 495 8
502 551 2
1204 1161 8
183 70 2
623 296 8
1401 297 6
398 831 2
390 1156 8
611 883 2
317 147 8
297 722 2
1271 512 2
601 1305 7
628 908 8
1053 693 2
159 1338 2
607 447 2
632 588 8
1405 648 2
784 1325 77
360 685 7
988 450 30
843 1075 2
1393 1230 2
52 3 8
627 65 8
1061 824 23
32 974 2
52 341 3
624 974 30
1436 42 8
993 724 35
1069 779 7
1053 625 2
805 1371 2
157 341 3
1284 1581 8
1053 917 2
140 265 8
642 1126 30
1036 1337 2
1348 1554 0
1383 80 7
558 1447 2
626 63 8
454 1389 7
718 611 34
787 605 7
229 362 2
506 1128 20
1252 325 2
1468 1388 7
508 59 8
124 766 7
565 769 2
667 685 7
880 1187 7
592 840 50
1357 617 2
1540 338 5
681 446 2
908 958 3
1225 167 48
228 360 2
823 297 8
1439 1126 2
1328 990 37
795 90 8
23 781 30
552 1156 8
607 1392 30
993 1491 7
330 568 7
447 265 8
880 1457 2
854 576 1
1190 284 16
147 1315 5
1445 1371 33
1449 455 2
834 808 6
1223 759 2
979 393 2
651 804 38
291 854 2
84 159 2
159 863 6
650 952 33
590 1289 36
498 1161 7
313 1199 8
894 65 8
360 1381 7
639 476 2
1079 265 7
1394 1510 27
252 1317 27
1084 626 8
861 681 2
499 1329 2
287 1106 2
971 551 2
502 1075 2
234 338 5
383 692 2
25 1388 7
1054 889 2
1291 1131 7
1383 880 7
