1156 1097 7
1084 1213 7
618 1384 7
958 618 7
1162 1395 7
689 1097 7
689 1389 7
551 462 7
183 1342 7
1163 937 7
765 937 7
1340 1395 7
59 1395 7
1295 1342 7
618 531 7
438 1127 7
1066 732 7
148 1389 7
823 1131 7
838 937 7
565 779 7
494 732 7
325 937 7
1068 732 7
1284 462 7
82 1389 7
1146 1310 7
565 377 7
61 568 7
438 159 7
205 915 7
401 568 7
1193 1097 7
1010 1310 7
1212 929 7
259 1389 7
363 937 7
702 303 7
434 929 7
642 929 7
810 568 7
667 937 7
325 140 7
864 1395 7
738 929 7
1340 957 7
1437 140 7
69 929 7
362 937 7
686 1342 7
126 929 7
420 1389 7
575 929 7
420 646 7
702 541 7
330 1395 7
108 929 7
1008 568 7
438 172 7
829 1389 7
933 937 7
505 929 7
325 1129 7
290 1395 7
1179 362 7
458 1389 7
256 1395 7
841 929 7
1400 1389 7
759 1342 7
268 929 7
1126 1437 7
598 568 7
143 1097 7
1352 1310 7
1231 1213 7
708 732 7
442 957 7
1328 1384 7
552 1097 7
1219 929 7
1570 1097 7
340 1284 7
724 1008 7
415 340 7
340 486 7
184 1091 7
1075 377 7
692 1342 7
321 1097 7
836 568 7
1400 720 7
1254 1097 7
438 1047 7
88 1104 7
501 568 7
438 1620 7
88 1349 7
931 1097 7
1547 929 7
61 37 7
1075 44 7
1230 1342 7
1537 1342 7
88 149 7
1182 732 7
1135 37 7
447 732 7
952 1230 7
1252 568 7
1266 1395 7
325 476 7
862 1097 7
395 1097 7
205 727 7
1136 1097 7
438 1128 7
823 730 7
415 204 7
162 1342 7
427 1342 7
1045 937 7
438 399 7
88 750 7
718 732 7
340 295 7
1179 535 7
797 1097 7
921 779 7
205 925 7
724 526 7
702 939 7
333 1097 7
1179 603 7
483 929 7
340 1285 7
88 1453 7
243 732 7
350 568 7
88 1454 7
1075 1471 7
1065 732 7
108 331 7
1075 954 7
519 526 7
70 973 7
573 37 7
340 550 7
402 1342 7
1040 1097 7
911 1213 7
444 732 7
205 674 7
1144 1097 7
1240 1310 7
70 694 7
1179 633 7
241 1008 7
519 207 7
88 1032 7
107 1213 7
139 1342 7
962 732 7
777 1097 7
472 1097 7
1394 140 7
108 544 7
969 732 7
438 709 7
508 1097 7
1022 1389 7
584 1213 7
76 1342 7
143 715 7
313 838 7
950 1131 7
802 732 7
67 732 7
702 1572 7
519 278 7
659 1097 7
340 650 7
438 788 7
823 1086 7
335 37 7
88 532 7
702 1002 7
1291 1230 7
438 1248 7
438 394 7
966 732 7
1363 732 7
88 1116 7
1115 377 5
402 412 5
377 990 5
1340 1566 5
88 776 5
775 1285 5
802 1246 5
453 184 5
746 937 5
637 1068 5
1419 958 5
1277 646 5
1191 1065 5
113 1566 5
1050 958 5
566 776 5
482 377 5
88 1558 5
88 651 5
236 1065 5
113 845 5
725 776 5
88 1496 5
1511 779 5
683 1531 1
702 198 1
418 727 1
117 494 1
1233 574 1
1170 472 1
61 1005 1
720 1265 1
911 1617 1
1051 402 1
515 162 1
1459 1437 1
1233 1238 1
1390 1352 1
207 812 1
205 366 1
405 415 1
1131 239 1
720 1093 1
1051 1356 1
1233 56 1
1051 1569 1
252 633 1
1129 4 1
354 1643 1
283 1617 1
1233 396 1
1233 649 1
205 175 77
205 943 77
205 1634 77
205 1143 77
205 121 77
205 1640 77
337 321 6
706 1213 6
126 859 2
159 1405 2
69 577 2
70 803 2
140 1033 2
1295 1565 2
416 541 2
162 6 2
281 1135 2
140 516 2
703 1295 2
738 682 2
830 458 2
519 492 2
1485 162 2
383 706 2
409 1405 2
812 1608 2
148 794 2
162 1543 2
383 60 2
531 1585 2
370 183 2
667 1195 2
1461 1144 2
1128 1362 2
1412 139 2
694 1610 2
708 1649 2
162 1018 2
1476 350 30
64 1047 30
1045 1597 38
651 1591 38
1045 1589 38
1352 1244 36
970 205 19
1157 340 62
108 1624 48
503 148 2
266 1328 2
148 636 2
1521 1389 8
140 1258 2
695 1395 7
852 59 8
694 656 1
1394 1338 27
815 1135 2
804 667 27
241 430 7
823 728 7
1261 1097 7
727 670 2
1399 1156 8
1173 458 33
256 719 8
292 88 3
162 893 33
23 1084 2
1158 140 8
118 444 2
1075 596 30
1357 637 12
718 602 2
925 1351 2
362 450 2
140 1581 8
575 502 2
880 60 41
1191 1064 5
1001 683 0
1383 1437 8
442 1042 2
1106 683 0
127 1127 8
584 101 8
746 1201 5
897 1395 7
1252 849 2
1364 239 2
230 915 33
679 149 8
126 833 8
939 355 8
346 1342 7
651 1604 38
1000 775 12
434 875 6
1179 1578 5
950 533 5
259 90 8
551 514 2
1227 1135 2
1004 1131 2
720 743 5
433 568 7
685 1437 8
535 1160 2
1568 259 2
501 338 5
1447 113 2
71 401 2
978 1033 2
1421 1384 7
1212 102 8
667 663 8
424 937 8
995 56 33
759 1024 2
759 628 2
988 70 2
526 1488 2
303 1583 8
89 519 35
159 284 6
579 1244 36
151 686 7
1078 568 7
117 960 30
1081 256 2
1405 661 2
83 335 2
318 401 80
1295 739 27
395 1030 2
1547 116 8
1084 824 23
628 957 8
939 57 6
1461 722 30
936 603 6
205 697 14
938 88 2
1496 769 38
148 1556 2
1162 808 8
377 602 2
1390 992 1
336 377 6
241 1355 1
945 366 33
1485 789 2
276 1384 8
1055 148 7
501 390 8
126 1138 2
737 535 30
533 1135 30
305 1610 56
418 450 30
380 541 2
1480 401 2
595 568 7
519 851 30
278 381 14
753 939 15
598 355 8
457 730 2
880 584 41
1129 861 2
904 1328 84
829 663 8
565 26 2
362 158 8
703 197 8
686 167 8
557 1156 7
1468 937 7
1020 1212 8
1352 1111 7
672 950 7
344 1437 8
108 511 7
314 958 2
220 239 2
743 412 5
234 1310 8
1022 1321 8
633 875 6
1459 555 2
541 638 27
1419 533 5
1565 1141 2
1337 929 7
62 1246 37
774 366 2
646 1581 8
27 64 30
737 568 7
69 455 2
535 81 2
859 882 2
395 1388 7
270 519 31
317 59 7
1250 453 34
1110 278 2
981 1496 53
429 183 2
1421 1097 7
309 1131 7
65 765 7
420 219 2
873 108 44
159 808 6
732 81 1
737 838 2
173 399 2
162 1329 2
462 1102 5
1080 140 2
522 1156 8
154 1195 2
172 384 3
159 1515 2
438 1578 5
836 899 3
727 883 33
1126 844 31
1488 434 1
1193 147 8
197 958 5
1329 724 35
252 798 27
1193 881 3
241 421 2
651 1270 5
535 1094 30
594 957 8
905 412 5
803 974 2
140 843 2
1029 724 2
855 1459 30
31 803 2
20 1395 7
502 1437 20
49 453 34
1152 1340 2
173 724 30
1459 160 16
1163 743 3
925 1016 12
126 158 8
126 455 2
1233 1168 1
713 823 33
552 1114 2
415 1554 5
674 1090 2
702 459 7
217 829 2
1121 958 2
220 575 2
925 622 34
581 1047 2
1421 335 5
126 90 8
676 803 2
1036 239 2
681 727 2
344 462 8
232 973 2
1253 823 33
458 723 2
667 1550 7
689 384 3
719 939 15
759 513 26
551 563 2
383 102 30
1127 1062 7
442 127 2
601 911 31
1565 166 2
1550 1213 7
1456 126 2
189 1045 33
438 833 7
1040 102 8
1230 1217 8
859 1510 2
80 107 7
409 1035 2
928 574 41
759 677 2
1014 108 8
476 976 30
837 1127 6
327 1047 14
303 741 2
546 958 3
85 1156 8
183 233 27
531 1357 2
76 796 8
468 683 0
541 983 14
941 779 6
1179 518 7
1129 761 15
618 979 2
794 622 35
1047 638 27
307 418 30
1461 375 30
290 1420 8
159 540 2
1404 458 33
503 325 2
1537 1217 8
854 694 39
830 737 2
1179 54 7
252 219 27
646 1578 5
127 689 2
727 596 33
471 1131 2
727 200 33
605 929 7
227 724 1
720 52 8
1069 377 7
479 1496 69
362 1482 8
944 183 2
1194 140 8
830 273 2
704 162 1
1054 1389 8
240 1047 2
1162 685 8
457 779 2
325 1184 6
383 1194 30
1213 384 5
568 1243 7
337 563 27
512 1005 36
101 1310 8
1158 937 8
1104 1452 2
449 541 2
813 462 8
958 513 26
88 734 7
291 1389 7
792 689 2
761 37 7
649 985 2
1330 1093 1
416 1449 2
416 1053 2
1327 1342 7
226 1617 3
1047 948 15
1301 1157 62
1393 88 5
1075 101 26
823 1500 30
727 899 5
667 1236 8
138 915 30
289 689 2
920 205 19
243 441 0
183 1052 2
415 1109 7
981 1045 53
1421 646 7
401 1245 37
1045 347 16
603 647 2
494 1003 2
88 622 34
285 1395 7
158 492 2
980 108 8
616 1033 2
921 380 30
958 563 7
958 167 7
277 952 33
1570 22 8
850 399 2
186 37 8
619 383 2
862 104 8
584 284 16
507 1384 8
1547 1377 8
162 518 2
1400 112 7
575 1479 2
266 1126 33
485 836 2
162 1305 8
4 875 6
544 450 30
1380 1362 2
603 475 2
1193 92 8
505 216 2
1400 800 7
1394 540 27
148 922 2
238 633 1
255 1437 8
1396 1156 7
911 681 27
142 1362 2
56 167 30
1039 859 2
1053 1097 7
1383 702 7
799 937 7
541 881 5
274 1285 5
1140 1191 12
1018 789 2
907 175 2
1104 1351 1
823 533 3
1284 32 8
207 543 1
230 117 33
1352 523 2
570 1310 8
990 1430 57
438 158 7
1152 1212 8
205 1414 7
108 1125 8
994 1231 17
907 107 2
916 462 8
582 1126 30
673 1033 2
184 1095 57
551 112 2
750 1483 2
552 1283 2
552 264 23
629 1395 7
107 1227 8
778 1033 2
797 75 3
416 78 2
1230 433 7
418 1061 1
267 412 5
550 214 2
183 613 6
1104 701 2
69 1424 2
69 1028 2
843 667 27
438 382 7
217 1389 8
372 412 5
1230 766 8
647 836 2
281 145 27
409 980 2
750 1415 2
420 104 2
1209 259 7
979 911 2
870 929 7
1445 933 2
393 1230 2
877 162 2
686 109 5
162 1226 12
168 256 2
309 692 44
399 722 2
1075 393 2
278 972 2
642 47 8
1424 1213 7
1157 1480 62
616 350 2
1295 233 27
1004 950 30
1537 433 7
836 1035 2
159 485 2
1302 1156 8
1537 766 8
999 1233 77
359 1389 8
1390 590 1
85 692 41
726 957 8
350 167 16
1148 1131 2
978 492 30
36 706 44
1000 683 0
475 256 2
849 1126 30
279 823 50
565 189 27
64 861 30
1083 1511 9
544 520 21
340 280 7
646 1397 0
184 1499 57
325 837 6
907 803 2
900 667 27
442 872 2
127 957 8
383 1139 30
1207 1129 5
420 489 6
1233 34 1
931 119 8
453 684 2
1026 172 2
455 1212 7
1402 724 35
1031 492 2
704 321 64
550 910 2
290 338 5
555 1230 2
502 573 15
432 568 7
420 1196 2
108 46 8
440 126 2
1084 3 10
1471 46 59
1443 775 12
1454 125 2
369 724 31
778 350 2
917 59 8
416 998 2
1487 139 3
929 1319 0
178 1213 6
915 1455 30
862 1491 7
532 68 2
399 1418 2
207 125 2
88 215 7
519 424 2
1338 1086 8
520 650 2
1084 1101 12
512 1384 7
226 830 30
867 442 2
1179 403 7
634 568 7
1314 444 23
617 1384 7
447 32 8
1156 1541 5
739 568 7
960 295 1
138 674 1
601 1126 2
730 942 2
625 937 8
373 1310 7
763 823 30
1246 742 57
1461 21 20
145 829 2
486 1264 2
603 128 2
192 598 30
756 1008 39
514 958 3
256 1078 2
705 732 7
1383 715 7
1144 97 6
745 453 35
337 912 27
573 53 1
1238 36 16
543 362 30
582 350 2
126 1364 2
988 483 15
925 602 2
934 957 8
590 812 2
986 667 40
1163 3 8
91 59 5
205 1429 77
1025 1389 7
126 53 2
140 728 8
692 1457 8
39 462 8
595 1127 8
999 1395 7
810 1468 24
565 648 2
994 727 57
1045 291 8
219 239 2
686 685 8
1442 674 1
233 1310 8
205 275 7
1495 172 2
318 1097 7
1252 387 8
1231 322 2
1008 21 8
240 241 2
787 1437 8
1314 1191 12
1163 1335 5
532 1452 2
325 23 7
143 1118 5
1454 357 2
1316 401 1
442 116 8
325 757 2
350 502 8
413 290 1
1135 663 8
535 307 2
447 728 8
43 438 52
258 598 30
1476 1204 30
535 599 2
986 765 38
243 1014 0
85 259 2
526 1031 2
836 360 2
1538 929 7
841 1076 2
833 568 7
867 1461 8
284 1135 2
1394 889 27
69 905 2
1179 1323 7
627 541 2
216 750 30
52 37 7
69 1296 8
1303 720 7
166 1131 2
395 177 2
239 638 27
454 501 41
1283 637 12
939 1203 6
271 1131 2
618 869 2
1458 519 30
1458 915 30
252 1024 27
999 925 5
505 789 2
592 37 7
476 653 2
577 1450 2
577 1054 2
940 159 7
1407 1002 2
803 1200 2
40 1384 8
1382 1310 7
699 1084 2
256 390 8
489 1389 7
235 325 2
128 859 2
1166 377 8
341 911 2
154 37 8
575 673 2
360 88 3
1045 627 8
681 637 12
340 225 7
709 413 2
546 550 1
1468 1395 7
301 925 5
1009 1002 2
1024 458 2
565 1568 2
746 976 5
1354 366 33
1040 104 8
1250 149 8
61 111 15
98 779 7
193 682 57
702 484 74
891 957 1
1179 315 30
1126 1062 7
238 259 8
581 1565 2
315 453 2
676 925 2
1474 1126 2
550 1251 2
862 338 5
335 625 2
899 568 7
1455 126 2
915 611 2
377 1554 0
551 1081 2
442 1041 2
1566 1044 12
420 1141 2
878 836 2
911 116 8
978 516 2
295 901 2
330 97 8
501 847 0
1075 1138 2
648 1437 8
37 1236 6
651 1603 38
290 1381 7
409 1553 2
300 779 7
1544 568 7
1328 1062 7
552 226 3
1022 296 8
297 568 7
735 937 7
1563 37 8
168 829 2
686 974 5
913 362 30
191 415 44
434 36 14
519 301 2
43 1097 7
1460 1459 30
1051 1109 1
1372 236 5
957 1249 59
939 228 6
730 1283 2
155 702 12
269 730 8
297 442 2
503 551 2
1461 893 30
43 1389 7
159 662 2
1397 256 7
265 1086 8
486 417 2
252 341 27
551 341 5
536 724 30
806 1002 1
1052 911 2
582 399 2
718 742 23
702 1381 7
494 424 8
1252 1424 2
1284 910 2
1249 88 1
337 857 27
486 98 33
1505 1127 8
126 1309 2
699 401 2
575 905 2
925 151 2
632 568 15
686 384 3
337 393 27
707 462 8
829 42 8
402 293 0
337 1081 27
491 724 35
1481 651 69
1040 1420 8
545 1163 2
80 633 7
1126 29 2
344 1212 8
665 565 2
805 1310 8
440 803 2
1226 1511 74
1221 1342 7
960 830 30
910 1310 8
1454 406 2
205 908 7
759 1495 2
790 44 8
1351 1384 7
650 1455 2
552 89 2
551 2 2
1178 683 0
418 263 1
438 26 2
333 21 8
690 1047 14
98 366 2
576 139 3
69 626 2
279 1033 27
1135 1004 8
648 462 8
859 1053 2
1075 223 26
958 1004 27
183 882 2
738 1303 2
281 35 27
271 415 1
42 1310 7
706 1388 6
581 915 30
546 59 8
1230 296 8
841 625 2
980 730 8
409 114 2
620 1195 2
383 255 42
1394 834 27
462 877 5
252 1037 27
401 848 7
535 179 8
256 1381 7
1252 1304 5
862 726 8
1141 1127 6
395 122 2
704 1084 1
573 298 1
544 676 30
603 701 2
598 831 2
1156 863 2
686 310 1
403 183 8
577 707 2
442 1325 5
577 311 2
505 833 8
505 437 8
241 155 1
707 1163 2
1055 551 7
652 241 35
703 1069 2
1052 1097 7
1460 541 82
1035 1405 2
505 1125 8
1328 704 35
1039 689 2
711 1135 2
703 1460 8
373 149 8
779 846 6
1033 471 2
346 838 7
108 982 7
907 401 2
350 460 2
912 325 2
1253 637 12
1160 453 34
568 57 6
565 1221 2
1233 1235 1
442 762 2
1451 1310 7
220 350 2
1037 438 8
218 172 2
438 722 2
324 362 2
223 492 2
418 1355 1
205 848 7
672 88 2
598 1448 30
1126 1345 2
438 1072 7
418 1251 1
205 1140 7
111 1389 8
1003 637 12
77 1342 7
907 958 3
780 126 2
416 200 2
259 1314 5
679 139 3
330 42 8
183 1510 2
1291 881 5
1117 462 8
191 1126 2
911 68 24
750 1199 7
647 958 2
574 311 35
1445 775 12
979 1033 2
1552 958 3
1156 743 5
1307 937 7
958 1021 7
281 98 2
1196 1156 8
241 1247 1
399 844 2
1507 444 57
15 776 5
915 485 30
318 121 80
492 684 2
384 1342 7
281 390 2
1461 546 30
1395 1199 7
1183 715 7
642 671 30
993 37 8
486 466 2
1042 1131 2
377 817 8
102 1127 6
385 37 8
568 753 6
1155 1097 7
115 1005 1
702 1326 7
720 119 8
939 1 6
1503 1156 8
437 412 5
916 1384 8
364 259 8
796 239 1
1271 401 2
1156 112 2
13 1097 7
1354 447 2
1179 1168 71
1122 1213 7
703 21 8
170 574 71
1453 881 5
1252 1296 8
36 205 14
501 42 8
1315 1668 52
1459 739 2
244 458 29
905 148 2
550 1428 2
1246 595 12
727 742 5
950 881 5
551 1258 2
541 1418 7
981 321 6
546 1342 7
432 1419 8
1337 1086 8
528 568 7
1541 1395 7
399 101 26
516 1196 2
1476 1094 30
82 502 8
1317 1097 7
655 44 8
1543 789 2
195 172 8
1040 338 5
0 683 0
69 102 8
451 750 30
487 1342 7
1080 256 2
324 646 5
599 732 7
1352 1325 5
1458 117 30
1396 1395 7
724 58 7
252 226 27
1397 829 7
140 235 2
1405 1337 2
162 585 2
841 106 2
278 1398 39
735 172 8
818 1384 7
252 914 27
330 39 5
1295 80 7
55 88 3
1213 855 5
829 787 8
32 929 7
510 702 8
255 1212 8
914 1496 53
241 153 12
915 847 21
486 671 33
1193 1204 50
862 1315 5
347 1131 7
945 149 8
418 1194 30
636 412 5
240 535 2
122 239 2
1266 1550 8
1468 1389 7
1040 1305 8
464 1156 8
350 796 8
221 1389 7
623 1131 20
1039 957 8
673 516 2
108 1296 8
217 841 2
633 1327 6
576 838 8
429 703 2
543 667 2
1200 1395 7
126 102 8
681 838 8
1122 462 7
152 598 30
1309 667 27
1328 728 7
1254 65 8
1093 735 6
219 689 2
1317 337 27
829 489 6
295 499 2
880 1412 7
218 44 8
754 1342 7
667 36 8
1008 471 8
519 1232 7
300 377 7
736 568 7
183 1455 2
548 694 39
246 1005 36
1084 248 12
1084 627 8
335 152 30
642 223 2
399 893 2
399 497 2
829 1150 7
551 893 14
841 1198 2
873 1144 44
273 823 2
1295 735 6
1075 168 2
1295 1510 2
290 848 8
929 1081 6
606 552 1
650 226 3
494 983 33
780 396 30
30 183 2
1193 891 8
626 1156 8
663 1328 5
841 1125 8
127 409 2
1130 1005 1
370 981 2
494 22 8
268 326 8
1264 686 7
273 646 8
18 1156 8
237 1084 1
143 978 3
279 598 50
782 1252 2
415 1214 5
143 932 8
939 424 8
1130 937 1
442 647 2
377 298 8
915 468 1
563 689 2
434 1381 7
1162 743 3
923 958 3
551 979 2
829 36 8
907 1266 2
667 3 7
139 840 30
335 455 2
823 1392 30
438 189 27
728 1566 5
323 303 7
102 1310 8
1022 298 8
542 551 2
118 724 35
1565 514 2
370 1255 41
369 458 30
416 1169 2
416 773 2
1144 1541 35
343 259 8
1450 256 2
779 54 8
1123 59 7
973 178 1
205 83 8
395 1495 2
270 667 27
183 480 2
1128 1108 8
515 514 1
395 1391 2
1401 603 6
1405 662 2
1050 1109 1
941 1127 6
281 671 2
139 1211 2
285 1156 8
862 116 59
1356 1014 0
472 1494 1
69 47 8
641 836 3
1461 1119 30
1303 159 7
706 1210 6
1496 1166 38
699 1291 33
126 1161 7
1307 172 8
544 1283 21
255 370 2
244 1097 7
1052 1033 2
1505 957 8
582 958 3
337 1375 27
487 1156 8
1193 357 50
1166 1127 8
1039 183 2
34 337 38
179 573 15
218 1395 7
1042 325 2
322 183 6
787 551 7
904 933 84
565 423 2
323 1395 7
210 911 2
476 24 2
836 160 30
804 1310 8
917 535 2
1128 1121 2
69 1417 27
438 216 2
519 1250 1
641 929 7
718 1397 0
563 37 8
787 1212 8
429 252 2
383 489 15
325 928 2
350 277 8
550 890 33
1210 377 7
1093 284 6
1135 834 8
1247 958 3
1340 23 7
1215 989 7
647 259 8
535 374 2
1019 139 3
739 667 27
70 974 2
603 850 52
718 1225 0
526 806 2
535 1161 8
847 1419 7
862 916 8
434 890 14
603 1391 2
1210 205 7
35 183 1
494 1351 2
1562 363 2
737 1131 2
1436 689 2
598 741 12
35 516 2
833 321 2
172 47 8
303 437 8
1080 829 2
759 269 8
290 793 8
52 937 8
1162 27 53
1163 479 2
145 836 2
1329 88 3
1163 433 7
259 1150 7
359 718 2
162 1554 2
24 702 12
582 1045 53
1181 730 8
126 1417 27
1561 70 35
1570 1118 5
127 750 2
565 1515 2
256 269 8
241 277 1
116 1342 7
132 732 7
26 88 2
192 1170 0
1177 1086 8
117 24 1
246 1384 7
484 363 84
361 957 8
1136 1491 7
650 489 15
1372 377 7
746 459 5
552 1407 2
557 1389 7
359 937 8
434 493 6
222 37 8
907 1310 8
867 950 16
1413 958 5
836 684 30
1104 388 1
654 1231 17
438 506 7
1017 1135 2
1008 424 8
438 844 2
1128 42 2
1236 1395 7
551 856 2
551 460 2
1008 716 8
1110 929 7
325 1556 2
1341 1395 7
1084 201 12
314 172 2
253 184 5
1215 929 7
1213 355 7
1304 1620 7
424 492 2
81 702 12
648 1212 8
880 720 2
372 1156 5
1201 937 7
399 1138 2
519 202 7
750 160 2
281 684 2
395 648 2
1306 937 7
371 412 5
514 1328 2
415 523 8
836 1555 2
550 523 23
31 1230 7
841 1479 2
1126 1500 30
1193 1199 7
637 41 74
852 706 2
1193 1578 3
1390 1110 1
1135 899 5
365 568 7
428 519 35
601 508 7
618 934 7
273 954 7
1131 1006 55
856 1128 2
903 139 5
957 1133 2
295 622 34
1283 113 2
1177 577 27
162 579 2
1154 1097 7
1191 397 75
952 272 7
1383 143 7
1271 1291 33
750 485 30
256 798 2
259 805 2
399 1388 14
236 879 74
1555 765 19
470 838 2
1152 366 2
24 1291 33
1053 516 2
1250 637 12
154 44 8
1194 37 8
575 1076 2
558 650 2
810 1577 8
438 101 26
447 893 33
368 777 2
205 1149 77
259 737 2
148 222 8
483 1457 8
271 838 8
586 492 2
577 78 2
911 988 2
420 837 6
829 213 8
895 1395 7
362 104 8
1179 1114 30
464 259 2
284 810 15
1004 667 27
1190 453 35
727 1014 0
456 732 7
638 412 5
346 646 8
205 287 7
369 1135 30
689 52 8
1128 1457 8
59 850 6
416 1450 2
416 1054 2
1277 1415 5
527 568 7
590 519 35
1540 1395 7
519 480 2
135 412 5
112 1212 8
12 1230 20
492 452 10
74 325 2
1450 829 2
1252 39 8
973 751 1
1284 3 10
651 403 38
797 90 8
1304 937 7
519 772 2
69 693 2
69 297 2
399 223 26
1340 743 3
641 651 69
718 156 15
859 1120 2
77 462 8
957 1491 7
1409 937 7
281 206 27
162 109 0
381 1342 7
229 911 31
836 681 27
70 764 64
531 675 2
625 1389 8
1525 241 2
69 625 2
1084 855 3
1284 1101 12
1295 1062 7
420 92 8
1056 183 6
415 110 3
140 857 2
862 793 8
603 872 2
915 1445 1
1056 1349 8
259 1491 7
1538 1310 8
543 418 30
191 598 30
772 427 77
158 765 19
577 774 2
140 393 2
1510 148 2
990 1499 57
366 831 2
205 174 77
1402 37 8
738 338 5
151 88 3
348 1008 39
915 503 2
186 59 5
925 858 12
994 1075 57
1454 877 2
515 1518 0
350 626 8
233 929 7
155 37 8
447 1253 2
692 98 8
256 42 8
990 1431 57
657 1352 2
724 1239 30
438 497 2
193 402 57
361 438 8
672 259 2
883 1340 2
106 453 2
218 239 2
476 1094 30
1251 149 8
317 1097 7
981 779 6
85 779 2
1136 1305 8
375 724 30
334 458 33
901 88 3
333 424 8
915 326 8
1239 1127 8
133 727 5
170 957 7
1162 1335 5
1324 1252 2
409 981 2
750 1416 2
3 139 3
315 59 7
1128 18 8
1570 719 8
272 303 20
281 834 27
441 462 8
1415 584 12
1455 70 2
535 961 85
841 1424 2
736 1419 8
603 1568 2
1545 568 7
281 269 2
117 851 30
631 937 7
419 44 8
929 520 0
1541 812 2
1103 88 3
49 366 33
1476 173 30
836 1036 2
45 126 2
750 32 8
266 775 12
730 1003 2
730 607 2
507 702 8
126 805 2
277 958 3
1212 1325 5
541 856 20
159 778 2
638 1384 8
148 1505 7
1383 1295 7
598 22 8
584 1603 38
1551 650 4
337 285 27
1130 1127 1
1527 59 8
447 3 10
1284 1125 8
713 113 2
1143 766 7
479 1097 7
1493 350 2
1146 908 7
380 140 2
126 1029 2
135 1384 8
259 390 2
195 325 20
575 625 2
1266 743 3
126 1420 8
193 738 57
1253 113 2
1468 140 7
1516 281 55
1472 584 12
447 1101 12
1471 511 59
1040 848 8
878 1310 7
922 453 2
878 1252 2
325 1190 33
108 47 8
1460 794 2
544 197 7
998 568 1
1131 757 2
1124 958 3
769 1405 2
1232 501 48
622 1511 58
1454 855 3
938 1291 16
823 1446 30
750 45 2
859 773 2
865 1395 7
702 1095 5
616 1047 2
211 139 3
646 716 8
74 958 2
82 277 8
973 1029 2
750 728 8
315 1126 30
841 53 2
447 1187 0
471 957 5
1295 365 2
628 689 2
1058 1342 7
345 1266 1
1170 1070 2
1459 375 30
1284 1046 12
928 1570 2
1340 994 5
850 241 2
380 836 2
498 929 7
1246 1431 57
384 646 48
392 937 8
31 366 2
21 1230 2
586 841 2
126 619 27
1145 1310 7
594 61 2
568 1494 1
911 1337 2
370 128 2
1141 779 6
683 1422 1
476 318 2
233 650 7
535 1335 5
1041 325 2
241 604 2
1039 409 2
1201 1212 5
1284 384 3
519 974 30
1163 296 8
667 1217 7
1036 1405 2
1075 36 30
1248 421 2
1454 93 1
907 121 2
792 1389 7
565 545 2
1081 139 5
674 201 12
1252 393 2
637 705 5
373 139 3
778 1047 2
1284 1132 0
1163 228 8
957 1070 5
361 383 8
27 1047 30
1187 1531 1
667 1482 8
386 845 5
126 273 8
1287 1170 0
1409 412 5
552 932 8
281 555 27
325 758 2
248 1065 5
738 1381 7
420 514 2
852 483 15
1325 1342 7
447 1125 8
246 1244 36
809 1340 30
1315 692 52
462 1397 5
659 533 3
952 170 31
241 861 30
519 1345 2
1287 718 10
1209 205 7
724 534 1
159 1327 6
287 486 2
676 915 30
462 1225 5
399 663 8
1135 393 5
501 1214 2
43 366 7
208 412 5
1180 730 8
501 1506 2
205 523 77
718 446 2
1047 833 7
841 1296 8
1502 363 2
148 1054 7
699 1126 33
568 869 6
479 692 2
256 787 8
829 1482 8
601 330 7
1037 859 2
527 683 66
1510 325 2
361 1084 2
391 823 30
1328 533 5
1372 603 7
337 493 6
978 730 30
126 974 2
1359 1047 33
922 70 2
154 330 8
823 769 8
552 853 12
447 1046 12
1565 854 27
1031 37 8
438 1420 7
341 1131 8
501 1208 0
1093 1138 6
1565 289 2
541 1184 2
540 148 2
551 978 2
98 1144 44
1108 1310 8
894 1230 2
1210 1127 7
265 412 5
681 823 33
1445 1191 12
362 1239 30
667 627 59
399 1364 2
330 390 8
181 1342 7
621 37 57
367 958 5
1128 533 3
925 1225 0
1298 1389 7
1022 297 8
126 338 5
779 855 3
1084 284 33
859 322 2
1297 650 1
1443 933 2
686 287 5
434 42 8
1136 1315 5
847 566 7
632 377 8
724 1507 12
867 383 8
620 172 2
284 453 2
462 250 5
447 1132 0
860 1389 8
292 519 2
1124 453 35
202 281 55
727 31 33
269 1419 8
1380 565 2
1520 1310 8
1148 667 27
1400 3 7
838 179 8
138 552 1
1295 34 53
1537 75 3
1052 516 2
486 1106 2
514 462 8
268 1125 8
1144 43 6
255 541 2
1154 1231 17
1047 488 2
1485 1253 2
594 6 2
505 102 8
192 476 30
476 263 2
923 1342 7
449 836 2
126 1305 8
1075 1292 30
170 418 30
145 603 2
1140 732 7
575 1198 2
1372 1127 7
519 919 30
792 646 7
1201 401 5
1233 212 1
929 119 8
1026 350 2
674 530 2
917 706 2
221 759 2
1213 1236 6
170 350 30
914 1252 2
447 747 2
934 1127 8
849 939 15
1381 149 8
1031 957 8
519 1025 1
1136 507 8
383 322 20
82 626 8
61 124 1
704 1047 30
281 104 27
867 1084 2
1252 265 8
720 611 1
878 149 8
183 883 2
978 126 2
438 273 7
482 1118 5
409 475 2
988 370 2
1437 758 2
650 77 2
1372 829 5
335 978 5
1058 1565 2
1193 387 8
1087 139 3
148 46 6
849 692 2
594 1156 7
602 1246 37
1172 568 7
381 1437 8
172 114 8
59 341 3
582 1342 7
206 990 5
1240 338 5
501 1550 8
658 1170 0
140 979 2
1184 256 2
476 599 2
1561 241 35
139 235 2
1040 1388 7
26 259 2
565 894 2
1296 37 8
158 1230 8
476 1287 2
722 462 8
1245 765 57
437 642 30
1271 1126 33
479 1033 2
932 957 8
501 1482 8
531 1518 30
126 231 2
173 396 30
550 99 0
42 139 3
1466 637 1
415 934 5
442 763 2
59 1335 5
377 18 8
211 1097 7
330 1381 7
112 140 2
819 958 3
464 1405 2
107 1418 8
1493 172 2
584 114 8
438 677 7
362 960 30
535 1345 2
559 1156 8
1254 855 3
303 981 2
551 235 2
862 1054 7
70 1404 1
1022 18 8
1239 957 8
542 667 2
1266 1335 5
958 658 0
823 1616 71
1061 718 10
1174 776 5
1444 88 2
1304 1395 7
928 350 41
416 889 2
281 167 2
266 683 0
550 728 8
303 913 2
535 1173 2
516 569 2
399 1309 2
88 881 3
518 1097 7
303 908 8
183 200 2
177 838 8
166 667 27
49 952 33
503 565 2
1451 139 3
383 1401 2
271 667 27
159 297 6
494 151 2
176 706 2
1176 1295 1
1545 1127 8
1482 412 5
1439 779 8
279 575 27
727 1087 2
1162 34 53
1284 248 12
1163 882 2
69 163 8
55 1086 8
1547 129 8
381 462 8
733 183 2
601 575 7
834 1045 33
205 700 77
373 1097 7
64 1448 30
830 805 2
360 689 2
386 1511 9
222 472 1
1162 1217 8
385 330 8
1296 957 8
362 1550 8
350 739 27
195 551 20
478 958 3
1389 1544 2
250 139 3
723 59 8
1030 335 2
675 823 2
259 507 8
1035 259 2
238 442 2
836 1483 30
233 76 7
981 1230 20
745 1005 36
911 1550 8
1479 516 2
3 682 7
897 37 7
418 277 1
672 1405 2
917 646 8
272 829 20
727 743 5
167 1291 30
1136 848 8
540 325 2
79 838 7
459 37 8
325 648 2
406 989 7
824 720 15
417 759 27
416 1121 2
1065 99 0
1135 158 8
921 620 30
281 1483 2
300 88 2
1080 325 2
616 1565 2
641 1310 8
543 259 8
620 453 2
850 535 2
777 21 8
1461 1588 41
1084 297 2
291 416 2
406 1213 7
162 1446 2
486 1455 2
766 1086 8
150 1340 2
1139 1291 16
1454 904 9
1390 1409 1
162 666 12
115 939 15
1055 565 7
535 813 8
1459 893 30
335 855 5
395 63 8
444 115 15
1054 159 2
380 958 2
727 1292 33
1180 958 3
277 59 8
1163 27 53
505 284 2
1259 1342 7
1264 59 7
129 1156 7
20 1116 7
1053 1310 8
1240 215 5
1163 423 2
581 836 2
366 606 2
779 792 6
82 543 1
575 168 2
804 929 7
99 568 7
383 287 30
256 213 8
1152 1384 8
790 937 7
447 248 12
1242 325 2
1047 1094 30
778 1565 2
344 183 8
921 1024 30
1161 37 8
627 88 5
990 1498 57
911 75 8
532 1283 2
939 21 8
303 238 2
1414 958 5
864 1619 2
65 412 5
515 1225 0
62 958 5
1016 113 75
531 1250 2
775 920 74
281 677 27
420 298 7
325 880 2
420 636 2
801 970 9
1232 44 48
187 1496 2
385 1097 7
979 1047 2
720 1184 1
1500 646 5
1084 993 2
797 97 8
958 1035 7
183 1456 2
1445 458 33
1019 149 8
1392 1170 0
1397 1531 1
1421 1342 7
862 1322 13
485 1496 53
626 1230 2
1045 1439 16
1114 139 3
1415 651 12
1526 1342 7
207 267 55
1050 441 0
922 939 15
61 1307 13
505 1376 2
1075 857 2
395 300 2
864 167 8
1458 642 30
738 97 8
1163 1515 2
1160 366 33
357 492 2
642 513 30
148 1321 8
723 1342 7
491 686 7
1058 759 2
1124 362 31
239 488 2
702 876 7
1037 689 2
720 65 8
479 476 7
1041 1075 2
256 1305 8
1075 890 30
903 1295 2
126 804 2
922 692 2
1272 1086 8
575 796 2
820 37 8
1251 637 12
551 980 2
1033 1337 2
907 929 7
598 21 8
70 1357 1
446 1384 7
440 366 2
1391 59 8
259 848 8
350 1321 8
780 727 1
990 523 57
647 1496 53
1450 325 2
502 303 20
673 126 2
995 418 33
82 125 2
409 638 27
416 774 2
328 88 3
76 1114 2
325 296 8
347 646 8
75 730 8
1436 1395 7
519 200 2
1215 362 7
995 350 33
765 63 8
27 418 30
295 309 33
183 773 2
200 803 2
1384 533 5
1200 937 7
82 52 8
995 642 33
531 499 2
309 838 8
520 718 2
1550 958 3
686 1201 5
1357 925 10
976 550 2
1305 937 7
1429 37 7
1400 297 7
277 1342 7
125 911 31
1042 667 27
1130 939 15
377 1418 7
494 719 8
722 1340 2
530 88 3
601 1252 7
486 1016 12
387 59 7
599 236 12
838 743 3
973 784 19
1078 1127 8
483 1581 8
252 464 27
1144 269 6
952 1354 2
568 1327 6
584 403 38
1480 775 12
1078 1419 8
1055 442 7
77 70 35
81 810 15
337 980 27
1044 207 38
575 1424 2
925 670 2
1258 1389 7
667 1388 7
1120 1213 7
1228 829 1
458 119 7
140 796 8
913 1252 2
674 360 2
915 223 2
401 960 35
241 311 2
1349 102 2
702 125 7
1252 168 2
233 1086 8
420 854 27
841 1152 26
1252 163 8
1163 341 3
1135 1200 2
645 925 1
241 697 14
519 1251 1
750 912 2
1126 502 7
208 823 2
551 229 2
287 911 31
335 65 2
420 289 2
563 330 8
213 1097 7
61 246 1
438 545 2
1230 533 3
420 581 2
187 1045 2
1179 1563 7
841 1417 27
1570 147 8
1539 1395 7
1570 881 3
550 326 8
1413 929 7
519 782 7
1335 37 8
845 892 2
995 377 8
69 1041 2
552 622 34
526 411 2
292 1395 7
162 1331 2
581 642 30
4 179 15
632 1127 8
1084 474 2
717 1310 7
262 812 1
514 1384 8
1400 1217 7
1075 114 2
147 303 2
161 937 7
577 461 1
829 1388 7
267 1127 7
1131 379 55
148 233 27
281 947 55
355 1097 7
1461 437 30
932 377 6
483 174 1
738 42 8
1403 1156 7
1128 1070 5
718 617 2
251 952 16
1352 392 36
162 1550 8
159 498 2
337 336 6
139 852 8
1336 442 5
577 1122 2
450 727 2
60 960 35
982 1156 5
791 1454 2
646 1514 0
978 505 30
713 958 3
1541 519 35
750 1567 1
150 70 2
1136 1388 7
915 455 2
485 139 3
325 850 6
239 365 2
952 697 14
952 301 14
228 1295 2
1082 418 30
1497 37 8
1468 256 7
923 462 8
1093 1377 6
714 1291 14
222 330 8
574 150 8
671 777 2
41 416 14
1123 1384 7
210 958 3
1116 1224 2
453 301 2
1444 732 7
551 857 2
335 693 2
88 796 7
390 911 31
303 1161 7
718 1200 15
643 438 6
177 1033 2
323 541 7
1329 812 2
515 528 1
1144 116 8
982 88 1
107 265 8
900 88 3
279 577 27
76 1455 2
829 1314 5
857 1230 2
504 689 2
292 70 2
534 458 33
69 66 2
873 777 2
395 1337 2
269 929 7
191 37 8
864 808 8
1156 1262 5
1050 1014 0
1001 718 10
1191 466 75
139 1553 2
252 185 27
957 1421 59
1249 1156 5
66 148 2
1174 335 2
1547 355 8
1295 39 7
77 59 8
945 1419 8
1356 926 15
40 149 8
1125 88 5
377 945 2
498 1086 8
271 516 2
1397 720 7
148 291 8
1394 206 27
268 1296 8
127 937 7
823 1199 7
365 1131 2
531 320 19
1262 686 7
722 1212 8
1252 1492 2
931 891 7
32 366 2
453 1101 2
88 34 5
117 945 1
256 1482 8
582 462 8
565 729 2
69 1325 5
689 1333 2
915 1479 2
148 27 69
551 1553 2
792 759 2
143 533 3
686 114 8
148 119 8
334 568 7
1191 224 5
283 988 31
1116 1456 2
350 291 8
551 739 27
544 591 2
80 1097 7
1357 113 2
618 1325 5
463 362 2
819 59 8
207 542 2
185 689 27
1031 1128 8
1225 59 48
552 657 2
80 1389 7
584 586 40
322 1128 2
381 1179 31
690 823 14
915 433 3
531 1140 2
856 1084 21
1570 92 8
438 48 7
74 618 2
1424 259 7
859 1121 2
913 1126 30
427 1550 8
1056 252 6
1337 501 55
306 139 3
494 901 2
1436 239 2
411 139 3
442 68 24
1078 667 27
841 693 2
505 974 2
929 284 6
1075 455 2
278 638 2
703 913 2
623 765 19
582 1163 2
311 519 30
401 1307 13
91 476 5
1230 704 25
1471 1227 52
602 444 2
88 1418 5
143 500 2
1388 1384 7
847 1340 30
1460 810 15
63 88 3
1179 102 8
259 1388 7
568 297 6
359 1352 2
479 516 2
281 428 55
337 1553 27
674 1001 2
335 1375 27
46 462 8
613 139 3
618 855 3
1335 1246 5
240 366 2
1110 1566 37
928 143 2
172 1325 5
320 183 6
567 732 7
584 1584 28
674 1329 2
915 359 1
692 495 8
1485 277 2
1130 724 1
162 594 10
1025 1156 8
301 107 77
155 330 8
780 366 2
692 787 8
438 848 7
545 256 2
698 937 8
1003 401 2
1566 562 57
141 775 9
1231 1062 8
438 1577 8
159 1118 5
281 903 27
869 458 2
643 779 6
1317 1252 27
841 1493 2
628 1395 7
659 881 3
818 453 35
1001 458 33
279 126 27
267 416 27
1545 929 7
424 730 2
86 140 8
88 219 2
1106 458 33
297 335 2
1549 551 2
1326 646 8
1323 1291 14
145 1437 1
1387 139 5
59 433 7
1131 489 15
489 720 15
1446 836 3
164 568 7
1004 952 30
292 239 2
183 298 8
183 199 2
172 855 3
780 519 30
1265 824 6
864 685 8
1037 937 7
205 1267 77
357 718 2
162 129 2
486 534 2
1266 433 7
584 1604 38
337 1305 6
479 651 69
873 1047 30
843 516 2
1356 441 0
707 256 2
362 1330 2
253 1389 8
321 1118 5
1479 651 53
126 1030 2
922 126 2
453 1046 2
450 1213 6
575 626 2
584 1377 8
1328 881 5
1031 458 2
558 1284 2
390 823 30
670 278 2
838 1335 5
357 937 8
787 442 7
552 670 2
512 1244 36
565 210 2
574 1015 8
3 836 3
617 1244 36
1321 252 6
581 702 8
873 1126 2
1330 1395 7
1359 453 34
1108 929 7
314 350 2
325 34 69
1454 23 2
325 423 2
447 102 8
70 153 12
759 1148 2
1371 911 31
300 259 2
574 611 35
750 1125 8
338 64 30
145 462 1
227 568 15
833 239 1
434 390 8
836 26 2
544 861 30
867 1127 8
267 37 7
878 139 3
1394 555 27
462 994 5
823 1070 5
158 335 2
49 295 2
1407 444 2
208 642 30
502 516 2
829 928 2
1014 412 5
444 286 15
364 1127 8
59 119 8
1193 39 8
950 272 7
1047 940 2
841 273 8
259 983 2
505 455 2
281 477 55
340 1562 7
605 531 2
1179 47 8
1295 882 2
674 666 12
1179 1360 30
1284 47 8
1164 937 8
1163 297 8
415 758 5
366 381 2
126 347 2
341 577 2
723 462 8
1156 808 2
59 763 5
22 330 8
584 298 8
483 32 8
396 1204 30
995 1340 33
551 127 2
1245 584 12
724 893 30
102 823 2
127 172 8
282 810 15
598 877 30
56 338 30
1179 553 71
1155 59 8
1127 1314 7
1317 577 27
1121 350 2
1126 728 7
106 399 2
220 759 2
265 350 30
223 505 2
344 646 8
1321 1213 7
27 1340 30
555 841 2
535 1357 2
531 1025 2
758 1496 2
1538 1395 7
981 1075 11
333 766 8
147 399 41
510 139 5
434 1482 8
4 36 14
402 1298 7
927 810 15
1176 412 5
1570 269 8
1075 804 2
584 1270 5
535 893 2
126 1314 5
952 463 31
650 425 2
55 937 7
869 335 2
140 287 5
1219 1125 8
1438 377 8
673 412 5
1437 1007 2
106 724 30
841 974 2
606 1084 1
838 1578 7
148 1169 2
1265 837 6
1390 209 1
267 957 7
1405 498 2
618 475 2
958 1034 7
829 1556 2
915 1319 21
395 471 2
543 239 39
727 1490 59
454 399 41
932 603 6
140 1035 2
148 454 33
290 916 8
1042 415 1
613 838 8
573 1335 1
609 803 2
1180 1419 8
876 1156 5
662 1566 5
277 462 8
205 816 77
933 766 7
148 1393 2
9 401 1
483 728 8
268 102 8
428 1047 16
494 90 8
447 1161 7
980 412 5
350 1169 2
29 568 7
646 1373 21
106 803 2
468 458 33
689 197 7
215 1135 2
309 573 15
1163 1217 8
125 492 2
143 1396 8
1025 1437 8
586 383 2
454 1212 8
337 455 27
76 1457 2
93 1091 2
1459 460 2
438 1025 7
1031 335 2
545 829 2
100 732 7
876 88 1
315 1097 7
736 603 6
395 902 1
314 399 2
1283 925 10
1019 958 3
116 59 8
915 1296 8
88 918 7
1237 1127 8
1230 595 33
552 151 2
922 396 30
177 1213 7
584 872 40
1471 681 59
718 115 15
1124 462 8
411 1075 2
78 256 2
1215 183 2
447 47 8
745 990 37
69 292 2
516 917 2
789 453 34
54 1128 2
1438 568 7
1037 412 5
325 341 3
686 976 5
162 0 0
162 478 2
494 499 2
252 411 27
681 925 10
1119 1212 8
159 1024 2
607 925 2
1078 929 7
1058 1230 2
53 1126 2
1394 500 27
1179 1330 7
1394 104 27
1146 384 5
1502 1352 2
1405 1418 2
1135 1314 5
1544 1127 8
287 492 2
1230 1070 5
292 416 2
813 394 1
1146 1550 7
1129 1421 1
297 1127 8
259 636 2
1282 162 1
1400 296 7
418 983 30
28 957 8
157 377 8
1339 646 5
707 829 2
259 928 2
208 519 30
910 1566 37
377 1062 8
1266 1298 7
77 241 35
1144 336 6
923 1384 8
1230 222 15
674 599 2
1213 1305 6
570 937 7
125 724 2
501 355 8
825 1156 8
415 307 5
455 544 7
455 148 7
699 1086 8
1037 172 8
1025 363 2
1128 1315 7
1251 113 2
1537 1070 5
102 476 2
420 1315 5
724 104 35
228 937 8
88 513 26
350 80 7
350 855 3
942 418 30
450 494 2
438 50 7
1076 950 30
648 829 2
205 514 7
1126 277 7
747 925 10
576 950 14
70 43 6
550 466 2
442 355 8
758 1045 2
872 1405 2
1126 1556 44
402 1243 7
777 833 8
1215 765 7
1221 303 2
535 942 2
350 451 30
550 2 2
295 512 2
863 1395 7
737 929 7
1139 1340 30
550 393 8
980 1384 8
69 1207 8
729 841 2
1340 820 8
618 488 2
162 1106 2
1283 1328 2
557 724 50
331 293 66
360 1395 7
505 1200 2
148 735 6
1533 650 1
440 775 10
387 462 7
273 836 2
395 119 8
1284 355 7
1461 1330 15
1461 934 15
147 370 2
1284 297 2
1284 893 33
780 117 30
1458 362 30
719 1212 8
471 239 1
126 300 2
933 419 7
361 702 2
485 1252 2
1225 1310 5
682 1315 7
27 207 38
502 765 39
1033 833 2
486 424 2
268 47 8
1519 730 8
170 1047 30
321 658 0
1037 409 2
475 148 2
301 401 77
453 248 2
381 59 8
1401 330 8
223 458 2
126 128 2
1056 139 3
458 1256 2
939 833 8
917 584 33
1127 1199 7
836 460 30
1145 838 8
247 462 8
676 476 2
1352 543 2
706 961 35
1338 259 2
226 689 2
1246 645 2
409 1568 2
797 1305 8
1446 401 2
1380 420 20
878 1075 2
1000 458 33
1205 1091 2
541 1125 8
552 533 3
311 1340 2
743 568 7
119 88 3
156 1093 1
295 1140 2
950 170 31
27 568 15
1065 1408 1
281 460 2
281 856 2
836 189 27
427 743 3
762 37 8
647 1252 2
1211 88 2
747 1328 2
1156 745 5
108 978 5
172 1207 8
383 1402 2
1552 1310 8
205 883 14
159 677 2
575 1152 26
1075 1309 2
373 603 52
952 116 7
117 974 30
1253 925 10
506 149 8
164 1127 8
434 671 14
61 390 8
938 667 27
401 63 7
46 1384 8
256 1388 7
1527 646 8
724 11 64
392 140 8
836 1550 8
1437 341 3
933 178 2
308 958 5
419 519 35
838 813 8
720 855 3
340 1160 7
729 377 8
523 939 15
841 163 8
598 833 8
1340 817 5
387 44 8
565 504 2
990 647 57
28 438 8
905 568 7
1140 236 12
184 312 57
315 1342 7
337 1028 27
823 32 8
238 1131 2
800 937 8
207 421 2
836 173 30
550 1046 12
447 297 2
290 1150 5
205 459 7
88 1199 7
681 113 2
1098 650 2
1443 1191 12
1476 1456 30
1454 978 3
78 829 2
459 330 8
552 719 8
1090 1384 7
875 321 6
1317 399 27
503 779 6
318 1213 7
1121 172 2
1539 1156 8
1144 579 35
849 706 2
761 1127 8
1304 1005 7
627 59 7
183 1121 2
1384 881 5
762 957 8
82 796 8
618 638 27
650 18 8
162 1447 2
581 362 30
486 1456 2
867 957 8
1156 62 5
434 908 8
1179 1215 7
377 1416 2
1295 488 2
287 377 2
544 983 30
1075 230 2
737 1144 2
1413 1310 8
570 412 5
618 365 2
1303 508 7
1518 1310 8
836 179 8
45 1565 2
1330 939 15
1351 241 35
1461 833 20
366 675 2
271 1310 8
483 326 8
4 1236 6
1184 139 3
1253 1328 2
281 203 55
391 765 19
494 622 34
1215 412 5
450 447 2
482 32 8
290 1554 5
126 177 2
701 239 2
447 993 2
140 852 8
913 1496 53
939 90 8
1082 568 15
515 1294 0
686 855 3
1024 350 2
646 507 21
551 1041 2
61 766 1
852 56 30
138 321 64
377 1072 5
438 623 7
819 462 8
1336 1156 7
550 747 2
88 166 2
679 108 8
1008 833 8
1437 1062 7
172 638 27
551 869 2
1445 732 7
1230 881 3
295 397 2
928 692 41
1570 891 8
1570 495 8
21 241 25
868 335 2
802 1472 5
300 1405 2
1570 787 8
395 369 2
541 611 2
172 365 2
1232 694 39
794 704 35
145 1212 1
43 1349 7
168 325 2
1476 309 30
836 1568 2
1099 377 8
483 590 1
1330 476 29
30 108 1
1377 412 5
622 637 2
503 803 2
642 908 8
192 37 8
1484 1050 1
1551 494 4
1378 1454 2
259 1190 33
140 1553 2
1163 1120 2
719 1389 8
874 412 5
33 88 2
223 1162 1
126 873 2
269 1310 8
307 724 30
550 345 0
718 1361 2
162 341 3
361 937 7
833 88 3
763 952 30
544 657 21
205 1334 77
566 68 1
598 90 8
119 1437 7
647 1126 30
823 1315 7
683 174 1
459 1389 7
991 1075 57
337 1041 27
29 1127 8
40 139 3
363 178 2
340 349 7
1193 23 50
550 1443 2
458 1491 7
145 139 3
899 1156 7
478 462 8
45 519 30
81 1566 1
817 958 3
674 25 2
452 1156 8
1040 916 8
992 1342 7
1562 718 10
1047 697 14
1047 301 14
1216 1310 7
997 59 7
1190 70 35
303 1555 2
592 56 50
1237 957 8
284 603 52
69 1375 27
889 1033 2
1126 758 44
1179 936 7
872 1295 2
502 859 2
620 759 2
395 1393 2
55 1395 7
255 88 5
183 774 2
995 88 3
894 37 8
759 208 33
1191 481 74
1438 1127 8
277 1384 8
183 1457 8
1183 1254 7
357 1585 2
252 533 27
551 1325 5
1139 911 31
372 505 1
1526 1389 8
845 93 2
1295 387 7
1437 226 3
255 1128 2
1295 1121 2
482 1315 7
205 1274 77
575 1493 2
297 88 3
692 824 6
4 493 6
1176 531 2
1154 1342 7
1302 88 3
440 1459 2
119 462 7
1254 1418 7
1047 611 2
337 1 6
855 1126 30
70 861 30
232 416 2
1229 1213 6
415 533 5
565 1077 2
1284 114 8
992 990 37
217 1252 2
902 1395 7
1158 44 8
1191 280 5
613 303 20
401 961 35
143 147 8
205 1100 7
108 1207 8
143 881 3
674 653 2
1254 80 8
1454 890 2
202 278 2
724 960 30
552 742 23
911 21 8
401 338 5
1252 852 8
362 851 30
535 840 2
1008 90 8
597 519 35
139 451 30
900 1086 8
632 472 1
88 1004 27
552 1396 8
281 623 27
744 550 1
1554 775 12
284 1127 52
777 663 8
313 1070 7
333 833 8
889 350 2
69 1042 2
1080 1295 2
1209 377 7
399 804 2
278 904 58
519 206 2
395 314 2
1549 667 2
1282 1084 1
646 101 8
394 20 2
309 706 44
294 1127 8
3 958 5
667 1315 5
1163 773 2
484 1252 2
618 938 2
183 18 8
1002 284 14
427 1335 5
573 1110 1
139 66 2
730 719 8
45 139 2
27 829 38
864 743 3
718 910 2
377 214 2
505 1307 13
921 1227 7
803 873 2
1069 44 7
1262 59 7
1405 497 2
357 1126 2
60 961 35
85 706 41
689 728 7
1135 1564 1
199 412 5
1487 929 7
1026 1565 2
1505 172 8
1252 1553 2
455 1340 2
173 915 30
619 37 8
151 519 35
1367 689 2
244 1437 8
1025 1212 8
97 568 7
335 762 2
1121 1045 53
1237 929 7
1254 1396 8
416 1184 2
582 59 8
667 471 59
722 519 30
849 483 15
650 1000 2
886 1389 7
727 634 5
541 960 2
1297 494 1
205 349 7
990 230 17
1292 1179 31
1537 1315 7
1062 59 5
1084 1567 2
117 976 30
458 974 29
76 1456 2
898 937 8
283 189 31
503 377 6
273 633 1
659 891 8
168 1362 2
1227 59 8
295 1262 2
1499 295 10
318 709 80
318 313 80
292 759 2
317 108 8
71 933 2
395 1338 2
650 1224 2
1547 424 8
937 1381 7
601 1266 7
531 49 2
238 950 30
1515 1131 2
1547 716 8
494 670 2
421 1008 39
1550 462 8
179 958 3
486 274 12
1230 75 3
1376 724 1
1482 139 5
603 210 2
505 347 2
721 350 27
377 910 2
139 1450 2
138 1084 1
163 37 7
862 355 59
584 347 16
350 638 27
1284 1443 2
1384 1181 7
1393 1437 7
205 1615 77
910 412 5
40 838 8
1284 1112 23
947 584 2
1112 61 15
36 803 2
360 812 2
140 81 7
692 373 6
1193 1456 50
1252 1493 2
1144 111 6
988 531 30
350 365 2
674 374 2
1350 162 1
247 1384 8
988 584 41
983 573 15
218 1342 7
363 751 2
404 958 5
140 54 8
343 929 7
53 830 30
489 1212 8
922 1162 2
381 519 30
458 65 7
361 172 8
1480 933 2
309 61 15
1191 225 5
452 1437 8
284 1179 31
416 1609 47
565 662 2
1138 438 48
1116 1457 2
689 18 8
489 765 19
1003 1126 33
1132 1400 2
775 879 74
588 44 8
83 1047 2
576 730 8
1338 1405 2
286 1265 1
1316 519 1
325 479 2
1558 907 32
603 865 52
688 1008 39
759 854 27
1328 562 2
1329 1395 7
70 547 7
1022 1457 8
439 1131 2
333 90 8
1566 34 12
178 252 6
761 957 8
921 347 30
409 647 2
401 1381 7
1146 855 5
722 823 16
256 854 27
1221 370 2
1250 925 10
55 703 2
230 1565 41
281 500 27
318 1233 80
584 1439 16
565 883 30
759 226 3
650 244 8
1355 925 10
974 550 2
1100 236 12
1337 794 55
500 259 2
569 412 5
1394 903 27
838 1298 7
703 914 2
720 903 1
528 88 3
574 1507 1
145 1097 7
406 462 8
694 909 1
32 1459 2
1515 88 2
759 112 8
1163 322 2
1056 1252 2
154 1389 7
145 1075 2
363 1109 7
1252 1375 27
64 596 30
1265 489 6
651 380 40
646 1132 0
204 293 66
126 763 2
486 199 2
703 1138 2
766 646 5
1164 1389 8
565 1358 2
598 1583 8
1522 139 3
852 350 30
95 683 0
476 1355 2
546 750 30
650 1554 0
696 140 8
876 412 5
205 1381 7
927 70 1
208 1127 7
810 355 7
311 162 1
337 506 6
383 806 30
907 366 2
753 1213 6
45 117 30
101 531 2
1328 1475 37
226 172 2
447 1443 2
1227 1342 7
1352 714 2
69 1391 2
1217 1310 48
1570 789 8
176 60 41
210 462 8
810 1062 3
438 1479 2
1008 663 8
209 434 2
217 149 8
796 44 8
447 1112 23
921 1439 30
650 945 2
541 905 2
281 1196 27
1456 366 2
744 727 1
1315 1437 52
84 1040 2
1497 1419 5
859 1004 27
156 472 1
1444 552 2
1333 37 8
702 469 5
926 810 15
706 960 35
494 883 33
321 147 8
538 1086 8
177 911 2
1211 259 2
164 929 7
730 1073 2
86 37 8
269 438 6
295 200 33
524 703 2
168 551 2
856 1097 7
759 808 8
855 399 2
444 1330 15
1397 442 7
148 1138 6
1382 958 5
1461 1371 30
505 1161 7
858 140 8
1174 281 2
1394 220 27
377 1251 2
1197 37 48
252 423 27
1119 642 30
381 535 2
45 420 2
584 1605 38
1284 381 33
738 908 8
126 1391 2
1384 1418 7
838 588 8
61 97 8
486 443 12
39 139 3
393 37 8
1078 1310 8
1371 568 7
923 1104 8
586 1195 2
29 957 8
1045 185 38
829 916 8
819 1384 8
20 1389 8
911 189 27
810 1420 8
501 471 8
816 958 3
184 87 57
950 301 14
148 65 8
515 441 0
1069 952 30
1371 937 8
885 108 1
1120 1437 8
112 836 2
1330 1005 1
659 1199 7
1252 54 8
1228 256 1
665 183 2
659 1491 7
1128 909 2
83 1342 7
535 334 2
1253 730 8
281 221 27
541 1487 7
295 1292 33
211 59 8
1525 256 2
535 266 2
973 1031 2
1333 957 8
395 1515 2
189 37 8
1438 957 8
205 890 14
74 1252 2
531 622 2
1219 102 8
55 252 2
939 938 6
841 347 2
759 726 33
458 1315 5
1543 1307 13
162 1217 8
420 3 8
841 1035 2
841 639 2
267 330 7
434 678 14
90 970 9
1307 1156 8
838 1243 7
61 793 8
148 834 2
446 453 35
290 685 8
1055 633 7
737 1310 8
364 1128 8
365 667 27
88 1014 0
45 1340 2
1193 1341 50
366 450 2
159 92 8
483 101 8
213 1127 6
796 1395 7
735 970 9
912 803 2
268 163 8
679 929 7
601 37 8
531 1239 30
579 434 2
637 1067 5
384 1389 8
173 117 30
301 121 77
458 684 2
143 769 8
1407 724 35
108 1392 7
270 1135 30
335 360 2
899 303 7
334 1084 2
770 937 7
437 568 7
1127 1315 7
325 1120 2
1230 391 2
606 1047 30
906 377 8
1355 113 2
1040 63 8
1230 1079 2
449 139 3
108 54 8
736 1002 1
70 1516 7
370 696 41
281 1141 27
147 692 41
425 686 7
1156 533 5
911 471 8
419 59 8
37 903 6
399 1030 2
829 850 6
1221 646 8
395 540 2
880 508 2
1180 1384 59
321 92 8
54 59 7
750 47 8
736 929 7
606 1126 2
913 1135 5
630 937 8
383 1122 2
1124 59 8
1476 480 30
294 957 8
1183 401 7
1460 730 30
454 692 41
64 877 30
727 1100 2
932 937 7
1084 611 34
33 259 2
888 483 15
1303 37 8
102 412 5
552 1225 0
830 922 2
1214 139 5
1265 1062 6
784 1400 77
157 88 3
119 1212 7
1233 50 1
252 300 27
674 1575 2
915 1001 1
1119 519 30
256 685 8
1378 1453 2
364 377 8
576 1608 2
265 1047 30
1505 1086 8
42 838 8
797 1388 7
899 535 7
457 568 2
383 983 30
420 1125 6
1463 59 7
1266 936 8
1104 512 1
259 916 8
880 183 1
295 1264 2
447 116 8
148 1118 5
1009 278 2
221 1212 8
1190 241 35
598 883 30
1008 1236 8
438 53 2
241 1455 30
88 919 7
650 1518 2
515 359 1
991 1231 17
74 577 2
211 108 8
552 147 8
281 166 27
503 603 6
552 881 3
867 750 2
568 90 8
401 1102 37
1087 1097 7
865 1342 7
190 335 2
1304 37 7
750 284 2
1418 1131 2
777 102 8
66 1131 2
1075 619 27
1085 325 1
1006 519 35
618 1418 7
867 682 2
1000 970 9
1219 47 8
1166 1395 7
581 519 31
162 771 2
514 829 2
804 412 5
454 823 16
463 911 31
494 787 8
1496 1595 38
518 108 8
599 1084 2
494 753 23
380 1075 2
911 101 26
618 80 8
116 829 2
1233 678 1
535 536 30
281 27 55
913 321 6
406 412 5
692 891 6
485 958 3
976 1047 30
1040 1054 7
191 823 31
362 296 8
659 1070 5
937 97 8
1029 458 2
373 108 8
1359 366 33
808 1419 8
472 908 8
1481 396 33
205 1271 7
362 228 8
546 162 1
325 773 2
442 33 2
515 1014 0
1024 70 2
551 365 2
451 1135 2
442 424 8
649 1470 2
1009 568 7
878 516 2
997 462 7
1201 159 1
1254 147 8
419 1342 7
418 1314 1
895 937 8
1289 573 15
83 1565 2
1478 674 2
1284 1325 5
1128 1581 8
750 1376 2
921 1037 30
1230 1224 33
635 650 1
1110 812 2
617 70 35
867 1086 2
724 945 1
303 647 2
651 1283 38
546 823 2
988 1128 2
291 541 2
183 1199 7
199 531 2
1550 1384 8
156 70 1
247 59 8
236 1490 5
768 37 7
1525 829 2
591 718 10
528 44 8
978 420 2
720 1197 1
416 555 2
1080 633 1
287 1585 2
584 873 16
395 485 2
739 531 2
391 841 2
1394 1525 27
291 1156 8
731 59 7
139 701 2
543 1291 14
117 347 30
476 1357 2
912 377 6
172 116 8
494 309 33
391 1128 8
311 642 30
395 808 8
864 226 3
1284 590 2
928 438 2
573 1281 1
1061 1047 33
252 284 6
1394 856 2
324 911 31
1521 139 3
1171 568 7
476 893 2
486 425 2
647 950 30
1277 1154 7
770 412 5
278 1439 14
1162 533 3
1461 454 41
250 1097 7
1405 272 2
729 88 3
657 1170 0
383 704 30
724 1139 30
668 59 5
1045 1227 8
447 1445 2
543 303 20
834 88 3
348 541 2
646 1319 21
170 1340 30
1485 468 2
1367 172 2
1172 1127 8
1133 1156 7
1466 931 1
1357 1328 2
244 1212 8
873 911 31
419 990 37
575 908 8
1025 1284 2
442 661 2
125 37 8
689 773 2
689 1169 2
1316 958 5
401 53 35
772 377 7
4 678 14
337 297 27
218 759 2
1261 462 8
1284 0 0
438 1309 2
550 699 2
848 159 5
823 1406 30
357 830 30
995 535 33
820 810 15
389 939 15
961 550 1
295 98 33
541 1423 2
432 1086 8
1439 458 2
718 3 10
552 92 8
416 1183 2
399 1166 1
401 178 2
859 269 2
205 97 8
950 463 31
747 933 2
519 609 2
750 229 2
577 223 26
565 513 26
828 1454 2
503 859 2
983 706 44
853 1511 74
377 789 2
692 320 6
996 88 3
1001 1170 0
718 1101 12
483 938 1
500 1405 2
1179 880 7
634 1086 8
553 724 35
506 838 8
810 594 1
447 1325 5
491 1395 7
117 789 1
163 937 8
1393 1212 7
607 803 2
1343 236 5
290 179 8
443 1285 5
582 603 2
145 618 2
69 68 24
1493 1230 2
252 581 27
1545 88 3
923 939 2
360 937 7
899 1572 7
909 259 2
150 1230 2
449 1097 7
577 611 2
1129 903 1
1055 59 7
501 743 3
931 1396 8
60 53 35
1371 1127 8
1201 720 15
449 1075 2
1240 260 1
1220 438 6
945 108 8
205 528 7
1266 1217 8
28 1127 8
59 654 5
1126 291 7
452 1212 8
184 605 57
840 4 14
515 1000 1
761 472 1
1029 335 2
789 366 33
702 41 74
912 958 3
265 241 30
921 586 30
808 1291 14
546 321 64
1476 1457 30
759 233 27
661 1156 8
501 1348 21
281 739 27
631 159 1
915 163 8
65 1582 2
199 476 2
1227 462 8
577 856 20
720 850 1
889 70 2
409 26 2
295 62 2
300 44 7
958 701 7
183 726 2
69 762 2
279 1565 27
83 1437 8
933 1015 36
1211 1405 2
973 1549 2
303 128 2
399 1417 27
278 774 2
1081 1295 2
1126 1282 30
873 415 44
1416 531 2
371 568 7
1075 231 2
933 433 7
447 0 0
1204 88 3
4 1305 6
162 1298 7
1461 880 15
1082 765 39
703 981 2
1045 1503 38
601 290 7
1249 937 5
1461 834 20
1160 1097 7
730 881 3
1495 829 2
928 779 2
495 37 8
1461 450 30
380 1252 2
1146 21 7
159 219 2
337 57 6
1500 1284 2
281 600 55
674 1173 2
915 599 1
272 501 55
577 843 2
565 1133 2
1144 1243 7
541 1417 27
470 183 1
912 925 2
564 1496 2
1075 160 30
880 1126 16
438 1030 2
20 140 8
575 66 2
762 1389 7
143 891 8
1084 293 0
1122 1163 2
730 320 19
1087 990 37
1225 823 48
314 1565 2
1003 933 2
744 674 1
816 59 8
434 903 6
925 596 33
551 938 2
383 873 30
1487 1310 8
272 148 20
56 309 16
226 239 2
779 86 2
1384 1578 5
544 75 8
476 1455 30
541 1076 2
281 1367 27
505 338 5
638 568 7
526 1516 2
1084 1287 2
420 1321 8
106 915 30
148 1377 6
1322 1097 7
401 1388 7
657 37 8
205 42 8
395 1058 2
395 662 2
74 399 2
730 1140 2
402 83 8
692 265 6
718 1046 12
486 670 2
502 60 2
1394 391 27
192 330 8
1117 139 5
862 75 59
582 256 2
350 1418 7
1291 116 7
579 1310 7
191 810 15
1185 259 8
486 602 2
495 957 8
927 937 1
457 862 2
692 489 6
340 1106 7
1160 952 33
829 3 8
907 1233 2
494 213 8
829 341 3
476 155 2
29 1128 8
337 1042 27
925 1292 33
31 1144 44
582 183 8
1180 59 59
1479 531 2
1352 1243 7
667 704 2
112 1075 2
1054 139 3
1566 1430 57
774 667 27
1479 823 2
1005 3 62
1163 75 3
1291 772 14
91 568 1
3 989 7
458 1388 7
558 1352 2
1266 766 8
457 1086 2
1191 3 10
552 446 2
303 1578 7
148 477 70
901 812 2
695 937 8
116 646 8
790 256 7
1193 1207 5
631 720 15
637 146 5
745 1244 36
1565 1169 2
982 505 1
360 519 35
1230 1491 7
302 1284 7
1337 1295 2
108 908 8
462 90 8
1128 1080 2
183 843 2
1223 836 2
673 420 2
383 156 15
898 1389 8
961 727 1
295 671 33
1555 911 2
922 915 30
526 145 2
916 573 15
151 1342 7
1075 1555 2
880 1362 2
401 751 2
377 1046 12
823 926 15
32 139 5
976 552 2
69 707 2
1438 1128 8
599 702 12
439 952 30
847 1086 7
281 220 27
183 1062 8
1127 1475 5
592 1213 6
603 662 2
950 116 7
1278 363 1
517 108 8
1251 925 10
335 766 5
1230 652 55
30 259 2
208 418 30
1416 476 2
1050 93 1
391 335 2
530 44 8
462 1062 5
1394 623 27
363 1015 36
703 1030 2
158 1195 2
442 1578 5
162 562 23
494 1305 8
606 205 2
278 255 2
546 642 30
140 475 2
33 1405 2
730 92 8
126 191 2
88 743 5
1162 1396 8
772 149 77
480 823 2
925 1428 2
836 813 8
148 978 3
483 272 8
259 1505 7
148 932 8
816 1342 7
144 838 8
1313 350 14
256 228 8
565 1078 2
290 1500 5
3 929 7
1044 501 38
1026 1230 2
238 667 27
220 603 2
688 541 2
564 1045 2
581 1075 2
903 568 7
1136 1054 7
452 1389 8
560 568 1
911 27 2
276 139 3
22 1086 8
1266 83 8
1110 1002 2
823 502 8
718 1330 15
598 1341 30
547 551 2
61 1004 1
1009 1127 8
483 1220 15
550 297 2
1126 796 7
974 674 2
541 625 2
541 229 2
986 1591 38
1153 958 5
420 479 2
1087 686 2
1210 568 7
434 1550 8
411 911 2
399 805 2
285 841 2
61 1322 13
35 838 1
720 1418 7
721 1394 27
1128 32 8
1084 1227 8
189 44 8
1310 936 7
140 63 5
399 1493 2
535 975 85
71 598 2
186 1395 7
646 102 8
836 722 2
750 114 8
752 1097 7
374 933 2
599 1291 33
706 1228 1
729 44 8
399 1029 2
408 1384 8
1340 1341 30
359 366 33
1547 21 8
144 1097 7
1337 519 25
159 500 2
159 104 2
599 330 8
45 140 2
164 1310 8
1284 1207 8
475 1131 2
670 958 5
750 384 3
381 646 8
1163 1457 8
143 1199 7
266 458 33
205 884 77
727 160 33
1171 1127 8
1352 1415 37
1251 1328 2
841 54 8
1154 1389 8
328 1395 7
447 1567 2
1008 751 1
1210 958 5
1479 476 2
301 1212 77
335 763 2
575 1035 2
434 1184 6
541 1029 2
502 383 41
197 937 7
780 674 1
889 1047 2
1568 172 2
139 684 30
1454 208 2
325 212 2
703 1314 5
107 627 8
416 1081 2
501 1335 5
138 1047 30
1131 83 2
759 1333 2
1128 728 8
1520 412 5
1443 732 7
325 581 3
70 258 2
159 489 6
516 693 2
761 330 8
406 777 7
534 552 2
411 1097 7
69 360 2
183 324 2
279 1163 27
1215 205 7
1313 1310 7
54 462 7
862 424 59
702 1109 5
318 1437 8
69 355 8
183 616 2
171 568 7
399 619 27
1476 883 30
530 950 33
159 1196 2
45 836 2
85 37 8
1375 412 5
841 463 2
145 516 2
706 1122 6
1400 932 7
36 476 2
1394 672 27
252 479 27
190 37 8
420 119 8
938 689 2
399 54 2
543 829 20
401 920 2
582 829 2
694 178 1
441 937 5
720 1396 8
573 428 1
1193 1457 50
113 817 1
1056 958 3
143 265 8
259 704 2
1383 730 7
838 936 8
913 929 7
363 1112 2
772 925 5
915 1404 1
692 1062 6
438 1152 26
340 1283 7
646 855 5
259 1054 7
457 1389 7
252 34 53
909 777 2
27 1127 8
922 1163 2
808 803 2
112 1252 2
724 974 30
702 432 7
1358 958 2
665 703 2
573 355 7
990 1458 57
1082 1340 30
126 63 8
789 952 33
633 1184 6
849 750 30
362 341 3
438 1417 27
314 1163 2
646 1161 7
1024 241 2
228 568 7
1215 1005 7
854 434 1
178 321 6
207 1232 2
324 492 2
1216 1384 7
765 269 7
329 812 2
183 1416 2
1231 728 8
70 548 7
270 724 31
281 569 27
334 1127 8
650 214 2
543 1144 2
958 99 0
1215 541 7
61 485 1
641 396 33
156 241 1
362 1335 5
1315 706 52
639 730 2
1415 444 57
210 59 8
1533 494 1
619 1097 7
172 355 8
40 1144 2
977 162 2
1554 933 2
1337 399 55
736 1086 8
485 321 6
1405 219 2
1394 1196 27
1127 341 5
1460 1230 20
982 683 66
399 974 2
492 80 7
703 1161 7
1353 779 5
751 1126 14
220 911 1
1403 1395 7
718 460 2
362 704 2
575 360 2
1179 678 71
325 865 6
1382 929 7
1291 597 44
442 900 2
491 812 2
350 890 2
586 172 2
479 706 2
925 890 33
1188 362 30
795 1395 7
746 1059 5
256 743 3
686 1396 8
931 147 8
1396 37 7
198 785 1
900 1395 7
506 303 20
931 881 3
1121 1163 2
1367 239 2
810 793 8
449 618 2
1020 838 8
438 1210 7
1377 937 7
681 1328 2
1008 1029 2
692 789 8
999 331 7
692 393 8
1003 775 12
1201 183 5
777 1305 8
290 298 5
35 412 5
1289 61 15
759 882 2
1216 1097 7
430 694 39
1144 63 8
541 1198 2
1476 604 30
1207 1395 7
541 1292 14
420 1052 2
1144 355 8
1156 881 5
84 937 2
627 1252 2
363 389 36
841 681 27
279 420 27
1084 1409 2
273 1496 53
913 841 30
544 129 8
166 239 2
630 1389 8
1321 958 3
172 488 2
868 750 2
1476 536 30
86 330 8
1461 976 30
159 1141 2
259 46 6
162 491 2
1007 519 35
140 638 27
752 108 8
1062 1395 7
479 1127 6
1394 221 27
494 512 2
1284 993 2
268 1207 8
829 1190 33
601 1040 7
126 1054 7
1458 573 15
455 823 16
317 990 5
88 341 5
544 780 21
380 399 2
590 444 2
337 1203 6
1047 210 2
1391 256 2
1302 37 8
128 259 2
486 1120 2
197 412 5
252 648 27
1144 57 6
1024 1565 2
337 872 27
841 627 8
505 116 8
238 929 7
125 841 2
218 1230 2
388 70 35
876 505 1
910 1002 2
665 252 2
242 70 79
401 1289 36
45 642 30
322 1097 7
216 453 2
230 1128 8
848 958 5
455 535 2
887 650 2
1480 444 23
519 747 1
230 418 33
880 1260 2
438 63 7
83 1384 8
370 796 20
759 1510 2
1360 139 3
241 596 30
1223 958 2
1231 277 8
590 204 5
736 416 2
1008 273 8
61 138 1
552 891 8
281 514 27
183 1315 7
317 646 8
70 831 2
116 60 55
362 454 71
425 59 7
1555 1033 2
197 172 8
159 1062 6
220 765 19
531 983 2
63 1395 7
1394 917 27
1053 412 5
83 1212 8
102 418 30
424 44 8
232 1566 5
958 768 7
401 1322 13
189 330 8
177 958 3
1475 444 57
841 1036 2
1194 1437 8
28 937 7
494 1140 2
252 1052 27
1352 311 35
1285 721 1
505 916 8
399 231 2
181 646 8
1569 761 15
554 810 15
577 1082 2
727 77 2
694 751 1
1265 39 6
957 685 8
701 37 7
1013 732 7
241 165 7
915 374 1
1480 1191 12
1252 360 2
912 321 6
447 1561 2
464 1195 2
823 796 8
1041 516 2
337 189 27
1344 921 57
1163 533 3
51 830 30
931 92 8
519 1443 1
438 1155 7
903 1127 8
226 140 7
672 859 2
879 1608 2
787 1260 7
915 639 2
1351 434 2
981 1437 11
324 377 2
359 453 34
1230 1080 2
1254 891 8
556 1045 12
861 1284 2
450 1135 2
112 149 8
535 1359 2
438 1029 2
1317 1163 27
1047 1455 30
1197 88 5
1352 614 7
1264 453 35
550 419 2
241 1224 30
116 396 55
555 1135 2
541 455 2
140 357 5
712 412 5
60 1228 1
1037 1131 20
515 24 1
143 441 0
999 937 8
416 611 2
230 377 8
951 915 21
1380 829 20
420 1393 2
542 973 2
1210 1086 7
416 903 2
922 750 30
872 438 8
411 1033 2
692 622 35
1084 347 33
863 37 7
1131 296 8
618 1187 7
398 183 2
1459 451 30
1053 108 1
618 1525 2
833 1156 7
944 505 2
374 775 12
1179 308 7
176 1116 2
1565 904 9
267 44 7
603 497 2
362 1345 2
1394 166 27
252 369 27
241 1554 1
56 1500 30
758 70 35
269 1086 8
155 1437 8
241 1549 7
575 641 2
366 1371 2
1246 647 57
810 606 1
126 1337 2
1303 330 8
603 33 2
494 92 8
1299 295 2
388 59 8
125 458 2
1252 638 27
1162 881 3
586 453 2
923 659 2
1284 998 29
383 1448 30
333 1491 7
377 728 8
457 929 2
800 335 2
1079 1291 30
1061 453 34
582 646 8
265 1340 30
415 369 5
667 433 7
501 21 8
290 1335 5
844 501 71
552 617 2
816 462 8
438 619 27
220 438 2
654 434 1
80 1349 7
322 692 2
184 721 57
1022 728 8
1414 412 5
433 1395 7
901 937 7
1073 911 31
558 453 34
900 239 2
1454 726 2
889 1565 2
1330 1342 7
638 667 27
1216 1419 8
1396 88 5
541 1479 2
550 1112 23
1312 568 7
82 194 2
717 1005 36
823 928 45
852 1295 2
435 730 8
636 1131 2
442 21 8
864 1396 8
434 743 3
61 83 1
325 324 7
325 662 2
65 568 7
330 685 8
685 139 3
836 101 26
1163 513 26
69 190 2
551 68 24
720 174 1
1308 779 6
702 1335 5
1046 1066 5
1304 330 7
1114 836 3
864 932 8
183 796 7
171 1127 8
381 1131 7
655 59 8
1271 1284 2
395 150 2
1459 1371 30
494 397 2
926 1005 1
287 494 2
738 1550 8
544 704 30
171 1419 8
603 729 2
1496 1596 38
252 1393 27
24 1284 2
611 1191 2
47 59 8
1328 440 35
741 1291 14
829 433 7
797 1315 5
727 705 59
372 568 7
759 3 8
759 341 3
205 135 77
595 1395 7
988 362 30
686 270 1
519 1282 30
1056 1097 7
483 47 8
841 908 8
300 823 30
1391 829 2
1039 1405 2
505 793 8
1127 163 5
1161 1097 7
476 558 2
712 1384 8
750 1194 30
1516 551 2
350 488 2
241 844 2
256 3 8
909 1295 2
256 341 3
703 1420 8
817 1384 8
447 1110 2
63 646 5
565 807 7
674 562 23
472 1305 8
779 1243 7
1009 929 7
454 140 2
453 206 2
658 1097 7
641 1405 2
551 762 2
552 1199 7
442 722 2
1232 1437 48
208 1310 7
952 855 5
646 520 21
551 1054 2
325 1457 8
228 1127 8
545 148 2
324 718 2
702 923 8
1563 1389 8
107 1377 8
170 377 6
1215 1127 7
362 919 30
256 1335 5
438 974 2
1008 158 8
186 1342 7
334 88 3
524 370 2
447 998 29
76 208 2
1314 401 2
1394 1198 27
869 642 2
416 556 2
1308 183 2
721 1565 27
158 1328 7
925 441 0
818 241 35
915 513 30
390 458 2
318 149 80
395 778 2
945 933 2
727 1114 2
618 1132 7
483 311 1
162 89 2
706 269 6
388 1342 7
999 1091 77
1295 1525 2
568 489 6
1545 1086 8
958 1314 8
333 338 5
373 76 7
1058 841 2
1174 172 2
820 1097 7
1158 958 3
337 101 26
544 1105 0
779 1210 6
1246 300 57
48 1008 39
85 1238 41
933 1109 7
1003 683 0
575 586 2
544 1397 0
1193 604 50
1193 208 50
27 501 38
750 1325 5
535 1457 30
707 148 2
575 878 2
28 172 8
838 83 8
337 74 27
903 667 27
1373 683 2
1377 1127 7
239 898 2
829 119 8
301 1091 77
1254 1199 7
337 762 27
917 1496 69
187 823 16
1031 350 2
922 706 2
112 399 2
1087 1005 36
1258 1212 8
125 335 2
438 1332 7
999 458 1
80 1002 7
1217 929 7
799 377 8
1232 462 48
303 1298 7
442 908 7
604 1047 30
333 1305 8
451 453 2
909 148 2
915 1207 8
624 823 30
187 1047 16
1284 293 0
53 598 30
1371 830 30
1318 1181 7
613 779 6
1136 119 8
541 1424 2
541 1028 2
890 1340 2
618 1536 7
492 254 10
281 112 27
961 447 1
655 1342 7
143 1014 0
981 718 7
1476 726 30
581 492 30
107 626 8
47 1342 7
922 584 41
859 166 2
901 519 35
934 159 1
584 191 16
616 836 2
1500 911 31
565 31 30
604 1126 2
154 1047 2
628 937 8
252 1377 6
178 462 8
1397 565 7
162 717 2
603 778 2
692 613 6
836 210 2
162 1009 2
290 226 3
1394 739 27
1196 37 8
259 233 27
1522 958 3
222 1127 1
162 282 23
1284 888 23
125 1135 2
582 954 7
519 539 30
938 584 53
143 40 8
1110 1389 5
145 911 2
1399 139 3
999 340 77
692 837 6
999 775 5
760 990 5
162 936 8
1133 1389 7
1383 838 8
447 367 2
1480 458 33
565 798 2
841 68 24
217 577 2
1090 1244 36
28 1128 8
990 837 57
1220 1127 6
205 1217 7
1503 37 8
401 1015 36
551 311 2
1454 611 2
552 1581 8
652 252 6
778 836 2
447 591 2
366 229 29
598 1457 30
1324 325 1
547 667 2
1135 917 8
1454 1299 2
438 289 7
438 231 2
633 891 6
702 771 75
110 829 19
657 702 12
921 983 30
1449 88 2
1340 881 3
541 53 2
859 1258 2
1418 667 27
1397 1266 1
183 1483 2
526 889 2
303 588 8
66 667 27
606 911 31
1052 412 5
182 1135 2
619 172 27
377 1399 6
639 505 2
724 782 7
179 1384 8
69 763 2
650 877 33
1456 139 3
287 1135 2
494 1388 7
55 37 7
1056 321 6
1403 1342 7
1265 1125 6
841 762 2
1394 1367 27
381 692 44
1131 222 15
447 293 0
1047 1424 2
1132 1170 0
365 689 2
290 808 8
1156 1418 7
1322 1126 14
484 973 2
115 686 1
674 858 12
730 49 2
227 472 1
1 438 6
1541 937 8
1461 451 30
159 220 2
421 750 30
836 1161 8
139 475 2
128 1405 2
1144 1203 6
127 1156 8
272 794 55
852 418 30
383 942 30
447 1287 2
230 1340 33
453 883 2
337 707 27
1352 908 7
344 838 8
672 689 2
1082 420 20
551 601 7
259 119 8
454 1005 2
281 1436 27
160 911 31
1511 784 19
416 905 2
1045 35 40
667 588 59
545 325 2
889 1163 2
447 888 23
464 37 8
83 140 2
1437 627 6
476 1456 30
880 803 2
667 296 8
1444 1084 2
295 1447 2
759 1053 2
934 720 15
191 1389 7
650 617 2
1562 823 33
434 341 3
453 1500 30
1062 1342 7
241 1160 1
1548 1127 8
330 179 8
519 555 2
960 494 1
731 1389 7
657 330 8
1212 355 8
1476 311 30
37 111 6
958 854 27
69 471 8
436 1291 14
1547 833 8
535 97 8
1550 183 8
176 1342 2
1126 926 15
727 284 33
747 444 23
162 266 2
1496 798 38
522 139 3
261 950 33
285 1116 8
434 1335 5
1119 418 30
24 486 2
30 1131 2
938 409 2
505 63 8
862 226 3
642 1204 30
879 1610 56
246 434 2
1453 152 30
575 1555 2
1566 1499 57
1193 781 50
205 1628 77
707 325 2
575 1550 8
626 37 8
340 1003 7
337 647 27
921 265 7
1428 990 5
829 296 8
1250 1328 2
548 434 1
1052 1384 8
338 330 7
1355 1328 2
18 37 8
598 782 30
1193 170 30
696 1128 8
1084 1214 0
205 766 7
856 483 15
325 664 2
654 802 57
322 476 7
1342 770 2
383 191 30
823 553 71
998 1389 7
1321 321 6
212 584 2
1046 1068 5
592 350 50
1450 516 2
390 1097 7
1114 401 2
88 1042 7
1555 1496 53
1340 51 7
1340 92 8
1284 1554 0
1163 1070 5
747 1191 12
390 1389 7
1312 1127 8
552 1062 8
289 1461 2
281 289 27
388 325 1
70 606 2
1397 1170 0
159 837 6
634 1395 7
1084 209 2
1502 1170 0
65 1086 7
1536 252 52
921 464 30
333 1315 5
927 939 15
706 53 35
1144 818 35
267 1405 27
1536 59 7
1264 990 37
618 672 2
1194 1212 8
266 568 7
1400 884 7
329 519 35
455 531 30
252 1223 27
1163 1004 27
1075 177 2
497 526 2
148 1006 2
552 441 0
1047 1077 2
574 1228 1
488 958 2
406 183 8
829 1393 2
252 1515 27
508 833 8
367 812 2
285 37 8
577 857 2
428 952 16
494 200 33
1055 1097 7
508 1125 8
1054 399 2
1042 689 2
856 59 8
139 128 2
148 187 33
1287 823 33
575 681 27
1144 856 6
362 424 2
816 1384 8
415 1187 5
454 330 2
442 620 2
834 37 8
584 75 8
795 1156 8
803 831 2
1485 359 2
210 256 2
1304 550 5
396 877 30
1008 848 8
689 326 7
770 1005 7
85 862 2
905 667 27
550 274 12
1324 1002 1
1145 730 8
551 488 2
283 27 31
170 603 6
763 1231 17
369 535 30
931 533 3
1282 1340 30
550 590 2
295 1100 2
631 1093 1
671 1127 8
635 377 1
1128 101 8
491 519 35
756 1252 2
541 626 2
140 132 5
206 836 2
281 917 27
787 139 3
1120 462 8
1506 720 15
85 1086 2
1128 393 8
1338 438 8
524 492 2
1533 550 1
411 516 2
76 726 2
881 532 7
833 1395 7
1516 812 1
1278 1352 1
402 97 8
279 140 27
622 1340 2
1323 1310 8
23 646 5
977 568 7
576 412 5
1547 90 8
494 1292 33
1082 60 2
398 750 2
387 1342 7
140 1568 2
945 775 12
976 162 2
706 891 6
738 743 3
503 750 2
383 1190 2
996 37 8
1179 479 7
205 671 14
784 1640 77
727 229 33
476 1480 2
703 1555 2
1191 821 75
1329 70 35
252 540 27
499 552 2
1129 174 1
273 1252 2
862 21 59
810 485 1
758 241 35
854 59 8
604 552 2
155 1212 8
241 1324 7
64 1341 30
1493 829 2
601 1156 7
256 1217 8
1384 789 2
1053 148 2
325 513 26
205 1281 77
271 183 2
470 779 6
915 1173 1
692 39 6
24 363 2
1020 1213 7
1193 726 50
477 584 2
689 1418 7
1125 1213 7
158 44 8
1465 845 5
915 1506 2
233 37 7
1485 591 2
442 101 26
301 1213 77
1382 362 7
575 1036 2
28 330 8
1258 646 8
415 436 5
926 732 60
878 929 7
800 37 8
552 387 8
730 1239 30
430 159 2
416 1082 2
56 883 16
1135 119 8
217 399 2
238 1310 8
982 646 68
1126 114 7
1544 1395 7
859 856 2
1555 1045 53
636 568 7
176 1295 2
650 1581 8
78 325 2
805 1047 30
297 1395 7
765 663 8
1177 1405 27
133 59 5
171 929 7
1546 438 8
852 1362 2
1100 950 33
952 226 5
1179 1571 7
499 1352 2
722 1310 7
81 363 2
147 823 16
1144 367 35
221 765 19
1437 533 3
154 1565 2
856 1342 7
879 950 14
271 937 7
939 1388 7
823 1567 1
259 1169 2
841 360 2
603 900 2
603 504 2
1188 139 3
996 957 8
1394 569 27
1537 167 8
1193 855 3
255 1075 2
718 893 33
1295 672 2
222 957 1
239 1424 2
139 638 27
1055 750 7
259 454 33
31 777 2
388 462 8
361 143 2
435 603 6
278 983 14
584 643 38
452 973 74
259 1393 2
145 1033 2
483 114 8
27 1128 8
533 776 5
565 628 2
565 1024 2
531 960 30
702 433 7
321 99 0
1495 256 2
888 184 5
1252 471 8
1138 957 8
507 1453 1
220 841 2
438 875 7
1266 75 3
483 384 3
524 720 15
184 728 57
281 638 27
442 497 2
799 1127 8
111 1291 14
193 70 57
718 880 15
363 704 35
681 1384 8
383 368 30
333 848 8
597 70 35
438 807 7
438 411 7
207 1525 2
905 88 3
635 718 1
389 483 15
1128 46 8
1128 384 3
1221 1128 2
420 46 6
84 706 2
73 925 2
117 191 30
112 139 3
1124 794 44
402 42 8
1541 444 2
1460 519 30
399 647 2
759 479 2
719 183 6
492 883 2
957 855 3
28 1389 7
880 958 3
1337 692 55
159 514 2
1071 732 7
1458 1291 30
1253 412 5
116 159 20
724 1232 7
652 139 3
552 1014 0
1252 1469 47
1191 474 75
139 769 2
577 1138 2
1169 1230 2
315 750 30
1405 116 2
256 479 2
727 821 2
256 433 7
26 689 2
31 415 44
374 444 23
1174 239 2
533 366 30
1146 936 7
126 661 2
259 22 2
899 1116 7
899 720 7
263 950 33
252 21 27
855 1496 5
709 789 2
162 83 8
840 823 14
588 1097 7
805 37 7
891 290 32
730 960 30
151 70 35
218 603 2
244 1384 8
324 1585 2
840 830 30
210 829 2
453 609 2
696 330 8
674 873 33
555 1213 7
85 1097 7
463 37 8
1306 836 5
1471 75 59
383 1392 30
420 1138 6
383 115 15
1144 424 8
416 1423 2
598 604 30
929 1348 0
139 922 30
207 154 2
650 1239 2
254 1065 5
1098 1047 33
420 1449 2
1262 519 35
879 577 2
1443 236 12
1548 957 8
1313 568 7
620 1047 2
330 743 3
1547 663 8
183 166 2
428 724 35
62 812 2
483 1110 1
1230 251 55
377 1253 2
514 550 2
1284 347 33
475 667 27
393 462 7
420 65 8
938 239 2
1394 514 27
61 63 8
281 212 55
109 412 5
1295 221 2
1393 1384 7
852 1340 30
122 950 16
602 812 2
931 1199 7
35 366 2
117 1253 1
438 31 30
1008 1388 7
931 1491 7
154 1437 8
1042 183 2
595 1156 8
483 163 8
22 362 2
650 115 15
259 942 2
958 963 60
119 646 7
350 604 2
674 1009 2
582 702 8
565 1198 54
256 119 8
207 517 1
588 59 8
1245 444 57
674 282 23
143 39 8
1085 139 5
1131 1121 2
572 1002 2
1566 242 57
537 970 74
369 1340 30
632 724 1
463 957 8
692 3 8
590 724 35
1253 1384 8
442 833 8
70 854 7
1413 412 5
207 782 2
797 3 8
823 784 14
172 1243 7
1449 259 2
797 341 3
209 1310 7
1518 412 5
429 438 2
648 838 8
676 550 2
1009 1310 8
1329 1342 7
82 542 2
420 78 2
869 70 2
271 412 5
724 999 2
765 1236 8
4 432 15
505 19 67
869 362 2
1215 779 7
506 1310 8
1570 228 8
1075 763 2
642 21 8
395 206 2
183 1581 8
338 1047 30
618 898 2
958 1457 7
618 502 2
165 416 2
31 1126 2
638 377 8
541 47 8
297 239 2
1284 1371 33
1537 1578 3
270 416 2
4 1081 6
139 26 2
544 1448 30
603 1077 2
486 214 2
255 1252 2
1554 444 23
577 1479 2
727 474 2
1460 396 30
722 149 8
23 1284 2
928 159 2
1173 950 33
370 1076 2
728 37 8
126 314 2
151 59 8
271 172 8
455 1213 6
1193 324 50
362 942 2
362 546 2
541 1152 26
377 101 8
236 41 74
646 1325 5
241 854 7
855 1045 5
337 190 27
1016 278 74
482 101 8
442 1138 2
350 1227 8
1304 776 5
1179 344 30
101 838 2
649 1124 16
903 1128 8
1031 70 2
89 686 7
1480 88 59
57 1213 6
1069 667 30
447 347 33
281 1211 27
85 646 7
1022 101 8
784 204 7
1035 37 8
1047 1456 30
1461 597 2
88 235 2
396 883 16
550 1207 8
83 603 2
736 1395 7
1214 1127 7
427 487 8
1376 911 31
25 70 35
172 898 2
1119 259 8
88 1314 8
1554 1191 12
148 1153 6
107 54 8
1213 833 7
1084 1355 2
686 607 5
1126 928 45
972 416 2
981 730 7
1075 1391 2
395 834 2
872 1127 8
1407 1389 7
382 1248 7
915 861 30
759 1052 2
611 236 2
977 1127 8
1321 462 8
796 939 15
1292 1131 7
483 1055 1
148 1418 7
325 203 70
603 498 2
494 62 2
272 703 2
259 284 6
239 1418 2
829 581 3
1505 1156 8
588 1342 7
944 730 2
126 1338 2
419 241 35
1461 265 15
570 568 7
646 0 0
377 1125 8
418 546 30
531 1268 5
1224 1126 16
333 1388 7
885 415 1
674 558 2
325 1004 27
187 70 35
823 114 8
101 1461 8
1160 59 8
1566 1498 57
447 1371 33
392 810 15
581 911 2
844 794 71
552 910 2
216 399 2
1326 1213 7
359 44 8
823 46 8
434 433 7
823 384 3
442 90 8
1230 2 2
1035 957 8
598 781 30
78 911 2
903 377 8
519 688 7
217 958 3
183 136 6
97 88 3
555 453 2
718 1132 0
322 958 3
988 794 2
515 945 1
70 381 2
976 1084 2
1227 183 8
117 1392 30
769 330 8
158 1097 7
61 808 8
1570 277 8
216 724 30
913 915 30
1547 1236 8
451 730 30
451 1126 30
1459 976 30
383 45 2
72 958 3
618 109 7
836 662 2
618 843 2
1162 1199 7
514 727 2
177 462 8
1295 898 2
933 888 2
1521 1097 7
1295 502 2
399 177 2
603 1418 2
1299 1284 2
385 1437 8
168 836 3
1284 360 2
723 1135 2
577 1028 2
347 61 15
727 419 2
582 911 1
490 1437 8
694 697 1
367 937 7
539 911 31
650 1514 0
1045 1120 38
361 765 2
601 303 7
759 296 8
321 743 5
779 875 6
796 1342 7
591 1047 33
205 32 77
596 574 44
572 139 5
485 1310 8
1047 1076 2
145 1213 7
577 960 2
148 1396 8
649 381 16
917 1362 2
256 296 8
459 1212 8
482 46 8
836 883 30
1566 523 57
491 70 35
98 1045 7
1359 952 33
1036 335 2
70 1140 1
632 1005 1
105 732 7
629 776 5
526 576 1
738 432 15
1122 838 7
790 1389 8
563 1156 8
1201 453 1
416 625 2
416 229 2
302 377 7
425 1389 7
1295 223 26
1124 692 44
1079 584 53
200 362 2
759 773 2
1232 59 48
295 160 33
303 936 8
1553 88 2
650 728 8
595 1047 16
928 706 41
330 3 8
622 823 2
151 990 37
330 341 3
1075 648 2
992 1389 8
222 720 15
627 1097 7
273 803 2
281 23 2
183 160 2
494 671 33
292 492 2
730 861 2
1177 88 27
297 416 2
1192 1437 8
388 1384 8
205 50 14
1404 950 33
273 1131 2
544 22 30
277 444 23
1144 1327 6
952 471 7
1394 112 27
377 747 2
385 462 8
1329 241 35
144 1310 8
272 252 2
775 1490 5
1172 1156 7
330 1335 5
657 810 15
910 1246 37
1174 69 2
155 1284 2
594 37 7
1146 766 7
601 931 7
117 747 1
563 1565 2
599 1086 8
939 800 8
1377 1128 7
183 485 30
1125 1384 7
9 933 1
1045 1125 8
337 763 27
335 189 27
202 1002 1
193 1284 57
301 1384 77
929 92 8
464 458 2
810 916 8
1395 114 8
1479 148 2
922 603 2
432 724 1
449 1033 2
541 1493 2
1567 952 33
434 28 2
1295 1578 5
812 309 14
1001 1047 33
894 1097 7
447 355 8
207 380 2
598 726 30
88 762 7
650 1361 2
1136 808 8
526 262 2
1144 606 35
674 53 34
306 1310 8
1188 1310 7
70 722 2
960 550 1
867 989 2
1215 377 7
1390 1541 1
159 610 17
519 903 2
122 952 16
1075 1568 2
139 189 27
377 1443 2
365 1395 7
535 450 2
292 724 2
738 808 8
290 249 8
3 412 5
823 258 31
1328 1388 61
1537 384 3
939 1122 6
541 36 14
829 46 6
1295 843 2
1225 990 5
544 942 30
115 59 1
1233 985 1
440 1104 1
854 462 8
1058 159 2
703 647 2
23 486 2
1061 366 33
111 603 52
1184 958 3
1340 1472 5
363 888 2
4 903 6
1044 937 7
1233 917 1
1259 1640 2
337 1391 27
1153 1310 8
1093 441 0
383 315 30
1135 991 2
836 536 30
350 726 2
241 348 7
104 148 27
676 552 2
223 70 2
1138 1128 8
355 1437 8
208 568 7
218 438 2
367 519 35
1377 377 7
1179 50 71
82 1232 2
205 1114 7
223 362 2
442 272 2
552 1087 2
541 619 27
1045 1586 5
483 1325 5
527 1395 7
1371 88 3
383 539 30
1349 805 2
139 173 30
438 628 2
1333 1212 7
1336 823 7
81 501 1
980 1405 2
1284 1214 0
438 582 7
535 1250 2
988 1075 2
997 1389 7
565 1124 30
1291 855 5
1231 796 8
886 1212 8
578 139 3
80 148 7
1391 139 5
759 322 2
631 453 1
1156 425 5
1162 1070 5
531 1106 2
1237 720 15
829 1138 6
1156 717 5
1394 1436 27
159 854 27
1565 187 19
279 256 27
627 646 7
730 514 2
303 813 8
539 823 30
759 249 8
512 434 2
159 289 2
36 1230 7
864 533 3
617 434 2
1179 199 7
841 1550 8
159 581 2
1033 1141 2
265 568 7
706 903 6
476 1200 2
362 840 2
945 444 23
268 355 8
454 584 41
727 992 2
127 730 2
565 1495 2
1439 720 15
686 1199 7
1256 577 83
1 1127 6
126 540 2
539 1047 30
710 957 8
64 1457 30
838 75 3
718 248 12
1397 107 7
205 605 77
392 44 8
371 1127 8
340 376 7
829 65 8
1402 1156 8
442 1364 2
683 133 1
151 241 35
518 412 5
746 1523 5
61 1421 1
1381 1086 8
9 1310 8
1201 715 5
550 1110 2
1131 1224 33
1170 1567 4
1047 987 44
925 2 2
438 1278 7
797 1217 8
1340 1491 7
563 1437 8
314 256 2
1451 183 2
541 1042 2
950 855 5
383 286 15
451 399 2
1116 1239 2
1114 1126 33
168 377 6
417 836 27
1025 453 34
1226 278 74
416 1198 2
1128 454 2
156 1005 1
592 1179 30
642 1298 7
373 412 5
1214 957 7
1136 65 8
598 671 30
289 1230 2
552 39 8
1084 1243 7
550 998 29
686 345 66
434 296 8
82 80 8
401 994 37
156 937 1
1389 881 5
864 891 8
945 1191 12
1545 1395 7
66 335 2
247 139 5
236 754 5
1075 1221 2
1191 904 74
434 588 8
872 957 8
117 1282 30
1390 1090 1
158 241 2
287 453 2
958 855 27
309 803 2
54 958 3
1077 88 2
451 724 30
195 438 8
1414 937 7
183 728 8
862 249 8
1503 1097 7
1438 1086 8
139 1568 2
979 256 2
961 1008 7
841 179 8
4 228 6
377 248 12
544 199 30
831 1340 2
171 1310 8
167 937 7
603 620 2
491 1342 7
486 1360 2
1299 486 2
284 535 2
1394 289 27
447 1214 0
1144 297 6
1453 484 9
1084 197 8
703 300 2
255 399 2
750 861 30
557 88 5
841 471 8
276 1310 8
335 101 26
468 1047 33
829 324 7
508 102 8
703 988 2
361 1570 2
1458 303 20
1193 782 50
205 1629 77
1163 104 2
154 1212 8
1162 1062 8
1031 1342 7
1156 318 2
670 812 2
501 1004 8
650 286 15
1054 59 8
1375 1127 7
1250 933 2
772 107 77
222 1437 8
259 1108 8
674 388 2
1029 350 2
667 998 2
295 594 10
1463 958 3
228 335 2
435 1213 59
789 113 2
88 739 27
383 192 30
228 330 8
205 1059 7
689 32 8
104 1131 2
463 1128 8
462 92 8
789 108 8
1254 39 8
1215 330 7
61 670 1
350 697 14
438 1198 54
506 779 6
610 1566 5
76 167 2
997 646 7
295 77 2
737 412 5
1187 1266 1
37 808 6
409 729 2
70 607 2
555 575 2
300 689 2
1328 576 2
281 582 27
598 338 5
162 1359 2
603 1024 2
655 646 8
462 1132 5
531 1447 2
1522 929 7
514 637 12
409 661 2
170 929 7
399 471 2
1570 3 8
228 952 30
934 646 5
399 763 2
618 673 2
562 720 15
518 1384 8
403 438 8
259 1138 6
306 108 8
1515 667 27
366 983 2
535 1124 30
252 1120 27
703 928 2
359 1097 7
285 335 2
1055 702 7
147 159 2
674 1480 2
937 685 8
155 486 2
730 287 2
470 531 2
329 568 1
259 138 2
377 272 8
575 769 2
350 611 2
1093 1014 0
746 1176 5
877 1566 5
239 393 2
1482 568 7
598 390 8
442 1309 2
442 913 2
207 920 1
193 486 57
457 765 2
81 1246 1
628 776 5
1031 241 2
1349 1446 2
797 433 7
997 1342 7
672 239 2
273 950 30
434 850 6
692 114 8
259 65 8
1044 172 8
1137 957 8
1022 272 8
915 707 2
1565 488 2
1445 702 12
1295 384 5
416 455 2
437 929 7
550 591 2
894 1033 2
1337 568 7
438 1493 2
592 64 50
241 1292 30
809 64 30
1084 191 33
823 1194 30
1080 779 6
415 511 7
483 606 1
420 1169 2
289 383 2
1156 602 5
391 1033 2
852 1131 2
322 59 8
626 1097 7
177 1384 8
1179 548 7
958 1568 7
706 856 6
743 1086 8
69 26 2
731 939 7
279 829 27
399 1391 2
18 1097 7
750 116 8
913 458 30
862 90 59
69 21 8
852 667 2
601 829 7
183 277 8
706 1184 6
486 617 2
226 803 30
252 145 27
531 341 3
337 1388 6
259 834 2
27 574 2
1233 187 1
1284 1110 2
41 812 7
61 179 8
623 44 8
1252 1578 7
370 1479 2
205 886 77
1008 338 5
359 952 33
1352 384 5
852 239 39
508 47 8
1194 462 8
1340 1070 5
581 667 27
380 516 2
986 416 40
369 1131 2
340 657 7
1343 420 5
524 750 30
36 366 2
551 1243 7
253 139 3
923 727 2
259 324 7
753 810 15
62 519 35
678 823 2
1373 1156 7
148 881 3
911 1309 2
221 958 2
241 284 2
1459 890 2
347 1419 8
1171 88 3
633 850 6
88 1452 7
1031 1156 8
314 829 2
1326 1384 7
1446 845 1
532 805 2
1454 106 2
1454 502 2
1135 417 2
519 468 1
586 1230 20
823 1325 5
1135 808 8
418 359 1
438 122 2
330 1217 8
1317 256 27
797 119 8
846 438 6
1445 1291 33
894 350 2
189 1389 7
69 722 2
192 1437 8
1223 1075 2
205 936 7
82 262 2
281 235 27
406 779 7
303 83 8
531 1100 2
531 704 2
1081 859 2
1227 646 8
1394 638 27
1570 52 8
729 1389 7
55 370 2
37 685 6
1084 1439 33
409 210 2
295 246 2
958 885 7
1216 108 8
834 1389 7
1525 958 2
30 667 27
659 167 8
172 21 8
101 950 16
696 1213 7
1098 453 34
769 37 8
88 963 60
1271 1352 2
252 1169 27
252 773 27
22 486 2
552 3 10
598 1381 7
444 265 15
1183 183 7
721 541 27
385 1212 8
24 1352 2
1405 177 2
605 568 7
1042 239 2
453 272 31
1031 1565 2
1163 677 2
791 1135 2
213 412 5
143 163 8
35 383 23
982 1129 5
108 1578 7
555 321 6
470 476 2
460 1340 2
575 26 2
1162 32 8
90 88 5
71 568 15
435 937 7
673 1131 2
978 519 31
724 976 30
1207 531 5
155 462 8
674 1357 2
434 863 6
925 160 33
56 421 30
823 855 3
686 1062 8
383 437 30
702 726 7
1121 829 2
810 63 8
491 241 35
676 674 2
891 1097 7
183 1399 6
59 1070 5
799 1128 8
519 1509 12
80 442 7
1239 1156 8
859 739 27
402 1381 7
438 808 7
311 1091 64
642 150 2
259 1118 5
858 1213 7
877 552 2
980 1131 2
650 216 2
1231 626 8
886 646 8
535 976 2
939 1315 5
1264 70 35
1225 939 48
1102 1231 17
719 252 6
1291 581 5
1266 1070 5
322 108 8
140 766 5
524 438 2
836 1133 2
117 192 30
452 1065 5
506 929 7
147 706 41
1429 59 7
313 40 8
854 1384 8
933 1472 37
618 908 7
1200 140 8
957 998 59
1303 1389 7
1172 1395 7
1262 990 37
1177 259 27
277 550 2
1192 1212 8
1271 377 2
1476 98 30
159 411 2
939 269 6
1397 401 7
1177 551 27
1400 147 7
1162 728 8
1284 367 2
483 1207 8
543 148 20
24 377 2
1337 70 25
1287 113 2
239 1138 2
265 1127 8
582 148 2
883 573 15
205 435 77
486 523 23
462 1388 7
1177 377 8
1466 1068 1
988 573 15
1146 833 7
1351 139 5
125 575 2
674 942 33
371 88 3
205 1123 77
675 730 2
1541 724 35
259 315 2
34 256 38
586 70 2
1215 829 5
814 1127 8
457 1437 8
720 147 8
287 1310 5
623 703 20
449 516 2
526 1609 47
902 1389 8
1411 1162 1
205 657 7
957 763 5
205 261 7
598 1315 5
168 603 6
1254 1578 3
416 1424 2
416 1028 2
88 233 27
330 433 7
1075 1515 2
592 241 50
1531 1306 1
1395 1325 5
1144 89 35
532 390 2
756 1384 7
69 271 2
541 1492 2
589 990 5
701 776 5
1126 784 14
686 1059 5
512 1310 7
23 911 31
370 27 41
617 1310 7
620 1340 2
977 1084 2
419 1389 8
158 759 2
175 789 2
54 1097 7
533 88 3
960 1008 7
971 416 2
577 1417 27
1075 90 7
510 929 7
17 483 15
45 1075 2
619 1437 8
1340 1315 5
505 191 2
21 1213 7
1266 1381 7
683 1014 0
550 1554 0
1527 139 3
1177 568 7
64 604 30
64 208 30
57 765 19
501 834 8
1047 504 2
237 552 1
366 805 2
1375 957 7
476 675 2
368 937 7
787 702 7
915 81 2
143 796 8
1033 116 2
122 335 2
1252 26 2
321 441 0
912 366 2
1354 444 23
106 531 2
1252 813 8
1140 702 12
1362 930 53
108 663 7
863 776 5
1031 1437 8
89 59 7
555 577 2
1232 1342 7
696 44 8
674 191 33
286 810 15
383 22 30
533 241 31
458 307 29
216 1097 7
325 1079 2
695 88 3
1093 1227 6
311 399 2
531 1345 2
535 1025 2
1317 829 27
139 240 30
1138 1127 8
1338 37 8
1080 377 6
1223 1252 2
476 1292 30
1144 1009 35
140 23 5
69 189 27
541 908 8
84 256 2
950 226 5
724 1251 1
861 486 2
847 1570 7
368 501 71
626 1033 2
1337 706 55
1394 1211 27
616 325 2
601 823 7
311 724 30
483 428 1
978 535 30
987 453 35
841 1330 2
784 447 77
1547 273 8
1461 983 30
856 646 8
335 1578 5
525 973 9
447 81 10
941 568 7
1162 277 8
252 35 27
858 44 8
370 1077 2
1037 492 2
399 1307 14
771 1566 5
1566 647 57
903 1156 7
126 607 2
716 958 3
677 812 1
795 1342 7
362 1616 71
236 771 75
576 937 7
1493 256 2
726 1156 8
480 1340 30
324 1135 2
112 516 2
218 841 2
501 83 8
939 848 8
1152 108 8
591 453 34
1008 872 2
1496 872 40
108 21 8
563 1212 8
1232 183 48
1140 1291 33
97 1086 8
76 1021 2
515 345 0
1210 1156 7
778 325 2
1035 330 8
911 834 8
1213 1298 7
642 723 2
528 363 2
1023 958 3
209 278 2
285 1033 2
1201 1093 1
1193 1418 7
1570 1321 8
395 903 2
295 443 12
183 284 2
718 109 0
260 340 62
3 1569 10
409 1479 2
759 1121 2
1338 957 8
544 40 8
303 1243 7
818 139 5
624 650 1
864 1062 8
391 1213 7
325 369 3
1224 836 3
513 1131 2
872 1128 8
321 387 8
1077 259 2
1284 1404 2
596 1131 7
402 908 8
805 911 31
651 1024 40
444 293 0
195 703 20
381 838 8
1053 1131 2
557 56 50
810 1364 1
1506 1352 2
1183 1384 7
721 139 27
440 532 1
268 1550 8
598 916 8
575 189 27
582 325 2
1497 1342 7
1345 911 31
1008 1469 47
703 763 2
148 938 33
161 377 8
866 720 15
917 803 2
1341 830 30
531 919 30
20 1260 7
813 646 1
462 743 5
1372 1156 7
4 623 6
1265 46 6
646 293 0
598 848 8
34 829 38
148 769 8
222 1212 8
577 229 2
505 355 8
1488 1252 2
909 565 2
677 667 27
934 1156 8
808 1086 8
581 516 2
455 108 7
912 702 8
849 642 30
143 277 8
1114 933 2
1022 1418 8
454 139 3
559 139 3
388 241 35
300 172 2
530 650 2
293 1231 7
859 979 2
409 504 2
424 59 8
641 957 7
241 1499 10
555 350 2
641 1295 2
492 272 31
541 66 2
54 1342 7
823 949 71
187 838 7
1179 1298 7
370 600 41
1198 1033 2
1505 646 5
494 1447 2
462 1199 5
594 1127 2
401 1112 2
1056 438 6
1249 727 5
806 535 30
395 147 8
1156 77 5
395 881 3
45 1252 2
1265 846 6
829 1169 2
577 1029 2
1454 384 5
47 650 2
241 81 1
104 958 5
929 1199 7
209 958 5
1111 683 66
694 1031 2
929 1491 7
605 1127 8
425 519 35
64 781 30
575 648 2
753 61 15
325 658 0
1145 183 2
377 47 8
335 272 2
835 750 2
256 297 8
1463 1342 7
579 278 2
321 1014 0
447 1404 2
42 1459 50
911 852 2
402 813 15
1461 1007 2
643 929 57
1572 1314 7
674 368 33
825 37 8
1120 702 8
69 101 26
259 477 70
1022 47 8
744 1084 1
368 172 8
1082 829 20
541 762 2
459 1437 8
56 31 16
933 704 35
281 1449 27
631 1265 1
284 990 5
857 1033 2
1197 1097 7
295 837 23
515 263 1
684 1126 14
185 1230 2
1458 765 39
1179 323 7
207 1324 39
184 13 7
374 732 7
1075 1337 2
1058 911 2
1084 1296 8
76 1581 8
737 252 2
241 1173 1
273 321 6
768 957 8
618 1076 2
577 619 27
834 140 7
1547 158 8
401 91 7
1476 324 30
483 605 1
347 724 30
864 881 3
1054 1163 2
1503 1213 7
604 1084 2
1437 369 3
1399 1097 7
838 54 2
1050 1181 7
33 859 2
151 1389 8
544 315 30
259 609 2
323 442 5
1126 258 31
450 779 6
1295 112 2
312 958 5
1037 1461 2
1488 577 2
1284 554 23
154 541 2
719 139 3
1235 952 16
1252 189 27
501 36 8
1391 148 2
575 1568 2
750 513 30
519 893 30
64 98 30
211 486 78
813 1419 8
9 929 7
598 793 8
255 838 8
915 1574 2
347 803 2
27 172 8
1029 70 2
897 462 7
1014 568 7
431 732 7
613 412 5
592 535 50
424 1342 7
88 1227 7
563 1389 8
957 593 5
553 1496 2
550 347 33
1483 674 2
1451 531 2
650 1046 12
325 677 2
515 1355 1
658 1437 8
763 1437 8
418 530 1
406 1310 7
183 857 2
69 497 2
192 1212 8
217 462 8
88 1451 7
22 911 31
805 823 30
717 1244 36
70 723 2
990 930 12
1199 1384 7
1219 355 8
70 677 7
201 970 74
686 1577 5
614 88 1
652 958 3
434 936 8
494 1100 2
1179 1243 7
1437 1224 33
870 1127 8
720 809 1
659 384 3
1230 167 8
579 958 5
934 453 1
582 633 1
69 424 8
69 820 8
1570 119 8
55 140 8
917 377 6
911 513 26
759 18 8
618 393 2
395 92 8
1400 605 7
1497 836 1
573 961 1
1047 798 2
836 504 2
1141 667 27
362 609 2
999 702 77
1522 1310 8
1176 568 7
256 18 8
255 1097 7
702 277 7
3 1453 2
125 1033 2
980 535 30
1177 1127 8
718 297 2
820 1437 8
64 726 30
673 568 7
415 908 5
1037 377 8
143 626 8
434 684 1
1474 718 2
362 437 2
550 1439 33
208 929 7
1310 1335 5
383 1330 15
259 249 8
450 803 2
1247 732 7
1201 88 5
1158 59 8
217 1163 2
1474 650 2
988 1144 2
126 424 8
432 37 7
82 1525 2
1566 230 17
441 730 8
1116 216 2
420 665 2
1266 97 8
1254 387 8
61 622 1
418 1554 1
437 1086 8
307 531 2
183 739 27
1336 720 7
295 821 2
295 425 2
447 554 23
958 627 6
919 836 3
1080 603 6
438 916 8
756 577 2
756 973 2
172 497 2
1120 183 8
295 717 2
1264 241 35
409 1077 2
88 80 7
603 1227 52
961 162 1
391 1045 53
1128 114 8
606 650 1
1328 982 7
974 1084 2
1554 732 7
1439 70 2
779 40 8
1476 45 30
872 335 2
420 889 2
1380 325 20
437 1310 8
858 1511 74
522 1097 7
860 958 3
642 936 8
147 1075 2
1058 1252 2
1424 1310 7
270 1295 2
269 259 2
419 140 8
178 1384 8
1539 37 8
727 1061 2
1163 1044 53
592 252 6
139 545 2
864 92 8
1163 1148 2
488 911 2
718 993 2
377 297 2
568 728 6
1460 915 30
350 368 16
878 412 5
281 1255 55
693 829 2
1252 1298 7
702 1197 7
507 730 8
357 453 2
533 830 30
125 350 2
519 546 30
1193 51 50
1206 720 15
454 1075 2
727 611 34
873 823 31
145 126 2
230 350 2
418 437 30
519 104 35
314 325 2
586 241 2
923 447 2
238 416 2
911 1133 2
1252 1568 2
911 737 2
447 1243 7
457 1212 8
1364 958 2
829 203 70
61 1335 5
919 803 2
438 1279 7
565 112 8
669 183 2
905 519 2
453 1073 2
1087 1244 36
902 331 7
917 958 3
915 1550 8
1451 476 2
551 1525 2
1337 957 8
1327 1384 7
937 298 5
285 1213 7
492 201 10
1257 108 8
108 471 8
309 476 2
205 743 3
1223 399 2
1231 114 8
1211 689 2
1409 686 7
1429 462 7
1013 1246 5
236 755 5
526 104 2
82 769 8
277 637 12
1076 259 2
979 325 2
999 88 3
872 859 2
557 350 50
1145 412 5
729 759 2
625 1097 7
503 1459 2
287 350 2
49 494 2
616 1075 2
183 1026 2
290 533 3
550 1105 0
618 0 7
290 487 8
140 210 2
544 596 30
619 1212 8
838 726 8
252 889 27
374 1191 12
1363 658 0
950 471 7
578 929 7
1295 393 2
577 231 2
505 258 2
952 1337 7
379 584 2
1485 1404 2
1378 335 2
1448 126 30
1158 1342 7
1272 140 8
71 718 0
939 1374 8
349 550 2
126 150 2
577 455 2
1481 1045 33
1481 649 33
1480 236 12
148 891 8
148 495 8
1232 434 1
1468 1260 7
925 264 23
569 1131 2
674 681 2
565 1037 2
156 939 15
185 1565 27
1110 1246 37
458 80 7
1031 1212 8
220 958 2
990 1076 57
810 179 8
418 1567 1
309 1230 7
337 272 2
82 782 2
20 44 8
1137 330 8
899 37 7
1114 775 12
871 937 7
199 492 2
787 1097 7
162 658 0
1471 1563 59
1271 1170 0
281 272 31
442 213 8
65 1156 7
362 987 71
778 1075 2
581 1135 30
1210 303 7
396 31 16
307 476 2
648 911 2
1047 1292 30
1502 810 15
997 939 7
1327 1097 7
191 1437 8
434 1217 8
4 167 14
499 950 33
544 1292 30
420 834 2
1126 1194 30
603 880 1
24 718 10
369 70 31
838 1381 7
1080 859 2
267 1156 7
1077 1405 2
1376 568 15
152 1340 2
727 610 2
601 598 7
159 27 53
759 533 3
14 727 1
1284 1439 33
836 1077 2
376 732 7
1356 293 0
148 1196 2
22 1126 2
1259 283 2
241 599 1
1084 53 34
724 1392 30
685 779 6
491 1389 8
720 39 8
738 341 3
1163 728 8
246 1310 7
1252 1243 7
36 1144 44
126 778 2
584 1125 8
1030 1565 2
1372 303 7
142 325 2
335 790 2
442 914 2
689 1125 8
119 1342 7
1497 462 8
551 908 7
595 937 8
1485 653 2
442 1305 8
101 568 7
710 1127 8
453 726 2
570 377 8
381 573 15
501 1070 5
335 722 2
738 1335 5
61 903 1
1232 646 48
869 1230 2
1003 458 33
36 64 30
1454 167 2
531 700 32
1075 897 7
347 958 3
416 1436 2
1068 1408 1
902 937 8
1437 1199 7
552 277 8
53 637 2
1337 438 8
394 1468 2
420 1457 8
69 22 8
1284 1575 2
1446 444 23
1246 888 57
162 213 2
1053 568 7
61 226 3
862 487 8
726 1340 2
33 689 2
48 541 2
162 901 2
486 910 2
706 1081 6
841 26 2
1394 235 27
252 834 27
836 97 8
1339 845 5
116 252 6
170 794 71
255 1033 2
29 1395 7
23 377 2
727 146 59
1129 1197 2
1246 1112 57
530 718 10
1146 1181 7
64 324 30
454 1310 7
335 1418 2
908 568 7
1135 153 1
674 334 2
45 724 30
350 716 8
836 31 30
1009 812 2
812 1292 14
112 1310 8
1240 49 1
1250 444 23
205 713 7
108 820 8
1139 458 2
1014 1127 8
98 531 2
1025 139 3
447 1439 33
1163 269 8
787 750 7
937 1335 5
1126 80 7
1008 63 8
1454 503 2
108 1112 8
1014 1419 8
172 223 26
406 1582 2
375 418 30
70 971 7
1446 1191 12
1284 1105 0
995 59 8
1215 568 7
535 349 2
519 756 7
846 1127 6
625 1342 7
555 958 3
300 239 2
183 979 2
516 638 27
1231 291 8
1438 1395 7
1114 1328 2
1312 929 7
1110 937 8
53 1511 58
145 838 1
1416 492 2
526 677 2
434 766 8
870 957 8
1295 930 53
841 722 2
1314 1126 33
505 607 2
462 974 5
76 728 8
1230 685 8
49 444 23
395 219 2
1521 1310 8
619 1389 8
391 575 2
1461 307 30
148 849 2
577 804 2
1391 1362 2
30 395 2
148 1199 7
184 441 66
1176 1127 8
577 1492 2
1250 1191 12
256 932 8
1527 149 8
897 1384 7
702 795 7
125 1213 7
421 642 30
1255 584 2
575 423 2
111 929 7
349 727 2
1193 45 50
471 703 2
126 723 2
99 683 0
463 1437 7
658 1531 1
1377 568 7
325 824 6
724 873 30
925 837 23
668 568 1
447 1575 2
450 925 2
104 667 27
1327 321 6
792 59 7
550 1001 2
453 671 2
344 730 8
489 139 3
1352 742 2
424 535 2
994 1496 12
401 1335 5
1040 834 8
597 724 35
472 63 8
397 845 5
770 1582 2
303 1077 2
1022 114 8
1144 90 8
416 693 2
584 620 40
929 1014 0
279 551 27
1461 1006 2
928 1238 41
1291 978 5
205 341 3
395 623 2
692 704 35
833 1342 7
1380 551 20
309 366 2
750 31 2
303 1004 8
72 1384 8
1179 98 7
1476 167 30
1330 730 29
552 222 8
267 1437 7
1454 39 8
377 591 2
1179 390 7
411 1047 2
1281 603 6
273 929 7
290 1396 8
195 37 8
768 1128 8
1330 1389 8
618 1201 7
836 1358 2
944 915 2
944 519 2
784 1191 77
492 1073 2
205 1335 5
603 219 2
830 609 2
1275 718 7
692 54 6
357 1097 7
738 936 8
642 1456 30
256 1169 2
256 773 2
145 420 2
718 888 23
1299 377 2
447 1105 0
915 1480 1
148 166 2
940 829 7
1129 809 1
1304 1589 5
279 750 50
1275 650 7
43 139 3
340 499 7
577 53 2
763 802 57
1468 462 7
586 759 2
998 958 1
193 1352 57
453 1299 2
233 568 7
645 552 1
671 937 7
995 1342 7
472 341 3
1362 595 53
849 362 30
1138 172 8
1221 1384 7
200 1126 2
1191 130 5
950 978 5
1443 702 12
322 706 2
769 1389 7
451 126 2
333 167 8
350 197 8
658 1212 8
1059 1310 5
1239 37 7
743 1395 7
107 471 8
1230 114 8
875 957 7
333 63 8
797 65 8
377 908 6
57 183 6
69 272 2
279 1075 27
192 1284 2
648 108 8
69 663 8
70 102 2
1093 136 6
867 765 2
762 1156 8
159 1125 6
177 256 2
190 350 2
514 236 12
1230 384 3
162 1250 2
867 1156 8
1050 54 1
1394 980 27
1179 1414 7
390 1213 7
162 523 23
462 1315 5
377 888 23
642 83 8
958 1169 2
619 651 2
350 1186 16
1295 979 2
195 957 8
494 160 33
618 168 2
88 226 3
1537 114 8
177 183 8
789 925 10
586 1163 2
139 380 2
646 1105 0
601 70 2
377 1112 23
362 676 2
914 1405 2
573 668 1
155 377 2
601 362 2
800 1395 7
1114 683 0
399 576 14
117 1443 1
925 821 2
820 1212 8
905 1395 7
1009 1566 37
1382 937 7
1382 541 7
114 958 2
350 898 2
840 434 14
219 958 2
325 373 6
442 804 2
325 1148 2
836 604 30
1040 533 3
193 377 57
1146 83 7
438 426 7
139 309 30
226 541 2
441 568 7
627 184 5
805 377 8
1547 1388 7
40 412 5
551 42 7
449 126 2
191 1340 2
541 586 2
1316 724 1
652 321 6
145 412 5
1429 1384 7
542 416 2
1219 1181 7
1047 1518 30
552 824 23
639 642 2
1201 70 1
1443 1291 33
112 108 8
541 122 2
659 855 3
1098 366 33
37 1327 6
368 1608 46
575 1335 5
281 208 2
82 1227 8
1219 1550 8
1476 216 30
160 458 2
69 1583 8
420 664 2
170 1156 7
1076 1405 2
1075 369 2
39 779 6
646 355 8
159 46 6
925 489 15
1310 433 7
1186 937 7
158 1342 7
1075 661 2
395 500 2
634 937 8
841 189 27
1405 423 2
618 796 2
395 891 8
727 452 12
492 726 2
395 792 2
1515 689 2
183 173 2
1128 1325 5
1352 606 35
573 1364 1
601 720 7
544 1187 0
403 957 8
1448 1340 30
686 980 1
1179 267 7
1047 1493 2
568 503 6
1454 1507 1
370 1078 2
256 322 2
494 119 8
1307 37 8
673 667 27
1493 325 2
1029 1565 2
447 1482 7
1323 139 5
1240 1335 5
117 468 1
1547 1314 5
877 1047 30
1328 855 5
266 88 3
142 551 2
838 97 8
483 1377 8
1162 502 8
544 684 21
1047 114 2
789 1328 2
420 1153 6
301 709 77
931 387 8
569 377 8
337 380 27
1330 686 1
812 98 14
416 1042 2
101 1127 8
1155 139 3
108 22 8
727 888 5
910 568 7
980 667 27
1237 1156 8
692 1321 8
1471 710 59
420 1418 7
13 139 3
775 41 74
1010 936 7
1442 683 2
763 1162 2
877 1126 2
519 359 1
322 646 8
978 1131 2
285 1384 7
759 1122 2
1262 70 35
702 1070 5
395 1196 2
69 217 2
868 1454 2
651 219 38
750 1000 2
232 1246 5
303 1577 8
377 493 6
1196 1097 7
1390 1262 1
420 80 8
1191 972 74
1408 505 2
402 1305 8
720 133 1
292 841 2
1301 1389 7
42 937 7
1525 453 2
297 1156 8
738 1217 8
642 1341 30
162 731 2
592 1384 7
171 1086 8
603 792 2
692 627 6
536 1047 30
933 554 2
1295 168 2
938 140 7
22 377 2
489 1097 7
486 1428 2
444 156 15
829 834 2
396 92 8
838 793 8
1084 265 8
450 1127 6
803 840 2
505 424 8
505 820 8
582 618 2
719 149 8
1166 973 39
720 789 8
917 321 6
925 474 2
1238 596 16
883 362 31
143 54 8
418 840 30
1163 167 8
512 958 5
746 324 5
383 36 30
569 568 7
45 950 30
1474 438 2
1442 650 1
324 453 2
917 1419 8
425 990 37
1483 730 2
667 1457 8
218 159 2
455 1135 2
844 692 71
458 147 7
1202 88 5
1110 444 2
636 1156 7
85 303 2
305 812 1
61 446 1
717 412 5
1442 915 2
958 14 5
1121 256 2
759 1004 27
640 732 7
528 1284 2
594 88 5
641 649 33
287 925 2
930 577 40
1341 1156 7
671 172 8
1215 1086 7
1144 1351 35
547 973 2
396 98 16
862 1305 59
1131 251 55
1547 1161 7
191 1212 8
118 70 35
836 1024 2
836 628 2
177 829 2
1207 1389 8
369 241 31
958 904 58
277 113 2
1394 1553 27
721 836 27
503 259 2
113 991 5
116 61 15
117 375 30
841 1298 7
162 1381 7
1390 579 1
285 575 2
1132 1310 5
756 958 3
934 1093 1
636 88 3
1337 584 55
1461 917 20
650 326 8
492 671 2
928 862 2
157 1389 7
1238 1292 16
446 139 5
91 1419 5
544 1132 0
117 307 30
315 642 30
973 301 19
1177 442 27
1382 412 5
381 706 44
706 228 6
714 777 2
1062 1389 8
829 1457 8
393 59 8
25 139 3
64 782 30
347 362 31
648 779 6
205 326 77
1460 584 41
1493 958 2
575 545 2
753 779 6
125 70 2
501 97 8
502 1496 41
270 1340 30
862 1070 5
575 936 8
337 33 27
867 1047 16
210 325 2
98 1047 7
501 75 3
674 753 23
362 1282 30
906 937 7
905 239 2
234 37 8
335 497 2
894 1565 2
594 738 10
1346 750 2
295 853 12
502 64 30
541 763 2
80 565 7
281 1450 27
1447 236 12
1317 568 7
544 54 8
1213 848 7
403 937 7
897 59 7
829 1118 5
447 21 8
1126 902 44
1415 929 57
416 1211 2
841 101 26
192 486 2
395 1199 7
181 1213 7
395 1141 2
534 950 33
395 1578 3
1212 833 8
988 108 8
395 1491 7
555 59 8
1127 114 8
162 452 2
1402 183 6
70 629 64
1400 46 7
494 77 2
915 1204 30
318 444 80
1174 139 2
952 833 7
1179 1304 7
1394 78 27
727 1409 2
350 784 16
1246 663 57
977 929 7
1284 908 7
810 622 1
492 1299 2
263 650 2
269 1295 2
1162 1044 53
738 766 8
1127 1154 5
600 1045 2
560 1419 5
159 1321 8
255 516 2
841 588 8
707 803 2
988 730 30
1119 724 30
565 533 2
524 1231 41
259 187 33
363 554 2
444 417 5
925 419 2
343 732 7
170 501 71
1246 986 12
578 1310 8
206 667 27
787 989 7
923 1191 2
359 59 8
45 1291 30
1050 189 19
552 821 2
812 671 14
667 1011 2
1133 37 7
418 599 1
645 674 1
233 1127 8
621 1104 57
519 1000 1
653 727 2
516 189 27
463 458 2
234 957 8
381 61 15
205 1176 7
281 475 27
541 681 27
882 911 2
774 409 2
666 970 74
946 140 62
894 126 2
69 498 2
720 441 0
438 586 2
761 1156 8
370 189 20
1201 59 7
42 412 5
602 519 35
402 1550 8
1328 355 7
810 1335 5
864 1199 7
636 929 7
650 344 2
391 126 2
861 377 2
39 377 6
841 893 2
603 1037 2
393 1342 7
1287 1328 2
88 114 8
957 255 2
925 345 0
937 433 7
825 1097 7
14 447 1
1461 1200 15
391 350 2
1351 958 5
139 210 2
849 239 39
148 974 7
1123 139 5
486 2 2
1144 938 6
119 838 7
703 1337 2
499 37 8
268 21 8
1382 1127 7
702 570 7
476 1554 2
1037 383 2
135 957 8
126 206 2
143 627 8
939 119 8
126 498 2
116 1362 2
1036 350 2
463 1212 7
415 1201 5
855 937 5
1485 81 2
952 50 14
442 1030 2
70 1447 1
558 952 33
823 1377 8
1328 1237 36
1252 936 8
1352 517 2
871 1389 7
421 1252 2
651 1592 38
441 1127 8
452 139 3
575 21 8
269 519 25
116 649 55
551 898 2
1136 533 3
377 1325 5
428 574 2
148 1014 0
528 650 2
859 1553 2
295 1114 2
409 1078 2
929 743 5
880 366 2
929 1477 0
396 671 16
279 618 27
435 183 59
1212 90 8
52 1342 7
747 568 7
922 573 15
1106 950 33
592 321 6
157 1342 7
609 1126 2
661 37 8
1084 1247 2
1476 338 30
267 1212 7
1177 395 27
852 1144 2
766 37 8
1087 1384 8
391 1437 8
493 1213 6
502 88 2
642 833 8
1047 681 27
43 1310 7
1536 1389 7
618 976 7
713 732 7
1527 958 3
730 1100 2
1398 1213 7
928 1097 7
108 1176 5
162 329 2
830 780 2
154 159 2
159 479 2
729 59 8
33 409 2
1162 796 8
350 1424 2
252 158 27
359 1342 7
498 1127 8
1485 1173 2
1079 1252 30
1109 683 66
505 22 8
720 387 8
29 1156 8
551 223 26
688 1252 2
988 303 20
1179 1224 30
575 722 2
1566 1458 57
415 226 5
155 453 34
1137 937 7
335 1138 2
709 1307 13
468 44 8
552 474 2
804 568 7
1485 1001 2
1471 608 59
792 462 7
290 436 5
283 737 31
1459 611 2
350 40 8
778 516 2
777 1298 7
823 298 8
1459 1299 2
205 433 7
108 936 8
1358 1033 2
185 438 27
1128 1207 8
633 909 1
1230 1584 28
1454 223 2
633 863 6
1010 766 7
70 341 2
416 1492 2
44 1513 1
880 702 2
1458 60 2
539 505 2
906 172 8
1333 1156 8
59 824 6
555 241 2
1384 855 5
1438 1156 8
449 412 5
1312 1086 8
745 1310 7
686 1523 5
841 546 2
162 1025 2
1163 739 27
1016 1285 5
486 1046 12
631 59 7
1213 83 8
505 723 2
1570 65 8
1177 458 2
594 1018 2
324 1310 5
290 92 8
1547 1420 8
303 28 8
836 54 2
500 335 2
603 914 2
784 283 77
784 718 5
551 1578 5
148 569 2
519 1139 30
605 335 2
4 1210 6
577 524 2
524 1459 30
568 46 6
775 754 5
1233 1224 1
1371 1395 7
42 730 50
823 265 7
593 958 3
387 646 8
696 1496 2
56 606 30
472 433 7
85 399 41
1415 970 9
925 992 2
950 85 45
458 883 2
698 462 8
349 447 2
366 873 2
455 1033 2
240 803 2
772 401 77
159 119 8
677 689 2
99 1231 7
126 834 8
259 533 3
1349 424 2
506 412 5
293 1531 1
1247 236 12
1025 149 8
205 1061 7
135 730 8
98 937 7
139 480 30
570 88 3
111 1310 8
462 403 19
652 929 7
70 981 12
551 843 2
557 1047 50
603 1403 6
761 1437 8
1230 855 3
1201 241 1
829 658 0
720 1014 0
76 852 8
399 833 2
1131 477 55
806 830 30
1214 568 7
1403 88 5
524 159 2
638 519 2
618 1035 2
606 1284 1
1002 381 14
515 591 2
395 1031 2
84 720 2
1403 1213 6
629 59 7
729 1342 7
277 730 8
294 1156 8
721 958 27
1084 1583 8
281 311 2
913 1230 5
808 1157 62
872 172 8
860 462 8
295 264 23
1448 823 30
730 357 2
183 47 8
836 1078 2
651 464 40
928 646 7
1240 1178 5
145 140 2
253 1097 7
273 1310 8
631 37 8
1129 133 1
1448 1047 30
996 720 15
341 1405 2
701 841 2
1136 1418 7
1252 1577 8
733 718 8
575 766 8
463 1389 7
1179 985 71
898 1097 7
1424 958 5
1045 1031 40
1136 80 8
667 167 7
308 1453 2
555 1565 2
515 558 1
392 939 15
624 494 1
686 32 8
1125 1437 8
197 1230 8
1144 42 8
1201 1265 1
909 823 14
416 1041 2
1447 732 7
1262 241 35
848 1453 2
650 1253 2
395 1367 2
642 1479 2
727 1225 0
1211 239 2
641 438 8
565 284 30
59 1544 2
345 683 0
1461 1455 30
1518 568 7
176 1254 2
858 958 3
503 1405 2
1337 1127 8
252 903 27
139 1479 2
61 249 8
1390 1329 1
401 656 2
1130 810 15
930 1597 38
494 264 23
154 836 2
573 560 1
1397 750 7
718 1567 2
272 1127 8
1173 363 2
915 1140 1
159 1052 2
4 863 6
890 573 15
716 1384 8
1193 80 8
476 68 2
552 345 0
836 390 8
1084 40 8
148 514 2
911 1338 1
702 168 7
1177 330 8
557 1097 7
1026 911 2
917 929 7
573 388 1
1240 135 5
1163 384 3
88 1044 5
143 855 3
552 1443 2
147 139 3
836 32 30
787 715 7
577 693 2
221 1252 2
256 75 3
686 728 8
702 392 7
982 727 5
836 324 30
1483 505 2
1547 338 5
1023 1384 8
507 683 0
184 791 57
670 937 7
1126 769 7
1136 1396 8
810 21 8
1020 462 8
206 516 2
70 972 7
325 1196 2
333 119 8
792 139 3
915 21 8
1125 462 8
1292 810 15
199 1126 2
199 730 2
416 66 2
1325 1384 7
76 406 2
328 937 8
1004 765 19
1304 1260 7
639 362 2
1210 937 7
823 513 30
183 980 2
552 160 33
1328 523 2
1304 1156 7
86 1437 8
865 462 7
420 488 2
427 269 8
1176 472 1
392 1342 7
259 658 0
450 915 30
450 519 30
1295 1035 2
117 546 30
411 420 2
285 350 2
689 1417 27
957 372 59
162 883 33
239 681 27
601 148 7
618 912 2
541 160 14
719 958 3
1131 115 15
1461 704 30
1240 1227 5
259 1418 7
140 1076 2
498 37 8
115 183 1
772 1146 77
686 1137 2
541 68 24
1176 1128 8
577 1493 2
1405 471 2
1284 424 8
727 1067 59
220 1496 53
1384 63 7
163 44 8
808 1459 2
569 667 27
1495 911 2
1047 947 44
1384 355 7
361 730 2
919 366 2
125 241 2
876 1129 5
472 1298 7
1485 599 2
325 1554 7
1009 1395 7
1040 881 3
1001 952 33
849 61 15
752 412 5
314 148 2
303 1078 2
1468 59 7
730 851 30
508 338 5
1190 1126 16
777 770 2
1084 1541 2
144 412 5
85 1389 8
1261 139 3
1000 950 33
1315 1362 52
1079 779 7
82 1324 39
246 958 5
86 462 8
183 693 2
59 1197 2
524 1128 2
140 1060 5
872 458 2
1090 434 2
1314 775 12
1179 391 7
634 1389 8
747 1419 8
486 248 12
399 1338 2
929 1480 62
183 229 2
623 59 8
750 355 8
1244 719 15
227 957 1
759 1457 8
1053 415 1
651 1037 40
642 1457 30
1127 1325 5
1171 1395 7
36 777 2
159 1393 2
551 384 5
498 957 8
577 122 2
259 1073 2
259 677 2
150 1033 2
337 900 27
256 1457 8
543 350 30
137 183 2
925 590 2
1028 1565 2
238 1295 2
575 1298 7
306 412 5
913 438 7
502 535 30
1176 377 8
259 1396 8
411 412 5
1471 834 59
408 958 5
702 45 7
347 929 7
552 992 2
428 1496 2
804 1127 8
674 572 2
1121 148 2
917 651 69
1252 83 8
1155 149 8
438 533 2
205 263 7
1371 531 29
952 85 45
671 1230 7
805 957 8
602 70 35
1128 938 2
57 252 6
1051 1245 5
1131 1080 2
1474 486 2
555 535 2
718 1214 0
614 1156 5
1453 20 2
447 820 8
447 424 8
417 1252 27
437 531 2
377 1305 6
69 273 2
76 54 8
1066 1408 1
900 937 8
1340 277 8
535 983 2
281 78 27
555 462 8
535 601 85
606 486 1
670 519 35
1153 412 5
420 32 8
106 418 30
671 1608 46
279 803 2
1416 730 2
1416 1126 2
462 1316 5
1179 1311 7
252 1080 27
1570 291 8
659 114 8
401 891 7
1295 980 2
222 1265 1
241 266 1
728 646 7
1545 937 8
1396 1097 7
494 837 23
278 905 2
1291 940 2
550 1578 5
140 729 2
1303 1437 8
627 1212 8
137 937 7
784 113 77
1054 256 2
125 1565 2
921 796 2
27 1045 2
772 1091 77
577 1042 2
568 168 6
873 1608 46
528 718 10
780 515 21
546 724 30
650 1132 0
220 1045 53
361 779 2
819 730 8
205 1355 7
160 810 15
701 335 2
269 70 25
1526 139 3
458 609 2
415 976 5
915 334 1
563 159 2
534 340 62
1236 1384 7
1122 1362 2
907 340 2
383 676 30
1040 92 8
1317 1295 27
195 1389 7
82 905 2
226 438 2
108 83 8
555 1163 2
692 298 8
551 1069 2
551 673 2
546 803 2
442 1029 2
70 1446 1
1108 568 7
1546 937 7
1093 1125 6
720 1281 1
1084 1090 2
623 1342 7
395 569 2
699 1170 0
1124 706 44
724 1253 1
1108 937 8
88 882 2
658 462 8
606 718 1
1204 937 8
650 747 2
1337 37 8
434 75 3
864 728 8
618 1553 2
371 1395 7
167 492 2
139 1077 2
279 325 27
1302 1389 8
848 937 7
913 350 30
9 412 5
503 1295 2
411 1384 8
115 61 15
501 1491 7
147 1097 7
1520 568 7
830 555 2
1146 848 7
1459 307 30
673 958 5
544 36 30
259 726 2
145 366 2
192 531 30
495 1156 8
1191 610 75
1337 1084 21
457 957 2
1561 1244 36
565 854 27
125 126 2
218 911 2
648 1127 6
358 1231 17
753 1127 6
463 350 2
1375 568 7
335 1309 2
914 259 2
454 1097 7
560 139 1
505 21 8
790 59 7
290 607 5
559 1097 7
156 483 15
897 958 3
428 1045 2
820 462 8
442 619 27
290 899 5
796 646 8
217 256 2
1371 476 29
399 596 16
298 1389 7
997 551 7
598 1204 30
438 36 7
998 836 1
1014 1310 8
325 2 2
638 1395 7
650 1443 2
1446 732 7
277 686 67
867 779 2
775 771 75
1499 550 10
276 412 5
1317 148 27
650 1112 23
185 541 27
1505 88 5
69 218 2
650 1124 33
404 1453 2
438 743 3
859 1041 2
82 154 2
281 127 27
183 95 6
317 259 8
1340 222 8
636 1086 8
922 61 15
36 730 2
494 821 2
377 1561 2
777 63 8
1084 42 8
1436 159 2
1527 1419 8
611 823 2
32 603 6
69 833 8
69 437 8
823 272 31
1284 983 33
727 446 2
366 424 2
707 859 2
536 1340 30
1295 857 2
841 936 8
814 937 7
1052 1131 2
122 350 2
1259 1384 7
321 1081 52
486 118 2
637 353 5
362 622 2
162 309 33
594 1116 8
1188 531 50
1239 911 31
674 537 12
550 1397 0
126 322 2
1026 1033 2
1146 97 7
584 273 8
1277 487 7
782 667 2
140 898 2
876 727 5
125 1437 8
544 1161 7
575 210 2
921 627 7
1252 661 2
1093 846 6
1121 325 2
1330 4 1
244 149 8
324 350 2
82 517 1
555 420 2
939 63 8
1340 877 7
526 972 2
872 1389 7
1019 259 8
1209 541 7
761 1212 8
197 377 8
1570 244 8
43 603 52
829 824 6
1284 1578 5
409 798 2
69 1138 2
1570 932 8
395 514 2
172 213 8
541 360 2
538 568 7
1458 1252 30
1282 1284 1
541 355 8
993 139 3
1305 59 7
1326 462 8
24 1170 0
929 441 0
864 277 8
176 401 2
399 540 2
988 765 39
1394 1450 27
706 297 6
743 486 7
915 1294 21
1110 724 35
739 492 2
1295 1553 2
577 1391 2
155 727 2
385 139 3
35 568 7
618 1138 2
605 1156 7
330 1070 5
1515 239 2
64 851 30
1240 661 5
183 114 8
205 1226 5
1051 1095 12
1037 1195 2
1054 829 2
718 1110 2
593 1342 7
1496 185 38
1179 213 7
142 565 2
1277 65 22
442 338 5
494 65 8
912 1405 2
337 498 27
350 381 16
646 1348 21
157 1008 39
702 1314 7
20 183 7
116 1459 33
1163 796 8
773 776 5
218 1252 2
613 1131 20
903 1395 7
1025 637 12
126 1242 2
642 883 30
699 37 8
125 462 8
1404 718 10
880 396 41
200 911 31
575 833 8
598 63 8
104 689 2
337 722 27
1565 625 2
416 988 2
718 998 29
582 259 8
221 399 2
878 1127 7
349 823 33
139 883 30
447 983 33
1340 1505 7
59 320 6
1292 61 15
1136 147 8
1136 881 3
1125 1212 8
197 568 7
1210 1395 7
552 855 3
1093 95 6
650 381 33
848 412 5
750 258 2
1424 667 27
160 694 7
1223 516 2
501 681 21
1317 1131 2
377 43 6
544 1491 5
1437 2 2
1476 1082 30
1219 21 8
77 958 3
686 1243 5
1462 139 3
841 662 2
1546 172 8
620 836 2
162 745 2
732 622 2
1394 475 27
377 1110 2
1179 1305 7
138 1284 1
1405 1393 2
1526 1097 7
69 90 8
499 702 12
958 326 7
1547 848 8
737 937 8
382 1384 7
1230 265 15
390 1437 8
944 642 2
550 1514 0
392 462 8
159 1223 2
852 1419 8
259 1299 2
139 1577 8
265 44 8
692 865 6
340 1482 7
148 289 2
1047 360 2
505 766 8
508 116 8
1230 489 15
337 1418 27
1188 476 50
384 958 3
530 1170 0
582 1252 2
377 998 29
922 1362 2
1137 1389 7
287 396 30
28 1156 8
1328 1325 5
707 1127 8
1240 581 1
792 1252 2
1506 453 34
844 706 71
772 121 77
483 244 8
350 393 2
634 1213 6
442 357 7
1454 639 2
283 1481 31
1252 210 2
324 399 2
233 1128 8
665 438 2
519 1001 1
886 259 8
1258 139 3
324 295 2
633 1315 6
139 200 30
108 888 8
978 667 27
651 569 38
507 412 5
753 321 6
322 829 2
423 1230 2
689 46 8
442 231 2
515 1253 1
1090 1310 7
190 541 2
1317 325 27
1461 154 2
84 508 2
1104 68 2
657 1437 8
462 1214 5
1144 901 35
173 803 2
86 1212 8
1152 412 5
171 1395 7
69 1479 2
738 1468 2
227 720 15
1549 416 2
724 747 1
1156 384 5
634 140 8
393 1384 8
30 239 2
602 568 1
1058 126 2
281 31 2
318 139 3
911 1430 5
383 285 2
553 70 35
199 830 30
390 462 8
756 462 8
1461 1201 15
590 1384 7
879 281 55
718 367 2
148 625 2
38 732 48
501 1381 7
836 798 2
908 603 6
362 903 2
703 1338 2
836 793 8
148 917 2
268 22 8
139 503 2
577 872 2
699 1047 33
1277 406 22
1259 4 2
1461 428 41
115 646 1
772 1213 77
499 330 8
487 958 3
285 1230 20
702 1259 7
702 863 7
402 432 15
335 178 1
117 359 1
64 624 30
592 958 3
390 396 30
939 808 8
259 152 2
1266 167 8
1469 646 7
1485 374 2
923 113 2
228 1395 7
790 1260 7
907 957 8
1082 64 30
981 1295 11
259 881 3
102 929 7
447 1247 2
337 271 27
1215 958 5
609 1340 30
1031 646 8
88 488 2
555 1384 8
1411 603 1
1136 92 8
712 958 5
724 1443 1
291 1097 7
190 1565 2
1108 1127 8
894 1047 2
233 377 8
417 399 27
981 295 7
1570 817 8
657 462 8
1298 1310 7
657 363 2
779 42 8
295 1407 2
290 1199 7
1437 1316 7
719 321 6
189 1212 8
718 293 0
290 1491 7
176 682 2
577 1469 47
1084 893 33
391 1047 2
1414 568 7
1103 140 8
727 1355 2
754 958 3
1295 127 2
930 921 38
871 172 8
928 1040 2
439 577 30
81 573 15
1177 519 2
438 1335 5
45 516 2
1284 1583 8
830 1073 2
1400 216 7
150 516 2
252 555 27
1193 809 50
335 1166 1
598 808 8
1233 597 1
999 313 77
940 501 7
586 603 2
523 810 15
966 1014 0
565 479 2
77 453 35
1544 88 5
117 591 1
424 925 0
1045 677 38
519 840 30
941 88 3
836 42 8
1128 1177 2
213 568 7
565 411 2
442 1555 2
451 366 2
1382 377 7
314 911 2
1257 183 2
1045 54 8
127 37 8
1001 363 2
702 112 7
207 292 2
207 688 2
903 239 2
805 1128 8
1333 1230 2
479 149 8
572 444 2
880 1459 2
698 59 8
990 742 57
108 833 8
651 514 38
552 699 2
641 859 2
584 1024 40
867 1005 2
377 293 0
531 890 2
211 259 8
689 387 8
194 526 2
207 620 2
981 148 11
1324 667 2
720 428 1
750 831 2
647 148 2
1303 551 7
850 803 2
154 1252 2
303 97 8
514 1084 2
531 1114 2
1416 505 2
1085 862 13
1124 1340 30
1179 1482 7
950 833 7
623 759 2
674 445 0
502 1405 2
175 1307 13
451 915 30
1075 497 2
261 650 2
384 532 7
1398 577 2
573 908 1
140 504 2
1303 1212 8
738 75 3
913 139 5
125 1340 2
841 766 8
775 755 5
366 942 2
1480 702 12
1461 477 41
1538 88 3
350 1138 2
860 59 8
1164 1097 7
19 1437 8
56 607 30
325 613 6
911 83 1
1135 1299 2
912 1295 2
820 1384 8
335 1417 27
415 855 5
148 147 33
674 36 33
464 1389 8
126 881 3
453 460 2
899 107 7
1045 390 8
334 1284 2
915 150 2
1162 384 3
218 350 2
357 59 8
661 1097 7
551 620 2
925 611 34
259 92 8
551 912 2
383 451 30
724 1282 30
1327 438 6
301 149 77
552 284 33
676 1084 2
447 1583 8
98 1230 7
205 1354 7
1025 838 8
416 1375 27
1291 50 14
258 1453 30
139 1152 26
1128 129 8
1082 325 20
442 507 8
311 526 7
1454 270 3
1304 1212 7
823 861 30
69 1364 2
192 377 2
862 1199 7
618 995 1
395 298 7
618 1036 2
318 838 8
1151 683 0
745 278 2
541 878 2
89 453 35
925 265 15
538 1127 8
368 720 15
98 1608 46
519 13 64
905 1131 20
313 54 8
191 574 44
685 412 5
626 1389 8
172 663 8
714 205 16
377 1000 2
241 1357 1
864 435 8
147 476 7
1246 554 57
478 568 7
829 938 33
713 236 12
618 1214 7
140 1424 2
919 845 1
642 781 30
1171 1156 8
1299 494 2
1383 172 8
1045 1482 8
252 104 27
139 1076 2
586 256 2
241 1330 2
841 83 8
1246 90 57
248 973 74
1158 702 8
255 303 2
336 603 6
337 620 27
1480 1291 33
565 86 7
1252 1479 2
295 658 0
698 1342 7
689 1424 2
546 603 6
1025 1097 7
128 335 2
598 685 8
672 952 7
950 50 14
418 676 30
1468 183 7
152 1459 30
1040 495 8
1084 1187 0
607 1047 30
116 958 3
233 330 8
912 148 2
290 1070 5
610 1246 5
702 397 75
577 68 24
172 995 1
70 287 2
530 1047 33
1454 65 2
763 1230 2
27 720 15
921 145 30
1527 929 7
390 1340 2
526 1398 39
183 1041 2
69 285 2
759 1581 8
395 158 27
961 925 1
641 1127 8
303 42 8
494 992 2
88 611 34
913 256 5
138 718 1
611 702 2
620 958 2
252 1196 27
214 990 5
1075 150 2
1405 1515 2
934 241 1
258 453 2
436 646 5
599 1284 2
1085 447 13
159 1449 2
290 726 8
999 198 77
357 1342 7
560 335 5
1402 139 3
921 178 7
21 1565 2
60 704 35
321 856 52
1379 1453 2
464 1047 2
577 762 2
1375 667 27
565 1052 2
877 1246 5
1076 823 30
702 461 7
1252 504 2
800 1454 2
1487 568 7
829 187 33
696 1437 8
479 836 3
220 577 2
897 1342 7
126 92 8
1525 1230 20
125 1212 8
458 387 7
325 99 0
145 1384 8
1138 1156 48
686 1125 8
1442 718 1
301 198 77
1135 1468 2
765 298 7
1338 1389 7
552 229 33
810 22 8
74 1405 2
551 497 2
576 1047 14
596 810 15
652 438 6
915 22 8
1108 37 8
629 1384 7
692 18 8
551 393 2
80 401 7
61 910 1
987 584 2
65 1395 7
333 808 8
1317 551 27
889 325 2
420 849 2
551 883 14
996 1389 8
546 1310 8
1215 862 7
631 1097 7
845 764 2
69 1309 2
69 913 2
1437 856 2
278 1029 2
395 289 2
631 1389 7
862 1581 8
618 981 2
1128 298 8
747 401 2
395 581 2
526 971 2
278 1321 2
1547 63 8
148 441 0
626 1047 2
391 541 2
329 724 35
330 75 3
958 1122 2
1179 452 7
731 551 7
858 1437 8
877 438 8
934 1265 1
399 607 2
267 1395 7
267 335 27
618 913 2
913 70 30
1461 309 30
372 1395 7
321 65 8
1164 1342 7
398 259 2
140 1077 2
159 78 2
370 1555 2
321 881 5
1274 1511 74
381 958 3
704 205 2
498 330 8
779 1305 6
30 689 2
205 858 77
1398 1437 8
642 726 30
718 554 23
1162 291 8
568 912 6
479 1131 2
337 273 27
127 915 2
148 428 33
841 28 8
447 1541 2
696 462 8
1352 766 7
20 646 7
470 1459 2
183 1325 5
349 637 12
915 723 2
1374 1454 2
867 823 16
463 70 2
1176 88 3
489 59 8
792 399 2
1266 685 8
1133 1230 2
440 183 2
752 377 5
434 1491 7
337 497 27
1565 796 2
540 259 2
1436 1384 7
141 702 9
711 958 5
205 324 7
1290 929 57
532 417 2
148 1236 6
362 251 71
415 1111 7
211 149 8
283 852 31
285 1047 2
1296 88 5
922 1126 30
1213 1307 13
395 917 2
519 809 2
1148 776 5
46 779 6
859 365 2
750 424 8
541 1550 8
172 908 8
916 412 5
1401 1213 6
315 139 3
82 265 8
35 667 27
483 1138 1
805 952 30
1409 812 2
1183 1570 7
335 393 5
862 502 8
391 1565 2
1230 675 55
1230 279 55
544 160 30
603 581 2
377 506 6
980 88 3
1179 684 7
1084 158 8
729 646 8
61 533 3
1499 494 10
858 462 8
1174 603 2
845 13 2
377 554 23
252 1141 27
390 1212 8
32 1156 7
263 718 2
31 458 2
484 1328 84
830 1299 2
830 903 2
1520 88 3
939 856 6
458 272 31
1036 1565 2
20 1342 7
259 678 2
704 845 12
148 163 8
1163 854 27
252 677 27
543 1131 20
586 829 2
703 485 2
707 929 7
1055 259 7
694 125 2
1166 694 39
1152 531 2
337 1152 26
582 730 8
335 619 27
256 147 8
1252 53 2
1025 113 2
64 167 30
1401 140 8
106 162 2
366 368 2
527 531 5
1025 108 8
661 1033 2
1205 776 5
849 724 30
148 387 8
913 1127 7
552 993 2
804 1128 8
823 129 8
99 330 7
325 39 6
362 269 8
1349 315 2
438 92 7
362 375 30
1131 1081 2
1037 88 3
936 37 8
555 140 2
333 65 8
635 295 1
420 502 2
383 34 41
546 526 7
330 1457 8
1429 1342 7
433 37 8
1170 1421 1
657 1212 8
1247 730 8
494 853 12
409 914 2
863 1437 7
1303 777 7
1226 113 75
1459 1455 30
558 925 10
506 937 7
1177 335 27
1394 878 27
252 1081 27
646 21 8
1084 390 8
411 366 2
148 1214 7
1313 183 2
395 166 2
164 937 8
108 324 5
754 59 8
355 1310 7
1045 1599 38
1200 44 8
278 1292 14
1037 519 2
1053 667 27
362 678 2
216 845 1
159 18 8
1047 1555 2
1259 175 2
1461 203 41
1179 652 71
772 1384 77
281 696 55
605 750 2
1024 911 2
337 218 27
819 1127 8
702 638 7
1352 419 7
1160 444 23
937 766 8
693 958 2
862 441 0
483 355 8
1259 107 2
1129 357 2
438 1184 7
99 1400 2
489 108 8
85 1116 2
673 929 7
810 663 8
595 37 8
337 150 27
551 1138 2
21 462 8
325 1500 7
598 179 8
1104 602 1
1214 472 1
438 1058 2
1401 724 35
1295 1325 5
449 420 2
727 554 5
1230 1396 8
295 1250 2
1455 803 2
1131 2 2
759 856 2
1340 1225 7
1114 1191 12
804 377 8
39 412 5
769 1437 8
420 1026 2
1156 855 5
1565 569 2
1084 1482 8
156 838 7
1313 937 7
877 1084 2
863 462 7
921 35 30
395 1258 2
297 603 2
285 1342 7
577 269 20
1098 952 33
424 1389 8
45 651 53
106 1047 30
988 126 2
292 575 2
183 197 7
515 277 1
252 1125 6
531 261 2
643 88 3
374 1084 2
1177 859 27
992 139 3
385 149 8
616 516 2
118 88 5
738 533 3
607 552 2
54 646 8
944 362 2
335 270 5
162 397 2
478 1127 8
575 1358 2
1394 127 27
1363 99 0
434 1070 5
939 1279 8
1376 472 1
592 1342 7
360 686 7
841 210 2
720 163 8
718 347 33
577 360 2
505 90 8
829 495 8
829 891 8
227 1127 1
797 1418 7
1152 476 2
1493 911 2
266 44 8
575 894 2
337 1138 27
464 541 2
642 338 5
679 568 7
1372 823 7
917 366 2
1359 444 23
939 815 8
53 750 30
148 40 8
1322 139 5
442 1388 7
216 823 2
334 363 2
220 399 2
80 1310 7
261 718 10
98 377 7
108 1004 8
515 681 1
650 1444 2
162 99 0
1136 891 8
1154 139 3
415 1392 7
74 1295 2
1022 1377 8
281 488 27
539 281 2
70 805 2
362 428 71
438 307 2
207 291 2
244 958 5
913 1047 30
620 1252 2
960 925 1
462 934 5
777 424 8
37 938 6
1340 119 8
944 1454 2
551 309 14
494 1114 2
252 1026 27
158 603 2
55 159 2
829 1196 2
530 140 8
273 531 2
181 958 3
718 1439 33
774 1131 20
759 32 8
25 1097 7
370 757 2
531 1282 30
298 172 8
172 102 8
1005 658 0
1461 199 30
723 803 2
650 820 15
485 551 2
403 172 8
699 702 12
391 462 8
126 287 2
476 983 2
718 1371 33
89 990 37
841 833 8
577 988 2
823 437 7
560 836 1
582 1496 53
241 873 2
256 32 8
565 882 2
800 1342 7
475 239 2
1144 1388 7
350 908 8
241 93 12
39 1384 8
34 574 2
464 1565 2
135 183 2
1384 292 2
235 259 2
674 1226 12
453 481 58
1505 37 8
126 219 2
928 59 8
1480 1126 33
184 1378 57
325 320 6
406 958 5
42 1126 50
1337 1389 7
546 438 6
228 1156 8
648 377 6
1230 658 2
1104 151 1
1215 1156 7
503 911 31
81 637 12
1338 350 2
421 973 2
139 152 30
70 1100 1
908 88 3
692 244 8
476 1204 30
651 1605 38
241 1094 30
1437 1500 7
291 1213 7
420 1367 2
877 1128 8
46 377 6
424 646 8
1131 941 55
1075 1364 2
650 297 2
74 148 2
1051 1111 1
759 728 8
990 645 2
841 1242 2
638 937 7
391 1163 2
1555 256 2
162 118 2
626 1565 2
584 1593 38
1337 1238 55
1133 88 5
593 802 57
167 730 2
377 1371 33
148 722 33
927 394 1
449 108 1
366 1345 2
486 747 2
927 686 1
598 533 2
268 766 8
271 377 8
703 83 2
1162 855 3
266 950 33
1377 1156 7
1079 577 30
599 363 2
1252 1358 2
338 1389 7
688 973 2
392 59 8
862 1014 0
355 149 8
565 27 53
813 1086 8
1503 1437 8
699 330 8
418 451 30
552 591 2
550 1101 12
259 891 8
259 495 8
557 515 2
69 1152 26
148 277 8
459 139 3
1468 646 7
109 568 7
703 1118 5
347 366 2
789 444 23
592 598 50
101 929 7
1313 412 5
809 598 30
185 159 27
642 1381 7
1272 88 3
1395 1578 5
472 83 8
449 1384 8
1042 776 5
238 823 30
552 419 2
718 1105 0
458 533 3
409 681 27
82 163 8
889 1075 2
1446 236 12
325 636 2
880 715 2
285 1565 2
865 1213 7
651 166 38
977 1395 7
409 116 2
874 88 3
502 505 2
759 1315 7
483 1364 1
183 1207 8
1317 1127 8
1131 1330 15
603 411 2
581 453 30
303 213 8
1179 910 7
847 1127 7
1554 401 2
544 678 30
486 1443 2
829 849 2
252 1367 27
1436 59 7
720 372 1
1295 475 2
584 1166 1
1413 568 7
399 150 2
112 412 5
486 1112 23
1412 581 2
1396 1384 7
829 1141 2
784 4 77
1053 929 7
271 568 7
483 21 8
834 350 33
1271 702 12
259 1196 2
116 321 6
726 139 3
1156 355 7
268 83 8
127 458 2
565 1223 2
370 238 2
1468 1342 7
1304 402 5
1163 114 8
808 957 7
1240 978 1
730 65 8
591 952 33
1503 462 8
1122 565 2
913 957 7
1136 1199 7
913 1295 2
452 1097 7
116 1419 8
325 265 6
907 330 8
362 495 8
442 300 2
540 1405 2
1093 792 6
900 841 2
377 1105 0
219 350 2
800 1156 8
555 366 2
584 47 8
595 1252 40
653 637 12
992 1097 7
550 437 8
1521 412 5
575 83 8
636 1395 7
1144 1262 35
303 914 2
539 458 2
738 1491 7
872 70 2
898 59 8
1114 458 33
377 991 5
894 420 2
1213 63 7
190 1230 2
501 1013 57
1317 618 27
1214 330 8
55 462 7
1437 930 69
535 1106 2
550 265 8
1040 1315 5
399 1242 2
409 1036 2
591 939 15
1303 1295 7
958 1315 7
285 126 2
595 952 16
721 1075 27
1461 840 30
1084 908 8
929 341 5
911 1431 5
309 1144 44
1390 818 1
399 778 2
926 1266 1
110 845 1
416 68 24
1052 667 27
1163 1211 2
455 779 6
618 980 2
91 1170 66
317 958 5
497 1230 2
1240 899 5
377 360 2
139 504 2
1302 1212 8
1398 1212 8
476 1160 2
377 355 8
479 568 7
297 765 19
646 1294 21
1033 1393 2
229 1340 2
365 937 8
1024 1033 2
1074 1340 30
20 462 8
1300 990 5
1466 802 1
1019 568 7
1356 997 22
68 720 63
1025 1213 7
228 1437 8
335 804 2
1355 637 12
598 743 3
440 750 2
104 239 2
1259 958 3
836 1416 30
702 1428 75
325 854 27
727 384 5
1040 507 8
774 88 2
667 622 2
902 686 7
88 839 7
1124 779 8
472 424 8
1120 838 8
270 241 31
416 762 2
1553 689 2
1305 1389 7
642 1200 2
279 516 27
1051 1392 1
398 438 2
1380 649 41
166 335 2
183 365 2
398 1126 2
398 730 2
836 1495 2
483 913 1
957 1199 7
862 277 8
1177 689 27
162 1087 2
1555 829 2
503 1126 2
1400 681 7
1179 459 7
252 228 27
527 937 8
737 492 2
402 743 3
1295 128 2
841 504 2
1058 1047 2
285 1437 8
1527 1310 8
154 453 2
55 44 8
1238 160 16
159 1169 2
607 674 2
519 513 30
544 0 0
1377 1437 7
973 772 19
707 750 2
259 849 2
1526 958 3
838 685 8
148 235 2
577 586 2
366 607 2
911 663 1
259 1141 2
148 626 8
506 1131 20
1216 139 5
255 1047 2
337 1364 27
42 396 50
1041 88 2
18 462 8
1058 59 8
1039 172 2
702 181 7
455 803 2
217 551 2
218 1384 7
1140 1284 2
679 1127 8
125 541 2
1391 383 8
349 113 2
925 274 12
1357 236 12
228 759 2
551 1550 7
898 1342 7
107 1004 8
633 865 6
844 584 71
458 39 7
1284 1187 0
438 555 7
1020 183 8
126 36 8
442 177 2
325 917 2
555 702 8
1093 273 6
1231 769 8
1317 667 27
1444 70 2
420 569 2
921 889 30
1436 350 2
295 329 2
863 1212 7
292 1033 2
241 624 30
69 1029 2
514 689 2
759 326 8
424 140 8
177 325 2
69 1420 8
618 701 2
1126 861 30
277 401 2
724 688 7
303 390 8
1252 1152 26
158 829 2
939 1327 6
1491 412 5
252 1148 27
1075 498 2
957 728 48
285 462 8
494 229 33
1390 367 1
399 723 2
671 720 15
241 334 1
797 1070 5
730 23 2
915 1477 21
369 239 2
143 980 3
718 209 2
1144 489 6
1047 1330 2
30 409 2
155 149 8
528 1170 0
382 958 3
321 533 5
552 1418 7
36 415 44
1284 437 8
154 139 3
873 720 15
205 510 77
1166 37 8
126 737 2
689 355 7
738 1070 5
1479 667 27
592 462 8
575 729 2
142 383 8
1566 1069 57
689 693 2
430 434 1
458 1073 2
514 683 0
551 1309 2
551 913 2
452 108 8
573 1468 24
337 217 27
56 284 16
1213 808 7
1349 1406 2
421 803 2
330 1491 7
98 1231 7
1172 88 5
357 750 30
438 787 7
218 575 2
295 1025 2
323 633 7
1437 934 7
399 36 16
88 1122 2
569 88 3
546 929 7
769 1212 8
1084 1262 2
69 619 27
1173 718 10
303 1482 8
885 183 2
416 707 2
279 565 27
285 1163 2
3 970 9
704 911 31
424 476 8
21 1284 21
650 919 2
642 848 8
630 1097 7
524 453 2
43 929 7
915 1456 30
847 37 7
292 350 2
1295 638 27
1277 1000 5
1563 139 3
1552 1127 8
1179 112 7
862 222 8
735 1389 7
852 1086 8
913 126 30
843 335 2
377 1001 2
252 569 27
127 1097 7
1179 800 7
122 1565 2
1078 1128 8
754 462 8
127 1389 7
1230 156 15
535 341 3
939 284 6
642 782 30
126 1141 2
181 59 8
117 1001 1
575 1133 2
390 642 30
380 148 2
1275 732 7
1028 958 2
126 1491 7
140 114 2
222 686 1
1279 750 2
1154 1419 8
313 1491 5
1233 147 1
1400 454 7
823 1583 7
1259 1266 2
939 1346 8
468 952 33
1213 338 5
1250 568 7
627 278 9
20 702 7
316 1191 10
1409 519 35
624 750 30
698 1384 8
337 913 27
337 1309 27
613 1213 19
290 743 5
3 568 7
1272 44 8
140 437 8
186 1419 5
1247 1291 33
1354 162 2
686 102 8
856 61 15
552 713 2
541 1305 7
22 37 8
787 777 7
778 859 2
792 1097 7
144 829 5
209 812 2
98 256 7
662 1033 2
462 65 8
1570 1418 7
1035 1156 8
900 335 2
1114 37 7
438 249 8
438 150 2
423 829 2
1090 139 5
1014 1086 8
303 1381 7
555 256 2
1136 1062 8
85 140 2
401 866 36
765 296 8
650 888 23
1445 363 2
362 203 71
236 1063 5
787 646 8
815 958 5
1337 1156 7
741 777 2
287 366 2
447 437 8
1554 1291 33
747 1126 33
183 938 2
1054 108 1
847 957 7
500 350 2
434 1220 14
162 1264 2
226 1459 30
61 881 3
841 1077 2
958 449 7
720 593 7
642 97 8
1205 205 19
1413 1127 8
1246 1079 57
932 59 7
689 1375 27
1188 1459 50
140 1138 2
570 1395 7
1461 27 41
205 666 5
1371 1342 7
703 833 2
1156 919 2
1179 90 8
658 1266 1
577 763 2
1035 1565 2
337 269 6
565 1053 2
362 393 8
1078 377 8
1284 90 8
552 1409 2
464 1340 2
638 1131 20
124 1342 7
416 269 20
803 805 2
287 915 30
287 519 30
69 338 5
1466 400 1
458 726 2
483 471 8
810 487 8
396 851 30
325 95 6
211 568 7
637 749 5
923 4 2
922 765 39
1084 109 0
139 31 30
696 59 8
438 778 2
76 768 2
1047 1204 30
1230 1121 2
931 65 8
449 140 2
420 454 2
1565 393 2
416 360 2
1213 685 7
98 60 44
602 88 5
295 610 2
295 214 2
686 459 5
995 646 8
1084 1161 7
518 568 7
69 1305 8
229 60 71
395 978 2
395 582 2
727 1314 2
1298 1097 7
1079 377 7
706 865 6
117 840 30
139 798 2
402 341 3
841 1309 2
1307 1389 7
148 1125 6
486 590 2
263 1047 33
355 929 6
597 1496 2
601 442 7
877 1127 8
1178 321 1
1405 833 2
1155 929 7
256 1196 2
750 21 8
34 1045 2
373 568 7
1163 1333 2
262 694 39
269 1127 8
1127 991 5
1008 690 1
1503 1384 8
575 1078 2
584 1592 38
434 1227 6
1284 368 33
551 50 5
909 1389 7
13 929 7
568 913 6
1252 1133 2
717 434 2
268 833 8
357 1389 8
402 1335 5
1129 372 1
442 1176 7
479 1419 8
390 519 30
518 958 5
1372 939 7
125 535 2
1505 1128 8
1258 958 3
32 1086 8
335 296 7
167 830 30
454 1260 2
1503 1212 8
1136 387 8
911 922 2
1044 377 8
686 47 8
148 52 8
901 686 7
552 274 12
192 727 2
3 486 8
343 438 8
507 335 1
550 1583 8
1000 952 33
1316 159 1
630 1342 7
325 114 8
1317 929 7
447 90 8
824 483 15
295 883 33
259 441 0
915 1341 30
194 1008 39
865 1384 7
330 726 8
172 1305 8
69 231 2
74 551 2
1080 88 2
856 1362 2
1195 1619 2
729 256 2
1303 442 7
736 37 8
1179 685 7
531 609 2
578 412 5
1405 1169 2
393 829 2
1526 1310 8
958 102 7
1436 172 2
258 399 2
118 1310 7
35 395 2
154 1075 2
162 98 33
618 127 2
133 568 1
157 1212 8
704 1126 2
366 437 2
116 929 7
923 1328 2
505 834 8
56 102 30
122 759 2
790 476 7
60 546 35
1382 568 7
88 595 5
594 1129 8
241 547 7
125 1163 2
696 1342 7
582 1419 8
584 390 8
290 1316 5
341 565 2
270 830 30
913 1128 7
258 724 30
1401 37 8
458 671 2
920 950 14
231 335 2
420 1399 6
108 1420 8
1224 845 1
1266 3 8
1035 1437 8
107 834 8
1266 341 3
692 32 8
1242 88 2
98 829 7
270 366 30
1317 565 27
185 958 27
797 32 8
1563 1097 7
1341 1342 7
1126 716 7
69 1031 2
284 61 15
1163 1325 5
206 651 53
438 723 2
183 908 6
389 61 15
555 829 2
315 836 3
315 399 2
454 108 8
140 51 5
541 545 2
724 591 1
528 1047 33
405 902 1
1100 1352 2
377 1203 6
732 657 1
1170 1422 1
348 1610 56
168 259 2
77 1384 8
824 184 5
395 235 2
292 1213 7
172 231 2
273 551 2
1321 259 8
324 396 30
119 60 55
327 823 14
925 156 15
841 1358 2
1087 434 2
1295 936 7
626 1384 8
377 599 2
267 281 27
315 724 30
982 330 8
406 730 8
739 505 2
1045 1600 38
543 1340 30
256 1141 2
945 568 7
718 831 2
1163 1377 8
485 1295 2
730 932 8
864 222 8
205 408 77
126 1031 2
162 62 2
572 1389 7
360 59 7
838 228 8
483 716 8
268 90 8
259 387 8
256 677 2
259 684 2
1252 1078 2
399 1267 14
301 444 77
761 1265 1
674 1562 2
1481 574 2
218 577 2
1479 584 53
1246 273 57
895 1342 7
195 259 20
458 903 2
218 531 7
238 568 7
713 730 8
429 1163 2
1148 88 3
432 472 1
323 531 7
596 730 30
457 159 2
551 1035 2
325 1397 7
829 92 8
323 823 7
442 1391 2
139 604 30
494 1118 5
1140 363 2
590 70 35
1444 1284 2
1450 88 2
1352 936 7
436 777 2
295 1251 2
1135 376 3
759 857 2
768 1212 8
769 1047 2
653 113 2
1214 1156 7
1231 1227 8
884 183 2
1566 930 12
289 1033 2
395 1223 2
107 83 8
584 464 40
1132 958 3
1047 432 15
724 1564 12
1050 1337 1
921 36 30
462 307 5
872 1156 8
618 1555 2
977 1156 8
508 1243 7
659 1396 8
603 27 53
183 536 2
402 936 8
925 1506 0
1340 226 3
1552 957 8
274 970 74
629 958 3
398 505 2
847 159 7
176 750 2
862 52 8
162 466 2
1061 933 2
159 1070 7
915 1100 1
864 1314 8
1397 1002 7
265 1395 7
1376 937 1
603 423 2
958 47 7
1394 488 27
1196 1389 8
285 1212 8
384 76 7
381 803 2
241 1480 1
168 396 33
1249 59 5
1174 841 2
701 1033 2
69 1315 5
479 667 27
936 1097 7
487 1384 8
1283 236 12
1163 1510 2
1197 462 8
957 32 8
252 623 27
988 56 30
519 976 30
259 974 7
825 1212 8
162 685 8
113 1070 2
584 166 38
1055 205 7
1233 269 1
1009 1246 37
1041 259 2
1481 1156 7
140 663 8
112 1126 7
208 362 2
673 689 2
184 355 57
614 683 66
681 236 12
383 620 82
459 149 8
665 159 2
836 216 30
192 88 5
547 416 2
1135 1062 8
872 1461 2
848 829 5
207 756 2
66 1230 2
645 1084 1
650 1445 2
501 222 0
1332 140 1
1126 265 7
563 139 3
1328 879 2
689 163 8
1304 1116 7
458 881 3
526 638 2
531 1354 2
993 1097 7
1317 442 27
259 1014 0
1336 107 7
894 140 2
1210 37 7
829 99 0
980 689 2
1144 622 35
1081 1405 2
535 534 2
913 1340 30
544 1094 30
1217 88 59
928 399 41
1394 1184 27
69 804 2
163 1342 7
541 26 2
1219 766 8
724 468 1
43 76 7
618 872 2
1340 808 8
391 140 2
541 21 8
108 338 5
335 484 9
408 957 8
841 907 2
250 568 7
1497 1310 7
494 1407 2
721 399 27
750 1292 30
1407 568 1
399 498 2
56 451 30
241 942 2
941 937 7
162 671 33
108 270 5
1146 167 7
52 1389 8
1518 88 3
1294 925 2
395 3 8
116 377 6
126 684 2
701 350 2
750 1224 30
927 59 1
361 1086 2
1030 1075 2
915 349 1
1259 121 2
463 1340 2
213 958 5
609 1127 8
377 471 8
1336 205 5
24 823 33
482 75 8
1058 462 8
1510 259 2
218 126 2
1505 330 8
335 628 2
1179 610 30
140 1583 8
575 504 2
1162 114 8
334 1352 2
218 476 7
126 507 8
695 59 8
442 648 2
836 844 30
301 321 77
514 412 5
211 1419 8
889 516 2
1444 937 2
878 1131 2
894 836 2
958 669 5
1458 779 7
1121 911 2
934 37 8
88 559 7
524 692 2
541 722 2
1437 1397 7
1555 325 2
646 663 8
416 878 2
1552 929 7
1084 1329 2
1201 1097 7
724 1509 12
1184 1405 2
719 438 6
281 844 2
427 393 8
1201 1389 7
618 766 7
759 1026 2
730 890 2
1054 1295 2
1306 1389 7
1461 1292 30
1397 259 7
1177 409 27
544 51 30
1154 929 7
285 1162 2
165 694 39
155 637 12
1058 1163 2
1247 683 0
382 1050 7
401 92 8
98 720 15
350 347 16
56 1371 30
573 1 1
1129 1062 1
1252 1381 7
455 1127 6
730 817 8
713 1084 2
730 1114 2
373 1127 8
269 957 8
1459 546 30
1363 441 0
159 889 2
373 1419 8
603 300 2
1045 1550 8
925 446 2
121 789 2
1047 26 2
543 568 15
1482 1395 7
1468 715 7
117 1000 1
1566 1076 57
334 377 2
460 1135 2
686 215 3
124 462 8
891 88 48
1253 236 12
1010 848 7
350 54 8
722 412 5
1337 1395 7
209 937 7
533 1342 7
418 558 1
207 305 2
1009 937 8
205 51 7
651 235 38
88 791 7
108 554 8
183 506 6
750 620 2
1124 1127 8
208 531 2
530 823 33
25 1005 36
603 627 52
584 1037 40
82 852 8
531 903 2
494 452 12
809 823 30
686 1209 5
1069 911 1
183 421 2
688 1610 56
402 1217 8
859 488 2
399 219 2
69 848 8
1340 65 8
1097 298 7
350 1439 16
283 789 2
847 732 7
1025 925 10
759 46 8
555 646 8
1424 584 53
1394 769 27
470 1291 16
377 1404 2
1460 303 20
1461 179 15
1339 1671 5
266 295 2
1328 311 35
290 502 8
599 1352 2
252 595 53
484 667 2
181 462 8
1496 849 2
117 1404 1
157 646 8
618 307 7
590 1342 7
703 1004 2
927 4 1
1460 573 15
933 690 2
695 1342 7
790 702 7
812 940 2
1171 937 8
1127 908 7
683 1574 2
1045 471 8
674 1160 2
1373 718 2
823 716 8
565 1120 2
1006 1496 2
627 973 9
51 750 30
217 1295 2
185 1252 27
1478 718 2
317 159 5
1201 939 15
941 519 35
976 646 5
432 70 1
70 1114 1
317 929 7
1391 1419 8
126 848 8
551 1029 2
325 1333 2
1478 650 2
650 1371 33
1045 125 40
535 883 2
313 1181 7
139 98 30
1444 486 2
1121 1252 2
438 903 7
1128 147 2
541 375 2
37 1184 6
441 1086 8
934 810 15
420 625 2
1328 614 7
541 766 8
483 1578 5
1565 168 2
313 1550 8
1176 1005 1
420 917 2
494 1418 7
1295 1568 2
511 183 2
505 1491 7
829 1500 7
267 575 27
205 75 3
973 165 2
183 129 8
1128 1578 5
1394 796 2
420 1578 3
1168 1496 2
654 1610 56
603 21 2
494 80 8
1058 420 2
528 140 8
127 1213 7
958 1581 8
605 1395 7
377 716 8
441 59 5
479 929 7
1459 199 30
1053 689 2
1129 611 1
1106 718 10
183 68 24
1025 1328 2
371 1156 8
486 297 2
830 739 2
377 653 2
923 183 2
928 1389 8
259 514 2
904 363 84
442 1393 2
102 1395 7
720 54 8
649 983 16
337 341 27
464 140 2
598 766 8
341 1419 2
941 172 8
808 321 2
154 149 8
117 653 1
337 1029 27
668 1389 7
278 36 14
113 163 1
1069 765 19
1131 297 2
575 1077 2
619 519 31
217 148 2
107 273 8
325 1584 28
994 651 12
769 1565 2
395 1449 2
208 476 2
1236 462 8
1389 910 5
179 340 2
682 1578 5
829 1399 6
541 189 27
1084 1226 12
646 1236 8
836 854 27
402 433 7
875 1128 8
637 342 74
1304 646 7
921 158 30
158 183 6
1081 957 7
1144 512 35
1080 259 2
1284 1274 12
501 80 7
69 793 8
808 911 31
1085 236 13
49 162 2
544 624 30
381 1384 8
1496 1120 38
1400 578 7
252 917 27
139 1493 2
1295 83 7
988 350 30
853 113 75
668 1419 5
494 1396 8
531 485 30
596 1213 7
263 494 2
582 929 7
475 1405 2
1395 789 2
1056 667 2
1363 1014 0
544 293 0
392 1389 8
1375 1156 7
992 1005 36
159 1457 8
508 63 8
780 683 0
915 1446 1
505 213 8
241 368 2
565 773 2
911 1393 2
702 578 7
508 355 8
702 481 74
1052 1310 8
209 412 5
1284 102 8
1398 462 8
790 183 7
575 97 8
637 469 5
552 1061 2
1035 1212 8
823 197 8
383 513 30
1242 259 2
207 586 2
350 627 8
895 462 8
576 377 8
689 68 24
1458 377 7
933 622 35
438 894 2
37 837 6
1304 1342 7
1437 307 7
650 360 2
979 689 2
1008 766 8
859 1525 2
933 441 0
65 1116 7
362 947 71
752 568 7
84 59 2
1227 730 8
494 1409 2
927 573 15
61 527 1
720 1118 1
551 1292 14
992 958 3
285 140 2
863 1213 7
272 1212 7
995 325 7
69 1030 2
552 611 34
139 704 31
303 787 8
1411 438 1
841 1133 2
841 737 2
48 1252 2
736 1128 8
727 254 12
505 622 2
713 950 33
1127 487 5
1461 390 30
750 1518 30
139 914 2
30 140 7
1398 434 1
505 1305 8
140 798 2
370 880 2
59 114 8
1126 881 5
1146 685 7
396 1371 30
1078 37 8
609 957 8
476 1106 2
533 803 30
830 684 2
838 3 8
689 762 2
921 819 7
683 211 1
838 341 3
155 447 2
1399 1384 8
143 1227 8
438 1153 52
543 1496 41
447 1262 2
470 492 2
1104 446 1
1041 1405 2
479 1144 2
1485 681 2
1155 1310 8
447 1274 12
1461 865 2
899 401 7
671 730 2
228 1342 7
905 492 2
910 812 2
125 646 8
1154 958 3
457 330 2
13 1310 8
584 411 40
230 646 8
306 568 7
505 1070 5
45 56 30
1459 223 2
902 340 7
1104 670 1
931 855 3
287 990 5
1568 159 2
139 671 30
1450 259 2
283 641 31
69 1388 7
429 1162 2
1136 39 8
641 574 2
189 1128 2
80 750 7
535 1366 85
420 1198 2
1338 1156 8
1159 377 5
82 54 8
841 1491 7
176 989 2
65 37 7
1084 1550 8
499 650 2
915 1457 30
519 484 7
862 119 59
309 777 2
183 707 2
183 311 2
601 1254 7
295 523 23
45 531 2
750 833 8
847 330 7
244 1127 6
730 1070 7
1459 840 30
607 1084 2
241 1359 1
1317 1310 8
205 1275 77
718 1256 7
544 173 30
841 450 2
1402 1097 7
1314 458 33
150 823 2
268 916 7
579 412 5
1058 1384 8
256 1148 2
538 88 3
154 399 2
696 838 7
1129 1184 1
1163 78 2
1259 929 7
1156 292 2
703 206 2
126 1388 7
1047 648 2
1153 937 8
980 453 30
109 472 1
35 88 3
988 519 30
337 914 27
1035 1230 2
1330 61 15
565 322 2
1201 921 5
558 1328 2
140 42 8
1002 904 58
1338 1565 2
91 836 1
905 724 2
108 848 8
116 1310 8
551 231 2
541 101 26
550 893 33
102 531 2
1239 458 2
583 108 8
1252 97 8
875 603 6
766 1437 8
519 789 1
183 336 6
230 64 33
1453 790 2
82 291 2
1303 88 5
976 1284 2
362 600 71
999 59 8
434 502 8
248 1066 5
70 873 2
162 1333 2
434 893 14
629 1342 7
365 776 5
363 622 35
823 1578 5
923 412 5
318 929 80
829 265 6
1421 929 7
363 441 0
874 957 8
573 527 1
877 172 8
290 796 8
267 69 27
160 241 2
765 917 8
618 647 2
1437 855 3
913 550 5
1219 833 8
864 114 8
841 1078 2
420 384 3
391 603 2
713 1291 33
849 1144 2
594 862 2
522 1384 8
290 728 8
488 829 2
256 569 2
152 453 2
437 911 31
737 88 3
128 1033 2
1240 739 67
810 124 1
730 261 2
992 453 35
470 505 2
1180 1127 8
1053 183 2
374 401 2
772 709 77
1359 1191 12
1047 1568 2
138 362 2
1485 334 2
56 450 30
746 1150 5
1252 798 2
702 359 7
543 1045 41
1511 772 19
1304 921 5
649 873 16
771 1246 5
337 231 27
779 903 6
1381 568 7
418 1480 1
1355 236 12
220 1163 2
639 911 31
1486 568 7
438 1197 7
434 824 6
1085 412 5
1179 597 71
546 552 1
572 937 7
442 423 2
1496 620 40
901 59 7
323 939 7
878 568 7
139 324 30
1445 1352 2
1487 1127 8
654 577 2
1215 1620 7
765 1321 8
1323 957 8
108 97 8
900 44 8
1162 1325 5
541 497 2
281 1184 27
530 366 33
76 701 2
869 1135 2
747 775 12
117 513 30
1390 717 1
399 1073 2
1156 1264 5
168 957 7
524 399 2
285 1104 8
12 829 20
1390 1009 1
727 441 0
516 625 2
409 1555 2
548 1610 56
856 1131 2
750 90 8
273 1295 2
768 1156 8
181 1384 8
702 749 5
730 1061 2
183 355 8
1304 140 7
1461 671 30
1320 183 2
759 796 8
252 846 6
527 140 8
747 1086 8
45 476 2
143 1243 7
30 759 2
1098 108 8
486 591 2
150 476 2
1139 823 16
1207 44 8
712 183 2
276 937 8
1405 834 2
265 1156 8
215 139 5
1212 1315 5
205 860 77
920 1608 2
1284 753 23
945 88 3
838 226 3
536 830 30
978 1135 30
524 724 30
128 350 2
417 278 9
925 617 2
1259 1212 2
551 1217 7
551 1555 2
1145 568 7
442 1515 2
95 321 52
148 855 3
693 911 2
730 1282 30
1367 958 2
125 140 2
244 1310 8
241 258 2
501 167 8
112 950 7
139 1416 30
922 803 2
702 72 7
217 442 2
590 462 8
1031 838 8
502 598 30
1128 1069 2
673 409 2
1188 412 5
108 793 8
476 341 3
70 261 1
569 689 2
999 1342 7
1451 1126 2
1451 730 2
1124 929 7
250 149 8
283 922 31
333 533 3
1252 42 8
46 412 5
1447 702 12
241 576 14
997 565 7
309 1126 2
1338 1437 8
309 730 2
650 1561 2
343 1127 8
438 487 8
420 168 2
159 1153 6
82 627 8
650 450 33
925 1200 15
531 678 2
1084 129 2
551 98 14
519 707 2
69 628 2
365 1496 1
1145 958 5
591 483 15
519 999 2
139 681 27
1550 1127 8
862 796 8
162 1210 2
736 330 8
349 925 10
391 256 2
1340 1344 5
377 1575 2
348 1002 1
1295 647 2
420 387 8
1424 651 53
727 1124 33
176 183 2
829 917 2
623 646 8
252 1039 27
1295 601 7
999 505 77
620 1291 14
519 1392 30
1393 1310 7
155 113 2
290 277 8
618 128 2
550 1187 0
1284 63 7
367 686 7
170 823 30
1039 759 2
599 453 34
1391 929 7
584 514 38
1389 355 7
359 494 2
1519 88 3
1541 70 35
244 340 2
552 1355 2
207 1469 47
241 548 7
144 259 8
42 915 50
301 505 77
1014 1395 7
1026 1047 2
1129 23 2
205 1314 7
264 939 15
917 396 33
1474 453 2
432 241 1
552 1287 2
782 973 2
434 373 6
322 1362 2
551 804 2
1454 1500 2
925 742 23
494 1225 0
978 239 2
907 1086 8
418 1357 1
241 808 14
992 1310 8
447 753 23
321 1418 7
779 1550 8
1230 1062 8
541 150 2
541 546 2
664 1162 2
1340 932 8
1443 363 2
303 685 8
1447 1291 33
658 139 3
1566 595 12
541 833 8
1565 235 2
1103 149 8
841 1381 7
399 622 2
267 350 27
1080 1405 2
1135 743 5
292 241 2
1214 1086 8
205 1016 5
453 1567 83
927 183 1
89 241 35
1179 3 7
334 1170 0
117 390 30
267 1342 7
614 646 68
867 37 8
929 846 6
594 1097 7
1176 1395 7
139 1036 2
1337 720 15
494 147 8
437 1047 30
1275 727 7
334 718 10
575 1024 2
575 628 2
673 1395 7
142 183 2
349 1328 2
271 395 2
1033 1169 2
1204 830 30
239 648 2
259 289 2
21 829 2
145 325 2
1154 1310 8
1239 1097 7
1468 143 7
1482 1156 8
1252 975 2
922 60 2
1250 401 2
337 804 27
106 1084 2
820 139 3
541 1242 2
551 1036 2
442 1054 7
689 1207 8
1144 3 8
31 720 15
1330 646 1
1144 341 3
1242 1405 2
1454 421 2
1213 1322 13
31 1608 46
536 458 2
210 1419 8
541 778 2
650 1110 2
723 412 5
399 1004 27
905 937 8
74 565 2
651 643 38
281 154 27
1520 1395 7
226 1126 30
836 233 27
929 1151 0
600 1213 6
49 401 2
768 1437 8
686 1325 5
281 796 2
284 803 2
737 686 7
834 183 6
69 177 2
382 1570 7
1212 848 8
1310 1381 7
777 90 8
401 909 2
1296 1097 7
216 418 30
765 119 8
108 1314 5
17 61 15
937 1491 7
724 232 7
432 88 3
1548 1156 8
261 1047 33
650 998 29
1069 954 7
543 1047 14
595 1496 2
695 838 7
703 792 2
1541 59 8
216 642 30
505 848 8
290 222 8
550 1132 0
829 147 33
1037 1395 7
501 808 8
505 92 8
259 917 2
228 603 2
829 789 8
396 450 30
1503 183 8
1140 1352 2
593 646 8
1483 362 2
825 1437 8
91 958 1
532 1456 2
337 471 2
205 863 7
213 929 7
552 452 12
442 808 8
459 838 8
790 646 7
774 492 2
1084 0 0
1400 743 5
377 1514 0
409 533 2
599 1170 0
565 873 30
628 1342 7
191 453 2
1476 1500 30
292 1565 2
1079 44 7
1237 37 8
531 1251 2
1437 101 33
551 671 14
863 1384 7
170 1129 7
1340 855 3
401 1199 7
302 295 7
285 603 2
222 810 15
407 183 2
730 263 2
401 1491 7
1200 59 8
618 769 2
575 513 26
603 1052 2
391 829 2
4 631 15
724 756 7
1403 1384 7
148 1499 2
841 1200 2
358 462 57
374 1291 33
865 958 3
476 1345 2
1058 140 2
970 772 19
656 1291 14
139 981 2
601 333 7
1544 37 8
269 330 8
605 1453 2
416 856 20
1180 957 8
810 246 1
297 37 8
126 581 2
738 926 15
359 444 23
56 676 30
723 1384 8
1252 628 2
350 1161 7
930 239 38
914 335 2
1104 617 1
117 81 1
919 259 2
459 1097 7
790 1342 7
1258 516 2
421 1002 1
702 877 7
438 1073 2
290 287 5
295 99 0
479 1310 8
59 1325 5
696 646 8
563 399 2
825 462 8
990 300 57
223 1135 2
458 1199 7
458 1578 3
600 724 35
747 683 0
915 907 2
1497 139 3
1102 1496 12
1486 1127 8
551 981 2
634 252 6
442 1337 2
333 1396 8
1121 1496 53
1487 88 3
1176 646 5
279 409 27
282 61 15
501 1430 57
330 393 8
1284 338 5
868 1135 2
300 1471 7
651 296 38
650 1451 2
395 1169 2
1173 1170 0
512 937 7
398 915 2
1476 421 30
156 686 1
500 1565 2
88 1581 8
552 80 8
1499 162 10
4 890 14
1570 1227 8
880 777 2
419 958 3
418 155 1
292 126 2
1541 1342 7
69 122 2
636 703 2
74 442 2
759 1418 8
618 1059 7
1284 936 7
641 172 8
629 462 8
1458 1496 41
434 269 8
62 686 7
1076 335 2
176 1384 2
1265 1399 6
4 373 6
1050 1507 1
1127 1578 5
603 369 2
620 399 2
360 1097 7
838 433 7
1400 298 7
494 329 2
737 505 2
726 1097 7
1310 92 8
688 1002 1
858 646 8
1284 1305 8
1061 444 23
1264 1384 7
81 925 10
290 167 8
650 81 10
1458 64 30
796 252 6
478 929 7
449 1131 2
1031 1033 2
1047 423 2
1207 1310 5
1125 1310 7
915 1562 1
703 273 2
447 62 2
1485 1480 2
42 117 50
101 1395 7
569 937 7
1179 1239 30
259 147 33
993 1005 36
1187 412 5
140 213 8
218 1047 2
501 685 8
1076 952 30
673 239 2
1123 929 7
1251 88 3
960 1126 30
995 823 33
205 808 7
437 492 2
1062 1310 5
877 1389 7
702 466 75
183 111 6
27 531 30
1104 199 2
343 957 8
937 1070 5
713 683 0
54 1362 2
269 1389 7
27 823 30
1200 1342 7
534 650 2
1305 1342 7
829 441 0
268 1491 7
252 1041 27
870 1156 8
325 1321 8
1215 303 7
797 147 8
285 256 2
639 492 2
493 321 6
929 75 5
759 47 8
40 568 7
1053 1395 7
303 507 8
427 341 3
113 1000 5
292 1437 8
879 1047 14
862 1314 8
207 206 39
603 1393 2
148 273 6
903 911 31
999 1127 77
1075 219 2
148 652 2
1047 1515 2
841 848 8
285 183 8
707 1459 2
721 1033 27
164 37 8
167 44 8
447 338 5
630 59 8
934 1097 7
241 784 2
140 914 2
779 850 6
575 1491 7
577 189 27
945 401 2
140 1305 8
864 1325 5
908 1395 7
377 21 8
139 899 3
565 1121 2
325 627 6
442 324 7
442 662 2
63 1310 5
31 108 44
591 650 2
682 1181 7
226 399 2
183 1203 6
575 54 2
383 173 30
867 952 16
383 861 30
1110 1395 7
447 1305 8
107 1307 13
1232 394 48
1131 1584 28
1215 1395 7
1144 1264 35
1446 1291 33
438 1242 2
550 248 12
55 1162 2
573 631 15
295 31 33
933 743 5
978 689 2
1179 297 7
1313 37 7
910 519 35
926 573 15
47 1419 8
453 1499 10
1539 462 8
516 796 2
505 1388 7
915 781 30
148 638 27
492 1376 2
324 915 30
183 31 2
925 1397 0
636 252 2
387 1384 7
864 80 7
1397 205 7
864 855 3
830 808 2
1179 125 7
603 314 2
360 646 7
717 278 2
252 582 27
960 1091 64
244 779 6
862 63 59
810 527 1
138 845 12
1284 813 7
205 1070 5
164 88 3
1028 1075 2
653 925 10
939 297 6
1326 139 5
419 453 35
568 1418 7
568 981 6
1101 1065 5
1377 1395 7
841 97 8
1082 823 30
829 387 8
585 183 2
586 958 2
3 335 2
337 1030 27
347 777 2
1129 877 2
447 1226 12
1213 1184 6
53 642 30
20 715 7
462 1457 8
1344 1231 17
238 1128 8
125 603 2
878 667 27
139 1483 30
1036 1230 2
1335 1097 7
995 476 33
779 770 2
650 1404 2
1232 730 48
1351 937 7
1451 505 2
512 412 5
901 462 7
541 1364 2
323 1342 7
381 915 30
1253 957 8
83 651 53
617 412 5
1104 1455 2
576 88 3
727 282 5
268 338 5
1252 213 8
1454 980 3
779 743 3
576 438 8
1338 1212 8
395 1450 2
27 476 30
183 831 2
1019 1127 8
592 1170 51
99 140 8
160 1340 2
859 898 2
281 380 27
70 301 2
1019 1419 8
681 730 8
432 44 8
895 59 8
420 235 2
81 113 2
1383 139 5
977 1284 2
1179 1613 7
61 728 8
1179 1217 7
1295 111 6
516 1424 2
1517 1091 2
819 412 5
492 1567 1
859 1122 2
195 1156 8
954 86 2
1166 1213 7
575 338 5
494 610 2
113 153 5
1540 59 8
841 798 2
505 287 2
913 603 6
148 597 2
870 970 9
634 44 8
399 92 8
841 793 8
241 437 2
290 52 8
122 1047 16
256 289 2
739 44 8
508 424 8
1461 813 15
383 189 2
679 1156 7
1193 1500 50
1277 52 7
170 598 30
366 609 2
1458 241 30
154 1097 7
240 143 2
418 1094 30
836 743 3
1541 241 35
907 642 2
783 750 2
259 428 33
674 1106 2
568 298 6
401 441 0
1381 37 8
912 957 8
233 1395 7
108 863 7
891 59 1
29 37 8
430 1394 27
126 502 8
633 1227 6
689 21 7
653 1328 2
810 104 8
429 603 2
82 1161 7
438 917 7
1345 1496 2
186 836 1
844 1238 71
1506 483 15
1170 1225 0
661 1389 8
552 347 33
1135 1581 8
61 992 1
211 1310 8
823 1168 71
679 88 3
717 958 5
207 879 2
139 440 30
550 681 2
569 172 8
501 345 0
69 1495 2
756 551 2
12 325 20
528 823 33
1444 724 2
295 1087 2
344 702 8
602 724 35
1561 434 2
650 653 2
311 531 2
1565 114 2
303 757 2
792 108 8
836 882 2
736 1156 7
829 1014 0
311 823 2
1087 278 2
1227 1419 8
322 149 8
1407 88 5
37 1062 6
285 829 2
683 1514 0
731 633 7
618 1391 2
363 743 5
518 1310 8
577 101 26
307 830 30
928 720 2
646 90 8
1438 37 8
140 1555 2
750 102 8
277 1086 8
784 939 77
148 846 6
848 321 2
1127 384 5
151 958 3
731 565 7
252 235 27
843 689 2
479 438 6
428 70 35
1173 1047 33
595 1589 38
1053 239 2
1490 732 7
159 488 2
698 686 1
399 1403 14
543 1461 41
689 763 2
472 1381 7
1193 421 50
127 1033 2
325 908 6
239 423 2
259 460 2
1082 476 30
1127 1482 7
442 902 1
1496 662 38
1291 382 8
880 649 41
18 1384 8
1445 718 10
56 1194 30
841 42 8
710 1156 8
125 256 2
880 1291 16
1565 1375 27
974 646 5
315 929 7
738 99 0
1225 1384 48
1380 703 20
692 728 8
541 1309 2
199 1395 7
78 88 2
312 1453 2
1101 1511 74
1135 502 8
897 646 8
519 157 7
424 1135 2
1128 716 8
88 1416 2
1126 101 7
183 380 2
632 70 1
650 554 23
981 535 7
85 139 3
1191 879 74
434 167 8
279 859 27
1540 1342 7
406 765 7
268 1381 7
861 295 2
1522 568 7
1144 62 35
502 689 2
183 604 2
601 1547 7
1037 1342 7
701 1565 2
162 534 2
841 451 2
140 681 27
704 973 7
836 423 2
259 1214 7
4 891 6
1376 1005 1
241 49 1
294 37 8
577 497 2
573 124 1
1045 693 38
1412 369 2
374 1126 33
279 1126 50
1005 99 0
380 442 2
1028 1252 2
1034 159 2
825 1384 8
575 1381 7
1496 1290 38
240 88 2
1031 1213 7
925 1361 2
1328 1578 5
340 1271 7
1391 1086 8
1030 911 2
468 650 2
577 33 2
524 483 15
1144 433 7
854 1610 56
911 233 27
241 606 2
1026 1163 2
1014 1156 8
218 1565 2
1163 298 8
910 1395 7
455 204 7
1008 92 8
82 756 2
1156 908 8
681 1084 2
555 618 2
1391 1310 8
447 512 2
1098 933 2
1471 1141 59
434 489 6
551 128 2
333 147 8
70 942 2
836 284 30
1230 99 2
333 881 3
98 492 2
744 552 1
942 911 31
450 550 2
438 502 7
1252 390 8
418 681 1
597 453 35
438 840 2
875 937 7
769 140 2
1437 987 2
278 327 1
1231 716 8
532 1455 2
993 1310 8
1225 633 48
85 330 2
84 401 2
311 476 2
1009 724 35
759 739 27
638 492 2
109 88 3
724 1000 1
303 743 3
416 26 2
311 321 64
437 937 8
543 1127 8
494 1251 2
513 252 2
720 960 1
1424 937 7
195 1437 8
208 1047 30
20 990 5
642 63 8
281 284 2
1024 1230 20
1209 603 7
796 61 15
82 267 55
1477 1170 0
603 1223 2
552 1105 0
1047 1345 2
1176 724 1
775 1063 5
841 1371 2
1126 1392 30
603 1515 2
945 1086 8
261 494 2
1541 462 8
1176 1156 8
601 108 7
702 824 7
1037 241 2
930 82 38
701 126 2
361 862 2
140 1036 2
1437 293 0
381 183 8
1271 295 2
159 32 8
483 437 8
483 833 8
1343 59 5
569 1395 7
1357 775 12
483 1125 8
674 1283 2
24 295 2
256 789 8
56 1139 30
724 1194 30
238 335 2
836 1376 30
1352 433 7
470 730 2
497 694 39
151 453 35
902 692 2
492 1499 10
874 1389 7
472 92 8
769 836 2
724 1404 1
76 770 2
416 722 2
76 1161 8
933 1237 36
458 976 29
84 1389 2
108 98 8
183 33 2
541 894 2
541 498 2
1120 730 8
1022 471 8
1022 75 8
399 671 16
820 573 15
108 390 8
1183 139 5
334 140 8
658 149 8
55 1342 7
618 1298 7
1476 592 30
919 1047 30
420 1436 2
70 191 2
238 952 30
929 533 5
1075 1141 2
1191 129 7
731 1310 7
355 958 5
368 598 30
762 139 3
83 577 2
862 65 59
383 1166 2
535 18 8
350 983 16
1200 462 8
618 1568 2
779 1335 5
730 1354 2
1284 1445 2
604 1284 2
856 1419 8
1459 390 30
142 703 2
847 568 7
1404 1047 33
727 893 33
603 540 2
926 183 1
703 220 2
988 241 30
292 958 3
494 891 8
462 1418 7
367 59 7
596 1437 8
449 568 7
363 753 2
1259 1213 2
1252 681 27
340 528 7
254 278 74
836 341 3
923 702 2
1340 272 31
925 910 2
483 1468 24
534 718 10
576 44 8
447 129 2
1201 483 15
820 149 8
125 829 2
900 350 2
221 829 2
1039 59 8
292 1230 20
1126 54 7
208 37 7
1354 401 2
322 1131 2
234 1156 8
551 177 2
82 305 2
108 1482 8
1232 1248 48
998 1310 7
836 1335 5
952 270 5
213 1086 8
61 590 1
418 334 1
447 848 8
333 92 8
836 229 30
915 390 8
980 140 7
894 325 2
343 1128 8
1284 982 67
413 702 1
1499 925 10
350 624 30
27 598 30
1231 265 8
925 1201 15
27 651 41
574 961 35
724 653 1
989 770 2
281 502 27
974 552 2
1483 366 29
437 486 8
506 568 7
409 581 2
1394 905 27
462 1344 5
54 1419 7
69 916 8
292 1212 8
237 650 1
113 1154 1
335 980 5
980 803 30
1458 535 30
841 1024 2
841 628 2
873 574 44
1156 118 5
159 1315 7
721 516 27
252 1436 27
692 1399 6
263 366 33
577 778 2
1505 1097 7
505 805 2
370 83 2
35 689 2
1058 256 2
152 399 2
1505 1389 7
246 937 7
570 1342 7
1394 272 2
1055 1310 7
931 1418 7
972 694 39
970 784 19
71 939 15
140 981 2
978 453 30
701 759 2
1250 1126 33
261 453 34
256 384 3
1355 1126 33
637 660 5
244 633 2
316 438 6
337 177 27
202 812 1
396 1194 30
341 859 2
108 1381 7
931 80 8
550 579 2
1352 1112 2
1466 243 1
429 829 2
126 228 8
152 724 30
443 970 74
442 369 2
236 397 75
85 1075 2
208 957 7
655 929 7
692 326 8
259 277 8
551 701 2
281 1198 27
1040 52 8
325 1401 2
1317 859 27
1461 292 2
1093 1153 6
357 642 30
1458 838 2
1424 412 5
664 1163 2
823 1114 30
296 1231 17
218 462 8
647 1128 8
284 362 31
1362 206 54
323 462 8
1455 366 2
420 693 2
395 889 2
1322 568 7
1179 72 7
1084 1446 2
619 958 27
533 1231 48
1084 666 12
1295 1298 7
145 667 27
514 458 33
401 282 2
875 172 8
903 88 5
1323 1127 8
659 1062 8
172 916 8
166 172 2
730 1299 2
730 903 2
162 528 2
36 458 2
1179 296 7
1081 37 7
241 1250 1
1052 239 2
1394 154 27
268 848 8
568 1220 6
1551 550 4
568 824 6
490 108 8
361 1097 7
279 724 50
627 139 3
751 1291 14
1146 808 7
191 573 15
899 1384 7
361 1389 7
1082 598 30
335 1337 2
350 1550 8
703 92 8
624 642 30
692 1418 8
311 1084 1
681 950 33
1082 651 41
1398 281 55
911 833 2
101 1156 8
453 877 2
218 1163 2
1045 889 40
575 848 8
563 1097 7
650 1575 2
552 209 2
1019 929 7
1337 1162 2
1022 716 8
1443 1352 2
70 499 1
614 1129 5
727 1187 0
98 44 7
416 189 27
797 39 8
238 1127 8
555 148 2
183 606 2
415 663 7
528 366 33
88 804 7
183 898 2
303 300 2
581 535 30
434 685 8
1179 1388 7
76 355 8
1295 661 2
1084 367 2
287 550 2
1284 1388 7
894 139 3
1174 911 2
278 586 2
205 1220 14
550 47 8
535 533 3
1131 960 25
1388 603 6
1192 108 8
1013 1566 5
841 177 2
486 1457 2
1460 420 20
1310 3 7
1376 1127 1
517 950 14
573 246 1
1180 330 8
667 743 5
836 226 3
395 65 8
3 1156 7
205 123 77
702 318 7
1314 1170 0
1112 568 15
1459 347 16
650 1105 0
58 1008 39
366 676 2
476 546 2
371 937 8
1030 1033 2
464 836 2
804 1395 7
1045 588 8
823 833 8
450 552 2
790 715 7
383 357 30
702 250 7
907 709 2
1418 776 5
649 368 16
447 1098 2
565 795 7
316 779 6
337 122 27
420 1375 27
438 796 7
126 277 8
230 1047 33
737 1231 41
1126 627 7
102 362 2
879 812 1
171 776 5
1223 1295 2
762 1097 7
757 651 53
325 716 7
991 651 12
442 314 2
293 1266 1
1250 88 3
867 1097 7
1227 929 7
1393 958 5
207 654 2
3 88 3
1252 908 8
303 636 2
295 466 2
842 1284 1
303 928 2
1008 834 8
156 59 1
485 603 6
978 409 2
158 1362 2
1131 212 55
1439 205 14
720 1181 7
642 685 8
1295 1243 7
395 78 2
997 139 3
246 412 5
1129 948 15
650 355 8
603 34 53
604 486 2
59 255 2
140 1388 7
626 836 2
62 59 7
463 60 71
1357 683 0
1540 462 8
347 418 30
444 813 15
843 172 2
738 167 8
162 77 2
1131 265 15
1468 990 5
1100 453 34
291 1437 8
139 586 2
144 568 7
239 662 2
228 1213 6
377 833 8
377 437 8
1058 829 2
1284 579 2
605 1454 2
268 793 8
428 241 35
1037 759 2
718 1070 2
830 460 2
483 663 8
159 555 2
1028 399 2
939 891 8
357 494 2
922 366 2
1162 80 8
789 568 7
646 912 21
259 626 8
454 1116 2
1155 1086 8
1327 139 5
447 1388 7
20 143 7
316 236 10
117 374 1
1253 950 33
1104 910 1
1024 1047 2
218 420 2
1479 239 2
329 1384 7
575 798 2
1566 742 57
516 1152 26
281 1479 27
769 183 6
442 1338 2
70 1359 1
266 718 10
752 958 5
915 1200 2
417 1646 7
551 936 7
787 259 8
1291 813 15
78 259 2
147 412 5
1570 1296 8
107 390 8
671 1126 2
1003 950 33
362 1139 30
568 92 8
900 172 2
1230 1199 7
144 958 5
286 401 1
1135 277 8
650 1452 2
1214 1395 7
565 191 30
1223 148 2
1297 550 1
172 1161 8
761 139 3
590 241 35
325 298 8
192 447 2
399 1196 2
502 172 2
1541 1384 8
1417 1131 2
737 574 2
373 1156 7
519 890 2
986 207 38
454 412 5
1129 265 15
265 1342 7
1287 637 12
323 472 5
486 1110 2
252 638 27
1032 995 1
1266 1306 1
291 462 8
598 891 8
499 1437 8
834 1128 2
945 1126 33
1129 960 1
694 774 2
605 37 7
805 1342 7
1146 1381 7
340 754 7
1047 28 2
143 28 8
1389 292 2
173 64 30
245 183 2
1153 568 7
388 958 3
598 719 8
746 298 5
148 244 8
907 362 2
102 37 7
350 421 2
823 382 8
486 998 29
241 381 2
1172 37 8
1398 183 8
217 565 2
416 101 26
59 643 5
779 1217 8
1231 168 2
223 453 2
108 916 8
263 453 34
1460 60 2
447 579 2
1009 444 2
438 277 7
438 219 2
930 551 40
139 160 30
330 1314 8
155 925 10
1008 533 3
409 479 2
519 1253 1
555 325 2
438 569 7
750 1305 8
37 850 6
1461 1169 39
575 42 8
194 541 2
1437 716 7
1518 1395 7
531 1197 2
951 501 21
156 4 1
65 1129 7
841 922 2
1104 424 2
271 1395 7
287 727 2
195 1212 8
1261 412 5
694 741 1
1310 685 8
1177 1230 2
177 438 8
35 937 7
1411 159 1
1303 1254 7
1054 568 7
48 973 2
59 487 59
1400 1323 7
1306 1437 8
655 958 3
1047 1120 2
309 415 44
1390 89 1
191 724 30
784 659 77
735 1212 8
148 607 7
35 519 2
647 952 30
377 90 8
933 1448 2
577 900 2
1069 159 2
1382 1156 7
281 1345 55
912 603 6
1244 222 15
205 443 5
565 1581 8
343 1389 7
813 37 7
1386 732 7
483 1004 8
1163 769 8
340 71 7
939 440 8
1219 338 5
689 833 7
9 568 7
829 52 8
1291 652 44
1364 256 2
295 441 0
923 532 8
401 743 5
340 3 7
272 939 15
335 471 2
28 37 8
1105 1531 1
337 1337 2
211 929 7
281 1424 27
9 937 8
454 1384 8
238 37 8
416 497 2
614 727 5
559 1384 8
295 747 2
894 1075 2
1216 568 7
797 1578 3
1104 1120 2
1069 416 30
1084 1298 7
281 463 2
172 423 2
55 1163 2
759 1041 2
519 611 2
650 1001 2
976 377 2
541 961 2
856 929 7
1217 1127 8
596 1179 31
420 1211 2
515 530 1
391 1075 2
118 1005 36
1333 139 3
279 183 27
531 514 2
399 1141 2
330 167 8
1230 477 55
790 990 5
1436 1342 7
1322 1419 8
86 139 3
383 941 2
256 1333 2
810 992 1
642 1550 8
69 63 8
1277 770 22
205 1392 77
33 1230 2
833 59 7
1537 1581 8
145 183 1
385 730 8
139 1555 2
703 391 2
498 1156 8
626 139 3
259 934 7
276 568 7
1174 337 2
952 1072 8
138 1126 2
154 516 2
1485 1098 2
373 929 7
596 1212 8
171 937 8
565 1004 27
1000 718 10
483 1236 8
1489 732 7
340 699 7
841 98 8
1052 689 2
632 810 15
1548 88 5
1084 594 10
337 1031 27
1047 661 2
841 390 8
1453 1557 1
1500 486 2
952 999 14
694 255 2
1104 1087 1
674 771 2
1031 911 2
545 1405 2
1135 626 8
779 433 7
217 568 7
805 1156 8
1371 730 29
1340 1418 7
1321 377 6
679 1086 8
1163 18 8
220 256 2
420 1236 6
1122 172 8
205 1150 7
686 116 8
423 911 2
325 652 2
1526 412 5
1127 789 2
774 383 2
505 1315 5
657 727 2
588 149 8
745 1566 37
185 399 27
552 53 34
267 1565 27
535 890 2
633 824 6
997 633 7
565 368 30
1340 80 8
486 293 0
1008 36 8
539 70 2
77 434 2
25 1244 36
915 97 8
684 1340 30
1179 1614 7
720 388 1
37 39 6
639 438 2
1394 1076 27
1084 588 8
158 1252 2
409 648 2
290 80 7
865 183 8
1174 1033 2
721 1047 27
290 855 3
172 63 8
179 957 8
1461 160 30
1224 1340 30
505 684 2
252 1211 27
259 1125 6
541 596 14
707 1405 2
1307 1212 8
622 236 2
418 1455 30
449 667 27
476 840 2
362 480 2
554 573 15
1407 59 7
841 1482 8
1262 1384 7
1261 1356 1
83 412 5
178 950 14
1272 462 8
42 88 3
1029 1033 2
205 245 77
363 1448 2
254 973 74
434 613 6
148 817 8
259 125 2
233 1437 8
912 859 2
674 1003 2
556 584 12
584 63 8
450 674 2
335 20 2
442 540 2
515 1562 1
721 278 9
878 335 2
770 1389 7
692 101 8
476 1457 30
434 837 6
1219 1381 7
259 52 8
551 872 2
632 1213 7
333 891 8
1496 1029 40
213 183 2
915 793 8
1125 838 8
855 70 31
318 183 2
1040 119 8
1562 1191 12
802 1475 5
409 1052 2
463 1453 30
69 1054 7
71 363 2
874 937 7
1005 11 64
189 794 2
281 905 27
664 1230 2
1323 929 7
1340 1396 8
427 249 8
850 1459 2
1419 178 1
996 139 3
1329 462 8
516 54 2
841 1495 2
922 117 30
305 1008 39
63 958 3
172 341 3
627 1310 7
960 526 7
462 436 5
647 1127 8
759 855 3
651 889 40
1183 957 7
108 1150 5
373 650 7
1547 766 8
601 1212 7
241 1025 1
271 239 2
738 685 8
752 1419 8
486 1000 2
377 663 8
628 59 8
1230 115 15
932 1389 7
1221 139 5
1129 850 1
125 325 2
1045 358 38
944 492 2
118 1384 7
551 1469 47
707 362 2
862 1325 5
1480 363 2
438 513 26
1008 1491 7
432 1005 1
95 438 52
418 704 30
551 1568 2
1364 829 2
369 823 30
432 937 1
667 1321 8
1025 183 8
633 837 6
205 699 7
1108 1395 7
428 838 7
456 458 29
325 597 2
435 957 8
894 1310 7
184 629 7
1009 37 8
281 995 1
829 1375 27
633 373 6
297 1033 2
183 673 2
1191 484 74
986 501 38
1188 1127 7
1230 758 55
434 856 8
1400 593 7
1394 729 27
623 836 2
611 730 2
393 911 2
1460 765 39
1394 625 27
69 641 2
1570 39 8
1119 1047 30
1330 59 8
501 657 2
261 823 33
1177 724 2
573 485 1
543 823 14
1302 149 8
162 443 12
712 486 7
4 1184 6
577 498 2
577 894 2
1505 1213 7
227 1265 1
377 1583 8
1356 813 15
35 409 2
1110 519 35
1188 1126 50
1188 730 50
140 71 7
1406 139 3
241 675 2
565 1080 2
829 1321 8
97 1213 6
178 1291 14
810 1388 7
1030 516 2
584 235 38
460 651 12
1404 453 34
1171 37 8
119 252 6
483 102 8
145 1412 8
577 722 2
241 607 2
565 616 2
170 476 30
1454 893 2
51 642 30
805 1437 8
1251 1126 33
1466 67 1
401 341 5
1135 1199 8
1333 1097 7
1352 436 2
54 61 15
220 829 2
770 646 7
779 1298 7
281 626 27
442 485 2
1225 702 48
311 207 7
551 83 7
1252 787 8
61 938 1
797 384 3
21 573 15
535 671 2
317 1086 8
241 536 30
424 453 2
69 1337 2
1283 683 0
724 1001 1
652 1127 7
555 838 8
543 1128 8
486 1554 0
655 1310 8
646 104 8
720 961 1
626 1075 2
1084 770 2
98 415 44
898 973 9
1376 939 15
848 335 2
399 1031 2
1131 675 55
1131 279 55
160 535 2
1303 1084 7
618 545 2
273 565 2
727 201 12
738 384 3
818 1566 37
618 936 8
836 1052 2
1054 1127 8
1538 59 8
148 792 6
535 1392 30
1085 1395 13
681 683 0
162 248 2
486 653 2
113 1415 5
291 1212 8
838 18 8
568 648 6
250 929 7
843 239 2
1405 104 2
151 462 8
377 1004 8
158 149 8
737 44 8
577 1418 2
601 401 7
646 1151 21
402 1070 5
1339 88 5
341 937 7
235 689 2
501 297 8
1258 256 2
899 1104 7
150 366 2
575 1037 2
337 856 6
337 233 27
239 661 2
420 506 6
333 1199 7
119 1213 7
333 1578 3
479 1086 8
369 476 30
565 32 8
9 1127 8
301 1146 77
1014 37 7
1136 54 8
551 757 2
905 335 2
1068 1014 0
108 63 8
849 56 30
515 95 0
189 1097 7
1019 1086 8
1565 360 2
442 1108 8
550 888 23
458 977 29
294 1097 7
1010 685 7
763 911 2
350 1204 30
1216 1127 8
548 577 2
650 831 2
183 722 2
68 1129 63
1217 957 8
435 88 3
859 393 2
1511 382 5
555 259 8
1002 983 14
334 37 8
1019 1310 8
869 1033 2
415 1112 8
530 952 33
763 838 8
872 383 2
919 1340 30
1310 1544 2
1045 309 16
551 160 14
646 1420 8
183 258 2
35 1395 7
1230 32 8
1405 1196 2
1078 1395 7
1025 412 5
1284 1446 2
470 1162 1
618 1523 7
601 1097 7
573 138 1
671 830 30
944 841 2
126 1449 2
1303 401 7
543 377 8
162 876 2
718 1541 2
1394 210 27
927 61 15
159 1026 2
270 172 2
4 837 6
1233 455 1
1394 502 27
499 1212 8
148 488 2
627 149 8
40 377 8
1194 730 8
163 1389 8
318 412 5
335 1393 2
549 746 62
1144 46 6
1537 32 8
1039 1212 8
501 1217 8
22 350 2
577 375 2
286 573 15
565 269 2
790 143 7
216 568 7
476 266 2
804 1156 8
582 1086 8
0 1400 2
362 297 8
219 256 2
438 166 2
447 818 2
1321 603 6
657 637 12
338 44 7
973 341 5
217 1127 8
88 223 26
1565 638 27
558 444 23
434 39 6
325 436 7
1454 770 2
197 1395 7
1230 441 2
1230 45 2
322 1419 8
1315 416 52
718 813 15
535 324 2
287 674 2
797 387 8
823 772 14
411 667 27
1098 444 23
650 1500 33
321 1125 8
1144 704 35
1230 728 8
681 957 8
576 952 14
281 503 27
903 765 19
737 1395 7
1566 645 2
1219 848 8
303 648 2
777 881 3
1538 1342 7
391 618 2
869 350 2
1419 68 1
12 148 20
82 206 39
399 684 2
420 68 24
295 118 2
958 320 6
1058 325 2
659 39 8
642 743 3
573 766 1
43 486 7
273 568 7
724 764 64
1183 159 7
1306 1212 8
925 115 15
1061 1191 12
1237 810 15
252 1333 27
1253 683 0
706 373 6
1144 1138 6
1537 728 8
958 1418 8
694 1177 2
390 139 3
273 442 2
395 855 3
464 1252 2
565 1315 7
1119 241 30
495 139 3
891 646 1
228 911 1
782 1002 1
1374 1135 2
939 215 8
442 834 2
70 1251 1
236 466 75
1259 427 2
434 735 6
138 205 2
907 1156 8
362 1321 8
334 823 33
1035 139 3
685 568 7
1040 855 3
447 1446 2
1024 1163 2
316 1127 6
599 37 8
218 140 2
653 775 12
939 147 8
648 1131 2
441 494 7
126 917 8
189 692 2
1025 1384 8
442 1058 2
325 1402 2
1437 1187 7
1144 65 8
939 1267 15
334 1047 33
545 88 2
1461 981 2
420 1450 2
552 265 8
81 1328 2
330 114 8
1322 929 7
416 960 2
43 412 5
1022 21 8
934 483 15
519 48 7
98 88 3
524 706 2
55 1230 2
759 1207 8
330 384 3
236 224 5
626 1252 2
872 724 2
325 18 8
176 777 2
517 1608 2
519 318 2
1077 350 2
618 1176 7
1405 1141 2
998 458 29
1329 958 3
335 298 5
191 205 14
1197 139 3
145 395 2
434 381 14
162 425 2
494 446 2
159 1367 2
1461 1255 41
1405 677 2
544 357 30
505 222 8
938 172 2
109 683 0
724 13 64
1250 775 12
309 598 30
438 1403 6
449 415 1
527 1419 5
126 1321 8
271 689 2
1355 775 12
125 838 8
598 881 3
925 460 2
1254 1243 7
646 338 5
1471 808 59
1133 1097 7
1488 551 2
686 355 8
453 1274 2
1135 406 2
947 519 35
1250 1086 8
112 1131 2
438 1004 27
438 65 7
532 726 2
1102 727 57
1131 658 2
745 412 5
515 1001 1
4 1307 14
519 681 1
98 337 7
750 296 7
300 159 2
1291 270 5
526 305 2
74 859 2
476 536 30
1518 683 0
297 1213 7
1437 436 7
1340 147 8
646 1305 8
303 296 8
638 383 2
777 92 8
1414 1395 7
729 1252 2
1304 715 7
228 765 19
90 973 9
493 438 6
252 1450 27
252 1054 27
287 447 2
409 423 2
863 1342 7
292 1163 2
1303 682 7
35 703 2
1295 908 7
278 879 2
303 228 8
494 31 33
865 646 8
140 657 7
1388 937 7
551 986 5
1538 1156 8
36 937 7
360 1342 7
208 911 31
535 1282 30
35 239 2
485 929 7
23 925 2
160 574 44
486 347 33
805 1340 2
577 620 2
613 88 3
258 535 2
56 806 30
115 394 1
154 1310 8
491 462 8
232 541 2
650 1502 0
125 1075 2
780 64 30
779 863 6
699 1437 8
21 148 2
184 293 66
830 125 2
1039 1389 8
1084 1335 5
994 921 57
681 937 7
551 423 2
337 833 2
321 938 52
1191 1489 5
1341 88 5
259 291 8
1252 685 8
219 829 2
1037 59 8
265 750 30
341 409 2
139 284 30
410 958 5
1481 140 7
556 651 12
69 902 1
939 92 8
750 1388 7
1047 1457 30
82 879 2
515 1296 0
859 223 26
244 535 29
27 1252 40
950 270 5
551 647 2
211 1086 8
80 259 7
333 1062 8
1230 1014 2
420 707 2
1215 1116 7
1207 1342 7
727 109 0
1008 881 3
1055 958 5
88 168 2
1424 1128 7
1328 1070 2
350 1094 30
281 1076 27
652 957 7
409 1515 2
759 365 2
1437 1402 2
974 1126 2
416 545 2
43 1127 7
295 824 23
752 929 7
1394 1479 27
1213 766 7
1198 1252 2
144 159 5
434 3 8
1390 901 1
1303 1310 7
1295 1536 7
360 990 37
486 1439 33
1212 63 8
144 929 7
937 1544 2
390 838 8
883 1047 30
292 183 8
1163 898 2
978 803 30
69 179 8
908 646 5
113 1245 5
261 366 33
13 412 5
579 1246 37
205 1112 77
4 39 6
1131 657 21
50 584 2
256 693 2
933 1062 7
1352 1206 36
1336 568 5
1271 486 2
1440 1461 20
1173 823 33
126 233 27
127 1565 2
689 189 27
929 1418 7
834 59 7
928 1116 2
1466 989 1
1230 286 15
761 810 15
373 1086 8
699 462 8
140 1550 8
927 646 1
699 363 2
143 1296 8
598 92 8
1445 1170 0
1162 769 8
878 1156 7
438 1367 2
156 61 15
674 491 2
438 1321 7
172 902 1
1450 584 53
1240 310 1
1352 848 7
550 1445 2
633 320 6
108 685 8
1566 1431 57
1219 1388 7
70 49 1
763 1033 2
406 1005 7
172 433 7
1215 37 7
1486 88 3
88 1583 8
63 1342 7
183 844 2
280 732 7
406 937 7
878 88 3
495 1097 7
526 542 2
952 863 7
1394 504 27
252 707 27
419 1310 8
1103 958 3
1278 140 1
292 420 2
69 119 8
166 350 2
494 1087 2
642 3 8
1110 70 35
1424 377 7
642 341 3
347 1047 30
3 4 5
704 650 1
847 1128 8
618 83 8
162 602 2
1299 925 2
535 539 30
1295 97 7
445 683 0
1035 1075 2
1044 1389 7
1044 1589 38
625 139 3
1160 401 2
266 650 2
577 961 2
241 450 2
565 855 2
290 65 8
159 206 54
321 384 5
575 1495 2
642 1335 5
340 1443 7
366 622 2
126 291 8
191 362 31
325 1 6
552 1247 2
998 335 5
483 273 8
183 39 8
595 59 8
56 287 30
674 443 12
982 531 5
233 1116 7
333 387 8
836 524 30
774 1195 2
438 346 7
438 684 2
139 229 30
1461 251 2
458 460 2
584 471 8
203 574 2
434 265 6
126 119 8
551 300 2
383 464 82
988 1131 2
183 101 26
1183 958 5
420 360 2
486 1105 0
759 1375 27
1145 438 8
438 616 2
486 1397 0
377 1415 5
1436 829 2
1328 327 2
902 59 8
395 488 2
72 957 8
62 1384 7
256 1375 27
281 625 27
399 514 2
686 193 5
1394 1424 27
1084 936 8
720 1424 1
957 1207 48
731 750 7
505 1054 7
1330 462 8
278 1056 2
546 1047 30
1313 823 14
273 1127 8
361 706 2
808 1389 7
262 1252 2
1193 908 8
503 458 2
743 37 8
933 1111 7
377 388 2
403 377 8
646 1315 5
915 261 1
159 569 2
729 149 8
1328 606 35
402 75 3
996 573 15
494 39 8
1284 129 2
387 1419 8
31 574 44
823 1376 2
239 504 2
651 145 40
1487 1395 7
550 0 0
256 1321 8
750 484 9
1054 730 8
337 735 6
21 325 2
1271 363 2
1028 1033 2
36 172 8
193 925 57
127 1437 8
915 1214 2
894 415 1
337 300 27
1310 743 5
1213 850 6
911 1120 2
565 104 2
1252 1555 2
550 1098 2
433 1342 7
1026 256 2
1221 957 7
1252 1550 8
360 241 35
1221 1295 2
551 928 2
596 915 30
633 265 6
650 1070 2
1128 1198 2
541 1030 2
1136 855 3
1108 1156 8
1548 59 7
515 599 1
1128 833 8
880 1084 2
183 497 2
343 172 8
1212 808 8
859 168 2
633 489 6
1128 1125 8
1461 1204 30
1100 366 33
1231 101 8
322 836 3
650 287 33
1394 449 27
720 53 1
1087 1310 8
447 594 10
901 453 35
244 412 5
167 1389 7
1250 683 0
168 649 33
401 697 2
1550 172 8
159 905 2
1355 683 0
183 716 8
618 33 2
706 1227 6
704 694 7
186 462 8
841 167 8
1126 485 30
1295 42 7
595 1342 7
158 453 2
270 239 2
290 114 8
1303 149 8
1152 1126 2
1152 730 2
508 90 8
25 1384 8
1302 139 3
1358 1131 2
750 781 30
1047 662 2
1206 939 15
577 150 2
420 1305 6
1325 139 5
1233 454 1
197 1342 7
457 1040 2
586 1252 2
1045 83 8
1354 933 2
1251 950 33
982 476 5
993 1244 36
1483 650 2
667 1377 8
438 291 7
1252 179 8
902 1342 7
670 686 7
441 37 7
383 168 20
1438 1213 7
325 607 7
383 856 20
1458 44 7
650 983 33
30 776 5
421 531 2
190 911 2
75 937 7
1307 183 6
1570 163 8
1221 148 2
859 796 2
664 603 2
980 937 8
750 1152 2
172 1298 7
1417 667 27
427 18 8
867 862 2
531 747 2
1394 1077 27
434 808 8
1548 37 8
802 1014 0
451 1340 30
1570 387 8
23 823 2
1283 458 33
1295 1076 2
533 140 8
452 412 5
618 661 2
1054 415 1
391 325 2
28 1097 7
497 911 2
507 88 3
98 830 30
727 993 2
501 1396 8
237 718 1
406 172 8
845 784 19
1131 156 15
362 877 2
1084 813 8
1047 1358 2
577 1242 2
574 1509 1
250 1086 8
133 1389 7
992 412 5
543 1231 41
22 1212 8
1140 1170 0
505 1322 13
311 418 30
128 1047 2
810 138 1
363 1111 7
470 915 2
470 519 2
483 158 8
415 1176 5
337 284 6
1199 958 5
454 715 2
650 1578 5
637 832 5
563 1047 2
250 1310 8
442 959 7
61 1062 1
259 855 3
674 1016 12
107 1322 13
596 462 8
453 421 2
1352 888 2
362 806 30
265 476 30
1340 1132 7
919 438 8
1421 937 5
1031 958 3
1316 442 5
1214 1400 2
441 957 7
1110 1342 7
70 1250 1
108 179 8
440 259 2
541 975 2
540 335 2
322 516 2
545 259 2
156 646 1
1336 1384 7
463 1454 30
639 1135 2
69 1393 2
841 854 27
177 689 2
1445 1047 33
684 1047 14
800 810 15
12 911 20
172 661 2
1208 718 2
483 594 1
164 1395 7
557 362 30
133 1419 5
1156 590 5
1154 412 5
1084 1217 8
1031 1230 20
30 841 2
330 1325 5
642 808 8
172 296 8
1549 694 39
747 458 33
727 1329 2
49 1126 33
1284 1562 2
183 270 2
1287 236 12
439 551 30
618 1243 7
601 1213 7
784 1233 77
126 1169 2
486 1001 2
1295 33 2
205 1630 77
741 823 14
21 1362 2
1081 438 8
1225 472 5
810 766 1
829 298 8
1174 575 2
576 1395 7
701 1163 2
1249 568 1
1158 1419 8
1379 750 2
125 618 2
1377 1342 7
479 396 33
126 1393 2
707 259 2
360 462 8
1291 1072 8
337 581 27
22 70 2
829 626 8
447 246 2
112 568 7
1479 362 2
795 462 8
565 677 2
1381 44 8
1026 829 2
900 462 8
812 883 14
1128 1479 2
900 759 2
990 1112 57
1291 999 14
774 689 2
492 537 10
208 492 2
515 47 0
140 1505 5
543 574 2
322 1144 2
322 651 69
61 311 1
442 150 2
1090 937 7
540 859 2
1135 796 8
763 1213 7
293 1097 7
628 829 2
502 759 2
750 805 2
258 335 30
997 958 3
69 314 2
779 936 8
724 374 1
70 202 7
633 1062 6
1316 70 1
409 662 2
338 531 30
199 59 8
641 1156 8
718 1187 0
173 362 2
544 536 30
1056 1002 1
655 183 8
1394 626 27
1570 40 8
1295 729 2
911 1057 5
858 838 8
544 1224 30
568 1267 15
739 59 8
1461 432 15
278 654 2
1075 471 2
1119 1340 30
303 3 8
303 341 3
377 942 33
1193 1119 50
1521 568 7
618 210 2
603 889 2
425 453 35
1056 929 7
140 770 2
27 794 2
1184 88 3
432 939 15
252 1449 27
252 1053 27
772 444 77
1480 1352 2
950 1072 8
1522 1127 8
119 321 6
727 469 59
911 1660 1
241 676 2
565 1081 2
957 102 8
596 183 8
541 899 5
679 1395 7
1041 689 2
876 531 5
699 1212 8
126 855 3
1160 1310 8
126 22 2
515 847 0
303 1335 5
896 686 1
111 957 8
472 1388 7
950 999 14
233 1342 7
912 409 2
564 584 2
1029 911 2
438 514 2
324 550 2
750 393 5
903 841 2
230 823 33
218 256 2
1304 1213 6
1455 259 2
672 172 2
692 47 8
541 628 2
552 1296 8
796 59 8
1360 836 3
442 778 2
183 223 26
377 1245 5
505 131 67
1040 65 8
178 603 6
1230 1081 2
300 958 2
69 1338 2
295 254 12
1084 433 7
973 80 7
1476 258 30
836 1121 2
1084 771 2
686 23 5
35 377 1
167 241 2
382 268 7
1302 1097 7
544 1456 30
222 483 15
1405 569 2
313 28 8
1007 241 35
1424 1127 7
273 957 8
138 911 31
1515 335 2
297 575 2
780 535 30
292 646 8
1265 1236 6
500 1230 2
494 265 8
1496 677 38
1162 716 8
252 78 27
127 1340 2
694 1525 2
350 1298 7
657 573 15
147 1116 2
1291 947 44
40 88 3
391 1291 30
944 438 2
1459 1439 16
1146 1217 7
315 845 1
1122 568 6
362 1377 8
1569 441 0
915 1003 1
1379 335 2
1035 149 8
1251 775 12
588 1419 8
1488 667 2
1140 108 7
674 266 2
438 1096 7
1023 1127 8
902 544 7
1066 441 0
1014 330 7
890 1230 7
1126 116 7
584 255 40
265 88 5
348 281 55
1239 70 2
1022 1125 8
433 1437 8
1100 952 33
634 1342 7
1144 77 35
662 1230 2
370 54 20
863 838 7
739 1342 7
755 732 7
108 1500 5
534 1047 33
921 411 30
1321 929 7
842 377 1
526 421 2
1476 1282 30
281 168 27
1126 772 14
515 653 1
338 476 30
706 1125 6
162 945 2
1394 279 27
1215 140 7
718 1226 12
737 350 2
879 952 14
1213 3 8
259 792 6
66 841 2
544 877 30
1230 600 55
829 273 6
54 1131 2
1078 1437 8
829 652 2
150 1131 2
1284 1447 2
329 70 35
252 774 27
1084 83 8
162 853 12
1110 241 35
518 183 2
1543 1322 13
1340 533 3
628 1389 8
140 423 2
591 531 33
159 1418 8
1394 503 27
1537 101 8
988 535 30
519 1455 30
841 685 8
1185 1127 8
804 1230 2
820 183 1
1196 139 3
494 789 8
694 154 2
368 1389 7
1301 139 3
674 670 2
1129 1424 1
1213 1335 5
230 1213 7
565 1026 2
796 321 6
957 47 8
702 435 7
1042 172 2
220 551 2
140 647 2
876 476 5
1362 986 53
1166 59 8
772 321 77
541 513 26
913 1156 7
674 602 2
823 158 8
661 183 6
362 298 8
1354 775 12
402 658 0
724 513 30
1090 412 5
350 588 8
109 1395 7
901 1342 7
216 803 2
1252 743 3
1017 750 2
438 855 2
107 1550 8
555 565 2
1503 139 3
1102 1075 57
519 1488 7
205 877 7
546 205 2
646 1388 7
1231 627 8
541 177 2
680 183 2
836 960 31
1380 259 20
107 1482 8
1562 732 7
780 259 2
1453 296 7
1124 108 44
1230 1125 8
859 1418 2
190 1033 2
664 829 2
988 838 2
806 750 30
466 990 5
55 603 2
1340 891 8
395 555 2
186 1384 8
399 289 2
1237 483 15
1184 584 53
600 252 6
720 1298 7
35 759 2
530 958 3
739 241 2
756 667 2
1413 1395 7
399 581 2
865 702 8
958 1446 7
659 728 8
27 1389 7
290 932 8
1265 493 6
45 88 2
1404 366 33
1537 1125 8
497 1033 2
560 937 5
527 44 8
391 838 8
784 727 77
752 1310 8
380 667 27
381 1144 44
53 149 8
476 1359 2
263 952 33
1162 265 8
921 1072 7
577 1364 2
823 813 7
925 893 33
1129 53 1
1033 1196 2
350 1243 7
576 1389 7
401 167 8
1028 516 2
901 990 37
128 1565 2
157 139 3
595 462 8
1236 1310 7
668 836 1
116 148 2
447 1447 2
127 1212 8
586 399 2
1129 318 2
442 685 7
221 148 2
324 727 2
1298 412 5
347 568 7
1104 1360 2
424 803 2
218 829 2
1001 823 33
550 1561 2
205 298 7
769 1075 2
501 1225 0
1329 325 1
108 743 3
1106 823 33
177 937 7
359 139 3
546 1084 1
915 916 8
515 374 1
1126 652 44
869 1047 2
464 139 3
416 961 2
96 1437 8
925 880 15
447 63 8
59 1 6
1047 513 26
707 911 31
541 1133 2
419 702 8
1232 958 3
205 167 8
1262 453 35
961 552 1
70 138 2
1106 1047 33
842 718 1
160 1131 7
775 397 75
838 269 2
59 1418 7
655 1384 8
1482 88 5
855 1086 8
840 1135 2
971 1008 39
1296 1389 59
401 576 2
1230 941 55
390 399 2
841 307 2
292 140 2
411 1310 8
1174 577 2
1525 148 2
1144 246 35
1006 70 35
1400 20 7
1343 702 5
259 273 6
205 1460 77
1166 1342 7
499 453 34
170 37 8
259 652 2
1266 1418 7
61 393 8
252 255 27
1537 46 8
155 1328 2
505 119 8
1152 505 2
1485 1562 2
1292 692 44
1505 1437 8
140 300 2
1472 1075 57
1036 1075 2
390 724 30
1019 1395 7
1031 1047 2
1569 1014 0
193 1328 57
1468 730 7
923 1233 2
674 151 2
325 450 7
290 1325 5
383 23 30
18 139 3
491 59 8
627 1135 5
417 1295 27
112 1127 8
774 519 2
903 335 2
1066 1014 0
725 441 66
205 530 7
541 1491 7
1352 327 2
937 1548 5
23 519 30
795 958 3
333 39 8
1336 531 7
462 147 8
471 939 15
158 321 6
69 540 2
597 241 35
762 1033 2
281 449 27
862 1396 59
295 528 2
77 1002 2
728 252 6
295 1124 33
1141 776 5
1570 626 8
1214 37 7
303 297 8
82 471 8
1080 689 2
183 1583 8
833 531 7
724 153 12
1314 1047 33
1497 172 5
1424 37 7
829 846 6
1050 614 1
720 1243 7
158 1419 8
462 1187 5
278 484 2
872 37 8
259 638 27
582 1405 2
1055 929 7
650 21 8
562 483 15
619 1310 8
977 37 8
1230 1330 15
140 1054 7
573 1004 1
1521 1127 8
759 68 24
925 3 10
598 1199 7
1563 412 5
1047 1133 2
268 167 8
285 139 3
598 1491 7
823 1200 2
1522 88 3
211 412 5
703 1082 8
150 325 2
577 1309 2
268 63 8
170 1459 30
531 1139 30
903 1135 2
1372 565 7
925 1101 12
1208 1170 0
825 139 3
1137 59 7
1503 838 8
1191 1490 5
1245 1231 17
320 321 6
205 1554 7
550 818 2
899 531 7
575 167 8
300 1252 2
438 1382 7
36 1608 46
667 32 7
551 648 2
70 1025 1
1557 444 57
1340 1199 7
869 321 6
1486 1086 8
933 533 5
584 145 40
910 937 8
761 1097 7
417 148 27
1126 597 44
605 88 5
536 70 2
841 233 27
1084 1357 2
1221 551 2
878 1086 8
409 1120 2
759 762 2
88 857 2
1321 172 8
535 1581 8
1075 1393 2
183 217 2
925 1187 0
435 37 8
494 1124 33
779 83 8
1301 1097 7
1177 541 27
303 1217 8
787 149 8
1352 546 35
32 911 31
117 1094 30
437 88 3
1058 1295 2
53 399 2
731 702 7
1084 562 23
368 823 31
1174 126 2
1158 929 7
183 45 2
601 1384 7
1200 646 8
562 184 5
159 625 2
1547 834 8
1127 1245 5
1251 683 0
1160 1126 33
39 88 3
259 597 2
981 970 9
494 387 8
316 702 10
834 794 2
256 1377 8
852 823 30
1246 582 57
1174 350 2
701 1230 2
1481 1129 7
1383 159 7
1495 148 2
541 338 5
578 568 7
519 485 30
648 667 27
753 573 15
836 1500 30
440 1126 2
440 730 2
457 1156 2
551 1298 7
337 648 27
852 1047 30
1023 957 8
1252 3 8
877 646 5
1152 377 8
550 1446 2
774 172 2
1252 341 3
98 59 7
1450 689 2
1022 663 8
633 613 6
1555 689 2
1451 519 2
1451 915 2
217 1310 8
97 44 8
281 66 27
325 665 2
1010 808 7
990 986 12
322 1310 8
416 1138 2
1324 416 2
973 543 1
1044 577 40
1230 228 2
462 908 5
69 485 2
659 102 8
1252 1335 5
82 421 2
395 1418 7
1316 241 1
318 1127 80
701 990 5
183 1236 8
565 381 30
745 1002 2
847 1156 7
1069 1496 53
384 957 48
838 796 7
466 1213 6
240 911 31
654 281 55
158 577 2
1295 504 2
401 753 2
270 759 2
49 933 2
571 776 5
69 808 8
1525 325 2
727 25 2
957 133 59
395 80 8
317 1566 5
486 1404 2
1085 939 13
28 1213 7
1461 173 30
259 846 6
140 545 2
403 88 3
707 1126 2
575 854 27
838 1457 8
360 1230 2
1058 148 2
148 1007 2
255 1131 2
162 284 33
139 296 8
1047 1078 2
161 646 8
479 703 2
1041 172 2
565 1044 53
565 856 2
1252 704 2
1245 727 57
256 298 8
565 1148 2
1260 770 2
128 1163 2
3 1395 7
464 1097 7
699 1284 2
993 412 5
928 330 2
148 980 3
934 1389 8
804 1342 7
112 667 27
925 1046 12
1228 1589 1
551 369 2
917 649 33
909 1230 2
325 1069 2
899 148 7
464 1075 2
981 598 5
823 1072 8
1024 366 2
1572 1315 7
385 412 5
551 661 2
122 841 2
383 596 30
836 421 30
230 598 33
253 829 19
911 92 8
176 350 41
725 1014 66
550 367 2
635 550 1
1437 1124 2
392 61 15
667 18 8
1316 937 1
75 1389 7
494 1014 0
623 1496 53
1439 126 2
1178 1170 0
411 689 2
1125 950 14
797 114 8
383 477 41
617 139 5
1104 390 2
1394 1493 27
823 610 30
739 535 2
55 829 2
303 479 2
88 68 7
48 1002 1
1128 102 8
363 533 5
303 433 7
925 1132 0
417 1131 2
618 1077 2
634 462 8
1404 952 33
267 139 27
1081 335 2
1244 1014 0
726 823 2
285 838 8
1547 533 3
350 424 16
241 1106 1
973 125 2
483 246 1
738 114 8
479 957 7
1148 1342 7
401 65 8
836 1120 2
395 1396 8
944 281 2
126 889 2
494 40 8
506 88 3
133 139 1
47 1310 8
588 929 7
475 841 2
399 1125 14
510 37 8
1284 818 2
337 369 27
550 293 0
117 681 1
1126 1567 1
1054 1419 8
527 1310 5
939 734 8
335 833 2
575 808 8
1225 1570 48
73 683 0
56 368 16
383 1224 30
76 1303 2
668 958 1
1330 1295 1
1408 970 9
852 1045 41
765 1418 7
347 1127 8
670 59 7
362 1446 30
541 1031 2
463 139 3
796 462 8
23 117 30
1022 1004 8
205 24 7
67 658 0
541 1381 7
140 1225 5
801 1511 9
1000 1047 33
328 59 8
869 1565 2
416 1479 2
960 552 1
603 513 26
88 1092 7
686 1578 5
765 80 8
734 1135 2
172 1108 8
524 829 2
859 857 2
205 685 8
961 674 1
616 1131 2
925 1330 15
925 934 15
1179 884 7
993 1384 8
297 1437 8
1069 1045 53
292 366 2
603 677 2
1047 1004 27
329 241 35
750 848 8
373 1395 7
502 703 2
385 1384 8
1313 88 3
1146 1396 7
1188 519 50
1129 1267 1
501 769 8
606 278 7
1383 508 7
535 485 30
1375 1230 2
483 1161 7
595 1384 8
340 1061 7
577 219 2
239 1133 2
127 140 2
941 140 8
337 1393 27
777 1315 5
241 58 7
32 1126 2
510 957 8
957 114 8
126 138 2
449 929 7
1443 1170 0
371 37 8
140 813 8
220 618 2
1056 1310 8
915 240 2
1382 303 7
1161 1310 8
800 1135 2
836 470 30
192 779 6
657 1485 2
676 486 2
876 958 1
22 519 30
1340 109 7
584 21 8
367 453 35
995 1459 33
1040 249 8
126 65 8
1131 1177 2
1008 502 8
1022 1236 8
441 330 7
442 206 2
658 1310 8
507 1454 1
1228 1461 7
692 163 8
1004 462 8
281 1035 27
442 498 2
102 937 8
915 63 8
996 1097 7
584 35 40
416 504 2
1065 293 0
1213 433 7
1413 1342 7
313 1482 7
324 494 2
889 366 2
727 0 0
1077 1565 2
69 1058 2
516 681 27
1570 852 8
756 568 7
173 732 7
355 412 5
849 1295 2
847 1437 7
857 911 2
458 1499 10
769 149 8
1128 47 8
189 59 8
869 126 2
271 1342 7
1084 491 2
1480 718 10
622 702 2
1553 259 2
1295 1077 2
402 147 8
1405 289 2
1184 859 2
618 662 2
364 1213 7
616 88 2
1461 1176 15
72 1127 8
836 773 2
157 1252 2
1547 36 8
928 1075 2
1540 646 8
1391 1405 2
541 890 14
30 438 2
104 776 5
359 1419 8
268 685 8
915 499 1
568 661 6
1382 1395 7
1160 929 7
42 44 8
728 139 3
701 140 2
117 334 1
1163 716 8
337 314 27
1037 646 8
501 18 8
702 1526 7
1166 462 8
240 1126 2
59 1578 5
689 722 2
1231 1161 7
1485 349 2
383 877 30
1375 37 7
420 623 6
22 1437 8
910 444 2
1045 1004 8
1224 950 16
1453 393 5
1456 505 2
676 718 2
1357 458 33
792 836 2
700 925 8
328 1342 7
438 816 7
80 486 7
581 88 3
667 200 2
575 685 8
1008 1031 2
855 724 31
1496 1031 40
88 417 7
919 1127 8
1323 1395 7
962 441 0
1098 1191 12
1337 603 2
552 437 8
4 455 14
778 88 2
96 1212 8
877 1284 2
1333 108 8
27 810 15
1204 1097 7
1221 1127 7
900 59 8
172 662 2
138 598 30
1284 81 10
859 114 2
618 1358 2
633 39 6
862 147 59
702 832 5
1456 830 30
254 1066 5
1552 1156 8
1476 606 30
99 44 8
1193 1550 8
374 1284 2
118 1244 36
981 494 7
1179 433 7
737 70 2
350 309 16
849 252 2
1405 917 2
880 957 8
722 568 7
1244 761 15
292 603 2
1006 241 35
137 59 7
718 1262 2
1461 97 15
1369 1246 1
252 1153 6
692 493 6
718 1274 12
337 1377 6
205 1631 77
145 859 2
581 241 31
533 1459 30
494 514 2
252 30 27
158 399 2
256 1207 8
4 850 6
239 1078 2
841 743 3
931 908 7
337 1338 27
1188 396 50
573 83 1
866 483 15
241 341 2
1505 1212 8
80 412 5
702 155 7
266 140 8
238 1395 7
135 88 3
112 929 7
925 248 12
851 1047 30
182 958 5
899 1349 7
1140 1212 7
230 911 2
1266 1062 8
22 462 8
578 1127 8
362 18 8
279 911 31
226 1163 2
184 90 57
108 808 8
722 958 5
1483 492 2
641 1230 2
1239 126 2
492 1226 10
223 241 2
633 735 6
281 292 27
1558 923 32
515 1173 1
70 609 2
119 958 3
126 1118 5
22 396 30
420 147 2
281 1330 2
639 453 2
817 646 5
416 53 2
737 1162 2
1144 425 35
859 1138 2
980 1617 3
535 728 8
1459 1204 30
1144 717 35
189 108 8
369 776 5
1424 568 7
1329 1384 8
42 1395 7
157 973 2
838 1418 7
168 335 2
1436 256 2
1521 929 7
377 1274 12
30 159 2
273 335 2
639 281 2
49 775 12
252 1122 27
27 1213 7
1413 1156 8
199 750 30
1246 1504 57
1303 750 7
1075 426 7
534 453 34
55 646 8
1083 970 9
1008 1315 5
159 168 2
40 1086 8
718 579 2
1179 119 8
139 423 2
577 792 2
505 1314 8
1461 348 41
143 908 8
1358 667 27
1405 166 2
357 399 2
63 59 8
148 122 33
1354 1191 12
951 88 3
126 23 2
475 335 2
575 411 2
220 1295 2
218 325 2
779 1327 6
735 973 9
524 56 30
361 1212 8
273 952 30
724 861 30
350 936 8
1247 1284 2
1364 148 2
992 1002 2
915 808 8
1454 1479 2
324 447 2
900 1342 7
519 1445 1
1012 732 7
435 172 59
438 1495 2
891 1419 8
1082 541 82
1340 974 7
440 205 2
1031 462 8
1093 875 6
1565 26 2
1554 1352 2
550 554 23
841 1510 2
369 366 30
362 976 30
1545 1342 7
116 794 55
519 165 7
627 929 7
309 458 2
1561 278 2
519 503 2
195 139 3
528 462 8
1124 1144 44
929 1294 0
399 1393 2
241 1518 30
736 1437 8
541 848 8
922 64 30
673 776 5
1265 1305 6
506 44 8
162 214 2
781 830 30
325 1448 30
377 579 2
1172 1384 7
273 859 2
292 256 2
183 216 2
625 958 3
834 1033 2
727 1567 2
369 841 2
1193 437 50
205 888 77
928 1310 7
269 1156 8
1002 873 14
704 486 1
580 990 1
568 546 6
205 1576 77
323 205 5
1475 1231 17
1394 168 27
823 1161 7
383 1518 30
829 244 8
829 978 3
624 724 30
991 921 57
1092 958 5
401 119 8
501 533 3
1137 462 7
899 1002 7
1401 1437 8
340 487 7
1031 1163 2
551 1515 2
80 1127 7
62 453 35
849 418 30
139 1376 30
1216 1156 7
347 957 8
952 176 45
220 148 2
774 239 2
1108 1342 7
849 350 30
185 1047 27
108 753 8
1128 1420 8
602 453 35
1204 1342 7
1471 753 59
1309 1230 2
208 730 2
442 533 3
1239 462 8
9 88 3
416 1309 2
880 915 2
350 576 14
95 650 2
1230 102 8
1232 577 2
32 88 5
836 1004 27
960 674 1
1126 382 8
183 620 2
1570 54 8
535 678 2
200 1437 8
1163 223 26
1084 89 2
603 903 2
981 1405 2
61 855 3
957 355 48
594 939 2
829 607 7
377 1161 7
1075 21 2
1000 973 9
266 494 2
944 1135 2
33 958 2
1458 598 30
720 1296 8
494 824 23
519 1403 19
833 958 3
1537 102 8
340 1287 7
1240 75 5
1343 1050 5
1229 1127 6
4 735 6
1265 158 6
1185 1128 8
575 233 27
1496 1598 38
255 568 7
1078 59 8
706 39 6
337 1223 27
577 737 2
241 622 2
1156 1243 7
1201 1230 5
1252 479 2
337 1515 27
1495 259 2
1035 1097 7
674 1359 2
268 179 8
1030 651 53
1041 239 2
140 648 2
1252 433 7
205 137 77
1561 958 5
1139 399 2
1401 462 8
171 88 3
159 40 8
468 494 2
810 65 8
1130 394 1
6 1307 13
276 88 3
442 500 2
1266 32 8
1030 1047 2
233 1230 2
814 37 8
442 792 2
98 462 7
519 1098 1
482 47 8
438 1148 2
307 362 2
1201 143 5
931 39 8
1003 363 2
726 915 30
111 1127 8
773 1230 2
27 577 40
1407 1005 36
1137 44 8
216 1127 8
241 1239 30
139 1335 5
158 377 6
869 420 2
199 1389 8
877 486 2
894 516 2
255 958 5
416 626 2
995 958 3
313 1307 13
1186 1389 7
286 183 1
279 88 27
1128 273 8
756 1127 8
1084 717 2
483 485 1
391 516 2
838 1199 7
226 458 30
113 1430 5
1084 1009 2
285 618 2
408 937 8
204 658 66
1184 689 2
115 519 1
852 568 7
706 735 6
1084 1004 8
737 59 8
869 692 19
1084 282 23
321 40 8
1475 727 57
508 1305 8
172 83 8
297 958 3
657 925 10
1054 929 7
1037 841 2
636 377 8
999 1093 77
22 1340 2
602 1384 7
454 568 7
1437 1448 30
841 3 8
841 341 3
1402 1384 8
907 1127 2
505 226 3
780 295 1
1119 535 30
337 540 27
1145 937 7
574 758 2
62 70 35
1158 1310 8
88 320 1
320 377 6
1206 483 15
825 149 8
1439 1179 31
905 350 2
555 779 6
899 551 7
259 978 3
1359 401 2
1084 614 67
301 1093 77
686 21 8
632 939 15
1573 4 1
104 335 2
814 957 8
416 1030 2
841 1335 5
598 607 30
737 939 15
34 1252 40
258 574 71
1461 947 2
550 1562 2
552 1124 33
205 200 1
88 981 2
727 1214 0
281 1493 27
501 1518 0
205 591 7
933 881 5
584 889 40
1213 891 7
401 389 36
775 466 75
434 29 2
552 163 8
824 61 15
869 1340 2
777 1388 7
1075 1449 2
1170 372 1
420 638 27
519 629 64
1135 291 8
192 925 2
1230 47 8
1216 929 7
191 794 44
86 730 8
395 1184 2
535 326 8
305 541 2
483 338 5
958 1375 27
176 1129 7
1459 1094 30
1476 1124 30
674 1225 0
367 990 37
979 88 2
1219 63 8
159 1041 2
1277 1303 22
761 732 60
297 1212 8
1084 75 3
1479 911 31
1078 1342 7
841 704 2
434 347 14
717 812 2
1085 727 13
848 1156 7
292 829 2
147 1362 2
834 476 7
1128 338 5
1076 350 2
271 759 2
1166 1384 8
841 240 2
145 689 2
1226 1285 5
1537 47 8
1277 250 7
259 607 7
4 284 6
775 224 5
1500 727 2
689 101 26
418 1292 30
377 753 23
29 1213 7
350 607 2
505 808 8
1233 986 1
3 823 7
117 1480 1
557 1310 7
140 296 8
415 324 5
143 42 8
418 1224 30
460 823 2
552 572 2
425 1005 36
572 568 1
1391 438 7
1028 126 2
223 535 2
296 462 57
1451 1389 7
107 808 8
1482 37 8
1565 189 27
497 1610 56
312 335 2
1483 718 2
623 321 6
220 325 2
468 453 34
217 929 7
309 1389 7
1008 277 8
859 995 1
957 1325 5
350 536 30
1392 683 0
515 1003 1
555 803 2
322 929 7
673 937 8
1306 88 5
550 1371 33
328 462 8
486 1514 0
480 911 31
1327 568 7
1562 236 12
1502 573 15
1536 377 52
434 1439 14
883 779 8
737 1342 7
1570 627 8
535 1251 2
847 1212 7
555 730 8
635 494 1
1458 551 30
719 568 7
581 830 30
724 789 1
618 459 7
501 1199 7
951 515 21
838 1581 8
623 1252 2
1124 836 5
241 534 1
720 1577 8
59 318 2
26 1033 2
484 1002 1
370 1079 2
618 729 2
262 577 2
181 838 8
374 363 2
172 424 8
706 320 6
836 881 3
606 973 7
671 823 31
552 848 5
126 609 2
1520 937 8
167 59 8
609 1156 8
933 728 7
9 363 1
1284 246 2
577 914 2
1551 162 4
56 704 30
524 642 30
1079 667 30
588 1086 8
1245 1075 57
830 127 2
1337 241 25
56 1392 30
688 667 2
1527 259 8
218 551 2
651 158 40
51 1126 30
702 1301 7
1258 148 2
997 1570 7
442 677 2
672 759 2
942 1459 30
823 1420 8
923 650 8
337 417 27
337 21 27
588 1310 8
1461 996 2
1461 600 2
88 484 58
780 505 2
805 646 8
681 458 33
462 1578 3
1217 1156 48
812 31 14
418 1562 1
302 727 7
664 1075 2
116 692 55
88 588 7
350 1456 30
85 1310 8
838 1070 5
112 377 8
657 113 2
170 1389 7
347 779 8
1445 823 33
837 1213 6
395 1525 2
363 881 5
519 229 2
724 1516 7
69 150 2
945 1284 2
140 877 5
435 330 8
1476 381 30
1188 568 7
765 92 8
620 531 2
646 916 8
528 958 3
531 528 2
692 336 6
287 162 2
1545 1437 8
620 823 2
505 138 2
958 21 7
462 109 5
124 1419 5
1547 881 3
350 772 16
381 777 2
901 70 35
241 1507 12
183 833 8
140 314 2
841 226 3
1496 1196 38
261 952 33
1319 1170 0
858 113 75
505 65 8
1078 1156 8
259 890 2
491 1384 8
1373 1384 7
464 516 2
109 1400 2
708 621 2
482 1420 8
1035 1033 2
565 917 2
1502 531 33
128 140 2
460 476 2
340 713 7
1316 1310 5
667 1125 7
694 1324 39
1131 1069 2
1031 1384 8
306 1395 7
850 911 31
552 908 8
1296 412 5
350 83 8
593 259 8
990 888 57
1232 929 7
1252 296 8
1069 1126 30
1163 32 8
200 1340 2
183 914 2
464 1126 14
370 641 20
1225 143 48
420 26 2
458 855 3
1565 1568 2
1312 1156 7
1317 416 27
915 179 8
637 822 74
921 638 30
777 3 8
550 63 8
651 488 38
247 836 5
295 474 2
71 1352 2
750 873 2
627 76 7
845 629 2
462 1201 5
69 778 2
1223 1131 2
925 109 0
550 355 8
432 59 8
939 743 5
836 269 2
1414 1342 7
722 667 27
499 366 33
1303 989 7
626 516 2
162 1418 7
167 1342 7
1545 462 8
272 1230 2
1390 512 1
1174 1047 2
1396 1310 7
907 911 31
302 970 9
1160 775 12
128 836 2
492 604 2
171 44 8
961 321 64
634 59 8
841 808 8
159 235 2
255 1127 8
1382 823 7
476 1250 2
362 890 2
1398 551 2
1328 960 35
268 743 3
255 1419 8
207 697 1
730 433 3
701 256 2
215 750 2
450 377 6
220 633 1
1029 1047 2
1398 838 8
416 1152 26
173 1047 30
555 377 6
70 747 1
140 1161 8
386 278 9
1105 1266 1
434 627 6
939 3 8
551 1058 2
551 662 2
652 603 6
335 498 2
783 1453 2
366 976 29
900 1163 2
192 1127 6
450 1084 2
325 1316 7
438 978 2
1164 139 3
1461 941 2
1253 458 33
325 251 33
1128 176 2
676 1126 2
676 730 2
416 1417 27
905 172 2
575 743 3
882 1131 2
1446 363 2
1022 273 8
416 852 2
880 458 2
766 139 3
1099 462 8
173 1126 2
779 75 3
880 750 2
1326 438 8
409 1358 2
1297 162 1
618 1078 2
519 232 7
1212 766 8
1326 730 8
1476 722 30
823 338 5
1302 1310 8
277 732 7
729 516 2
459 412 5
620 476 2
870 37 8
718 666 12
852 1127 8
1240 441 66
1547 92 8
462 450 5
1510 1033 2
205 381 14
1143 1315 7
126 890 2
1461 1094 30
480 1126 2
565 739 27
575 882 2
541 1337 20
380 689 2
485 239 2
1047 104 2
148 28 8
623 149 8
1270 400 2
325 223 26
239 798 2
637 669 76
337 1058 27
337 662 27
535 1567 1
335 834 2
1047 941 44
1177 37 8
1053 937 8
1401 1212 8
125 730 8
1246 627 12
309 823 31
223 1340 2
143 270 3
1383 438 8
457 706 2
692 1207 8
878 1395 7
1454 675 2
1454 279 2
419 1002 2
366 1500 29
347 1128 8
88 1161 7
108 91 7
432 1342 7
1008 167 8
726 412 5
685 88 3
377 338 5
1439 1047 2
401 1344 37
531 877 2
1119 1127 8
1436 148 2
883 377 8
118 412 5
534 823 33
95 1212 8
362 68 30
290 1418 7
54 929 7
862 891 59
647 239 2
200 1212 8
110 325 19
1340 435 8
1340 39 8
297 1047 2
429 159 2
1219 685 8
650 1583 8
939 1125 6
1230 1168 55
162 1409 2
505 23 2
133 836 1
692 1305 6
1198 516 2
494 254 12
637 1428 75
208 830 30
148 287 7
1394 1035 27
805 88 5
1295 1138 2
727 367 2
911 1449 1
910 88 5
52 958 3
1340 1475 5
575 1510 2
917 603 6
501 1062 8
157 958 3
359 401 2
833 646 7
418 1518 30
421 418 30
654 929 57
743 44 8
248 183 2
703 582 2
712 937 8
340 1354 7
1047 628 2
1145 1395 7
702 211 7
1460 117 30
256 244 8
51 724 30
1252 546 2
911 1004 27
1493 148 2
1126 588 7
435 646 7
591 823 33
1463 929 7
1355 1191 12
916 957 8
552 1090 2
877 911 31
483 116 8
350 661 2
1254 97 8
646 73 21
1454 1303 2
1454 907 2
1474 1340 2
321 1122 52
207 178 1
216 929 7
447 1283 2
383 595 41
1352 554 2
459 1384 8
418 1160 1
205 1445 7
344 438 8
1221 568 7
476 1124 30
23 642 30
281 1036 27
1336 362 7
1117 1127 8
551 97 7
541 641 2
411 239 2
929 384 5
722 1291 16
1327 1127 8
1338 139 3
279 259 27
510 1389 7
627 1086 8
49 1191 12
519 223 2
850 1126 2
618 685 7
769 838 8
403 59 7
262 434 1
165 541 2
303 1108 8
1295 1078 2
452 1066 5
1014 1170 0
829 638 27
370 909 2
255 667 27
642 766 8
1044 921 38
507 44 8
727 1287 2
601 483 7
140 1515 2
148 1243 7
205 1043 5
317 829 5
483 916 8
692 158 6
595 702 8
1405 514 2
259 488 2
159 1199 8
536 911 31
148 470 33
321 855 5
62 241 35
61 265 15
701 829 2
449 689 2
1193 381 50
1036 911 2
1352 808 7
849 568 15
898 1131 2
925 297 2
314 259 2
907 1126 2
789 1086 8
1210 1384 7
911 1062 8
565 46 8
420 189 27
61 489 15
990 90 57
905 453 2
533 911 2
919 1128 8
683 1567 4
416 1493 2
362 1392 30
303 1121 2
472 3 8
532 167 2
418 81 1
1131 99 2
1022 158 8
1329 434 2
515 109 0
416 737 2
1228 383 7
1568 516 2
82 380 2
1070 88 5
1411 1163 1
417 667 27
416 1029 2
399 1449 2
190 126 2
297 321 6
1570 1377 8
910 724 35
1221 1461 8
519 455 2
613 1389 7
399 739 27
1476 607 30
848 1395 7
939 341 5
70 206 2
183 1028 2
706 846 6
535 789 8
535 393 8
731 929 7
979 259 2
303 75 3
632 462 8
116 519 25
1073 1135 2
841 479 2
706 1138 6
603 623 2
838 728 8
1394 292 27
1179 726 7
1551 1084 4
841 433 7
717 937 7
267 462 7
183 663 8
269 1212 8
1335 412 5
384 568 7
140 540 2
205 1632 77
642 1500 30
489 568 7
360 829 2
1372 1384 7
148 210 2
502 750 30
1047 677 2
729 958 3
829 597 2
925 993 2
1081 1128 8
148 502 2
39 957 8
23 366 2
238 1437 8
1229 779 6
565 1039 2
56 539 30
501 881 3
591 476 33
670 1097 7
205 770 7
851 1340 30
205 1062 7
686 424 8
1254 42 8
1252 423 2
645 1284 1
710 37 8
268 1335 5
362 417 30
346 957 8
370 471 20
416 619 27
575 3 8
1047 176 45
575 341 3
102 492 2
442 147 8
61 605 1
281 981 27
442 881 3
76 102 2
631 401 1
878 239 2
474 845 5
942 830 30
915 743 3
1210 633 7
1497 412 5
1179 1526 7
869 140 2
616 667 27
1436 325 2
1084 901 2
1401 70 35
519 1479 2
639 350 2
154 412 5
183 1364 2
302 494 7
859 1035 2
1437 109 7
166 1230 2
395 672 2
514 1352 2
43 568 7
1407 990 37
759 197 8
1056 1395 7
420 471 8
1230 1345 55
794 611 35
444 719 15
852 37 8
838 1315 7
1295 685 7
1179 147 7
1225 1566 5
117 138 30
544 1518 30
1405 235 2
1184 409 2
1141 1213 6
1284 89 2
759 129 8
667 881 5
618 900 2
618 504 2
1174 1565 2
706 95 6
925 1329 2
1265 506 6
1054 1086 8
1244 441 0
363 1418 7
486 216 2
1047 863 7
799 1213 7
637 801 10
450 603 6
256 817 8
919 458 2
1252 1515 2
373 486 7
555 603 6
1126 1161 7
584 663 8
483 793 8
1372 633 7
142 259 2
1259 149 2
1054 1310 8
218 618 2
674 596 33
795 1384 8
1487 1156 8
519 1446 1
1144 147 8
900 1384 8
1093 1236 6
1330 394 1
1352 685 7
295 1000 2
1201 1266 1
1338 838 8
189 706 2
759 898 2
1437 1201 7
303 1457 8
416 1078 2
36 720 15
686 293 66
897 259 8
1075 1169 2
1325 730 8
164 1342 7
292 325 2
508 1388 7
115 568 15
502 370 2
269 1230 2
402 685 8
252 875 6
1211 172 2
167 535 2
266 823 33
1376 686 1
494 528 2
138 650 1
860 1419 8
901 241 35
256 1122 2
713 1284 2
380 519 2
692 43 6
159 693 2
1477 925 2
991 278 9
1503 1310 8
603 104 2
145 409 2
494 163 8
102 1213 6
392 958 3
830 890 2
1045 1255 2
98 823 31
266 1047 33
1047 622 2
1035 516 2
1500 447 2
259 665 2
600 1496 2
1252 1455 2
148 109 7
138 973 7
576 1342 7
594 531 8
1176 37 8
1485 1283 2
1052 937 8
707 957 8
468 823 33
241 287 2
420 101 26
1497 1384 8
841 696 19
717 519 35
189 1127 6
501 92 8
581 689 2
901 325 1
89 1384 7
1338 1097 7
1250 458 33
998 172 5
409 513 26
1355 458 33
369 1459 30
228 575 2
447 89 2
823 116 8
167 925 0
53 724 30
990 663 57
78 689 2
617 958 5
83 1405 2
1317 259 27
928 139 3
519 1200 2
27 730 30
1340 0 7
1483 438 2
343 1156 8
598 851 30
1117 37 8
217 1086 8
1297 1084 1
88 1283 7
281 238 27
70 514 1
258 642 30
427 1581 8
322 1086 8
607 646 5
551 33 2
451 803 2
442 92 8
1451 937 7
639 399 2
731 1570 7
438 52 8
921 309 30
183 1309 2
462 976 5
82 588 8
1219 119 8
859 980 2
309 937 7
1437 450 7
297 1565 2
395 221 2
252 1399 6
497 434 1
843 1230 2
1045 1292 16
430 1610 56
841 1052 2
603 1196 2
454 1291 16
391 577 2
958 424 7
133 958 1
1400 1125 7
978 88 2
1295 1364 2
505 932 8
255 929 7
227 810 15
152 823 2
177 172 8
833 476 7
364 1437 8
1496 1599 38
718 129 2
999 862 77
686 341 1
140 1108 8
268 226 3
476 1025 2
359 1310 8
577 1030 2
1040 1418 7
162 147 8
1155 937 8
524 362 30
295 1554 0
464 1310 8
279 56 50
1135 1070 7
1075 347 30
143 390 8
32 37 8
1359 1126 33
849 1047 30
584 1004 8
1258 259 8
449 183 2
320 438 6
82 920 1
1127 936 7
236 821 75
447 717 2
1104 297 1
61 850 1
1040 80 8
1444 290 2
552 893 33
1126 1376 2
302 447 7
80 377 7
205 1567 7
295 945 2
1291 980 5
983 1230 7
1117 957 8
1008 917 8
1316 1005 1
307 295 2
769 1033 2
651 737 2
434 1396 8
416 231 2
631 1266 1
768 838 8
159 1375 27
978 1617 3
534 366 33
636 159 2
409 1133 2
252 470 1
736 1342 7
40 1395 7
183 230 2
399 233 27
573 1421 1
1191 41 74
160 1135 2
1317 937 8
676 830 30
867 462 8
999 1558 77
626 1310 8
1213 1217 8
285 911 2
267 603 27
377 537 12
1295 1550 7
1075 1338 2
147 1131 2
1141 183 6
479 1129 7
159 930 53
601 1047 2
1055 1570 7
164 1156 8
944 453 2
108 1335 5
364 462 8
226 724 31
813 472 1
575 1053 2
1075 1439 30
143 1482 8
1193 279 50
33 172 2
486 789 2
377 848 8
192 519 30
689 1309 2
268 808 8
56 1448 30
841 296 8
259 1006 2
402 926 15
25 434 2
1104 993 1
594 476 8
1214 88 5
696 730 8
550 81 10
1193 607 50
1229 377 6
290 1059 5
1304 1419 5
584 1236 8
438 739 27
454 1131 2
1036 1033 2
667 1183 2
591 366 33
1384 1307 13
950 980 5
383 1292 30
1454 450 2
1087 412 5
207 158 2
645 486 1
298 252 6
1026 325 2
141 970 9
56 1124 16
209 686 7
464 950 14
768 1097 7
88 936 7
702 214 75
1447 1352 2
997 143 7
908 321 2
541 1495 2
140 1397 5
1124 777 2
784 779 7
1000 823 33
1198 651 53
494 201 12
625 929 7
836 513 26
69 206 2
279 1405 27
777 119 8
1313 1156 7
591 61 15
1328 63 7
973 889 2
535 138 85
841 309 2
898 139 3
724 157 7
126 272 31
1537 116 8
148 504 2
1405 1436 2
858 730 8
1315 59 7
915 1335 5
35 370 2
486 1101 12
623 958 3
152 476 2
849 667 2
814 1389 7
1460 64 30
484 416 2
1174 1163 2
1556 519 35
919 1389 7
573 670 1
618 97 8
140 662 2
933 543 2
489 1127 8
88 930 5
692 908 6
483 63 8
584 488 38
366 704 2
938 759 2
489 1419 8
1261 402 1
637 3 10
1233 987 1
531 513 30
1382 939 7
594 1104 8
1188 915 50
365 59 8
350 504 2
577 975 2
937 114 8
565 869 2
582 1295 2
1138 1437 48
3 1454 2
71 1170 0
623 1230 20
1029 1163 2
1017 1453 2
913 1395 7
314 1405 2
649 36 16
787 929 7
1082 259 20
551 778 2
1122 1295 2
334 1437 8
483 719 15
486 1187 0
106 362 2
218 148 2
789 1126 33
1047 1124 30
101 37 8
845 562 57
1478 295 2
434 904 58
1124 415 44
362 539 30
303 664 2
551 314 2
311 730 2
859 619 27
869 366 2
551 606 2
112 88 3
1307 252 6
1201 4 1
84 551 2
69 834 2
1446 37 7
1081 1389 7
631 1310 7
330 18 8
995 462 8
702 376 5
650 388 2
395 502 2
1106 366 33
172 498 2
321 54 8
618 798 2
1480 1170 0
979 1405 2
527 59 8
377 178 2
4 1377 6
1409 59 7
864 265 8
1185 937 7
250 412 5
1184 239 2
273 458 2
148 1424 2
703 1449 2
1179 269 7
720 1095 12
52 1419 8
1361 683 0
1544 462 8
370 1080 2
273 750 2
942 1135 2
149 1307 13
361 1116 2
361 720 2
309 172 8
1163 857 2
244 568 7
297 462 8
1002 368 14
706 613 6
552 1187 0
1496 569 38
466 183 6
1135 272 31
268 65 8
380 409 2
1372 531 7
127 836 2
162 32 8
727 347 33
689 916 7
325 1399 6
244 937 8
724 1448 30
903 1033 2
1364 1131 2
808 70 2
1138 1097 7
1121 1405 2
1024 1075 2
337 778 27
1031 366 2
667 102 7
3 37 7
689 848 7
192 396 30
818 1002 2
1028 1047 2
231 1230 2
1128 592 2
383 1341 30
689 1577 8
575 1217 8
359 108 8
56 381 16
429 1362 2
350 1457 30
550 1404 2
194 1252 2
650 1480 2
519 653 1
395 1198 2
1084 1359 2
650 753 23
1232 702 48
417 442 27
922 1047 30
1093 83 6
1390 1264 1
45 335 2
754 1419 8
434 298 8
1179 605 7
1219 743 3
437 44 8
1405 693 2
374 1352 2
162 733 2
377 1098 2
139 1242 2
272 603 2
1393 937 7
1130 573 15
1174 420 2
9 1352 1
365 1342 7
441 1170 0
1436 911 2
54 1310 8
1230 1325 5
810 903 1
1056 416 2
145 239 2
486 1070 2
117 1098 1
1461 464 82
599 1437 8
159 1211 2
618 42 8
452 568 7
1545 59 8
28 1212 8
577 628 2
56 22 30
45 952 30
363 543 2
249 183 2
415 270 5
1537 1325 5
1191 705 5
1253 937 8
152 642 30
430 577 2
894 183 2
577 1337 20
401 75 5
1011 1437 8
390 1127 6
362 192 30
952 432 15
810 226 3
1287 683 0
823 344 30
915 226 3
367 70 35
1008 119 8
589 1566 5
281 360 27
183 1161 7
1548 1097 7
442 219 2
70 1073 2
1292 573 15
526 905 2
527 1342 7
614 59 5
539 841 2
1548 1389 7
66 1033 2
183 1139 2
300 399 2
1522 1395 7
737 1230 2
829 1153 6
292 1075 2
1340 387 8
1547 1491 7
427 32 8
159 1236 6
154 1295 2
841 882 2
603 1026 2
377 1388 7
374 377 2
1295 986 53
1295 798 2
1047 1148 2
117 309 30
548 281 55
535 1194 30
1204 59 8
605 1135 2
144 937 7
1460 241 30
829 1418 7
1527 377 8
1448 531 30
762 412 5
373 37 7
1515 172 2
91 957 5
563 108 1
1328 961 35
122 911 2
148 1296 8
259 208 2
1336 472 5
834 108 8
470 241 2
447 1407 2
138 458 2
337 35 27
56 546 30
56 942 30
468 366 33
1349 1224 2
1166 183 8
575 479 2
1163 1125 8
1475 1045 12
449 409 2
1421 727 5
667 47 7
696 958 3
689 793 7
575 433 7
194 973 2
783 1454 2
899 442 7
442 623 2
463 1097 7
844 750 30
438 233 27
210 259 2
1336 1570 7
1247 1352 2
1104 419 1
1252 1217 8
437 1395 7
1317 1405 27
1461 1234 2
383 1235 41
109 937 8
502 720 15
810 808 8
524 667 2
472 119 8
88 430 7
197 646 8
515 266 1
427 728 8
1227 88 59
769 1213 7
183 1417 27
283 322 31
1193 1298 7
357 724 30
221 259 8
627 1002 1
860 929 7
424 1310 8
399 1169 2
859 231 2
66 350 2
750 191 2
1326 1127 8
415 554 8
74 416 2
1476 723 30
1183 1040 7
295 284 33
869 1163 2
836 1581 8
1390 745 1
841 199 2
1119 830 30
1527 568 7
1163 1138 2
779 1070 5
862 92 59
359 1126 33
613 937 7
1146 1062 7
154 148 2
142 438 2
630 139 3
357 803 2
1461 168 20
162 610 2
1518 937 8
692 506 6
784 458 1
1461 1044 41
543 939 15
1185 172 8
1233 189 1
241 11 64
1188 117 50
1350 295 1
577 177 2
1381 1437 8
581 172 2
29 1437 8
912 259 2
1014 472 1
1039 159 2
796 829 2
763 462 57
1454 676 2
402 99 0
457 1395 2
253 148 19
897 730 8
671 1389 7
1019 1156 8
438 250 7
191 476 2
88 1058 7
453 1403 19
689 83 8
117 1341 30
1119 1128 8
281 701 27
201 973 74
70 622 2
168 1389 7
1439 1340 2
650 942 33
929 95 0
1393 412 5
639 70 2
1209 59 7
759 21 8
971 541 2
69 719 8
183 1376 2
1156 25 5
526 782 2
278 736 2
1438 1437 8
847 1395 7
388 1002 2
738 1396 8
603 1367 2
784 775 5
1394 1036 27
272 838 7
252 843 27
958 199 7
1533 162 1
259 1153 6
1390 62 1
911 1450 1
30 172 2
1322 399 14
148 976 7
35 492 2
101 952 16
1291 1099 2
728 1097 7
1163 455 2
618 620 2
1461 796 20
392 1419 8
1448 476 30
126 208 2
449 1395 7
572 88 5
340 1355 7
1136 1243 7
980 830 30
651 851 5
126 500 2
1162 102 8
917 915 2
56 199 30
362 1227 8
702 900 7
1160 933 2
29 462 8
218 442 2
673 841 2
891 438 6
223 366 2
160 573 15
730 1499 10
779 1381 7
1022 1161 7
572 686 7
836 368 30
208 1156 7
878 759 2
1451 1454 2
434 865 6
551 900 2
870 1097 7
1454 1200 2
519 1562 1
1396 958 5
1566 300 57
1252 766 8
1040 147 8
396 381 16
859 1555 2
1008 796 8
664 1362 2
312 750 2
769 516 2
1031 183 8
724 1480 1
910 37 8
1223 667 27
1000 366 33
84 777 2
1497 1156 5
1106 952 33
546 957 8
302 550 7
506 1395 7
1193 1243 7
627 650 7
642 881 3
399 1510 2
1131 758 55
1140 925 10
618 1024 2
1547 502 8
1076 1565 2
1438 462 8
1119 377 8
686 433 5
148 875 6
295 229 33
277 236 12
270 1230 2
241 657 1
294 1437 8
147 568 7
167 646 8
462 0 5
606 1091 64
1264 1566 37
1163 1479 2
750 63 8
421 1047 30
1497 88 1
380 239 2
1193 450 50
728 59 8
148 1577 8
575 1120 2
1125 937 7
544 912 21
1307 139 3
1373 925 2
1399 1310 8
1219 1335 5
383 1239 30
1397 148 7
457 1116 2
457 720 2
337 1004 27
106 1284 2
1485 1003 2
903 1213 7
442 158 27
1359 933 2
1036 516 2
20 730 8
575 1052 2
125 577 2
335 1468 2
442 1196 2
1266 728 8
643 1213 6
541 1338 2
1535 1230 20
442 1150 7
290 766 5
284 1566 5
1144 891 8
1104 992 1
882 667 27
1251 458 33
265 1459 30
1455 505 2
88 711 7
368 750 30
501 1294 0
1304 252 6
395 1424 2
1332 401 1
1272 779 5
334 958 3
806 694 39
1479 765 19
108 766 8
1280 845 5
70 671 2
743 1104 7
159 506 6
1437 880 33
1196 929 7
1314 952 33
732 71 1
229 1126 71
859 804 2
519 806 7
195 838 8
183 1029 2
925 0 0
531 359 2
810 1197 1
183 1420 8
297 1384 8
592 779 6
1075 34 53
704 1340 2
727 873 33
250 37 7
162 1251 2
1416 438 2
1394 981 27
252 1184 27
1084 97 8
191 642 30
455 1291 16
23 727 2
126 1418 7
727 209 2
205 1529 77
140 833 2
810 1421 1
779 373 6
638 44 8
303 1070 5
830 31 2
366 3 73
1130 183 1
476 349 2
350 675 2
1261 568 7
1138 1212 48
1039 836 2
285 420 20
531 976 30
779 1227 52
702 449 7
836 381 30
135 44 8
447 901 2
613 172 8
220 565 2
598 1371 30
990 1079 57
1567 933 2
126 80 8
396 546 30
184 848 57
270 476 30
596 692 44
753 603 6
1474 494 2
907 444 2
325 857 2
419 646 68
1230 128 2
265 810 15
253 325 19
657 1328 2
1354 458 33
418 1106 1
322 396 33
173 911 31
1341 1384 7
619 412 5
641 1128 2
727 1514 0
195 1097 7
205 1287 7
281 586 27
70 1299 2
70 903 2
241 960 30
82 1004 8
281 878 27
183 619 27
656 777 2
421 667 2
55 325 2
190 1047 2
782 1047 30
52 929 7
35 841 2
1075 834 2
395 673 2
1221 383 8
1144 1407 35
638 453 2
269 603 2
189 303 2
982 44 8
852 330 8
295 611 34
45 667 27
1127 358 5
53 236 2
731 143 7
485 1405 2
522 1310 8
127 1075 2
150 667 27
1058 1127 8
492 831 2
623 108 8
780 598 30
148 880 33
159 66 2
584 737 2
810 446 1
485 1395 7
1496 344 38
359 929 7
126 1073 2
524 418 30
205 846 77
707 335 2
1382 1342 7
1259 568 7
365 462 8
159 68 24
1179 987 71
447 853 12
122 1033 2
265 1511 9
1252 1120 2
1367 256 2
438 1227 7
449 239 2
513 830 30
1133 1240 7
667 611 2
555 937 7
126 1396 8
1031 829 2
939 918 8
357 958 3
442 1141 2
1460 838 2
337 485 27
789 933 2
185 1131 2
1327 603 6
34 577 40
295 1001 2
234 139 3
1132 730 8
505 272 31
545 859 2
172 677 2
1135 80 8
550 1575 2
1131 441 2
1131 45 2
768 1213 7
633 54 6
1358 516 2
621 532 57
997 259 7
12 1219 20
759 189 27
420 1069 2
325 50 70
416 975 2
1179 844 7
403 1389 7
330 817 8
265 1213 7
395 905 2
69 322 2
535 47 8
58 1252 2
398 1047 2
292 618 2
1304 462 7
70 152 2
527 462 8
1526 568 7
434 464 14
603 569 2
1125 412 5
1394 238 27
650 368 33
117 1455 30
144 1395 7
159 1450 2
568 1304 6
1176 70 1
625 1310 8
69 249 8
829 1007 2
1046 1511 74
710 1097 7
1527 1127 8
45 730 2
380 416 2
599 1212 8
519 726 30
1003 718 10
291 139 3
396 197 8
838 502 8
337 889 27
524 61 15
565 693 2
191 519 30
993 1246 37
238 1342 7
674 1025 2
1292 706 44
1214 1170 0
1164 958 3
1284 22 8
183 338 5
1163 272 8
936 139 3
1291 1307 14
673 335 2
442 166 2
787 1086 8
552 201 12
774 241 2
324 162 2
515 1480 1
1050 641 19
649 1166 1
836 258 30
900 702 8
1315 444 52
333 855 3
508 1315 5
1328 1102 37
220 442 2
438 80 7
148 1152 26
1398 1610 56
845 282 57
921 774 30
410 1453 2
367 241 35
823 85 45
434 769 8
872 1097 7
531 1000 2
855 1405 2
1230 297 2
620 1295 2
434 1457 8
49 732 7
168 1238 33
859 981 2
42 1342 7
1307 1097 7
1303 765 7
69 1242 2
227 483 15
518 937 8
1219 808 8
934 1266 1
618 914 2
486 1541 2
541 63 8
148 852 2
836 728 8
841 1345 2
577 1495 2
759 75 8
883 830 30
396 1581 8
1337 810 15
475 350 2
88 986 5
86 412 5
573 622 1
1045 1587 38
1230 960 25
606 694 7
126 726 2
718 818 2
925 1567 2
309 720 15
1153 1395 7
577 1031 2
775 469 5
923 444 2
950 1307 14
903 1045 53
1459 1481 1
309 1608 46
348 278 2
803 1073 2
106 486 2
337 206 27
923 340 2
1378 1135 2
228 1496 53
1138 1213 7
101 458 2
593 1419 8
1483 1135 2
1146 433 7
563 148 2
438 1510 2
1166 646 8
849 1340 30
1039 139 3
563 836 2
223 838 7
692 355 8
598 167 8
453 606 2
1104 590 1
1254 908 8
209 59 7
230 462 8
1135 129 8
347 172 8
519 81 1
650 512 2
362 1283 30
68 810 63
370 1337 20
281 1555 27
692 311 35
543 1437 8
420 722 2
67 99 0
890 779 8
186 1310 7
4 347 14
82 1577 8
1326 929 7
512 686 7
140 1062 5
416 628 2
370 1006 41
867 140 2
84 1295 2
416 524 2
1533 1084 1
1264 139 5
1323 1156 8
116 420 20
862 39 59
183 231 2
1476 102 30
973 262 2
1427 1181 7
939 273 6
928 929 7
993 434 2
592 377 6
434 18 8
692 57 6
159 707 2
315 1047 30
862 435 8
1230 212 55
162 849 2
620 148 2
603 514 2
1352 1289 36
494 474 2
377 818 2
139 1358 2
402 167 8
127 1252 2
1284 1351 2
256 1418 7
1193 676 50
944 350 2
514 88 3
519 671 30
501 502 8
841 297 8
479 1045 33
471 1230 2
479 649 33
259 1007 2
259 611 2
457 1342 2
148 393 2
337 834 27
1391 568 7
362 1581 8
1310 881 5
9 1395 7
1359 775 12
29 1212 8
298 321 6
1367 829 2
696 1419 8
1201 61 15
125 803 2
917 750 2
581 239 2
1137 1097 7
205 265 7
551 1358 2
759 101 26
19 108 8
1454 451 2
1316 939 15
993 568 7
228 958 3
148 373 19
900 256 2
307 1284 2
1454 347 2
907 37 8
1216 1395 7
238 1156 8
112 1086 8
595 667 40
1131 1014 2
1333 1384 8
633 627 6
555 172 8
524 1362 2
1438 1384 8
374 718 10
1476 1194 30
531 653 2
515 1357 1
531 945 2
432 140 8
861 550 2
390 779 6
921 255 30
639 241 2
166 829 2
659 116 8
278 178 1
1458 939 15
1437 0 7
1438 1212 8
179 1156 8
505 883 2
148 459 7
377 1446 2
1161 412 5
1084 719 8
291 838 8
1295 914 2
276 1395 7
287 803 2
829 450 7
27 1597 38
595 765 38
1163 230 2
117 1446 1
541 1548 5
1383 915 2
658 412 5
750 919 30
145 937 7
446 568 1
1265 1 6
779 891 6
234 1097 7
335 1557 1
126 671 2
495 462 8
362 611 2
841 1217 8
674 910 2
568 102 6
727 53 34
1448 183 30
1252 322 2
836 607 30
1313 434 14
217 1395 7
1017 1454 2
1009 1342 7
82 178 1
458 601 7
638 1310 5
1352 690 2
441 472 1
1028 420 2
97 462 8
836 539 30
1348 650 2
1391 1461 8
463 1213 7
1454 1371 2
442 1031 2
836 831 30
447 1351 2
550 89 2
377 1102 5
437 1156 8
206 335 2
139 536 30
387 139 5
759 497 2
919 172 8
526 920 1
1407 1244 36
350 1518 30
651 1593 38
759 393 2
541 808 8
1565 210 2
416 177 2
1099 183 8
1310 728 7
820 412 5
1212 533 3
399 889 2
1084 309 33
391 651 53
756 929 7
1547 277 8
297 140 2
159 360 2
730 877 2
1403 1310 7
1461 883 30
379 1045 2
503 541 2
1437 251 33
466 252 6
568 506 6
294 1212 8
30 575 2
162 398 2
1171 1342 7
999 1400 77
930 337 38
253 929 7
960 162 1
1394 128 27
588 1453 2
601 259 7
1295 231 2
944 399 2
126 611 2
381 438 8
1053 335 2
1258 568 7
340 155 7
939 46 6
126 1299 2
154 259 8
933 1418 7
494 54 8
344 937 7
1061 401 2
350 1133 2
125 420 2
24 550 2
1284 622 34
1056 76 8
1036 1047 2
631 139 3
1055 183 2
341 1461 2
301 1400 77
558 401 2
1340 1567 1
1554 1170 0
1084 658 0
442 1367 2
458 1125 7
160 61 15
991 1646 7
468 149 8
552 579 2
1351 686 7
303 1315 7
347 458 2
61 1424 1
789 775 12
545 689 2
990 554 57
318 568 7
1212 891 8
1562 1291 33
88 1174 7
602 241 35
1476 1139 30
117 1457 30
872 1033 2
658 1384 8
745 1246 37
1336 143 7
922 1340 30
777 65 8
737 603 2
1405 1450 2
409 104 2
69 881 3
1231 116 8
618 1381 7
82 83 8
550 21 8
531 530 2
905 1230 20
847 427 7
369 1033 2
939 846 6
961 1084 1
1283 1352 2
736 646 8
1421 1127 8
1394 68 27
939 1138 6
335 899 5
162 1125 8
1526 1127 8
1282 486 1
958 315 7
505 36 2
1394 360 27
252 563 27
1527 957 8
309 108 44
1055 937 7
1055 541 7
699 727 2
829 122 33
1129 1281 1
4 627 6
1039 1075 2
395 39 8
418 1239 30
552 109 0
1246 1044 12
1485 1114 2
350 450 2
674 1251 2
1138 1045 53
565 1211 2
56 315 30
1172 462 8
920 777 2
659 1325 5
947 724 35
64 381 30
1163 102 8
688 278 2
349 552 2
126 152 2
28 1437 8
88 1578 7
1317 776 5
727 1415 5
810 249 8
126 147 8
939 65 8
552 1161 7
325 1424 2
269 241 25
1121 259 2
1024 325 2
900 829 2
774 759 2
1453 991 2
207 1024 2
648 689 2
98 646 7
878 37 7
1008 125 2
766 1097 7
1187 958 5
530 550 2
362 485 30
667 269 59
1328 751 2
418 1173 1
596 573 15
409 1196 2
1304 1384 7
921 1292 30
88 199 7
183 1500 2
890 377 8
446 1002 2
159 1305 6
447 622 34
1008 808 8
1409 1384 7
889 88 2
1314 363 2
639 126 2
623 929 7
861 727 2
416 122 2
824 438 6
1250 718 10
872 350 2
1295 1217 7
278 751 1
1295 1555 2
0 1310 5
172 881 3
409 1024 2
796 937 5
1177 1213 7
1461 536 30
759 265 8
290 1581 8
499 952 33
1390 118 1
1193 936 8
706 627 6
226 642 30
642 533 3
277 1127 8
492 606 2
138 486 1
498 139 3
1466 962 1
689 804 2
1162 54 8
350 1078 2
803 1299 2
960 321 64
823 940 2
911 856 2
598 65 8
236 971 74
1193 102 50
911 1148 2
501 32 8
1082 483 15
98 1342 7
82 751 1
1566 1112 57
1479 505 2
707 37 8
335 891 8
541 1058 2
139 421 30
645 377 1
1040 891 8
905 70 2
501 1014 0
809 531 30
420 1298 7
622 970 58
395 1436 2
869 836 2
107 296 8
505 1418 7
637 474 75
743 1116 7
642 891 8
650 607 33
1335 1384 8
516 722 2
806 1459 30
69 92 8
1295 681 27
848 1454 2
159 158 6
205 347 14
704 727 1
632 183 8
205 1421 77
862 265 8
1183 937 7
841 200 2
1461 1456 30
317 1246 5
724 48 7
1196 1310 8
607 1126 2
1166 139 27
222 401 1
505 80 8
841 533 3
1110 1419 5
1126 513 30
396 40 8
1394 701 27
1084 213 8
834 706 2
365 1230 2
713 1352 2
1461 111 15
23 447 2
1271 727 2
724 318 2
1193 1194 50
1364 667 27
340 1462 2
192 642 30
925 1110 2
24 727 2
489 1310 8
259 122 33
447 329 2
112 1047 7
1029 366 2
390 412 5
702 169 7
1442 494 1
303 1118 5
1163 47 8
492 1016 10
116 565 2
45 830 30
572 59 7
272 60 55
759 223 26
362 32 8
383 208 30
666 973 74
98 241 2
363 440 35
925 998 29
66 1047 2
88 1455 7
139 513 26
258 418 30
582 823 30
635 162 1
85 183 2
706 138 35
650 1274 12
1008 65 8
718 594 10
195 1213 7
437 295 2
1163 1152 26
1312 1395 7
295 25 2
84 442 2
535 747 2
409 677 2
1129 179 15
1055 412 5
1295 766 7
395 393 2
172 92 8
977 295 2
239 854 27
769 108 8
1394 1037 27
1163 1417 27
692 1203 6
1153 1342 7
270 603 2
106 911 31
544 1239 30
841 1120 2
204 99 66
505 609 2
359 775 12
731 259 7
1295 1036 2
102 830 30
350 36 16
505 1396 8
127 399 2
52 1310 8
137 1097 7
694 543 1
486 893 33
1350 1284 1
1265 623 6
1039 1252 2
925 666 12
14 674 1
128 1075 2
137 1389 7
160 205 14
485 1156 8
359 1086 8
111 1395 7
1179 75 3
315 418 30
201 1065 5
598 114 8
228 1047 2
674 1428 2
241 983 2
574 595 2
1155 568 7
173 598 30
592 1459 50
759 1578 5
324 925 2
346 937 7
651 1595 38
670 1342 7
1461 852 2
218 730 8
13 568 7
852 541 82
1082 720 15
923 88 3
104 172 2
542 541 2
434 1199 7
1565 504 2
911 728 8
950 432 15
550 1003 2
921 1177 30
1210 1342 7
535 1443 2
1315 1342 7
295 1409 2
650 579 2
415 527 7
303 1079 2
1439 366 2
1084 1250 2
1022 116 8
1546 1389 7
1144 92 8
654 551 2
402 114 8
1084 523 23
751 777 2
395 625 2
161 1213 7
603 854 27
535 163 8
727 1357 2
273 1395 7
514 950 33
452 1068 5
759 843 2
794 960 35
147 929 7
584 98 16
1204 1389 8
117 883 30
531 24 2
159 878 2
402 384 3
1127 1102 5
603 289 2
1179 392 7
348 812 1
1052 335 2
494 244 8
350 1381 7
720 390 8
25 278 2
1395 1298 7
601 777 7
1193 451 50
1246 439 57
888 568 15
126 1525 2
983 720 15
533 1126 30
1496 296 38
830 611 2
575 1121 2
838 326 8
925 367 2
143 1550 8
501 277 8
789 683 0
1454 1564 1
983 1608 46
138 694 7
440 650 1
1162 627 8
1259 957 8
670 990 37
838 222 8
148 168 2
311 1284 1
454 929 7
760 501 5
685 1395 7
941 44 8
805 838 8
805 1135 2
674 349 2
674 745 2
140 75 3
3 1389 8
737 750 30
1179 1451 30
205 436 7
784 331 7
1274 113 75
108 881 3
945 1170 0
278 596 14
396 607 30
420 1210 6
881 1349 7
686 90 8
440 915 2
541 233 27
787 765 7
416 1495 2
145 1131 20
1176 810 15
1009 462 8
217 416 2
1565 1424 2
642 1199 7
416 1391 2
1406 845 1
535 468 2
1114 363 2
438 138 2
945 718 10
416 681 27
642 1491 7
973 1525 2
1188 1156 7
325 454 2
420 210 2
70 1205 64
872 1213 7
494 653 2
498 1097 7
1453 417 2
276 1342 7
190 420 2
463 335 30
960 1084 1
183 1030 2
494 945 2
925 293 0
77 1127 8
136 321 52
841 773 2
1394 586 27
116 603 6
999 943 77
486 942 33
573 446 1
241 704 2
937 255 2
246 686 7
1152 1389 7
694 1321 2
702 518 7
1188 88 3
470 159 1
718 246 2
830 32 2
1193 1371 50
1212 1070 5
825 1310 8
1163 693 2
366 480 2
228 321 6
1383 1040 7
723 957 8
1171 462 8
350 676 2
568 273 6
565 1041 2
46 88 3
236 214 75
241 194 7
27 1437 8
523 61 15
565 1333 2
56 437 30
438 938 2
992 1246 37
338 1212 7
126 769 8
442 514 2
925 888 23
552 1329 2
1266 384 3
692 75 8
692 471 8
383 781 30
912 1156 8
207 854 2
911 277 8
1252 1108 8
362 315 30
418 1003 1
409 1026 2
519 1404 1
759 272 2
636 1213 7
1128 63 8
526 736 2
905 59 8
1277 417 5
652 1156 7
1128 355 8
1210 531 7
252 1152 26
117 208 30
420 833 8
406 508 7
1210 823 7
686 51 5
674 3 10
1327 929 7
1099 646 8
782 1340 30
1160 139 5
281 606 2
544 1361 0
864 437 8
719 929 7
641 37 8
1193 766 8
162 277 2
1179 45 7
377 246 2
841 1396 8
277 957 8
267 1384 7
727 191 33
406 377 8
1400 163 7
148 485 33
1174 256 2
718 874 2
364 183 8
140 1358 2
1129 428 1
1160 1191 12
978 830 30
944 70 2
903 1565 2
195 370 20
85 412 5
692 1 6
1485 261 2
1454 1509 1
418 678 30
674 2 2
27 462 8
594 139 3
9 1156 8
668 1310 7
290 384 5
183 1314 5
424 845 1
106 1126 2
88 293 0
674 890 33
1479 335 2
769 779 6
838 1482 8
1371 958 3
1016 970 74
551 1078 2
401 138 35
56 1567 1
447 151 2
216 531 2
1252 75 3
27 396 30
1338 1033 2
667 1227 8
1135 769 8
973 741 1
346 172 8
334 462 8
724 1554 1
759 1583 8
743 1342 7
1084 1381 7
1437 722 33
670 241 35
76 104 8
848 1342 7
862 387 59
1526 929 7
745 444 2
69 219 2
1144 329 35
398 1340 2
292 911 2
584 671 16
145 438 1
494 530 2
1163 619 27
117 1456 30
271 841 2
1271 637 12
21 937 7
738 891 8
162 1197 2
706 1377 6
171 1156 8
841 322 2
1193 83 8
284 777 2
377 1562 2
1537 129 8
703 938 2
1405 1449 2
1527 1128 8
1101 1285 5
24 637 12
737 1389 8
70 104 35
703 834 2
292 838 8
1246 1408 57
117 1562 1
28 1384 8
1445 925 10
596 706 44
1391 957 8
468 958 3
577 300 2
552 666 12
60 138 35
907 458 2
903 126 2
642 1070 5
1163 273 8
3 1129 7
1131 1138 2
1459 1479 2
228 577 2
1045 269 8
905 1342 7
1199 412 5
152 418 30
1232 1570 48
812 1124 14
1337 1097 7
992 568 7
462 626 8
674 523 23
880 1570 2
410 1454 2
1215 1260 7
438 373 7
66 1565 2
1230 35 23
600 70 35
867 1116 2
531 1001 2
370 379 41
557 531 50
325 930 69
486 1132 0
434 1062 8
325 1418 8
139 1004 27
505 1299 2
995 183 8
1295 1388 7
172 219 2
1051 527 1
387 957 7
267 337 27
399 609 2
865 730 8
1461 311 30
630 958 3
836 1026 2
500 911 2
30 399 2
1383 1389 7
1394 1555 27
557 958 5
285 577 2
1405 78 2
1230 961 25
932 183 6
1053 159 2
1284 719 8
472 1306 1
279 418 50
1162 230 2
568 158 6
266 366 33
126 623 2
307 911 31
1154 568 7
457 715 2
1028 836 2
568 450 6
228 1565 2
253 1310 8
338 1097 7
817 88 3
1252 1457 8
1155 1127 8
218 565 2
265 730 30
247 957 8
702 1315 7
550 901 2
279 642 50
915 657 2
903 1437 8
68 483 63
1535 829 20
303 1081 2
728 990 5
1302 412 5
440 76 1
913 37 7
541 891 7
13 1127 8
551 685 7
70 1557 12
614 531 5
1566 986 12
898 1310 8
420 1479 2
642 739 2
905 241 2
116 706 55
662 911 2
548 551 2
1340 1214 7
997 205 7
1318 1314 7
650 805 2
1031 702 8
519 374 1
524 1131 2
419 730 8
303 909 2
936 159 5
1131 1345 55
574 704 35
535 1183 85
88 894 7
988 183 2
750 723 2
515 334 1
317 377 8
427 796 8
395 1211 2
491 139 5
70 11 64
117 781 30
531 318 2
775 821 75
325 47 8
66 126 2
390 531 2
802 293 0
176 1156 7
871 108 8
1212 881 3
980 44 8
519 639 2
534 952 33
183 128 2
856 1295 2
1547 917 8
1291 269 7
1284 309 33
632 646 8
315 1340 30
973 999 19
1262 1002 2
505 152 2
69 533 3
524 239 39
337 903 27
1502 1328 2
325 1152 26
577 21 2
505 147 8
69 487 8
1174 829 2
720 908 8
88 304 5
162 31 33
372 646 7
125 476 2
357 929 7
1467 933 1
1039 399 2
1230 657 21
899 1310 7
368 1340 2
211 1349 78
193 1356 57
321 735 52
574 1345 2
654 812 1
1129 974 2
325 1417 27
1035 1047 2
900 325 2
897 929 7
819 37 8
762 108 1
185 667 27
1483 453 2
1128 1337 2
208 350 2
396 437 30
1289 720 15
205 558 7
88 1298 7
108 1457 8
632 394 1
127 139 3
1010 891 7
632 686 1
350 97 8
221 1127 8
363 611 35
598 1194 30
447 719 8
207 348 2
637 904 74
895 958 3
995 259 7
859 1391 2
939 533 5
317 568 7
241 851 30
718 719 15
1446 1352 2
281 769 27
1554 472 1
557 476 50
331 441 66
1084 397 2
738 1199 7
841 671 2
603 1211 2
1305 1384 7
1210 462 8
284 1126 2
494 1567 2
69 500 2
861 447 2
287 476 2
544 1082 30
69 891 8
627 486 7
69 792 2
395 168 2
535 855 3
77 957 8
1126 1305 14
157 325 1
3 776 5
867 1384 8
171 1437 8
372 1342 7
148 798 2
140 1024 2
603 1039 2
391 420 2
623 1310 8
958 663 7
226 362 30
1307 958 3
1164 929 7
689 1152 26
268 533 3
856 252 2
601 366 2
694 714 1
273 416 2
117 1447 1
1061 1126 33
829 470 33
494 284 33
570 1213 7
252 930 53
395 387 8
784 340 77
1037 453 2
126 672 2
143 743 3
478 37 8
278 784 19
71 810 15
818 444 2
779 1184 6
535 1139 30
1569 948 15
377 63 8
425 412 5
350 798 2
558 1126 33
1259 401 2
1328 1015 36
840 1126 14
36 574 44
1252 1011 2
1127 1243 7
1250 140 8
118 434 2
905 1565 2
1040 387 8
934 139 3
819 957 8
742 939 15
575 533 3
856 519 25
447 309 33
126 891 8
442 298 7
552 1550 8
1230 647 2
440 458 2
833 159 20
551 1364 2
299 1382 2
614 476 5
1444 925 2
627 412 5
396 1567 1
1209 531 7
642 684 2
651 1594 38
550 1070 2
409 1148 2
83 565 2
1097 1095 12
1221 929 7
1209 823 7
43 1156 7
434 32 8
929 1187 0
117 726 30
531 263 2
399 890 2
759 722 2
390 476 2
1305 1097 7
395 796 2
1212 92 8
618 1150 7
139 616 2
704 447 1
45 689 2
1081 350 2
1156 1491 7
1045 160 16
1171 1384 8
1058 859 2
147 682 2
830 850 2
150 689 2
447 658 0
1179 167 7
259 287 7
1527 330 8
907 1097 7
259 625 2
1284 901 2
393 702 8
142 159 2
607 486 2
43 88 3
20 929 7
117 1160 1
1271 447 2
486 381 33
707 458 2
478 957 8
1299 550 2
598 855 3
720 97 8
148 42 8
24 447 2
894 412 5
1254 1550 8
1020 937 7
1258 1131 2
1037 139 3
217 259 2
573 249 8
541 1510 2
1228 921 1
88 1243 7
368 1212 8
853 1285 5
1213 1199 7
228 462 8
325 693 2
185 148 27
1570 1181 7
1213 1491 7
172 1196 2
1215 462 7
859 648 2
82 157 2
185 836 27
544 296 7
183 873 2
281 26 27
65 531 7
1429 929 7
140 513 26
686 1105 66
1262 139 5
377 685 6
31 823 31
183 805 2
1179 1259 7
550 22 8
973 1232 2
1313 1395 7
178 777 2
1461 631 15
1447 453 34
847 1116 7
864 1583 8
42 1129 7
841 152 2
48 667 2
434 983 14
1162 1161 7
1537 355 8
1084 269 8
841 840 2
841 881 3
191 418 30
715 770 2
720 793 8
295 1514 0
401 1396 8
1112 939 15
64 450 30
779 837 6
489 929 7
126 221 2
998 1156 5
541 272 20
577 922 2
1138 1384 48
1377 462 7
1155 37 8
1044 239 38
259 470 33
1191 1067 5
127 838 8
27 1212 8
29 183 8
925 347 33
106 377 2
112 1395 7
724 1455 30
1052 88 3
207 656 1
341 383 2
221 667 27
894 108 1
1247 702 12
1126 940 2
689 63 7
442 289 2
1127 770 2
23 724 30
383 160 30
1538 937 8
442 581 2
1461 212 2
1371 59 8
1349 1114 2
992 1127 8
1008 855 3
69 1199 7
69 1141 2
621 76 57
303 903 2
859 1568 2
69 1491 7
1210 702 7
331 1014 66
539 1135 2
106 598 30
420 905 2
1554 702 12
1156 338 5
724 1488 7
1570 471 8
692 1578 5
824 1127 6
763 702 8
533 958 3
492 675 2
530 444 23
281 381 2
108 607 5
183 122 2
1438 183 8
1521 1395 7
836 856 2
618 1037 2
1183 706 7
1317 37 8
1547 119 8
718 717 2
830 503 2
1179 216 7
836 1148 2
500 1033 2
162 47 8
1015 810 15
1193 833 8
377 808 8
594 1310 7
838 114 8
1565 428 19
727 1009 2
1460 535 30
266 952 33
1163 804 2
239 533 2
737 140 8
1146 728 7
501 101 8
944 241 2
34 1496 2
1565 1152 26
471 829 2
701 911 2
458 1243 7
364 646 8
838 46 8
638 1230 20
915 514 1
125 366 2
563 1131 2
838 384 3
126 1199 7
1264 1002 2
383 960 30
259 502 2
259 106 2
1233 251 1
236 972 74
720 42 8
350 1371 2
925 1371 33
1155 957 8
325 619 27
1201 732 5
709 1322 13
596 838 8
575 773 2
1301 412 5
464 420 2
1565 1417 27
419 1246 37
922 565 2
851 830 30
432 686 1
552 129 2
1403 958 5
541 1455 2
689 1420 8
695 958 3
420 1309 2
552 25 2
1451 492 2
770 59 7
362 1114 30
1176 1310 5
1338 516 2
800 462 8
550 1351 2
530 1191 12
559 1310 8
66 420 2
917 172 8
1561 812 2
108 533 3
362 1406 30
905 462 8
69 166 2
172 1141 2
1247 330 8
183 43 6
309 492 2
427 1418 8
1503 412 5
159 623 6
437 59 8
65 476 7
70 684 2
915 1500 30
190 140 2
1084 883 33
1124 724 35
702 801 10
475 1565 2
66 692 19
1195 1382 2
154 568 7
1461 1457 30
1437 270 3
1009 70 35
252 1236 6
1497 505 1
1252 513 26
912 911 31
738 1062 8
544 216 30
655 259 8
252 905 27
268 1396 8
255 416 2
729 702 8
508 119 8
241 424 2
290 39 8
582 859 2
290 435 8
796 1295 2
805 1213 7
945 140 8
1003 1170 0
494 611 34
91 172 5
1056 650 8
1163 116 8
4 865 6
455 377 6
1156 685 7
126 166 2
1156 627 2
541 1335 5
119 438 7
923 1091 2
942 396 30
337 373 6
1213 1070 5
689 619 27
565 365 2
362 101 8
122 126 2
836 102 30
1152 937 7
905 1163 2
1131 913 2
108 891 8
889 667 27
915 200 2
116 957 8
810 533 3
143 1335 5
1496 35 40
552 653 2
1563 568 7
85 148 2
915 533 3
547 526 2
1020 172 8
438 882 2
307 492 2
330 1581 8
190 836 2
600 241 35
427 47 8
535 1207 8
643 183 6
1312 1437 8
317 1127 8
1128 471 8
1322 37 7
646 249 8
359 412 5
761 1384 8
399 488 2
603 1333 2
622 730 2
282 732 7
1307 1310 8
277 950 33
464 412 5
929 681 0
958 189 27
298 59 8
724 677 7
719 1086 8
841 1121 2
707 1389 7
109 1170 0
952 28 2
1156 1381 7
273 642 2
666 1065 5
647 823 30
492 844 2
618 1305 8
361 508 2
140 1078 2
651 411 40
719 1310 8
689 808 7
1569 293 0
806 1252 2
259 109 7
362 1125 8
841 75 3
447 1250 2
844 1453 30
411 1131 20
51 915 30
565 78 2
579 812 2
373 937 8
139 831 30
1047 553 44
796 148 2
575 322 2
1395 21 8
999 366 1
272 810 15
442 1258 2
1087 1246 37
626 412 5
724 1446 1
551 798 2
420 875 6
437 1342 7
1084 445 0
112 239 2
1116 805 2
362 1455 30
528 550 2
966 441 0
419 568 7
1135 197 8
667 556 2
18 412 5
671 1437 8
541 540 2
303 1080 2
472 1174 5
550 622 34
55 1384 7
993 278 2
1231 75 8
277 702 12
790 149 8
1009 59 8
313 112 8
168 1437 8
55 1362 2
58 973 2
195 108 8
504 958 2
794 961 35
229 396 71
1304 183 7
1547 796 8
1082 370 2
1459 536 30
74 259 2
252 493 6
69 726 8
1054 1405 2
730 1000 2
689 338 5
1131 813 15
143 1578 7
345 1400 2
1282 377 1
915 95 21
259 1201 7
1500 925 2
931 936 7
381 957 8
565 1375 27
1510 1565 2
1437 50 70
1252 1491 7
33 1033 2
747 88 3
291 1610 56
1233 428 1
1468 929 7
29 1384 8
241 301 2
285 412 5
226 1295 2
667 960 2
1179 1452 30
1459 907 2
1117 1389 7
582 1127 8
960 1047 30
769 1127 6
1171 59 8
492 858 10
551 219 2
1010 1062 7
406 1260 7
447 499 2
199 453 2
1337 1213 7
375 830 30
519 43 6
641 794 2
298 1342 7
374 1170 0
575 1070 5
385 568 7
915 1518 0
1446 453 34
409 623 2
277 1291 33
1075 104 2
303 32 8
1129 813 15
86 1384 8
1459 1456 30
1552 37 8
667 1304 5
864 102 8
277 330 8
162 1149 2
362 455 2
1084 787 8
1522 1156 8
731 205 7
841 1457 8
270 841 2
575 1004 27
32 1097 7
1233 1124 1
517 1047 14
1284 881 3
32 1389 7
702 1207 7
108 1199 7
706 54 6
415 1150 5
22 727 2
996 412 5
359 933 2
108 1491 7
694 206 39
702 789 2
912 1230 2
483 424 8
699 823 33
138 350 2
823 97 7
568 170 6
1481 1238 33
823 831 2
228 1384 8
229 823 2
836 675 30
912 1126 2
1024 516 2
337 219 27
220 859 2
396 840 30
713 88 3
205 1357 7
217 1405 2
6 1322 13
1225 732 48
279 362 50
1266 47 8
458 611 2
438 1185 7
383 782 30
442 411 2
799 1437 8
1348 718 2
598 226 3
208 1395 7
383 1458 20
1093 903 6
1565 54 2
1570 770 2
307 377 2
324 803 2
569 44 8
69 1367 2
1215 1212 7
1087 568 7
295 1355 2
1340 934 7
806 1126 30
806 730 30
958 101 26
627 957 7
526 1029 2
168 303 2
650 537 12
1476 287 30
506 1342 7
614 958 1
650 916 8
1555 88 2
199 139 3
416 641 2
291 1310 8
1087 937 8
318 377 8
281 607 2
1424 1156 7
279 395 27
252 880 1
722 937 7
730 653 2
616 689 2
925 1214 0
1179 46 7
1111 1170 66
944 535 2
1177 172 27
603 235 2
486 579 2
983 60 44
447 1225 0
252 503 27
568 533 5
365 829 2
1377 1384 7
544 106 30
1110 1310 5
1460 1437 20
1047 854 27
337 623 27
45 584 53
205 452 77
1037 1252 2
192 241 30
1047 902 44
126 1367 2
1391 335 2
689 1381 7
575 1062 8
1516 1008 39
558 933 2
544 1151 21
925 209 2
371 59 8
337 555 27
1391 330 8
994 438 57
505 533 3
1409 453 35
783 335 2
1253 1047 33
482 1550 8
958 1524 5
796 325 2
672 829 2
659 1243 7
361 139 3
618 1315 5
898 929 7
369 730 30
799 462 8
104 350 2
1565 1078 2
1191 146 5
458 1299 29
1454 464 2
556 88 2
447 147 8
809 362 30
447 881 3
778 689 2
1003 1047 33
642 1483 2
1215 633 7
872 1565 2
442 119 8
1131 1401 55
207 464 2
370 479 20
859 423 2
1313 1342 7
399 272 31
486 109 0
381 937 7
1098 401 2
1499 552 10
377 81 10
494 1287 2
69 220 2
69 616 2
1081 1212 8
1084 112 8
922 1461 41
1252 1070 5
318 862 80
292 516 2
802 991 5
1197 183 2
279 458 2
638 59 8
505 208 2
1400 792 7
340 1315 7
139 104 2
602 434 2
163 1419 8
505 891 8
829 1296 8
290 265 8
1172 702 8
1284 92 8
489 750 2
1044 82 38
355 568 7
1252 1004 27
1045 857 38
455 603 6
578 1395 7
745 724 35
1039 1097 7
452 929 7
1446 1170 0
143 813 8
250 937 8
325 493 6
325 97 6
917 56 33
812 1099 2
823 42 7
1164 1310 8
792 667 27
800 1384 8
438 488 2
350 1305 8
447 1140 2
997 957 7
499 925 10
361 330 2
905 1384 8
420 1417 27
1249 1389 7
1252 726 8
383 761 15
82 1024 2
681 1352 2
349 236 12
641 1097 7
325 804 2
692 21 8
661 1310 8
184 1379 57
541 206 2
551 792 2
641 1389 7
552 1567 2
458 324 29
462 627 8
1563 1127 8
738 997 22
1307 438 6
720 1004 1
61 809 1
211 1127 8
933 440 35
1308 1213 6
1040 39 8
307 718 2
1461 675 2
1461 279 2
1068 293 0
1231 588 8
305 1252 2
1128 743 3
541 138 2
350 1239 30
939 881 5
535 556 85
934 573 15
724 971 7
1549 541 2
1209 939 7
999 958 3
1084 745 2
872 126 2
420 1076 2
541 1217 8
1250 1170 0
251 1291 16
416 586 2
957 668 59
330 32 8
1376 810 15
1075 677 2
1326 172 8
932 252 6
759 437 8
650 793 8
838 1584 28
172 507 8
59 355 7
852 574 2
1306 1097 7
1461 604 30
1352 622 35
913 715 5
1265 1210 6
45 409 2
143 1217 8
34 1597 38
271 159 2
259 53 2
371 1342 7
1284 329 2
139 1024 2
577 1393 2
584 1594 38
268 881 3
252 986 53
162 114 8
241 1232 7
256 1125 8
581 1342 7
369 350 2
205 793 77
399 1220 14
830 502 2
575 616 2
337 1227 6
162 384 3
337 500 27
337 104 27
1485 499 2
1338 651 53
238 603 2
903 1047 2
1242 1565 2
1568 108 1
230 829 2
337 792 27
1566 888 57
671 1340 2
438 1070 7
667 116 7
1008 889 2
1496 889 40
575 881 3
435 377 59
551 1024 2
335 959 8
1025 1310 8
184 404 57
1156 97 8
108 726 8
1144 387 8
632 59 1
923 957 8
1371 462 8
1295 1315 5
409 854 27
141 637 9
880 159 1
1213 1315 7
952 844 31
447 92 8
368 642 30
107 36 8
937 881 5
419 1127 8
36 598 30
779 167 8
535 359 2
418 266 1
1561 937 7
759 1138 2
205 155 7
873 1340 2
205 983 14
117 782 30
1219 533 3
638 1342 7
503 183 6
531 611 2
1247 37 8
1084 62 2
476 1268 5
292 565 2
551 31 14
872 1437 8
1394 545 27
167 1135 2
158 325 2
727 1480 2
847 148 7
862 437 8
183 916 8
59 1420 8
1009 241 35
747 44 8
170 462 8
162 747 2
1299 674 2
813 1127 1
138 494 1
1233 722 1
337 1196 27
777 1118 5
577 314 2
957 21 8
594 1131 8
454 1156 7
501 796 8
489 1086 8
128 911 2
796 1362 2
148 390 8
750 877 30
483 22 8
1179 251 71
1201 1135 5
724 883 30
447 397 2
582 957 8
64 102 30
1349 610 2
819 330 8
108 1062 8
1483 350 2
438 387 7
205 1247 7
125 1384 8
437 535 2
1391 1127 8
322 957 7
85 715 2
551 3 7
442 796 8
325 307 7
420 63 7
438 365 2
519 1003 1
1227 957 8
1212 1199 7
978 172 2
1212 1578 3
535 591 2
207 1037 2
837 321 6
409 917 2
344 172 8
928 60 41
1212 1491 7
526 627 2
1084 2 2
655 438 8
732 591 1
869 325 2
720 485 1
1035 412 5
829 875 6
154 667 27
639 535 2
686 338 5
214 1566 5
1084 685 8
37 824 6
505 1199 7
162 1112 23
1135 384 5
977 462 8
1080 1437 8
638 241 2
159 26 2
143 433 7
603 1436 2
1127 250 5
139 677 2
505 1073 2
1050 471 1
148 1482 8
703 1070 7
552 1214 0
1284 670 2
268 92 8
577 1338 2
823 787 7
601 321 7
1160 732 7
171 59 8
64 1194 30
575 269 2
1193 287 50
126 569 2
502 1459 30
823 719 7
591 401 2
552 1578 7
686 1305 8
193 674 57
1367 148 2
350 1482 8
226 442 2
903 1342 7
1031 325 2
551 677 2
1197 412 5
563 1075 2
56 1166 1
1261 88 3
694 267 55
420 1029 2
84 1310 2
158 937 5
911 796 8
679 140 8
411 1461 2
818 724 35
845 753 57
671 1212 8
181 937 7
756 1395 7
108 253 3
630 929 7
841 513 26
279 689 27
577 272 20
1223 239 2
779 112 8
958 223 26
395 1553 2
636 462 8
724 1445 1
650 36 33
574 546 35
1399 412 5
168 1212 8
53 278 58
281 437 2
880 765 2
731 1127 7
1310 1418 7
1184 1389 8
267 911 27
148 681 27
880 1156 8
1341 462 8
739 1135 2
1459 311 30
205 464 14
483 622 1
671 750 30
498 911 2
738 787 2
192 535 30
1252 1609 47
1085 340 13
1561 519 35
494 25 2
1453 226 3
209 519 35
486 701 2
505 98 2
1383 256 7
1259 1156 7
1394 26 27
155 568 7
252 625 27
1061 775 12
259 976 7
238 911 1
337 1141 27
1350 377 1
350 681 27
736 140 8
495 1384 8
1340 1154 5
438 272 31
925 831 2
915 1299 2
140 269 8
558 775 12
9 1342 7
1233 203 1
609 37 8
228 140 2
337 677 27
1314 718 10
464 476 2
792 929 7
1459 641 1
970 301 19
1035 1384 8
1258 1127 8
1483 399 2
581 140 7
1479 458 2
667 1423 2
441 1389 7
1381 140 8
1483 295 2
1126 663 7
641 1033 2
446 444 2
876 1097 7
1454 685 8
1328 994 37
1304 321 6
27 519 30
69 514 2
74 1230 2
81 236 12
859 1337 2
874 59 7
624 552 1
281 423 27
575 75 3
57 321 6
650 68 2
720 338 62
981 925 7
581 803 30
946 88 62
252 1029 27
929 109 0
173 458 2
309 574 44
399 604 2
603 1449 2
722 1395 7
603 1053 2
255 412 5
659 355 8
1405 638 27
162 381 33
399 500 2
794 53 35
171 1342 7
702 280 5
303 495 8
915 1225 0
1284 883 33
259 875 6
544 960 30
752 937 8
1177 1212 8
999 1115 77
586 1405 2
1197 1384 8
139 226 2
241 480 2
543 531 30
127 516 2
1383 1572 7
273 362 2
929 1161 7
543 584 41
573 910 1
241 772 2
699 637 12
1055 1127 7
730 24 2
1037 399 2
1250 1047 33
64 347 30
1372 143 7
1029 1075 2
661 438 6
126 514 2
1162 116 8
724 1403 19
311 377 1
909 1213 7
1179 428 71
13 1091 2
1155 330 8
724 1456 30
702 914 7
895 929 7
836 450 30
1566 90 57
41 577 14
206 350 2
205 1132 7
696 183 8
810 881 3
962 293 0
551 622 2
442 978 2
442 582 2
1266 114 8
744 650 1
236 610 75
915 881 3
425 1002 2
551 914 2
1004 838 8
1160 1340 30
395 1375 27
193 447 57
522 412 5
1570 936 8
854 812 1
641 1238 33
476 1139 30
648 937 7
1549 434 1
550 719 8
1558 731 2
330 326 8
389 568 15
315 568 7
281 450 2
1424 1395 7
1219 1396 8
724 1098 1
770 139 3
1124 37 8
289 516 2
1100 444 23
579 519 35
1555 259 2
512 812 2
1179 285 7
841 1199 7
306 937 8
463 396 71
1188 937 7
83 88 3
411 937 8
253 845 1
88 53 34
290 1583 8
347 720 15
973 154 2
273 1454 2
1398 937 7
444 1465 5
117 604 30
1053 350 2
580 501 1
45 239 2
1200 958 3
191 1047 30
475 1230 2
1547 808 8
713 702 12
150 239 2
544 1098 21
577 1619 2
568 1141 6
337 1125 6
795 779 5
143 1298 7
605 1384 7
150 531 2
577 1515 2
64 1371 30
1177 70 2
1166 838 8
458 1536 7
880 692 41
457 442 2
646 1180 21
836 1474 30
1351 1389 7
780 377 1
777 1418 7
674 466 2
565 129 8
1230 1243 7
840 915 30
845 1498 57
817 957 8
347 1156 8
181 412 5
447 883 33
1391 37 8
162 695 2
208 241 2
673 172 2
70 24 1
550 309 33
778 172 2
552 813 8
1518 830 30
70 357 2
325 1235 33
419 957 8
284 911 31
603 1375 27
775 971 74
973 517 1
1044 551 40
519 1330 2
727 562 5
82 98 8
829 1417 27
1123 1127 8
88 1017 7
409 411 2
172 1388 7
297 1075 2
619 568 7
236 376 5
1239 139 3
1124 957 8
252 1305 6
82 390 8
913 531 30
992 278 2
486 1446 2
236 1064 5
836 739 27
1376 61 15
159 189 27
69 391 2
893 1047 30
980 172 2
958 272 2
158 551 2
913 823 30
502 1128 2
181 172 8
850 458 2
619 838 2
136 438 52
175 1322 13
470 1213 6
862 163 8
724 629 64
813 957 1
850 750 2
1177 1162 2
939 1418 7
335 1517 1
505 671 2
1126 85 45
35 159 2
252 1198 27
1047 1052 2
577 540 2
505 1062 8
543 476 30
32 1213 7
266 958 3
501 626 8
25 1310 8
263 444 23
108 1315 7
945 37 8
371 462 8
1258 667 27
340 1314 7
22 447 2
661 779 6
241 357 2
737 1459 30
143 588 8
1179 477 71
148 908 8
1371 1384 8
1025 1126 33
761 401 1
823 213 7
892 732 7
565 1054 2
581 759 2
455 689 2
1563 929 7
997 732 7
124 1384 8
880 1047 16
438 613 7
1126 1236 7
541 39 7
434 136 6
447 200 33
383 106 30
247 37 8
377 994 5
909 1126 14
1093 623 6
416 533 2
933 611 35
519 1516 7
335 376 3
317 1128 8
565 983 30
278 1099 2
1567 444 23
391 377 7
420 455 2
537 113 75
841 1581 8
1390 425 1
1436 1419 8
54 252 2
278 1031 2
55 730 8
72 1156 8
737 159 2
862 1583 8
958 1583 8
183 63 8
638 462 8
1183 256 7
1547 65 8
952 29 2
1275 162 7
1236 412 5
666 1066 5
718 1351 2
933 982 7
915 528 1
239 479 2
736 694 39
256 1296 8
241 1345 2
1284 787 8
470 841 2
1496 358 38
1114 718 10
159 471 8
54 519 25
1375 462 7
907 862 2
899 750 7
425 139 5
447 1251 2
730 1094 30
27 183 8
362 1418 8
1500 126 2
1505 149 8
442 1223 2
665 1362 2
1488 416 2
780 718 1
1566 663 57
1349 1360 2
667 229 2
1567 1191 12
1104 1456 2
1214 1384 7
679 330 8
724 1447 1
1036 1163 2
546 1284 1
291 1002 1
116 1238 55
1079 954 7
552 367 2
541 959 7
1019 1128 8
1451 438 2
1351 812 2
1565 798 2
594 958 5
841 1070 5
695 462 8
1568 148 2
1336 1310 7
1127 424 8
1221 1156 7
69 112 2
259 1152 26
516 1133 2
759 1309 2
82 48 2
651 114 38
765 54 8
59 97 6
59 493 6
921 160 30
1340 116 8
524 803 2
1144 118 35
869 1075 2
1380 584 41
1296 568 7
913 476 30
1385 402 22
1141 321 6
377 1351 2
183 300 2
528 444 23
139 1495 2
841 1004 27
872 1212 8
648 172 8
267 1033 27
1295 423 2
730 1001 2
558 683 0
45 416 2
1183 1572 7
498 1033 2
618 300 2
145 492 2
505 324 2
1400 116 7
41 434 7
377 1283 2
252 455 27
568 881 5
454 1395 7
519 1204 30
945 1047 33
829 287 7
1055 37 7
563 667 27
476 480 2
508 65 8
1173 444 23
652 519 35
586 1295 2
337 1367 27
1045 681 38
598 1396 8
486 888 23
931 833 7
1398 172 8
117 1283 1
1214 1310 5
140 495 8
836 384 3
1008 1418 7
170 531 30
804 911 2
601 139 3
383 119 81
610 139 3
552 771 2
140 787 8
578 1156 8
1047 533 2
1428 1246 5
391 183 8
565 707 2
686 848 8
505 881 3
362 47 8
476 704 2
582 1128 8
565 265 7
213 1156 7
702 408 7
438 604 2
438 208 2
1459 1200 2
1296 958 5
458 42 7
140 719 8
960 1340 30
321 1298 7
126 39 8
1008 80 8
183 685 6
325 524 2
641 1213 7
452 1310 8
1122 1128 8
383 51 30
993 929 7
447 891 8
362 949 71
362 553 71
1253 453 34
159 101 26
438 94 7
903 462 8
1203 438 6
1340 307 7
550 213 8
1312 1342 7
620 667 27
281 545 27
13 205 19
241 919 30
420 504 2
563 149 8
736 838 8
1128 21 8
303 789 8
303 393 8
646 533 3
1081 1565 2
65 1342 7
462 991 5
318 88 3
756 416 2
394 406 2
674 345 0
47 568 7
49 1084 2
399 726 2
222 573 15
1303 779 7
61 1581 8
702 110 5
363 384 5
1080 1212 8
261 550 2
1459 1457 30
727 572 2
140 1196 2
1264 1246 37
1163 763 2
252 1479 27
1461 324 30
1391 1437 7
1047 1333 2
841 1062 8
1540 958 3
674 1443 2
269 139 3
1055 957 7
396 1199 8
350 1388 7
350 1330 2
1045 1601 38
1053 172 2
472 1418 7
1037 958 3
143 770 2
459 568 7
383 851 30
836 676 30
674 1271 2
170 60 71
586 148 2
337 220 27
1040 163 8
903 1163 2
797 833 8
284 1246 5
886 1128 8
176 501 41
674 160 33
270 1459 30
472 80 8
797 1125 8
1084 99 0
1352 1109 7
312 1454 2
1008 1396 8
457 259 8
1037 1230 20
222 149 8
1553 1033 2
642 460 2
76 1446 2
1201 929 7
1123 37 8
281 676 2
541 882 2
1098 1126 33
516 1078 2
1022 63 8
635 925 1
719 1395 7
315 1127 8
1437 1499 2
650 818 2
524 1144 2
507 718 2
1461 1124 30
1200 1310 8
1476 976 30
420 1424 2
1177 1033 27
430 281 55
976 486 2
620 730 2
139 1148 2
1325 1086 8
507 650 2
1163 1391 2
45 69 2
810 809 1
292 577 2
1284 1491 7
842 295 1
927 519 1
813 159 1
53 531 2
139 1080 2
601 1084 7
466 321 6
179 88 3
950 28 2
843 958 2
4 136 6
33 1047 2
126 1436 2
1376 646 1
362 1376 2
53 823 2
374 702 12
268 891 8
255 703 2
1295 300 2
4 824 6
577 138 2
265 1437 8
1246 386 57
941 59 8
281 187 55
1161 568 7
148 675 33
1527 1086 8
1129 1118 1
1039 516 2
710 1389 8
363 741 2
1258 929 7
1180 37 8
80 1156 7
816 957 8
61 1578 5
646 95 21
485 765 19
333 1418 7
236 1428 75
1252 104 2
598 983 30
1483 70 2
532 768 2
199 399 2
540 1230 2
416 1338 2
333 80 8
248 1068 5
1116 68 2
232 1610 56
1487 37 8
326 1086 8
69 289 2
1570 83 8
886 377 8
1123 957 8
37 320 6
118 958 5
295 873 33
172 158 27
1397 683 0
166 911 2
1144 1087 35
636 1162 2
979 172 2
303 384 3
1188 1395 7
841 338 5
1219 881 3
1084 118 2
381 1230 7
1282 727 1
434 728 8
1230 355 8
66 1163 2
614 568 1
841 684 2
502 958 2
749 732 7
35 453 2
572 1005 36
199 724 30
808 88 5
768 462 8
618 581 2
913 88 5
55 958 3
1404 444 23
999 637 5
140 1141 2
647 765 19
145 1461 2
252 1424 27
252 1028 27
913 776 5
1081 1437 8
686 369 1
1047 882 2
1265 875 6
360 1384 7
925 1256 7
265 462 8
432 810 15
1144 1125 6
929 936 7
1459 98 16
820 937 8
577 1058 2
416 272 20
256 102 8
140 677 2
1439 573 15
126 393 2
32 70 2
718 89 2
82 656 1
126 289 2
483 766 8
942 915 30
544 73 21
552 1298 7
233 1213 7
193 394 57
479 330 8
256 326 8
265 396 30
1220 1213 6
1201 172 5
111 1156 8
544 1502 2
205 1199 7
281 894 27
546 486 1
172 854 27
1447 952 33
363 960 35
1019 330 8
415 91 7
211 1128 8
383 624 30
1271 925 10
139 258 30
1084 1106 2
906 646 8
24 925 10
300 829 2
395 981 2
343 37 8
1328 1112 2
415 419 7
652 1395 7
1252 1337 20
420 1077 2
406 59 7
1266 1325 5
297 618 2
631 929 7
156 394 1
399 611 2
273 541 2
642 728 8
684 911 31
462 357 5
912 1170 0
382 535 7
485 950 16
922 383 41
399 1299 2
160 803 2
399 903 2
617 937 7
913 366 30
941 1342 7
616 239 2
278 1549 2
1547 291 8
183 190 2
630 1310 8
727 1541 2
1194 88 3
1550 37 8
159 770 2
162 120 2
1127 994 5
371 1384 8
117 671 30
149 296 48
584 1595 38
1050 1314 7
841 32 8
686 1388 7
359 1191 12
127 1310 8
932 1310 7
337 569 27
273 1156 8
126 625 2
699 113 2
1352 1062 7
390 418 30
787 37 7
278 160 14
1056 486 8
746 1316 5
794 1228 1
442 1449 2
925 1439 33
494 1514 0
582 330 8
218 859 2
570 958 3
347 494 7
325 1375 27
88 1360 7
1565 628 2
1196 412 5
759 1161 7
995 531 33
1570 1298 7
778 239 2
1227 330 8
1135 716 8
442 65 8
1298 958 5
789 458 33
692 606 35
1232 551 2
1446 702 12
330 1125 8
536 1135 2
70 13 64
476 272 31
13 88 3
859 661 2
37 265 6
70 460 2
269 1097 7
629 929 7
646 1396 8
1328 91 7
526 292 2
197 139 3
1219 92 8
872 1047 2
211 377 8
843 911 2
506 646 8
1416 399 2
268 1199 7
720 546 1
879 823 14
603 1169 2
1372 472 5
369 1047 2
1109 1170 66
183 813 8
606 82 7
957 90 8
562 573 15
252 681 27
1550 957 8
1375 1384 7
486 1445 2
494 1061 2
388 1127 8
148 360 2
911 1184 1
384 650 7
928 183 2
1519 44 8
256 47 8
20 1570 7
128 516 2
575 1199 7
702 306 7
535 513 30
434 83 6
804 1033 2
1377 183 7
325 43 6
1233 947 1
442 78 2
476 534 2
1472 1496 12
1026 689 2
1251 1047 33
852 939 15
695 1384 8
552 1243 7
1252 677 2
548 812 1
552 562 23
101 70 2
458 606 2
900 911 2
1240 980 1
713 37 8
774 841 2
482 21 8
126 265 8
418 1359 1
324 366 2
762 1131 2
550 512 2
933 1388 61
102 350 2
738 441 0
27 551 40
420 798 2
107 1457 8
311 362 2
759 1417 27
1454 1330 2
210 37 8
648 703 2
980 1097 7
295 558 2
997 1127 7
69 1258 2
49 702 12
57 377 6
1436 929 7
256 1417 27
836 1041 2
951 544 21
595 1126 16
655 1127 8
1085 1384 13
999 462 8
572 453 35
281 102 2
278 806 2
395 66 2
656 952 14
582 1389 7
1045 1603 38
241 1251 1
438 983 30
925 1105 0
383 648 2
43 650 7
856 568 7
727 1090 2
117 324 30
26 958 2
651 255 40
784 702 77
606 1340 2
362 974 2
1179 229 7
222 183 1
1052 172 2
1244 265 15
577 233 27
1459 671 16
241 782 7
565 1525 2
512 519 35
205 739 77
702 1330 7
1481 531 7
1271 113 2
563 415 1
501 114 8
1206 61 15
126 1258 2
1045 808 8
434 1399 6
24 113 2
692 663 8
646 1296 21
1082 531 30
1259 1086 8
551 1388 7
1004 1213 7
1357 950 33
238 841 2
1536 139 5
226 1131 2
905 256 2
550 1140 2
335 514 2
433 1384 7
823 1451 30
1221 1395 7
551 1366 2
420 1030 2
515 349 1
59 336 6
1232 438 48
159 1578 5
1305 438 6
140 974 5
933 855 5
1066 293 0
1193 1381 7
35 1389 1
1092 1453 2
812 284 14
513 1162 2
1093 111 6
1135 265 8
35 1384 7
463 1179 50
1176 939 15
83 859 2
315 957 8
863 321 6
1301 1127 7
677 1008 39
183 539 2
1476 806 30
49 1291 33
486 0 0
151 1084 2
850 642 2
731 732 7
124 1156 5
843 1252 2
1050 1564 1
148 1305 6
1170 174 1
268 1581 8
1131 961 25
168 399 33
54 551 2
601 1310 7
1459 604 30
1397 541 7
162 297 2
486 1098 2
345 1531 1
1394 423 27
252 626 27
1537 21 8
1047 480 2
33 1565 2
938 836 2
1526 1086 8
396 54 8
457 1254 2
476 255 2
605 462 8
415 298 5
128 1045 53
392 702 8
667 1492 2
813 1437 8
1153 1389 8
334 727 2
907 350 2
692 1583 8
350 112 8
127 108 8
434 320 6
565 774 2
1421 59 5
396 676 30
346 1156 8
1225 568 48
1451 841 2
1163 68 24
757 584 53
1454 983 2
211 330 8
325 987 2
268 1070 5
911 114 8
438 265 7
76 296 8
531 1253 2
1563 1310 8
502 1252 2
507 1135 1
659 424 8
1231 83 8
825 412 5
636 1342 7
531 789 2
1546 1212 8
603 1054 2
603 1450 2
947 1496 2
1227 1127 8
1394 1515 27
611 970 58
158 1295 2
259 1236 6
446 724 35
1051 419 1
618 411 2
272 1213 7
35 575 2
384 1395 7
739 453 2
59 292 2
285 532 8
1315 1389 8
290 852 8
541 347 14
262 551 2
295 53 34
486 1371 33
148 641 2
1391 1212 7
836 855 3
1390 77 1
829 1424 2
476 883 2
517 823 14
1115 382 5
56 678 30
256 625 2
377 766 8
359 458 33
539 730 30
1284 512 2
106 1135 2
1163 762 2
779 735 6
1177 1437 8
373 330 8
1481 476 7
689 471 2
28 139 3
661 1127 6
143 936 8
1075 893 30
806 973 2
806 577 2
1004 1496 53
452 183 2
916 937 8
836 451 30
852 720 15
337 391 27
1254 770 2
259 163 8
122 1163 2
1344 727 57
836 1139 30
667 53 2
438 1299 2
139 844 30
980 1342 7
750 1557 1
765 716 7
70 1000 1
894 1131 2
555 1405 2
88 504 2
476 1500 30
541 1121 2
1254 743 3
472 147 8
463 183 8
546 1395 7
1215 1384 7
416 485 2
1213 373 6
1224 37 7
1570 833 8
281 451 2
886 1127 8
880 779 2
929 1098 0
302 925 7
667 272 8
765 1377 8
759 1029 2
768 1384 8
88 390 7
730 893 2
1128 424 8
928 412 5
363 855 5
43 1395 7
759 1420 8
1084 1264 2
398 453 2
624 162 1
541 1439 14
84 1084 2
609 1097 7
620 505 2
1179 974 7
1179 578 7
399 1525 2
1050 1509 1
265 1384 8
1127 1184 5
1075 1196 2
395 1035 2
281 675 2
147 989 2
1547 855 3
1351 519 35
599 727 2
908 1310 5
507 1212 8
718 1407 2
401 387 8
252 506 6
139 855 2
1131 546 25
738 728 8
1078 838 8
48 278 2
999 1640 77
377 1003 2
268 1062 8
162 254 12
340 755 7
1047 29 2
276 1389 8
265 1212 8
505 435 8
505 39 8
475 1163 2
1174 325 2
263 544 2
272 462 7
1033 638 27
205 1312 77
1177 462 8
117 1003 1
1146 1314 7
501 291 8
1210 990 5
552 491 2
1133 1310 7
362 163 8
301 1640 77
1029 325 2
905 829 2
438 324 2
205 450 7
1230 867 33
1483 241 2
1154 88 3
1079 911 1
1454 240 2
82 464 2
314 859 2
81 1126 33
787 779 7
1003 823 33
1023 1156 8
759 619 27
1093 293 0
775 972 74
439 954 7
897 1086 8
539 126 2
1414 1384 7
628 929 7
1499 1084 10
438 152 2
368 1453 30
281 1371 2
1437 357 7
1476 983 30
256 619 27
864 1161 7
603 707 2
391 88 2
189 149 8
377 1407 2
632 838 8
1295 479 2
782 830 30
544 974 30
1210 646 8
1400 928 7
494 1355 2
1295 433 7
720 668 1
737 1135 2
293 139 3
642 167 8
619 1131 2
1052 1395 7
1372 990 5
369 1565 2
862 852 8
479 1238 33
618 648 2
259 1200 2
1416 453 2
486 68 2
933 355 7
388 957 8
1047 1449 2
1047 1053 2
1225 1246 5
4 1227 6
703 903 2
39 937 8
479 574 2
256 273 8
531 1455 30
702 928 7
588 568 7
126 168 2
925 1009 2
366 890 2
646 1225 0
1194 830 30
126 460 2
945 330 8
804 1213 7
551 298 7
1316 205 5
551 636 2
454 702 2
790 929 7
122 420 2
1468 1570 7
350 685 8
462 471 8
420 1152 26
592 1126 50
401 384 5
126 387 8
570 59 8
874 1097 7
82 1488 2
317 1156 7
70 945 1
837 483 15
85 442 2
259 40 8
307 494 2
869 516 2
911 291 8
992 929 7
859 1515 2
409 1436 2
1449 1033 2
650 246 2
1075 917 2
1019 37 8
779 3 8
1120 438 8
300 954 7
183 1298 7
618 1052 2
779 341 3
420 852 2
655 957 8
646 147 8
581 776 5
646 881 3
411 492 2
841 1483 2
148 903 6
910 453 35
447 1014 0
1278 1328 1
843 350 2
730 374 2
395 980 2
227 401 1
108 450 5
55 1419 8
977 486 2
159 545 2
1230 50 55
867 139 3
205 1125 16
856 1127 8
577 1169 2
162 583 2
1079 765 19
1396 183 2
1129 546 1
1367 1131 2
866 573 15
707 350 2
1008 1525 2
575 1080 2
810 1581 8
1258 1086 8
1025 775 12
692 1577 8
1505 838 8
226 565 2
1517 205 19
1104 1457 2
472 32 8
550 1262 2
1131 128 2
108 502 8
449 937 8
799 183 8
550 1274 12
1258 1310 8
838 1325 5
1126 158 7
718 658 0
1471 502 59
681 44 8
205 728 8
1010 728 7
999 1384 8
653 1126 33
416 1058 2
1103 568 7
1276 779 5
58 1002 1
330 1296 8
1317 335 27
1317 1395 7
1337 1212 8
183 369 2
140 1132 5
200 399 2
1215 646 7
1200 929 7
988 252 2
650 1562 2
463 574 71
281 210 27
65 715 7
852 1437 8
1079 1471 7
499 1328 2
849 574 2
1397 1127 7
544 919 30
694 327 1
1075 166 2
270 575 2
216 911 31
290 54 8
215 836 5
507 1389 8
183 588 8
128 651 53
931 1298 7
526 291 2
36 453 2
1459 726 30
1193 97 8
926 519 1
1400 805 7
641 1461 20
268 32 8
1295 648 2
577 882 2
707 1437 8
1407 434 2
938 958 2
35 59 7
595 207 38
915 681 21
551 854 27
572 990 37
161 462 8
1163 360 2
1151 650 2
1160 568 7
363 355 7
259 722 33
266 462 8
1163 355 8
483 90 8
63 501 5
1451 1135 2
646 47 21
1377 646 7
325 506 6
791 750 2
244 44 8
903 140 2
836 737 30
930 541 40
685 321 2
1333 1131 2
101 241 2
547 541 2
438 559 7
438 163 7
762 568 7
126 40 8
535 831 2
1565 681 27
1478 494 2
575 32 8
1014 1437 8
1126 390 7
1566 273 57
920 952 14
1080 183 6
1254 341 3
1008 769 8
454 183 2
82 1037 2
205 1315 7
273 911 31
1565 116 2
272 61 15
199 1097 7
836 606 31
416 375 2
773 911 2
1203 1127 6
190 1075 2
12 259 20
350 960 30
139 311 31
647 841 2
759 231 2
806 396 30
530 730 8
1303 1582 2
395 701 2
1237 139 3
1219 891 8
12 551 20
1084 466 2
84 682 2
833 1362 2
1403 779 6
646 92 8
1254 1335 5
1295 1052 2
117 167 30
270 911 2
958 800 7
759 455 2
606 823 2
152 803 2
33 420 2
718 901 2
703 1184 2
447 99 0
577 1510 2
973 1324 39
241 999 2
806 434 1
1405 488 2
256 455 2
148 1550 8
987 519 35
1283 950 33
1176 1437 8
1045 1602 38
337 289 27
1129 491 1
591 933 2
746 1500 5
459 929 7
1252 1148 2
261 444 23
1008 741 1
381 172 8
830 223 2
184 1504 57
432 646 1
575 728 8
1126 1482 7
915 739 2
692 834 8
337 221 27
231 1033 2
1179 947 71
442 1169 2
377 820 8
445 915 2
1040 852 8
307 1135 2
311 845 12
438 1525 2
98 1131 7
1201 1295 1
1352 1448 2
552 873 33
1014 462 8
176 794 41
1136 42 8
551 1141 2
189 1131 2
281 1242 27
501 1325 5
323 929 7
823 1518 30
650 1283 2
550 200 33
584 638 40
1253 44 8
420 1493 2
4 722 14
471 61 15
880 1005 2
86 88 2
1135 40 8
192 674 2
1444 1286 2
877 1213 7
295 1253 2
297 633 1
183 314 2
267 1047 27
810 441 0
1321 957 8
269 1213 7
148 1184 6
303 1314 8
512 1389 7
620 335 2
434 101 8
1476 873 30
1179 408 7
1292 1230 7
66 140 2
301 204 7
1394 662 27
879 205 19
377 901 2
1087 1127 8
1295 369 2
325 68 24
1172 1310 7
1084 671 33
69 277 8
363 991 37
829 1235 33
936 438 6
159 722 2
45 362 2
369 1163 2
244 1395 7
862 54 8
364 838 8
1521 937 8
1035 108 1
1174 551 2
1193 42 8
1383 720 7
1124 823 31
252 693 27
138 1340 2
337 917 27
1249 836 1
218 937 7
1306 108 8
363 742 2
144 377 8
1193 983 50
32 1437 8
206 1565 2
501 855 3
993 1566 37
845 301 19
1042 159 2
1483 535 2
1047 479 2
460 584 12
673 759 2
143 83 8
420 1122 6
349 950 33
95 603 52
265 59 8
552 1009 2
1045 296 8
447 118 2
447 514 2
1359 732 7
464 148 2
434 95 6
231 350 2
1541 412 5
552 282 23
900 730 8
917 1156 8
396 451 30
519 1480 1
532 1457 2
383 719 15
624 1084 1
82 586 2
552 936 8
910 59 8
1474 399 2
442 855 3
325 762 2
763 1131 2
246 519 35
744 486 1
383 50 41
925 53 34
1215 531 7
720 670 1
1230 424 8
1098 775 12
325 35 23
750 1073 2
139 739 27
1396 412 5
183 1338 2
183 942 2
69 582 2
69 978 2
1215 823 7
861 925 2
636 1163 2
1211 829 2
535 604 2
37 613 6
535 1000 2
1129 432 15
1210 143 7
541 533 3
1417 1230 2
117 216 30
836 365 2
76 341 3
494 1243 7
1400 1550 7
1394 894 27
1162 1298 7
252 1493 27
872 183 8
1295 1393 2
399 672 2
817 1231 17
216 1047 30
650 63 8
59 250 59
1537 424 8
601 402 7
91 1156 5
933 523 2
133 1310 7
1414 59 7
363 1392 7
983 830 30
171 140 8
577 1455 2
76 1335 5
1015 939 15
87 958 5
1079 416 30
720 1550 8
772 1400 77
929 833 7
192 958 5
1505 108 8
1437 1458 20
533 724 31
1179 600 71
917 350 33
321 1377 52
65 990 5
1110 836 1
915 684 2
337 166 27
450 492 2
453 484 58
1511 999 19
569 59 8
780 650 2
1254 936 8
1093 1210 6
1567 732 7
1566 554 57
315 458 2
192 501 21
447 31 33
535 1404 2
1047 1500 30
894 568 7
458 908 7
672 836 2
208 1342 7
1246 27 12
541 500 2
1219 1199 7
234 462 8
878 841 2
744 718 1
1128 663 8
1219 1491 7
1003 366 33
1125 1047 14
631 1295 1
530 236 12
330 102 8
325 675 33
1570 1004 8
107 98 8
281 622 2
550 787 8
501 1431 57
516 628 2
160 476 2
759 804 2
88 561 7
1304 143 7
395 878 2
295 191 33
965 732 7
415 753 8
724 1562 1
850 70 2
1180 1097 7
872 420 2
810 1267 15
542 694 39
168 1230 2
1373 139 5
531 277 2
434 384 3
1409 990 37
256 804 2
1075 1367 2
1284 1087 2
854 37 8
601 738 7
1033 189 27
377 858 12
69 222 8
1025 683 0
1085 61 13
1459 324 30
667 1152 26
1193 704 50
1006 453 35
729 148 2
297 838 8
544 53 30
151 1127 8
1538 958 3
145 383 2
259 347 2
603 78 2
486 818 2
1400 403 7
560 1156 5
1162 588 8
915 1443 1
1047 200 2
485 335 2
259 639 2
1030 667 27
1402 1310 8
1 1213 6
559 412 5
720 179 8
337 1258 27
1350 494 1
1129 668 1
235 958 2
1335 159 5
501 71 2
1152 492 2
1284 200 33
1028 1131 2
939 1227 8
420 338 5
442 1450 2
915 1271 1
1047 424 2
334 447 2
910 1342 7
323 1570 7
907 70 2
350 228 8
1237 1097 7
552 558 2
479 44 8
674 534 2
107 502 8
287 1566 5
565 197 8
823 90 8
1568 1131 2
108 728 8
997 568 7
560 88 1
1564 1091 2
3 1511 9
216 37 7
116 1086 8
531 681 2
70 879 7
1454 307 2
1482 59 8
1349 208 2
207 411 2
836 1375 27
69 235 2
1252 269 8
829 1152 26
535 653 2
859 662 2
913 1459 30
370 322 20
1496 1586 5
750 622 2
57 438 6
195 1384 8
589 1246 5
647 335 2
810 1014 0
1090 686 7
974 486 2
777 80 8
61 789 2
420 390 8
335 982 5
841 1026 2
603 774 2
1437 35 23
391 551 2
35 399 2
1162 1243 7
252 1042 27
1388 1389 7
642 384 3
521 88 59
820 519 1
494 1125 8
54 1295 2
1323 37 8
854 957 8
395 127 2
983 377 8
939 1153 6
177 88 3
618 423 2
154 929 7
262 667 2
489 1453 2
148 23 7
838 1207 8
226 70 31
148 757 2
1284 1292 33
340 1554 7
468 933 2
483 92 8
1045 1584 28
167 149 8
750 1239 30
1045 804 38
140 623 2
565 898 2
39 765 19
569 1342 7
125 1459 2
1146 114 7
343 1097 7
387 730 8
1160 1127 8
126 235 2
270 730 30
337 46 6
126 626 8
551 411 2
908 1437 8
325 336 6
724 781 30
125 1461 24
193 340 57
447 1087 2
1093 863 6
606 642 30
256 272 8
29 139 3
1040 54 8
101 462 8
516 513 26
438 681 7
206 759 2
847 1170 0
159 1388 6
1550 1389 7
291 937 7
1008 891 8
724 1283 1
1536 803 52
417 239 27
82 1550 8
627 458 1
546 1156 8
416 601 2
437 1116 8
409 1211 2
330 47 8
183 1515 2
650 417 2
55 929 7
929 1214 0
773 1033 2
303 917 2
321 83 8
618 1223 2
153 444 57
650 808 8
733 1624 7
974 718 2
82 1482 8
557 1459 50
176 476 7
841 1258 2
396 1161 7
870 1389 8
156 335 7
1283 952 33
377 499 2
1437 279 33
1179 298 7
270 1033 2
267 577 27
30 603 2
90 278 9
1407 1310 7
1515 256 2
698 139 5
1183 720 7
69 167 8
126 1035 2
1085 6 13
1287 732 7
179 37 8
380 438 2
337 846 6
500 1047 2
385 88 3
568 466 6
486 367 2
1224 823 16
1485 514 2
1291 1556 44
401 39 8
1014 1531 1
1114 1170 0
905 325 2
1466 1665 1
1340 1298 7
89 1566 37
28 149 8
368 259 8
1245 1496 12
383 974 30
598 80 8
360 958 3
780 494 1
1254 1217 8
337 739 27
1224 1047 16
746 1554 5
1471 741 59
1554 1531 1
969 293 0
1409 241 35
582 172 8
1395 90 8
667 355 7
420 681 27
570 462 8
1008 1227 8
990 582 57
1017 335 2
108 277 8
982 958 1
59 296 5
447 1292 33
81 950 33
1316 4 1
1128 1236 8
325 360 2
799 646 8
102 59 8
322 568 7
458 1483 29
486 81 10
406 1389 7
1570 1577 8
1227 172 8
419 929 7
1411 1295 1
535 1423 85
759 981 2
541 1396 8
295 368 33
140 1199 5
981 1033 2
531 558 2
1360 776 5
852 1212 8
1085 702 13
872 1384 8
747 952 33
1551 1284 4
855 859 2
1078 1213 7
502 453 2
505 460 2
1087 88 3
1284 1264 2
678 830 30
1084 296 8
628 1310 8
270 350 2
399 166 2
451 1047 30
514 59 8
737 239 39
933 517 2
818 1389 7
294 139 3
686 260 1
551 1315 5
148 743 3
1084 228 8
1047 1169 2
1047 773 2
707 1212 8
841 502 8
366 678 2
505 387 8
506 765 19
1516 541 2
302 637 10
618 3 8
565 843 2
53 1047 30
618 341 3
702 648 7
1249 958 1
274 1065 5
337 95 6
1312 88 5
674 419 2
790 1086 8
122 140 2
724 726 30
259 270 3
233 1104 7
1333 568 7
350 743 3
823 663 8
1417 776 5
909 1212 8
1252 222 8
1250 44 8
1000 933 2
438 672 2
399 1186 16
550 62 2
1014 1212 8
941 70 35
438 626 7
618 1335 5
362 513 30
205 1486 7
1120 330 8
325 988 2
770 1097 7
1231 1236 8
718 631 15
70 1056 7
281 1077 27
1442 1170 2
420 1036 2
530 568 7
559 646 2
416 546 2
416 150 2
933 1102 37
875 1389 7
462 1523 5
191 779 8
281 116 2
1219 1062 8
541 322 2
370 564 41
111 88 5
160 366 2
1394 1120 27
399 502 2
30 256 2
493 603 6
148 623 6
958 1309 2
109 1310 5
1075 569 2
167 399 2
1295 1515 2
267 126 27
1458 750 30
281 1006 55
172 3 8
205 753 77
713 952 33
359 732 7
268 39 8
577 889 2
829 1420 8
325 1081 6
970 999 19
1176 1212 8
1259 709 2
1261 1395 7
923 198 2
1129 307 2
362 1207 8
702 880 7
29 838 8
1253 952 33
575 112 2
932 1097 7
1453 899 5
1252 1314 8
1025 937 7
707 70 2
704 278 7
440 37 1
1254 433 7
762 667 27
244 476 29
291 412 5
325 1305 6
1008 1199 7
1179 722 71
383 919 30
102 1342 7
160 915 30
160 519 30
230 325 2
250 88 3
447 1264 2
85 1254 2
1254 766 8
578 937 8
718 622 34
265 915 30
265 519 30
858 1285 5
393 958 5
1116 1283 2
1458 1471 7
189 568 7
441 1437 8
108 222 8
672 958 2
653 950 33
1471 222 59
281 1309 27
893 779 8
532 208 2
420 493 6
619 70 31
552 83 8
406 646 7
417 416 27
4 893 14
1570 834 8
168 1128 2
416 778 2
519 262 7
83 409 2
686 877 5
360 453 35
69 125 2
36 823 31
618 1062 7
699 925 10
1321 1128 8
492 1330 2
852 1162 2
738 406 2
646 495 8
1078 1496 53
434 272 8
1438 838 8
775 610 75
775 214 75
544 347 30
1402 438 6
140 854 27
952 796 7
1540 1384 8
1295 540 2
1453 533 3
717 686 7
1061 732 7
750 881 3
69 52 8
1515 829 2
720 770 2
1204 139 3
140 289 2
841 160 2
145 172 1
604 1340 2
763 1291 30
1284 98 33
369 1230 2
271 575 2
1052 350 2
517 88 3
21 1405 2
1259 1395 7
1144 273 6
915 109 21
498 1437 8
340 1444 7
31 794 44
1047 322 2
577 206 2
594 236 2
239 1120 2
1174 618 2
40 140 8
101 1340 2
1160 37 8
1146 1315 7
363 517 2
377 622 34
32 1212 8
195 1128 20
373 44 8
1163 471 8
226 667 27
234 1384 8
457 1127 8
1124 1496 2
1442 162 1
1392 830 30
1429 139 5
565 382 7
56 983 16
1355 950 33
1454 601 2
903 256 2
702 129 7
541 1004 27
1252 167 8
208 535 2
418 1250 1
1123 1156 7
1228 765 1
1297 1284 1
689 112 8
102 241 2
933 1325 5
1093 685 6
724 43 6
1458 370 2
1227 750 2
1215 702 7
1186 88 5
1207 532 7
875 646 7
368 1454 30
845 17 57
921 905 30
462 1176 5
1453 891 8
433 958 3
1328 656 2
538 958 3
684 1170 0
606 674 1
1421 1395 7
741 838 7
636 1230 2
303 114 8
417 37 7
415 296 8
61 619 2
1217 37 8
1526 1395 7
841 856 2
841 1148 2
865 172 8
35 958 3
119 649 41
1075 514 2
834 1362 2
172 52 8
70 976 30
1448 505 30
619 1127 8
699 1328 2
718 329 2
155 1126 33
159 210 2
864 116 8
775 376 5
1237 573 15
661 412 5
33 140 2
845 772 19
706 136 6
577 834 2
775 1064 5
531 1456 30
1291 758 44
1284 62 2
911 638 27
246 1389 7
759 1314 5
1129 211 1
702 825 7
1160 957 8
135 1212 8
584 808 8
1122 1212 7
454 703 2
381 720 15
1162 355 8
483 834 8
718 1376 15
643 802 57
595 958 3
1213 95 6
381 1608 46
442 889 2
1478 550 2
823 1236 8
222 730 8
438 511 7
1456 492 2
290 63 5
805 462 8
447 98 33
281 1358 27
910 462 8
308 1135 2
69 739 27
1228 82 1
1411 565 1
88 800 7
88 404 7
108 167 8
85 1131 2
650 1003 2
417 69 27
1400 855 5
190 1131 2
889 689 2
1114 1047 33
295 681 2
1127 90 8
1424 1342 7
739 803 2
140 109 5
290 1161 7
409 1333 2
293 836 3
1128 766 8
398 399 2
267 1163 27
420 848 8
859 497 2
1301 1310 7
50 574 2
391 1405 2
636 646 8
1078 1045 53
1278 933 1
634 730 8
139 869 2
30 829 2
66 256 2
151 929 7
1402 779 6
1322 957 8
252 189 27
494 873 33
737 453 2
1390 1407 1
365 911 2
399 1367 2
178 37 8
727 537 12
263 162 2
89 139 5
466 438 6
651 774 40
349 683 0
1343 568 5
205 1326 77
730 1355 2
642 1194 30
126 1553 2
830 639 2
1400 178 7
494 209 2
1277 996 22
157 259 8
239 1169 2
239 773 2
829 390 8
1135 1507 1
703 221 2
117 261 1
726 1310 8
750 782 30
932 1419 8
505 277 8
598 1062 8
486 554 23
470 1135 2
575 1081 2
380 492 2
1193 307 50
1082 362 30
440 1047 2
689 1337 2
563 929 7
915 1483 2
485 37 8
1463 568 7
350 3 8
1254 1298 7
148 1335 5
350 341 3
1479 350 2
121 1307 13
598 704 30
101 1212 8
1454 546 2
3 1349 8
205 0 7
212 574 2
334 550 2
796 730 8
1025 172 8
961 718 1
70 263 1
646 1199 7
70 654 7
82 743 3
281 279 27
515 1160 1
686 1554 5
350 1335 5
1227 1086 8
183 662 2
1223 259 2
338 519 30
1076 911 2
514 650 2
1361 1170 0
173 350 2
76 20 2
721 689 27
777 147 8
1514 1531 1
1285 90 1
841 796 8
494 1296 8
768 183 8
1077 1033 2
829 987 2
35 70 2
147 252 2
703 917 2
178 957 8
271 1252 2
911 272 31
1271 1328 2
226 241 31
148 928 2
1284 671 33
64 307 30
841 728 8
883 911 31
283 1307 13
265 183 8
1144 846 6
703 849 2
24 1328 2
1391 1395 7
1288 88 3
350 704 2
921 1221 2
1034 108 1
56 173 30
1252 917 2
727 749 59
301 718 5
565 627 7
856 377 8
990 1504 57
56 861 30
472 1125 8
270 505 30
558 1191 12
551 582 2
454 252 2
325 111 6
335 80 7
992 1566 37
442 938 2
993 1395 7
1127 685 7
552 1357 2
632 61 15
383 809 30
265 117 30
631 412 5
737 61 15
438 898 2
1304 76 5
519 1140 1
1272 958 3
438 852 7
676 650 2
424 568 7
1547 1418 7
526 327 1
438 1581 8
563 516 2
541 616 2
1008 1062 8
370 1481 20
1482 462 8
76 424 2
1116 417 2
526 1056 2
952 899 5
531 1376 2
156 183 1
322 649 33
1230 1069 2
399 796 2
1304 1570 7
439 159 2
530 1127 8
1084 443 12
364 779 5
1014 59 8
958 1166 1
256 1152 26
95 108 8
642 855 3
140 450 5
932 438 6
829 681 27
267 420 27
862 1161 7
409 882 2
200 108 8
1547 80 8
872 140 2
483 527 1
1188 37 7
551 1124 14
619 667 27
1394 1242 27
61 1583 8
913 1589 5
1461 1082 30
1352 704 35
113 1472 5
731 568 7
1337 462 8
382 256 7
377 670 2
1310 1197 2
829 1236 6
148 1578 7
115 957 1
727 1262 2
855 37 8
601 750 7
618 1217 8
836 1333 2
347 911 31
1397 377 7
642 1139 30
167 453 2
641 383 20
252 66 27
1045 1345 2
720 341 3
729 259 8
477 574 2
325 1203 6
668 172 5
1007 453 35
337 978 27
337 582 27
170 1453 30
1129 388 1
599 149 8
135 1389 8
575 1026 2
915 699 1
125 551 2
1122 1389 7
472 384 3
672 1252 2
337 514 27
1176 59 8
1451 453 2
634 377 6
829 163 8
1454 199 2
808 139 3
686 63 8
139 675 30
869 779 6
720 1335 5
357 1047 30
56 873 16
396 983 16
53 418 30
138 642 30
633 83 6
315 1156 7
821 845 5
447 671 33
673 59 8
80 650 7
186 88 1
1437 1523 7
958 1152 26
981 159 11
406 476 7
974 1585 2
1082 584 41
1451 281 2
39 1213 6
1131 35 23
1308 252 6
872 836 2
1337 1163 2
408 1342 7
912 37 8
83 239 2
1126 987 44
508 1418 7
650 861 33
390 568 7
183 269 7
1338 1384 8
427 1207 8
183 607 2
202 694 39
434 102 8
973 638 2
958 1417 27
1411 1362 1
652 37 7
271 577 2
1547 1396 8
964 732 7
494 558 2
159 1479 2
761 149 8
1069 633 1
980 59 8
208 750 30
252 762 27
718 883 33
1295 662 2
1177 366 2
411 88 3
1527 1156 8
45 759 2
501 591 2
834 1310 7
158 730 8
1461 761 15
813 453 1
1258 1395 7
380 841 2
1252 739 27
1193 1448 50
712 862 2
140 411 2
642 1371 30
1054 37 8
796 377 6
154 1086 8
486 1562 2
1299 1084 2
1520 59 8
259 1482 8
1084 341 3
555 911 31
841 277 8
1225 683 0
259 987 2
32 1047 2
381 108 44
242 476 79
917 1230 2
1328 866 36
241 609 2
1055 568 7
674 274 12
441 1531 1
327 1608 2
343 1213 7
1029 516 2
126 54 8
907 126 2
1045 297 8
483 36 8
674 590 2
102 535 2
1572 1181 7
1252 2 2
1558 1259 32
836 287 30
804 1437 8
823 834 8
213 1395 7
646 681 21
1252 789 8
774 958 2
438 843 2
762 415 1
318 1395 7
322 667 27
501 293 0
941 241 35
552 191 33
1345 584 2
1328 554 2
633 1399 6
325 763 2
70 877 2
649 1168 2
770 476 7
724 1003 1
325 1550 8
24 683 0
823 652 71
323 143 7
69 233 27
775 1428 75
535 1001 2
21 519 25
534 444 23
1284 1315 5
759 177 2
1216 37 8
823 768 30
978 140 7
1570 273 8
88 272 2
526 1037 2
395 647 2
934 1295 1
1126 1388 14
747 363 2
541 92 8
1476 191 30
1099 259 8
411 383 2
1207 1419 8
938 1496 53
829 493 6
1387 88 5
1183 508 7
703 1198 2
712 1116 7
124 937 5
259 681 27
399 569 2
865 1086 8
618 479 2
148 1523 7
508 1396 8
929 1298 7
395 475 2
492 805 2
108 341 5
1437 986 70
977 377 2
618 433 7
370 1121 2
638 646 8
1042 1252 2
447 441 0
377 151 2
935 183 2
1399 937 8
471 252 6
1054 957 8
919 911 31
148 1059 7
697 777 2
838 244 8
1041 958 2
337 235 27
1173 531 33
988 1496 41
836 983 30
81 683 0
1122 646 7
126 979 2
1333 667 27
1352 728 7
1266 355 8
673 1342 7
591 444 23
677 829 2
1454 1455 2
335 991 2
804 462 8
907 1437 8
34 551 40
1459 464 2
1031 438 8
667 75 7
80 303 7
1135 54 8
217 37 8
441 1212 8
108 393 8
1059 646 5
59 57 6
1232 159 48
70 1517 12
913 335 2
619 241 31
889 519 2
901 958 3
727 445 0
325 75 8
285 1405 2
138 519 30
1084 1016 12
1075 1436 2
528 730 8
410 335 2
419 1086 8
535 21 8
692 960 35
229 649 71
730 1357 2
338 117 30
1214 1437 8
297 516 2
1401 779 6
434 47 8
483 704 1
485 952 16
391 1131 2
1520 1342 7
486 1283 2
284 458 2
483 1491 7
170 139 3
594 183 2
1174 565 2
721 183 27
604 823 2
209 241 35
591 1191 12
1238 347 16
573 364 1
551 743 5
536 1126 30
536 730 30
1506 1328 2
271 350 2
506 140 8
646 441 0
471 1213 7
498 1212 8
1375 1342 7
148 813 8
914 1033 2
1129 961 1
449 841 2
494 53 34
805 1384 8
143 75 3
418 919 30
220 88 2
80 1395 7
910 1384 8
233 532 7
189 667 27
558 458 33
42 1179 30
1481 399 33
1463 1127 8
122 256 2
1008 1324 39
1252 384 3
1172 958 5
347 1126 2
220 416 2
438 54 7
418 1025 1
98 394 7
565 596 30
1136 908 8
641 1047 2
284 321 52
217 957 8
1454 704 2
70 484 7
1251 44 8
531 974 2
823 597 71
1084 425 2
197 59 8
921 284 30
1201 531 2
510 88 5
1001 444 23
300 148 2
269 1437 2
522 568 7
1106 444 23
25 412 5
300 836 2
526 586 2
833 565 2
535 460 85
162 1110 2
1076 1033 2
836 661 7
522 937 8
115 159 1
1058 259 2
1075 289 2
395 128 2
572 1244 36
384 1116 7
958 1420 8
489 1454 2
539 915 30
172 119 8
1461 216 30
573 992 1
303 1325 5
808 1097 7
4 1399 6
31 1340 2
707 1565 2
925 1541 2
377 533 3
1047 1121 2
241 890 2
1322 823 14
702 308 7
162 998 29
1173 476 33
988 1045 41
1258 239 2
350 1217 8
931 83 8
653 683 0
1053 59 8
1401 730 8
192 515 21
126 627 8
443 973 74
337 112 27
551 704 2
1001 1191 12
1116 315 2
991 438 57
438 1078 7
450 1126 2
763 667 27
292 412 5
555 1126 2
108 384 3
362 861 30
286 519 1
901 278 2
281 1133 27
435 139 3
85 568 7
1449 1565 2
908 59 8
1340 1187 7
501 1554 0
833 61 15
416 206 2
335 904 9
420 988 2
643 1342 7
416 894 2
416 498 2
978 759 2
727 52 5
1196 1131 2
1330 929 7
823 1341 30
20 1566 5
806 915 30
625 568 7
297 565 2
800 573 15
43 1116 7
727 1160 2
877 1437 8
35 1342 7
859 272 2
759 1042 2
872 366 2
618 1120 2
736 1213 7
1131 719 15
913 1419 5
377 500 2
1476 368 30
1265 1122 6
1110 59 8
1400 21 7
731 1086 7
516 798 2
719 1156 8
928 777 2
384 37 7
159 217 2
957 908 8
271 399 2
183 424 8
1381 1213 7
1397 603 7
838 129 8
252 292 27
380 335 2
712 59 8
1193 942 50
1193 546 50
1538 462 8
4 320 6
454 1570 2
838 817 8
418 536 30
483 1305 8
718 309 33
577 322 2
442 1418 7
193 933 57
1233 626 1
1384 891 7
575 856 2
1047 78 2
1056 37 8
667 424 7
829 68 24
458 1550 7
575 1148 2
880 706 41
28 838 8
13 1395 7
259 908 8
1120 937 7
1357 952 33
514 718 10
125 383 24
730 1455 30
761 183 1
787 568 7
947 453 35
42 64 50
1471 638 59
528 1084 2
1340 1523 7
550 1388 7
1506 683 0
988 492 2
650 1406 2
1232 1128 48
993 812 2
541 1366 2
383 272 20
483 1070 5
438 206 54
528 236 12
1429 957 7
115 720 15
69 869 2
659 90 8
1476 704 30
1219 39 8
750 959 8
859 504 2
318 1115 80
1476 1392 30
494 388 2
43 37 7
159 1309 2
395 638 27
650 22 8
162 1055 2
1496 1587 38
148 433 7
1077 516 2
1179 1615 7
703 796 2
158 565 2
401 741 2
477 1496 2
1407 278 2
69 796 8
139 854 27
720 1217 8
35 241 2
281 379 55
23 531 2
1539 1384 8
933 991 37
307 1310 5
98 642 30
651 1177 40
157 667 2
618 369 2
796 603 6
1282 447 1
1053 1342 7
1383 551 7
140 591 7
750 893 30
1394 116 2
646 1014 0
784 313 77
205 853 5
1028 667 27
723 1156 8
476 945 2
557 412 5
337 1436 27
588 335 2
241 497 7
929 770 2
22 925 2
265 646 8
588 330 8
350 433 7
125 1405 2
366 611 2
165 1610 56
581 841 2
1151 718 2
366 903 2
223 803 2
334 637 12
1036 325 2
485 1128 8
899 532 7
1454 1345 2
878 462 7
438 673 2
836 805 30
437 1135 2
1008 154 2
377 1472 5
995 568 7
911 80 8
438 627 7
667 298 59
1247 1437 8
205 1487 7
515 1271 1
551 581 2
864 1578 7
281 1078 27
76 199 2
420 641 2
684 823 14
494 1480 2
1075 930 53
189 1459 33
1213 80 7
846 1213 6
357 418 30
1215 1342 7
1080 958 2
409 1449 2
409 1053 2
618 773 2
1128 90 8
395 769 2
183 150 2
1212 65 8
1401 377 6
140 1333 2
1302 568 7
1156 298 5
84 750 2
676 750 30
1084 1321 8
712 1342 7
1179 244 7
626 1131 2
603 638 27
277 1156 8
820 1093 1
717 59 7
828 750 2
1124 720 15
910 70 35
1321 37 8
61 47 8
1170 222 2
565 101 26
1041 1252 2
1160 702 12
738 102 8
1124 1608 46
829 675 33
830 463 2
205 368 14
46 937 8
1193 199 50
126 877 2
162 304 2
689 891 7
933 1392 7
1115 1072 5
268 728 8
4 265 6
972 1610 56
907 1340 2
475 829 2
1233 279 1
703 40 8
144 1128 8
1337 1284 21
341 1097 7
820 88 3
349 458 33
1158 1127 8
361 1310 8
449 335 2
340 353 7
446 1389 7
457 401 2
563 1086 8
104 256 2
1305 412 5
604 642 30
790 1570 7
419 1566 37
1242 958 2
1166 82 39
350 119 8
1407 958 5
1479 70 2
1461 1556 2
1349 167 2
241 1392 30
88 798 2
119 706 55
172 1169 2
874 1342 7
759 1391 2
563 1310 8
650 1351 2
990 627 12
981 1047 2
909 462 8
447 277 8
425 278 2
577 116 20
862 533 48
1065 90 1
878 44 8
409 78 2
183 778 2
69 855 3
172 1393 2
636 603 2
159 875 6
1554 363 2
729 1131 2
162 1000 2
1402 1127 6
1400 594 7
720 433 7
158 568 7
721 409 27
596 937 7
834 1131 2
1186 59 7
1287 1352 2
477 1045 2
727 62 2
1244 1200 15
1044 1591 38
720 766 8
23 476 2
599 637 12
573 590 1
1045 763 38
205 1278 77
618 314 2
360 929 7
363 936 7
1181 108 8
148 648 2
340 1445 7
1160 1291 33
913 1033 2
1004 1127 6
584 804 38
1104 1541 1
692 1161 7
161 183 8
1341 139 5
931 1243 7
702 594 7
502 724 30
1148 958 3
278 284 14
106 350 2
737 1126 30
1047 1556 44
1131 1337 2
862 293 0
804 1212 8
674 657 2
1145 44 8
515 912 21
119 1419 8
417 1405 27
230 531 33
673 462 8
535 844 2
59 1203 6
550 1292 33
689 743 3
183 1474 2
641 1565 2
762 1310 8
531 1200 2
557 730 50
1207 929 7
1120 172 8
1108 462 8
534 550 2
366 485 30
421 416 2
611 1135 2
287 1126 2
797 47 8
806 117 30
395 26 2
1212 114 8
859 1077 2
267 140 27
1050 99 0
1403 937 7
1079 159 2
870 1384 8
96 108 8
444 761 15
514 1389 8
1394 1358 27
494 1253 2
241 747 1
148 1298 7
642 65 8
454 574 41
369 256 2
183 22 8
42 59 7
738 47 8
259 1139 33
784 198 77
1520 462 8
1461 338 30
1406 836 3
836 1053 2
159 503 2
1233 1139 1
1162 424 8
803 877 2
543 1459 30
1052 59 8
1448 730 30
1193 844 30
51 1047 30
598 39 8
462 833 8
64 983 30
823 1305 8
673 1163 2
701 420 2
21 259 2
1000 1191 12
915 460 2
186 412 5
949 724 35
145 88 3
483 1267 15
236 481 74
1565 533 2
420 903 6
992 1395 7
588 1127 8
98 1248 7
416 792 2
424 957 8
183 1327 6
205 102 8
823 1239 30
108 110 3
1232 330 48
143 658 0
189 1144 2
85 1127 8
1451 59 7
530 1084 2
416 1120 2
1533 1284 1
880 330 2
634 321 6
127 412 5
1156 1335 5
66 325 2
399 381 16
981 550 7
1075 1211 2
519 150 2
641 126 2
841 739 27
327 950 14
399 1436 2
241 1443 1
859 498 2
277 650 2
183 723 2
1082 794 2
347 598 30
176 937 2
1177 1047 27
162 653 2
236 280 5
1468 1566 5
434 114 8
252 586 27
117 1204 30
252 190 27
1572 1578 5
1058 1405 2
252 878 27
154 519 2
1129 908 1
290 116 8
155 775 12
727 1226 12
470 1163 1
1284 824 23
928 1295 2
159 834 8
252 122 27
590 1002 2
870 278 9
126 1450 2
1154 1395 7
337 638 27
1295 314 2
1176 183 8
543 810 15
911 1458 2
148 588 8
451 911 31
1468 957 7
1379 1135 2
1251 952 33
902 1624 48
238 1033 2
1391 350 2
521 776 5
1163 21 8
220 259 2
1217 1097 7
440 1340 2
1237 1310 8
104 829 2
1138 838 48
156 568 15
325 947 2
350 296 8
207 255 2
869 1127 6
912 458 2
338 149 7
787 1127 8
284 823 31
1349 344 2
438 563 2
207 547 2
230 476 33
796 1419 8
1131 1201 15
1008 39 8
651 769 38
867 1260 2
1081 88 5
458 3 29
406 1116 7
328 958 3
1570 97 8
530 401 2
158 859 2
641 399 33
281 504 27
641 1437 8
165 577 2
450 598 30
1317 59 8
1061 1352 2
655 172 8
813 1265 1
950 796 7
270 577 2
1538 1384 8
1265 269 6
399 393 2
162 554 23
1400 1563 7
829 988 2
1127 52 5
642 114 8
1052 1342 7
917 183 6
494 191 33
1390 329 1
694 517 1
1396 1127 7
101 823 16
1403 377 6
64 704 30
1163 722 2
707 1340 2
205 248 77
1037 256 2
126 475 2
1537 833 8
1540 183 8
938 1252 2
36 1389 7
840 241 14
476 671 2
596 172 8
483 848 8
568 594 6
256 116 8
779 627 6
341 1033 2
1291 600 44
576 1097 7
470 453 2
1481 706 2
819 1156 8
681 1097 7
899 362 7
750 1517 1
810 796 8
692 104 8
681 1389 7
1004 321 6
330 1161 7
543 1213 7
1093 1327 6
1456 438 2
270 1126 30
1461 758 2
1230 1138 2
447 824 23
98 1135 2
1341 1310 7
995 1127 8
1570 793 8
810 728 8
476 1392 30
1020 377 8
541 221 2
317 1395 7
241 1282 30
205 47 8
915 728 8
1403 412 5
869 859 2
303 1449 2
889 239 2
420 763 2
877 925 2
546 845 12
1196 568 7
777 1578 3
420 1550 8
411 1195 2
829 1305 6
368 362 31
1415 1075 57
159 1417 27
1301 568 7
497 812 1
270 1565 2
877 1212 8
759 916 8
932 1127 6
736 1384 7
862 80 59
450 830 30
641 462 8
148 850 6
1547 769 8
1476 539 30
420 1482 8
1302 1127 8
945 1437 8
21 239 1
759 102 33
236 225 5
503 1033 2
150 492 2
1119 750 30
737 399 2
1155 1342 7
370 1177 2
750 376 3
930 829 38
727 1217 7
565 223 26
618 1515 2
810 372 1
205 876 77
1503 568 7
162 134 2
544 887 21
730 1296 8
4 95 6
259 360 2
841 384 3
478 1156 8
914 1045 53
836 18 8
1522 37 8
337 979 27
1292 108 44
479 1395 7
1158 957 8
1053 462 8
117 499 1
458 1371 2
570 702 8
91 505 1
737 724 30
267 574 55
140 3 8
420 1184 6
735 278 9
1116 1114 2
692 1420 8
681 952 33
335 233 27
907 1389 8
1568 415 1
1308 321 6
1116 1406 2
1220 252 6
902 929 7
190 667 27
727 523 5
595 416 40
764 1091 2
418 349 1
88 1374 7
183 297 6
541 1199 7
550 98 33
541 1141 2
1454 424 2
395 189 27
1317 1342 7
515 1106 1
1154 646 5
1077 651 53
981 1565 2
279 759 27
1230 90 8
790 1566 5
750 739 2
519 723 2
900 958 3
1570 42 8
636 829 2
519 677 7
980 1212 8
1131 50 55
1151 1170 0
183 900 2
227 573 15
1401 1127 6
590 139 5
1076 1045 53
157 568 7
1084 77 2
1110 462 8
1230 985 55
689 1335 5
721 239 27
252 763 27
692 1122 6
720 560 1
1033 101 26
270 126 2
287 552 2
1045 883 16
267 730 7
139 233 27
158 1127 8
451 823 30
1545 958 3
499 444 23
1310 114 8
1053 1163 2
1045 593 38
747 59 8
1054 335 2
55 183 8
1537 90 8
1054 330 8
259 988 2
718 512 2
228 633 1
913 1213 7
340 1567 7
337 1211 27
750 960 30
468 550 2
359 568 7
1350 447 1
646 743 5
541 471 20
1035 1131 2
362 355 8
941 646 8
624 1340 30
887 683 0
736 1610 56
517 952 14
464 568 7
350 546 2
350 942 2
1135 1161 7
791 1453 2
1274 278 74
560 505 1
434 97 6
256 68 24
1253 1097 7
325 57 6
442 488 2
913 1437 7
1349 1021 2
325 1124 2
447 1100 2
1023 37 8
1247 1212 8
307 350 2
207 1516 2
241 1220 14
241 539 30
85 730 2
650 602 2
541 166 2
1225 929 48
116 399 55
1093 808 6
804 59 8
416 322 2
1533 486 1
420 766 7
295 572 2
499 1191 12
84 989 2
140 0 5
1131 678 55
1204 958 3
1476 192 30
841 979 2
303 1321 8
297 577 2
252 1391 27
626 568 7
259 1305 6
500 836 2
471 321 6
358 929 57
504 516 2
958 1039 7
910 241 35
377 512 2
479 1162 2
399 1258 2
18 568 7
256 762 2
627 1127 8
730 558 2
69 226 3
142 303 2
1312 140 8
1257 1437 7
297 108 8
1037 829 2
162 79 2
377 147 8
1176 1384 8
377 881 3
350 882 2
915 713 1
568 875 6
512 241 35
442 1184 2
907 1115 2
912 1097 7
1233 54 1
852 531 30
1155 1156 8
1040 471 8
819 1437 8
126 980 2
852 584 41
1026 88 2
750 1315 5
1148 59 8
1451 399 2
334 113 2
551 1052 2
1253 59 8
1116 1455 2
3 453 2
89 1002 2
1479 241 2
545 1230 2
167 724 30
570 183 8
1454 437 2
207 145 2
217 335 2
1340 1243 7
657 236 12
1069 541 30
1138 139 3
435 149 8
1395 1315 5
322 335 2
217 330 8
1008 1578 3
779 533 3
84 929 2
322 330 8
950 899 5
434 116 8
1207 76 7
1156 1561 5
233 462 8
416 1242 2
462 324 5
1453 39 8
155 683 0
692 961 35
1135 1491 5
973 292 2
318 939 80
395 1568 2
754 732 7
936 412 5
350 883 16
82 228 8
747 1342 7
747 1284 2
295 381 33
852 1230 2
830 1330 2
729 568 7
159 1029 2
1317 1156 8
1177 1565 27
797 338 5
150 1461 2
159 1420 8
451 476 30
483 1388 7
377 1140 2
433 412 5
126 638 27
244 1342 7
1035 415 1
1356 761 15
510 59 7
160 692 44
291 172 8
727 129 2
825 937 8
1506 933 2
259 641 2
478 1437 8
117 1140 1
148 423 2
921 86 7
1047 890 2
707 1230 2
143 98 8
923 1389 8
674 1000 2
505 796 8
598 1581 8
694 380 2
1364 1405 2
720 1161 8
1478 162 2
1304 139 5
238 1213 7
535 1578 5
1030 584 53
1120 1389 7
228 551 2
541 1070 5
563 183 2
375 396 30
116 1156 8
454 143 2
1382 462 7
350 423 2
107 796 8
51 418 30
1098 732 7
438 347 7
891 568 7
859 1024 2
1008 265 8
205 1207 7
143 1070 5
1333 1310 8
1461 648 2
862 770 2
736 321 6
650 151 2
996 568 7
321 1420 8
476 1282 30
864 1298 7
281 798 27
765 1227 8
76 315 2
515 1283 1
75 1097 7
406 1342 7
458 229 29
420 757 2
992 812 2
430 551 2
165 434 1
1254 83 8
432 462 8
66 1075 2
829 903 6
1453 959 8
659 42 8
399 979 2
409 773 2
980 1389 8
618 889 2
14 650 1
154 1395 7
526 879 2
1126 1341 30
655 1086 8
1193 685 8
1394 1133 27
1548 139 3
285 650 8
1075 244 7
929 848 7
108 287 5
577 1366 2
1413 59 8
599 113 2
929 1536 7
718 397 2
928 442 2
1518 59 8
1047 1122 2
337 908 6
143 726 8
127 531 2
891 603 6
377 92 8
236 129 7
271 59 8
1377 838 7
1253 1342 7
702 997 7
1479 1565 2
311 911 31
852 476 30
396 1094 30
716 88 3
220 1405 2
673 1230 2
1563 1395 7
551 1393 2
459 1086 8
61 1118 1
211 1395 7
1201 412 5
823 1403 14
1306 412 5
592 1340 30
647 1033 2
27 303 20
1303 958 5
1183 88 5
718 99 0
80 541 7
88 868 7
1156 818 5
189 1310 8
634 929 7
294 1310 8
1156 1110 5
958 1388 7
27 573 15
1525 1461 2
1322 1156 7
977 727 2
1196 1127 8
399 1211 2
516 471 2
1212 855 3
618 1121 2
147 1129 7
961 486 1
541 1062 8
518 1395 7
183 498 2
1458 1459 30
1230 187 55
1547 891 8
620 519 2
1394 158 27
893 830 30
787 1246 5
1163 101 26
674 1554 0
143 1381 7
1397 568 7
848 1135 2
1124 1179 31
1119 476 30
780 750 30
46 1389 8
737 958 3
54 568 7
934 531 2
69 65 8
381 1156 8
1521 37 8
162 355 8
33 836 2
618 75 3
1173 113 2
836 244 8
255 492 2
434 1325 5
170 649 71
454 1129 7
367 278 2
1225 236 5
923 943 2
4 613 6
238 1496 53
921 369 2
938 399 2
1156 433 7
1485 1100 2
903 1310 7
971 1610 56
1031 689 2
792 957 7
792 1295 2
109 1342 7
1252 854 27
551 1333 2
455 494 7
796 929 7
1140 637 12
128 420 2
905 911 2
335 1169 2
423 689 2
552 901 2
730 1456 30
901 929 7
532 1021 2
419 1395 7
1458 159 2
180 340 5
774 453 2
1252 226 3
1459 1330 2
645 650 1
650 1407 2
1005 764 64
476 539 30
894 667 27
519 971 7
297 779 6
183 856 7
641 1384 8
864 1243 7
1090 1389 7
1198 335 2
690 1291 14
133 172 5
960 1284 1
1394 854 27
1187 1400 2
862 881 48
777 387 8
1215 715 7
391 667 27
190 516 2
802 1245 5
1547 1227 8
736 577 2
1219 728 8
759 63 8
641 1212 8
1518 1342 7
494 681 2
1084 298 8
168 139 3
1277 1468 22
759 355 8
1213 114 8
259 903 6
820 70 1
1177 139 27
1416 535 2
1394 1078 27
950 863 7
1075 235 2
686 226 1
723 730 2
399 460 2
829 1550 8
1261 738 1
256 360 2
1458 416 30
880 37 8
1181 1212 8
508 891 8
253 568 7
573 938 1
618 324 7
1163 497 2
321 338 5
148 600 2
127 476 2
575 739 27
357 162 2
1233 1255 1
418 1457 30
119 377 6
253 937 8
912 1033 2
359 1127 8
268 393 8
823 296 7
438 930 53
1349 919 2
1163 424 8
1082 573 15
205 247 77
317 1342 7
1225 535 48
1136 1550 8
502 483 15
939 387 8
1145 59 7
689 1217 8
210 350 2
301 283 77
649 596 16
551 1338 2
966 293 0
207 909 1
1047 1392 30
383 930 41
780 438 2
1104 1239 2
911 769 8
762 929 7
409 1122 2
108 226 3
535 1583 8
1110 1384 8
205 114 8
1380 370 20
328 1419 8
581 1459 30
385 1395 7
168 794 2
1302 929 7
1444 727 2
409 1450 2
295 1090 2
1128 487 8
880 4 7
427 355 8
401 1392 7
727 1106 2
893 377 8
618 728 7
1476 22 30
987 724 35
470 321 6
205 384 3
913 969 5
1126 1518 30
406 140 7
4 1220 15
803 272 31
139 882 2
718 31 33
1405 625 2
35 1162 2
479 1342 7
127 1126 7
154 239 2
823 1388 7
1459 216 30
934 476 2
297 730 8
922 370 2
1240 1209 5
713 1437 8
125 395 2
986 577 40
1284 160 33
939 791 8
519 883 30
646 1208 21
1129 560 1
238 1045 53
598 387 8
649 1292 16
1459 322 1
438 223 26
1479 535 2
417 776 5
186 1156 5
1354 295 2
250 44 8
116 259 2
541 1438 7
1025 458 33
1136 471 8
792 438 7
139 1139 30
325 867 33
1296 683 0
1128 1188 2
1128 792 2
286 1093 1
1087 1395 7
290 1578 7
484 205 19
651 593 38
988 438 2
1314 637 12
140 1214 5
1547 1199 7
789 88 3
516 1148 2
368 724 30
623 568 7
871 259 8
823 1314 5
875 1437 8
37 54 6
939 384 5
730 1480 2
183 675 2
1476 942 30
1211 958 2
277 1389 8
162 1001 2
486 1406 2
9 1328 1
139 1510 2
252 101 26
729 1127 8
1295 834 2
594 702 2
1244 1201 15
294 108 8
841 855 3
1525 259 2
451 598 30
596 1230 7
337 1450 27
1129 97 15
1163 150 2
834 1419 8
1060 732 7
1230 813 15
486 983 33
480 535 2
363 879 2
550 594 10
1053 1230 2
387 1086 8
1391 1162 2
145 1195 2
363 833 7
1035 568 7
577 500 2
148 936 8
700 1624 7
702 199 7
760 1566 5
1310 1325 5
702 491 7
1284 119 8
1291 85 45
126 127 2
546 911 31
1250 952 33
679 1437 8
563 409 2
325 228 6
240 779 2
575 114 8
913 1212 7
555 689 2
1001 732 7
915 125 2
88 681 27
233 1384 8
878 350 2
383 187 41
325 189 27
797 908 8
1321 1389 7
347 37 8
575 384 3
300 1131 2
810 52 8
429 551 2
447 160 33
482 1314 5
1008 387 8
281 1024 27
281 628 27
85 401 2
1128 104 8
541 728 8
996 1127 8
872 325 2
1126 1239 30
997 88 3
411 519 2
1303 862 7
1128 36 8
108 581 5
172 18 8
550 916 8
1197 568 7
432 958 3
267 829 27
738 116 8
1177 420 27
646 502 8
1047 1416 2
1179 190 7
836 1122 2
362 831 2
1295 1358 2
402 32 8
428 1291 16
250 1395 7
476 1483 2
492 873 2
239 1004 27
355 1395 7
1395 1388 7
1117 88 5
159 504 2
1257 1212 7
464 667 27
1045 769 8
142 370 2
519 536 30
1382 1384 7
430 812 1
1045 1457 8
350 1345 2
683 124 1
718 200 33
1215 990 5
814 59 7
819 1212 8
598 728 8
255 377 8
479 1156 8
176 584 41
1453 1517 1
3 646 7
852 651 41
1340 1482 7
575 1039 2
340 591 7
551 1223 2
1197 958 5
1459 240 2
290 357 5
736 779 6
647 1213 7
570 646 8
472 387 8
1450 172 2
862 1578 7
759 1337 2
1455 492 2
769 1131 2
108 65 8
555 37 8
515 534 1
650 901 2
565 36 30
177 1389 7
573 1220 15
1022 834 8
1454 581 3
1402 412 5
960 486 1
159 493 6
1437 867 33
447 119 8
256 1337 2
626 667 27
1204 1419 8
281 983 2
360 1566 37
261 686 67
402 728 8
1078 651 53
82 341 3
252 1210 6
1045 1470 2
810 1184 1
486 1351 2
736 462 8
53 568 7
829 757 2
1400 936 7
838 716 8
212 519 35
1453 376 3
475 1075 2
154 416 2
72 37 8
985 841 19
54 1127 8
377 200 33
478 1212 8
1383 442 7
1031 937 7
363 824 2
772 637 5
380 458 2
159 1424 2
498 1384 8
82 1335 5
1030 239 2
1094 830 30
143 269 8
586 859 2
569 829 2
519 1456 30
247 1389 8
362 471 8
362 75 8
720 936 8
321 1227 52
702 144 7
350 662 2
582 1156 8
710 139 3
1128 1491 7
1148 462 8
1045 18 8
143 97 8
184 835 57
205 1446 7
228 618 2
799 838 8
350 297 8
878 399 2
447 528 2
787 1128 8
812 873 14
1487 958 3
844 335 30
551 540 2
1252 114 8
1454 840 2
897 957 7
207 548 2
576 1126 14
1047 1282 30
651 1166 38
550 246 2
997 929 7
1143 1578 5
246 241 35
1100 401 2
526 430 2
736 434 1
555 957 8
539 366 2
1548 1310 7
65 682 7
70 890 2
915 393 8
1114 366 33
311 492 2
1254 1070 5
411 172 2
535 722 2
1230 1401 55
544 1282 30
462 1415 5
1570 390 8
1221 37 7
318 1634 80
692 53 35
290 813 8
52 957 8
42 1384 7
834 667 27
813 1266 1
526 654 2
1552 462 8
577 849 2
872 139 3
27 1144 2
977 139 3
1284 77 2
241 688 7
577 1141 2
147 937 8
706 83 6
1238 1439 16
140 1052 2
1156 891 7
1233 1481 1
148 1217 8
1288 44 8
119 603 6
199 845 1
552 1381 7
259 421 2
929 1243 7
1158 330 8
588 750 2
1224 952 16
646 1098 21
325 101 26
1193 22 50
1304 1230 5
652 1213 6
738 1325 5
70 1253 1
1451 1384 7
1316 61 15
721 970 9
463 1310 7
692 793 8
578 37 8
454 937 8
804 183 8
1283 718 10
1454 1468 2
202 1252 2
592 823 30
559 937 8
1332 1352 1
402 997 22
1201 957 7
233 646 8
108 114 8
659 1305 8
518 1342 7
541 514 2
303 1450 2
1274 1285 5
869 377 6
1232 172 48
787 377 8
254 1068 5
650 858 12
173 1340 2
634 646 2
330 116 8
1075 819 7
620 362 2
1075 1553 2
281 240 2
929 1283 0
929 887 0
674 1397 0
958 1455 7
318 659 80
605 1310 7
1198 667 27
303 1377 8
1438 730 8
252 863 6
1470 1340 30
424 1419 8
759 813 8
42 1097 7
730 974 2
1547 1062 8
162 599 2
718 1264 2
1285 1408 1
1179 763 7
925 813 15
1219 167 8
536 915 30
1405 455 2
357 1084 2
255 335 2
1413 462 8
1079 1126 30
888 939 15
329 412 5
263 401 2
1518 462 8
159 1077 2
582 44 7
259 23 7
479 399 33
1039 148 2
259 757 2
945 59 8
838 197 8
596 108 44
252 360 27
544 1180 21
915 1061 1
271 462 8
45 765 19
457 1384 2
880 1238 41
148 379 70
1485 1271 2
1456 1135 2
819 1389 8
3 531 7
80 1116 7
1136 743 3
184 92 57
468 1126 33
460 531 2
1483 494 2
1019 1437 8
1305 139 5
343 1212 8
383 116 20
747 718 10
1310 855 5
420 1081 6
112 841 2
325 497 2
1570 1381 7
447 77 2
911 1227 8
416 1366 2
618 513 26
537 973 74
207 889 2
108 742 8
98 453 2
1567 401 2
74 1033 2
806 281 55
1421 568 1
281 226 27
409 269 2
1128 1305 8
325 429 2
1137 139 3
857 667 27
835 958 5
1211 1252 2
70 497 7
190 395 2
686 1397 5
878 172 2
1232 957 8
823 1006 71
829 623 6
623 1127 8
1075 78 2
862 813 8
69 932 8
338 362 30
303 298 8
729 957 8
271 1163 2
1405 1479 2
4 792 6
483 138 1
283 1322 13
603 1184 2
391 565 2
214 1246 5
160 1144 44
1193 743 3
399 235 2
543 1126 30
543 730 30
1405 168 2
652 724 35
164 958 3
992 519 35
601 69 7
1034 415 1
366 455 2
719 937 8
464 929 7
126 421 2
59 21 8
269 462 8
535 596 30
28 1310 8
925 1262 2
266 444 23
692 1388 7
64 546 30
519 1341 30
1163 663 8
148 766 8
1047 796 7
1 252 6
577 622 2
917 1128 2
241 903 2
565 912 2
459 937 7
648 183 6
524 350 30
1408 278 9
1144 1418 7
470 399 2
810 54 8
438 867 7
438 471 7
218 259 2
779 865 6
335 365 2
519 1447 1
1266 21 8
184 1408 57
206 841 2
80 37 7
1344 565 57
328 929 7
468 444 23
576 958 3
211 1156 8
774 1252 2
952 926 15
836 873 30
1444 674 2
647 1045 53
1568 667 27
885 159 2
1075 1375 27
281 854 27
194 667 2
1340 908 7
869 409 2
1022 36 8
1562 1352 2
1181 184 5
416 219 2
594 412 5
1190 1047 16
528 401 2
399 1035 2
170 1097 7
848 252 6
752 1395 7
759 471 2
1087 812 2
702 419 5
1084 1457 8
395 545 2
1024 1131 20
977 447 2
957 936 48
1565 696 19
321 97 8
501 1243 7
759 763 2
395 936 8
735 568 6
922 720 15
852 603 2
727 1173 2
252 808 6
1179 20 7
159 986 53
159 798 2
45 438 2
42 646 7
205 1325 5
945 1342 7
620 239 2
1239 412 5
915 345 0
1405 796 2
256 763 2
150 730 2
718 98 33
98 61 15
256 1550 8
118 937 7
1515 958 2
544 1118 5
829 1139 33
575 1041 2
713 1212 8
449 575 2
1506 598 2
162 75 8
468 1191 12
259 743 3
575 1333 2
745 70 35
1485 528 2
804 829 2
834 836 3
1352 1418 7
3 476 7
453 893 2
575 869 2
1045 905 40
667 833 7
551 1449 2
551 1053 2
921 21 2
796 1086 8
957 358 5
540 911 2
569 646 8
251 519 35
947 70 35
350 1500 30
550 1447 2
295 1561 2
108 291 8
272 1284 21
189 929 7
183 622 2
82 297 8
294 929 7
988 505 2
406 715 7
1317 1230 2
584 774 40
1124 1156 8
168 1496 69
1215 143 7
872 1075 2
1050 1268 5
913 730 30
1103 1086 8
875 1212 8
957 1388 7
1304 730 7
976 727 2
756 37 8
1231 158 8
159 1030 2
864 936 8
483 998 1
1126 999 14
48 416 2
1400 766 7
1179 1336 7
999 175 77
1084 18 8
259 623 6
1405 1424 2
843 1163 2
33 1252 2
551 284 14
53 1127 8
377 1491 7
1496 1600 38
1174 859 2
1394 798 27
1295 167 7
750 974 30
381 415 44
278 430 2
650 1225 0
937 129 7
64 199 30
1424 765 19
259 1330 2
718 62 2
541 743 5
434 111 6
143 787 8
1382 531 7
508 147 8
1359 702 12
337 1449 27
552 537 12
565 857 2
56 357 30
724 1204 30
702 662 7
455 492 2
143 369 3
447 1114 2
519 1100 1
1026 1405 2
1030 689 2
642 272 31
689 249 8
672 516 2
1391 1156 8
804 1384 8
435 1097 7
551 32 7
213 1342 7
61 491 1
552 1541 2
996 929 7
241 485 30
1045 154 40
613 703 20
519 981 12
541 112 2
205 1500 7
139 960 31
939 855 5
1126 1403 14
1314 113 2
575 1325 5
619 1395 7
483 1315 5
906 259 8
21 70 25
462 1245 5
1444 447 2
399 980 2
241 591 1
958 1053 7
69 1510 2
1570 908 8
925 445 0
573 1062 1
321 42 8
1476 138 30
756 957 8
1183 59 7
277 486 2
324 1047 30
1461 974 30
646 277 8
148 1120 2
1265 1184 6
494 1420 8
1383 1260 7
115 453 1
1537 1420 8
706 273 6
281 1124 55
486 102 2
1042 1163 2
1047 1483 2
377 62 2
127 950 7
382 44 7
577 1367 2
252 26 27
454 350 41
568 493 6
1298 937 7
268 855 3
134 183 2
722 730 2
1035 667 27
601 642 7
1391 1565 2
889 1131 20
205 767 77
183 90 8
727 666 12
162 25 2
1284 264 23
928 1131 2
1163 1236 8
915 222 0
915 263 1
357 568 7
396 1455 30
930 256 38
350 1120 2
337 78 27
238 577 2
911 502 2
259 980 3
1250 462 8
1252 1333 2
324 1126 2
1250 363 2
720 83 8
453 942 2
20 159 7
453 546 2
284 720 15
438 1044 7
939 839 8
667 90 7
1359 1291 33
3 462 8
389 720 15
28 108 8
575 855 3
125 438 8
320 603 6
284 1608 46
551 998 2
907 1384 8
211 1437 8
281 1495 27
383 986 41
1451 241 2
107 114 8
1439 531 2
247 1156 8
112 335 2
971 1002 1
550 1100 2
548 526 2
1126 947 44
519 349 1
880 862 2
112 330 8
290 1298 7
1231 1482 8
436 1126 14
140 934 5
1136 1335 5
1291 761 15
403 1310 7
552 97 8
650 357 33
731 1156 7
1198 584 53
600 779 6
49 363 2
297 651 53
880 1086 2
670 453 35
267 836 27
1404 401 2
730 1200 2
42 531 7
724 194 7
1179 593 7
381 730 2
381 1126 2
836 1525 2
139 938 2
847 810 7
176 1005 2
1284 284 33
1496 857 38
1193 3 8
650 622 34
1193 341 3
915 1355 1
1259 1127 2
973 206 39
668 1156 5
259 947 2
625 1127 8
1307 259 8
720 487 8
834 1144 2
718 671 33
834 651 69
1339 957 5
573 311 1
373 1437 8
915 1287 1
1193 840 50
485 575 2
722 1459 30
505 54 8
145 519 2
392 730 8
737 915 30
750 851 30
823 65 7
829 355 8
1193 1335 5
508 92 8
1090 519 35
350 437 2
674 446 2
1258 1156 8
1024 88 2
253 259 19
673 256 2
416 513 26
1126 296 7
618 1070 5
396 704 30
1567 1291 33
205 1221 7
82 547 2
108 932 8
555 409 2
1110 434 2
447 699 2
990 1044 12
637 879 74
1104 216 2
1126 228 7
519 972 7
447 264 23
516 854 27
535 1253 2
1254 75 3
724 499 1
555 1128 8
1207 650 7
106 396 30
1554 838 7
1533 377 1
958 269 6
934 412 5
1413 1384 8
510 1097 7
35 603 2
1291 1606 2
497 689 2
727 771 2
1337 574 55
542 1610 56
1050 153 1
1177 140 27
391 395 2
241 468 1
1287 950 33
1184 172 2
24 458 33
1448 915 30
1448 519 30
1055 1156 7
1163 498 2
929 1482 7
373 462 8
1495 1230 2
383 553 2
544 658 0
205 712 77
1008 543 1
406 990 5
89 1246 37
350 773 2
383 1376 15
565 1138 2
1138 1310 48
1454 1415 2
1078 462 8
1135 1330 2
803 890 2
238 126 2
1252 882 2
438 1035 2
226 416 2
550 821 2
1503 377 8
137 139 3
447 284 33
97 252 6
670 1384 7
619 1157 62
742 810 15
494 338 5
1537 338 5
259 1335 5
420 228 6
442 903 2
1230 914 2
1131 867 33
366 861 29
1126 600 44
804 646 8
362 1204 30
238 350 2
1230 1305 8
286 70 1
328 1384 8
501 1105 0
823 960 30
185 183 27
429 1295 2
541 1081 2
424 929 7
290 1243 7
862 1298 7
501 1397 0
346 37 8
759 661 2
1128 848 8
590 958 5
81 458 33
869 531 2
646 626 8
950 1606 2
34 667 40
552 42 8
829 1081 6
159 1152 26
1213 1062 7
47 1395 7
399 1553 2
915 1194 30
859 219 2
613 1097 7
657 730 8
1476 315 30
483 992 1
653 718 10
671 724 30
42 476 7
269 1384 8
842 494 1
162 374 2
1537 1305 8
463 649 71
334 925 10
1045 31 16
972 577 2
259 600 2
981 973 9
494 390 8
363 392 36
1454 899 5
1187 937 8
931 685 7
737 462 8
278 28 2
45 492 2
901 1566 37
157 278 2
164 59 8
486 1003 2
1284 837 23
88 120 5
592 1193 2
882 776 5
841 114 8
459 1395 7
383 1282 30
1137 1419 8
907 1634 2
1399 88 3
1317 88 5
820 44 8
565 455 2
290 877 5
684 1135 2
607 750 30
1338 568 7
218 1405 2
167 915 30
139 1500 30
737 396 30
1019 1212 8
420 856 6
878 1384 7
633 908 6
540 1033 2
577 1304 5
792 1127 7
325 663 8
774 399 2
438 284 2
576 59 8
880 1097 7
108 855 3
1079 1496 53
69 488 2
592 750 50
1223 841 2
476 485 30
550 65 8
681 59 8
728 159 5
70 277 1
70 318 2
241 375 30
745 568 1
147 950 16
541 2 2
557 396 50
1317 350 27
1525 724 2
35 256 2
737 1163 2
152 362 2
287 1084 2
1313 59 7
395 83 8
222 683 0
566 1166 1
1383 1254 7
1394 1024 27
1394 628 27
503 126 2
552 445 0
577 569 2
823 18 7
829 1059 7
1161 1395 7
507 139 3
382 330 7
266 550 2
416 471 20
26 516 2
581 1252 2
730 97 8
501 230 17
945 462 8
1112 810 15
945 363 2
1163 834 8
22 476 2
1028 409 2
454 438 2
325 297 6
126 488 2
907 659 2
1154 37 7
1162 90 8
921 897 7
1354 1284 2
1259 321 2
241 678 2
790 957 7
290 1505 5
836 424 30
1163 766 8
673 829 2
1413 990 5
438 980 2
41 551 14
205 1106 7
270 915 30
952 928 45
1340 459 7
698 1127 8
1117 59 7
447 229 33
810 855 3
1523 1310 5
434 940 2
82 1516 2
814 139 3
311 278 7
269 1284 21
915 855 3
677 958 2
531 1562 2
416 166 2
324 552 2
377 1315 5
921 872 30
903 838 8
1045 380 40
447 837 23
1340 287 7
1291 743 5
650 670 2
438 1199 8
599 925 10
1212 80 8
862 1243 7
420 880 2
84 765 2
772 204 7
653 458 33
869 476 2
1445 637 12
761 1310 8
1084 853 12
148 1327 6
228 1291 30
1170 196 1
58 667 2
915 1139 30
1545 1384 8
828 1453 2
183 92 8
641 183 8
492 942 2
1398 812 1
159 177 2
750 119 8
730 793 8
864 83 8
1193 808 8
148 863 6
285 377 8
408 1389 8
1376 394 1
522 88 3
150 505 2
1284 821 2
1284 425 2
582 1471 7
1126 899 5
860 1127 8
479 1230 2
601 472 7
1053 256 2
574 153 1
36 794 44
591 236 12
106 1340 2
925 62 2
1458 1231 41
1045 1062 8
383 114 39
692 917 8
340 660 7
357 1127 8
745 241 35
1485 699 2
1291 949 44
230 633 2
1233 122 1
347 1135 2
1453 743 5
1408 973 9
206 911 1
1230 1555 2
40 44 8
217 575 2
1358 335 2
910 434 2
659 1388 7
125 565 2
681 1342 7
990 439 57
1468 159 7
552 787 8
958 809 5
947 241 35
633 493 6
633 97 6
399 347 16
727 594 10
880 646 7
1128 1030 2
718 1014 0
200 823 2
541 1258 2
99 836 3
1108 1384 8
555 330 8
981 552 7
1212 1396 8
253 776 5
1461 1500 30
775 481 74
913 505 30
313 731 2
69 365 2
402 1125 8
1295 114 7
1514 1266 1
915 1371 30
66 911 2
395 1298 7
502 706 2
110 259 19
85 88 3
1082 692 2
82 296 8
45 841 2
1129 111 15
599 1328 2
33 1131 2
544 191 30
1394 677 27
303 18 8
494 572 2
1550 1156 8
159 1493 2
4 908 6
500 325 2
1126 781 30
721 252 27
543 1230 20
625 88 3
259 1523 7
577 514 2
1040 1298 7
359 1291 33
694 620 2
439 1126 30
274 113 75
825 568 7
849 531 30
686 49 1
519 1457 30
259 1059 7
775 280 5
849 823 30
1382 702 7
1569 813 15
787 1156 7
272 396 55
823 228 8
565 1028 2
973 267 55
746 436 5
192 683 0
703 1199 8
702 437 7
1284 65 8
207 576 1
287 598 30
519 1271 1
679 1342 7
1483 550 2
438 191 7
205 1447 7
399 1439 16
1128 1388 7
344 44 8
915 71 2
429 565 2
434 506 6
377 1014 0
208 1135 2
1179 279 71
219 259 2
1001 236 12
447 821 2
542 577 2
13 937 8
1170 1187 0
552 309 33
1106 236 12
438 857 2
1216 1389 7
416 1004 27
894 689 2
1146 1325 5
1124 574 44
701 1566 5
295 653 2
555 859 2
184 1205 7
420 429 2
109 59 8
391 689 2
731 303 7
124 727 5
849 1230 2
841 1456 2
285 395 2
958 1224 7
530 1086 8
395 661 2
295 201 12
1327 957 8
601 531 2
14 718 1
162 1575 2
307 396 30
1547 39 8
928 682 2
206 765 19
159 122 2
864 424 8
541 893 14
505 877 2
772 1191 77
999 1266 77
263 1126 33
270 1163 2
139 773 2
818 568 1
637 421 9
265 838 8
929 875 6
1460 1131 20
1510 516 2
1180 937 59
140 1449 2
140 1053 2
56 1224 30
1265 891 6
929 1307 13
928 568 7
684 405 2
772 727 77
427 1578 5
1087 519 35
1128 1314 5
575 365 2
1180 1437 8
380 172 2
925 1226 12
1520 1389 8
442 905 2
119 937 7
1162 663 8
239 677 2
1201 256 5
575 693 2
1217 1384 48
696 438 8
235 1033 2
438 1553 2
1008 638 2
541 979 2
551 1169 2
551 773 2
722 830 30
792 37 7
420 850 6
300 667 27
154 1131 20
812 191 14
1213 627 6
809 56 30
416 1031 2
1405 1152 26
72 1097 7
1553 958 2
338 139 3
1047 926 15
973 436 1
1561 686 7
1455 438 2
762 183 2
1022 92 8
550 160 33
189 1086 8
1223 335 2
867 183 2
1476 609 30
531 68 2
537 278 74
183 296 7
77 444 2
70 208 2
823 379 71
447 65 8
972 434 1
1075 1450 2
395 1243 7
642 1396 8
976 447 2
854 1008 39
856 1395 7
350 1292 16
335 369 5
1357 718 10
486 901 2
1394 226 27
148 212 2
259 1176 7
1078 1384 8
494 908 8
1174 183 2
1233 471 1
508 39 8
729 1310 8
1053 829 2
814 1097 7
1145 1342 7
1040 1243 7
140 78 2
25 937 8
1039 108 1
1055 303 7
441 1266 1
341 183 32
1180 462 8
205 1462 77
849 476 30
457 989 2
915 1354 1
1468 508 7
552 745 2
22 366 2
775 225 5
790 159 7
362 21 8
505 855 3
453 1345 2
914 1047 2
1104 1329 1
337 1169 27
605 139 3
674 617 2
913 1045 53
1024 259 2
742 61 15
738 293 0
990 1408 57
1245 651 12
569 702 8
1474 531 2
681 650 2
325 498 2
447 474 2
216 458 2
416 1367 2
769 667 27
1454 390 2
61 211 1
1474 823 2
1487 462 8
1093 938 6
598 840 30
759 1515 2
1225 303 48
343 1437 8
516 233 27
1437 949 2
1437 553 2
1019 59 8
1328 909 2
718 761 15
1209 633 7
1436 259 2
494 537 12
1505 412 5
823 761 15
829 228 6
1193 433 7
996 1310 8
69 938 2
401 936 7
1419 521 2
1080 399 2
647 350 2
295 530 2
650 533 3
395 210 2
1550 1437 8
847 1213 7
774 1230 20
939 1236 6
1207 1086 8
829 189 27
1176 394 1
841 1041 2
420 743 3
59 90 8
1075 595 53
1537 848 8
706 97 6
270 420 2
860 37 8
841 1333 2
575 1375 27
926 724 1
362 722 2
921 795 7
1045 1283 38
988 1231 41
56 877 30
1527 140 8
137 1310 7
1152 1162 1
126 26 2
718 118 2
499 149 8
157 1127 8
1005 293 0
933 879 2
468 552 2
1193 36 50
205 91 77
999 1143 77
933 833 7
899 377 7
723 1126 2
159 390 8
256 63 8
1166 702 8
1252 365 2
139 249 8
256 355 8
836 942 30
931 97 8
1493 259 2
698 957 8
1566 582 57
1082 303 20
579 686 7
449 172 2
779 1199 7
223 476 2
82 909 1
458 936 7
899 205 7
657 950 33
1535 420 20
898 568 7
162 1514 0
416 1080 2
1456 281 2
324 674 2
27 420 20
995 929 7
917 37 8
541 460 2
1340 1201 7
429 1461 8
647 1437 8
541 1148 2
416 616 2
1439 183 2
552 213 8
313 32 8
325 379 70
960 377 1
1184 1097 7
1201 1127 7
116 70 25
863 438 7
1204 1310 8
766 149 8
183 219 2
361 412 5
1306 1127 7
737 706 2
601 1162 7
292 551 2
599 1126 33
756 694 39
377 514 2
347 823 31
30 618 2
870 139 3
603 502 2
860 957 8
524 1047 30
115 1093 1
702 1414 7
42 958 3
117 514 1
81 720 15
380 453 2
810 611 1
373 1116 7
642 983 30
922 1230 2
575 938 2
125 859 2
692 269 6
140 18 8
337 1153 6
357 957 8
586 458 2
829 179 8
1162 1236 8
723 88 3
912 126 2
565 230 2
1461 1401 2
1252 78 2
557 568 7
925 512 2
1505 1384 8
286 937 1
820 939 15
104 325 2
1128 928 2
1354 363 2
452 937 8
841 1325 5
76 1360 2
1474 476 2
515 684 0
447 419 2
812 368 14
1239 366 2
375 750 30
552 1305 8
1453 406 2
295 1562 2
523 732 7
1047 485 30
535 681 2
334 730 8
69 555 2
191 531 2
241 104 35
281 464 27
281 68 27
1219 855 3
981 674 7
494 1262 2
650 309 33
1405 1493 2
600 1127 6
865 37 7
159 681 27
1196 667 27
1372 501 5
859 914 2
939 493 6
1547 1578 3
724 542 7
303 244 8
780 1459 30
1461 347 30
98 724 30
393 689 2
494 793 8
1496 1601 38
1282 925 1
1050 269 1
494 1090 2
750 1371 30
1047 856 2
370 45 2
158 929 7
261 401 2
259 189 27
1193 1292 50
1246 1280 57
112 1213 7
514 453 34
241 521 2
164 462 8
1037 148 2
933 824 2
1391 1230 2
148 1108 8
421 911 31
701 325 2
1338 667 27
1254 1491 7
712 1389 8
1136 1298 7
867 412 5
544 47 21
268 114 8
1033 796 2
817 1389 8
702 267 7
912 650 2
98 803 2
552 1226 12
1252 998 2
931 42 8
453 607 2
1225 256 48
1352 282 2
1163 833 8
1000 236 12
1191 749 5
434 336 6
779 1581 8
1228 1591 1
205 1173 7
313 1315 7
648 1128 2
1230 1030 2
550 77 2
997 1156 7
1570 685 8
321 1381 7
933 311 35
438 979 2
139 524 30
139 961 31
409 843 2
635 552 1
1061 1170 0
143 99 0
200 366 2
140 307 5
424 1086 8
765 1125 8
1340 1583 8
655 1156 8
544 92 8
168 911 2
1125 952 14
958 1054 7
1394 1495 27
396 368 16
47 1156 8
986 1045 2
516 533 2
399 877 2
290 936 8
865 957 7
1014 140 8
727 443 12
1284 326 7
1547 265 8
609 823 2
836 898 2
784 1127 77
59 663 8
168 838 8
486 499 2
139 661 7
988 1459 30
1179 258 7
1265 1081 6
721 505 2
500 1075 2
1130 1093 1
1284 992 2
1516 1252 2
508 1578 3
1163 1242 2
588 1395 7
205 372 77
475 911 2
604 727 2
718 1087 2
111 1097 7
162 21 8
928 1127 8
494 42 8
363 264 2
925 129 2
148 75 3
519 604 30
325 1388 6
1033 1424 2
646 345 0
909 325 2
574 985 2
667 716 59
1479 256 2
1230 1388 7
458 1217 7
217 350 2
593 377 8
1467 401 1
420 284 6
186 1127 8
1225 1572 48
633 336 6
527 88 1
1116 610 2
772 779 7
1468 330 7
692 916 8
775 129 7
230 1127 8
401 392 36
307 925 2
451 458 2
950 926 15
1026 259 2
350 75 3
836 223 26
679 462 8
494 109 0
78 172 2
516 1333 2
1009 958 3
544 32 8
642 1299 2
322 574 2
1075 638 27
750 991 2
395 1479 2
300 516 2
1537 1388 7
524 1295 2
434 355 8
159 269 6
552 390 8
70 726 2
1445 113 2
546 37 8
720 124 1
273 1097 7
1198 689 2
1084 329 2
1081 1033 2
75 1437 8
241 1186 16
616 841 2
519 907 2
492 1345 2
183 792 2
842 550 1
363 1245 37
40 692 2
55 148 2
883 810 15
618 104 2
420 341 3
377 1087 2
1237 412 5
580 1566 1
544 258 30
1196 88 3
1174 409 2
36 1340 2
943 789 2
518 59 8
1460 720 15
259 1298 7
577 289 2
27 584 2
506 1230 20
1235 1291 16
1238 191 16
1230 546 25
980 642 30
779 136 6
403 139 3
392 1127 8
1177 838 8
670 929 7
1459 309 16
64 437 30
340 1063 7
1163 158 8
658 683 0
577 221 2
434 57 6
779 824 6
420 1335 5
1171 958 3
746 607 5
290 1225 5
1544 412 5
914 1565 2
373 59 8
1035 1310 8
1503 88 3
1126 297 7
1163 90 8
1467 732 7
3 1342 7
455 730 2
98 702 7
82 548 2
297 412 5
657 775 12
689 533 3
1537 1314 5
836 1578 5
494 445 0
661 1131 2
689 487 8
1336 535 7
778 841 2
311 295 1
1337 1310 7
265 573 15
195 568 7
112 44 8
186 505 1
501 1057 57
823 1021 30
20 1246 5
17 720 15
281 1037 27
281 641 27
603 1479 2
1394 1148 27
1210 730 8
1227 1156 8
179 1389 8
1092 335 2
623 859 2
49 1284 2
295 360 2
1184 1033 2
427 21 8
754 37 8
524 252 2
177 59 8
347 810 15
820 724 1
415 253 3
391 584 53
303 817 8
1277 881 7
836 843 2
594 1005 7
498 149 8
1328 622 35
228 779 6
730 450 2
90 958 5
338 1086 7
241 756 7
565 1161 7
401 116 8
355 1454 2
1039 1295 2
671 362 31
702 1304 7
205 317 77
468 732 7
1180 1212 8
487 957 8
1389 891 7
642 873 30
707 139 3
592 957 8
207 1609 47
483 917 8
1162 42 8
720 75 3
126 1227 8
259 588 8
453 342 58
1207 937 5
952 784 14
253 1127 8
1487 1384 8
1024 1405 2
139 873 30
1478 925 2
453 784 2
1158 1086 8
458 766 7
335 488 2
550 1114 2
544 1315 7
1225 829 48
689 1120 2
988 1437 7
211 1342 7
323 732 7
1317 1394 27
898 1127 8
1380 1128 20
1237 1384 8
1333 183 2
536 366 2
1084 1315 7
565 47 8
1326 59 7
421 1126 2
516 882 2
69 1418 7
759 662 2
88 815 7
205 116 8
1570 1550 8
541 978 2
1183 1097 7
1071 1649 2
232 281 55
852 794 2
867 646 2
1142 377 5
1476 676 30
1183 1389 7
350 1118 5
476 1567 1
281 704 2
494 360 2
1213 1396 8
377 1100 2
399 1450 2
859 116 2
318 727 80
727 1016 12
69 80 8
1301 929 7
183 737 2
601 1284 7
1284 853 12
750 904 9
934 401 1
277 1352 2
544 307 30
145 241 2
838 833 8
838 437 8
360 1002 2
720 1 1
1295 500 2
1295 104 2
259 893 2
841 480 2
627 44 8
1455 830 30
278 29 2
350 999 16
259 1243 7
373 1342 7
565 1417 27
1566 1504 57
1383 501 2
125 689 2
380 575 2
626 88 3
501 716 8
205 1633 77
205 1237 77
33 1075 2
155 458 33
88 809 5
1383 59 7
363 837 2
340 1404 7
519 781 30
1485 1443 2
577 166 2
193 1569 57
1047 772 14
1233 470 1
18 88 3
1254 1381 7
104 911 2
486 622 34
1052 1389 8
1479 829 2
95 568 6
238 1047 2
278 347 14
282 720 15
1252 200 2
1459 1345 2
278 301 19
343 1384 8
1214 1266 1
613 370 20
633 1305 6
458 83 7
747 1170 0
1481 584 33
121 1322 13
228 730 8
442 221 2
447 244 8
973 1469 47
185 416 27
1315 603 52
1261 937 8
36 750 30
1215 730 7
229 1238 71
98 183 7
447 932 8
1447 444 23
98 958 3
894 409 2
1340 97 8
937 1325 5
1570 179 8
636 1362 2
724 49 1
70 611 2
789 44 8
1391 88 5
157 1002 1
1084 214 2
1084 610 2
1045 1124 16
420 545 2
603 1424 2
603 1028 2
1304 957 7
391 409 2
1295 1196 2
420 936 8
393 937 7
399 475 2
292 1405 2
591 568 15
1326 37 8
1550 1212 8
847 1384 7
727 717 2
69 1396 8
618 677 2
492 607 2
157 929 7
285 88 3
476 1253 2
485 1212 8
362 893 2
1295 1024 2
285 438 8
577 1258 2
1376 59 1
1337 573 15
28 1086 8
727 832 59
311 830 30
140 1169 2
140 773 2
730 390 8
346 1097 7
240 453 2
108 1241 7
772 447 77
470 535 2
816 1389 8
1475 651 12
300 950 30
568 316 6
806 551 2
1130 519 1
346 1389 7
442 287 7
598 102 8
442 625 2
689 1133 2
1284 855 3
447 945 2
903 1496 53
341 1047 2
779 1416 2
27 765 39
622 911 31
551 889 2
741 1608 2
202 577 2
1127 1388 7
333 908 8
911 716 8
546 973 7
416 855 2
290 23 5
312 1135 2
279 952 16
1140 113 2
107 297 8
1031 172 8
1215 1254 7
1019 462 8
68 573 63
541 235 2
74 126 2
550 264 23
633 158 6
627 1395 7
635 674 1
1340 976 7
717 990 37
395 1077 2
647 1212 8
398 823 2
1183 646 7
406 551 7
503 823 2
168 1033 2
403 1097 7
674 1514 0
402 102 8
279 541 27
46 183 6
932 412 5
116 241 25
368 335 30
273 1033 2
163 568 7
601 937 7
467 377 5
1489 1682 1
164 1384 8
1244 880 15
616 335 2
166 256 2
1547 387 8
1326 957 8
256 189 27
361 1295 2
369 911 2
667 856 20
810 850 1
271 256 2
59 1577 8
938 651 53
259 546 2
162 612 2
706 792 6
503 1047 2
872 838 8
365 929 7
252 545 27
139 1121 2
613 958 3
594 313 2
1295 3 7
1188 1179 30
161 259 8
1163 1364 2
475 1033 2
928 1254 2
919 1213 7
551 477 5
501 265 8
113 487 1
563 957 7
563 1295 2
646 129 5
923 1127 2
1225 420 5
836 1345 30
829 980 3
594 532 8
124 1127 8
135 139 3
898 667 27
894 1395 7
125 957 8
925 579 2
572 434 2
779 728 8
88 1456 7
1565 1120 2
208 462 7
551 206 2
763 937 7
1087 1342 7
189 396 33
438 230 2
863 139 5
997 303 7
1126 119 7
29 412 5
1313 1384 7
88 1388 7
1321 1437 8
519 805 2
326 1127 8
377 1236 52
527 929 7
1292 836 5
498 1131 2
765 272 8
49 486 2
37 1 6
494 1329 2
1081 1213 7
290 83 8
1475 565 57
707 1075 2
145 377 1
719 330 8
841 365 2
603 905 2
1400 834 7
535 781 30
1270 990 1
958 471 2
729 929 7
377 2 2
1295 677 2
1265 228 6
241 359 1
213 88 5
841 1053 2
829 947 2
281 564 55
508 387 8
929 685 7
1176 838 8
1350 925 1
659 1315 5
657 683 0
392 957 8
1333 412 5
1549 1610 56
561 1453 2
1438 412 5
143 167 8
148 487 8
253 37 8
1336 59 5
1162 36 8
913 1565 2
483 119 8
256 179 8
662 667 27
565 1029 2
909 1075 2
45 1459 30
92 958 5
1046 113 75
649 160 16
428 1126 16
127 259 8
565 1420 8
823 917 8
256 471 8
1252 773 2
997 1395 7
1179 68 30
458 743 3
779 1315 7
1463 1156 7
442 502 2
837 61 15
526 751 1
692 63 8
268 1325 5
551 834 2
981 1162 11
447 817 8
1291 928 45
797 63 8
617 88 5
911 265 8
535 1480 2
302 552 7
797 355 8
952 258 31
1561 59 7
823 851 30
535 1376 2
1008 626 8
106 519 30
878 958 3
756 1156 7
395 626 2
1247 453 34
524 838 2
1352 440 35
291 568 7
420 1217 8
1239 1384 8
494 1561 2
981 162 7
1468 1246 5
554 939 15
402 47 8
727 602 2
617 686 7
85 794 41
864 75 3
650 881 3
929 1381 7
1547 40 8
750 65 8
45 159 2
584 31 16
1002 596 14
205 1046 5
738 355 8
1127 743 5
133 88 1
139 774 2
1265 856 6
1054 1395 7
1302 1086 8
250 1342 7
1185 1389 7
843 256 2
276 958 3
379 1496 2
1496 693 38
1129 124 1
1448 642 30
637 1489 5
416 1337 20
565 619 27
1188 64 50
1163 1309 2
259 423 2
150 383 2
575 1054 2
1235 1126 16
434 1203 6
189 412 5
244 730 29
4 54 6
128 325 2
21 859 2
442 1198 2
294 412 5
244 1389 8
210 1230 2
950 928 45
1340 1371 2
1252 1396 8
187 1291 16
917 458 2
1554 1266 1
208 453 2
829 1335 5
1127 3 8
674 214 2
62 1566 37
633 43 6
148 513 26
22 64 30
841 272 31
501 1578 5
601 412 5
550 837 23
650 1140 2
565 671 30
399 638 27
1443 637 12
256 101 26
1031 1131 20
1328 178 2
993 937 8
1002 1292 14
515 1502 2
543 462 8
981 1128 2
1191 342 74
1179 1125 7
499 568 7
76 92 8
1144 25 35
737 366 2
747 1047 33
385 937 8
401 543 2
290 28 8
1126 761 15
350 513 26
111 810 15
724 262 7
212 70 35
263 775 12
1047 284 2
271 829 2
162 789 2
145 759 2
829 600 2
252 722 27
692 1081 6
692 685 6
1393 1389 7
577 460 2
81 718 10
1540 259 8
543 396 30
689 1004 27
241 1564 12
1058 37 8
931 808 7
158 1086 8
77 724 35
160 706 44
911 223 26
199 642 30
1040 1577 8
229 531 2
957 63 8
418 606 30
584 593 38
489 1128 8
143 112 8
1233 696 1
780 925 1
445 1531 1
350 609 2
787 706 7
42 598 50
1164 568 7
917 794 2
907 149 8
436 1608 2
1453 93 1
1135 770 2
1291 212 44
238 1565 2
170 730 30
1252 817 8
579 59 7
676 727 2
184 386 57
438 475 2
576 646 8
745 88 5
228 565 2
1191 469 5
808 1437 8
442 109 7
1025 377 8
1454 787 2
108 1396 8
70 468 1
506 321 6
552 1262 2
322 1395 7
158 59 5
1253 1389 8
720 658 0
438 595 53
1317 541 27
1116 390 2
894 239 2
1570 743 3
1562 702 12
295 599 2
1376 573 15
744 447 1
315 37 7
1144 1409 35
1459 1500 30
1306 568 7
303 665 2
557 915 50
557 519 50
939 1305 6
720 527 1
642 31 2
1295 1026 2
494 1226 12
763 172 8
1325 37 8
720 1314 7
401 833 7
1033 1152 26
55 551 2
267 325 27
618 903 2
650 92 8
794 546 35
958 1462 7
395 503 2
108 369 5
159 464 2
961 205 2
391 859 2
421 598 30
1009 1244 36
838 1583 8
999 1212 77
362 723 2
148 1133 2
686 691 1
661 958 5
537 1066 5
35 702 8
915 1283 21
703 1450 2
256 820 8
1527 37 8
1058 957 8
370 1081 2
1252 1122 2
486 151 2
604 447 2
64 840 30
575 707 2
159 292 2
1292 377 8
1405 68 24
195 303 20
377 502 8
1336 236 5
272 574 55
1259 444 2
1024 492 2
823 1099 2
1129 1 1
442 1201 7
202 434 1
1454 1483 2
383 722 30
912 1389 8
997 1572 7
86 1395 7
903 1384 7
303 1069 2
1116 726 2
85 989 2
1010 355 7
1480 139 3
1104 579 1
311 1135 2
1565 322 2
551 1011 2
1317 1565 27
1459 424 2
1322 1342 7
395 178 1
1084 1428 2
647 1047 2
759 833 2
207 104 2
435 108 8
905 958 3
197 702 8
1128 916 8
1084 1418 7
1439 476 2
1047 1567 1
1476 451 30
1454 369 3
1081 1045 53
330 355 8
168 1213 7
528 1086 8
183 220 2
273 1213 7
611 637 2
181 37 8
737 702 8
507 958 3
1080 108 8
1246 721 57
939 158 6
944 803 2
205 1580 77
862 28 8
1177 836 27
752 59 8
261 1126 33
148 158 2
704 823 2
13 776 5
1047 229 2
843 829 2
162 833 8
1133 412 5
1394 464 27
1162 1305 8
277 453 34
823 1457 7
144 59 8
524 1340 30
1244 934 15
241 1509 12
701 1405 2
1255 1496 2
1188 241 50
380 350 2
1284 229 33
98 362 31
618 147 8
980 362 30
468 162 2
913 1163 2
138 1091 64
1500 674 2
565 231 2
1233 641 1
1152 453 2
823 119 8
56 23 30
1155 140 8
438 128 2
890 1131 7
570 838 8
990 562 57
418 657 1
1136 936 8
641 1075 2
434 1 6
541 739 27
1439 1230 7
425 812 2
442 387 8
1499 1284 10
1150 1310 5
555 458 2
441 139 3
1231 228 8
535 974 2
194 278 2
1496 125 40
429 383 8
458 1335 5
82 487 8
70 736 7
136 603 52
306 59 8
61 813 8
411 59 8
76 269 8
1295 1367 2
631 568 7
401 824 2
494 1550 8
502 829 2
941 252 6
1323 462 8
627 416 2
599 775 12
1080 1033 2
181 957 8
1355 718 10
172 147 8
706 43 6
1047 857 2
1265 850 6
841 883 2
1042 829 2
148 1078 2
32 1310 7
1163 219 2
931 1381 7
1233 1337 1
147 37 8
917 1097 7
613 59 8
1160 1156 8
917 1389 7
928 401 2
278 772 19
143 685 8
383 375 30
1078 183 8
572 1310 7
1252 311 2
907 727 2
668 505 1
1162 158 8
1045 502 8
912 1047 2
395 1152 26
152 1047 30
49 718 10
774 1163 2
570 259 8
324 1084 2
689 881 3
551 664 2
454 730 2
116 140 8
241 1139 30
1566 627 12
534 1084 2
420 1120 2
1506 568 15
170 779 6
84 1005 2
1328 1109 7
883 1135 2
1242 1033 2
98 1419 8
889 492 2
238 462 8
526 909 1
281 200 2
416 922 2
929 847 0
302 674 7
21 724 25
321 112 8
915 983 30
1131 986 55
759 778 2
1303 1395 7
1424 1437 7
168 516 2
1407 1566 37
724 1140 1
1099 172 8
752 1342 7
686 661 5
743 532 7
818 88 5
650 23 33
377 528 2
720 1491 7
281 424 2
144 1342 7
1476 36 30
618 1080 2
1458 1126 30
318 447 80
1377 139 5
1047 739 27
395 1076 2
249 1342 7
307 915 30
159 1037 2
159 641 2
183 848 8
600 377 6
592 603 6
151 1002 2
927 1127 1
838 116 7
703 128 2
30 1252 2
255 519 2
148 595 33
159 1198 54
591 1084 2
486 753 23
42 462 8
97 377 6
165 281 55
489 335 2
1466 1694 1
1328 743 5
125 409 2
1284 611 34
340 832 7
543 551 82
1125 1389 7
925 818 2
271 646 8
438 638 27
551 1418 7
1354 377 2
259 936 8
574 986 2
239 1196 2
901 1002 2
695 1127 8
141 973 9
1395 119 8
238 1163 2
36 642 30
1047 784 14
108 265 7
233 838 8
148 203 70
1480 958 59
1338 1310 8
148 1070 5
1232 1156 48
495 412 5
1451 535 2
416 1258 2
306 1342 7
454 88 3
1176 573 15
515 1359 1
1317 139 27
846 321 6
981 1084 7
411 1342 7
1332 732 48
603 1417 27
418 534 1
207 677 2
82 145 2
1321 1212 8
727 1000 5
867 702 2
1144 611 35
995 730 33
557 117 50
318 1143 80
765 47 8
1100 1126 33
967 732 7
544 1119 30
148 1004 27
841 604 2
350 1070 5
855 1617 3
161 438 8
244 1213 6
702 1578 5
83 765 19
613 1342 7
1453 904 9
178 1156 8
879 1126 14
759 22 8
237 162 1
841 536 2
603 1076 2
505 421 2
718 77 2
1047 1198 2
485 541 2
1061 702 12
1230 1315 5
148 726 8
1162 1482 8
686 581 1
1119 1459 30
40 958 3
486 309 33
573 605 1
577 582 2
577 978 2
618 32 8
256 22 8
565 872 2
531 1204 30
719 37 8
702 677 7
722 44 8
140 889 2
1374 750 2
747 140 8
1156 728 7
1033 54 2
82 576 1
418 1124 30
228 859 2
157 1310 8
524 568 15
565 804 2
806 667 2
1463 1395 7
112 1033 2
702 213 7
552 1160 2
347 1097 7
1259 37 8
447 1061 2
479 646 8
852 810 15
1164 1127 8
1111 646 68
1249 1310 7
244 140 8
438 701 2
216 1395 7
347 1389 7
584 92 8
1102 921 57
442 673 2
689 92 8
425 1566 37
769 689 2
1460 370 2
1001 1084 2
741 990 7
476 1194 30
531 1283 2
61 293 0
546 1135 2
291 812 1
325 1309 2
442 569 2
87 1453 2
1210 321 6
978 836 2
1242 1252 2
139 470 30
823 1307 14
877 727 2
69 1525 2
221 377 8
395 68 1
805 958 5
447 611 34
1327 1156 7
986 921 38
97 958 3
116 584 55
581 1126 30
177 1212 8
411 241 2
70 1403 19
639 803 2
285 859 2
514 366 33
267 551 27
30 577 2
1405 360 2
148 1381 7
879 1008 39
395 729 2
172 32 8
324 598 30
960 205 2
1284 610 2
382 1143 7
334 683 0
417 1511 9
1306 1310 7
1461 421 30
928 750 2
1271 552 2
1421 37 8
485 1565 2
933 1070 2
514 139 3
159 586 2
159 190 2
33 516 2
752 1156 8
1193 1217 8
126 905 2
1402 937 8
1526 37 8
162 332 2
706 908 6
838 102 8
692 228 6
127 1131 2
239 917 2
362 1236 8
1061 1291 33
1036 689 2
453 853 2
609 1384 8
796 259 2
449 759 2
325 938 6
440 399 2
723 37 8
238 420 2
32 149 8
667 375 2
548 541 2
502 56 30
424 1395 7
555 1389 7
20 1127 8
550 1407 2
298 929 7
1266 833 8
1570 1578 7
650 1087 2
859 854 27
286 724 1
381 598 30
1266 1125 8
369 492 30
417 841 27
720 1070 5
1001 401 2
878 1342 7
797 1550 8
1499 486 10
1172 412 5
1106 401 2
831 911 31
69 154 2
598 676 30
647 1565 2
633 506 6
750 978 3
1437 51 7
1209 1384 7
415 863 7
527 1086 8
664 383 8
289 1131 2
1084 1581 8
159 903 6
1179 900 7
1179 1296 7
650 200 33
650 596 33
1295 569 2
1198 239 2
506 462 8
603 693 2
737 829 2
163 957 8
267 1075 27
960 845 12
401 714 2
45 958 2
212 241 35
441 1419 5
603 625 2
1400 158 7
575 1525 2
252 497 27
692 856 6
729 1086 8
270 256 2
577 235 2
277 37 8
122 1126 16
363 1415 37
1160 363 2
1484 331 1
259 1577 8
917 1033 2
1460 1496 41
1472 921 57
848 59 8
1152 1097 7
370 228 2
1461 54 20
88 414 5
108 614 7
1240 193 5
939 1378 8
719 810 15
1415 973 9
1233 867 1
674 789 2
1070 958 5
1127 433 7
135 149 8
447 610 2
1163 36 8
552 98 33
1398 438 8
1136 766 8
624 1284 1
420 322 2
81 159 1
692 179 8
1336 377 7
599 683 0
650 1292 33
147 952 16
659 3 8
390 1395 7
535 1200 2
858 937 7
1008 54 8
295 374 2
463 1135 30
172 1315 7
1128 167 8
395 54 2
28 412 5
546 278 7
531 1160 2
1312 1384 7
1217 462 8
183 1388 7
1482 958 5
420 150 2
603 1029 2
1443 113 2
303 435 8
73 650 2
76 495 8
836 857 2
65 1384 7
1050 856 1
281 22 2
1407 937 7
982 149 8
244 183 6
1458 724 30
720 1381 7
119 574 41
518 1389 8
573 850 1
836 393 2
1265 284 6
606 526 7
1185 1213 7
486 390 2
503 420 2
468 1084 2
4 1153 6
580 829 1
115 241 1
162 873 33
56 1341 30
1055 1395 7
1230 1458 20
674 1101 12
978 642 30
1448 362 30
601 476 2
1442 515 21
317 88 5
1459 883 16
1328 341 5
915 155 1
1056 59 8
377 277 8
140 1457 8
575 774 2
1045 728 8
386 970 9
442 976 7
917 1238 33
383 893 30
259 379 70
912 1565 2
503 692 19
1104 818 1
584 769 8
661 667 27
1349 1451 2
845 742 57
1104 1110 1
267 649 55
88 433 7
552 62 2
1136 83 8
416 460 2
1456 453 2
995 396 33
1568 239 2
420 1242 2
84 1127 2
1570 808 8
107 298 8
416 1148 2
46 252 6
399 1568 2
704 915 30
1232 416 2
395 1078 2
427 663 8
516 1120 2
290 1482 7
856 1230 2
443 113 75
1212 1062 8
922 531 30
872 516 2
483 903 1
1177 1075 27
629 1127 8
922 823 30
1337 838 8
1179 449 7
279 438 27
272 551 2
1399 1395 7
750 855 3
281 942 2
1525 335 2
470 1295 1
183 287 2
601 1230 7
1448 1454 30
727 858 12
927 957 1
252 150 27
139 1122 2
1383 515 2
524 823 30
115 1265 1
1244 813 15
1110 957 5
503 1340 2
1373 937 7
159 1550 8
568 1305 6
309 750 30
1485 1061 2
584 1470 2
1246 824 57
702 1482 7
1037 1295 2
1284 1407 2
163 730 8
355 321 2
1219 1325 5
1137 929 7
108 559 7
590 957 8
485 462 8
340 558 7
259 766 8
577 112 2
483 226 3
143 228 8
950 784 14
686 147 8
686 881 3
464 689 2
442 1500 7
1292 415 44
790 568 7
238 1384 8
1289 483 15
88 1457 7
108 824 8
844 574 71
1128 1054 7
750 890 2
203 143 7
1326 1389 7
217 1156 8
27 416 40
211 646 8
552 685 8
907 139 3
295 983 33
322 1156 8
981 1252 2
1447 366 33
596 836 5
462 1150 5
305 667 2
74 1047 2
664 565 2
988 574 2
183 983 2
1384 743 5
321 1550 8
159 1184 6
190 409 2
437 958 3
1394 1039 27
731 1572 7
252 1242 27
399 421 2
841 1122 2
617 59 7
505 611 2
1075 488 2
933 1245 37
372 335 5
647 462 8
45 1135 2
865 438 8
618 623 2
255 1395 7
1063 732 7
179 1212 8
836 437 8
626 689 2
1056 1342 7
485 1163 2
864 90 8
591 1291 33
1383 1097 7
1144 875 6
144 462 8
111 438 52
1054 350 2
727 491 2
674 1046 12
329 139 5
217 1565 2
240 399 2
458 433 7
183 743 5
91 1129 5
71 573 15
667 101 26
377 222 8
483 808 8
677 973 2
1316 472 5
789 363 2
724 877 30
1164 88 3
1202 958 5
593 1128 8
894 759 2
1104 367 1
552 671 33
1129 450 2
362 768 30
396 1224 30
1000 1084 2
139 368 30
453 675 2
1225 720 48
279 350 50
535 1445 2
61 560 1
1242 516 2
981 1163 11
635 1084 1
437 925 2
102 1135 2
1093 891 6
1232 303 48
1445 1328 2
595 1291 16
417 335 27
978 958 2
1407 412 5
279 159 27
350 1282 30
894 937 7
647 1163 2
522 1395 7
88 648 2
1424 1212 7
787 44 8
541 869 2
1163 338 5
1476 671 30
836 1138 2
306 462 8
925 594 10
1188 462 7
686 436 5
494 1562 2
1305 568 7
922 476 30
411 759 2
139 843 2
1131 138 25
391 937 7
285 689 2
843 325 2
1075 382 7
854 1389 8
281 199 2
55 957 7
820 1342 7
55 1295 2
1131 985 55
1284 452 12
642 1062 8
1245 1665 57
154 492 2
601 779 7
77 37 8
1054 1437 8
1404 1126 33
162 558 2
577 1436 2
377 1314 8
350 1315 7
637 1490 5
736 281 55
56 1518 30
642 704 30
40 59 8
1152 241 2
1163 1305 8
544 847 21
363 436 2
380 70 2
145 59 8
980 519 31
27 60 2
344 1389 7
718 824 23
502 642 30
1153 462 8
333 1550 8
1201 550 5
148 97 8
686 92 8
607 642 30
524 1045 41
713 453 34
1468 862 7
901 1127 7
804 838 8
598 678 30
1001 1291 33
592 418 50
990 386 57
1357 1047 33
20 957 8
350 269 8
550 853 12
620 911 31
1190 724 35
85 1395 7
624 486 1
205 266 7
1025 88 3
251 241 35
70 232 7
283 502 31
439 420 2
483 489 15
686 1132 5
809 350 30
812 381 14
31 362 31
592 642 50
1252 18 8
464 952 14
295 1575 2
1216 1437 8
809 642 30
997 541 7
625 1395 7
756 1389 7
1138 108 8
69 672 2
483 1184 1
281 185 27
70 106 2
167 845 1
71 531 33
925 1176 15
1177 1252 27
1400 848 7
1162 1388 7
1179 1418 7
847 925 2
1284 1418 7
623 1086 8
154 724 2
1214 958 5
1246 1069 57
939 506 6
205 1532 77
1418 1437 8
810 1424 1
262 416 2
841 311 2
506 958 3
1383 750 7
1084 32 8
1295 623 2
584 662 38
544 722 30
1383 646 7
1569 432 15
350 678 2
911 1622 1
915 272 31
267 1419 8
370 454 2
702 452 7
1284 80 8
917 1213 7
232 278 2
544 99 0
1163 231 2
1039 1131 2
1140 775 12
468 568 7
108 1470 2
483 65 8
1056 1156 8
383 479 20
1161 1156 8
907 447 2
766 159 5
1035 1086 8
787 1395 7
462 292 2
551 114 7
661 929 7
256 21 8
447 452 12
702 676 7
9 462 8
519 1114 1
209 1384 7
1126 1099 2
217 1437 8
535 1098 2
1009 1384 8
1047 1194 30
849 651 41
526 697 1
952 581 5
1336 603 7
1003 444 23
1554 637 12
1210 929 7
797 743 3
1351 59 7
1132 37 8
720 992 1
870 1310 8
498 667 27
350 1220 14
458 604 29
647 420 2
441 149 8
1176 61 15
401 1298 7
409 856 2
738 1243 7
759 498 2
1100 933 2
541 855 3
30 415 1
61 1161 8
1084 728 8
462 52 5
853 970 74
1354 1170 0
618 158 27
49 1352 2
241 1001 1
1081 126 2
1264 568 1
256 498 2
1313 958 3
395 504 2
980 139 3
630 568 7
267 618 27
618 1196 2
40 1342 7
810 53 1
172 495 8
927 159 1
145 1342 7
584 1290 38
205 849 77
1156 1199 7
259 437 2
1503 937 7
171 462 8
486 512 2
476 1376 2
127 568 7
726 937 8
337 223 26
646 1114 21
276 462 8
162 102 8
256 722 2
718 837 23
907 1143 2
82 1609 47
588 1454 2
720 269 8
596 377 8
1087 70 35
255 239 2
402 1325 5
1367 259 2
685 1342 7
1284 1396 8
98 1570 7
916 1097 7
184 658 66
704 82 7
1126 1457 7
925 246 2
915 277 1
1372 929 7
913 140 2
145 4 8
458 1298 7
21 409 2
836 944 30
961 531 30
337 488 27
1030 88 2
442 1436 2
447 1418 7
995 1395 7
362 1341 30
1228 337 1
1455 453 2
633 57 6
1481 838 8
1247 366 33
70 1488 7
208 399 2
1561 1389 7
205 607 7
878 1163 2
170 1127 6
1135 20 2
4 697 14
416 978 2
584 905 40
1208 925 2
552 179 8
330 424 8
950 258 31
642 1416 2
281 840 2
183 581 2
69 221 2
1384 341 5
1146 881 5
74 541 2
618 1554 7
325 36 8
1302 1395 7
629 957 8
531 599 2
483 1421 1
1405 1555 2
49 377 2
841 324 2
1284 1409 2
1394 533 27
1321 1156 8
278 165 2
934 568 7
544 375 30
1039 415 1
486 1140 2
1537 63 8
255 575 2
1485 1287 2
391 172 8
689 513 26
53 1086 8
337 1184 27
727 376 59
579 1384 7
1045 498 38
829 833 8
922 1128 2
263 933 2
674 248 12
117 1100 1
925 874 2
123 183 2
373 140 8
772 283 77
772 718 5
916 59 8
912 420 2
371 958 3
915 31 2
337 136 6
231 325 2
347 1213 7
482 112 8
438 83 7
581 958 3
226 1405 2
1325 1389 7
3 1104 8
438 421 2
1140 1328 2
230 730 33
1338 929 7
435 1389 59
1163 1315 5
325 737 2
769 409 2
778 958 2
85 703 2
1093 489 6
311 453 2
13 37 8
531 1003 2
1230 300 2
992 444 2
912 692 19
241 1125 14
409 905 2
519 1283 1
877 447 2
258 911 31
501 95 0
526 178 1
401 1243 7
74 1565 2
1527 1389 7
55 565 2
195 1310 8
1029 1131 20
17 1129 15
636 1384 7
95 1340 30
494 1160 2
927 720 15
686 275 67
1230 1190 55
614 836 1
829 863 6
252 1364 27
1405 681 27
1129 631 15
1131 187 55
1055 1342 7
902 836 5
395 449 2
367 1566 37
1045 1590 38
601 377 7
618 1578 3
718 821 2
718 425 2
706 336 6
933 848 7
148 1079 2
149 1322 13
117 311 30
122 689 2
722 59 7
929 808 7
268 80 8
302 973 9
568 848 6
256 766 8
1337 303 20
971 281 55
110 1230 1
135 958 3
396 1518 30
1323 88 5
560 727 5
458 893 2
315 911 31
335 569 2
442 693 2
194 1002 1
761 412 5
792 335 2
447 1409 2
912 1340 2
1315 1075 52
961 476 30
646 1283 21
646 887 21
385 776 5
523 568 15
1338 584 53
238 140 2
825 88 3
1358 172 2
1352 576 2
659 433 7
218 395 2
773 1131 2
541 475 2
551 665 2
272 573 15
432 394 1
1437 1150 7
501 1187 0
460 88 2
999 957 8
44 1236 52
1328 1448 2
56 36 16
61 1078 1
116 37 8
1336 1572 7
736 1310 7
1008 206 39
325 54 2
780 453 2
763 377 7
295 1173 2
1075 1072 7
806 1340 30
285 937 7
88 828 7
1295 854 27
1547 627 8
434 21 8
1200 1127 8
1156 1070 5
1305 1127 8
922 598 30
377 821 2
385 140 8
1284 91 67
1536 1156 7
499 401 2
922 651 41
116 1084 21
810 293 0
139 255 27
1424 59 7
928 1156 7
162 388 2
486 397 2
836 1583 8
1537 112 8
692 284 6
730 1550 8
205 1422 77
858 330 8
162 680 2
592 937 7
916 1342 7
138 526 7
252 217 27
915 1314 1
39 59 8
568 1080 6
584 849 2
710 1310 8
650 441 0
126 1243 7
479 584 33
689 1199 7
1179 1283 30
418 893 30
460 492 2
142 1128 2
148 369 3
572 278 2
1031 1405 2
1035 689 2
143 3 8
689 1491 7
143 341 3
457 777 2
1382 143 7
241 13 64
901 957 7
225 732 7
900 259 2
1295 1548 5
928 88 3
107 769 8
416 1619 2
1304 377 6
216 350 2
159 298 5
973 920 1
1454 678 2
1188 1384 7
281 83 27
765 471 7
70 359 1
85 252 2
540 1047 2
1045 1256 5
909 838 8
401 1415 37
1252 244 8
1135 588 8
897 1128 8
69 898 2
69 502 2
1570 296 8
659 119 8
1453 978 3
281 411 27
1199 1389 7
1328 697 2
1126 1307 14
162 1480 2
1563 937 8
872 1310 8
363 1206 36
500 667 27
277 366 33
1084 326 8
1295 917 2
259 1327 6
401 770 2
162 753 23
797 1335 5
252 1309 27
594 1135 7
1140 683 0
161 1127 8
1303 937 7
395 97 8
718 474 2
834 396 33
730 179 8
1002 36 14
1400 1298 7
503 140 2
148 628 2
446 88 5
1295 1141 2
707 1097 7
577 979 2
1213 1578 5
543 915 30
543 519 30
1055 823 7
273 350 2
377 65 8
350 1196 2
978 362 30
1565 513 26
126 606 2
126 210 2
363 848 7
25 88 3
458 942 2
1163 848 8
458 546 2
483 291 8
1330 911 31
673 911 2
337 796 2
228 377 6
259 203 70
1191 660 5
1082 159 20
1024 383 2
213 1213 6
201 1066 5
912 1384 8
1364 335 2
878 829 2
158 646 5
1213 136 6
1231 479 2
139 539 30
108 1227 8
449 59 8
1291 533 5
650 460 2
651 1596 38
87 1454 2
1124 139 3
1340 1161 7
1266 102 8
9 958 3
1093 1062 6
546 694 7
858 1389 7
420 1358 2
325 595 33
107 18 8
627 1116 7
823 919 30
1128 119 8
88 423 2
395 798 2
82 1457 8
1100 775 12
148 658 0
303 1184 2
759 719 8
74 139 2
252 373 6
267 516 27
133 1156 5
84 779 2
706 685 6
377 95 6
1179 273 7
377 474 2
1084 1251 2
925 719 15
309 794 44
796 519 25
841 1525 2
1539 88 3
228 412 5
620 492 2
503 836 2
1352 1237 36
318 140 8
39 1342 7
398 476 2
618 1026 2
998 366 29
55 1461 8
630 1127 8
641 139 3
273 1437 8
292 438 8
864 97 8
1054 1212 8
315 531 30
735 1127 8
1179 497 7
315 823 30
506 59 8
1299 552 2
720 495 8
693 1230 2
124 88 1
808 366 2
716 59 8
1158 1156 8
855 531 30
171 958 3
380 241 2
623 551 20
246 59 7
368 531 2
1137 1086 8
575 1122 2
1258 1128 8
1485 713 2
565 122 2
301 939 77
32 838 8
1415 278 9
645 727 1
902 732 7
717 241 35
519 657 1
519 261 1
1117 1097 7
492 274 10
633 913 1
168 779 6
1022 917 8
552 743 3
1565 1133 2
1196 1395 7
279 958 27
992 37 8
1075 189 27
1216 1212 8
300 651 53
27 56 30
172 1125 8
183 411 2
577 833 20
1231 119 8
1476 678 30
986 239 38
880 1389 8
1156 1351 5
603 986 53
636 1419 8
898 88 3
936 958 5
563 776 5
913 519 30
620 724 2
747 823 33
721 438 27
547 1610 56
272 1295 2
1453 855 3
1310 21 8
494 666 12
1310 318 2
958 610 7
372 929 7
1404 933 2
69 1062 8
618 384 3
395 42 8
1503 1395 7
689 1070 5
603 626 2
1085 505 13
252 894 27
148 677 2
21 1389 7
544 893 30
162 1253 2
486 1262 2
1064 732 7
486 1274 12
841 769 8
199 418 30
241 809 2
290 424 8
1123 88 5
650 1014 0
1367 1405 2
1039 568 7
939 1379 8
1284 147 8
125 937 7
143 226 3
449 1342 7
772 113 77
1042 256 2
228 409 2
64 676 30
1045 101 8
658 1400 2
366 877 2
1480 637 12
230 937 7
673 1252 2
184 918 57
205 1133 7
686 891 8
476 747 2
102 252 6
552 1106 2
457 143 2
778 1252 2
350 677 2
565 1042 2
1535 325 20
321 1138 52
997 720 7
348 694 39
911 54 8
1037 259 8
217 1212 8
535 873 2
633 1203 6
550 329 2
769 239 2
541 365 2
551 555 2
281 1052 27
152 911 31
452 88 3
631 472 1
1126 212 44
1458 692 2
396 36 16
535 805 2
895 1127 8
889 383 2
295 771 2
980 1252 2
367 139 5
938 1405 2
52 1395 7
856 603 2
88 30 7
1209 702 7
1212 39 8
1461 539 30
979 958 2
157 1395 7
535 611 85
618 1039 2
551 873 14
676 724 30
1201 568 7
285 409 2
800 412 5
162 942 33
1541 957 8
1160 1352 2
613 646 8
380 1565 2
45 172 2
864 42 8
315 476 30
259 212 2
1240 1578 5
150 172 2
731 541 7
359 1395 7
241 1000 1
256 497 2
259 504 2
1252 898 2
464 1395 7
476 1443 2
1252 461 1
1160 1284 2
1340 52 5
779 1399 6
825 44 8
1047 1006 44
304 1191 10
1252 1581 8
1421 1419 5
218 689 2
939 1092 8
368 476 2
1491 1384 7
578 958 3
1082 56 30
1035 183 2
1349 1452 2
442 1211 2
588 1156 8
1179 417 30
584 1062 8
545 1033 2
1362 27 53
108 197 8
1306 958 5
581 59 8
82 104 2
205 382 7
88 726 7
1132 44 8
140 1187 5
377 345 0
295 1003 2
1281 1127 6
205 355 8
113 1557 5
526 158 2
1200 957 8
62 1002 2
641 838 8
317 37 8
543 183 8
869 1459 2
626 1395 7
236 705 5
913 1570 5
531 374 2
835 1453 2
902 1340 30
241 1404 1
790 1246 5
1008 267 55
829 51 7
494 599 2
678 750 30
1119 1126 30
390 937 7
1119 730 30
18 1395 7
1295 411 2
401 264 2
1505 568 7
25 686 7
127 667 27
401 614 7
1163 1388 7
601 1127 7
1053 911 2
290 437 8
126 1479 2
259 840 2
841 31 2
162 510 2
368 1230 7
255 350 2
158 416 2
1047 693 2
543 117 30
707 1033 2
258 492 2
1015 61 15
1233 485 1
476 468 2
486 200 33
464 362 2
1485 1354 2
565 763 2
20 1040 7
524 1461 41
117 1271 1
1177 730 8
1047 625 2
170 915 30
170 519 30
672 1291 7
931 1550 8
596 415 44
836 326 8
340 1247 7
836 36 30
819 139 3
558 950 33
229 476 2
207 972 2
416 739 27
1304 603 6
1136 1108 8
218 37 8
140 1523 5
322 1162 2
651 798 38
442 168 2
658 1231 7
57 603 6
551 500 2
551 104 2
335 39 8
540 1565 2
289 667 27
1357 453 34
797 21 8
639 366 2
1097 1303 2
281 533 27
420 533 3
159 1081 6
869 88 2
416 2 2
729 1395 7
985 1565 19
759 213 8
1521 1342 7
399 26 2
759 150 2
642 39 8
486 1292 33
437 519 30
1355 1170 0
876 139 3
730 743 3
738 21 8
374 550 2
126 504 2
59 104 8
269 149 8
706 111 6
980 1126 30
500 516 2
241 653 1
1156 1315 7
201 1068 5
812 1607 2
377 291 8
1179 32 8
568 623 6
46 59 7
565 1391 2
1129 186 1
909 1437 2
897 1389 7
702 800 7
453 452 2
1187 1310 5
1008 436 1
361 442 2
256 833 8
478 139 3
951 59 8
286 939 15
1258 335 2
1488 1008 39
362 663 8
907 399 2
563 568 7
752 88 5
900 1405 2
551 1196 2
1145 646 8
49 1170 0
1565 1004 27
665 1295 2
550 610 2
453 676 2
20 330 8
911 627 8
582 37 8
1252 1062 8
362 1457 30
1045 292 40
535 1446 2
891 1395 7
813 732 60
1136 75 3
1358 239 2
125 172 8
563 937 8
208 1384 7
1153 59 8
541 938 2
1456 399 2
230 172 8
323 957 8
307 366 2
1022 119 8
1127 65 8
552 341 3
1093 1184 6
642 844 2
98 794 44
419 444 2
627 1342 7
650 910 2
395 628 2
229 794 71
633 1 6
273 1340 2
730 1106 2
72 1389 8
1277 991 5
252 891 6
421 694 39
313 46 8
70 167 2
706 1203 6
377 992 2
552 1335 5
1045 284 16
1230 678 55
980 149 8
630 957 8
573 1424 1
45 453 2
864 719 8
147 1156 7
1002 890 14
1547 626 8
170 1179 50
142 1075 2
205 1197 77
1397 303 7
259 51 7
126 1424 2
494 179 8
926 159 1
988 939 15
1394 185 27
544 1208 21
1193 75 3
836 47 8
1522 462 8
279 205 14
301 1233 77
117 528 1
222 568 7
1193 678 50
931 766 7
682 80 7
361 1461 8
279 1047 50
140 32 8
779 265 6
1449 667 27
240 108 8
418 960 30
913 838 7
551 1486 7
464 239 2
912 140 2
584 1029 40
219 335 2
290 1062 5
958 1513 5
464 531 2
1483 162 2
112 823 7
667 848 7
170 396 30
438 199 7
774 256 2
848 990 5
1131 792 2
1221 1389 7
27 350 30
81 1047 33
1128 1338 2
688 694 39
62 139 5
82 677 2
887 718 2
70 530 1
59 1122 6
1555 1565 2
305 973 2
603 1152 26
531 723 2
78 1033 2
1247 149 8
399 983 16
792 88 3
221 1128 8
836 1417 27
1170 1528 1
69 673 2
438 27 7
45 1045 53
1527 1213 7
409 625 2
59 1491 7
434 424 8
463 1238 71
805 1291 30
534 401 2
165 551 2
434 716 8
303 326 8
252 792 27
861 552 2
1084 101 8
1570 341 3
270 551 2
437 462 8
440 236 10
420 36 8
1084 789 8
1084 393 8
1283 366 33
1424 462 7
401 837 2
939 903 6
325 1458 20
618 569 2
1085 1127 13
1537 119 8
913 76 5
380 1163 2
951 1342 7
626 239 2
764 776 5
535 624 30
184 99 66
1185 1437 8
911 1623 1
191 911 31
471 325 2
122 409 2
694 464 2
162 368 33
912 836 2
1570 1335 5
1041 256 2
256 90 8
829 1577 8
112 1565 2
205 589 5
126 381 2
596 438 8
1039 1127 8
205 1359 7
849 1459 30
972 281 55
259 75 3
1039 1419 8
350 903 2
186 727 5
1443 925 10
276 59 8
1535 551 20
551 849 2
362 1004 8
1004 633 1
494 594 10
836 609 30
332 183 2
238 256 2
875 1658 7
797 766 8
362 610 30
750 1418 7
77 1097 7
281 882 27
343 139 3
1093 837 6
1254 167 8
1162 1315 5
979 1252 2
70 1549 7
1098 702 12
895 957 8
1424 1496 53
420 1133 2
420 737 2
417 281 27
1132 330 8
238 183 8
285 703 2
409 857 2
267 395 27
1340 1305 8
281 609 2
1351 453 35
295 562 23
148 824 6
1004 1291 30
990 27 12
836 980 2
1476 513 30
1540 957 8
505 1243 7
386 505 2
285 239 2
330 21 8
1127 654 5
384 1097 7
732 53 2
270 1075 2
958 1360 7
730 983 2
727 853 12
108 1059 5
253 1395 7
1174 259 2
127 929 7
273 1212 8
601 1459 2
271 148 2
205 850 77
374 727 2
126 1077 2
577 1382 2
1307 88 3
1277 916 22
1271 236 12
239 693 2
486 805 2
24 236 12
458 1345 2
674 893 33
415 109 5
4 1 6
472 21 8
70 1562 1
799 172 8
913 829 2
1016 973 74
1354 494 2
829 379 70
686 376 3
730 1204 30
139 942 30
791 335 2
1352 982 7
447 446 2
890 1135 2
990 228 57
1252 32 8
281 1510 27
441 1097 7
416 233 27
658 37 7
189 957 7
653 1047 33
383 21 20
532 701 2
987 1496 2
995 519 33
995 915 33
1454 398 2
176 1260 2
1443 1328 2
1084 1046 12
650 824 23
1315 44 52
216 362 2
125 1131 20
183 978 2
269 1131 2
1098 1291 33
264 61 15
750 609 2
515 657 2
395 1493 2
1266 338 5
867 715 2
1179 676 7
1219 80 8
750 1396 8
471 937 5
852 1213 7
862 390 8
544 840 30
505 606 2
252 1133 27
915 1397 0
1084 46 8
720 138 1
498 1310 8
1081 1047 2
1084 384 3
594 505 2
1525 458 2
272 1362 2
152 492 2
290 663 8
157 416 2
694 436 1
592 1389 7
1400 726 7
713 366 33
670 1566 37
999 427 77
1047 1211 2
22 674 2
792 1437 7
273 70 2
941 958 3
1188 535 50
1459 31 16
696 937 7
449 1163 2
1031 1461 2
415 341 5
1163 177 2
925 771 2
64 451 30
1483 803 2
401 1206 36
442 66 2
1468 1040 7
1138 651 53
856 241 25
1030 765 19
1236 937 7
1355 1047 33
766 438 6
1341 937 7
42 1170 51
900 1295 2
112 1437 8
774 829 2
178 183 6
1122 159 2
361 259 8
241 513 30
322 1342 7
1119 1213 7
82 854 2
70 806 7
657 458 33
311 350 2
720 938 1
1424 1045 53
139 191 30
420 1078 2
623 1395 7
530 552 2
1144 960 35
419 37 8
1328 753 2
724 514 1
409 1198 2
971 667 2
1131 652 55
1290 462 57
395 914 2
641 1496 69
172 514 2
836 1029 2
499 1126 33
603 1493 2
1002 160 14
838 1161 7
1461 606 30
388 686 7
148 1148 2
151 444 2
1371 412 5
929 445 0
35 618 2
191 60 44
1313 462 8
616 172 2
902 1129 5
492 676 2
992 724 35
759 663 8
139 270 2
1540 438 8
205 795 77
843 148 2
486 62 2
1496 189 38
22 568 7
1039 667 27
350 856 2
1035 1395 7
377 855 3
1162 228 8
350 1148 2
416 833 20
1024 1195 2
337 502 27
1041 829 2
256 663 8
1246 264 57
32 730 8
301 727 77
1133 1131 2
931 743 3
502 241 30
1054 1156 8
1193 609 51
501 102 8
458 848 7
170 412 5
1045 796 8
1480 113 2
551 1026 2
672 1126 7
1359 363 2
1082 519 30
301 659 77
563 1127 8
1254 808 8
530 1352 2
112 462 8
1152 59 8
645 447 1
1328 1111 7
983 1131 7
438 1296 7
295 858 12
1447 637 12
646 318 2
862 1381 7
624 377 1
108 264 8
569 259 8
1340 1550 8
650 1100 2
31 205 14
1100 1191 12
221 335 2
1101 970 74
156 1127 1
987 1045 2
207 1398 39
330 766 8
406 1084 7
836 619 27
779 101 8
295 1070 2
565 68 24
618 1500 7
1197 1395 7
1200 1128 8
759 1364 2
292 859 2
243 249 1
718 1518 2
603 122 2
542 281 55
655 140 8
159 228 6
466 603 6
731 720 7
836 1553 2
674 1187 0
730 1578 7
864 1305 8
335 226 5
265 990 7
543 646 8
1262 568 1
434 309 14
926 453 1
1394 479 27
1394 83 27
377 1114 2
1144 209 35
158 259 2
934 519 1
820 159 1
292 395 2
730 1160 2
502 836 2
1054 1565 2
166 325 2
163 929 7
266 401 2
45 575 2
1129 1004 1
1521 462 8
271 325 2
291 88 3
707 516 2
40 646 8
619 937 8
1110 1129 5
162 681 2
117 1114 1
1394 411 27
494 743 3
252 218 27
1443 683 0
1042 148 2
259 907 2
829 487 8
420 1070 5
139 1581 8
578 1342 7
1033 681 27
112 1163 2
977 412 5
779 95 6
468 401 2
415 974 5
463 531 2
143 296 8
763 929 57
1283 453 34
565 762 2
420 1004 27
455 59 7
552 1217 8
217 541 2
107 1062 8
593 172 8
823 68 30
581 462 8
1479 1135 2
1131 914 2
205 1181 7
441 108 8
458 97 7
168 1127 6
501 109 0
183 1223 2
941 453 35
1093 39 6
148 99 0
981 603 11
442 235 2
643 252 6
207 971 2
1461 158 2
292 1195 2
295 491 2
409 455 2
681 453 34
526 165 2
535 916 8
1259 1328 2
759 92 8
1131 597 55
159 856 6
869 259 2
841 898 2
603 1042 2
1156 388 5
514 1097 7
993 88 3
922 541 82
861 674 2
731 37 7
802 1102 5
1405 26 2
1436 1127 8
55 438 8
269 325 2
932 568 7
435 412 5
1552 139 3
1461 471 20
730 81 2
512 59 7
263 1191 12
958 622 34
1265 297 6
452 1511 74
116 1097 7
162 97 8
471 551 2
359 1156 8
116 1389 7
909 1608 2
790 1040 7
207 714 1
261 933 2
106 727 2
581 1163 2
1152 1342 7
1566 439 57
501 47 8
122 859 2
362 834 8
598 116 8
442 1035 2
904 401 84
718 264 23
350 728 8
1336 420 5
1239 568 7
447 1355 2
551 1367 2
724 1341 30
1230 1338 2
844 1454 30
696 172 8
1258 37 8
665 1461 8
596 598 30
1340 766 7
551 903 2
281 1004 27
769 937 7
550 742 23
779 114 8
995 117 33
349 453 34
1387 412 5
1254 685 8
526 1549 2
780 399 2
119 692 55
416 869 2
437 1384 8
1264 88 5
622 1135 2
1570 1217 8
1424 1384 7
74 140 2
390 37 7
779 384 3
504 1131 2
621 650 57
1128 808 8
638 929 7
252 1062 6
730 1173 2
296 88 2
1193 1188 2
1170 211 1
53 362 2
253 1230 1
402 116 8
674 1132 0
374 637 12
1281 779 6
1295 27 53
516 773 2
1087 1389 8
1295 235 2
273 1047 2
360 1246 37
842 162 1
977 925 2
401 83 8
336 438 6
945 823 33
514 952 33
780 724 30
727 1359 2
1186 149 7
256 1309 2
205 680 77
69 39 8
183 3 8
738 424 8
1401 568 7
636 958 3
377 699 2
485 256 2
340 789 2
209 453 35
642 840 30
34 501 38
36 259 8
887 1170 0
408 139 3
128 667 27
255 70 2
718 284 33
858 172 8
259 852 2
377 264 23
117 699 1
256 1236 8
911 1161 7
951 462 8
1129 485 1
1246 837 57
559 1395 7
1304 1661 5
502 418 30
675 803 2
1035 239 2
460 1126 2
460 730 2
773 667 27
463 476 2
841 1578 5
1357 823 33
1461 1190 2
552 433 7
790 330 8
836 152 30
568 21 8
570 730 8
459 377 8
667 961 2
596 830 30
418 945 1
347 1437 8
1333 937 8
750 611 2
74 836 2
191 492 2
108 837 8
325 628 2
750 903 2
1305 603 6
434 663 8
720 99 0
395 681 27
685 59 8
809 418 30
862 855 48
737 1295 2
1000 401 2
859 479 2
37 83 6
350 375 30
395 1381 7
862 908 59
647 256 2
765 390 8
980 958 3
381 1097 7
183 704 2
736 551 2
836 231 2
381 1389 7
303 101 8
531 722 2
720 364 1
729 1156 8
841 843 2
162 1322 2
829 1133 2
1394 1052 27
1385 738 22
721 335 27
535 793 8
255 1162 2
647 183 8
270 618 2
290 97 8
1174 1405 2
55 383 8
601 268 7
618 298 7
836 455 2
26 148 2
838 1420 8
418 1139 30
590 937 7
913 143 5
162 1307 13
1039 929 7
1185 1212 8
1233 833 1
102 321 6
231 516 2
1135 1303 2
541 1325 5
1024 689 2
1029 1405 2
1272 730 8
1483 925 2
127 377 8
692 249 8
1179 758 71
819 149 8
442 980 2
216 1342 7
70 1001 1
836 780 30
925 562 23
1266 116 8
1310 1578 5
919 126 2
272 568 15
307 550 2
387 88 5
438 498 7
362 781 30
933 960 35
535 1562 2
551 556 2
281 1053 27
296 929 57
765 1482 8
1116 167 2
303 1198 2
724 1100 1
70 1324 7
322 399 33
1184 462 57
1213 789 2
69 1076 2
1570 433 7
126 1152 26
631 1156 7
259 513 26
603 681 27
409 1424 2
921 1124 30
530 732 7
1570 766 8
519 240 2
1128 65 8
183 125 2
37 1399 6
1200 330 8
618 1436 2
519 194 7
579 453 35
420 881 3
1188 958 3
395 1036 2
303 1125 8
1306 929 7
1212 728 8
162 1274 12
117 606 30
506 1384 8
750 147 8
1564 205 19
724 981 12
1216 462 8
61 22 8
702 733 62
1301 937 7
1547 54 8
401 424 8
973 380 2
159 533 2
1163 1495 2
421 1459 30
195 148 20
928 989 2
533 453 30
361 1254 2
631 88 3
577 1449 2
1388 59 7
718 229 33
56 1239 30
923 862 2
1129 138 1
259 459 7
702 1544 7
333 1298 7
1240 1494 1
126 1076 2
335 796 2
1445 683 0
575 672 2
1566 1408 57
1045 1418 8
438 1590 7
340 224 7
392 720 15
1300 1566 5
449 1389 8
494 1335 5
67 293 0
316 1213 6
206 1496 53
438 1568 2
1161 937 8
233 730 8
1221 1213 7
416 1510 2
880 1116 2
1003 1191 12
303 1138 2
1223 126 2
905 366 2
550 1250 2
98 259 7
919 1437 8
205 424 8
873 1230 7
519 499 1
216 241 2
641 516 2
1454 173 2
405 40 1
993 686 7
658 937 8
85 143 2
1552 1097 7
1135 83 8
516 1122 2
183 357 2
69 393 2
880 1340 2
1223 350 2
292 689 2
1304 929 7
722 1342 7
297 1405 2
1405 189 27
1459 1282 30
159 850 6
483 1197 1
211 140 8
1397 823 7
551 191 14
575 101 26
603 1036 2
505 381 2
1179 743 7
618 854 27
124 59 5
1230 63 8
1502 683 0
259 863 7
222 1093 1
271 911 2
372 88 1
208 396 30
789 718 10
829 1078 2
1461 115 15
154 841 2
628 1127 8
54 1156 8
377 229 33
727 329 2
939 623 6
290 42 8
335 384 5
1249 172 5
618 289 2
162 907 2
1193 1094 50
1180 149 8
359 363 2
154 1128 8
716 1389 8
259 1133 2
1485 1355 2
468 1291 33
792 1212 7
1230 719 15
574 1470 2
694 872 2
335 1424 2
1179 1406 30
399 697 14
449 1230 2
913 836 2
383 934 15
270 492 30
45 1126 30
321 792 52
632 519 1
787 1116 7
1454 869 2
790 862 7
515 887 21
362 1006 71
301 637 5
199 803 2
1023 1389 8
1458 706 2
1252 435 8
823 1267 14
183 1449 2
641 1144 2
218 330 8
838 338 5
618 1548 5
82 728 8
541 311 2
981 829 11
241 976 30
878 256 2
516 1004 27
646 1418 7
692 22 8
1565 104 2
790 1127 8
875 1310 7
579 70 35
1525 1033 2
929 684 0
859 1052 2
1446 366 33
647 829 2
408 1097 7
502 1362 2
759 219 2
747 113 2
172 289 2
836 804 2
295 282 23
1330 1127 8
1404 1191 12
1085 1543 13
724 972 7
1394 1333 27
1400 1197 7
1461 381 30
646 80 8
1446 139 3
544 1139 30
841 1416 2
666 1068 5
148 877 7
941 321 6
694 1469 47
1436 957 8
158 1405 2
479 911 2
505 1296 8
909 1127 6
877 838 8
865 1128 8
618 917 2
1084 31 33
730 307 2
657 720 15
829 595 33
601 841 7
176 508 2
1163 648 2
890 810 15
1284 789 8
374 447 2
701 859 2
830 675 2
1162 3 8
415 1500 5
271 259 8
677 1002 1
434 938 6
568 228 6
1162 341 3
552 594 10
941 1419 8
259 54 2
236 920 74
479 838 8
350 160 16
256 834 8
1129 83 1
1037 568 7
362 1420 8
1133 568 7
333 1243 7
126 729 2
524 383 41
154 377 8
737 418 30
552 77 2
578 462 8
325 1122 6
442 1553 2
85 1129 7
1233 27 1
786 1437 8
206 1045 53
307 727 2
648 1162 2
768 937 7
662 689 2
553 1045 2
553 649 2
303 1479 2
172 693 2
108 39 8
1437 1556 2
1045 8 5
381 823 31
1022 808 8
283 168 31
961 650 1
1210 1570 7
978 1252 2
650 160 33
172 625 2
1135 28 8
897 172 8
424 1156 8
229 399 71
330 833 8
181 1389 7
289 335 2
880 1384 8
534 1126 33
535 63 8
438 129 8
867 143 2
1136 1070 5
499 933 2
483 850 1
706 808 6
535 355 8
1179 792 7
1476 861 30
82 269 8
961 973 7
1415 1496 12
1399 1342 7
1538 1127 8
1539 957 8
1131 1458 20
903 412 5
273 1565 2
494 936 8
69 265 8
45 350 2
140 502 2
128 584 53
419 724 35
830 907 2
1259 862 2
337 1236 6
357 1395 7
1295 289 2
148 167 8
923 1097 7
445 1266 1
337 905 27
1402 88 3
1295 581 2
239 1333 2
1045 219 38
1454 153 1
1179 1455 30
1152 535 2
914 1075 2
347 1340 2
1251 823 33
155 88 3
112 1230 2
279 1340 50
772 4 77
1372 1570 7
925 491 2
551 1487 7
609 139 3
690 777 2
569 730 8
325 922 2
907 113 2
1468 1156 7
1193 1070 5
417 1033 27
383 833 20
1328 389 36
383 53 30
1321 183 6
1025 44 8
1329 686 7
1291 369 5
1405 101 26
1316 394 1
629 937 7
1328 891 7
187 574 2
409 626 2
706 311 35
859 1393 2
281 479 27
318 1212 80
32 1127 6
550 881 3
535 606 85
728 1453 2
526 232 2
1214 108 8
653 453 34
833 957 7
551 368 14
148 489 6
1394 882 27
494 1173 2
938 1295 2
255 1342 7
720 1611 2
573 1138 1
43 462 7
582 1097 7
1164 1395 7
601 494 7
155 1047 33
1303 1005 7
531 1341 30
1240 293 66
126 450 2
1461 1376 15
599 458 33
1537 808 8
706 57 6
1461 258 30
502 1340 30
140 1026 2
22 730 2
883 1179 31
337 995 1
357 362 2
750 1282 30
830 620 2
1136 1381 7
367 1002 2
1551 295 4
646 780 21
565 1337 2
1193 368 30
836 678 30
259 595 33
442 1375 27
1024 519 2
713 149 8
396 1239 30
301 447 77
1191 832 5
278 1124 14
476 998 29
922 458 2
432 183 1
1561 990 37
817 139 3
337 154 27
950 369 5
209 990 37
1040 97 8
1357 366 33
1352 355 7
1349 1239 2
167 418 30
139 607 30
541 488 2
303 1424 2
524 458 2
1077 667 27
1201 472 1
869 1126 2
869 730 2
981 516 2
1062 420 6
954 1236 52
522 1342 7
330 90 8
977 476 2
1209 929 7
302 1084 7
402 355 8
501 1132 0
278 1606 2
454 794 41
759 787 8
252 837 6
836 981 2
779 1325 5
945 637 12
1193 1062 8
1131 761 15
116 810 15
850 350 2
1516 1002 1
1400 167 7
274 973 74
1179 341 7
117 1124 30
1179 737 7
35 1362 2
411 1389 8
1400 459 7
1400 63 7
382 1212 7
46 1097 7
45 399 2
1398 1389 7
572 958 5
1461 1282 30
927 453 1
154 335 2
163 1086 8
1312 462 8
1246 1076 57
978 1126 30
113 52 1
498 516 2
205 1578 5
350 854 27
944 366 2
554 184 5
772 1328 77
603 66 2
102 779 6
829 212 2
255 241 2
309 642 30
692 297 6
222 519 1
360 1127 8
418 974 30
148 112 8
720 167 8
1554 925 10
476 359 2
1193 624 50
501 158 8
1458 483 15
603 68 24
922 794 2
768 412 5
575 898 2
250 140 8
9 1384 8
833 519 25
47 1170 0
1025 950 33
540 836 2
942 117 30
1240 341 1
1029 88 2
347 1212 8
108 716 8
111 462 8
1131 1030 2
544 1199 8
144 990 5
864 1388 7
325 357 7
442 54 8
357 646 5
70 809 2
420 55 2
909 950 14
823 1118 5
438 311 2
950 844 31
802 994 5
1330 37 8
737 1362 2
550 92 8
102 396 30
862 787 8
842 925 1
483 1418 7
531 893 2
1084 47 8
1016 1065 5
575 223 26
603 762 2
494 1217 8
252 1030 27
605 183 2
259 1381 7
926 1093 1
627 37 7
1245 929 57
618 114 8
171 1384 8
1383 989 7
1259 1097 7
829 485 33
483 80 8
489 1395 7
116 1213 7
579 990 37
1259 1389 7
637 754 5
1352 991 37
285 172 8
144 646 8
1024 172 2
241 877 2
256 36 8
273 462 8
56 782 30
1264 444 2
370 297 2
1029 492 2
1459 1483 2
929 766 7
565 1236 7
1146 102 7
106 447 2
1075 309 30
1377 172 7
463 937 7
787 1342 7
102 803 2
646 657 21
211 838 8
156 720 15
1442 552 1
445 501 2
231 911 2
268 1578 5
1040 42 8
1050 834 19
584 502 8
23 830 30
988 1162 2
724 1271 1
281 1120 27
420 1079 2
1156 512 5
84 568 2
686 0 5
1570 249 8
141 236 9
1553 516 2
112 59 8
437 1104 8
516 269 2
980 1419 8
35 646 1
1160 88 5
1075 1076 2
427 104 8
419 330 8
399 905 2
1297 295 1
618 1211 2
1330 957 8
450 750 30
303 1296 8
1461 607 30
117 381 30
267 937 7
1177 516 27
255 1565 2
267 565 27
727 36 33
256 1133 2
244 252 6
35 911 2
1138 412 5
762 776 5
1054 1230 2
701 689 2
20 256 7
377 419 2
1540 1127 8
471 1295 2
259 676 2
162 346 2
483 1396 8
1162 917 8
236 789 2
388 37 8
337 503 27
753 720 15
1356 658 0
1505 377 8
780 550 1
151 724 35
321 1335 5
901 1246 37
1037 1127 8
1193 173 50
1031 383 2
1521 59 8
667 119 7
209 325 1
1352 1392 7
575 843 2
925 89 2
707 108 8
551 1423 2
206 1047 2
699 730 8
1340 1578 7
1104 491 1
1322 88 5
855 476 30
569 958 3
845 1499 57
550 1025 2
973 690 1
865 1389 7
341 139 3
759 1141 2
919 1212 8
27 241 30
119 1144 55
1209 1570 7
12 1461 20
1188 1342 7
686 1316 5
997 37 7
1170 1023 1
69 168 2
960 973 7
499 775 12
750 555 2
464 1131 20
46 1342 7
82 495 8
618 1397 7
514 516 2
531 546 2
277 1097 7
1554 113 2
544 390 30
620 841 2
494 433 7
1193 32 8
655 37 8
1179 914 7
494 771 2
270 442 2
401 436 2
486 1447 2
494 766 8
625 1156 8
1141 377 6
499 1086 8
47 37 8
1252 223 26
651 872 40
124 505 1
290 213 8
582 1033 2
69 387 8
817 1097 7
720 808 8
263 552 2
1372 1572 7
148 2 2
663 401 5
205 1320 77
271 618 2
1391 911 2
363 920 2
933 63 7
578 1384 8
913 1075 2
1047 365 2
1056 1116 8
1233 553 1
148 685 8
1439 836 5
241 484 7
866 568 15
1479 1496 53
1193 258 30
98 438 7
361 377 8
925 717 2
143 297 8
471 148 2
205 1250 7
1548 412 5
1045 114 8
1039 1310 8
269 303 20
1124 1097 7
552 443 12
907 730 8
60 311 35
783 1135 2
994 1045 12
112 1342 7
1328 1344 37
598 1094 30
438 322 7
1002 1099 2
217 1230 2
550 446 2
409 1417 27
412 229 1
322 1230 2
476 861 30
269 573 15
286 159 1
724 528 1
61 1 1
108 1581 8
281 773 27
70 653 1
162 338 5
199 568 7
952 369 5
1407 1246 37
85 937 8
420 628 2
579 241 35
978 399 2
416 138 2
880 140 2
642 284 2
421 458 2
1505 958 5
295 388 2
1301 37 7
1075 625 2
1214 730 8
395 464 2
172 163 8
526 854 2
979 1075 2
303 454 2
176 59 2
1382 139 5
226 366 30
674 109 0
729 1405 2
1394 1004 27
281 36 2
241 789 1
35 1252 2
48 694 39
492 622 2
172 387 8
1046 278 74
1351 1005 36
361 682 2
140 856 2
825 1395 7
730 770 2
102 377 6
184 1014 66
1391 1097 7
463 412 5
823 326 7
454 476 7
726 730 2
651 8 5
1144 1236 6
362 1200 2
1288 140 8
512 453 35
238 551 2
829 97 8
361 568 7
458 840 2
617 453 35
1567 1352 2
1020 646 8
527 1389 5
285 1131 20
223 1126 2
223 730 2
689 1148 2
829 75 3
216 1340 2
1044 259 8
1496 1525 40
786 1212 8
901 568 7
416 938 2
915 1581 8
52 646 5
369 915 30
605 412 5
565 75 8
295 1480 2
1022 291 8
902 1127 8
1340 1059 7
1136 97 8
140 908 5
295 753 23
642 912 2
528 552 2
144 88 5
779 47 8
727 658 0
368 418 30
1187 1097 7
86 143 2
43 1384 7
727 1428 2
759 914 2
535 960 85
519 542 7
292 409 2
1301 957 7
738 790 2
1459 606 30
750 891 8
1397 939 7
841 216 2
706 875 6
486 1100 2
759 199 33
734 750 2
603 360 2
1305 929 7
1162 433 7
252 628 27
823 1418 7
272 565 2
839 750 2
1047 1375 27
829 798 2
20 59 5
336 1127 6
862 213 8
1460 1231 41
928 1395 7
126 1200 2
894 776 5
1396 937 7
1496 763 38
830 1474 2
466 377 6
380 603 2
340 1140 7
140 569 2
505 28 8
1380 1075 2
598 813 8
360 957 8
363 527 7
720 393 8
255 759 2
1025 952 33
337 1076 27
359 37 7
247 1097 7
720 685 8
1479 1045 53
238 1075 2
699 236 12
1180 139 3
363 63 7
1163 63 8
396 678 30
127 88 3
1474 730 2
70 374 1
350 46 8
425 1246 37
350 384 3
792 1156 7
420 513 26
1009 434 2
92 1453 2
642 1567 1
665 383 8
195 937 7
183 1169 2
315 281 2
551 221 2
281 322 27
1110 1127 8
550 883 33
322 1129 7
867 568 7
1254 3 8
279 1252 27
1119 1437 8
1336 732 7
534 933 2
921 893 30
1084 254 12
861 1084 2
762 937 8
642 229 2
409 693 2
183 1393 2
88 75 3
303 102 8
25 1395 7
841 844 2
434 883 14
915 1578 5
1394 1053 27
1075 210 2
494 1298 7
1050 419 1
631 1086 8
573 913 1
355 1135 2
290 390 8
573 809 1
808 1310 7
1233 834 1
440 1349 1
1144 493 6
913 1310 7
1162 119 8
424 911 31
909 779 6
56 216 30
870 412 5
1252 960 2
610 836 3
1364 350 2
138 82 7
1284 446 2
820 1389 8
64 678 30
823 1396 8
256 158 8
1481 60 2
852 396 30
934 88 3
341 1075 2
1283 139 3
698 1156 8
584 796 8
563 335 2
1003 236 12
689 796 8
442 981 2
1127 728 7
317 1213 7
560 1389 7
1104 89 1
425 568 1
552 1016 12
551 917 2
207 1321 2
1317 1075 27
333 936 8
836 1073 30
889 453 2
377 1344 5
681 366 33
362 782 30
933 961 35
307 447 2
290 51 5
650 699 2
1100 732 7
420 909 2
869 505 2
36 61 15
421 1135 2
1119 462 8
650 264 23
84 1086 2
782 694 39
1439 377 8
411 841 2
267 859 27
205 21 8
618 1041 2
292 458 2
183 80 7
767 183 2
395 1037 2
88 662 2
395 641 2
160 531 2
618 1333 2
796 70 25
719 1437 8
616 759 2
686 450 5
641 108 8
718 1409 2
1179 116 7
377 713 2
139 857 2
1480 925 10
444 1376 15
222 70 1
972 551 2
503 1075 2
252 177 27
860 1156 8
601 501 7
350 284 16
273 1384 8
1395 1418 7
1119 396 30
617 1389 7
318 236 80
1550 139 3
702 1613 7
479 1213 7
232 1002 1
117 713 1
1549 281 55
261 1191 12
380 256 2
45 70 2
1340 1102 5
718 853 12
1284 31 33
357 1156 8
950 29 2
259 798 2
772 1395 77
907 1212 2
893 911 31
337 625 27
1252 1583 8
505 265 8
819 1097 7
565 33 2
457 1128 8
1467 363 1
20 706 7
1216 88 5
449 603 2
1206 568 15
139 1474 30
1152 646 8
667 975 2
1082 350 30
851 1126 30
1237 568 7
552 425 2
813 1212 8
1082 642 30
898 1395 7
795 88 3
1144 908 8
552 717 2
1104 1009 1
1104 1446 2
505 1650 67
1565 1148 2
674 297 2
170 117 30
499 683 0
849 810 15
438 258 2
207 638 2
88 728 7
189 1129 7
592 724 50
205 676 7
108 387 8
71 1328 2
191 730 2
686 658 66
82 393 8
420 1491 7
504 667 27
531 840 2
1114 444 23
295 942 33
620 1135 2
236 1067 5
1170 1249 1
462 817 5
611 775 2
1106 933 2
507 1342 59
54 1230 2
502 1131 2
462 1505 5
321 1217 8
837 438 6
986 82 38
318 1328 80
434 833 8
303 47 8
945 113 2
335 1141 5
727 890 33
841 393 2
829 1079 2
721 281 27
1084 114 8
1424 183 7
577 543 2
258 458 2
32 779 6
828 335 2
834 957 7
494 562 23
401 908 7
582 1213 7
263 732 7
1448 438 30
478 1097 7
363 808 7
1127 75 5
925 1407 2
841 716 8
577 475 2
1391 1033 2
775 705 5
921 917 2
502 239 39
1480 1328 2
242 519 79
483 147 8
452 1395 7
565 661 2
321 1153 52
85 350 41
730 341 3
557 1395 7
836 398 30
217 836 2
1466 508 1
462 770 2
1024 239 2
126 97 8
1123 1097 7
195 412 5
1544 958 5
108 1583 8
1250 823 33
154 88 3
1239 505 2
1140 458 33
1316 139 5
692 533 3
1355 823 33
335 406 2
836 726 30
792 172 2
878 325 2
272 649 55
692 487 8
259 42 8
42 362 30
1040 213 8
457 377 8
836 622 30
980 929 7
383 454 41
1253 366 33
584 277 8
1330 472 1
1223 1047 2
1252 728 8
730 1335 5
862 1550 59
409 1042 2
194 416 2
672 148 2
555 492 2
629 1389 7
368 692 71
199 1127 8
1253 139 3
1319 925 2
1093 850 6
148 613 6
1292 823 31
363 961 35
1285 441 0
913 1454 30
1146 1578 5
399 1076 2
1475 929 57
759 116 2
88 269 7
395 685 8
49 823 33
395 586 2
638 366 2
113 1564 5
1200 172 8
1183 551 7
148 837 6
636 183 8
1563 88 3
176 531 7
1295 1333 2
139 1198 2
1081 140 2
377 274 12
1244 97 15
239 1375 27
32 183 2
1406 37 7
727 1250 2
1394 269 2
1507 1091 2
118 686 7
126 798 2
1037 929 7
369 420 2
359 1284 2
939 711 8
454 1040 2
1185 183 8
259 451 2
1162 296 8
139 1026 2
584 1596 38
568 917 6
595 957 8
471 1362 2
449 256 2
301 1191 77
1179 1120 30
361 1127 8
1193 1073 51
808 149 8
551 1198 2
550 1264 2
403 412 5
369 453 30
915 1416 2
51 646 5
692 719 8
1428 845 5
87 335 2
146 973 9
1447 401 2
1436 1389 7
912 139 3
1045 586 40
966 1611 2
902 957 8
108 40 8
424 1126 2
929 1335 5
519 49 1
1031 377 8
1126 92 7
343 838 8
1005 629 64
889 958 2
160 1230 7
1471 728 59
1084 1443 2
611 278 58
1389 743 5
1540 937 7
293 330 7
1156 1207 5
650 837 23
1075 1479 2
528 732 7
710 412 5
1084 1112 23
1144 53 35
1570 75 3
1081 836 2
229 692 71
1084 1124 33
434 90 8
1550 838 8
1527 1212 8
599 568 7
271 565 2
784 1558 77
862 507 8
927 1265 1
1394 255 27
462 298 5
1084 163 8
162 537 12
568 1321 6
420 98 8
841 437 8
603 878 2
1173 732 7
1061 1284 2
958 881 3
399 28 8
161 172 8
1291 272 7
936 1156 7
380 829 2
939 1298 7
1489 508 1
259 1079 2
128 689 2
927 1093 1
830 1200 2
928 252 2
841 265 8
489 1156 8
1052 1252 2
259 1371 2
565 314 2
829 852 2
457 1310 2
337 1198 27
1519 149 8
56 106 30
819 108 8
1284 39 8
670 1002 2
140 326 8
891 958 48
278 893 14
126 42 8
346 1384 8
205 1025 7
1008 380 2
552 602 2
458 675 2
383 834 20
305 1002 1
872 412 5
1461 678 43
917 399 33
325 877 7
152 830 30
383 450 30
569 1419 8
77 990 37
442 475 2
1449 584 53
230 56 33
692 36 8
375 1126 30
1349 216 2
438 831 2
973 697 1
761 568 7
1047 861 30
917 1437 8
69 1035 2
770 568 7
880 823 16
532 1446 2
346 1212 8
82 971 2
527 646 68
617 990 37
526 656 1
1550 1097 7
847 1310 7
437 532 8
761 937 8
406 1384 7
841 1138 2
1075 504 2
494 858 12
1298 462 7
399 729 2
1449 516 2
728 1454 2
1075 796 2
832 732 7
172 235 2
538 730 8
825 1342 7
883 915 30
1329 37 8
724 1205 64
485 1075 2
139 455 2
836 1042 2
1056 1213 6
399 661 2
162 1445 2
598 1298 7
655 1128 8
281 873 55
75 139 3
1271 950 33
311 396 30
52 1156 8
1044 829 38
1045 1604 38
274 278 74
501 1161 7
24 950 33
1265 865 6
205 120 77
701 409 2
140 1418 8
478 108 8
1277 1304 7
770 958 5
642 676 30
1127 1418 7
1045 1377 8
823 789 7
823 393 7
1179 949 71
1179 1345 71
1252 1082 2
126 675 2
1163 917 8
584 626 8
238 618 2
939 588 8
524 541 82
139 676 30
453 983 2
325 1505 7
1474 1084 2
420 824 6
323 535 7
442 707 2
916 1389 8
777 1243 7
459 1128 8
1040 390 8
726 830 30
1570 1457 8
315 1135 2
727 163 5
667 63 7
36 362 31
350 1194 30
647 1075 2
823 1452 30
165 812 1
1221 1437 8
650 821 2
658 140 8
303 1420 8
427 916 8
420 1031 2
928 794 41
417 575 27
1285 1014 0
420 1381 7
841 223 26
279 399 27
531 334 2
325 63 8
1201 1156 7
829 513 26
447 39 8
1084 381 33
1075 1424 2
1092 1454 2
278 1607 2
1160 1170 0
932 958 5
347 915 30
347 519 30
730 1345 2
395 1555 2
183 540 2
544 1554 0
179 149 8
531 266 2
159 1120 2
1329 957 8
395 1550 8
1127 1344 5
494 491 2
139 979 2
1405 722 2
577 638 27
926 70 1
61 437 8
486 160 33
147 1395 7
977 1384 8
271 442 2
888 810 15
126 1371 2
25 812 2
88 658 0
140 47 8
580 1246 1
939 1243 7
259 628 2
1075 206 54
925 901 2
70 1499 10
577 365 2
696 1045 2
349 952 33
7 838 7
820 140 8
674 591 2
449 829 2
792 1395 7
1008 1298 7
56 51 30
581 256 2
810 1296 8
208 366 2
1474 505 2
442 128 2
1468 706 7
746 287 5
1459 684 2
333 83 8
396 1491 5
972 812 1
576 259 8
329 444 2
1252 326 8
438 42 7
1381 958 5
70 81 1
1126 269 7
689 167 8
246 453 35
1045 1270 5
1230 1321 55
544 806 30
462 1335 5
69 912 2
721 575 27
476 513 30
659 75 3
858 970 74
453 1371 5
86 937 8
720 891 7
1404 732 7
303 273 8
1209 143 7
152 458 2
944 1459 2
650 65 8
234 412 5
162 1098 2
148 39 6
252 1031 27
1310 90 8
1540 172 8
399 210 2
598 1243 7
208 915 30
1359 718 10
384 1104 7
216 88 5
626 937 8
255 1230 2
605 476 2
505 1583 8
957 560 59
987 70 35
384 1437 8
670 139 5
779 908 6
925 853 12
366 722 2
359 486 2
489 1437 8
151 37 8
1520 958 3
1391 1213 7
491 444 2
483 769 8
584 798 38
568 119 6
1377 929 7
240 1340 2
39 1389 8
912 1075 2
1210 139 5
337 168 27
774 1295 2
1448 492 30
1454 1456 2
1505 438 8
1135 1371 2
674 888 23
714 1126 14
304 236 10
1351 990 37
1328 75 5
1374 1453 2
438 1076 2
206 420 2
442 360 2
70 1173 1
317 1384 7
643 377 6
541 461 1
420 373 6
631 1005 1
931 3 8
519 1354 1
931 341 3
838 1217 5
450 718 2
988 1163 2
674 1112 23
650 474 2
1223 1565 2
1128 206 2
641 60 2
983 1135 2
550 789 8
350 1139 30
281 1121 27
1264 724 35
765 1550 8
88 563 7
88 167 7
4 309 14
1136 213 8
541 1122 2
417 1230 2
117 450 30
34 416 40
763 44 7
1291 170 31
294 568 7
1075 1077 2
416 882 2
281 160 2
1103 37 8
634 957 8
12 370 20
829 1122 6
931 1335 5
244 321 6
390 492 2
43 1104 7
973 620 2
759 1030 2
796 241 25
1183 777 7
188 129 12
236 146 5
1163 233 27
1200 1086 8
139 1028 2
584 1598 38
829 1491 7
253 1342 7
1394 145 27
138 162 1
1337 724 25
1296 1310 59
872 1131 20
702 1388 7
1141 438 6
928 765 2
1493 1033 2
601 568 7
1129 670 1
45 241 2
1008 920 1
575 912 2
150 241 2
1354 113 2
584 219 38
454 1162 2
151 957 8
90 1157 62
1233 322 1
829 54 2
138 823 2
586 724 2
702 1612 7
170 64 30
1488 541 2
442 638 27
361 88 3
1008 1243 7
731 88 5
796 957 8
1355 366 33
515 658 0
515 699 1
1232 788 48
1047 68 24
1454 309 2
774 148 2
982 172 5
333 28 8
217 603 2
438 33 2
1338 937 7
107 728 8
933 53 35
603 735 52
183 889 2
867 730 2
759 1388 7
979 516 2
1446 637 12
325 641 2
836 138 31
809 535 30
996 937 8
1476 1448 30
625 1230 2
546 462 8
863 603 6
301 779 7
474 990 5
101 412 5
69 852 8
581 458 30
367 1246 37
544 287 30
1294 650 2
841 168 2
655 330 8
505 53 2
1394 773 27
1179 1207 7
643 958 3
789 1170 0
1271 775 12
820 453 1
191 830 30
931 1062 7
1396 1389 7
703 1076 2
241 157 7
1510 88 2
727 397 2
1505 929 7
667 338 5
140 625 2
392 1156 8
266 1086 8
956 1437 8
551 1304 5
1047 762 2
923 1266 2
1447 925 10
598 1161 8
145 841 2
325 46 6
337 1424 27
1084 1325 5
577 938 2
1041 148 2
1378 750 2
840 399 14
790 706 7
1284 265 8
766 412 5
98 777 2
917 1340 2
1163 119 8
56 624 30
438 391 7
1076 1291 30
1056 694 39
143 298 8
341 399 2
458 167 7
230 642 33
598 1455 30
442 701 2
907 236 2
468 1086 8
240 1212 8
222 88 3
325 1337 2
199 929 7
322 584 33
792 239 2
1230 1004 2
1344 584 12
321 1396 8
706 606 35
667 98 8
1231 834 2
535 1283 2
727 99 0
664 703 2
591 720 15
88 216 7
69 1553 2
650 419 2
372 937 5
667 390 8
551 569 2
862 1388 7
191 1128 8
432 730 8
61 982 1
1570 533 3
731 107 7
1084 590 2
297 667 27
408 1310 8
829 338 5
1055 88 5
1570 487 8
1084 1377 8
183 34 53
756 541 2
1321 139 3
409 1041 2
267 183 27
384 1349 7
453 104 35
183 138 2
818 990 37
159 322 2
618 1449 2
618 1053 2
764 205 19
444 1200 15
492 983 2
486 77 2
841 1583 8
370 647 2
162 360 2
1144 1305 6
385 44 8
1551 486 4
727 1025 2
1448 841 30
205 346 77
183 65 8
739 730 8
738 90 8
550 441 0
1128 1118 5
64 1094 30
1191 214 75
159 150 2
784 929 77
1166 957 8
361 929 7
362 805 2
1061 363 2
575 857 2
915 530 1
138 476 2
56 960 30
442 1059 7
383 976 30
1262 444 2
907 1328 2
253 1156 8
148 3 8
912 1252 2
1104 901 1
1075 883 30
702 1161 7
570 172 8
210 1033 2
905 259 2
117 657 1
575 393 2
558 363 2
650 345 0
1395 92 8
913 325 2
1328 1418 7
428 649 2
655 1097 7
1079 633 1
867 1291 16
221 350 2
1084 419 67
898 1156 8
848 139 5
655 1389 7
1040 908 8
545 1047 2
823 1282 30
621 1116 57
576 149 8
1231 1457 8
1019 838 8
681 149 8
370 269 20
140 1201 5
291 1395 7
1439 730 2
391 1471 7
843 859 2
330 213 8
639 1459 2
406 531 7
416 1455 2
1179 928 7
183 78 2
363 53 35
737 565 2
399 1479 2
1547 471 8
1326 1437 8
438 197 8
1459 607 30
1372 420 5
401 742 2
859 833 2
177 139 3
1230 455 55
265 937 7
191 377 8
503 1131 2
1282 552 1
936 1395 7
303 163 8
494 717 2
377 1061 2
1394 30 27
252 233 27
159 1242 2
259 922 2
1525 350 2
1394 322 27
829 357 7
1133 958 5
957 158 59
1055 107 7
1458 56 30
494 282 23
929 433 7
117 1061 1
805 937 7
601 1537 7
154 458 2
937 90 8
573 619 2
126 1493 2
915 1554 1
934 1086 8
337 97 6
707 1047 2
689 739 27
61 631 15
569 929 7
45 915 30
1144 158 6
491 37 8
377 611 34
170 241 30
1029 383 2
1252 625 2
1252 229 2
917 1384 8
1338 412 5
812 983 14
900 859 2
667 1381 7
893 1131 7
447 254 12
126 213 8
472 833 8
633 938 6
143 581 3
555 442 7
673 1310 8
1019 1097 7
454 59 8
483 533 3
678 1135 2
689 65 8
92 1454 2
374 925 10
774 325 2
438 210 2
330 1305 8
438 606 2
917 1212 8
1449 651 53
230 519 33
1225 107 48
1223 1163 2
876 929 7
648 646 8
362 51 30
664 252 2
409 762 2
70 599 1
618 1375 27
420 277 8
1394 1122 27
531 1480 2
611 973 58
287 718 2
859 1169 2
318 1384 80
980 1310 8
295 334 2
399 504 2
137 412 5
233 412 5
102 915 30
874 958 3
833 1129 7
395 743 3
148 265 6
1461 102 30
838 1391 2
261 236 12
933 751 2
1416 803 2
941 438 6
623 1156 8
737 765 39
1295 1449 2
1295 1053 2
268 437 8
270 516 2
829 1381 7
290 787 8
256 628 2
318 44 8
261 552 2
401 90 8
140 1198 2
1519 958 3
1058 1156 8
14 295 1
205 687 77
126 914 2
718 610 2
718 214 2
1369 990 1
1144 1228 1
1028 335 2
366 844 2
1461 379 41
205 583 77
458 808 7
335 93 1
486 246 2
483 891 8
674 1445 2
268 265 8
915 912 2
1081 183 8
1252 857 2
491 957 8
193 519 57
1495 1033 2
1566 386 57
70 1003 1
915 844 2
1037 1310 8
454 646 7
661 1395 7
692 881 3
167 950 30
54 70 25
575 1125 8
442 878 2
172 1375 27
230 259 2
923 59 8
1227 1097 7
999 377 7
653 952 33
1565 917 2
416 488 2
325 1176 7
238 325 2
546 1340 2
76 1224 2
823 1220 14
1227 1389 7
501 684 0
565 21 8
736 812 1
112 646 8
80 462 7
1201 1395 7
205 49 7
205 90 8
650 992 2
1221 1212 8
541 556 2
945 686 67
1253 149 8
147 794 41
1297 486 1
417 350 27
925 631 15
156 519 1
1050 341 5
301 377 7
1436 937 7
281 678 2
1284 441 0
183 23 2
399 1424 2
147 1342 7
69 54 8
183 315 2
1384 75 5
850 126 2
205 309 14
961 694 7
45 535 2
1183 1295 7
162 245 2
150 535 2
1179 805 7
53 205 2
377 610 2
1295 78 2
401 327 2
246 990 37
148 854 27
505 42 8
727 1489 59
32 531 2
926 241 1
1295 32 7
915 507 21
1247 925 10
1163 1393 2
239 1122 2
290 104 8
1214 683 0
550 1014 0
719 59 8
1283 836 3
495 937 8
575 1138 2
309 418 30
1204 1340 30
128 409 2
323 236 5
907 1213 2
148 226 3
454 1342 7
337 626 27
921 244 7
259 357 7
190 776 5
559 1342 7
652 70 35
730 1341 30
1035 937 8
1350 550 1
350 357 2
836 68 24
1479 803 2
565 722 2
931 1217 8
584 1321 8
1495 350 2
183 75 5
1570 1491 7
22 88 3
876 172 5
401 606 35
396 624 30
45 396 30
689 114 8
718 286 15
1337 937 7
498 412 5
686 3 8
588 140 8
347 1384 8
1230 206 2
1315 577 52
1443 458 33
36 724 30
438 213 7
83 1097 7
88 1021 7
988 706 2
900 1127 8
295 1274 12
526 125 2
74 1075 2
1191 822 74
1271 683 0
1437 1190 33
189 649 33
829 373 6
1340 341 3
401 685 7
256 513 26
1080 148 2
1075 178 7
458 1070 5
69 979 2
1295 728 7
805 412 5
1080 836 2
1223 692 19
45 1163 2
464 911 31
544 513 30
606 207 7
181 1156 8
505 279 2
1284 1124 33
712 532 7
787 88 5
836 762 2
674 0 0
270 565 2
834 649 33
1207 1127 8
1390 25 1
747 462 8
1176 476 2
541 191 14
162 1561 2
551 381 14
926 1265 1
768 172 8
1144 903 6
476 831 2
642 102 8
1405 210 2
273 603 2
957 147 8
987 241 35
1284 163 8
957 881 3
1340 1335 5
479 531 7
480 803 2
1291 1354 2
565 1418 2
1467 1352 1
366 893 2
240 823 2
374 113 2
126 463 2
265 172 8
1162 65 8
933 920 2
148 808 8
60 606 35
228 1405 2
462 433 7
138 366 2
325 233 27
1284 387 8
1442 1084 1
1565 739 27
1478 552 2
1247 1328 2
1128 1418 7
753 184 5
361 401 2
438 909 7
126 390 8
939 308 8
1075 1152 26
458 685 7
1266 63 8
692 92 8
311 550 1
1447 1126 33
325 1225 7
202 551 2
790 1156 7
1242 148 2
434 1161 7
1252 1125 8
1458 954 7
617 1005 36
534 1191 12
438 737 7
362 624 30
1031 88 3
1221 1162 2
1075 1417 27
988 1230 2
596 823 31
108 101 8
416 365 2
584 292 40
1554 1328 2
505 1371 2
4 813 15
322 37 8
1295 627 6
1084 1207 8
631 1395 7
399 1077 2
267 409 27
1427 1314 7
719 1342 7
944 259 2
1124 205 14
252 850 6
950 1354 2
1090 59 7
1405 150 2
75 149 8
167 568 7
609 1310 8
483 1199 7
127 1047 7
727 1251 2
396 1550 8
1135 1509 1
183 291 8
147 765 2
32 476 2
604 531 2
117 263 1
148 1190 33
179 139 3
235 1131 2
1163 1338 2
1039 239 2
20 720 7
1194 44 8
28 377 8
1162 297 8
91 1389 5
925 329 2
784 366 1
126 1482 8
4 83 6
458 1381 7
139 1418 8
1191 669 76
368 779 8
568 1210 6
720 226 3
841 326 8
1052 958 3
689 233 27
931 433 7
450 1585 2
679 730 8
1193 1074 51
939 936 8
140 433 3
561 335 2
570 1086 8
1291 301 14
752 779 5
447 1124 33
334 552 2
88 1034 7
25 519 35
1454 480 2
557 937 7
185 335 27
545 1565 2
995 241 33
1128 1396 8
891 321 2
295 596 33
325 27 69
410 1135 2
541 1525 2
325 119 8
1196 1230 2
238 1291 30
1179 1550 7
377 1355 2
447 387 8
50 1496 2
115 483 15
530 37 8
1284 1014 0
1394 616 27
960 650 1
1082 667 2
102 117 30
131 1240 67
724 291 7
1323 205 14
259 373 6
1302 140 8
259 1148 2
1397 1400 2
736 730 8
162 818 2
1282 674 1
1191 1428 75
1400 808 7
158 724 2
256 1491 7
126 681 27
663 933 5
1298 59 7
1570 1070 5
1527 1437 8
1198 765 19
170 535 30
957 92 8
956 1212 8
28 568 7
999 149 77
187 519 35
306 779 5
598 936 8
205 181 77
907 183 2
933 527 7
1210 1566 5
148 758 2
1337 412 5
229 492 2
1252 455 2
1155 958 3
476 1000 2
1144 1550 8
552 1359 2
155 44 8
912 399 2
1350 727 1
823 891 8
900 689 2
1401 88 3
564 574 2
905 1405 2
737 1340 30
438 504 2
1358 1230 2
849 730 30
301 113 77
1537 1118 5
584 291 8
810 437 8
277 925 10
13 958 3
1036 88 2
1114 637 12
158 88 5
213 1384 7
442 471 8
383 347 30
328 957 8
69 995 1
438 390 7
933 1289 36
633 1388 6
98 730 7
82 972 2
550 118 2
971 812 1
1304 1572 7
671 259 8
854 1097 7
1570 726 8
650 590 2
1344 651 12
1106 1191 12
1437 1225 7
1340 936 8
922 483 15
643 321 6
77 1389 8
1446 113 2
1337 172 8
411 836 2
889 172 2
285 370 2
1047 881 5
278 543 1
402 21 8
656 1126 14
399 626 2
181 1437 8
1128 249 8
650 855 3
1372 1566 5
727 1264 2
864 3 8
750 39 8
864 341 3
1193 728 8
643 1419 8
594 1543 2
127 642 2
1287 1047 33
702 338 5
476 1404 2
929 891 7
703 1479 2
929 850 6
338 412 5
252 68 27
1045 1605 38
241 1253 1
290 1305 8
18 1389 8
256 808 7
1527 462 8
601 730 2
261 732 7
604 476 2
830 622 2
932 929 7
361 750 2
366 594 73
718 452 12
1155 1212 8
292 172 8
1166 1128 8
126 1036 2
575 1028 2
320 1213 6
568 863 6
527 1129 5
143 1457 8
442 1568 2
494 83 8
210 516 2
1250 113 2
101 476 2
674 1567 2
594 159 8
852 915 30
852 519 30
139 1073 30
1340 1345 2
438 1482 7
447 381 33
1008 1004 8
1082 241 30
1496 905 40
311 727 1
738 813 15
551 1436 2
291 1342 7
383 1371 30
795 37 8
1439 281 2
307 674 2
1251 366 33
634 603 6
845 824 57
330 848 8
83 1033 2
1075 1493 2
238 838 8
1323 1097 7
515 747 1
650 1114 2
550 31 33
140 976 5
1439 505 2
117 1194 30
535 1492 85
281 158 27
439 325 2
459 88 3
406 702 7
1076 667 27
1077 584 53
642 1376 2
256 338 5
938 1126 16
960 694 7
1402 1395 7
1326 1212 8
365 88 27
252 735 6
401 517 2
434 31 14
1400 65 7
575 995 1
98 418 30
939 875 6
377 452 12
841 284 2
360 1156 7
61 42 8
268 1583 8
721 172 27
148 479 2
255 603 2
1119 915 30
1173 236 12
486 837 23
252 27 53
627 140 8
1364 1565 2
958 344 7
278 125 2
1518 730 8
487 1389 8
1278 732 48
357 1284 2
128 239 2
192 830 30
418 976 30
980 724 31
155 950 33
1044 1127 8
1188 598 50
1461 255 42
829 793 8
290 974 5
702 357 7
98 159 7
1133 667 27
143 18 8
438 449 2
1565 233 27
1025 59 8
541 1536 7
274 1066 5
107 789 2
945 925 10
1010 908 7
515 1443 1
350 114 8
981 1127 6
761 519 1
795 957 8
162 81 10
1317 911 27
362 1190 71
900 957 8
1047 85 45
69 981 2
1129 341 3
535 1003 2
535 607 2
1421 836 1
921 1029 30
1496 154 40
878 148 2
147 1047 16
1223 1230 2
531 1359 2
551 289 2
377 1153 6
789 140 8
850 1340 2
179 1097 7
363 1289 36
1075 54 2
199 1310 8
647 325 2
399 675 2
841 980 2
841 1376 2
763 88 3
1186 1310 7
820 1265 1
745 1384 7
958 1436 7
535 53 85
137 957 7
425 724 35
140 1041 2
618 1169 2
1183 442 7
1394 1121 27
686 131 67
139 693 2
370 763 2
35 577 2
1187 59 8
703 1424 2
572 1566 37
382 427 7
727 745 2
747 958 3
933 808 7
1340 250 5
544 1574 2
980 915 30
1302 937 8
1075 671 30
127 519 2
852 462 8
126 981 2
418 1500 30
772 939 77
1191 801 10
836 1207 8
483 1062 8
434 1122 6
256 726 8
823 1073 2
362 916 8
810 619 2
438 1077 2
139 622 30
1068 658 0
1008 517 1
1003 1084 2
454 462 8
126 908 8
551 693 2
722 750 30
54 241 25
796 330 8
325 1393 2
1022 80 8
672 1131 2
655 1213 7
442 607 7
1342 292 2
1084 1110 2
102 1384 8
1463 37 8
283 524 31
894 841 2
107 101 8
550 1087 2
1340 1176 7
1340 1217 8
270 70 31
536 803 2
981 651 53
84 862 2
922 730 30
117 1139 30
1291 463 31
907 412 5
66 88 2
1103 330 8
1179 648 7
674 1214 0
818 1005 36
759 1031 2
889 1230 20
309 259 8
1084 998 29
728 321 2
154 350 2
1476 357 30
852 1163 2
486 821 2
1127 1290 5
1400 406 7
159 1358 2
847 838 8
335 581 5
178 139 3
841 229 2
1525 70 2
1284 1314 2
252 641 27
401 97 8
1551 1230 4
810 982 1
167 1419 8
1174 395 2
1454 272 31
377 742 23
575 913 2
363 690 2
1214 412 5
454 1163 2
1025 1342 7
306 377 5
1253 401 2
125 1126 2
1047 31 2
543 573 15
213 321 6
377 1396 8
381 750 30
1152 823 2
1468 1116 7
337 693 27
464 492 2
1045 403 38
565 497 2
973 656 1
108 627 8
833 70 25
314 1033 2
1110 88 1
1019 1213 7
942 64 30
569 1310 8
607 724 30
393 88 5
1253 958 3
107 1125 8
540 1075 2
37 269 6
1230 273 2
27 535 30
1292 1608 46
183 890 2
1450 958 2
362 379 71
1555 958 2
409 1375 27
650 284 33
117 1371 30
1045 873 16
686 1214 5
61 787 8
720 446 1
1144 572 35
859 889 2
37 493 6
863 937 7
183 817 8
502 803 2
616 1163 2
1187 1342 7
501 0 0
880 139 3
1126 1267 14
750 1578 3
1437 296 8
1404 236 12
1400 638 7
1394 774 27
377 1409 2
1047 831 2
544 976 30
391 44 7
434 1292 14
841 857 2
852 183 8
834 1129 7
494 1357 2
281 368 55
476 606 2
703 1077 2
337 1493 27
1295 1169 2
1295 773 2
727 2 2
1545 730 8
719 462 8
727 352 7
489 1342 7
205 407 77
982 937 5
816 1097 7
1383 1170 2
434 338 5
527 727 5
325 735 6
1044 256 38
464 724 2
674 1561 2
447 1090 2
1164 1156 8
337 114 27
852 117 30
790 1395 7
531 1457 30
330 1388 7
101 366 2
1163 808 8
598 1456 30
438 1080 7
883 1131 7
689 855 3
142 108 8
399 1152 26
1108 183 2
483 881 3
546 727 1
981 1362 11
556 958 2
778 1163 2
383 230 41
1227 1213 7
542 278 2
1295 533 5
256 1315 5
647 633 1
311 1008 7
1379 958 5
1201 724 1
1340 433 7
109 958 3
438 908 7
286 453 1
728 829 5
1128 881 3
541 672 2
724 1114 1
359 88 5
1119 183 8
420 922 2
552 75 3
303 1207 8
1099 438 8
732 837 12
841 1553 2
170 1310 7
829 1505 7
233 1156 5
594 1395 7
1515 259 2
524 574 2
383 652 2
1217 958 59
601 686 7
618 1450 2
618 1054 2
991 1511 9
730 840 2
438 883 30
1520 929 7
297 395 2
43 1342 7
1421 462 8
191 88 3
143 1418 7
928 1129 7
1526 462 8
603 26 2
647 1291 30
627 694 39
598 156 2
1119 117 30
277 1437 8
311 915 30
727 671 33
59 1154 59
401 42 8
739 1419 8
357 486 2
1352 533 5
983 61 15
927 241 1
838 63 8
1518 958 3
823 1354 2
1082 535 30
145 159 2
65 1566 5
598 83 8
851 915 30
838 355 8
340 1098 7
1310 393 5
565 150 2
148 296 8
914 516 2
730 1457 30
1570 1315 7
302 236 10
886 1213 7
1213 792 6
315 1384 7
1069 823 30
810 1583 8
1136 167 8
472 102 8
915 1583 8
459 44 8
686 119 8
1135 269 8
823 1283 30
377 382 5
172 762 2
53 911 31
1223 140 2
184 182 57
651 185 38
1262 724 35
83 759 2
482 382 5
1069 1047 30
69 475 2
82 114 8
82 411 2
765 21 8
1340 83 8
1305 1395 7
650 229 33
777 28 8
82 1398 39
864 1217 8
1409 1566 37
1082 838 2
1405 1309 2
1527 1384 8
347 642 30
859 834 2
671 1047 30
502 1144 2
1452 139 3
862 179 8
873 60 44
1085 929 13
1112 573 15
1076 516 2
259 877 7
505 390 8
1163 34 53
1144 623 6
1350 674 1
577 556 2
758 519 35
779 111 6
1461 479 20
531 782 30
31 531 2
59 75 59
117 1354 1
1459 284 16
266 933 2
359 377 2
42 149 8
1383 777 7
485 838 8
577 488 2
565 778 2
325 284 6
520 1170 0
160 1608 46
71 683 0
674 1110 2
823 1062 8
479 958 3
1163 65 8
925 309 33
595 501 38
1240 533 1
676 531 2
702 479 7
438 675 2
679 1384 7
1158 37 8
343 1310 8
1036 259 2
575 102 8
856 810 15
87 1135 2
316 252 6
202 667 2
61 704 1
1454 883 2
552 1457 8
1210 732 7
1098 1284 2
1317 1033 27
1008 83 8
409 763 2
69 1161 7
88 500 2
178 1097 7
674 998 29
281 616 27
1126 1220 14
1128 92 8
631 724 1
285 541 2
1380 303 20
278 714 1
512 990 37
453 622 76
35 929 7
618 707 2
181 1212 8
450 642 30
925 658 0
1480 683 0
383 597 2
647 838 8
148 1333 2
1179 178 7
1295 1450 2
784 943 77
1184 836 2
772 1233 77
437 37 5
419 1170 66
486 315 2
485 1097 7
1196 937 8
577 1184 2
803 1330 2
56 974 30
1079 541 30
316 637 10
1351 1244 36
256 916 8
26 1131 2
550 3 10
1163 662 2
702 1571 7
1372 732 7
1399 1389 8
823 1299 2
259 167 8
823 903 2
93 444 57
1135 1557 1
598 424 8
494 1070 5
350 1333 2
13 1342 7
29 377 8
256 848 8
1310 338 5
1258 350 2
557 37 7
80 531 7
657 1047 33
551 1211 2
80 823 7
211 1213 7
383 265 15
323 603 7
1337 252 2
112 256 2
197 929 7
1201 1005 1
119 37 8
84 1156 2
1454 200 2
409 1391 2
501 1373 0
217 139 3
880 1075 2
140 459 5
486 345 0
1231 92 8
856 1213 7
855 911 2
864 433 7
420 1495 2
313 129 8
650 611 34
402 424 8
686 1500 5
913 492 30
318 702 80
734 1453 2
630 1395 7
737 803 2
839 1453 2
72 139 3
1174 689 2
162 246 2
609 929 7
380 618 2
348 434 1
632 438 8
259 489 6
841 455 2
434 98 14
1108 412 5
61 213 8
1324 1610 56
127 1395 7
750 840 30
1058 1389 8
259 1556 2
737 730 8
451 531 30
31 476 2
195 1131 20
1258 1437 8
64 357 30
980 458 30
1391 303 2
337 43 6
463 492 2
363 766 7
228 44 7
687 1212 8
368 1127 8
1485 1314 2
674 367 2
1328 138 35
241 318 2
1084 1554 0
1454 604 2
122 88 2
797 1491 7
362 63 8
1344 444 57
230 241 33
1031 1195 2
1040 1550 8
900 409 2
244 59 8
415 1241 7
322 794 2
1454 536 2
746 63 5
575 47 8
417 1047 27
1045 298 8
650 974 33
823 881 3
911 63 8
1252 102 8
418 789 1
307 162 2
588 37 8
464 937 8
1014 1384 8
988 603 2
85 438 2
713 925 10
850 823 2
1566 27 12
620 1033 2
350 1325 5
425 444 2
494 1359 2
782 1126 30
503 667 27
399 450 2
1502 720 15
637 920 74
32 412 5
958 919 7
69 980 2
674 81 10
1295 1125 7
1144 1090 35
1437 34 69
603 189 27
1153 139 5
25 1342 7
510 1310 7
850 1047 2
470 1126 16
977 550 2
934 1395 7
933 697 2
836 763 2
864 119 8
162 1562 2
252 1495 27
572 412 5
646 39 8
148 882 2
674 293 0
775 1067 5
1359 1170 0
522 1389 8
127 362 2
575 1417 27
241 722 2
241 681 1
488 1230 2
546 915 30
577 1525 2
1551 377 4
1041 1131 2
1393 59 7
56 919 30
945 730 8
718 556 2
932 1086 8
140 1436 2
699 775 12
213 779 6
184 1227 57
845 999 19
907 531 2
159 36 8
56 851 30
259 112 8
388 453 35
1356 99 0
689 1062 7
36 108 8
1300 1246 5
907 823 2
350 1377 8
1247 933 2
1266 424 8
81 829 1
674 1287 2
450 183 6
256 793 8
18 937 8
1367 335 2
324 1284 2
1352 833 7
453 704 2
555 183 6
1566 228 57
617 241 35
552 596 33
550 254 12
681 1419 8
452 59 8
323 256 7
673 1384 8
311 447 1
484 694 39
69 638 27
878 911 2
639 1126 2
107 272 8
253 88 5
416 1122 2
362 1021 30
1221 1163 2
874 929 7
796 37 8
530 702 12
389 810 15
108 102 8
1128 769 8
318 462 8
88 677 2
395 1052 2
541 898 2
541 502 2
327 952 14
512 325 1
973 464 2
420 1148 2
325 226 3
873 779 8
750 460 2
297 689 2
1476 596 30
16 915 21
1414 929 7
66 259 2
1075 807 7
938 950 16
620 350 2
777 1125 8
584 8 5
737 60 2
290 1388 7
291 1008 39
190 88 3
180 911 2
702 754 5
528 1127 8
147 1230 2
1461 676 30
1078 584 53
1459 102 30
836 1391 2
1211 148 2
1389 341 5
1550 108 8
750 387 8
483 809 1
796 1084 21
1400 181 7
1179 355 7
159 1133 2
143 1581 8
714 1608 2
704 526 7
167 803 2
160 108 44
601 1136 7
591 1284 2
1252 1161 7
1129 446 1
720 249 8
1510 1131 2
1090 453 35
993 519 35
222 241 1
1472 444 57
363 419 7
1472 990 1
575 980 2
1082 1437 20
915 653 1
148 34 69
1030 172 2
913 516 2
454 1230 2
236 1307 13
1287 453 34
686 80 7
541 223 26
556 1496 12
583 1437 8
350 298 8
424 718 0
272 724 25
80 1104 7
1447 775 12
88 1035 7
70 266 1
1136 685 8
323 1572 7
1409 139 5
70 558 1
1132 1437 8
1252 47 8
1046 1285 5
995 37 8
69 701 2
535 723 2
973 1488 2
37 336 6
443 278 74
427 1161 8
1231 269 8
434 848 8
1459 1194 30
1476 1224 30
530 1291 33
724 657 1
724 261 1
459 1310 5
841 804 2
162 1283 2
802 658 0
76 18 8
530 330 8
823 463 31
642 116 8
401 527 7
849 1162 2
738 1305 8
486 1224 2
108 459 5
421 396 30
1537 147 8
1537 881 3
222 937 1
1294 718 2
829 922 2
418 1392 30
552 658 0
703 852 2
23 295 2
1047 898 2
355 252 6
485 1033 2
1067 732 7
505 908 8
915 1373 21
1230 631 15
55 172 8
363 697 2
1252 1417 27
565 1364 2
311 750 30
980 1135 30
140 693 2
1448 281 30
108 1161 7
475 325 2
641 412 5
452 1342 7
560 958 1
127 239 2
217 1097 7
928 937 8
772 659 77
442 545 2
476 1001 2
925 523 23
233 937 7
907 476 2
221 1565 2
565 900 2
543 61 15
724 851 30
421 434 1
217 1075 2
1352 824 2
1146 116 7
810 42 8
482 92 8
321 1199 7
207 1177 2
1148 1419 8
1001 1284 2
449 159 2
321 1491 7
551 75 7
1145 259 8
206 829 2
1253 1419 8
1474 750 2
442 769 2
1093 865 6
445 515 2
4 98 14
1254 533 3
98 1127 7
889 241 2
462 936 8
1215 1570 7
576 1291 14
603 101 26
521 958 59
1444 954 2
995 957 8
186 1389 7
295 537 12
541 843 2
1297 377 1
1098 1437 8
1075 986 53
869 689 2
113 1475 5
1119 646 8
1525 1565 2
357 911 31
1204 568 7
281 173 2
12 383 20
1544 957 8
908 412 5
913 732 5
388 1097 7
154 70 2
867 88 3
1323 1126 14
1265 1227 6
315 730 30
297 957 8
1144 1081 6
53 492 2
1179 300 7
139 1041 2
159 1078 2
58 416 2
277 1212 8
37 292 2
693 1033 2
523 720 15
1284 254 12
27 256 38
642 678 30
364 438 8
575 1029 2
1160 823 33
143 1062 8
368 730 2
162 63 8
1110 412 5
390 830 30
259 685 8
442 1523 7
1104 1406 2
1052 462 8
1155 1437 8
238 516 2
797 1381 7
479 59 8
111 139 3
1102 438 57
323 829 7
34 541 40
1156 114 8
440 823 2
148 341 3
1471 743 59
686 1014 66
1213 936 7
1548 568 7
417 541 27
82 1584 28
900 330 8
101 1384 8
183 272 7
59 735 6
1447 1328 2
81 952 33
1144 360 35
415 1401 2
1476 877 30
973 1037 2
859 677 2
961 494 1
1098 363 2
1076 651 53
47 1097 7
855 1033 2
44 86 2
632 1128 8
1025 718 10
70 430 7
30 1405 2
1230 987 55
686 934 5
1546 259 8
140 1375 27
1077 689 2
47 1389 7
486 853 12
1081 1075 2
290 3 8
290 341 3
1207 330 8
499 458 33
53 970 58
1461 322 20
162 1160 2
235 667 27
1537 92 8
1193 384 3
575 619 27
721 69 27
596 1389 7
1329 519 35
476 722 2
439 1047 30
1295 889 2
727 118 2
1052 1163 2
582 1047 2
618 78 2
273 139 3
1037 239 2
81 939 15
1240 393 5
1193 883 50
485 618 2
409 68 24
1029 519 2
707 823 2
1053 1384 8
575 1553 2
173 519 30
418 873 30
945 958 3
988 750 30
483 39 8
349 650 2
56 53 30
806 416 2
746 357 5
147 59 8
1207 59 5
233 486 7
350 480 2
646 684 21
1155 462 8
229 730 2
1252 693 2
341 516 2
642 1325 5
674 554 23
931 75 3
458 622 2
990 1280 57
438 800 7
563 172 2
492 1101 10
442 26 2
550 1124 33
102 366 2
540 1131 2
915 284 2
13 462 8
718 1201 15
546 447 1
420 39 6
1317 516 27
417 1565 27
221 1437 8
163 646 5
823 947 71
534 732 7
1084 1371 33
501 520 0
1547 1298 7
69 878 2
186 646 7
191 458 2
524 70 2
37 1305 6
281 391 27
145 1389 1
841 981 2
328 1127 8
1156 75 5
159 1004 27
528 37 8
401 808 7
544 1392 30
820 1266 1
829 1184 6
1184 1075 2
1230 1376 15
699 683 0
427 63 8
618 436 7
140 1042 2
618 774 2
369 88 2
1177 183 27
261 1084 2
492 704 2
1403 1389 7
830 240 2
468 1284 2
1317 462 8
503 516 2
53 140 8
479 321 6
377 446 2
155 295 2
110 88 5
730 533 3
227 519 1
494 97 8
766 829 5
304 702 10
1039 1395 7
321 1070 5
1472 438 57
1495 1565 2
830 464 2
494 75 3
340 130 7
1193 596 50
362 917 8
723 1389 8
193 295 57
915 1376 2
337 66 27
1004 937 7
238 565 2
1242 1131 2
903 1405 2
1040 743 3
958 743 5
421 1340 2
840 1047 30
183 1118 5
440 476 2
434 1388 7
667 766 7
116 462 8
650 452 12
1228 207 1
1022 769 8
4 671 14
1295 881 5
1261 59 8
1439 915 2
1439 519 2
1568 335 2
355 44 8
1223 256 2
779 129 8
138 418 30
1128 891 8
1128 495 8
650 1456 2
59 284 6
1277 1245 5
74 911 2
686 99 66
1200 1156 8
973 586 2
359 1170 0
1127 147 8
70 421 2
318 958 3
527 1127 8
516 856 2
399 1200 2
1405 1133 2
229 584 71
1321 838 8
69 127 2
37 158 6
143 1416 2
1461 1194 30
813 401 1
463 692 71
936 1454 2
712 76 7
45 603 2
1166 937 7
374 1328 2
486 1114 2
417 973 9
1139 950 16
1259 1115 2
1310 97 8
707 836 2
248 1511 74
931 728 7
441 412 5
255 841 2
154 575 2
1264 1389 7
1447 683 0
814 1310 7
380 325 2
1252 619 27
1193 536 50
205 1383 77
1352 881 5
919 1310 7
541 384 5
340 1154 7
1193 1224 50
775 146 5
143 32 8
862 1335 5
915 1567 1
340 1446 7
792 1342 7
565 498 2
1032 158 27
913 1384 7
508 80 8
1312 139 5
301 4 77
1230 938 33
1114 236 12
561 750 2
856 1310 5
492 1046 10
532 1406 2
673 140 2
1131 1338 2
1454 311 2
957 1315 5
544 1070 7
836 167 30
915 229 2
301 458 1
1145 149 8
1355 952 33
823 600 71
596 1608 46
625 776 5
894 159 2
789 1047 33
388 990 37
1106 732 7
1321 1097 7
1547 1243 7
563 44 8
765 770 2
1144 1329 35
1316 183 1
1437 324 7
145 646 1
654 1008 39
391 159 2
531 805 2
66 1405 2
829 837 6
272 937 7
166 689 2
252 1338 27
1081 1310 7
514 444 23
1103 44 8
1407 686 7
717 1384 7
1505 1395 7
409 707 2
395 423 2
558 718 10
1547 197 8
136 568 6
259 1184 6
597 1045 2
597 649 2
926 937 1
485 1213 7
788 382 5
1460 939 15
446 1005 36
780 56 30
137 1127 7
599 88 3
1515 148 2
575 231 2
140 1211 2
978 724 31
205 304 77
1526 59 8
248 113 75
269 724 25
787 1254 7
1132 1531 1
1162 75 3
1130 957 1
551 707 2
591 363 2
1446 925 10
118 59 7
301 340 77
301 775 5
780 162 1
586 335 2
1261 1342 7
702 1322 13
244 462 8
1327 88 5
295 445 0
575 455 2
1402 519 35
476 1224 30
674 347 33
329 937 7
88 182 7
761 1093 1
1460 692 2
222 44 8
80 939 7
1232 399 48
805 172 8
417 139 27
107 47 8
797 848 8
650 713 2
1144 1561 35
880 399 2
929 1114 0
1019 108 8
1221 1230 2
541 673 2
415 265 7
1314 732 7
441 1384 8
295 36 33
869 915 2
869 519 2
546 1384 8
177 1097 7
197 1310 8
1127 92 8
1045 191 16
761 88 3
1179 594 7
1099 1127 8
387 1097 7
83 59 8
30 1295 2
1184 1252 2
273 1075 2
1204 1127 8
147 1005 2
630 1156 8
144 1213 7
387 1389 7
159 616 2
176 646 2
45 256 2
738 848 8
1187 1389 8
706 938 6
361 1395 7
1461 1139 30
1496 498 38
64 1456 30
143 1315 7
205 1396 77
335 527 5
552 1070 5
1556 453 35
330 1315 5
838 820 8
838 424 8
568 1491 7
932 1156 7
1448 1135 30
829 23 7
333 1381 7
694 35 2
915 520 21
439 541 30
1193 877 50
978 915 30
205 932 77
444 441 0
126 1555 2
301 1328 77
1569 658 0
925 397 2
126 1550 8
674 1439 33
841 102 8
486 264 23
563 1395 7
337 1035 27
583 1212 8
852 642 30
442 189 27
823 39 8
672 667 27
1201 646 5
848 501 5
217 618 2
464 730 2
140 163 8
674 1371 33
1031 519 2
893 1135 2
759 1449 2
1128 1199 7
650 1409 2
1084 1109 67
334 236 12
417 1163 27
293 472 1
1132 1212 8
416 1525 2
1446 1328 2
1308 377 6
823 941 71
992 462 8
390 1135 2
462 83 8
1304 720 7
519 514 1
69 872 2
1223 829 2
305 416 2
925 1376 15
823 477 71
61 296 7
543 950 14
409 360 2
1394 1080 27
721 759 27
933 994 37
152 350 2
350 272 31
934 724 1
957 124 59
1458 418 30
178 1126 14
45 838 7
915 1187 0
724 301 2
485 516 2
420 167 8
259 837 6
1180 925 2
162 886 2
145 1252 2
1162 1457 8
1144 228 6
157 957 8
23 70 2
30 148 2
1055 401 7
981 278 9
476 844 2
117 1355 1
395 341 3
23 362 2
1398 541 2
582 1565 2
702 548 7
712 1310 8
64 309 30
519 1500 30
1146 355 7
242 241 79
804 937 7
235 516 2
524 939 15
1253 929 7
362 119 8
485 1131 8
1028 689 2
29 88 3
907 939 2
1040 341 3
29 438 8
1450 1496 53
1126 1299 2
1372 37 7
208 845 1
1075 98 30
1381 730 8
438 1364 2
395 1335 5
183 1153 6
737 1461 41
1486 730 8
281 1081 27
420 265 6
1251 958 3
437 674 2
438 900 2
878 730 8
895 1156 8
1023 139 3
61 1388 7
1565 479 2
1570 502 8
1135 1482 8
1002 28 2
1040 1335 5
647 516 2
183 1418 7
995 1128 8
1452 836 3
869 172 2
1209 1127 7
1312 1310 7
368 706 71
650 274 12
317 1437 8
1098 1212 8
993 59 8
148 627 6
1075 1198 54
1306 957 7
841 1161 7
399 798 2
620 70 2
1333 88 3
394 770 2
674 1105 0
192 44 8
1232 37 8
494 596 33
698 88 5
1284 201 12
1438 88 3
1244 179 15
297 44 8
69 116 8
1 779 6
710 568 7
154 241 2
1438 438 8
501 1298 7
483 133 1
1397 551 7
1181 1086 8
998 1419 5
1179 471 7
729 37 8
1244 111 15
272 172 8
365 957 8
337 360 27
256 917 8
1155 1384 8
205 585 77
1291 1401 44
167 1310 8
359 1047 33
575 804 2
88 99 0
1494 313 7
489 646 8
707 366 2
483 789 8
13 1384 8
337 292 27
939 1017 8
841 484 9
841 47 8
442 1298 7
582 126 2
1254 1062 8
167 952 30
218 1437 8
438 1550 7
492 248 10
1220 321 6
1225 1389 48
808 950 14
686 65 8
649 1006 2
872 568 7
533 1617 3
330 916 8
1340 75 3
573 813 15
891 37 8
317 462 8
1156 1325 5
325 477 70
183 1073 2
1082 1144 2
1170 124 1
1317 1384 8
1045 368 16
168 1310 7
829 39 6
734 1454 2
187 649 2
1295 102 7
229 706 71
1310 292 2
183 609 2
1158 1097 7
1518 929 7
381 1340 2
1459 450 30
45 829 2
35 1461 23
294 88 3
150 829 2
380 911 2
271 929 7
148 255 2
692 1227 6
915 1132 0
485 1045 53
1230 986 55
737 1127 8
363 994 37
160 60 44
163 1156 8
486 229 33
577 898 2
577 502 2
209 139 5
820 241 1
565 792 2
531 1124 30
737 1419 8
381 574 44
476 789 2
1537 533 3
91 531 5
501 588 8
825 1389 8
444 1014 0
849 915 30
849 519 30
939 1307 13
368 1128 8
1045 75 8
1354 925 2
1130 159 1
912 516 2
335 638 27
1213 1325 5
241 611 2
565 620 2
990 763 57
447 201 12
836 357 30
725 658 66
479 462 8
582 1437 8
220 541 2
435 568 7
1258 59 8
321 1315 7
1008 97 8
687 1437 8
1240 766 7
753 183 6
563 239 2
1000 732 7
494 658 0
116 1212 8
993 1342 7
325 833 2
406 1570 7
61 546 1
265 64 30
1230 891 8
1413 937 7
1230 792 2
295 745 2
1563 1156 8
295 349 2
1227 1437 8
1340 324 7
462 1472 5
385 1342 7
1190 823 16
724 713 1
535 675 2
350 976 30
290 433 7
1131 455 55
738 1388 7
736 377 6
879 1252 2
179 1310 8
117 287 30
663 143 2
1156 246 5
411 453 2
420 808 8
1295 1418 7
788 1072 5
147 603 2
1424 838 7
618 607 7
1323 950 14
780 350 30
601 519 2
601 915 2
739 1086 8
1537 891 8
1180 1389 59
634 330 8
780 642 30
835 335 2
176 140 2
266 1191 12
1545 957 8
486 657 2
952 382 8
241 677 7
377 617 2
568 652 6
1454 881 5
1405 504 2
1527 183 8
724 1371 30
119 1389 7
720 18 8
450 252 6
438 880 1
205 134 77
357 377 2
470 803 2
1221 88 5
727 98 33
454 603 2
1137 568 7
236 484 74
848 603 6
838 1062 5
309 362 31
925 883 33
1453 384 5
442 1243 7
122 1405 2
689 1396 8
1401 519 35
1333 1437 7
139 398 30
338 1127 7
993 990 37
220 1565 2
810 390 8
472 97 8
368 377 8
886 1437 8
804 172 8
415 559 7
1100 702 12
281 1258 27
54 1084 21
552 32 8
1116 768 2
515 99 0
552 329 2
911 588 8
61 1611 2
614 957 5
1387 958 5
357 598 30
1322 1384 7
679 958 3
957 1497 59
1128 1062 8
515 468 1
269 937 7
415 824 8
807 508 5
550 824 23
1183 1310 7
111 573 15
1179 424 7
47 1213 7
399 1371 2
330 793 8
116 1284 21
544 192 30
702 755 5
1204 957 8
1034 776 5
678 724 30
1295 47 7
158 458 2
730 1359 2
713 933 2
945 1328 2
1437 477 70
810 1118 1
259 39 6
642 1094 30
42 1419 8
1126 463 31
603 545 2
26 667 27
212 453 35
268 908 8
252 417 27
988 642 30
712 143 7
823 1207 7
1500 492 2
377 1199 7
1130 720 15
1045 643 38
1193 311 50
258 362 2
381 1212 8
575 981 2
936 1453 2
1258 1342 7
449 911 2
1552 412 5
678 803 2
670 1246 37
1139 505 2
999 107 77
476 374 2
1429 88 5
787 401 7
27 377 8
463 730 2
1006 1045 2
116 1230 2
362 743 3
552 1025 2
447 530 2
925 200 33
1252 116 8
98 568 7
346 259 8
98 172 7
849 396 30
301 175 77
598 1292 30
1008 42 8
633 1122 6
1474 519 2
325 882 2
879 973 2
434 43 6
420 739 27
1486 958 3
1179 212 71
551 78 2
1308 603 6
333 97 8
1100 1291 33
598 1224 30
78 958 2
207 774 2
82 638 2
862 766 59
318 1342 7
519 1073 2
535 719 8
315 70 2
531 684 2
862 433 7
565 890 30
1292 720 15
303 355 8
879 1291 14
259 735 6
510 568 7
838 1305 7
686 75 5
659 147 8
952 1607 2
720 910 1
849 1163 2
139 1375 27
1184 399 2
273 618 2
17 810 15
1080 1075 2
263 702 12
601 126 7
140 762 2
864 65 8
841 1029 2
297 330 8
140 1450 2
403 259 8
420 685 8
366 1200 2
1302 330 8
938 859 2
829 877 7
1322 205 14
535 1341 30
1047 189 27
377 265 8
1516 667 2
382 148 7
699 458 33
727 466 2
1313 241 14
31 60 44
601 350 7
1039 1156 8
796 1389 7
978 458 30
143 435 8
205 79 77
454 256 2
126 743 3
205 1388 7
483 387 8
102 845 1
51 531 30
551 1375 27
408 412 5
1029 1195 2
51 823 30
438 986 53
438 798 2
207 741 1
1050 917 19
470 383 8
226 575 2
453 254 2
1315 1116 52
510 958 5
438 752 7
917 139 3
472 42 8
1247 444 23
1567 702 12
689 882 2
1259 462 8
650 556 2
1136 3 8
541 912 2
724 1354 1
370 758 41
1136 341 3
1468 37 7
1121 1033 2
416 672 2
1284 109 0
222 939 15
1128 220 2
494 890 33
528 950 33
424 1129 8
160 492 2
1204 929 7
395 894 2
1537 1199 7
1437 454 33
463 584 71
494 1491 7
686 307 5
1224 139 3
1537 1491 7
1552 1384 8
382 552 7
841 619 27
30 732 7
1551 727 4
267 252 27
616 256 2
623 37 8
89 88 5
932 1395 7
836 1337 2
618 1122 2
395 1217 8
1506 363 2
470 377 6
297 859 2
162 137 2
1041 667 27
154 759 2
139 1042 2
547 281 55
471 603 6
145 399 2
263 1291 33
543 420 20
162 424 8
453 904 58
582 420 2
158 330 8
720 533 3
337 878 27
1247 1191 12
125 159 2
482 1581 8
373 1104 7
126 1330 2
899 1389 7
64 1455 30
849 117 30
544 1114 21
449 1252 2
650 156 15
829 167 8
323 420 5
1239 1395 7
1166 207 39
1104 1262 1
185 350 27
464 505 2
112 838 8
1240 369 1
1160 925 10
670 568 7
957 743 5
68 845 1
898 1230 2
552 610 2
552 214 2
269 412 5
359 140 8
80 1342 7
415 1470 2
1454 31 2
82 255 2
515 713 1
1563 462 8
778 256 2
1565 1333 2
661 937 8
1135 296 7
333 42 8
528 702 12
1337 56 33
1447 933 2
69 647 2
419 1437 8
464 823 14
190 689 2
1075 681 27
1547 1004 8
183 903 2
183 1299 2
13 59 8
70 93 12
65 957 7
603 894 2
1394 563 27
724 202 7
1179 997 7
494 1250 2
1084 471 8
841 1042 2
1394 855 27
494 523 23
252 1058 27
499 732 7
659 92 8
829 610 17
1459 676 30
1076 584 53
1484 204 1
1252 1325 5
1296 1395 7
944 1126 2
290 296 8
122 1291 16
40 730 8
518 462 8
4 1122 6
140 707 2
1510 667 27
1287 366 33
603 722 2
1518 1384 8
913 779 6
140 661 7
157 1128 8
148 773 2
447 109 0
370 429 2
155 59 8
1271 458 33
1258 1565 2
565 914 2
155 952 33
1172 957 8
702 323 7
1044 337 38
650 1506 0
340 1502 7
1030 350 2
495 88 3
1265 373 6
1028 172 2
126 647 2
1300 845 5
1110 505 1
350 877 2
464 841 2
692 52 8
565 1242 2
259 3 8
790 720 7
790 1116 7
51 476 30
259 341 3
337 127 27
450 453 2
1220 779 6
160 720 15
576 1310 8
1008 620 2
552 883 33
272 325 20
438 697 7
681 1310 8
434 1099 2
769 335 2
435 1419 8
281 1148 27
388 1005 36
921 1031 30
347 139 3
416 221 2
1553 148 2
676 823 2
421 541 2
350 806 30
330 63 8
603 1377 52
931 1070 5
88 230 7
541 393 2
528 1291 33
281 1080 27
317 1212 8
658 44 8
466 1566 5
718 441 0
869 239 2
629 205 2
253 686 1
173 823 2
483 372 1
958 1042 7
702 353 5
620 241 2
377 136 6
1047 101 26
528 330 8
395 479 2
577 1424 2
657 88 3
505 1550 8
387 1213 7
829 854 27
395 433 7
183 152 2
175 81 8
1476 23 30
395 766 8
784 1115 77
205 824 77
183 147 8
108 1325 5
438 1292 30
893 810 15
148 1401 2
933 1112 2
159 628 2
30 551 2
535 1518 30
476 1247 2
53 37 8
829 226 3
720 244 8
1485 530 2
1567 706 1
1040 433 7
453 999 2
479 1384 8
1352 1070 2
361 989 2
1235 1047 16
825 140 8
1033 1120 2
259 240 2
162 743 3
20 508 7
566 178 1
272 1238 55
829 112 8
1137 1127 8
730 782 30
89 568 1
438 1371 2
329 1389 7
1090 1005 36
218 1212 8
438 1325 7
1326 88 5
286 1266 1
962 658 0
728 1246 5
1084 1404 2
1022 1062 8
437 162 2
1565 882 2
251 453 35
416 849 2
377 441 0
420 233 27
727 345 0
1317 126 27
650 1457 2
650 1061 2
74 516 2
574 960 35
1114 113 2
759 1393 2
993 462 8
168 1131 2
535 213 8
1211 1131 2
1084 25 2
1184 1496 53
313 197 8
503 438 6
1078 937 7
1402 1342 7
1077 239 2
838 507 7
69 128 2
256 1393 2
616 829 2
155 1342 7
183 780 2
724 521 2
903 958 5
369 1405 2
140 360 2
1409 1002 2
862 296 8
338 241 30
137 568 7
279 366 2
841 231 2
992 70 35
1047 497 2
1500 718 2
486 1407 2
281 34 55
999 401 77
933 91 7
148 322 2
1084 244 8
729 1128 8
568 1402 6
1485 1554 2
577 673 2
1256 1252 83
399 114 2
829 808 8
1245 438 57
582 1384 8
1230 138 25
1039 259 2
1031 1389 7
925 745 2
340 1447 7
415 607 5
337 111 6
148 249 8
552 1251 2
350 129 8
447 360 2
483 277 8
241 48 7
823 387 8
383 307 30
1188 1170 51
582 1212 8
782 577 2
598 1518 30
1029 689 2
664 438 2
761 70 1
1253 1310 8
1454 1000 2
651 1290 38
126 1335 5
988 1135 2
70 681 1
778 829 2
375 915 30
632 937 7
933 389 36
418 1253 1
438 620 2
76 610 2
620 1565 2
519 1299 2
1227 1212 8
183 1184 2
1570 222 8
1284 1109 67
919 139 3
1221 603 2
206 256 2
177 516 2
241 315 30
768 377 8
1404 702 12
516 739 27
420 291 8
96 183 2
159 513 26
399 914 2
494 1381 7
1352 1578 5
1054 911 2
162 983 33
383 1006 2
1562 453 34
1330 531 29
259 854 27
577 905 2
1033 1133 2
625 37 8
377 387 8
350 1122 2
1079 950 30
1246 238 57
1439 823 31
140 1207 8
1126 1377 7
575 128 2
1354 1328 2
642 861 30
265 970 9
259 226 3
462 881 3
998 139 1
952 772 14
598 437 8
952 813 15
912 1310 8
540 667 27
453 480 2
1258 462 8
28 88 3
265 535 30
930 1252 40
69 1578 7
453 772 2
1180 683 0
1549 812 1
541 1138 2
420 613 6
323 720 7
147 584 41
543 1608 2
417 140 27
609 412 5
416 461 1
416 502 2
416 898 2
845 1112 57
1250 958 3
559 1389 8
671 779 8
185 172 27
396 309 16
1308 438 6
205 63 7
650 610 2
395 1120 2
926 939 15
200 531 2
686 441 66
681 108 8
759 1338 2
176 715 2
841 1555 2
65 159 7
976 674 2
1144 1335 5
1451 836 3
620 126 2
411 1252 2
1099 1128 8
213 462 8
463 706 71
365 1045 1
1404 1291 33
304 183 2
992 59 8
402 833 8
818 1244 36
241 1445 1
859 104 2
470 603 6
592 183 6
1054 1097 7
1037 1405 2
127 1454 2
485 577 2
777 338 5
814 568 7
167 929 7
227 1093 1
829 758 2
923 1634 2
1129 910 1
591 1352 2
1505 937 7
1133 1395 7
713 1328 2
1055 462 7
290 934 5
833 37 8
1493 1565 2
340 1100 7
1242 667 27
519 873 30
145 453 2
363 91 7
148 298 8
983 362 31
309 724 30
259 808 8
463 505 2
911 1460 2
829 685 8
228 395 2
464 335 2
484 1610 56
145 1230 20
1220 377 6
217 911 2
218 1389 8
1138 377 8
59 593 5
1352 264 2
1126 626 7
1261 1389 8
670 1127 8
70 334 1
901 1156 7
1451 803 2
1446 933 2
325 949 2
325 553 2
1230 220 2
1078 412 5
486 658 0
751 1608 2
482 1072 5
421 535 2
535 499 2
370 168 20
894 59 7
183 1525 2
85 159 2
69 769 2
1570 167 8
859 1196 2
483 1281 1
370 856 20
862 833 59
939 338 5
211 958 3
1509 444 57
981 1284 7
458 1548 5
62 937 7
1476 1292 30
1198 958 2
162 1351 2
434 1307 14
1394 1081 27
39 252 6
239 101 26
806 64 30
1437 581 3
450 1310 5
501 1108 8
856 958 3
618 269 2
541 309 14
323 1050 5
1084 818 2
59 249 8
363 891 7
438 890 30
913 172 5
780 362 30
626 335 2
222 1005 1
159 226 2
176 256 2
1078 172 8
1262 1389 7
1448 453 30
321 1236 52
1252 988 2
1284 474 2
208 139 5
91 683 66
173 642 30
1288 149 8
523 184 5
563 759 2
143 502 8
362 808 8
1252 524 2
110 686 1
552 1428 2
447 1329 2
674 1404 2
1081 958 5
51 598 30
1213 111 6
1040 296 8
226 350 2
1138 568 7
373 958 3
106 925 2
1330 159 1
1252 1207 8
241 1403 19
722 642 30
546 674 1
515 1567 1
241 1456 30
919 838 8
692 502 8
1001 1352 2
442 936 8
61 998 1
281 978 27
1213 43 6
162 1335 5
1496 638 40
420 1333 2
416 843 2
471 724 25
906 438 8
307 803 2
840 911 31
76 787 2
857 958 2
929 1118 5
937 338 5
1209 732 7
657 44 8
724 1061 1
303 763 2
1123 462 8
303 1550 8
724 1056 7
200 476 2
1461 861 30
1314 236 12
527 330 8
406 143 7
1179 144 7
402 90 8
632 172 8
241 1098 1
1405 628 2
1047 223 26
543 765 39
1547 83 8
159 166 2
810 546 1
368 574 2
4 269 6
595 649 2
595 1045 2
873 830 30
729 335 2
910 139 5
434 160 14
1470 88 5
838 766 8
551 533 5
729 330 8
841 116 8
1291 1402 44
1291 1006 44
1081 838 8
117 277 1
81 483 15
1292 574 44
453 971 58
118 1389 7
575 701 2
438 1619 7
512 139 5
923 427 2
4 97 6
1374 335 2
238 584 53
259 758 2
381 642 30
914 651 53
1156 255 2
148 581 3
1104 745 1
337 981 27
1136 433 7
923 1115 2
1145 1419 8
1453 1507 1
1364 1230 2
1144 936 8
823 277 8
1479 366 2
990 824 57
1056 1610 56
1002 684 1
519 528 1
642 1243 7
650 1355 2
737 383 41
698 37 8
184 489 57
463 377 8
1124 1384 8
462 75 3
766 321 2
1439 642 2
1135 112 8
190 172 2
686 1174 5
507 750 1
419 1212 8
1065 386 1
418 747 1
1296 1342 7
37 57 6
183 678 2
399 681 27
636 1295 2
83 1389 8
1476 1341 30
859 1141 2
338 535 30
494 1025 2
1324 577 2
162 1016 12
623 841 2
1230 92 8
173 366 2
506 730 8
841 421 2
1394 1026 27
1539 937 8
628 1156 8
756 139 3
720 1062 8
278 262 2
724 305 7
1459 1139 30
266 552 2
939 1381 7
535 320 19
1265 320 6
1346 958 5
1193 114 8
1259 1634 2
726 59 8
494 848 8
1383 1084 7
241 629 64
517 1126 14
401 1305 8
1084 1578 5
187 241 35
823 244 7
909 1131 2
205 338 5
1 321 6
718 222 2
338 568 7
575 122 2
782 434 1
1330 720 15
646 1187 0
297 694 5
1391 1384 8
1475 584 12
383 917 20
435 929 7
753 252 6
1028 239 2
357 37 8
256 167 8
1266 90 8
230 535 33
139 68 24
1104 62 1
565 1309 2
1232 1097 7
388 1244 36
396 919 30
438 914 2
1359 823 33
270 453 30
1068 99 0
1352 837 2
325 187 33
89 444 2
418 1443 1
535 1140 2
1008 390 8
651 1120 38
550 992 2
325 834 2
1125 59 7
744 162 1
324 486 2
420 882 2
1546 1127 8
671 377 8
315 126 2
1221 829 2
535 676 2
986 584 2
139 287 30
1120 108 8
1128 39 8
88 384 3
395 322 2
650 208 2
82 1377 8
541 168 2
1219 908 8
286 241 1
269 252 2
281 855 27
1330 1156 8
420 855 3
436 950 14
738 20 2
1458 239 39
1461 806 30
485 779 6
1390 388 1
315 519 30
505 1330 2
1087 958 3
148 865 6
1394 1258 27
977 552 2
1551 447 4
727 590 2
399 1036 2
829 233 27
600 603 6
472 338 5
873 377 8
573 1118 1
810 491 1
1054 1033 2
159 502 8
1179 21 7
468 1352 2
1259 659 2
259 479 2
912 438 6
1496 681 38
1353 377 5
577 1423 2
155 363 2
259 433 7
823 1606 2
459 1342 7
1052 256 2
238 409 2
582 140 2
373 532 7
64 883 30
1163 1396 8
88 441 0
1312 958 5
335 770 2
575 1042 2
273 1291 30
915 1152 2
852 241 30
442 848 7
65 958 5
193 363 57
365 1127 8
552 2 2
442 1536 7
1040 770 2
995 1437 7
555 1252 2
552 890 33
1040 1161 8
205 357 7
88 701 7
717 453 35
750 93 1
905 1127 8
1565 365 2
916 139 3
551 1450 2
420 735 6
1444 615 2
420 1510 2
1021 139 3
1144 21 8
84 1395 2
540 516 2
545 836 2
192 295 2
318 321 80
524 1162 2
535 92 8
779 197 8
395 1242 2
981 486 7
159 824 6
82 298 8
531 349 2
297 937 7
769 88 3
117 1500 30
159 1495 2
726 1342 7
150 1135 2
61 916 8
850 366 2
152 241 2
603 150 2
902 646 5
1230 761 15
992 241 35
159 1031 2
1265 265 6
957 119 8
162 1173 2
1497 1097 7
252 314 27
1460 483 15
1497 1389 7
694 158 2
565 1030 2
1008 1381 7
581 1131 2
99 472 1
170 706 71
125 1195 2
1483 552 2
990 1069 57
584 185 38
396 536 30
1084 1105 0
250 958 3
418 1282 30
577 672 2
1099 1389 7
1454 1239 2
1029 172 2
746 766 5
702 371 7
937 1315 5
217 1033 2
670 957 8
761 241 1
322 1033 2
551 475 2
1446 775 12
70 893 2
515 1061 1
552 1250 2
216 1135 2
4 160 14
1565 78 2
870 568 7
552 523 23
1570 393 8
777 908 8
476 596 30
596 720 15
724 263 1
859 1026 2
315 462 8
871 1127 8
1291 226 5
974 162 2
1476 1518 30
925 1014 0
603 1242 2
252 1510 27
913 862 5
958 762 7
1075 360 2
239 223 26
347 573 15
399 981 2
1475 438 57
1055 1384 7
1458 541 30
794 138 35
108 357 5
558 1170 0
401 1550 8
1461 287 30
126 433 7
315 396 30
444 934 15
517 958 3
470 438 6
419 70 35
1110 646 5
592 59 7
650 1200 15
577 1076 2
1405 54 2
1135 1517 1
912 779 6
416 1304 5
1162 269 8
64 536 30
273 838 8
1155 838 7
1183 458 29
370 1069 2
627 1511 9
447 1181 7
126 307 2
154 59 8
1087 453 35
64 1224 30
106 823 2
674 983 33
143 728 8
1463 1097 7
721 973 9
107 1161 7
692 796 8
551 833 7
939 908 8
1098 718 10
576 929 7
551 1125 7
337 475 27
218 541 2
1000 1352 2
1478 1084 2
1459 480 2
541 913 2
1180 412 5
70 1480 1
869 759 2
416 673 2
1186 958 5
330 119 8
417 603 27
416 569 2
659 1578 3
322 1238 33
1444 1248 2
635 1284 1
1090 990 37
185 239 27
346 139 3
183 672 2
565 1314 5
1131 1321 55
159 1044 53
195 377 8
514 1191 12
719 1213 6
988 159 2
1301 1156 7
1563 59 8
434 63 8
159 373 6
1179 766 7
824 1213 6
650 742 23
544 138 30
1487 412 5
1400 92 7
1394 228 27
1179 1058 7
183 208 2
53 458 2
1179 662 7
1298 1342 7
623 335 2
1303 59 7
728 335 2
183 500 2
623 330 8
737 1086 8
722 1135 2
544 1514 0
159 1080 2
651 620 40
205 1172 77
810 668 1
183 495 8
1183 1084 7
1056 577 2
836 22 8
24 650 2
337 1210 6
1405 1078 2
713 444 23
1302 44 8
1500 438 2
1383 682 7
1497 646 7
418 607 30
214 845 5
829 477 70
999 121 77
1210 1246 5
993 70 35
1215 1566 5
577 393 2
1052 829 2
598 908 8
1025 1047 33
1301 88 3
241 232 7
157 37 8
913 651 53
1258 1230 2
667 891 7
905 689 2
478 1384 8
1383 259 8
418 539 30
1035 335 2
673 325 2
565 219 2
61 761 15
746 23 5
620 1230 20
1144 766 8
542 1002 1
901 1395 7
674 155 2
282 483 15
163 88 5
880 929 7
206 148 2
205 534 7
314 1047 2
172 189 27
199 362 2
1476 1239 30
1454 324 2
1329 1389 8
442 83 8
281 125 27
185 575 27
486 1225 0
1324 434 1
350 464 14
283 1458 31
1570 384 3
633 1338 1
243 293 0
894 172 2
859 1367 2
550 855 3
183 1196 2
713 1191 12
1372 1246 5
777 97 8
862 1108 8
862 936 59
1201 37 7
642 355 8
902 531 5
401 766 7
1284 25 2
1306 37 7
925 99 0
494 36 33
343 412 5
780 241 30
759 65 8
154 1342 7
1496 1590 38
606 730 2
266 732 7
1291 1607 2
297 172 8
1383 1310 7
577 625 2
256 65 8
694 690 1
148 1457 8
531 851 30
1252 763 2
674 1247 2
106 476 2
1550 412 5
1544 1212 5
507 149 8
126 648 2
1274 970 74
366 974 2
939 561 8
1328 441 0
899 603 7
434 1081 6
337 128 27
259 296 8
1454 1416 2
219 1230 2
774 859 2
442 1076 2
350 769 8
836 480 30
1336 939 7
716 139 3
1231 917 2
438 1036 2
1025 646 8
1442 501 21
69 1298 7
1337 1045 33
97 340 2
1126 1321 7
692 277 8
762 1395 7
1008 908 8
189 1238 33
881 76 7
1563 1342 7
867 1395 7
1380 148 20
377 1475 5
1050 293 0
417 256 27
178 1608 2
69 1568 2
464 88 3
1081 667 27
1092 1135 2
37 1203 6
189 574 2
399 1330 2
952 368 31
295 1160 2
958 739 27
736 937 7
650 726 2
281 480 2
403 568 7
160 1126 2
160 730 2
624 295 1
655 1437 8
872 377 8
925 761 15
950 1607 2
1265 1138 6
258 1340 2
977 674 2
47 1437 8
834 574 2
261 702 12
290 1217 8
297 409 2
1008 656 1
1540 1156 8
337 863 6
171 730 8
1288 958 3
385 59 8
1277 787 22
126 1298 7
211 650 78
1145 929 7
4 336 6
162 766 8
1252 1391 2
167 1086 8
359 823 33
241 1488 7
1047 116 7
876 1389 5
1458 61 15
899 939 7
1466 1682 1
575 872 2
584 1227 8
925 118 2
501 424 8
1179 1190 71
113 250 1
325 1377 6
126 1568 2
598 97 8
1138 667 27
148 18 8
238 651 53
238 859 2
1454 45 2
829 743 3
551 638 27
447 25 2
1213 1243 7
800 957 8
164 412 5
519 699 1
905 957 8
1212 936 8
1228 501 1
205 875 7
228 88 3
515 222 0
458 1500 29
539 259 2
350 18 8
1496 1256 5
591 1170 0
190 239 2
409 545 2
678 915 30
526 255 2
519 1205 64
590 88 5
1389 533 5
636 1461 8
655 462 8
541 102 8
53 1135 2
777 42 8
1084 21 8
503 1127 6
841 988 2
505 873 2
829 882 2
252 1004 27
401 419 7
255 911 2
1087 59 8
1461 269 20
834 1156 7
1283 933 2
902 476 5
177 108 8
727 425 2
335 876 5
1265 95 6
841 524 2
162 1003 2
145 577 2
1085 943 13
590 686 7
261 1291 33
921 382 7
259 850 6
1461 230 41
1350 1084 1
268 116 8
841 1207 8
241 455 2
140 585 2
720 1457 8
903 584 53
1193 1518 50
1163 147 8
452 838 7
1163 881 3
126 296 8
143 326 8
928 37 8
681 933 2
701 259 2
891 937 1
899 256 7
1193 1325 5
1237 1395 7
172 101 26
471 172 8
126 588 8
925 31 33
619 1193 30
1377 438 7
88 855 27
1144 1298 7
442 729 2
447 653 2
558 1047 33
915 591 2
677 1131 2
1461 652 2
742 568 15
555 399 2
584 80 8
141 278 9
1447 1191 12
939 42 8
186 958 1
206 325 2
1474 642 2
689 80 8
515 1287 1
575 116 8
322 1213 7
942 1047 30
1097 1468 2
1093 658 0
531 1271 2
190 575 2
420 1053 2
1116 208 2
1104 102 2
202 973 2
416 563 2
1533 727 1
1436 1230 2
37 856 6
648 958 2
1317 1047 27
246 139 5
551 983 14
921 873 30
635 486 1
929 780 0
281 1026 27
1056 779 6
14 550 1
450 724 30
918 958 5
278 1525 2
415 264 8
986 1597 38
370 873 41
370 477 41
398 531 2
548 1008 39
829 735 6
603 1364 2
306 958 3
1183 750 7
503 531 2
1461 873 30
411 958 3
679 412 5
602 1389 7
30 565 2
1303 1260 7
750 270 3
281 357 2
55 1156 8
383 1007 2
780 418 30
1183 682 7
64 1518 30
159 277 8
1459 272 31
1047 1418 2
584 1503 38
915 266 1
1053 325 2
142 148 2
337 808 6
661 1213 6
126 555 7
1328 611 35
661 776 5
126 893 2
486 329 2
227 70 1
838 90 8
1162 891 8
359 1437 7
577 1198 2
915 558 1
301 702 77
411 1230 20
1028 350 2
392 37 8
1047 652 44
838 22 8
1193 480 51
1199 1310 5
1535 703 20
128 88 2
730 1124 30
337 701 27
334 950 33
648 1362 2
1568 350 2
889 829 2
624 830 30
1330 1340 2
476 1518 30
727 417 5
1040 936 8
545 1075 2
1561 1310 7
902 1156 8
541 1035 2
76 1239 2
552 397 2
550 284 33
417 829 27
922 642 30
56 596 16
880 401 2
1119 838 8
1135 228 8
377 3 10
185 69 27
929 1070 5
183 106 2
859 569 2
1075 1236 7
1381 412 5
317 183 8
70 368 2
842 552 1
117 983 30
159 978 2
45 618 2
183 789 8
761 44 8
852 1075 2
781 1340 30
159 891 6
802 99 0
494 745 2
61 3 8
69 74 2
61 341 3
241 1446 1
377 1101 12
239 1309 2
1045 381 16
434 576 14
20 88 5
256 233 27
814 929 7
849 603 2
32 568 7
957 186 59
736 172 8
1291 471 7
1461 156 15
395 75 3
1400 250 7
573 606 1
1193 1239 50
716 1097 7
259 882 2
252 485 27
552 99 0
148 664 2
586 1033 2
551 881 5
359 462 7
921 269 2
290 119 8
462 1491 7
1286 421 2
25 1389 8
667 1455 2
1139 281 2
925 1087 2
650 1397 0
810 1550 8
1163 92 8
1185 838 8
334 702 12
1253 933 2
780 1084 1
148 533 3
1225 1531 1
283 1460 31
217 516 2
1232 1389 48
1321 779 6
56 1292 16
1439 1454 2
1023 1097 7
1232 1213 7
547 278 2
438 296 7
1029 239 2
234 937 8
344 149 8
1225 531 48
438 588 7
1328 741 2
82 774 2
1025 140 8
552 728 8
442 210 2
435 1310 8
1254 32 8
281 1039 27
437 1127 8
168 667 27
898 37 8
797 167 8
575 68 24
1211 667 27
416 112 2
886 462 8
409 722 2
1283 845 1
606 295 1
278 741 1
535 787 8
159 1227 6
278 782 2
845 1205 2
1139 830 30
829 284 6
603 1309 2
1394 978 27
503 476 2
929 657 0
267 88 27
135 568 7
667 1335 5
673 139 5
387 1437 8
810 211 1
738 63 8
126 546 2
599 950 33
604 674 2
1569 926 15
830 424 2
483 627 8
718 254 12
30 442 2
259 199 2
1144 1210 6
1 377 6
463 1156 7
446 1244 36
337 26 27
803 893 2
1448 350 30
355 1342 7
823 1321 8
337 685 6
454 720 2
82 741 1
899 829 7
1047 597 44
259 34 69
936 937 8
689 1122 2
575 762 2
1045 716 8
211 76 78
1008 1161 7
420 627 6
41 541 14
1200 911 31
1254 728 8
311 925 1
1402 70 35
334 1291 33
1133 937 7
761 1395 7
178 1127 6
258 60 71
1121 1565 2
438 820 7
519 1557 12
551 878 2
281 1375 27
281 979 27
813 149 8
409 1418 2
1271 718 10
1131 206 2
1022 265 8
334 330 8
541 980 2
463 88 3
1120 1212 8
1336 1389 7
550 229 33
1565 773 2
1570 796 8
221 646 8
92 335 2
906 1127 8
1184 929 7
779 21 8
1409 1246 37
108 116 8
1128 387 8
633 485 1
513 1362 2
985 584 2
1562 366 33
532 102 2
859 514 2
833 1389 7
1127 39 8
468 718 10
395 1358 2
676 1047 30
485 1127 6
913 1661 5
415 837 8
922 519 30
618 1316 7
494 2 2
403 1127 8
82 18 8
1312 730 8
285 1128 2
1457 139 3
1177 667 27
544 309 30
1230 428 55
162 669 2
151 1284 2
1179 833 7
1179 437 7
252 206 27
720 3 1
1198 172 2
1081 516 2
377 254 12
862 83 59
1284 833 7
1304 159 7
1284 1567 2
252 865 6
159 855 2
438 1314 5
784 1634 77
730 976 2
486 610 2
36 531 2
380 577 2
205 1635 77
598 787 8
1291 1007 44
792 911 1
838 663 8
703 238 2
993 241 35
1485 1445 2
577 168 2
453 972 58
911 1078 2
1500 505 2
154 462 8
1083 278 9
6 789 2
458 1396 7
1154 1384 8
363 433 7
563 1342 7
1039 937 8
950 772 14
1249 505 1
92 1135 2
812 596 14
434 228 6
1040 1217 8
894 1384 7
112 911 2
1349 68 2
1144 833 8
836 23 30
995 1389 7
552 31 33
990 721 57
564 649 2
1500 830 30
1447 458 33
618 223 26
313 789 2
718 934 15
287 399 2
535 49 2
766 568 7
300 335 2
401 1109 7
1252 68 24
54 1213 7
281 228 27
297 1389 7
1340 719 8
183 1367 2
211 462 8
836 498 2
1177 1295 27
603 1358 2
505 307 2
1400 891 7
462 1070 5
1445 236 12
76 32 8
841 813 8
1315 568 7
1184 516 2
33 667 27
154 1163 2
573 491 1
55 259 2
1407 812 2
485 651 53
1019 412 5
205 1575 77
272 56 33
486 883 33
59 533 3
692 1125 6
856 462 8
933 656 2
1337 350 55
1265 613 6
1173 702 12
1500 841 2
1144 863 6
281 553 55
278 999 19
707 1310 7
300 952 30
1448 399 30
269 172 8
479 829 2
126 423 2
1008 464 2
925 1264 2
278 873 14
1130 453 1
383 138 30
85 531 7
483 796 8
1045 265 8
1371 37 8
606 830 30
1252 762 2
576 1086 8
124 37 8
1203 1213 6
1333 1395 7
797 808 8
550 993 2
988 1362 2
1008 292 2
1496 292 40
838 213 7
458 983 2
438 1161 7
108 129 8
1010 63 7
416 393 2
1232 1008 39
1022 502 8
647 651 53
654 541 2
1359 925 10
642 831 2
396 596 16
372 727 5
127 911 31
792 765 19
183 54 7
1338 377 8
108 877 5
1547 97 8
541 857 2
409 189 27
321 167 8
856 1163 2
77 139 3
655 1212 8
515 71 2
89 724 35
205 678 14
117 873 30
419 462 8
836 1418 2
158 1389 7
1418 172 7
1179 778 7
47 1212 8
56 1282 30
115 1266 1
1000 1170 0
613 1310 8
698 1097 7
601 1163 7
357 1135 2
126 1515 2
259 480 2
830 601 2
252 83 27
544 507 21
692 46 6
823 1607 2
4 111 6
1405 798 2
686 1418 7
912 1127 6
160 830 30
295 345 0
1173 1291 33
384 139 3
1479 88 2
1303 44 8
462 1381 7
361 1156 8
172 1578 5
575 647 2
449 577 2
4 43 6
646 109 0
654 462 57
1391 702 8
442 1479 2
1454 216 2
1371 957 8
1565 1122 2
1341 59 7
667 147 7
1040 766 8
1461 1402 2
1340 1314 7
185 759 27
593 37 8
917 838 8
1117 1310 7
396 1292 16
799 438 8
189 1395 7
458 341 3
1019 1384 8
541 1553 2
140 1059 5
775 484 74
211 183 8
294 1395 7
625 1033 2
1223 325 2
860 1097 7
1297 727 1
759 1169 2
880 1310 8
1304 508 7
519 739 2
281 883 2
159 1013 57
543 60 2
1384 384 5
780 1340 30
651 662 38
862 932 8
845 11 2
842 674 1
855 1047 2
1061 637 12
157 526 2
546 139 3
106 117 30
841 763 2
486 1251 2
692 1138 6
1033 513 26
594 943 2
829 949 2
23 718 2
601 1395 7
383 154 2
438 1491 5
1246 1057 57
770 1566 5
939 1322 13
1468 88 5
1094 1126 30
31 779 8
505 179 8
718 1112 23
1439 1608 46
1496 1602 38
838 1236 8
1468 1254 7
718 1124 33
750 976 30
912 531 2
1225 1050 5
820 958 3
565 1031 2
1029 241 2
487 139 3
912 823 2
363 656 2
140 355 8
143 101 8
455 958 2
126 368 2
847 683 0
458 704 2
581 1419 8
879 1002 1
1253 775 12
143 789 8
143 393 8
383 1201 15
116 1128 2
539 438 2
442 504 2
1021 836 3
770 957 7
692 65 8
551 102 7
852 573 15
925 98 33
1215 139 5
790 1129 7
552 1314 8
438 464 2
126 341 3
383 428 41
1212 1298 7
696 37 8
362 701 30
1040 83 8
516 1375 27
650 222 2
1421 1310 7
88 854 27
1198 1045 53
281 869 27
515 1354 1
111 1126 14
1227 1384 8
1093 824 6
330 226 3
614 172 5
302 486 7
797 685 8
550 474 2
872 667 27
871 1128 8
926 483 15
88 289 2
1051 193 5
574 53 35
765 834 8
806 1047 30
1128 277 8
650 446 2
1476 208 30
176 551 2
841 1391 2
638 1127 8
265 508 7
369 667 27
1084 716 8
1087 462 8
256 882 2
958 1451 7
720 1199 7
273 516 2
562 939 15
929 1315 7
278 1232 2
395 533 3
1460 750 30
601 420 7
618 450 7
618 1184 2
1172 937 7
370 1138 2
619 59 8
933 891 7
160 377 8
1126 743 5
1030 1163 2
650 1201 15
915 0 0
692 95 6
205 837 77
852 149 8
535 1239 30
227 241 1
388 1389 8
359 1212 7
127 952 7
568 891 6
337 875 6
858 37 8
162 90 8
702 971 74
470 750 2
575 300 2
1275 295 7
1040 487 8
350 1581 8
1380 183 2
1008 1037 2
1569 99 0
1481 957 7
1359 113 2
598 213 8
1125 1097 7
45 418 30
913 420 2
442 1424 2
667 138 2
1024 1461 2
1419 855 5
1031 59 8
221 841 2
1338 335 2
667 92 7
684 950 14
314 420 2
1391 183 8
409 101 26
1120 646 8
107 116 8
1419 1166 1
213 702 8
302 718 7
70 165 7
325 92 8
1135 3 8
325 51 7
1135 341 3
330 808 8
913 453 30
703 1491 5
1126 949 44
347 838 8
281 536 2
960 727 1
398 642 2
66 859 2
633 269 6
298 957 8
519 684 2
350 223 26
1080 667 27
1341 957 8
745 434 2
162 499 2
434 455 14
168 1144 2
498 568 7
292 541 2
227 937 1
1299 718 2
871 377 8
761 939 15
29 1389 7
45 325 2
262 1008 39
862 601 59
1174 140 7
443 1068 5
42 929 7
601 1340 7
951 1419 8
498 937 8
489 838 8
1299 650 2
489 1135 2
1509 1091 2
915 1357 1
718 381 33
259 1345 2
598 1305 8
741 950 14
694 104 2
476 681 2
543 383 41
337 1568 27
912 476 2
238 937 7
1485 1567 2
464 575 2
125 453 2
710 88 3
829 1217 8
226 1565 2
1358 911 2
925 466 2
143 46 8
145 958 3
217 1047 2
143 384 3
420 1377 6
969 658 0
454 159 2
156 810 15
442 449 2
552 1264 2
1231 1584 28
416 223 26
598 1239 30
1252 355 8
727 1554 0
685 958 3
664 159 2
86 1097 7
1126 298 7
727 1112 5
1212 1243 7
1438 1389 7
541 231 2
724 277 1
864 1418 7
88 1567 7
1474 362 2
696 1295 30
420 85 2
1136 1217 8
541 127 2
882 958 2
1207 1116 7
1009 957 8
420 773 2
437 803 2
350 1578 5
1103 1437 8
69 545 2
1533 447 1
409 497 2
69 936 8
48 434 1
1209 568 7
808 412 5
619 1342 7
1394 857 27
913 412 5
158 1033 2
393 1097 7
139 33 2
782 915 30
544 1455 30
872 88 3
910 958 5
1536 313 52
790 88 5
610 37 7
1352 611 35
267 259 27
255 1213 7
720 1581 8
278 1177 2
387 1212 8
14 494 1
444 880 15
346 929 7
999 1146 77
1047 1138 2
577 626 2
1265 735 6
1295 206 54
1287 952 33
191 1179 31
115 4 1
148 1062 8
155 650 2
602 937 7
321 341 5
239 625 2
694 1024 2
1344 929 57
1382 1570 7
85 501 41
173 418 30
1483 1126 2
1146 424 7
1163 891 8
936 321 2
205 318 77
126 545 2
296 802 57
335 661 2
1171 957 8
1008 586 2
1225 1002 48
267 584 55
1352 1245 37
483 626 8
1162 147 8
126 936 8
1033 1078 2
1207 646 5
442 1077 2
70 1098 1
836 877 30
193 650 57
453 201 2
447 1001 2
925 671 33
1035 44 8
1471 27 59
462 848 8
911 1236 8
278 920 1
449 399 2
1008 1305 8
82 1177 2
990 264 57
555 1097 7
108 355 8
1128 626 8
1460 706 2
684 1291 14
211 1384 8
330 65 8
922 362 30
1062 646 5
1337 377 8
403 929 7
420 1396 8
52 1097 7
35 1405 2
1415 921 57
281 877 2
72 1310 8
1541 686 7
350 1392 30
1536 1212 7
1056 1127 6
859 289 2
519 291 7
1409 444 2
1156 766 5
395 1133 2
981 377 7
183 514 2
636 438 8
856 1384 8
1476 781 30
381 453 2
1219 116 8
841 1568 2
1183 702 7
390 453 2
1230 203 55
636 730 8
620 535 2
399 1555 2
241 1562 1
1453 270 3
316 775 10
601 1389 7
1459 287 30
1163 1196 2
140 26 2
205 1118 77
490 1212 8
126 1345 2
928 1086 2
575 1337 2
856 1212 8
590 59 7
607 823 2
1496 1584 28
1137 1156 7
1496 804 38
150 958 2
159 917 8
476 334 2
340 1181 7
239 857 2
486 742 23
1266 1305 8
1323 412 5
1384 908 7
302 278 9
373 1384 8
1160 462 8
322 321 6
541 1555 2
913 259 7
1047 382 8
259 1217 8
545 1131 2
1093 99 0
824 810 15
725 99 66
1221 1310 7
418 591 1
859 693 2
82 202 2
423 1033 2
997 823 7
1137 88 3
1223 911 2
494 99 0
459 59 8
70 784 2
763 1389 7
1317 420 27
63 1389 8
344 139 3
363 866 36
1570 226 3
533 37 8
859 917 2
738 433 7
765 36 8
573 293 0
939 1184 6
541 98 14
603 1133 2
620 1163 2
495 1395 7
1496 1604 38
1400 1062 7
176 1310 7
855 1565 2
1295 905 2
611 803 2
69 813 8
1174 759 2
284 1340 2
1301 59 7
1570 112 8
1322 462 8
238 412 5
364 937 7
507 59 59
836 497 2
266 236 12
707 1131 2
505 743 3
371 957 8
1047 1479 2
1132 1266 1
127 492 2
1261 686 1
53 44 8
162 622 34
241 806 7
1448 70 30
724 1500 30
1135 1345 2
903 689 2
1083 973 9
179 412 5
673 1295 2
349 494 2
1463 1384 7
1225 551 48
590 37 8
1162 92 8
787 1213 7
916 958 3
692 291 8
1140 950 33
856 1284 21
447 666 12
695 37 8
1397 1310 5
442 626 2
216 1384 7
333 685 8
1321 1127 6
1161 59 8
937 1438 5
238 172 8
1357 933 2
664 1128 2
241 781 30
347 108 8
541 804 2
409 1138 2
539 492 2
76 216 2
1383 958 5
658 59 8
416 168 2
1022 277 8
1050 193 5
841 1243 7
303 880 2
404 750 2
295 1106 2
627 1104 7
702 660 5
1326 838 8
28 405 16
1323 1384 8
638 957 8
636 383 8
156 694 7
53 453 2
494 118 2
1291 368 31
483 611 1
843 88 2
1050 796 1
268 813 8
1184 1310 8
341 412 5
727 274 12
263 295 2
1284 1287 2
604 730 2
264 732 7
1340 163 5
1163 1199 7
446 412 5
856 1162 2
1163 1578 3
1163 1141 2
1193 216 50
315 915 30
323 88 5
21 399 2
486 726 2
1163 1491 7
1259 727 2
519 607 30
524 531 30
101 730 2
524 584 41
915 1247 1
255 453 2
434 1327 6
450 321 6
241 1376 2
911 798 2
1258 829 2
1146 601 7
820 59 8
126 1217 8
97 603 6
392 330 8
432 1127 1
468 140 8
1008 1550 8
396 1118 5
552 466 2
1164 37 8
695 957 8
1135 297 8
550 1000 2
1502 453 34
350 32 8
1496 1270 5
362 1451 30
541 1036 2
1008 1482 8
759 1070 7
673 148 2
779 833 8
1131 1616 55
1340 1381 7
555 108 8
778 148 2
1326 1097 7
322 531 7
779 1125 8
552 789 8
552 393 8
823 212 71
1156 1407 5
380 1230 20
1437 938 33
172 722 2
1080 584 53
418 468 1
1548 1086 8
66 689 2
950 368 31
605 958 5
921 191 30
297 759 2
524 1230 2
401 433 7
601 1342 7
428 1295 30
722 1384 7
620 420 2
993 1389 8
393 1033 2
167 1395 7
603 1078 2
741 952 14
1299 1340 2
1295 116 7
1015 568 15
829 1120 2
363 1472 37
385 1389 8
1080 516 2
573 211 1
230 841 41
836 150 2
26 239 2
1163 166 2
1073 1126 2
40 1310 8
125 1097 7
838 719 8
438 160 30
252 882 27
148 665 2
1283 444 23
752 462 8
125 1389 7
535 782 30
116 1075 2
1058 139 3
170 1238 71
577 912 2
866 939 15
39 958 3
230 1389 7
582 836 2
1130 241 1
484 577 2
1161 1342 7
117 1314 1
594 937 8
1026 958 2
468 377 2
143 272 8
249 462 8
395 1070 5
561 1454 2
434 284 6
472 1550 8
1407 519 35
847 412 5
256 226 3
128 765 19
632 957 1
658 1342 7
228 689 2
447 599 2
674 1070 2
823 626 8
551 611 2
383 546 30
1001 702 12
702 342 74
1230 582 2
550 25 2
139 1578 5
383 203 41
1458 1144 2
1106 702 12
903 957 8
535 861 2
550 713 2
20 37 8
346 958 3
555 1033 2
383 1200 15
370 595 41
395 1004 27
442 503 2
894 399 2
627 366 1
861 718 2
399 533 2
273 651 53
577 1152 26
550 244 8
303 429 2
392 1097 7
1128 52 8
303 820 8
303 424 8
1283 1191 12
836 1242 2
1176 519 1
541 671 14
277 727 2
1210 957 8
158 1213 7
1394 979 27
1394 1375 27
140 189 27
167 362 2
1047 995 1
929 658 0
1437 187 33
1296 937 59
735 1128 8
148 1315 7
1296 650 2
411 462 8
101 1291 16
370 913 2
205 320 77
730 349 2
475 859 2
28 1395 7
1037 724 2
118 990 37
59 881 3
503 409 2
1047 1364 2
252 909 2
205 612 77
259 200 2
250 1384 8
1130 1265 1
907 568 7
239 455 2
524 476 30
377 626 8
720 32 8
958 226 3
588 1212 8
1495 958 2
684 803 2
364 172 8
64 1292 30
575 763 2
126 766 8
962 1014 0
570 438 8
864 1070 5
1474 1284 2
672 1047 7
1207 476 5
737 64 30
1358 350 2
761 1005 1
1328 1392 7
1093 1399 6
772 331 7
1098 1170 0
1254 1125 8
1310 298 5
1337 239 1
792 841 2
408 377 5
1351 1310 7
362 1500 30
438 1555 2
1461 1122 2
550 945 2
217 126 2
325 1224 33
1226 973 74
650 1021 2
541 981 2
306 929 7
228 37 8
84 1116 2
1106 1291 33
552 384 3
189 1156 8
906 1128 8
1454 160 2
829 1377 6
402 848 8
411 1163 2
915 1094 30
295 1283 2
1264 1244 36
1297 447 1
759 889 2
1084 873 33
756 1097 7
69 83 8
108 1225 5
52 1231 17
1555 516 2
69 380 2
191 59 8
636 565 2
1068 90 1
325 533 3
706 850 6
162 670 2
1179 834 7
505 368 2
613 929 7
154 140 2
181 139 3
584 368 16
930 1589 38
1356 948 15
290 75 3
720 728 8
1454 485 30
619 462 8
159 1148 2
205 1636 77
1217 412 5
830 1345 2
1153 929 7
485 420 2
735 377 8
160 415 44
1025 823 33
1184 108 8
808 531 2
702 160 7
575 1391 2
372 1127 8
140 471 8
796 1212 8
1377 37 7
1131 903 2
70 349 1
552 747 2
1128 1449 2
1105 472 1
126 83 8
1084 1514 0
1047 999 14
505 1335 5
383 199 30
689 39 8
417 1075 27
786 108 8
1093 320 6
917 836 3
923 139 3
1335 1342 7
290 1397 5
1253 444 23
108 813 8
900 1156 8
476 781 30
184 783 57
859 1211 2
1561 1384 7
350 315 30
281 693 27
281 297 27
111 950 14
641 1131 2
228 957 8
1457 836 3
322 1437 8
909 1047 14
639 458 2
1103 1212 8
1570 114 8
1215 957 7
1213 424 8
155 718 10
409 272 2
519 1483 2
639 750 2
526 774 2
1338 88 3
350 539 30
1352 1388 61
650 265 8
927 483 15
370 368 41
988 239 39
1076 779 7
829 1401 2
721 603 27
739 362 2
829 1396 8
1307 1128 8
442 1152 26
757 765 19
1510 239 2
199 1047 30
516 68 24
730 393 8
1458 950 30
681 412 5
59 92 8
1291 1337 7
1383 1086 7
1047 1309 2
1397 59 7
999 1213 77
1253 1191 12
241 974 2
703 1550 8
447 1298 7
442 1417 27
1163 1062 8
415 1523 5
170 1135 30
1126 1607 2
582 139 3
1036 172 2
931 167 8
1304 1246 5
1251 933 2
1266 92 8
810 813 8
1377 957 7
692 855 3
915 813 8
85 1162 2
551 1184 2
325 1150 7
383 1119 30
420 865 6
418 1445 1
501 658 0
732 1502 1
962 99 0
112 958 3
667 546 2
409 1364 2
657 952 33
205 23 7
191 1342 7
535 1388 7
295 1016 12
118 241 35
485 412 5
370 1168 41
889 256 2
546 1091 64
282 184 5
623 1097 7
998 646 7
322 462 8
489 810 15
646 471 8
1084 1236 8
279 148 27
516 762 2
530 1437 8
148 1227 6
623 1389 7
395 616 2
436 952 14
960 447 1
69 33 2
183 393 2
279 836 27
398 362 2
290 1457 8
759 834 2
862 97 59
1547 390 8
183 289 2
1476 160 30
159 869 2
729 350 2
1058 1075 2
1461 1392 30
950 1337 7
505 1578 7
276 929 7
1172 1389 7
239 804 2
1527 838 8
1163 1367 2
616 958 2
33 335 2
42 1086 8
126 1120 2
657 939 15
162 151 2
337 1327 6
651 1029 40
454 1362 2
1521 958 3
259 773 2
494 167 8
692 735 6
841 355 8
577 114 2
359 295 2
829 249 8
1459 168 1
1244 3 62
29 937 7
482 1199 8
565 300 2
46 139 3
808 476 2
1566 1280 57
934 937 8
563 1230 2
463 59 7
278 191 14
383 1455 30
632 159 1
314 836 2
1232 1384 48
941 259 8
923 1349 8
464 519 2
416 1382 2
1325 1097 7
207 905 2
298 603 6
189 1437 8
1126 18 7
1476 960 30
633 1081 6
264 568 15
199 37 7
1232 1212 48
1126 1401 44
1231 297 8
999 37 8
99 1086 8
1047 813 15
557 241 50
686 1413 5
1336 256 7
69 661 2
183 625 2
268 1298 7
530 363 2
191 241 2
535 287 2
1230 3 8
350 192 30
303 22 8
205 1307 14
979 148 2
769 44 8
1455 139 3
841 368 2
494 1264 2
1198 350 2
1405 1495 2
4 808 6
598 1388 7
440 958 5
149 789 2
1394 869 27
1075 26 2
703 880 2
152 535 2
505 936 8
484 434 1
273 577 2
108 23 5
142 1295 2
707 568 7
836 272 2
259 1401 2
137 929 7
1496 1603 38
1162 39 8
47 462 8
724 983 30
485 1384 8
572 1246 37
1061 823 33
917 1144 2
273 108 8
1448 241 30
1247 568 7
126 369 2
997 1002 7
1466 775 1
584 716 8
483 54 8
759 1118 5
346 1310 8
1010 1388 7
325 849 2
558 823 33
1259 139 3
1033 798 2
325 1199 7
442 63 7
442 459 7
325 1141 2
325 1044 69
402 1388 7
295 657 2
1315 1471 52
1547 1381 7
438 711 7
551 769 2
420 54 6
409 1309 2
506 603 6
88 312 7
1080 1127 6
1231 1321 8
789 958 3
168 689 2
1125 1126 14
1399 321 6
420 1121 2
69 1243 7
88 244 7
1075 722 2
252 136 6
862 1457 8
1131 987 55
864 32 8
618 857 2
638 1128 8
4 719 15
159 39 6
159 80 7
1179 432 7
252 824 6
836 1364 2
731 531 7
843 259 2
752 1384 8
958 1452 7
912 412 5
362 1073 2
731 823 7
494 226 3
158 70 2
507 462 59
475 689 2
144 1384 8
1380 252 2
162 96 2
575 661 2
915 293 0
4 57 6
494 112 8
1402 1389 8
259 322 2
632 720 15
101 505 2
337 545 27
442 1493 2
524 651 41
931 1578 3
951 958 3
226 1230 2
684 925 2
458 891 7
908 159 7
1466 1695 1
449 1310 8
519 606 30
723 139 3
772 458 1
1056 462 8
604 830 30
116 149 8
420 1525 2
337 769 27
464 172 2
574 987 2
416 1035 2
1040 1108 8
565 177 2
61 719 15
1201 776 5
550 1567 2
1000 1291 33
519 24 1
313 907 32
727 881 5
321 80 7
644 183 2
370 1345 41
872 1195 2
1156 1578 5
85 59 8
486 99 0
1138 88 3
159 735 6
720 298 1
1317 140 27
702 1063 5
377 846 6
69 210 2
268 1243 7
720 590 1
1080 651 53
988 453 2
616 911 2
730 1271 2
718 1561 2
1230 947 55
1131 1376 15
1076 377 7
252 1121 27
1295 625 2
270 88 2
494 808 8
278 154 2
554 483 15
350 1124 16
1117 958 5
494 98 33
582 1075 2
1056 434 1
1039 841 2
31 730 2
544 1477 21
696 1389 7
1275 1284 7
626 172 2
1047 907 2
4 685 6
575 1243 7
277 139 3
148 435 8
772 340 77
544 1373 21
772 775 5
703 757 2
594 420 8
139 21 8
505 813 8
1213 1327 6
565 581 2
1055 531 7
20 1254 7
476 974 2
1152 803 2
23 492 2
36 1047 30
143 47 8
903 409 2
228 172 2
584 265 8
1316 59 5
362 249 8
75 412 5
925 824 23
1023 1310 8
933 138 35
1040 75 3
437 476 2
333 743 3
1104 246 1
29 172 8
106 366 2
676 162 2
1317 836 27
88 1568 7
435 1086 8
377 1187 0
541 128 2
859 1333 2
864 1315 7
303 663 8
623 1033 2
420 769 8
1279 958 5
1562 637 12
1337 88 3
1336 829 7
295 534 2
409 498 2
278 517 1
849 1075 2
172 210 2
32 958 5
650 433 3
724 497 7
1019 183 8
573 1078 1
1285 293 0
618 1198 2
841 1337 2
1210 1128 8
1270 1566 1
836 1309 2
117 368 30
102 1047 30
1390 572 1
505 1217 8
929 824 6
1163 569 2
256 1120 2
958 233 27
205 95 77
1396 59 7
64 1239 30
1503 958 3
830 200 2
163 330 8
1438 172 8
575 314 2
618 1125 8
980 1340 30
205 387 77
486 446 2
1085 1340 30
1348 683 0
254 1511 74
350 844 2
584 1120 38
1372 535 7
568 837 6
586 126 2
1259 447 2
241 1200 2
222 159 1
1052 148 2
674 1541 2
1510 689 2
883 61 15
1349 1283 2
702 910 7
126 942 2
108 1298 7
689 898 2
988 61 15
1028 759 2
1193 160 50
501 90 8
551 722 2
798 1230 2
65 1246 5
442 1078 2
317 1310 7
586 350 2
1471 28 59
689 1581 8
85 1342 7
1116 1021 2
453 890 2
1131 938 33
417 618 27
812 36 14
861 1585 2
416 980 2
190 1342 7
438 1330 2
1450 651 53
995 829 7
1555 651 53
1395 881 5
424 1437 8
1207 1349 7
290 1314 7
88 885 7
88 489 7
552 118 2
416 912 2
140 223 26
1553 1131 2
1179 677 7
762 59 8
74 183 2
273 779 6
982 568 7
66 409 2
318 505 80
1047 1152 26
577 681 27
172 833 8
159 320 6
468 1170 0
1476 782 30
651 1031 40
1081 584 53
719 1097 7
616 1252 2
1301 1395 7
1547 908 8
636 1127 8
620 140 2
1400 39 7
1476 1074 30
494 466 2
553 453 35
420 18 8
862 719 8
841 258 2
689 223 26
603 798 2
268 1161 8
1497 958 1
255 577 2
291 694 39
1047 1417 27
550 1214 0
154 603 2
486 31 33
1541 37 8
1129 1388 1
1129 992 1
1193 960 50
140 273 7
1162 1578 3
125 759 2
1035 350 2
1500 281 2
494 685 8
1373 1389 7
1354 727 2
780 501 21
937 63 8
238 779 7
340 1114 7
1314 683 0
205 945 7
231 259 2
1138 584 53
1047 781 30
108 588 8
911 158 8
438 309 7
191 535 2
973 909 1
641 568 7
1225 148 48
183 1211 2
140 1578 5
377 1132 0
1144 961 35
363 138 35
692 226 3
357 1310 5
1084 388 2
322 1212 8
466 1246 5
1215 732 7
39 438 6
158 1047 2
829 865 6
399 545 2
618 455 2
689 1578 5
420 255 2
84 140 2
619 1230 2
514 1131 2
1200 37 8
939 1081 6
271 1405 2
176 442 2
505 433 7
30 335 2
603 1030 2
1383 929 7
577 1036 2
488 1033 2
35 551 2
40 929 7
723 1097 7
508 908 8
439 1252 30
1459 368 16
1163 514 2
1448 535 30
128 841 2
492 609 2
399 863 14
232 812 1
1146 42 7
936 335 2
205 332 77
377 54 8
594 1389 8
1047 1376 2
56 258 30
1252 606 2
1442 1284 1
931 384 3
220 1075 2
518 139 5
648 321 6
205 264 77
373 702 8
108 1243 7
453 903 2
1087 241 35
862 658 0
218 59 7
1082 148 20
939 404 8
1316 236 5
722 724 30
259 581 3
160 598 30
462 502 8
265 598 30
726 750 30
344 836 3
1126 1606 2
762 1342 7
584 1586 5
1109 646 68
1221 1362 2
550 1061 2
1056 412 5
1340 1150 7
823 976 30
543 937 7
541 701 2
172 455 2
68 1131 2
821 990 5
4 576 14
303 1236 8
416 857 2
1570 855 3
622 973 58
872 689 2
1459 200 2
530 1212 8
524 603 2
859 235 2
618 1479 2
183 460 2
159 265 6
74 420 2
499 1291 33
369 689 2
870 88 3
550 611 34
284 366 2
462 163 5
61 65 8
53 350 2
634 1156 8
1179 158 7
47 1384 8
1265 1377 6
391 1389 7
30 859 2
1313 1127 8
313 101 8
486 1087 2
1305 957 8
1398 1252 2
255 126 2
154 256 2
601 939 7
256 1396 8
810 560 1
581 70 31
593 1231 17
1275 486 7
335 91 5
642 1224 30
1391 551 2
90 845 5
383 185 39
925 425 2
683 196 1
823 1337 7
806 812 1
442 1381 7
1052 325 2
381 724 30
1566 763 57
464 70 2
513 1340 30
565 471 2
1158 1437 8
1330 1265 1
911 1482 8
501 663 8
1452 845 1
1240 226 1
468 37 8
551 189 27
1565 898 2
558 366 33
1454 284 2
333 3 8
185 139 27
333 341 3
416 1553 2
823 291 8
362 1452 30
438 300 2
438 341 3
770 37 7
796 1156 8
1236 59 7
633 856 6
199 937 8
1402 1213 6
1144 546 35
929 99 0
333 1335 5
958 271 7
395 104 2
45 1496 53
836 219 2
1252 856 20
1291 833 7
168 60 2
1284 873 33
1295 455 2
259 865 6
843 1405 2
841 831 2
1376 1093 1
999 709 77
278 380 2
1474 911 31
575 1515 2
1284 209 2
630 37 8
1238 883 16
601 256 7
399 808 14
142 1461 8
1259 1310 7
340 1359 7
1045 158 8
4 1203 6
577 913 2
22 492 2
1056 1384 8
568 39 6
1359 1328 2
122 172 2
321 903 52
1161 1384 8
1321 412 5
808 937 7
897 1097 7
941 730 8
350 1125 8
836 440 30
301 313 77
1158 462 8
155 140 8
917 1310 8
545 667 27
458 480 2
270 535 30
544 1420 8
159 112 8
770 1129 7
483 855 3
494 345 0
325 974 7
1454 912 2
1242 689 2
162 1070 5
1349 417 2
1315 954 52
852 303 20
903 859 2
575 63 8
1104 805 2
1284 1514 0
350 1455 30
281 1041 27
1506 1170 0
575 355 8
85 476 7
88 87 7
1357 444 23
416 114 2
281 1333 27
420 500 2
1156 329 5
996 1395 7
869 492 2
1456 836 3
1084 1253 2
420 891 8
273 377 6
806 823 30
1221 838 8
239 1152 26
618 1028 2
618 1424 2
395 1024 2
1183 989 7
148 1316 7
1042 1405 2
325 1014 0
486 344 2
1058 399 2
1341 37 8
707 667 27
1271 1047 33
505 1298 7
370 914 2
977 957 8
819 568 7
195 88 3
1047 619 27
492 890 2
183 40 8
239 1417 27
1547 42 8
24 1047 33
1129 590 1
1054 1047 2
126 840 2
642 877 30
916 929 7
1496 403 38
279 531 50
1047 54 2
1130 1266 1
148 1581 8
21 1033 2
377 627 8
150 453 2
726 1389 8
135 1127 8
20 401 7
1170 1575 4
220 1252 2
238 377 7
582 149 8
939 685 8
667 728 7
177 412 5
1166 1156 8
1357 1191 12
849 573 15
458 1062 7
116 325 2
810 1161 8
447 873 33
570 1127 8
1035 172 2
1022 627 8
915 1161 8
1456 803 2
1500 1310 5
1413 1566 5
1454 229 2
905 458 2
600 519 35
447 209 2
519 591 1
1045 1024 40
1479 325 2
36 418 30
189 1162 2
894 1342 7
3 532 8
1044 541 40
650 1314 2
1221 1097 7
515 155 1
140 1176 5
876 568 7
403 1156 7
483 961 1
988 692 2
1414 139 5
70 675 2
70 279 2
978 1295 2
731 1002 7
895 37 8
66 239 2
631 70 1
519 460 2
1204 1395 7
281 604 2
1445 950 33
139 101 26
1144 491 35
876 937 8
1230 119 8
59 1199 7
1321 1384 8
1183 929 7
543 172 8
636 957 8
1461 1448 30
252 1227 6
54 1212 8
1230 722 55
603 628 2
1394 297 27
1394 693 27
252 500 27
271 1295 2
275 183 2
227 1005 1
720 1125 8
447 1514 0
261 295 2
154 829 2
241 374 1
20 1097 7
1226 1065 5
699 1352 2
1372 1389 7
1193 1082 50
4 856 6
213 139 5
1266 1491 7
1460 159 20
551 101 26
577 66 2
646 1214 0
241 347 2
1208 683 0
362 92 8
229 241 2
1442 486 1
943 1307 13
1163 39 8
900 1230 2
1128 1450 2
501 1236 8
143 114 8
893 1340 2
689 40 8
325 569 2
515 1247 1
228 239 2
1239 492 2
1254 47 8
402 338 5
1351 278 2
1535 259 20
1004 44 7
628 88 5
588 462 8
1548 1395 7
447 936 8
347 1310 8
1093 613 6
880 1295 1
873 1496 2
592 1047 50
139 22 30
809 1047 30
1340 393 8
1287 925 10
69 1077 2
159 1430 57
519 1564 12
82 716 8
395 513 26
409 1029 2
85 462 8
1437 974 7
1340 685 8
1429 1097 7
471 720 15
952 978 5
551 47 7
724 736 7
867 1570 2
159 1138 6
190 759 2
1429 1389 7
170 937 7
90 1511 9
84 330 2
838 1388 7
158 1565 2
933 866 36
642 101 2
859 1436 2
338 830 30
865 59 7
941 377 6
1301 646 7
650 167 2
395 677 2
492 611 2
303 766 8
727 617 2
159 34 53
1303 1116 7
148 136 6
159 739 27
1084 833 8
1084 437 8
683 1132 0
39 929 7
836 787 8
1295 1424 2
517 702 8
139 497 2
117 539 30
852 730 8
505 893 2
734 335 2
600 649 2
642 424 8
1084 1125 8
727 945 2
155 494 2
839 335 2
618 905 2
1055 1002 7
476 1445 2
593 1213 7
836 719 8
592 515 2
718 201 12
335 68 1
891 1129 1
279 476 50
1162 387 8
386 973 9
1037 957 8
241 1371 2
537 1068 5
923 107 2
823 877 2
790 1254 7
829 18 8
1336 702 5
193 494 57
463 1395 7
1104 425 1
1024 958 2
337 661 27
349 366 33
1330 88 5
1104 717 1
563 603 2
340 261 7
126 1108 8
85 1163 2
795 1389 8
1219 1298 7
1471 199 59
761 1342 7
193 718 57
1315 1131 52
1237 937 8
838 1314 5
653 823 33
56 160 16
420 1199 7
550 1287 2
917 108 8
1231 1377 8
200 492 2
647 779 7
598 624 30
1335 1389 8
424 1212 8
116 139 3
1014 730 8
641 1045 33
1291 948 15
1022 796 8
872 519 2
790 140 8
501 912 21
396 1315 7
777 1550 8
416 979 2
76 1418 8
782 281 55
1179 848 7
1213 908 7
285 1097 7
1562 113 2
192 650 2
1380 574 41
1284 848 7
86 59 8
115 573 15
285 1389 7
159 95 6
205 284 14
1476 557 30
1163 1436 2
59 1581 8
507 1086 8
205 576 14
1302 1437 8
1081 651 53
1207 37 7
377 201 12
544 152 30
1503 1342 7
162 512 2
603 177 2
983 794 44
394 1303 2
268 936 8
915 1105 0
568 1308 6
841 424 8
1396 462 7
487 1097 7
730 1314 8
501 269 8
810 1078 1
507 1310 8
162 881 3
592 1097 7
231 667 27
380 420 2
1028 1230 2
1047 231 2
259 769 8
457 1005 2
624 730 30
1176 438 8
259 1457 8
623 370 20
1084 1132 0
1495 325 2
1238 309 16
140 21 8
31 377 8
1152 1310 8
89 1389 7
126 75 3
458 32 7
552 297 2
939 1550 8
551 210 2
325 514 2
778 1131 2
1045 272 8
950 948 15
745 139 5
172 1309 2
933 546 35
1100 363 2
1231 298 8
623 1045 53
859 1449 2
442 97 8
729 1047 2
915 355 8
76 47 8
535 684 2
76 344 2
399 424 2
1394 938 27
1405 854 27
1295 1041 2
847 937 7
350 485 30
1283 732 7
618 626 2
1066 90 1
514 568 7
1461 22 30
728 1395 7
1397 1384 7
759 881 3
1302 462 8
841 661 2
1184 651 53
162 1140 2
1156 151 5
488 516 2
505 546 2
505 942 2
1075 423 2
148 856 2
399 648 2
582 1131 2
1335 990 5
158 1437 8
721 841 27
1284 97 7
1124 573 15
476 1098 2
401 1217 8
239 619 27
565 1393 2
1040 1491 7
1163 289 2
266 1084 2
1030 829 2
22 718 2
277 149 8
861 830 30
1399 958 3
1382 603 7
907 505 2
1317 958 5
988 1126 30
577 1035 2
598 1550 8
325 1227 6
1561 1005 36
914 88 2
337 210 27
381 139 3
1215 501 5
570 37 8
98 1620 7
126 662 2
453 678 2
818 434 2
259 18 8
454 508 2
652 779 6
442 798 2
445 544 2
213 1310 7
1219 1243 7
911 269 8
1522 412 5
1061 925 10
1333 1342 7
641 667 27
836 890 30
1444 295 2
1251 444 23
545 516 2
418 1287 1
86 1342 7
234 88 3
85 1040 2
59 136 6
550 452 12
1144 75 3
1338 689 2
541 872 2
724 1314 1
458 594 29
881 486 7
1455 399 2
1455 836 3
1536 438 52
82 1581 8
1565 269 2
950 581 5
534 702 12
1488 1610 56
1444 519 2
981 458 7
626 1342 7
530 1284 2
1395 533 5
321 114 8
69 1577 8
1313 929 7
820 483 15
1084 368 33
281 890 2
183 235 2
1476 106 30
183 626 8
888 573 15
1127 643 5
620 256 2
1352 960 35
1461 942 30
829 1224 33
377 530 2
1076 88 2
241 1283 1
1496 593 38
510 183 2
944 458 2
263 363 2
1284 1355 2
1158 1384 8
117 530 1
575 662 2
830 944 2
944 750 2
1397 633 7
162 92 8
819 1419 8
126 1358 2
1126 368 31
335 1078 2
252 322 27
1259 1191 2
1251 1191 12
829 533 3
497 1008 39
464 241 2
541 1469 47
154 646 8
591 702 12
1158 1212 8
1466 1696 1
1117 929 7
1039 37 8
570 957 8
618 910 5
148 32 8
1468 401 7
51 1310 5
859 1375 27
1391 149 8
541 1568 2
552 254 12
1454 455 2
1474 492 2
863 88 5
221 838 8
1252 21 8
439 377 7
293 1400 2
997 148 7
519 713 1
189 1342 7
183 639 2
1567 363 2
418 1000 1
651 677 38
876 1127 8
442 42 8
1315 325 52
1304 59 7
528 1437 8
1554 236 12
363 546 35
1424 172 7
49 727 2
534 1291 33
172 1577 8
139 223 26
510 937 7
1525 911 2
834 1342 7
69 503 2
1570 297 8
1459 704 30
557 1179 30
1002 1124 14
162 793 2
541 116 8
1400 387 7
1459 1392 30
158 303 2
1295 230 2
841 606 2
522 958 3
159 233 27
494 1106 2
692 1377 6
1246 1004 57
1303 646 7
117 1554 1
1522 1384 8
539 598 30
917 779 6
161 1128 8
64 216 30
82 1578 5
618 102 8
321 75 5
730 226 3
1461 191 30
836 213 8
1047 1200 2
1047 804 2
527 476 5
1253 732 7
471 259 2
357 295 2
1358 1565 2
148 728 8
1207 88 5
756 1610 56
577 980 2
27 937 7
199 911 31
499 88 3
127 505 2
1252 722 2
333 433 7
836 611 30
1146 90 7
1135 1457 8
1002 1606 2
1123 1310 7
1483 1084 2
891 1342 7
739 911 31
70 1160 1
996 1342 7
311 803 2
844 911 31
1328 991 37
519 945 1
647 377 7
396 160 16
1502 939 15
323 107 7
765 808 7
168 239 2
681 444 23
1239 937 8
328 1156 8
789 462 8
1266 1315 5
853 973 74
872 409 2
1040 1070 5
894 462 8
267 1389 7
941 603 6
806 598 30
462 1554 5
427 92 8
1303 1342 7
535 375 85
852 565 2
1476 51 30
836 914 2
369 409 2
784 1143 77
622 775 2
391 759 2
53 70 2
766 88 3
270 1405 2
35 1295 2
23 1585 2
539 830 30
601 659 7
847 172 8
1163 1258 2
135 929 7
259 1224 33
1061 113 2
956 108 8
159 291 8
1324 281 55
730 808 8
127 841 2
162 433 8
1033 1148 2
922 399 2
1382 1572 7
162 334 2
259 664 2
236 342 74
1561 453 35
543 325 20
450 438 6
588 1384 8
398 911 31
1230 1450 2
127 1128 8
558 113 2
547 1002 1
438 1457 7
1480 732 48
139 944 30
112 420 2
125 59 8
925 77 2
681 1191 12
392 483 15
167 1047 30
452 113 75
416 981 2
966 658 0
1135 18 8
95 718 2
447 83 8
894 1163 2
902 482 8
780 803 2
417 911 27
4 1388 14
550 1409 2
290 1315 7
418 653 1
1232 541 2
759 1525 2
633 284 6
929 1548 5
1552 568 7
1476 851 30
377 109 0
650 1101 12
1022 626 8
957 1418 7
520 925 2
552 114 8
1380 1131 20
170 1395 7
70 450 2
486 441 0
279 667 27
78 516 2
184 764 7
83 836 2
631 241 1
377 792 6
983 692 44
167 1126 2
1390 1561 1
272 239 1
1080 409 2
401 888 2
988 399 2
765 98 8
750 980 3
1547 1305 8
710 1395 7
659 65 8
159 613 6
531 534 2
1550 259 8
483 960 1
492 1315 7
557 64 50
939 850 6
934 472 1
388 434 2
506 172 8
991 973 9
620 829 2
1400 728 7
1284 1298 7
1388 1310 7
988 396 30
810 908 1
543 241 30
694 411 2
295 1225 0
852 765 39
720 796 8
650 1187 0
58 694 39
1040 1381 7
618 47 8
205 1308 77
1265 54 6
544 1319 21
988 724 30
586 1047 2
1056 1104 8
790 401 7
1252 375 2
1026 1075 2
447 388 2
144 183 8
897 1213 7
1459 1416 2
1247 401 2
1163 502 8
172 1166 1
1054 462 8
652 377 6
1474 377 2
1507 205 19
1047 1072 8
582 950 30
1451 845 1
434 297 6
618 1152 26
375 1047 30
27 541 40
202 416 2
362 487 8
922 239 39
207 736 2
515 1314 1
1336 551 7
1254 114 8
872 1395 7
1416 911 31
727 1397 0
218 139 3
1380 1496 41
101 383 8
988 803 2
981 667 27
510 412 5
143 1325 5
281 365 27
409 804 2
838 393 5
618 1417 27
1254 384 3
979 1131 2
370 212 41
777 743 3
555 1437 8
729 1565 2
420 616 2
408 568 7
603 1495 2
505 840 2
996 1156 8
411 256 2
162 1388 7
877 377 8
399 942 2
399 546 2
862 848 59
829 1199 7
877 674 2
273 476 2
1129 926 15
52 1437 8
622 278 58
266 702 12
603 1031 2
730 534 2
492 678 2
514 1127 8
838 1491 7
157 1437 8
139 272 2
4 1327 6
1545 1156 8
406 259 8
1127 533 5
167 37 7
1177 1195 2
241 43 6
1540 1128 8
1460 642 30
390 59 8
1461 856 20
958 1239 7
137 1156 7
370 1030 2
657 483 15
718 360 2
479 1362 2
803 1371 2
958 611 34
1391 1131 2
46 958 3
864 147 8
183 52 8
125 1342 7
799 1389 7
629 37 8
1466 966 1
143 1377 8
468 702 12
265 957 8
383 671 30
1110 727 5
494 341 3
577 1553 2
917 60 2
206 584 53
1160 1384 8
1566 824 57
435 1395 7
903 937 7
1193 106 50
335 504 2
1047 1007 44
916 1310 8
442 628 2
551 960 2
381 362 31
552 1112 23
1454 53 2
172 1417 27
1266 848 8
85 1230 2
1295 855 5
176 649 41
995 1212 8
1541 1097 7
1131 220 2
289 958 2
88 1169 2
395 1148 2
415 982 7
650 254 12
531 255 2
148 1399 6
156 957 1
1198 1565 2
55 1128 2
1145 139 5
913 241 30
309 531 2
1204 1156 8
395 1080 2
281 324 2
1284 1357 2
739 1126 2
601 1008 7
205 455 14
1404 363 2
502 838 2
269 568 7
140 101 26
82 32 8
1476 624 30
45 577 2
1045 1166 1
159 1333 2
1397 531 7
862 269 8
706 863 6
598 874 2
1045 1161 7
252 616 27
252 220 27
835 1454 2
266 1291 33
1058 1097 7
1500 295 2
1284 1243 7
722 1419 8
1412 226 2
166 259 2
1436 37 8
902 88 5
1129 938 1
978 1340 30
584 381 16
1352 855 5
192 750 30
88 137 5
266 330 8
142 1131 2
271 551 2
1137 1395 7
432 1093 1
278 1324 39
818 1310 7
148 326 8
568 1307 6
674 512 2
1399 59 8
1225 1266 1
569 957 8
464 462 8
631 810 15
880 412 5
464 759 2
1330 1266 1
565 426 7
221 1033 2
24 453 34
504 776 5
796 1230 2
399 883 16
315 1310 7
112 1384 8
1114 845 1
205 1183 7
468 330 8
1045 47 8
646 1298 7
330 1396 8
649 986 2
98 303 7
1380 1045 41
1553 667 27
344 108 8
281 1416 2
183 1553 2
208 803 2
531 883 2
189 399 33
317 838 8
486 1014 0
867 1389 8
1547 1550 8
1093 265 6
370 553 41
126 513 26
823 948 15
980 568 7
838 1108 7
69 729 2
1075 662 2
1405 233 27
390 1342 7
849 1362 2
973 1516 2
494 1016 12
83 139 3
1547 1482 8
14 162 1
495 1342 7
303 90 8
1403 183 6
836 116 2
834 399 33
618 693 2
262 541 2
434 1267 14
612 183 2
813 1295 1
1400 1301 7
1394 1041 27
81 453 34
706 284 6
729 1437 8
148 930 69
626 759 2
1521 1384 8
259 1199 7
500 689 2
505 1108 8
399 423 2
1174 1394 2
158 1212 8
476 873 2
162 596 33
162 200 33
499 44 8
464 1163 2
1035 1342 7
1295 1436 2
268 28 8
577 878 2
618 287 7
140 497 2
618 625 2
531 1500 30
1054 420 2
1265 627 6
489 1213 7
498 88 3
476 805 2
39 1310 8
723 958 3
650 1330 15
650 934 15
479 551 2
921 856 2
127 335 2
442 641 2
447 1357 2
1026 1252 2
124 1389 7
714 1047 14
576 777 2
1163 387 8
619 1170 51
919 183 2
1240 855 1
396 606 30
438 1393 2
126 437 2
1056 281 55
462 808 8
1352 920 2
575 33 2
1085 958 5
651 1599 38
383 152 30
1316 957 1
1120 259 8
323 401 7
1110 686 7
575 424 8
191 1131 7
1451 1459 2
272 692 55
915 831 2
1104 77 1
551 905 2
383 840 30
1482 957 8
313 1161 7
458 437 29
76 919 2
519 1567 1
557 59 7
416 475 2
1338 172 2
172 68 1
762 1230 2
241 1305 14
829 1070 5
1008 743 3
1000 702 12
1209 1156 7
541 647 2
535 1447 2
281 938 27
622 340 1
901 37 7
646 588 8
1197 1342 7
872 239 2
514 667 27
116 303 20
766 44 8
411 829 2
1098 823 33
37 1388 6
399 1515 2
285 759 2
293 37 7
973 145 2
618 1029 2
627 1384 8
181 1097 7
519 521 2
162 1292 33
977 531 2
829 1004 27
117 199 30
1415 1646 7
226 531 30
116 573 15
1394 66 27
1459 539 30
159 882 2
729 462 8
313 47 8
377 993 2
862 42 59
522 59 8
1244 432 15
1055 143 7
435 1157 62
718 1329 2
1252 101 26
369 859 2
1193 851 50
205 1302 77
126 1133 2
1477 650 2
248 278 74
704 207 7
323 1097 7
1336 1050 5
720 326 8
923 1143 2
577 127 2
855 362 30
88 14 5
582 838 8
501 213 8
570 1128 8
1391 325 2
91 139 1
898 1033 2
1232 709 48
1354 550 2
183 1375 27
969 99 0
646 1243 7
614 937 5
68 667 27
88 904 58
472 743 3
217 420 2
645 162 1
903 172 8
1437 1554 7
519 879 7
70 676 2
172 1420 8
1231 18 8
466 845 5
618 619 27
281 255 27
777 341 3
619 1394 27
729 1163 2
528 1212 8
183 930 53
494 657 2
1081 937 7
76 163 8
1213 90 8
717 1566 37
740 183 2
721 337 27
1144 388 35
216 915 30
216 519 30
842 1084 1
377 1329 2
1461 138 30
159 1510 2
370 34 41
155 823 33
506 1086 8
841 381 2
1210 172 8
1295 355 7
1084 102 8
158 370 2
1295 693 2
777 1335 5
1473 1265 1
829 1062 8
1303 462 8
35 442 2
625 59 8
1226 1066 5
727 214 2
290 719 8
1037 335 2
1042 259 2
750 1094 30
501 1305 8
673 859 2
1266 1388 7
563 541 27
1127 833 7
362 390 2
586 1565 2
1216 412 5
124 646 7
925 284 33
1152 929 7
256 533 3
36 60 44
1252 497 2
605 957 8
702 454 7
438 942 2
1407 70 35
670 1395 7
527 958 1
1352 527 7
1126 1227 7
1236 1097 7
1242 239 2
1122 1075 2
442 122 2
258 1459 30
555 1340 2
551 116 7
1236 1389 7
1252 820 8
1252 424 8
416 128 2
447 833 8
139 23 30
1461 45 2
1352 63 7
462 685 8
1296 1170 0
1341 1389 7
1210 603 7
1449 335 2
69 1078 2
535 1100 2
409 1030 2
295 670 2
1219 936 8
650 248 12
939 1335 5
70 1200 2
1210 535 7
787 59 8
259 1070 5
156 159 1
408 1127 8
419 139 3
295 602 2
928 501 41
227 939 15
402 63 8
1051 982 1
535 546 85
759 104 2
650 163 8
1128 291 8
1496 1470 2
261 1284 2
727 910 2
759 495 8
1459 192 30
1183 143 7
609 568 7
226 476 30
53 241 2
731 148 7
577 1555 2
241 1003 1
1405 533 2
95 1170 0
148 1554 7
217 412 5
831 958 2
1144 1122 6
476 1446 2
1058 1033 2
720 47 8
350 1376 2
259 1004 27
823 1296 7
601 434 7
256 891 8
628 37 8
252 1044 53
239 762 2
702 1546 7
575 778 2
1275 377 7
1054 1384 8
143 1207 8
126 1078 2
598 3 8
486 514 2
1144 1491 7
698 1389 8
360 444 2
841 21 8
753 483 15
0 472 1
895 1097 7
1364 911 2
1129 364 1
72 412 5
3 650 8
980 70 31
432 519 1
1025 366 33
291 1384 7
1230 1449 2
686 39 8
598 1335 5
216 535 2
657 650 2
83 1075 2
88 661 7
108 424 8
399 309 16
183 21 7
1570 1396 8
524 794 2
1355 444 23
62 568 1
1463 462 8
759 1196 2
430 1008 39
515 789 1
1295 1375 27
279 442 27
790 37 8
216 462 8
434 834 8
494 602 2
720 311 1
1230 65 8
814 412 5
49 447 2
641 377 8
45 803 2
862 495 8
552 1325 5
486 1314 2
150 803 2
494 534 2
893 915 30
952 940 2
712 568 7
623 350 2
1383 765 7
350 1567 1
667 1609 47
337 1358 27
1485 1357 2
216 396 30
425 70 35
172 338 5
1302 59 8
796 1128 2
1537 65 8
1259 1143 2
340 1250 7
259 1062 8
401 546 35
829 881 3
1252 150 2
350 625 2
925 229 33
1201 1589 5
77 1005 36
1139 70 2
221 1213 7
64 160 30
1163 277 8
1252 437 8
455 183 7
1124 568 7
325 136 6
416 638 27
59 743 5
552 590 2
550 873 33
632 453 1
1338 1395 7
1045 273 8
673 1127 8
1239 438 2
590 453 35
1210 256 7
1081 412 5
1453 770 2
438 423 2
550 209 2
1008 341 3
519 1061 1
1340 298 7
476 624 30
217 1384 8
756 434 1
874 568 7
859 1450 2
1312 937 7
519 1056 7
126 1070 5
183 1337 7
603 1125 52
322 1384 8
401 1472 37
557 535 50
824 321 6
65 937 7
555 1212 8
313 1420 8
514 929 7
1400 1199 7
686 104 5
721 618 27
1443 950 33
1254 1325 5
163 1097 7
1295 1042 2
1437 147 33
424 462 8
591 810 15
980 1127 8
829 974 7
295 151 2
618 231 2
623 1437 8
1310 848 7
837 603 6
1008 1335 5
52 1212 8
973 35 2
137 1395 7
945 732 7
1461 315 30
148 857 2
126 1004 27
836 1030 2
162 1491 7
747 730 8
1538 37 8
638 1086 8
1488 1002 1
723 1310 8
1144 338 5
1181 568 7
1081 172 8
199 598 30
1284 390 7
929 837 6
917 1127 6
1045 1592 38
1045 1196 38
1193 53 50
702 1491 7
135 1086 8
1459 1124 16
325 441 0
486 167 2
1240 1062 5
1372 256 7
211 37 78
362 1062 8
18 958 3
361 1128 8
350 857 2
674 1262 2
454 531 7
56 722 30
1236 1342 7
674 1274 12
241 1307 14
931 114 8
438 1515 2
206 859 2
135 1310 8
699 88 3
502 568 15
563 841 2
447 368 33
1136 32 8
939 868 8
722 396 30
457 646 8
85 1005 2
222 140 8
416 701 2
1184 412 5
700 718 8
330 147 8
1210 1572 7
865 1097 7
1022 54 8
1100 1284 2
200 730 2
524 1135 2
541 769 2
1391 958 5
1084 1480 2
434 533 3
168 937 7
620 325 2
107 75 8
836 1388 7
880 531 2
1439 492 2
642 675 2
1454 484 9
763 1212 8
399 1345 2
1405 882 2
783 958 5
622 1191 2
863 59 7
1305 1156 7
472 1335 5
483 388 1
779 1314 5
519 305 7
148 739 27
1002 893 14
183 627 8
1352 961 35
89 1005 36
1302 1342 7
1265 1153 6
1397 702 7
1081 409 2
544 98 30
770 1246 5
722 803 2
252 391 27
126 1381 7
1538 957 8
831 1135 2
1174 541 2
838 916 8
721 159 27
1162 1321 8
1033 854 27
936 1135 2
1238 31 16
486 824 23
825 958 3
1461 286 15
380 366 2
519 676 30
1047 177 2
501 507 8
415 63 5
415 459 5
642 1292 30
1056 532 8
890 61 15
145 256 2
442 1495 2
1316 720 15
133 505 1
838 848 8
221 1496 53
505 83 8
210 1131 2
746 51 5
792 1033 2
569 1128 8
148 789 8
702 52 7
1442 377 1
1459 844 2
1367 1230 2
674 579 2
442 681 27
1039 335 2
774 259 2
922 1075 2
335 1303 2
913 377 7
415 287 5
383 813 15
286 483 15
88 638 27
325 856 2
907 88 3
314 1075 2
879 551 2
409 1152 26
1252 22 8
717 139 5
836 208 30
185 603 27
763 1471 7
418 1001 1
1333 1389 8
768 1395 7
647 88 2
409 628 2
446 434 2
1209 303 7
769 59 8
86 1389 8
983 1144 44
655 149 8
1405 1510 2
247 958 5
841 675 2
148 95 6
1525 516 2
69 900 2
69 504 2
1570 298 8
471 519 25
1453 980 3
399 662 2
318 1146 80
1304 1040 7
1187 1384 7
1303 715 7
415 47 8
853 278 74
512 278 2
544 726 30
864 39 8
500 172 2
263 1352 2
841 607 2
395 167 8
1177 937 7
926 394 1
151 139 3
729 1212 8
933 909 2
1035 1163 2
53 1437 8
784 412 77
926 686 1
535 919 30
915 1348 21
119 183 6
362 684 2
1295 1211 2
393 1389 8
1460 362 30
140 272 2
1163 235 2
263 1284 2
329 88 5
551 1417 27
590 1097 7
1459 381 16
1461 192 30
565 233 27
565 897 7
1163 626 8
126 676 2
535 851 30
590 1389 7
515 1105 0
575 272 2
577 981 2
1259 113 2
1399 462 8
56 375 30
259 32 8
1454 1152 2
1179 986 71
702 680 7
1144 1381 7
515 1397 0
1565 223 26
360 37 8
1511 301 19
787 1295 7
1024 453 2
1485 155 2
648 438 6
966 99 0
778 667 27
550 558 2
1332 1328 1
192 1213 6
1029 1461 2
438 726 7
779 1161 7
329 686 7
1312 412 5
1225 565 48
689 856 2
1328 833 7
816 139 3
551 1076 2
1008 936 8
61 1197 1
1454 1376 2
442 1036 2
1125 646 8
1210 829 7
1232 148 48
777 1217 8
3 76 8
1045 464 40
265 321 52
1209 535 7
1338 239 2
140 324 5
651 1598 38
291 1252 2
420 672 2
747 1084 2
1437 428 33
294 1389 8
1050 982 1
61 1457 8
491 88 5
1084 1420 8
880 476 2
731 442 7
642 620 2
172 504 2
618 804 2
995 1156 8
1128 855 3
297 541 2
192 140 8
747 236 12
111 412 5
140 1364 2
1459 22 30
159 365 2
1183 765 7
139 620 2
1131 311 25
607 162 2
337 891 6
536 823 30
977 366 29
1383 1570 7
1127 881 5
53 462 8
1284 1009 2
335 1152 26
1551 925 4
1052 568 7
1527 730 8
730 855 3
241 1516 7
91 1310 5
1045 166 38
1258 911 2
1284 1296 8
1053 1127 8
672 1230 2
575 900 2
586 420 2
939 1217 8
222 453 1
506 551 20
148 384 3
348 1252 2
347 531 2
546 1127 6
853 1065 5
221 1045 53
1213 938 6
53 396 30
1562 925 10
1364 1033 2
255 462 8
1138 1395 7
958 249 8
346 183 2
1258 838 8
849 303 20
730 1139 30
1451 259 2
472 936 8
769 1342 7
634 183 6
1116 919 2
417 516 27
761 159 1
1439 841 2
273 412 5
383 1588 41
981 325 11
424 1340 2
1014 957 8
909 952 14
519 263 1
107 716 8
650 1090 2
81 531 33
528 1352 2
189 1230 2
256 1070 5
1554 1126 33
519 654 7
88 783 7
619 143 62
409 177 2
81 823 33
183 877 2
1219 83 8
325 728 8
281 30 27
658 1389 8
70 347 2
1336 148 7
1227 149 8
729 1230 2
1084 942 33
292 453 2
183 471 7
69 449 2
834 1230 2
831 1496 12
54 1384 8
318 1091 80
1085 283 13
256 1004 27
514 401 2
544 671 30
867 937 8
168 172 8
1394 365 27
1144 373 6
1173 1284 2
1084 273 8
158 541 2
712 1127 8
1196 59 8
359 149 7
259 1315 7
522 462 8
598 1217 8
1233 1006 1
958 216 7
255 1163 2
261 363 2
817 1419 8
205 537 5
259 938 33
1495 516 2
718 25 2
363 909 2
1258 1097 7
140 905 2
1540 37 8
335 1507 1
265 330 8
1233 938 1
287 750 30
140 1296 8
1176 957 8
350 455 2
272 584 55
219 911 2
1354 637 12
841 428 19
1201 1419 5
442 23 7
702 229 7
973 1609 47
649 347 16
447 681 2
1252 663 8
1037 37 8
667 1366 2
450 823 2
848 1566 5
1503 59 8
519 1355 1
555 823 2
220 1033 2
673 957 8
438 671 7
551 729 2
869 1213 6
70 1106 1
314 1252 2
420 393 2
447 1009 2
85 603 2
111 1384 8
1439 1131 7
1292 362 31
375 1340 30
777 433 7
551 625 2
190 603 2
207 1029 2
447 282 23
519 1287 1
501 99 0
995 148 7
1562 1328 2
777 766 8
535 1271 2
750 1298 7
22 830 30
1304 1389 7
1225 442 48
555 1047 2
189 646 8
427 502 8
1409 1389 7
874 1127 8
77 1310 8
281 1054 27
409 1493 2
70 1371 2
1156 446 5
550 53 34
416 127 2
980 957 8
462 1500 5
318 259 8
55 59 7
12 303 20
727 789 2
692 138 35
163 1231 17
358 802 57
929 735 6
1180 568 7
252 320 6
140 1309 2
117 315 30
1156 670 5
1054 836 2
1520 957 8
1058 516 2
377 25 2
117 607 30
625 462 8
23 1135 2
256 1062 8
525 1511 9
1129 311 1
1252 1364 2
492 903 2
720 114 8
338 1395 7
657 718 10
1466 1363 1
157 59 8
939 433 7
735 1511 9
1251 732 7
1373 650 2
939 766 8
1084 338 5
923 175 2
720 384 3
337 729 27
347 476 2
574 947 2
218 399 2
702 1545 7
438 1345 2
139 890 30
855 519 31
745 958 5
1303 990 5
1003 1352 2
1566 721 57
343 377 8
551 961 2
980 241 31
1008 1217 8
54 1284 21
1183 412 5
544 21 7
1471 663 59
162 1315 5
872 759 2
464 59 8
1565 856 2
192 494 2
550 1355 2
1131 221 2
768 1389 7
217 140 2
719 779 6
143 293 0
1045 1037 40
81 476 33
541 1391 2
295 742 23
1297 925 1
759 1367 2
70 58 7
727 1101 12
869 841 2
787 462 8
646 936 8
409 619 27
159 627 6
82 101 8
1219 424 8
325 277 8
763 646 8
265 1389 7
938 1047 16
1075 1242 2
1196 1342 7
183 66 2
872 937 7
590 990 37
192 718 2
1262 88 5
637 771 75
409 54 2
1284 916 7
1301 1342 7
69 97 8
831 1045 12
154 618 2
1306 59 7
1327 462 8
1126 948 15
489 321 6
618 66 2
1006 724 35
377 1445 2
252 221 27
836 177 2
49 550 2
841 497 2
581 724 31
598 433 7
603 641 2
1295 75 7
923 929 7
337 1133 27
1129 1335 1
290 147 8
1244 1176 15
263 486 2
1141 603 6
117 1445 1
363 562 2
425 241 35
642 1518 30
603 1198 54
626 59 8
340 1025 7
519 1194 30
913 1405 2
1354 674 2
415 581 5
1468 1384 7
1045 116 8
247 1419 8
1138 937 48
18 59 8
565 369 2
450 476 2
290 1187 5
702 174 7
836 106 30
334 650 2
343 568 7
782 551 2
472 1217 8
957 1290 5
879 777 2
85 256 2
614 1389 5
1454 974 2
395 739 27
556 598 2
1144 848 8
248 1285 5
649 987 2
560 646 7
447 558 2
1568 1230 2
797 533 3
69 798 2
438 548 7
779 1420 8
1550 568 7
750 1243 7
651 1196 38
281 707 27
902 37 8
183 1450 2
636 937 7
629 1097 7
1108 88 3
82 1125 8
1403 252 6
1230 1139 55
922 303 20
551 596 14
420 166 2
620 1075 2
53 1340 2
1179 1544 7
720 1110 1
259 1227 6
820 394 1
623 1212 8
401 1645 59
1000 1511 9
172 97 8
1069 1471 7
383 292 2
820 686 1
1239 830 30
1131 428 55
828 1135 2
346 412 5
852 60 2
609 730 2
501 1388 7
252 265 6
159 255 2
929 320 6
1047 1391 2
374 236 12
350 804 2
139 114 2
285 59 8
1390 360 1
565 1169 2
476 1562 2
106 730 2
1135 1315 7
601 492 2
455 321 6
779 1122 6
59 502 8
374 552 2
701 172 2
140 1577 8
575 498 2
818 278 2
825 59 8
784 862 77
598 119 8
1127 1181 7
102 603 6
1352 1102 37
1259 730 8
56 893 30
823 890 2
574 600 2
61 658 0
256 881 3
464 1342 7
829 369 3
447 1307 13
774 1405 2
681 732 7
1008 433 7
797 891 8
1122 1131 2
458 728 7
335 54 2
1284 53 34
492 485 30
70 1283 1
1506 810 15
446 1310 7
869 183 6
787 183 8
416 872 2
870 1395 7
901 444 2
333 1217 8
101 957 8
226 603 2
420 1258 2
197 957 8
979 667 27
4 883 14
1436 1097 7
519 1517 12
172 798 2
303 792 2
167 911 31
404 1454 2
541 648 2
83 399 2
377 0 0
1188 929 7
1110 37 8
406 568 7
419 149 8
399 1120 2
395 1026 2
502 492 2
183 595 53
46 929 7
26 1230 2
859 78 2
69 42 8
996 59 8
344 845 1
1163 1449 2
864 393 8
784 1266 77
642 1239 30
841 150 2
495 1389 8
1391 667 27
252 166 27
553 241 35
486 254 12
1295 66 2
1098 925 10
599 650 2
1284 793 7
32 915 2
32 519 2
1454 152 30
252 854 27
594 325 8
1033 233 27
18 1342 7
713 568 7
205 907 77
582 516 2
1053 957 8
1146 1305 7
1295 68 24
125 1047 2
1238 98 16
1258 1033 2
416 1469 47
779 43 6
737 823 30
792 1496 53
674 62 2
162 848 8
577 128 2
143 244 8
543 64 30
1253 568 7
1179 768 30
238 1405 2
278 309 14
3 957 7
290 1132 5
1179 1456 30
768 1342 7
1340 1397 7
1272 37 8
516 101 26
472 766 8
737 1047 30
108 1236 8
621 1349 57
689 102 8
541 1298 7
812 160 14
584 1031 40
221 911 2
383 880 15
325 626 8
763 954 7
686 387 8
569 1127 8
207 627 2
1496 380 40
654 1252 2
646 1577 8
1539 1097 7
471 70 25
318 1093 80
1502 483 15
565 347 30
716 412 5
300 759 2
1476 974 30
292 1097 7
515 1574 2
1120 139 3
377 623 6
236 660 5
818 958 5
303 104 8
1179 1197 7
650 893 33
724 699 1
1084 572 2
76 65 2
494 274 12
265 1566 7
1400 1315 7
838 1054 7
958 218 7
252 1258 27
1295 424 7
1330 139 3
1295 762 2
372 59 5
399 437 2
409 231 2
191 646 8
278 291 2
395 384 3
303 36 8
172 42 8
447 53 34
157 541 2
335 1509 1
1061 1328 2
1403 462 7
1352 53 35
692 1153 6
712 957 8
1023 412 5
500 239 2
53 1212 8
259 1483 2
1322 350 14
514 1310 8
642 90 8
988 915 30
750 1455 30
1078 88 3
1516 416 2
258 1135 2
565 1510 2
779 338 5
255 1384 8
702 919 7
147 958 3
293 1170 0
1537 855 3
593 1212 8
157 1156 8
519 1371 30
1179 83 8
650 880 15
667 513 26
524 810 15
82 714 1
1252 498 2
114 1033 2
557 1384 7
1266 119 8
272 706 55
256 92 8
565 1338 2
219 1033 2
1349 1120 2
738 658 0
1212 1381 7
438 897 7
284 573 15
383 820 15
281 223 26
565 1439 30
389 573 15
85 829 2
752 139 5
692 80 8
1316 420 5
551 455 2
454 958 3
383 390 30
259 369 3
632 1093 1
420 136 6
160 823 31
357 396 30
552 998 29
144 139 5
418 1404 1
409 1031 2
1570 769 8
642 463 2
195 1395 7
74 88 2
1316 1127 1
769 462 8
295 1359 2
1003 732 7
759 569 2
535 1011 85
769 759 2
88 326 7
420 843 2
81 366 33
168 703 2
1062 88 5
140 1166 1
458 607 29
330 533 3
113 1517 5
281 611 2
641 88 3
383 865 2
800 720 15
936 252 6
1401 183 6
390 646 8
267 689 27
73 1340 30
186 139 3
864 384 3
1306 1156 7
636 172 8
415 742 8
1459 485 30
117 437 30
22 1135 2
176 462 2
536 598 30
498 689 2
928 1342 7
222 4 1
1021 845 1
476 1447 2
1284 388 2
841 90 8
1135 1118 5
239 763 2
877 830 30
81 61 15
646 1477 21
1250 236 12
1541 453 35
64 1204 30
1163 1321 8
1100 718 10
1485 266 2
923 401 2
841 22 8
388 139 3
907 1146 2
792 1045 53
365 1156 8
1382 37 7
170 399 71
1024 1252 2
1215 1246 5
1485 558 2
1040 502 8
246 278 2
1104 1407 1
253 59 8
550 1253 2
650 1329 2
303 1491 7
905 1156 8
551 1479 2
969 441 0
689 47 8
541 1243 7
889 911 2
797 1396 8
330 891 8
233 957 8
75 568 7
1322 1310 7
536 505 2
360 724 35
720 1220 15
611 340 1
298 1395 7
702 669 76
183 273 6
526 58 2
1098 113 2
434 147 8
403 1395 7
1476 919 30
434 881 3
277 929 7
65 706 7
922 724 30
1324 551 2
855 1075 2
625 1384 8
281 1239 2
140 1417 27
958 559 7
958 163 7
1077 335 2
1284 1480 2
69 620 2
1570 18 8
146 732 7
1295 707 2
858 1212 8
718 1575 2
381 1310 8
119 584 41
655 139 3
483 1424 1
841 723 2
1400 796 7
1139 1047 16
377 1567 2
252 739 27
1162 1377 8
1016 1066 5
309 1047 30
494 443 12
36 1127 8
47 139 3
943 1322 13
577 769 2
623 1128 20
1045 569 38
290 269 8
117 1567 1
126 104 2
1238 671 16
340 1251 7
905 1461 2
143 129 8
577 701 2
143 817 8
1047 1307 14
1382 957 7
1135 787 2
637 755 5
337 1479 27
1201 810 15
220 516 2
106 552 2
667 1199 7
396 893 30
207 872 2
270 823 30
361 37 8
862 99 0
463 646 7
1566 264 57
667 1491 7
1421 172 5
551 504 2
1474 841 2
442 464 2
750 1479 2
362 941 71
878 259 2
787 1384 8
730 272 31
551 796 2
83 1496 53
311 82 7
894 256 2
367 88 5
854 1131 2
628 1097 7
1008 296 8
823 417 30
1008 588 8
759 514 2
88 271 7
1156 617 5
159 1377 6
653 366 33
646 83 8
623 1047 2
199 957 8
721 911 27
1179 63 7
489 779 6
1177 1389 7
606 377 1
42 37 7
113 1102 5
1459 138 30
836 1031 2
252 95 6
1162 595 53
747 1127 8
483 53 1
864 387 8
307 1047 30
1196 462 8
849 765 39
159 773 2
568 627 6
294 937 8
1405 479 2
1033 1333 2
148 1500 7
506 1213 19
486 528 2
281 758 55
486 1124 33
1162 298 8
1045 1593 38
960 278 7
810 1 1
85 584 41
928 531 7
33 239 2
126 1024 2
126 628 2
652 412 5
458 1418 7
139 663 8
575 620 2
1162 626 8
880 574 41
463 1342 7
1239 1135 2
303 338 5
1028 841 2
568 455 6
586 140 2
325 1125 6
790 1097 7
1135 1415 2
907 1091 2
447 1480 2
138 531 2
337 504 27
21 1212 8
453 822 58
720 1325 5
557 646 7
1037 1128 8
172 1152 26
108 42 8
550 191 33
1035 59 8
551 1424 2
546 779 6
551 1028 2
281 1525 27
99 37 7
532 424 2
484 281 55
391 911 1
978 859 2
1084 1445 2
889 1252 2
418 374 1
1554 950 33
318 730 8
83 958 3
303 1305 8
1212 908 8
434 92 8
82 272 8
973 1024 2
501 1151 21
724 1557 12
406 1127 8
544 167 30
516 898 2
368 911 31
140 68 1
42 957 7
961 1091 64
1394 189 27
1076 44 7
139 1364 2
1287 444 23
939 863 6
790 1419 5
706 1327 6
1496 1283 38
926 59 1
586 836 2
988 117 30
1460 61 15
841 663 8
577 26 2
247 929 7
1174 438 2
396 112 8
162 36 33
1045 514 38
482 1070 7
1193 974 50
361 159 2
1479 689 2
779 269 6
922 1144 2
298 646 5
1258 1213 7
1163 291 8
1391 516 2
27 649 2
1084 982 67
552 1000 2
464 535 2
792 1384 7
1328 392 36
565 540 2
330 1199 7
64 106 30
1240 691 1
463 241 2
978 70 31
438 437 2
329 59 7
548 1252 2
205 959 7
70 534 1
1346 1453 2
516 223 26
1179 187 71
969 1014 0
551 53 2
1518 1340 30
205 1251 7
718 1514 0
377 1214 0
438 369 2
997 442 7
1200 1097 7
519 1398 7
183 846 6
582 1291 30
1287 1191 12
303 726 8
1200 1389 7
281 774 27
291 958 3
841 676 2
655 838 8
1084 793 8
420 728 8
875 1127 8
829 1316 7
841 1364 2
434 1403 14
162 824 23
285 303 2
721 1252 27
1394 1177 27
49 637 12
917 412 5
728 1342 7
32 1395 7
1131 203 55
1284 942 33
950 940 2
140 1029 2
945 236 12
148 320 6
787 990 5
367 568 1
541 796 20
391 1212 8
829 1581 8
35 565 2
911 854 27
241 831 2
667 1070 5
1037 458 2
928 476 7
126 677 2
925 1518 2
186 335 5
1567 692 1
234 1395 7
205 742 77
1264 434 2
183 881 5
268 424 8
915 675 2
439 1471 7
1018 1307 13
1332 933 1
337 449 27
325 739 27
341 1230 8
206 409 2
550 1247 2
689 857 2
575 497 2
1566 837 57
208 937 7
340 49 7
1316 646 5
667 65 7
551 1077 2
80 252 6
442 1037 2
689 852 8
70 1507 12
1219 1482 7
416 647 2
1084 1098 2
552 244 8
894 829 2
417 577 27
416 543 2
599 718 10
706 546 35
647 1405 2
69 1493 2
395 869 2
107 21 8
1476 809 30
971 694 39
1075 1358 2
140 619 27
161 1389 7
860 1384 8
915 1224 30
514 1126 33
401 554 2
1405 1120 2
618 1493 2
1246 391 57
730 883 2
69 213 8
135 1395 7
1174 159 2
383 987 2
1459 315 30
530 453 34
380 88 2
176 1084 2
1056 551 2
707 239 2
552 1554 0
1299 727 2
494 425 2
350 1166 1
139 1309 2
838 471 2
726 1135 2
707 531 2
1007 724 35
508 1550 8
926 4 1
255 140 2
1129 1055 1
934 70 1
505 97 8
819 929 7
1008 909 1
1384 936 7
363 282 2
1284 191 33
1193 919 50
4 297 6
1477 718 2
128 172 2
737 598 30
505 75 3
418 513 30
148 47 8
853 1066 5
1250 732 7
929 114 8
923 1310 8
337 1077 27
337 681 27
674 129 2
455 516 2
218 1097 7
447 942 33
62 88 5
337 116 2
808 1047 14
550 368 33
1191 376 5
216 366 2
775 342 74
189 584 33
1349 199 2
350 47 8
1093 54 6
167 718 0
546 82 7
471 241 25
973 576 1
438 314 2
628 1033 2
185 841 27
719 1127 6
863 1097 7
559 59 8
183 878 2
69 914 2
937 1062 5
1065 441 0
82 58 2
550 433 3
1394 101 26
590 1005 36
1016 1068 5
614 505 1
829 136 6
162 1100 2
1227 838 8
350 1152 26
618 122 2
813 724 1
1396 1342 7
162 1428 2
1394 762 27
830 1483 2
573 982 1
560 172 5
259 1316 7
116 779 6
1394 1054 27
347 412 5
836 916 8
377 86 2
241 542 7
841 1236 8
584 1196 38
256 39 8
290 495 8
565 889 2
543 535 30
350 1417 27
370 300 2
273 366 2
227 159 1
582 1310 8
210 667 27
856 139 3
392 1437 8
143 355 8
888 61 15
126 622 2
928 462 8
114 516 2
259 1581 8
1084 1314 5
1138 1389 48
1474 1135 2
1137 37 7
915 620 2
1324 812 1
923 236 2
502 1461 41
1155 730 8
1344 438 57
1252 961 2
836 850 30
1461 285 2
575 150 2
458 890 2
106 674 2
476 919 30
1247 1086 8
418 1247 1
195 1342 7
1025 958 3
526 543 1
1254 116 8
804 37 8
551 626 2
1541 990 37
442 586 2
1562 933 2
540 88 2
643 603 6
1040 269 8
1362 1580 18
983 777 2
307 552 2
458 450 29
1047 50 14
295 446 2
766 1395 7
797 881 3
417 126 27
886 838 8
447 191 33
239 68 24
368 60 71
79 183 2
981 584 53
1084 579 2
995 64 33
1461 185 39
509 732 7
1402 252 6
1306 1395 7
377 111 6
623 1565 2
929 345 0
117 676 30
267 172 27
702 224 5
269 239 1
1323 1047 14
398 492 2
535 226 3
973 158 2
618 1042 2
54 603 2
738 147 8
261 1352 2
738 881 3
928 1163 2
927 401 1
252 613 6
1163 1169 2
205 695 77
148 934 7
162 349 2
855 149 8
546 412 5
1448 830 30
370 928 2
110 1131 1
46 1310 8
702 1614 7
1467 140 1
575 1242 2
28 140 8
1383 183 2
565 34 53
21 1047 2
483 1227 8
1319 683 0
209 1566 37
774 1461 2
1371 1156 8
401 1070 5
335 798 2
88 27 5
218 646 7
1570 1199 7
519 277 1
659 1418 7
1082 1131 20
1260 47 8
722 915 30
1451 205 2
472 90 8
634 88 5
116 730 8
769 1230 2
878 1405 2
1128 1227 8
621 444 5
233 44 8
804 957 8
1565 857 2
420 1227 6
458 1474 29
485 1291 16
552 817 8
330 1062 8
981 650 7
810 658 0
863 646 7
1223 420 2
1540 1097 7
1196 1384 8
1179 917 7
1540 1389 7
1198 256 2
1499 727 10
913 535 30
862 167 59
292 399 2
69 390 8
958 230 7
1340 3 8
451 642 30
535 808 8
154 911 2
1037 1389 7
259 136 6
140 231 2
841 498 2
717 1002 2
145 551 2
1383 937 7
1394 707 27
252 514 27
148 693 2
340 1490 7
259 824 6
4 938 6
124 836 1
505 675 2
23 453 2
464 829 2
1045 344 38
220 651 53
565 834 2
154 838 8
55 330 8
415 978 5
808 568 7
43 958 3
140 455 2
1163 855 3
463 535 2
240 531 2
1030 958 2
584 677 38
1082 1047 30
362 502 8
1201 969 5
51 396 30
1382 732 7
253 462 8
1082 1496 41
350 693 2
674 1098 2
584 158 8
932 37 8
565 1058 2
584 54 8
126 98 8
396 960 30
681 1131 2
575 90 8
689 54 8
915 101 2
191 1135 2
1550 929 7
281 672 27
1210 720 7
1093 627 6
1570 197 8
1215 1040 7
1252 833 8
880 143 2
1198 911 1
190 841 2
139 36 30
797 92 8
1065 1014 0
1128 85 2
724 359 1
37 1122 6
1120 149 8
759 289 2
1128 80 8
303 848 8
82 1418 8
1179 1545 7
531 1073 2
470 911 31
761 1389 8
65 1005 7
500 759 2
603 1338 2
913 958 5
777 936 8
593 462 57
1533 925 1
52 1384 8
35 859 2
1329 139 3
1284 572 2
383 981 2
738 92 8
983 1047 30
162 2 2
856 838 8
377 367 2
391 646 8
579 1566 37
486 699 2
494 18 8
162 890 33
577 1568 2
1519 568 7
147 531 7
317 501 5
1493 516 2
601 447 7
140 1479 2
1275 494 7
498 44 8
259 160 2
689 813 7
1520 1127 8
359 1384 8
1372 720 7
1259 236 2
449 325 2
368 492 2
923 121 2
1251 236 12
551 975 2
1457 845 1
829 32 8
337 279 27
1480 950 33
1179 1401 71
238 44 7
1252 1138 2
1478 1284 2
290 109 5
383 1255 41
582 108 8
218 1033 2
286 394 1
1340 1062 7
108 213 8
687 108 8
757 1496 53
286 686 1
1291 697 14
991 1496 12
532 199 2
69 681 27
416 769 2
442 1550 8
396 284 16
1201 1384 7
69 1381 7
501 1361 0
1323 568 7
1106 363 2
55 1097 7
550 1296 8
565 1118 5
1450 148 2
650 201 12
398 841 2
647 1131 2
624 550 1
759 917 2
108 437 8
1304 256 7
541 936 8
55 1389 7
1555 148 2
1231 80 8
850 183 2
618 681 27
82 47 8
729 829 2
330 881 3
159 865 6
402 808 8
519 764 64
1329 453 35
535 65 8
1547 743 3
708 655 2
982 1086 8
1163 1450 2
901 724 35
1413 957 8
820 4 1
1412 533 2
1518 957 8
736 88 3
483 1243 7
1459 437 30
158 140 2
340 747 7
277 1310 8
126 1495 2
1458 350 30
259 856 2
971 205 19
927 1266 1
720 355 7
623 462 8
377 1287 2
252 855 27
999 321 77
915 1160 1
1295 21 7
271 957 8
1264 1310 7
256 1199 7
255 366 2
923 1213 2
841 834 8
1129 489 1
505 719 8
350 619 27
451 519 30
117 599 1
1384 766 7
584 1482 8
367 444 2
1326 412 5
1343 442 5
817 1310 8
290 1201 5
707 689 2
441 1395 7
472 881 3
1323 958 5
117 1287 1
902 1097 7
1403 59 7
1330 810 15
561 1135 2
366 546 2
36 779 8
240 476 2
1354 236 12
53 915 30
53 519 30
950 697 14
1201 1310 5
1179 1457 30
982 59 5
1459 912 2
1082 1045 41
588 139 3
447 572 2
519 558 1
978 241 31
596 1126 30
1075 513 26
1272 330 8
460 958 2
750 907 2
714 950 14
1292 205 14
1136 728 8
446 278 2
1454 524 2
1225 401 48
172 681 27
981 453 5
199 458 2
1124 1310 8
598 974 30
1252 90 8
438 540 2
70 1330 2
915 437 8
1055 139 5
1104 417 2
419 1097 7
862 808 59
1449 689 2
69 1036 2
326 1437 8
179 568 7
1328 543 2
1372 1050 5
531 726 2
855 1131 2
1383 412 5
1394 223 26
303 793 8
158 836 2
623 1163 2
498 1395 7
1295 763 2
1198 829 2
411 148 2
1045 983 16
841 1139 2
1081 1127 7
278 292 2
158 1128 2
1424 929 7
508 770 2
290 789 8
290 393 8
139 1417 27
759 166 2
724 627 7
1461 36 30
43 532 7
177 259 8
140 804 2
1160 637 12
362 460 2
750 1456 30
508 743 3
829 1315 7
127 350 2
30 416 2
1163 595 53
1144 1184 6
261 486 2
551 1152 26
674 1447 2
570 1389 7
601 438 2
1459 1567 1
805 1395 7
918 1453 2
914 667 27
1503 646 8
772 702 77
761 686 1
350 974 2
239 360 2
1554 683 0
228 1389 8
193 453 57
792 126 2
1266 808 8
425 88 5
912 1131 2
823 1227 8
341 1005 8
1164 59 8
341 568 7
1040 167 8
1413 1246 5
290 450 5
593 1437 8
796 139 3
584 627 8
920 1291 14
541 662 2
667 277 8
551 852 2
722 117 30
550 1314 2
1437 1337 7
1214 937 7
1093 908 6
692 769 8
1565 455 2
933 341 5
757 1045 53
442 766 7
991 1045 12
458 676 29
878 957 7
792 350 2
878 1295 2
642 464 2
1084 1561 2
108 90 8
1570 1062 8
900 37 8
642 1152 2
303 1030 2
1401 252 6
759 1258 2
289 350 2
957 1197 2
631 1384 7
156 453 1
391 954 7
197 1127 8
1075 795 7
277 1328 2
330 92 8
259 99 0
552 1397 0
1075 1133 2
281 216 2
399 1358 2
387 1310 7
750 83 8
49 113 2
115 1295 1
244 377 6
1130 483 15
1284 1541 2
479 779 6
159 54 6
759 789 8
369 140 7
1460 1126 30
1275 447 7
341 958 5
14 925 1
784 1212 77
33 759 2
126 1148 2
1283 401 2
1352 1015 36
446 958 5
252 112 27
380 551 2
159 1121 2
1377 1389 7
494 533 3
337 1024 27
337 628 27
256 1581 8
829 277 8
263 377 2
255 702 8
25 958 3
1350 552 1
501 228 8
205 1145 77
155 366 33
279 1459 50
1481 937 7
575 1364 2
925 610 2
925 214 2
915 1474 2
271 438 8
468 295 2
259 728 8
1122 667 27
469 732 7
148 114 8
340 1307 13
369 803 30
170 692 71
22 44 8
1026 516 2
756 412 5
1485 1247 2
42 1340 30
399 1118 5
247 1310 8
36 830 30
1116 1451 2
1120 1131 2
59 846 6
1247 1126 33
303 1388 7
80 1384 7
1114 732 7
230 1212 8
1568 829 2
1329 1097 7
838 298 5
598 919 30
590 1244 36
61 186 1
516 1418 2
823 758 71
535 23 2
759 1198 2
519 430 7
23 1310 5
499 1284 2
1200 1213 7
624 727 1
306 88 59
317 730 8
17 573 15
543 777 2
724 348 7
531 671 2
159 1525 2
395 854 27
377 1298 7
1416 458 2
678 1047 30
514 933 2
720 605 1
862 685 59
1279 1453 2
865 108 8
162 160 33
270 859 2
862 393 8
69 908 8
108 51 5
154 1033 2
22 453 2
841 719 8
1461 34 41
30 69 2
1144 837 6
1173 1352 2
1179 97 8
421 1610 56
270 395 2
124 958 1
531 1392 30
476 1057 2
63 37 8
682 770 2
618 116 8
256 502 8
933 562 2
1029 958 2
392 1212 8
217 1131 2
366 723 2
362 728 8
1251 568 7
515 1514 0
1266 65 8
823 47 7
231 689 2
661 1342 7
800 1389 8
325 1169 2
207 436 1
1478 486 2
766 1342 7
479 730 8
1104 329 1
544 1214 2
911 296 8
184 1092 57
335 341 2
183 533 5
472 75 3
544 1506 2
526 714 1
551 63 7
82 1321 2
281 898 27
420 857 2
551 355 7
416 763 2
295 617 2
559 462 8
763 159 2
401 1315 7
642 805 2
1328 824 2
1209 256 7
419 108 8
291 577 2
241 1204 30
750 101 2
59 95 6
898 958 3
363 341 5
281 229 2
859 638 27
281 1122 27
1108 957 8
1156 910 5
638 1156 8
324 750 30
503 335 2
929 912 0
117 451 30
411 325 2
829 1227 6
408 929 7
1307 1437 8
1075 1078 2
1398 325 1
285 646 8
1547 341 3
727 1253 2
267 239 27
1131 947 55
1140 718 10
1284 1090 2
159 774 2
62 444 2
671 911 31
928 1230 2
1299 447 2
159 769 8
139 1029 2
584 1599 38
1414 1127 8
162 119 8
841 36 8
524 1126 30
524 730 30
829 326 8
1123 958 5
253 1384 8
139 1420 8
255 256 2
253 1437 19
459 1213 7
599 140 8
1079 1047 30
1193 347 50
819 1086 8
713 401 2
1360 845 1
453 1041 2
928 1162 2
1561 412 5
1547 1335 5
140 97 8
563 911 2
449 551 2
1031 453 2
36 377 8
575 1309 2
348 973 2
348 577 2
551 1493 2
255 183 8
883 1230 7
649 1439 16
780 552 1
695 1156 8
282 573 15
819 1310 8
1230 1418 7
699 44 8
631 939 15
334 486 2
220 126 2
1217 568 7
452 958 3
759 1211 2
569 330 8
650 1567 2
25 453 35
638 1461 2
1135 32 8
439 44 7
447 97 8
836 311 31
333 75 3
1315 60 52
921 98 30
192 183 6
651 344 38
318 1419 8
997 107 7
641 689 2
1212 1305 8
1209 1572 7
69 238 2
718 97 15
82 273 8
574 606 35
852 937 7
782 1610 56
1537 1418 7
646 1004 8
1163 638 27
761 140 8
151 1097 7
689 1325 5
551 36 14
377 1243 7
777 83 8
290 387 8
1304 706 7
139 619 27
833 603 2
163 1437 8
237 295 1
1400 346 7
252 289 27
1537 80 8
707 937 7
222 1266 1
1265 136 6
1035 829 2
1322 241 14
505 450 2
1322 958 5
241 262 7
479 60 2
387 149 8
1284 42 8
805 1389 7
187 453 35
140 626 2
415 357 5
143 471 8
478 1310 8
418 861 30
340 1489 7
1401 44 8
1047 763 2
577 647 2
618 68 24
1131 1449 2
856 303 20
362 277 8
702 346 7
347 1230 7
551 619 27
508 1335 5
909 937 7
482 129 8
77 1244 36
1527 412 5
576 568 7
1338 1342 7
126 269 8
681 568 7
1119 937 7
98 1128 7
856 573 15
544 1550 8
555 836 2
85 720 2
383 269 20
1093 506 6
1328 837 2
281 843 27
201 1511 74
442 743 3
1336 565 7
4 31 14
311 366 2
1553 239 2
494 1199 7
926 61 15
854 973 2
973 1315 7
724 530 1
759 163 8
197 37 8
541 83 8
179 1127 8
259 1399 6
16 501 21
1177 239 27
768 59 8
1179 1612 7
12 420 20
1131 600 55
759 433 3
494 742 23
281 106 2
479 377 6
1404 1352 2
1180 1310 59
1460 724 30
140 1030 2
618 762 2
501 1502 2
241 499 1
444 1201 15
116 1127 6
569 1389 7
1537 1396 8
486 474 2
1191 421 9
476 942 2
1176 937 7
268 97 8
1395 1243 7
771 845 5
256 387 8
35 957 8
370 648 2
1078 957 8
913 667 27
836 974 30
138 207 7
601 618 7
396 1139 30
1008 178 1
899 633 7
563 1252 2
460 1496 12
340 514 7
699 950 33
1400 1140 5
551 1042 2
1040 393 8
1252 1309 2
139 611 30
1179 208 30
1459 455 2
548 278 2
73 501 21
1117 937 7
438 1020 7
421 990 7
1258 108 8
1040 685 8
1250 730 8
438 1358 2
1541 1005 36
139 1299 30
205 277 7
823 1455 30
217 325 2
854 667 27
322 325 2
1232 838 48
357 915 30
357 519 30
763 1128 2
447 42 8
1310 1491 7
435 259 59
880 442 2
1209 829 7
112 702 8
880 838 2
88 449 7
724 1549 7
869 958 2
1540 1213 7
961 526 7
1183 1127 7
1156 1087 5
1547 936 8
1283 1291 33
259 320 6
437 76 8
849 60 2
244 603 6
1499 447 10
1184 1295 2
1460 239 39
642 1305 8
183 475 2
1084 888 23
438 1118 5
727 1046 12
737 957 8
89 1244 36
551 338 5
1461 1235 41
667 1337 20
441 1156 5
259 930 69
926 401 1
1144 39 6
271 1128 8
519 983 30
841 213 8
907 1395 7
1256 551 83
1375 937 7
255 829 2
937 533 3
32 937 7
1039 350 2
290 976 5
1384 833 7
609 88 3
925 452 12
228 541 2
337 1078 27
1052 1127 8
923 1212 2
274 1068 5
19 1212 8
994 565 57
290 908 5
1035 1389 8
674 818 2
221 1047 2
265 720 15
83 929 7
727 1132 0
241 863 14
1126 272 7
1128 1184 2
399 513 26
1005 1205 64
423 958 2
632 241 1
761 453 1
920 1126 14
416 1568 2
1447 950 33
1439 1135 2
211 730 8
823 697 14
823 301 14
430 541 2
921 671 30
1449 172 2
897 1437 8
421 577 2
438 607 2
409 471 2
988 366 2
326 1212 8
659 32 8
74 1131 2
1328 714 2
541 33 2
1389 855 5
1176 1213 7
729 836 2
541 424 8
1550 1310 8
707 412 5
287 823 2
4 1062 6
829 1013 57
514 775 12
841 914 2
603 1058 2
270 689 2
841 1305 8
829 1554 7
395 114 8
395 411 2
269 44 8
380 1405 2
928 140 2
727 747 2
601 281 2
145 1295 2
154 1213 7
1414 37 8
852 172 8
148 307 7
480 531 2
718 983 33
1197 1389 8
139 231 2
440 702 10
143 716 8
505 726 8
362 626 8
486 419 2
476 1283 2
268 42 8
11 1091 2
256 728 8
929 1062 7
1158 149 8
575 219 2
1372 148 7
1442 544 21
373 730 8
25 59 8
460 1045 12
939 828 8
702 822 74
674 1446 2
311 674 1
688 577 2
1133 686 7
1201 402 5
958 1014 0
874 1156 7
990 238 57
1536 88 5
291 434 1
632 1265 1
1098 1328 2
541 729 2
724 1567 1
792 958 3
420 979 2
84 1260 2
1045 411 40
909 172 8
139 780 30
409 1495 2
829 1125 6
1131 553 55
110 1437 19
83 516 2
88 102 7
650 701 2
205 533 3
55 1213 7
541 661 2
516 857 2
177 1131 2
1119 172 8
750 223 2
650 993 2
427 296 8
436 1047 14
183 488 2
251 1126 16
981 689 2
322 139 3
1219 90 8
176 702 2
552 18 8
1177 416 27
702 225 5
594 1384 7
625 829 2
1539 59 8
499 363 2
399 1133 2
241 1140 1
168 56 33
505 1381 7
273 1459 2
491 1097 7
395 1039 2
1017 958 5
1330 458 29
147 1384 8
642 960 30
1131 934 15
606 845 12
838 21 2
1414 957 8
1337 939 15
838 808 8
720 116 8
483 1296 8
1383 544 2
434 1315 5
750 152 30
1129 605 1
841 158 8
702 1615 7
167 957 8
531 539 30
1230 261 21
972 205 19
441 683 0
584 1161 7
1253 1291 33
1117 412 5
1031 1075 2
501 3 8
278 98 14
1303 140 8
145 148 2
501 341 3
689 1161 7
1100 1170 0
563 1033 2
341 667 27
1181 88 3
457 838 8
789 1191 12
1176 172 8
1164 462 8
1456 845 1
1310 1070 5
797 1199 7
938 765 19
719 412 5
653 401 2
696 1212 8
20 1437 8
98 330 7
997 401 7
1391 730 8
661 462 8
281 45 27
1474 281 2
442 341 3
641 937 7
148 1325 5
168 1129 7
107 663 8
654 973 2
1261 958 3
809 830 30
69 464 2
1296 1384 7
986 256 38
519 497 7
139 138 31
750 455 2
1547 1217 8
879 667 2
850 531 2
847 1135 7
724 24 1
395 233 27
615 421 2
486 1451 2
140 1152 26
1394 380 27
252 1375 27
252 979 27
190 438 2
442 1335 5
69 787 8
494 1062 8
926 646 1
374 950 33
1295 833 7
656 950 14
528 453 34
618 360 2
1120 958 5
1461 152 30
501 1054 7
836 471 2
618 355 8
309 60 44
505 676 2
772 198 77
712 929 7
634 37 8
804 1389 7
259 1554 7
577 545 2
127 70 2
817 929 7
702 244 7
739 37 8
508 21 8
23 350 2
350 762 2
642 1315 5
1313 399 14
803 983 2
1173 453 34
256 277 8
702 932 7
784 236 77
475 88 2
1014 1231 7
925 1409 2
1421 412 5
126 167 8
143 197 8
325 273 6
1371 1389 8
335 681 27
563 350 2
1337 1342 7
941 1086 8
437 730 2
438 222 7
238 88 3
1044 1252 40
1230 903 2
667 2 2
576 1127 8
335 116 2
899 59 7
70 657 1
1352 879 2
810 97 8
72 568 7
681 1127 8
286 59 1
325 934 7
1025 462 8
417 845 1
281 673 27
515 1554 1
534 1284 2
999 1156 8
158 1310 7
1215 937 7
1539 1342 7
541 314 2
535 1114 2
1232 139 3
88 47 7
263 1170 0
823 485 30
1562 444 23
541 606 2
541 210 2
172 360 2
183 638 27
606 1008 7
551 890 14
1177 69 27
1084 537 12
1090 278 2
1084 916 8
1436 1033 2
603 233 27
25 990 37
479 603 6
1051 996 1
399 1078 2
1131 722 55
973 104 2
370 1338 2
727 248 12
501 610 17
719 1384 8
271 335 2
784 1328 77
1397 143 7
957 1578 3
1054 1075 2
259 229 2
503 730 2
928 1005 2
140 1502 7
838 65 8
699 952 33
256 514 2
486 992 2
829 2 2
523 483 15
325 638 27
126 1196 2
1194 149 8
575 792 2
1351 1566 37
397 990 5
440 362 2
494 1397 0
1179 1006 71
692 1581 8
1214 1389 7
1247 950 33
470 1461 8
595 577 40
489 462 8
650 666 12
205 3 7
795 139 3
1144 167 8
314 516 2
869 1252 2
551 1492 2
307 1126 2
763 183 6
833 241 25
70 307 2
322 838 8
519 155 1
156 1265 1
516 1138 2
1330 1097 7
301 331 7
502 458 2
1547 433 7
624 447 1
406 862 7
850 476 2
840 1340 2
1179 863 7
253 1131 1
1295 90 7
1388 438 6
726 1384 7
631 462 8
820 401 1
162 264 23
93 205 19
163 1212 8
601 1144 7
140 177 2
157 207 2
162 923 2
380 1295 2
98 911 31
1295 360 2
271 859 2
1383 779 7
494 881 3
503 88 3
718 873 33
23 399 2
250 730 8
689 638 27
758 453 35
484 551 2
1233 1190 1
295 1014 0
1284 213 8
88 773 5
1310 1315 5
933 282 2
278 671 14
256 222 8
1031 1252 2
80 779 6
730 18 8
1062 139 3
88 669 5
287 642 30
1045 63 8
396 974 30
241 307 2
126 112 8
362 52 8
1090 958 5
836 53 30
464 603 2
823 163 7
112 1291 7
774 724 2
1349 390 2
1127 1125 8
596 205 14
438 609 2
557 1342 7
1487 957 8
458 47 7
519 1247 1
1121 516 2
438 167 7
1075 31 30
1106 1352 2
750 1200 2
367 724 35
532 1120 2
1253 1127 8
651 1503 38
1084 246 2
107 1236 8
84 462 2
179 929 7
531 1483 2
1106 1284 2
474 1566 5
69 1037 2
1570 435 8
759 235 2
186 1097 7
416 311 2
574 1557 1
802 1344 5
957 393 59
1050 1111 1
958 804 7
606 494 1
1075 798 2
508 766 8
1283 1126 33
259 739 27
416 796 20
244 438 6
810 186 1
54 139 3
718 1009 2
59 855 3
945 1084 2
1030 1496 53
1047 1338 2
140 1493 2
836 648 2
472 1491 7
775 660 5
1193 1125 8
992 1244 36
583 183 2
718 282 23
377 209 2
1271 952 33
692 136 6
381 794 44
64 974 30
24 952 33
688 434 1
581 1405 2
205 518 77
140 1420 8
650 293 0
859 101 26
162 167 8
1541 1244 36
325 846 6
1316 1265 1
259 2 2
681 667 27
325 1138 6
1230 1184 2
997 1310 7
542 812 1
1104 1114 2
438 795 7
438 1133 2
895 1389 8
139 678 30
409 1393 2
1358 256 2
1126 1418 7
189 838 8
1136 384 3
1316 1093 1
440 531 2
650 1287 2
1463 139 3
1084 1562 2
76 1451 2
797 1062 8
109 1127 8
1100 1047 33
272 1084 21
980 239 2
934 1310 5
321 197 8
519 153 12
267 759 27
762 159 2
618 1337 2
717 1246 37
395 1333 2
724 1324 7
641 409 2
867 159 2
252 908 6
309 779 8
277 933 2
162 644 2
706 824 6
993 958 3
1179 808 7
377 1009 2
259 95 6
674 594 10
486 945 2
227 686 1
485 667 27
502 335 2
1394 270 27
377 282 23
1298 1384 7
601 797 7
385 958 3
915 1292 30
601 1135 2
361 1213 7
439 823 30
45 366 2
1348 776 5
145 442 2
603 533 2
915 1106 1
584 344 38
582 651 53
1052 929 7
1221 412 5
1045 235 38
258 350 2
61 1267 15
1180 88 3
694 145 2
702 134 7
1518 1127 8
449 957 7
449 1295 2
357 1384 8
501 917 8
419 1005 36
1455 845 1
1233 379 1
271 1127 8
464 256 2
1471 855 59
1044 1128 8
213 377 6
790 531 7
792 1047 2
1116 1452 2
1144 808 8
338 140 7
1261 1310 8
548 973 2
108 787 8
1008 35 2
873 1131 7
1126 47 7
1212 1388 7
1357 401 2
438 112 7
281 271 27
552 945 2
647 667 27
1179 338 5
551 66 2
70 542 7
281 563 27
1488 281 55
1215 535 7
897 1212 8
399 1292 16
69 685 8
1449 239 2
1415 438 57
736 59 7
69 586 2
424 139 3
550 163 8
370 50 41
557 598 50
1008 1070 5
535 622 85
296 958 2
1237 88 3
720 606 1
544 1204 30
434 1124 14
1279 1454 2
721 577 27
35 458 2
1394 898 27
683 1105 0
384 486 7
703 909 2
399 676 2
980 1086 8
0 1531 1
162 837 23
32 1454 2
147 140 2
501 1321 8
834 584 33
618 878 2
164 957 8
1034 1394 27
1403 1097 7
1270 1246 1
928 603 2
816 929 7
1030 1045 53
1262 1310 7
1443 718 10
360 1389 7
148 1207 8
713 1126 33
278 206 39
703 737 2
268 213 8
795 1097 7
602 686 7
1164 1384 8
34 649 2
1291 987 44
900 1097 7
64 919 30
880 950 16
1398 646 8
982 1389 5
77 412 5
1352 994 37
126 685 8
692 433 3
51 519 30
724 840 30
259 384 3
1252 737 2
738 1315 5
915 787 8
668 139 1
551 424 7
1505 44 8
98 788 7
550 572 2
290 0 5
576 957 8
453 242 2
325 455 33
1247 775 12
1252 1420 8
449 148 2
1404 1170 0
409 1338 2
641 1395 7
1328 1243 7
519 272 31
541 900 2
541 504 2
1207 1097 7
1251 730 8
1116 701 2
1227 1310 8
855 667 27
1565 693 2
384 412 5
872 492 2
343 88 3
295 910 2
295 514 2
938 952 16
1104 1283 2
221 462 8
439 779 7
177 568 7
472 1070 5
750 97 8
1461 1458 20
650 768 2
395 882 2
852 252 2
226 492 30
742 732 7
759 1199 8
1179 65 7
836 1393 2
600 183 6
1050 1392 1
1179 357 7
377 558 2
494 214 2
1062 1097 7
862 3 59
1393 1131 2
508 1298 7
1547 296 8
775 1651 10
526 267 55
321 1578 5
1183 779 7
1547 588 8
486 530 2
371 1389 8
1369 1566 1
139 1030 2
584 1600 38
1028 911 2
551 454 5
1405 773 2
1307 59 8
61 92 8
915 1447 1
756 281 55
162 808 8
1439 810 15
1256 667 83
1329 1005 36
993 453 35
1372 551 7
25 462 8
912 667 27
20 1384 8
689 936 7
20 551 7
1091 193 5
575 914 2
925 556 2
140 390 8
704 730 2
939 835 8
707 476 2
575 1305 8
1139 438 2
337 798 27
674 246 2
1471 800 59
62 724 35
667 460 2
1148 37 8
679 957 8
192 252 6
221 1163 2
20 1212 8
184 410 57
98 501 7
1358 829 2
205 229 7
880 1254 2
867 508 2
532 1114 2
1144 685 8
550 381 33
4 1403 14
1454 707 2
487 412 5
1517 444 57
692 611 35
637 971 74
63 1097 7
642 1388 7
377 875 6
642 1330 2
1144 745 35
83 1310 8
535 657 2
535 261 2
759 1436 2
864 1382 2
395 1510 2
1219 97 8
113 93 5
584 983 16
534 363 2
162 821 2
603 882 2
620 516 2
1179 1381 7
1084 63 8
945 950 33
1084 360 2
246 1566 37
841 1030 2
333 1070 5
1394 843 27
721 126 27
659 80 8
1084 355 8
270 409 2
939 865 6
1458 577 30
601 59 7
501 433 7
759 52 8
26 335 2
841 269 8
933 576 2
1375 1389 7
736 957 8
1383 1005 7
35 335 2
829 856 2
252 978 27
999 444 77
683 1023 1
148 365 2
723 823 2
22 295 2
127 241 2
494 1457 8
829 1148 2
720 1207 8
1459 1166 1
476 1003 2
1472 1231 17
261 377 2
476 607 2
703 1078 2
387 838 8
241 893 2
475 259 2
738 1014 0
1054 149 8
489 1384 8
1316 88 5
1131 1450 2
205 1321 7
912 730 2
231 239 2
695 1389 8
442 433 7
61 99 0
661 1230 2
666 1511 74
907 702 2
42 750 50
718 53 34
1158 139 3
1328 1415 37
438 393 7
790 1437 8
1232 1252 2
205 1253 7
930 667 40
220 1047 2
85 325 2
1126 1354 2
315 803 2
438 685 7
176 396 41
1112 732 7
1000 1284 2
724 599 1
228 1212 8
183 189 27
770 1156 7
1253 88 3
1400 341 5
869 399 2
322 1496 69
724 1287 1
61 364 1
1084 1160 2
420 320 6
1506 939 15
1570 265 8
484 812 1
88 218 7
69 1555 2
191 838 8
519 31 2
526 1321 2
650 25 2
759 852 8
398 281 2
769 646 8
69 1550 8
898 462 8
603 1510 2
303 916 8
599 823 33
149 1625 48
1179 406 7
836 1338 2
420 626 8
829 1214 7
1307 1342 7
622 803 2
1075 628 2
1373 88 5
731 401 7
139 647 2
1252 338 5
618 763 2
562 810 15
307 598 30
737 330 8
1395 1307 13
618 1550 8
1448 911 30
366 1073 2
810 704 1
42 568 7
599 1047 33
503 505 2
830 917 2
568 470 6
337 850 6
217 667 27
784 1395 77
1405 322 2
1413 37 8
162 65 8
21 836 2
1233 45 1
150 256 2
127 823 7
268 390 8
1351 412 5
568 1199 7
401 147 8
974 1047 30
244 929 7
271 37 8
377 53 34
501 119 8
1377 1212 7
441 1231 7
535 272 31
228 1471 7
447 1381 7
1116 1446 2
912 88 3
1252 1305 8
221 420 2
1135 46 8
550 1541 2
234 59 8
855 492 30
49 925 10
151 1005 36
1561 1002 2
1128 557 2
200 350 2
1229 183 6
544 81 2
667 796 8
209 1002 2
82 292 2
1066 658 0
420 1035 2
641 703 2
541 1077 2
452 462 8
718 111 15
330 387 8
374 683 0
109 957 8
557 462 8
187 584 2
929 1554 0
78 148 2
516 1309 2
759 693 2
205 147 8
1155 412 5
750 675 2
205 881 3
1570 1581 8
880 1131 2
641 239 2
501 1098 21
1126 697 14
1126 301 14
1179 638 7
277 775 12
1200 1437 8
1219 42 8
325 291 8
777 75 3
420 47 8
657 453 34
406 929 7
858 278 74
841 287 2
486 1567 2
328 37 8
434 722 14
1179 1326 7
1076 689 2
945 1291 33
259 613 6
148 1375 27
69 507 8
554 61 15
1472 727 57
841 219 2
470 950 16
360 1033 2
1194 958 3
291 59 8
988 64 30
595 1097 7
366 390 2
938 841 2
359 550 2
586 1075 2
577 661 2
505 787 8
241 546 2
457 1213 7
584 1550 8
486 284 33
363 576 2
937 92 8
350 1375 27
1029 453 2
143 21 8
936 59 8
1146 63 7
1354 1084 2
213 603 6
502 1231 41
440 1453 2
197 1389 7
1317 412 5
1251 401 2
646 1381 7
792 1565 2
285 159 20
1133 59 7
1252 231 2
1459 1376 2
207 327 1
887 925 2
185 911 27
1478 377 2
316 321 6
462 533 3
1126 273 7
1040 3 8
1381 438 8
438 676 2
207 1056 2
1289 568 15
108 1305 8
458 114 7
519 1314 1
572 812 2
1136 796 8
810 213 8
876 1395 7
1138 765 19
1454 988 2
281 393 27
915 213 8
850 568 6
82 1207 8
911 119 8
49 1328 2
1056 812 1
854 1310 8
1128 197 8
1295 189 27
1405 1004 27
724 809 2
458 485 30
116 412 5
222 61 15
391 836 2
527 37 8
139 300 2
401 3 48
148 1402 2
278 756 2
518 1127 8
739 458 2
161 1437 8
1039 1047 2
718 388 2
497 958 2
1510 335 2
751 950 14
933 753 2
377 83 8
1402 958 3
1284 179 7
227 453 1
917 957 7
155 958 3
1146 3 7
337 68 27
234 1342 7
579 1002 2
702 884 7
710 937 8
830 398 2
463 838 7
1421 1156 5
1463 1310 7
790 989 7
281 1152 26
259 173 2
442 1052 2
468 1437 8
457 508 2
598 75 3
1162 18 8
85 1362 2
738 761 15
551 988 2
420 273 6
278 267 55
104 259 2
650 0 0
238 395 2
241 1388 14
112 325 2
550 1090 2
1338 646 8
659 1125 8
1019 957 8
80 532 7
281 1417 27
420 980 2
415 614 7
453 861 30
1439 453 2
58 434 1
1505 1310 5
1444 377 2
724 1517 12
330 728 8
1459 229 2
656 1608 2
417 420 27
977 718 2
779 63 8
915 1239 30
295 1428 2
368 830 30
205 92 8
450 1047 30
108 974 5
177 1127 8
867 330 2
779 355 8
398 458 2
661 59 8
686 521 5
162 419 2
53 775 2
1159 779 5
836 1515 2
855 516 2
623 256 2
1077 172 2
1139 952 16
1394 45 27
568 1070 5
1284 537 12
977 937 8
1054 1131 2
833 139 3
154 577 2
601 864 7
266 363 2
704 295 1
839 1454 2
847 377 8
735 1437 8
162 247 2
936 1342 7
485 565 2
419 1244 36
323 702 5
1545 37 8
577 606 2
577 210 2
1023 568 7
565 500 2
20 777 7
137 37 7
1561 139 5
1359 637 12
519 861 30
501 296 8
48 1610 56
290 1214 5
184 308 57
468 462 8
836 63 8
468 363 2
667 1396 7
472 848 8
1474 350 2
333 32 8
1468 551 7
1232 1084 48
116 1384 8
108 562 8
381 412 5
541 1358 2
1328 436 2
205 747 7
681 401 2
689 116 8
1139 492 2
162 345 0
1093 1 6
1022 1227 8
981 565 11
325 978 3
1317 395 27
1414 1389 7
588 958 5
62 1389 7
363 1237 36
1215 706 7
995 139 3
1252 1315 5
447 908 8
576 823 14
1008 75 3
281 1376 2
1065 721 1
278 436 1
983 779 8
168 1045 33
1328 264 2
281 270 27
862 1217 59
70 983 2
655 730 8
205 1403 14
432 330 8
98 598 30
437 650 8
463 750 30
1394 673 27
703 1080 2
1390 491 1
711 750 2
1204 37 8
670 88 5
278 305 2
630 462 8
383 251 2
727 297 2
934 1005 1
1163 488 2
148 987 2
140 916 8
89 70 35
1039 1342 7
841 787 8
577 546 2
876 646 5
359 727 2
205 306 77
1383 1127 7
418 1448 30
281 595 55
377 424 8
350 763 2
127 462 8
1313 4 14
127 759 2
241 723 2
1037 350 2
739 330 8
779 1081 6
82 436 1
1567 637 12
1030 1252 2
54 573 15
551 1037 2
551 641 2
1179 379 71
362 796 8
205 1443 7
233 1389 7
649 191 16
915 463 2
1328 1245 37
447 537 12
1252 507 8
1252 804 2
139 106 30
1444 494 2
576 1128 8
1402 453 35
362 1194 30
421 823 2
750 1507 1
765 1062 7
1225 750 48
1340 728 7
1254 355 8
563 575 2
311 552 1
491 1005 36
1231 1125 8
148 293 0
74 667 27
877 295 2
1232 333 48
1444 718 2
928 584 41
768 646 8
944 911 31
395 365 2
1019 438 8
140 509 5
1209 720 7
1446 1126 33
501 1210 57
877 937 7
1201 1342 7
409 1337 2
759 979 2
395 1053 2
1306 1342 7
1019 730 8
869 453 2
388 929 7
383 947 2
981 239 2
925 286 15
1329 59 8
483 982 1
30 541 2
1288 568 7
552 1514 0
835 1135 2
1540 1437 8
127 1163 2
313 75 8
273 1405 2
1284 1262 2
479 937 7
402 766 8
579 139 5
154 126 2
486 993 2
252 125 27
158 139 3
340 705 7
568 592 6
1485 1140 2
368 458 2
1079 823 30
938 335 2
911 1169 2
337 641 27
337 1037 27
574 1255 2
1384 770 2
295 3 10
1230 499 21
1008 697 1
108 242 7
486 611 34
442 891 7
383 1204 30
730 1392 30
420 846 6
1084 1111 67
792 1163 2
789 637 12
593 183 8
1040 808 8
905 383 2
837 720 15
277 683 0
438 228 7
898 1384 8
1200 1340 2
420 1553 2
70 704 2
999 1389 8
177 667 27
1213 1388 7
634 1097 7
156 1266 1
70 262 7
569 1086 8
704 830 30
1336 401 7
1160 958 5
434 917 8
1212 685 8
577 796 20
681 377 8
1000 363 2
295 2 2
69 743 3
303 167 8
1539 1389 8
1209 37 7
309 1127 8
70 194 7
325 855 3
295 890 33
162 992 2
1437 978 3
1394 722 27
303 63 8
494 617 2
377 1357 2
1390 1351 1
1230 80 8
849 183 2
399 104 2
829 320 6
841 805 2
1162 1418 7
1570 32 8
718 942 33
823 1186 16
954 421 2
1172 59 7
736 44 8
1461 820 15
1230 1200 15
117 1357 1
1461 98 30
4 489 6
222 646 1
1307 462 8
1047 269 7
836 808 8
64 311 30
259 1500 7
139 122 2
598 627 12
741 1047 14
95 1127 52
1144 850 6
1251 1291 33
674 717 2
1292 794 44
866 810 15
250 1419 8
1163 365 2
694 889 2
1054 325 2
355 1419 8
140 793 8
186 172 5
366 840 2
796 1097 7
816 1310 8
912 505 2
901 1097 7
452 1384 8
551 586 2
901 1389 7
714 952 14
1252 848 8
482 197 8
790 1212 8
668 646 7
421 476 2
762 911 2
185 1033 27
1352 91 7
458 678 2
438 856 7
438 460 7
551 122 2
281 619 27
1437 607 7
516 1417 27
429 1230 2
541 620 2
720 293 0
420 95 6
1336 633 7
1104 315 2
1394 1418 27
1058 108 1
958 441 0
411 568 7
1408 1157 62
1031 139 3
424 149 8
1570 728 8
524 126 2
383 600 2
172 743 3
350 861 30
1051 614 1
329 453 35
646 97 8
1179 181 7
1458 1340 30
1405 269 2
391 958 2
958 805 7
706 489 6
631 1342 7
399 1024 2
399 628 2
35 1156 7
730 324 2
604 650 2
613 568 7
1461 726 30
601 462 7
1401 958 3
865 1437 8
1039 1565 2
651 35 40
810 83 1
205 587 77
642 851 30
99 1170 0
317 412 5
893 573 15
1180 1086 8
256 856 2
281 1168 55
483 1583 8
737 37 8
1259 939 2
718 191 33
586 618 2
746 1505 5
239 722 2
373 957 8
447 1562 2
337 586 27
1075 1124 30
238 689 2
1358 325 2
575 1030 2
323 1002 7
45 64 30
232 1008 39
914 584 53
1084 81 10
1004 1389 7
1357 1126 33
226 911 2
1335 252 6
1329 990 37
416 1076 2
295 1046 12
491 453 35
880 682 2
335 685 8
80 362 7
1223 88 2
641 140 7
303 1054 7
945 683 0
140 1150 5
76 1452 2
758 584 2
1144 743 3
107 158 8
1284 445 0
880 568 7
261 1170 0
281 974 2
395 938 2
1075 1495 2
479 412 5
292 1047 2
183 611 2
1200 1212 8
1076 172 2
1198 148 2
543 438 8
1127 1415 5
48 577 2
1394 271 27
1084 179 8
1283 775 12
1295 770 2
420 114 8
263 447 2
158 838 8
350 873 16
453 304 10
1166 1097 7
40 438 8
1383 37 7
1537 197 8
836 65 8
368 1135 2
271 409 2
1166 1389 7
575 1388 7
1193 47 8
620 950 14
1500 377 2
602 59 7
911 909 1
1402 59 8
476 723 2
23 241 2
479 172 8
428 823 16
42 642 50
20 1295 7
650 1214 0
415 766 5
584 569 38
990 1057 57
1084 1392 67
772 313 77
515 1180 0
1468 777 7
1232 1310 48
681 1291 33
787 682 7
1145 377 8
1454 831 2
459 958 3
576 330 8
338 37 7
435 1127 59
806 1008 39
810 92 8
1252 793 8
633 1449 1
727 1154 5
1552 1395 7
1128 45 2
535 1073 2
515 1445 1
603 1153 52
1328 908 7
1105 1400 2
551 21 7
416 33 2
334 453 34
458 287 29
533 139 2
581 1340 30
1211 1230 2
582 412 5
55 303 2
535 609 2
183 1239 2
518 929 7
1461 51 30
303 641 2
178 1310 8
498 1342 7
544 809 30
148 506 6
8 1579 5
158 1075 2
173 531 2
1230 1616 55
858 973 74
541 883 14
399 677 2
829 934 7
494 1581 8
1015 720 15
272 1389 7
1174 1252 2
503 689 2
1460 829 20
161 1212 8
601 453 2
662 990 5
682 1482 7
784 427 77
1383 957 7
1144 735 6
447 445 0
457 59 2
577 1460 2
524 396 30
393 139 3
702 763 7
508 936 8
517 1291 14
256 796 8
1029 1252 2
244 1086 8
229 1135 2
235 335 2
750 338 5
922 183 2
991 565 57
1466 1097 1
117 155 1
1039 1437 8
563 577 2
779 1203 6
325 792 6
126 983 2
1008 1024 2
468 1212 8
1496 1024 40
787 1310 7
1140 1047 33
551 763 2
383 1094 30
1133 462 7
323 551 7
324 823 2
1401 453 35
515 1477 21
1116 770 2
416 729 2
438 1137 7
1045 255 40
447 36 33
667 808 59
722 64 30
737 541 82
894 911 2
672 841 2
238 957 8
642 433 7
1328 848 7
541 167 7
1327 1310 7
1003 702 12
657 823 33
191 1213 7
1460 1144 2
1075 1044 53
416 661 2
177 929 7
408 1395 7
1075 1148 2
512 1566 37
617 1566 37
810 99 0
436 823 14
69 300 2
630 1384 8
321 39 8
532 315 2
555 139 3
1402 321 6
730 1315 7
1414 1156 7
406 1086 8
706 1062 6
1400 80 7
377 1247 2
471 1389 7
381 531 2
1376 957 1
810 364 1
1541 1389 8
52 139 3
727 1443 2
159 672 2
1458 568 15
162 855 3
830 869 2
713 775 12
519 704 30
923 709 2
259 265 6
167 1129 8
1473 427 1
148 129 8
718 368 33
1252 1388 7
505 507 8
1179 1021 30
702 80 7
337 1555 27
239 189 27
1160 113 2
125 836 2
713 1086 8
1128 1077 2
1039 462 8
1206 810 15
415 23 5
1031 1097 7
126 3 8
325 488 2
148 68 24
551 681 27
777 1491 7
42 519 50
1253 1086 8
438 500 2
438 104 2
207 484 2
220 420 2
438 495 8
281 217 27
515 1098 1
199 350 2
516 619 27
1231 272 8
61 133 1
176 1570 2
147 60 41
1003 1291 33
385 929 7
277 1191 12
76 21 8
904 205 19
350 68 24
1340 244 8
842 650 1
1570 326 8
269 1395 7
1259 412 5
1198 325 2
841 1031 2
162 1114 2
752 1127 8
724 879 7
272 646 7
572 519 35
173 476 2
525 278 9
278 872 2
727 755 59
573 704 1
454 60 41
939 1199 7
3 402 10
1039 1163 2
444 179 15
796 1437 2
148 762 2
1240 743 5
1391 937 7
939 1491 7
143 833 8
143 437 8
1491 139 5
148 716 7
421 915 30
1537 1062 8
1144 284 6
703 1079 2
148 35 23
337 1495 27
1460 551 82
143 1125 8
565 903 2
790 777 7
637 1063 5
1216 958 5
1373 59 7
447 1160 2
1146 119 7
157 694 39
779 856 6
108 1388 7
810 296 7
563 126 2
192 915 21
23 915 30
420 97 6
335 648 2
247 183 2
761 1266 1
551 766 7
316 377 6
823 1401 71
895 1384 8
193 241 57
878 859 2
1261 1384 8
810 269 8
1129 255 2
854 1002 1
1355 401 2
535 1354 2
438 1024 2
82 872 2
845 888 57
1461 987 2
997 1097 7
657 476 33
894 1252 2
1437 833 7
531 1314 2
528 952 33
437 1126 2
736 1389 7
236 669 76
118 453 35
416 606 2
416 210 2
278 1469 47
269 321 52
1453 1303 2
829 1430 57
897 183 8
534 1352 2
980 1395 7
493 1127 6
854 929 7
929 881 5
238 438 8
411 1127 8
1295 1305 7
1436 1565 2
302 650 7
1554 458 33
820 61 15
1461 624 30
143 213 62
1264 1005 36
159 393 2
507 568 7
139 648 2
1540 1212 8
170 88 3
937 1199 7
1084 554 23
1081 377 8
486 452 12
381 476 2
937 1578 3
148 1139 33
829 739 27
127 1230 2
1244 631 15
507 937 8
1284 1329 2
613 1127 8
252 627 6
159 221 2
1037 1212 8
921 1391 2
729 139 3
727 381 33
259 693 2
486 768 2
361 1437 8
1518 1086 8
838 92 7
268 787 8
568 763 6
1047 150 2
1246 282 57
702 1336 7
1046 970 74
82 1469 47
915 1330 2
683 1070 2
594 59 8
1367 911 2
341 1156 7
676 1284 2
1152 838 2
1104 1264 1
154 958 3
302 702 10
550 1226 12
913 584 53
1229 252 6
1120 1086 8
899 823 7
170 584 71
1481 56 33
841 1315 5
283 479 31
337 1036 27
823 40 8
226 1033 2
1050 168 19
108 282 8
670 444 2
541 1078 2
438 3 7
759 1450 2
277 412 5
308 335 2
325 365 2
154 1230 20
434 796 8
322 911 2
552 435 8
1045 596 16
69 581 2
195 646 8
75 1086 8
370 272 20
880 1127 8
976 718 2
817 412 5
1459 678 30
82 116 8
1389 521 5
53 973 58
162 767 2
1416 350 2
541 90 8
1563 958 3
1394 497 27
1084 743 3
829 95 6
603 1120 2
1394 393 27
255 1295 2
1081 568 7
1284 1561 2
1221 183 8
278 421 2
458 1567 1
1177 492 2
1193 1282 50
1265 83 6
145 565 2
192 1126 30
1472 1566 1
300 765 19
544 1348 21
712 650 7
126 854 27
483 42 8
777 1070 5
841 507 8
577 662 2
22 241 2
1124 412 5
1526 1384 8
543 598 30
359 447 2
329 990 37
568 80 6
852 1496 41
1037 70 2
929 728 7
287 418 30
460 803 2
464 1135 2
1330 483 15
128 759 2
482 40 8
440 1454 2
724 1499 10
575 177 2
213 937 7
532 1360 2
1569 997 22
61 441 0
1468 1295 7
1450 667 27
852 64 30
1555 667 27
702 821 75
997 750 7
499 718 10
272 259 20
438 235 7
1045 145 40
1020 259 8
23 396 30
535 1299 2
535 903 2
205 1491 7
264 720 15
647 689 2
409 833 2
194 207 2
111 1047 14
555 1075 2
672 335 2
27 1231 41
1198 633 1
420 1041 2
1394 1152 26
869 241 2
1446 950 33
273 505 2
1437 652 2
650 367 2
286 4 1
1002 29 2
939 1070 5
1458 823 30
395 773 2
148 336 6
55 1212 8
324 642 30
491 990 37
271 1389 7
269 703 2
1391 412 5
398 519 2
1354 683 0
1390 151 1
864 244 8
444 820 15
1394 1417 27
281 53 2
192 149 8
577 1358 2
1184 568 7
1376 159 1
1058 836 2
594 1342 7
159 270 2
865 1212 8
1458 1047 30
847 88 3
1002 347 14
701 1047 2
486 25 2
388 1310 8
392 139 3
1163 1227 8
847 438 8
1033 1122 2
917 1045 33
486 713 2
494 32 8
138 492 2
256 626 8
1119 64 30
56 976 30
239 497 2
829 114 8
858 1066 5
1201 76 5
453 537 2
1250 950 33
914 239 2
256 1314 8
501 65 8
808 44 8
191 61 15
20 442 7
3 750 2
586 325 2
126 808 8
1391 172 8
206 1405 2
829 384 3
328 1097 7
838 1118 5
1351 1002 2
1145 1127 8
447 1322 13
1482 937 8
139 850 30
681 1126 33
1123 183 2
777 1381 7
565 92 8
176 574 41
12 1131 20
80 929 7
671 1128 8
541 685 7
1136 114 8
254 1285 5
779 424 8
598 1070 5
70 424 2
25 241 35
1100 823 33
604 911 31
144 501 5
1009 88 3
1401 321 6
727 1445 2
399 1495 2
1212 743 3
1131 1139 55
1314 1352 2
434 277 8
535 881 3
750 908 8
939 824 6
1002 1439 14
162 1108 2
162 712 2
603 773 2
609 1395 7
620 803 2
759 216 33
303 179 8
1179 876 7
1076 239 2
1514 1400 2
159 1258 2
729 838 8
168 350 33
1295 545 2
841 228 8
247 412 5
486 1409 2
494 728 8
1307 646 8
1174 399 2
1525 366 2
25 325 1
1515 1230 2
1436 462 8
401 690 2
1284 1226 12
618 26 2
1384 848 7
1146 1388 7
1163 1418 7
1033 1004 27
573 594 1
618 21 8
663 363 5
145 568 7
810 1611 2
148 355 8
421 117 30
159 1581 8
252 869 27
893 61 15
485 957 8
420 441 66
1047 723 2
420 1325 5
1133 1384 7
246 812 2
808 281 2
508 83 8
912 689 2
1042 335 2
1163 80 8
905 1195 2
796 1213 7
234 1389 8
452 278 74
661 829 2
258 519 30
350 360 2
654 1002 1
127 59 8
1454 606 2
1252 177 2
325 1006 2
350 355 8
702 474 75
1315 252 52
883 777 2
438 622 2
1461 189 2
1284 1111 67
1008 98 8
657 366 33
649 947 2
581 823 30
85 508 2
84 183 2
1102 1045 12
650 976 33
514 732 7
1394 1138 27
1215 603 7
720 1138 1
729 1097 7
1258 412 5
318 1400 80
745 937 7
1376 720 15
1437 597 2
1405 513 26
321 1581 8
933 1344 37
303 119 8
729 1075 2
618 722 2
503 172 2
415 197 8
266 1352 2
704 1284 1
712 1395 7
692 1236 6
836 833 2
961 82 7
494 1315 7
162 229 33
144 957 8
820 646 1
370 1004 2
694 576 1
657 61 15
324 519 30
1177 1461 2
266 1284 2
361 1040 2
597 584 2
357 550 2
784 637 5
1458 1045 41
263 823 33
533 531 30
435 1437 7
366 1256 2
1402 462 8
552 1101 12
746 1225 5
790 1295 7
605 937 8
1025 933 2
1250 1291 33
111 568 7
934 59 8
515 1187 0
28 44 8
1346 335 2
915 464 2
1254 424 8
974 911 31
531 1567 1
259 114 8
61 1014 0
61 1055 1
442 894 2
792 140 2
878 689 2
1509 205 19
337 238 27
416 900 2
27 1459 30
1253 1126 33
88 455 2
810 787 8
200 241 2
667 291 8
434 1606 2
874 1395 7
335 743 3
241 1341 30
88 805 7
670 37 8
1231 1418 8
442 1217 8
1084 1283 2
306 957 8
368 810 15
1545 1097 7
880 730 2
1084 1575 2
307 1084 2
516 804 2
399 1148 2
859 210 2
759 980 2
395 1054 2
297 399 2
74 395 2
836 1169 2
934 939 15
1177 759 27
159 136 6
1338 765 19
424 1291 30
780 1047 30
864 817 8
45 551 2
30 1230 2
939 373 6
162 657 2
706 837 6
162 261 2
216 958 5
737 458 2
58 541 2
350 301 16
623 139 3
1296 1156 59
122 823 16
613 957 8
159 843 2
1284 1550 8
205 935 77
192 724 30
380 565 2
309 830 30
369 1617 3
143 1583 8
1295 26 2
1126 1186 16
813 568 7
1288 730 8
1233 564 1
1233 168 1
268 1305 8
127 1342 7
255 325 2
568 1281 6
1453 1564 1
904 1352 84
829 291 8
62 1005 36
209 568 1
1233 856 1
684 730 2
117 558 1
298 88 5
1367 1033 2
911 1457 8
1258 1384 8
343 937 7
1472 1045 12
80 1570 7
401 622 35
362 114 8
1045 21 8
795 59 8
144 1246 5
1568 911 2
552 1125 8
981 183 11
1144 1217 8
998 1384 7
360 1244 36
1128 1076 2
455 259 7
1220 603 6
1008 147 8
70 309 2
258 396 30
269 1342 7
458 384 3
1231 47 8
1550 937 7
471 810 15
1215 256 7
572 70 35
530 113 2
37 46 6
766 1389 8
530 108 8
1570 101 8
404 335 2
309 1128 8
519 736 7
1321 1310 8
478 412 5
1054 667 27
1176 159 1
1497 335 5
724 654 7
494 910 2
368 1213 7
988 1047 30
870 937 8
291 646 8
1295 722 2
1265 273 6
829 613 6
505 983 2
363 1344 37
915 1151 21
703 922 2
162 611 34
647 438 8
577 852 2
1500 1585 2
1394 54 2
1123 412 5
1461 620 82
934 1342 7
206 1566 5
140 763 2
584 693 38
1039 1230 2
143 1004 8
1471 1236 52
126 479 2
1233 796 1
596 794 44
533 476 30
916 568 7
61 1220 15
370 485 2
60 622 35
1252 922 2
727 754 59
928 256 2
1024 256 2
552 1046 12
396 976 30
126 411 2
1483 1284 2
1340 450 7
1367 350 2
335 423 2
515 1132 0
836 347 30
915 805 2
911 18 8
1009 686 7
836 639 30
1284 1392 67
416 449 2
388 1566 37
221 256 2
447 1550 8
37 1138 6
903 1126 2
295 699 2
550 201 12
546 207 7
281 912 27
420 475 2
724 1355 1
592 362 30
797 728 8
408 1156 8
1156 992 5
35 438 1
1570 1125 8
221 183 8
1215 1572 7
777 848 8
281 347 2
1212 3 8
402 92 8
178 929 7
1212 341 3
823 1120 30
86 149 8
1326 259 8
444 1430 5
836 1510 2
973 411 2
1126 1455 30
1183 568 7
438 1124 30
4 761 15
922 56 30
453 976 30
177 1310 8
618 189 27
117 861 30
841 1388 7
973 1398 39
313 21 8
148 1187 7
437 830 30
628 462 8
595 1597 38
309 377 8
1240 658 66
318 198 80
1284 766 7
367 1389 7
241 981 12
32 492 2
1212 1335 5
140 1391 2
237 1284 1
143 1236 8
357 727 2
818 937 7
1271 650 2
930 765 38
1359 236 12
1224 1291 16
586 911 2
950 382 8
347 730 2
236 1322 13
1453 1509 1
129 708 7
1461 1166 2
899 702 7
279 730 50
805 1212 8
575 1031 2
449 565 2
396 1500 30
913 859 2
1451 458 2
1145 957 8
222 958 3
420 792 6
914 689 2
1468 442 7
1451 750 2
416 1077 2
1135 114 8
774 335 2
873 1135 2
220 140 2
383 97 15
424 1097 7
859 455 2
88 1378 7
988 667 2
1326 1310 7
718 179 15
1140 453 34
82 355 8
872 841 2
790 462 8
70 546 2
1176 720 15
722 139 5
646 1482 8
1388 412 5
1536 1310 7
641 56 33
759 1553 2
651 358 38
750 347 2
69 648 2
1570 46 8
979 239 2
472 1315 5
555 149 8
728 1135 2
947 1045 2
252 475 27
1101 113 75
1078 1389 7
829 307 7
486 1239 2
1193 116 8
1400 824 7
451 535 30
385 1310 8
462 607 5
485 377 6
39 568 7
574 1564 1
901 1005 36
1246 753 57
241 349 1
259 1456 2
370 206 2
829 1333 2
35 416 2
158 1131 8
255 1362 2
763 1126 30
256 739 27
266 486 2
582 779 7
485 584 53
810 1004 1
246 1002 2
40 1127 8
1389 129 2
1383 330 7
838 932 8
125 1252 2
505 167 8
1033 269 2
363 1062 7
148 436 7
594 462 8
464 618 2
577 729 2
1041 335 2
565 623 2
1166 1008 39
548 1002 1
674 1351 2
679 937 7
917 1131 2
908 829 7
346 568 7
82 327 1
468 486 2
673 1156 8
415 1059 5
220 836 2
208 1126 2
362 291 8
1459 1152 2
641 1129 7
365 37 8
1121 651 53
551 90 7
900 1033 2
268 1315 5
598 1282 30
438 114 7
450 162 2
633 1450 1
69 1052 2
1443 1047 33
95 1437 8
1223 1405 2
438 406 7
1424 139 5
859 1479 2
206 88 2
80 76 7
988 1295 2
1137 140 8
344 259 8
515 1446 1
476 1341 30
905 37 8
551 360 2
1029 1230 20
70 1232 7
281 857 27
323 148 7
383 348 41
720 1364 1
623 1075 2
632 1389 7
1084 1173 2
647 584 53
409 540 2
980 1156 8
702 130 5
1001 453 34
759 78 2
575 1315 5
1128 265 8
541 97 8
148 111 6
1106 453 34
638 724 2
383 1234 2
16 515 21
176 143 2
1071 727 7
841 983 2
1404 823 33
493 779 6
686 357 5
834 1496 69
577 1133 2
834 1238 33
148 1132 7
721 1163 27
241 972 7
350 191 16
1296 462 8
829 454 33
1547 1070 5
692 83 6
368 453 2
126 1052 2
1110 531 5
1496 219 38
1130 686 1
325 1153 6
1252 1495 2
836 988 30
101 492 2
1519 1086 8
981 1131 20
1024 829 2
852 535 30
1031 516 2
238 239 2
453 604 2
925 222 2
677 1230 2
434 1125 6
1037 1156 8
442 1120 2
1409 70 35
337 464 27
1565 763 2
281 1553 27
858 1065 5
829 1325 5
1114 950 33
462 891 8
383 1044 41
73 515 21
1447 363 2
416 1418 2
667 80 7
541 798 2
303 1338 2
217 730 8
995 598 33
573 761 15
501 1283 21
501 887 21
391 1496 53
334 44 8
70 199 2
148 1203 6
322 730 8
618 101 26
279 416 27
325 80 8
318 1086 8
281 524 2
1395 855 5
267 1394 27
1230 39 8
72 88 3
650 1161 8
110 958 5
318 943 80
69 296 8
756 1310 7
1136 1325 5
1180 1395 7
1184 667 27
205 1229 77
1456 1340 30
507 957 8
637 214 75
1416 70 2
818 412 5
1394 217 27
650 347 33
544 23 30
502 574 2
1416 362 2
958 68 7
35 69 2
1129 1138 1
1037 1565 2
716 568 7
315 412 5
380 395 2
730 1581 8
1193 606 50
1230 311 25
259 307 7
1185 377 8
689 1298 7
718 753 23
418 596 30
1537 39 8
255 551 2
1047 498 2
921 90 7
259 1333 2
143 102 8
829 855 3
1238 284 16
256 114 8
229 453 2
341 239 2
573 296 7
1483 486 2
1474 126 2
901 1384 7
383 796 20
1124 1230 7
434 46 6
1446 683 0
1454 381 2
152 396 30
1317 239 27
690 1126 14
1568 1033 2
848 1246 5
321 1137 2
98 399 7
576 172 8
1014 937 8
1231 273 8
541 219 2
859 1424 2
1008 269 8
281 114 27
565 893 30
486 1214 0
1207 1104 7
1176 453 1
420 365 2
84 646 2
31 911 31
1394 913 27
650 1439 33
720 913 1
1207 1437 8
183 1243 7
300 841 2
1461 719 15
45 1405 2
1200 183 8
498 1230 2
618 497 2
541 42 8
724 484 7
179 1086 8
377 1480 2
557 1170 51
399 623 2
162 1407 2
676 911 31
721 420 27
494 1428 2
476 1073 2
503 239 2
577 1078 2
759 54 8
601 399 2
499 140 8
618 424 8
237 486 1
942 1126 2
205 478 77
1054 516 2
126 309 2
329 1005 36
1461 513 30
483 390 8
435 1212 7
823 63 7
142 252 2
99 1097 7
127 535 2
1244 658 0
1362 995 1
1110 476 5
637 1064 5
350 831 2
76 1578 5
823 355 7
337 185 27
726 462 8
565 1196 2
1505 59 8
1252 648 2
702 605 7
702 904 74
1106 1170 0
550 109 0
584 588 8
343 1395 7
1129 324 2
349 933 2
599 44 8
148 1448 30
54 303 20
1328 384 5
1210 88 5
1117 568 7
552 1583 8
49 683 0
333 728 8
692 626 8
1104 610 2
61 743 5
515 1319 21
1444 958 2
183 1210 6
1358 148 2
555 1131 2
341 1086 8
281 1138 27
72 929 7
658 836 3
370 985 41
259 1325 5
699 718 10
458 861 29
829 1431 57
922 350 30
416 503 2
880 505 2
915 960 30
399 160 16
616 259 2
1295 101 26
1407 1384 7
625 911 2
183 210 2
727 1561 2
395 1121 2
787 958 5
862 18 8
1183 1086 7
694 1609 47
1127 910 5
1144 1377 6
147 715 2
252 365 27
227 1266 1
604 377 2
582 377 7
810 998 1
205 710 77
642 974 30
126 1333 2
392 149 8
1053 1156 8
252 297 27
918 335 2
449 859 2
1229 321 6
689 1243 7
486 1061 2
1162 1227 8
568 1056 6
988 418 30
674 261 2
996 810 15
565 221 2
1329 1244 36
1037 1437 8
1214 1531 1
205 244 7
558 727 2
361 59 8
1019 937 7
913 689 2
551 1337 2
673 259 2
1482 1389 8
286 61 15
1082 830 30
778 259 2
674 89 2
1454 722 2
207 430 2
350 471 8
662 829 2
185 577 27
447 743 3
929 1578 5
1006 1212 8
727 753 5
642 1345 2
570 1156 8
1421 505 1
205 468 7
1122 183 2
110 148 19
658 730 8
189 1213 7
937 1486 5
1212 1217 8
97 37 8
281 455 27
1474 295 2
689 129 8
70 772 2
406 1395 7
563 59 8
787 838 8
1210 107 7
159 1399 6
1281 1213 6
1230 221 2
958 417 7
1570 272 8
729 1213 7
1080 335 2
859 905 2
618 150 2
834 1213 7
181 259 8
659 387 8
273 667 27
415 21 8
183 1125 8
603 1121 2
1496 1592 38
148 1 6
432 483 15
670 724 35
712 1156 8
1295 497 2
929 73 0
543 952 14
841 873 2
476 622 2
1505 1342 7
115 401 1
40 957 8
573 546 1
145 957 8
1094 1340 30
366 684 2
1047 675 2
139 190 2
505 685 8
1253 1395 7
860 139 3
702 258 7
1144 1396 8
907 321 2
447 1106 2
820 730 8
1146 65 7
256 291 8
565 1141 2
455 438 7
341 416 2
135 937 8
71 720 15
1372 107 7
446 812 2
665 1212 8
1122 937 7
346 1127 8
357 139 3
205 1164 7
59 1290 5
442 322 2
730 485 30
746 877 5
790 551 7
790 1384 8
1251 1086 8
1242 335 2
199 1342 7
494 3 10
886 183 2
792 256 2
878 409 2
1104 118 1
1252 916 8
859 1309 2
425 1384 7
409 834 2
550 360 2
541 792 2
524 366 2
140 298 5
241 1457 30
420 1042 2
1128 163 8
434 1321 8
526 1232 2
933 75 5
190 1252 2
494 1101 12
829 792 6
1000 453 34
995 838 8
1151 1340 30
657 149 8
992 1384 8
1230 1578 3
618 778 2
395 774 2
601 702 7
836 889 2
140 1338 2
176 765 2
833 1097 7
706 265 6
285 836 2
402 533 3
273 730 2
1127 855 5
494 101 8
1170 186 1
751 952 14
1295 210 2
912 1395 7
494 393 8
55 1437 8
1459 983 16
604 718 2
573 1611 2
1240 1317 5
590 434 2
1163 1525 2
642 919 30
126 882 2
733 925 8
361 1342 7
655 412 5
823 974 2
524 915 30
524 519 30
239 498 2
543 541 82
1526 702 8
605 1389 8
565 166 2
453 1226 2
464 453 2
1036 958 2
226 1047 2
108 296 8
449 1127 8
68 1230 2
85 1260 2
1145 1128 8
1310 341 5
442 1242 2
1362 230 2
1045 774 40
792 838 7
1099 1213 7
62 990 37
101 937 8
950 813 15
995 1097 7
185 126 27
151 1244 36
1333 958 3
978 1405 2
937 743 5
1212 433 7
541 1024 2
532 610 2
438 287 2
902 1437 8
1075 233 27
808 952 14
199 241 2
399 854 27
624 925 1
1127 47 8
170 59 7
1544 1097 7
642 1217 8
69 423 2
613 603 6
1200 1384 8
303 226 3
901 1244 36
628 1230 2
147 1310 7
1262 1005 36
297 1097 7
1409 568 1
813 1093 1
1179 877 7
45 1295 2
27 1589 38
1056 377 6
858 259 8
265 1246 7
541 31 14
1497 929 7
252 938 27
268 1388 7
1551 1131 4
841 917 8
162 1396 8
506 1127 8
215 958 5
273 88 3
355 438 6
126 1510 2
370 273 2
1502 476 33
716 1127 8
205 115 5
544 1294 21
1193 1124 50
485 859 2
381 1047 30
476 499 2
577 504 2
42 418 50
855 1135 30
77 1246 37
627 1610 56
470 281 2
88 1166 1
803 942 2
3 937 7
665 1162 2
205 1505 7
1454 607 2
325 1007 2
907 198 2
1496 464 40
836 463 30
1266 533 3
681 775 12
75 1395 7
190 577 2
1008 104 2
81 933 2
438 181 7
191 803 2
492 1274 10
876 1342 7
206 259 2
1047 1341 30
139 460 30
997 1384 7
295 419 2
765 769 8
902 462 8
69 1515 2
183 1479 2
1254 21 8
1019 172 8
681 1086 8
303 485 2
80 143 7
370 187 41
281 1028 27
1110 1437 8
765 1457 8
68 37 7
1317 689 27
70 1345 2
116 574 55
1336 750 7
526 1177 2
650 873 33
1198 1496 53
199 1156 8
494 1046 12
544 1341 30
1546 1128 8
1304 1295 7
1186 1156 7
647 859 2
671 810 15
267 541 27
1128 40 8
650 209 2
363 75 5
303 808 8
497 973 2
1219 1305 8
759 244 8
335 1110 5
297 59 8
1050 833 1
724 1398 7
1352 866 36
663 1352 5
1551 552 4
1237 939 15
127 829 2
47 925 2
686 1298 7
1565 68 24
539 750 30
1547 75 3
1323 952 14
601 183 7
595 921 38
1448 803 30
601 958 3
218 108 1
492 877 2
1160 1328 2
139 471 2
1053 259 2
730 728 8
45 148 2
873 810 15
396 1392 30
454 777 2
357 447 2
154 183 8
359 637 12
227 4 1
160 642 30
483 908 8
921 1236 7
139 763 2
1105 1170 0
923 149 2
406 1566 5
241 971 7
446 1566 37
138 730 2
919 505 2
723 1340 30
1272 1437 8
349 775 12
1235 823 16
1140 823 33
88 1417 27
211 937 7
472 167 8
923 76 8
692 852 8
541 1037 2
1035 159 2
1230 1198 2
552 102 8
347 377 8
540 689 2
727 293 0
796 108 8
295 1443 2
550 1329 2
88 410 7
650 1009 2
286 646 1
1554 1400 2
779 766 8
295 1112 23
1476 375 30
596 750 30
919 830 30
289 829 2
746 158 1
650 282 23
1565 762 2
638 1195 2
82 75 8
411 859 2
552 326 8
763 958 3
236 749 5
236 353 5
390 252 6
765 18 8
842 486 1
524 1163 2
205 722 14
159 912 2
42 1156 7
862 244 8
1303 183 7
1416 241 2
1125 958 5
434 119 8
1459 861 30
162 274 12
1491 958 5
1546 377 8
486 1355 2
69 3 8
720 424 8
1162 1125 8
69 341 3
440 911 31
401 298 7
692 846 6
1522 957 8
1483 911 31
1129 913 1
374 458 33
154 420 2
1177 383 2
26 172 2
20 1084 7
486 1287 2
31 492 2
1384 1482 7
1120 845 1
1554 718 10
508 75 3
259 1207 8
558 637 12
584 358 38
1500 494 2
148 197 8
913 937 7
1237 1342 7
255 618 2
912 239 2
976 830 30
808 519 2
69 1335 5
117 1247 1
646 445 0
82 484 2
340 1322 13
183 384 5
1127 63 7
65 88 5
104 1230 2
592 139 3
1015 1461 2
184 839 57
569 1156 8
156 573 15
1451 1156 7
1127 355 7
942 598 30
192 321 6
221 836 2
598 606 30
256 1325 5
653 933 2
476 320 19
402 1491 7
1209 107 7
1544 1342 7
281 681 27
281 285 27
1068 441 0
750 1550 8
878 330 8
297 1342 7
308 750 2
377 1381 7
1570 102 8
1207 1212 8
437 957 8
37 735 6
535 726 2
616 1405 2
396 1070 7
683 1187 0
1075 533 2
303 65 8
1424 957 7
290 817 8
618 272 2
298 37 8
794 311 35
1400 880 7
438 893 30
1394 620 27
514 552 2
403 37 8
1538 1389 8
938 1033 2
1394 912 27
329 1244 36
642 119 8
119 779 6
148 898 2
270 140 7
1084 424 8
988 1340 30
268 3 8
268 341 3
476 1140 2
278 940 2
183 206 54
702 844 7
126 480 2
718 572 2
1459 873 16
899 143 7
670 1389 7
524 117 30
689 390 7
486 208 2
907 943 2
996 61 15
1352 1472 37
442 616 2
322 1127 6
350 606 2
674 1407 2
144 1127 8
577 1077 2
565 1367 2
256 855 3
383 883 30
1201 1570 5
1 603 6
1158 730 8
470 458 2
172 1335 5
1547 1118 5
696 149 8
1245 1045 12
1140 1437 7
126 704 2
249 1419 8
447 1578 7
270 803 30
1139 1135 2
1266 80 8
1110 958 1
761 646 1
1258 702 8
673 1405 2
1355 933 2
551 880 2
1145 330 8
1025 444 23
1496 1037 40
778 1405 2
369 531 30
800 139 3
89 434 2
438 1196 2
76 790 2
226 577 2
919 377 8
1445 366 33
1160 683 0
272 720 15
281 913 27
295 992 2
1297 552 1
88 355 7
1066 99 0
606 925 1
1247 458 33
429 1128 2
88 693 2
491 1244 36
541 914 2
1277 743 5
1156 993 5
1557 1091 2
1439 241 2
800 61 15
1087 929 7
35 1127 1
620 366 2
1058 1131 2
502 70 2
487 568 7
398 350 2
194 694 39
739 1437 8
108 1554 5
512 1002 2
306 1127 8
159 857 2
506 37 8
391 1252 2
617 1002 2
503 642 2
1179 371 7
377 572 2
568 1399 6
421 281 55
841 119 8
858 149 8
1086 770 2
1457 1340 30
263 113 2
158 108 8
285 1349 8
915 73 21
29 1097 7
1173 952 33
1381 1389 7
1039 256 2
813 519 1
1025 1191 12
1193 722 50
337 1315 6
1219 1315 5
1036 1252 2
259 365 2
335 1120 2
915 1502 2
823 1550 7
586 516 2
1259 1233 2
925 254 12
878 1389 7
909 438 2
1570 1161 7
1026 148 2
1152 568 7
217 859 2
856 412 5
915 1388 7
1266 1396 8
420 1568 2
859 1417 27
1153 1127 8
1454 101 2
217 395 2
824 573 15
1187 139 5
1252 63 8
1567 113 2
207 497 2
1292 139 5
88 1379 7
519 854 7
370 116 20
1502 61 15
183 1077 2
377 1227 52
1438 1097 7
359 958 5
211 172 8
1474 70 2
1239 59 8
688 281 55
531 699 2
285 1362 2
190 399 2
1317 183 27
494 248 12
1570 47 8
1230 387 8
859 1076 2
37 284 6
399 411 2
829 627 6
584 309 16
519 1416 2
183 905 2
627 577 2
191 958 3
986 337 38
1056 603 6
862 817 8
183 1296 8
621 1624 7
1337 60 55
603 500 2
1282 295 1
1400 825 7
53 1191 2
148 947 2
506 957 8
841 648 2
721 140 27
352 290 27
1144 865 6
1424 438 7
1310 119 8
1393 667 27
577 798 2
1500 1135 2
56 192 30
977 88 3
157 838 8
1510 172 2
485 689 2
730 326 8
143 158 8
154 1384 8
1296 59 59
735 646 8
1537 387 8
1047 1242 2
823 179 7
419 412 5
1130 59 1
702 429 7
907 492 2
233 1349 7
1045 663 8
127 646 8
823 908 8
897 1310 7
676 377 2
126 357 2
108 1109 7
1503 259 8
447 1173 2
458 355 7
361 462 8
854 412 5
547 812 1
438 871 7
418 1446 1
900 1389 8
765 626 7
446 937 7
325 1187 7
1008 685 8
442 51 7
588 730 8
447 808 8
458 357 29
1496 586 40
162 1225 0
1104 726 2
1004 1437 8
81 775 12
499 1170 0
226 126 2
931 32 8
125 139 3
1258 183 8
1402 241 35
360 70 35
367 1005 36
722 418 30
102 1156 8
563 462 8
140 365 5
528 113 2
1563 1384 8
706 622 35
1170 133 1
674 658 0
1176 1093 1
285 1075 2
324 418 30
1103 462 8
321 101 8
1313 957 8
1303 1384 7
1002 191 14
507 330 8
606 1135 2
172 936 8
157 1097 7
139 369 2
718 537 12
500 841 2
488 1131 2
70 1500 30
650 53 34
259 1375 27
138 295 1
1551 674 4
1232 1610 56
675 911 31
1052 259 2
829 455 33
64 1282 30
932 1342 7
780 911 31
140 1337 2
1284 666 12
1193 375 50
1252 1460 2
479 56 33
126 1053 2
20 682 7
988 568 15
1516 694 39
271 416 2
1166 1437 8
454 1295 2
1316 810 15
1383 377 8
337 533 27
276 1127 8
1252 1054 7
383 1456 30
703 112 8
596 646 8
575 581 2
391 1126 30
1020 1127 8
581 37 8
1340 1316 7
849 64 30
563 1163 2
913 409 2
472 685 8
383 111 15
381 418 30
1454 150 2
1239 1342 7
1108 1389 8
197 1212 8
1135 65 2
222 462 8
1305 88 5
787 730 8
1442 295 1
399 284 16
1126 1402 44
108 3 8
720 1578 5
1126 1006 44
1075 1510 2
1326 568 7
550 1550 8
657 958 3
902 1212 8
997 531 7
70 200 2
833 810 15
762 462 8
1476 893 30
434 855 3
442 75 3
377 938 6
325 769 8
313 663 8
98 37 8
1304 442 7
419 1384 8
362 272 31
810 743 5
859 625 2
519 627 7
1084 983 33
409 150 2
183 116 7
497 516 2
1521 957 8
205 1522 77
729 911 2
716 929 7
638 37 8
514 937 8
1400 770 7
1394 114 27
365 1097 7
377 1541 2
277 458 33
1084 22 8
259 627 6
259 1402 2
258 366 2
1244 1376 15
1244 99 0
1050 272 1
148 450 7
365 1389 7
178 952 14
439 667 30
1460 56 30
1039 829 2
128 256 2
20 1310 7
126 78 2
1537 40 8
1053 1405 2
1326 958 5
650 111 15
1162 206 54
240 730 2
1383 568 7
727 353 59
1485 1160 2
841 916 8
565 569 2
1130 4 1
530 925 10
1382 535 7
1468 1084 7
674 901 2
900 1047 2
1023 929 7
1040 1396 8
990 1004 57
903 59 7
702 610 75
1566 238 57
810 3 8
1140 366 33
1075 284 30
126 297 8
810 341 3
552 1253 2
1225 259 48
1082 1231 41
915 3 8
915 341 3
1438 1342 7
551 770 2
325 1132 7
383 309 30
1123 937 7
1282 830 30
598 1124 30
550 179 8
859 1029 2
845 554 57
862 1062 59
318 1640 80
295 590 2
183 875 6
86 1419 8
258 915 30
69 894 2
315 366 2
722 1126 16
527 1097 7
724 558 1
70 782 7
409 1242 2
1110 1212 8
420 762 2
1429 1310 7
1210 59 7
1437 122 33
1322 183 2
841 1393 2
659 47 8
1295 1309 2
183 1577 8
69 1217 8
409 778 2
618 894 2
618 498 2
510 1156 7
321 46 8
618 848 7
1156 419 5
1184 335 2
148 1124 2
139 314 2
1265 792 6
241 1205 64
367 1384 7
1445 453 34
1398 667 2
912 683 0
573 998 1
311 1047 30
685 603 6
616 148 2
808 1395 7
601 646 7
501 1457 8
738 119 8
718 1090 2
917 667 27
228 1252 2
830 480 2
838 533 3
320 779 6
340 146 7
746 1397 5
1454 1474 2
122 958 2
674 853 12
689 908 7
925 1112 23
836 1330 30
1045 1236 8
925 1124 33
803 1345 2
574 696 2
1079 952 30
139 639 30
1272 1212 8
344 568 7
902 204 7
502 939 15
600 453 35
563 420 2
218 836 2
189 321 6
1479 259 2
1474 1047 2
598 147 8
936 1389 8
440 492 2
199 1340 2
1561 1246 37
1237 462 8
684 952 14
311 1126 2
540 172 2
209 1246 37
230 838 8
442 1358 2
430 1252 2
1322 937 7
416 1364 2
530 1328 2
1439 535 2
1001 366 33
516 648 2
995 1213 7
433 1389 8
395 898 2
410 750 2
112 730 8
74 239 2
138 830 30
555 1419 8
1297 674 1
519 348 7
1090 812 2
646 685 8
1084 1351 2
1125 1291 14
70 437 2
117 1448 30
285 1252 2
395 1122 2
172 1217 8
192 462 8
1082 574 2
98 810 15
205 893 14
780 823 30
1188 957 7
704 377 1
159 979 2
775 669 76
365 651 1
402 881 3
939 837 6
205 1467 77
838 891 8
1394 455 27
731 1384 7
377 1090 2
915 1359 1
255 565 2
241 1447 1
945 458 33
401 114 8
165 1008 39
507 1419 59
40 330 8
266 377 2
28 958 3
1045 488 38
1275 925 7
205 1399 77
33 841 2
507 1127 8
707 492 2
21 1131 2
592 1310 7
836 249 8
359 113 2
1137 1437 7
259 883 2
595 1389 8
145 1310 8
917 730 2
565 514 2
89 1310 7
217 689 2
1481 1461 2
221 1075 2
262 1610 56
1152 1127 8
957 643 5
849 241 30
151 412 5
1153 957 8
675 1126 2
492 666 10
1481 350 33
1454 723 2
763 321 6
9 37 8
233 1212 8
333 384 3
253 958 5
774 458 2
350 863 14
550 129 2
992 434 2
937 1487 5
1135 1321 8
438 297 7
1124 60 44
177 239 2
750 1330 2
602 1005 36
730 1567 1
259 293 0
867 1040 2
759 638 27
23 750 30
1328 742 2
61 372 1
1317 409 27
85 958 3
1006 1437 8
69 479 2
1215 720 7
1388 139 5
78 1131 2
190 958 3
913 911 30
1541 434 2
841 942 2
69 433 7
1314 950 33
246 568 1
1084 663 8
256 638 27
859 1198 2
69 766 8
162 1061 2
724 430 7
816 412 5
43 335 7
727 1371 33
499 1047 33
1399 568 7
972 1008 39
1340 485 30
391 399 2
1295 848 7
485 937 7
1460 325 20
148 1069 2
880 88 3
577 1024 2
256 365 2
273 395 2
627 730 8
1007 70 35
147 325 2
1461 167 30
241 805 2
601 241 2
128 829 2
1274 973 74
171 37 8
916 682 2
22 535 2
994 929 57
276 37 8
1131 261 21
772 505 77
377 42 8
651 1586 5
925 381 33
207 690 1
891 531 1
447 1003 2
464 1033 2
337 423 27
438 1039 2
98 1437 7
346 1128 8
226 420 2
689 97 7
20 149 8
575 471 2
429 1075 2
1371 139 3
806 541 2
1122 438 7
667 39 7
420 336 6
543 1389 7
1266 147 8
1254 833 8
1266 881 3
883 1126 2
349 444 23
907 937 8
124 139 3
1401 241 35
457 462 8
9 957 8
417 551 27
416 913 2
665 1437 8
880 519 2
550 653 2
823 1360 30
40 1389 7
1160 412 5
395 843 2
1555 584 53
189 531 7
179 1395 7
303 932 8
718 445 0
647 937 7
435 44 8
281 980 27
779 90 8
973 255 2
205 119 8
1416 1340 2
789 730 8
526 1525 2
869 535 2
489 573 15
1552 937 8
1179 318 7
404 1135 2
176 730 2
1216 957 8
1058 568 7
720 1482 7
702 253 5
236 469 5
411 929 7
634 1212 8
268 433 7
603 1004 27
326 139 3
1084 622 34
739 1212 8
172 766 8
813 70 1
1211 335 2
159 1028 2
395 1062 8
552 1132 0
1496 514 38
1271 494 2
403 1128 8
704 718 1
712 37 7
729 108 8
365 1033 2
1277 790 22
241 1100 1
151 1384 8
259 604 2
637 397 75
841 191 2
802 441 0
817 37 7
24 494 2
126 883 2
601 1219 7
1459 513 30
186 937 5
519 596 30
1193 893 50
568 1444 1
922 667 2
259 536 2
349 1191 12
494 326 8
171 957 8
418 883 30
255 442 2
1145 1156 7
276 957 8
505 3 8
183 1152 26
505 341 3
453 831 2
1468 682 7
551 1305 7
1322 412 5
674 499 2
1485 1446 2
341 1395 7
1133 1342 7
290 881 5
957 296 5
672 1033 2
140 179 8
1483 377 2
913 239 2
555 667 27
784 377 7
563 1384 8
47 683 0
377 445 0
369 830 30
350 21 8
279 950 16
1284 594 10
346 377 8
1090 1566 37
81 598 2
650 1357 2
519 530 1
258 117 30
727 991 5
279 1295 27
1144 602 35
535 514 2
88 1446 7
1474 241 2
526 154 2
686 1176 5
829 506 6
508 1491 7
1470 958 5
1394 804 27
227 61 15
494 699 2
623 911 2
1144 138 35
1075 854 27
1314 1291 33
1340 32 8
619 929 7
183 1076 2
867 958 3
401 1448 2
152 366 2
724 421 2
938 1045 53
1380 1162 2
162 1402 2
139 1515 2
551 1335 5
158 516 2
519 1292 30
729 1033 2
841 423 2
1302 958 3
505 704 2
1383 862 7
1394 1028 27
623 838 8
750 1204 30
739 70 2
929 789 2
727 360 2
1052 1405 2
258 838 7
237 377 1
922 1295 2
126 200 2
838 1396 8
1191 754 5
368 1496 2
1035 911 2
241 390 2
848 37 8
686 936 8
383 311 30
1468 1310 7
350 722 2
932 462 8
665 1163 2
1364 325 2
891 476 1
900 1565 2
584 83 8
483 213 8
178 412 5
908 501 7
108 1217 8
575 119 8
672 350 2
322 779 6
526 517 1
1254 90 8
152 915 30
152 519 30
546 1126 2
546 730 2
780 492 2
1201 394 1
552 368 33
347 88 3
1004 1212 8
265 531 30
1444 453 2
519 1554 1
502 1565 2
797 855 3
69 1120 2
82 1056 2
519 1549 7
281 1029 27
526 741 1
541 296 7
189 476 7
796 159 20
462 1475 5
922 241 30
39 603 6
731 362 7
830 272 31
841 1515 2
958 1283 7
1496 8 5
382 738 7
501 1418 7
398 70 2
267 438 27
1394 471 2
1547 98 8
738 855 3
503 70 2
635 1437 8
139 540 2
939 39 6
852 377 8
162 323 2
503 362 2
119 1127 6
494 47 8
815 1453 2
155 933 2
27 1496 2
1172 1097 7
122 1252 2
960 82 7
1480 1047 33
402 761 15
1520 1156 8
381 259 8
279 915 50
279 519 50
1166 1212 8
1382 1389 7
1125 929 7
720 21 8
632 483 15
485 172 8
841 63 8
737 483 15
301 929 77
855 453 30
1004 1471 7
344 1127 8
432 957 1
534 1170 0
541 1388 7
1144 533 3
416 798 2
900 126 2
878 937 7
279 1291 16
895 139 3
1221 1131 2
390 321 6
330 932 8
205 359 7
1333 462 8
423 516 2
519 912 2
1144 151 35
1219 3 8
650 1256 7
1219 341 3
1295 1417 27
65 59 7
686 1225 5
1179 891 7
650 191 33
252 223 26
437 330 8
750 464 2
519 844 2
921 125 30
281 988 2
1179 1183 7
69 369 2
74 689 2
530 462 8
581 366 30
619 420 2
647 172 8
259 506 6
603 616 2
927 1295 1
505 357 2
1394 681 27
284 531 2
1394 285 27
252 488 27
255 395 2
544 883 30
829 716 7
267 59 7
1488 812 1
721 256 27
24 444 23
814 1156 7
144 172 8
442 513 26
102 911 31
1246 766 57
290 18 8
595 239 38
1055 362 7
421 64 30
1188 750 50
925 1090 2
1042 350 2
380 859 2
498 1389 8
340 1000 7
485 409 2
240 505 2
418 1456 30
849 535 30
317 139 5
476 49 2
228 399 2
569 1230 2
918 750 2
359 730 8
1035 1252 2
350 766 8
238 1389 7
189 779 6
1152 957 8
1102 565 57
108 433 7
458 75 7
593 838 8
856 1156 5
1217 1395 7
1131 1184 2
1407 453 35
143 1314 5
689 424 8
552 248 12
551 545 2
1252 119 8
790 442 7
814 88 3
438 173 2
418 1098 1
206 205 2
633 1125 6
22 750 30
409 1121 2
900 1437 8
1225 362 48
1114 702 12
674 622 34
81 444 23
703 1190 41
631 394 1
168 59 7
718 820 15
61 593 7
646 228 8
531 1443 2
393 929 7
631 686 1
294 462 8
295 297 2
35 541 2
1081 1156 7
124 335 5
849 838 2
285 399 2
42 1389 7
982 140 8
505 1345 2
273 689 2
711 1454 2
395 269 2
1547 147 8
43 957 7
727 1001 2
159 230 2
1312 37 8
1394 1309 27
1461 357 30
157 1213 7
841 1054 7
1399 1127 8
148 189 27
930 207 38
486 873 33
565 1436 2
163 139 3
1301 462 7
64 606 30
690 1608 2
1284 1161 8
88 1325 5
126 773 2
527 1170 66
772 1127 77
486 209 2
575 369 2
568 600 6
266 453 34
259 129 8
162 533 3
1284 743 3
923 486 8
391 950 30
929 1581 8
702 972 74
667 311 2
279 396 50
1126 1550 7
372 37 8
81 1191 12
681 1395 7
737 720 15
578 88 3
555 929 7
916 1127 8
434 1138 6
1015 383 2
259 68 24
442 1133 2
323 565 7
325 470 33
540 239 2
756 812 1
209 444 2
290 307 5
295 993 2
108 119 8
1128 390 8
727 193 5
392 573 15
724 1357 1
350 1224 30
322 60 2
633 46 6
1127 42 8
650 1247 2
1231 54 8
82 21 8
531 468 2
1114 1291 33
197 1156 8
84 1342 2
35 1128 1
330 855 3
922 418 30
519 101 2
494 297 2
66 172 2
508 1381 7
159 83 6
190 59 8
1172 1342 7
1163 1424 2
939 320 6
1183 862 7
830 1451 2
434 65 8
1312 957 8
483 1118 1
143 1161 7
1207 462 8
1405 856 2
506 330 8
393 516 2
227 646 1
736 1008 39
236 904 74
483 1550 8
284 476 2
692 792 6
1405 1148 2
162 891 8
599 958 3
154 366 2
810 670 1
575 1393 2
483 1482 8
340 945 7
1047 219 2
259 716 7
133 646 7
1137 1212 7
716 1310 8
363 728 7
713 458 33
45 823 30
1141 1230 2
674 329 2
442 1491 7
1327 958 5
917 505 2
565 289 2
1163 206 54
62 1244 36
889 1405 2
792 1075 2
1166 278 39
906 1389 7
261 925 10
633 846 6
1139 453 2
1128 1482 8
59 875 6
552 681 2
1126 471 7
1126 75 7
322 377 6
641 841 2
140 1513 5
1454 102 2
633 1138 6
205 1000 7
152 117 30
45 1047 30
1474 535 2
325 898 2
325 502 2
1131 122 33
107 917 8
61 611 1
1454 790 2
459 183 8
1304 88 5
98 458 2
281 1337 2
1562 401 2
722 950 16
438 72 7
1409 88 5
82 654 2
281 231 27
591 573 15
1304 1254 7
988 565 2
555 516 2
183 974 2
526 380 2
1328 517 2
847 1389 7
551 26 2
515 1404 1
70 840 2
653 444 23
761 958 3
1394 1030 27
777 167 8
641 350 33
1533 552 1
284 1230 7
1307 838 8
1075 479 2
1295 1029 2
1221 325 2
642 75 3
399 704 2
550 1335 5
627 532 7
458 1325 5
1054 409 2
140 778 2
1458 952 30
619 1384 8
28 1342 7
723 568 7
1084 766 8
322 412 5
1224 830 30
1265 908 6
241 684 2
191 915 30
721 829 27
1144 1199 7
362 726 2
929 136 6
820 929 7
361 140 2
26 350 2
1447 718 10
370 792 2
364 1389 7
784 925 5
279 117 50
618 833 8
779 938 6
127 256 2
546 295 1
430 415 1
124 1310 7
915 424 2
974 830 30
1232 1002 1
579 444 2
418 1447 1
98 1212 7
453 666 2
765 627 7
203 1496 2
871 1213 7
563 140 2
438 768 7
653 1191 12
939 167 8
184 1017 57
432 159 1
420 111 6
335 662 2
1087 1566 37
695 139 3
102 1126 2
102 730 2
259 298 8
1145 172 8
1213 284 6
506 1389 7
419 434 2
633 95 6
281 258 2
476 1239 30
266 1170 0
388 412 5
65 1260 7
338 1459 30
1128 627 8
427 495 8
1047 899 5
416 620 2
168 574 2
76 663 8
1437 470 33
573 719 15
277 568 7
857 1131 2
897 139 3
148 101 26
382 568 7
1514 472 1
1284 443 12
1330 1384 8
913 399 30
618 1242 2
1130 61 15
452 1285 5
159 595 53
939 265 6
1126 813 15
1283 37 7
126 1122 2
1171 1097 7
486 558 2
867 59 8
1299 476 2
117 704 30
139 662 2
241 1271 1
1061 236 12
841 65 8
1454 1557 1
1279 335 2
1288 1086 8
1400 435 7
465 838 7
1287 401 2
453 920 58
350 101 26
702 1418 7
1384 685 7
337 865 6
1229 438 6
4 46 6
162 80 8
558 236 12
922 838 2
259 311 2
575 1338 2
159 626 8
838 147 8
140 22 8
838 881 3
320 1127 6
692 273 6
1028 1163 2
29 958 3
383 1457 30
910 686 7
420 1203 6
1252 1393 2
686 83 8
1135 93 1
623 303 20
900 420 2
112 859 2
931 1125 8
1409 724 35
1459 831 2
217 409 2
125 399 2
782 416 2
990 273 57
205 653 7
515 0 0
1127 292 2
254 113 75
1565 661 2
1124 937 8
47 412 5
325 109 7
1126 1007 44
823 54 8
598 893 30
1321 937 7
383 27 41
1215 508 7
847 646 7
197 1437 8
409 219 2
464 1230 20
850 730 2
168 1156 7
632 1437 8
377 1226 12
544 781 30
595 823 16
846 603 6
1075 86 7
958 430 7
737 1437 8
86 958 3
724 155 1
602 990 37
1303 702 7
191 462 8
1383 683 2
148 497 2
4 1138 6
442 1070 5
222 1295 1
565 930 53
208 598 30
1496 1605 38
784 107 77
638 330 8
1193 355 8
1455 1340 30
706 46 6
336 1213 6
626 958 3
1328 53 35
290 244 8
162 742 23
56 138 30
261 108 8
1570 1325 5
618 90 8
1100 925 10
1265 97 6
205 144 77
135 330 8
928 508 2
159 47 8
145 929 7
849 1437 20
1044 1437 8
829 1207 8
1130 401 1
116 1131 2
432 720 15
907 438 2
541 854 27
1284 341 3
912 362 2
350 497 2
350 893 2
442 1004 27
823 21 7
1024 148 2
792 1310 7
565 1258 2
1454 1139 2
746 1062 5
531 1194 30
447 443 12
1398 259 8
438 817 7
581 859 2
235 239 2
126 298 8
482 54 8
321 1161 7
665 1230 2
126 199 2
287 724 30
453 611 2
813 88 3
203 1045 2
203 649 2
551 433 7
551 375 2
281 872 27
1179 1335 5
61 1184 1
1135 1377 8
1040 18 8
1239 1389 8
295 591 2
1284 1335 5
20 139 3
300 911 2
777 808 8
512 1246 37
519 1324 7
281 804 27
116 350 55
617 1246 37
1237 59 8
724 1247 1
862 1418 7
867 1342 7
406 37 7
958 1058 7
273 519 2
290 549 2
273 915 2
1144 1070 5
546 830 30
321 47 8
398 241 2
285 958 3
1240 1014 66
14 552 1
40 937 7
294 958 3
172 90 8
1547 269 8
635 1212 8
117 357 30
1131 286 15
1162 273 8
494 114 8
508 848 8
362 1299 2
1510 350 2
834 958 3
338 1437 7
345 472 1
1496 166 38
64 1124 30
698 1310 8
361 1005 2
125 516 2
143 1420 8
674 883 33
501 147 8
923 321 2
1391 259 2
1044 462 8
494 46 8
266 37 8
494 384 3
823 1482 8
348 551 2
337 83 27
337 479 27
591 727 2
1004 954 7
247 937 8
1252 1338 2
1138 59 48
1291 1124 44
486 53 34
98 1389 7
550 1173 2
72 1395 7
727 487 5
756 1002 1
916 88 3
667 387 7
1022 390 8
1340 1554 7
1266 891 8
1451 642 2
334 952 33
283 834 31
1135 298 8
897 838 8
516 1337 2
27 939 15
1128 908 8
228 139 3
281 831 2
140 1335 5
636 59 7
535 1455 85
1183 1156 7
77 278 2
981 727 7
447 341 3
191 183 8
159 273 6
929 1514 0
1179 1062 7
996 958 3
1264 412 5
406 957 7
390 803 2
1230 553 55
1230 949 55
292 148 2
1141 88 5
183 504 2
1247 1170 0
494 419 2
768 139 3
860 1310 8
488 667 27
267 841 27
1284 1016 12
292 836 2
584 596 16
1252 272 20
1301 1384 7
604 1135 2
159 980 2
145 259 1
455 1126 16
1525 88 2
1400 320 7
494 747 2
1537 54 8
27 692 2
167 1437 8
447 1335 5
377 1482 8
148 0 7
281 50 55
695 1097 7
1230 934 15
23 494 2
575 1223 2
1221 958 5
340 1067 7
1485 1106 2
702 320 7
1144 1062 8
508 97 8
671 1213 7
594 646 8
1479 492 2
56 307 30
1240 270 1
1152 1128 8
702 216 7
207 751 1
350 833 8
1260 28 8
322 603 6
143 273 8
438 704 2
1231 189 2
183 493 6
1225 205 48
463 462 7
1219 433 7
1454 620 2
420 1 6
377 1184 6
823 627 8
1254 102 8
985 1045 2
438 298 7
1098 637 12
296 838 7
185 1163 27
409 500 2
1304 1084 7
900 1212 8
921 596 30
650 102 2
550 813 8
303 206 2
77 568 7
584 1292 16
650 97 8
1211 1437 7
1210 401 7
646 341 3
1207 1384 8
173 492 2
494 1443 2
777 685 8
870 1511 9
1533 674 1
1413 1389 8
829 1187 7
263 1328 2
806 531 30
494 1112 23
401 1062 7
1475 1075 57
535 704 85
1126 1292 30
1449 765 19
636 37 8
925 1561 2
629 139 3
1047 1141 2
4 1315 6
1446 718 10
723 1127 8
1295 1479 2
646 1335 5
988 1461 41
1130 646 1
711 1453 2
1240 99 66
1054 859 2
475 172 2
480 492 2
1277 817 7
148 251 33
1129 298 1
738 65 8
599 952 33
48 281 55
1495 1131 2
681 1284 2
171 330 8
425 1244 36
575 540 2
724 1094 30
555 1127 6
442 1080 2
528 925 10
836 880 30
457 140 2
434 1377 6
447 1016 12
1310 75 5
819 937 8
1351 1246 37
1481 383 2
1372 401 7
1567 1328 2
340 24 7
139 877 30
440 438 2
44 1227 52
952 761 15
1156 21 8
1210 1097 7
416 914 2
1145 1086 8
221 325 2
1190 950 16
387 412 5
328 1389 8
75 37 7
1210 1389 7
346 88 3
550 666 12
11 776 5
677 694 39
303 834 2
865 1310 7
769 1252 2
143 338 5
489 958 5
1274 1065 5
747 1352 2
432 1437 8
847 140 7
552 47 8
176 1127 2
726 845 1
1177 841 27
1075 1333 2
1461 1224 30
76 1577 8
650 307 33
761 59 8
148 223 26
637 466 75
108 934 5
183 53 2
61 18 8
1135 904 9
727 1404 2
74 409 2
618 1364 2
1312 44 8
939 95 6
381 779 8
45 565 2
1045 36 16
544 311 30
938 126 2
162 275 2
1400 265 7
1443 453 34
634 1437 8
1119 823 30
162 1062 8
829 436 7
21 1437 2
396 32 8
720 833 8
720 437 8
1152 458 2
337 1120 27
829 769 8
478 937 8
40 172 8
1466 1582 1
28 462 8
205 1637 77
938 350 2
707 730 2
598 789 8
598 393 8
68 776 5
1266 1199 7
45 598 30
1266 1578 3
1292 1340 30
337 1052 27
1030 256 2
1485 1447 2
1440 383 20
401 704 35
238 759 2
508 42 8
637 224 5
217 239 2
350 90 8
1495 88 2
157 1610 56
592 531 50
519 599 1
125 958 3
859 1152 26
438 854 27
1471 590 59
463 453 2
472 808 8
1025 259 8
82 497 2
1144 881 3
192 438 6
1045 851 5
528 1328 2
390 377 6
185 420 27
997 362 7
107 588 8
812 890 14
1080 350 2
421 551 2
438 581 2
86 1310 8
199 535 2
476 782 30
999 139 3
125 1230 20
159 846 6
623 516 2
331 658 66
1176 241 1
1359 683 0
21 303 20
474 1246 5
284 568 6
401 1111 7
190 462 8
239 513 26
1295 804 2
1446 458 33
494 381 33
618 51 7
829 1132 7
16 683 0
69 1108 8
806 476 30
273 409 2
383 675 2
383 279 2
159 1553 2
836 104 2
444 432 15
505 309 2
1394 1029 27
852 88 3
770 88 5
259 1187 7
300 1126 30
21 667 27
0 1266 1
926 1295 1
829 1402 2
829 1006 2
739 462 8
708 1652 2
140 485 2
980 531 30
590 1310 7
720 1468 24
948 37 7
468 727 2
980 823 30
1228 1597 1
939 114 8
223 823 2
1383 1128 8
1253 1284 2
350 723 2
568 320 6
709 621 2
1131 499 21
228 1097 7
383 604 30
686 833 8
321 1184 52
1242 350 2
702 497 7
29 59 8
688 551 2
550 771 2
576 1156 8
396 1282 30
674 309 33
541 411 2
681 1156 8
1535 303 20
492 1578 5
651 1587 38
383 536 30
555 1086 8
85 929 7
1003 1284 2
162 1397 0
563 702 8
88 1375 27
1291 432 15
462 728 8
741 1566 7
69 1121 2
1190 1291 16
642 609 2
190 1163 2
609 911 31
1047 1239 30
550 599 2
295 713 2
1340 1125 8
300 1033 2
78 667 27
1570 1207 8
1328 920 2
724 681 1
932 88 5
555 1310 8
398 535 2
205 65 8
922 568 15
395 1081 2
1461 877 30
836 1196 2
1119 438 8
1176 1265 1
406 159 7
417 325 27
1084 858 12
1058 415 1
1075 882 2
1179 160 7
394 787 2
454 649 41
516 763 2
241 1114 1
1081 239 2
1545 1389 8
1333 59 8
49 458 33
69 75 3
1461 809 30
415 888 8
818 1246 37
1536 1384 7
1438 59 8
501 1315 7
839 1135 2
483 546 1
618 1309 2
205 670 77
503 759 2
1179 92 7
111 958 6
544 681 21
1389 848 7
370 903 2
148 1201 7
1078 1212 8
486 1021 2
1131 1200 15
720 90 8
163 149 8
1284 1217 8
591 637 12
928 1362 2
1078 765 19
830 707 2
495 958 3
1372 750 7
45 442 2
218 1131 2
126 1121 2
976 1310 5
20 750 7
1177 44 8
598 384 3
1566 1057 57
1117 1156 7
1188 823 30
259 436 7
442 1315 7
335 1133 2
909 159 2
674 49 2
906 1213 7
624 1126 30
344 1128 8
645 718 1
1404 925 10
592 476 50
472 65 8
1362 1198 54
699 140 8
298 1213 7
1128 1161 7
420 1243 7
383 179 15
552 355 7
112 957 8
1554 1047 33
902 1384 8
1304 682 7
183 986 53
880 989 2
1158 412 5
183 798 2
598 960 30
177 1395 7
300 350 2
1340 384 3
850 505 2
167 1340 2
1295 119 7
632 1212 8
535 433 3
409 322 2
1394 1042 27
69 662 2
737 1212 8
363 1475 37
721 325 27
1177 453 2
172 75 3
1262 1244 36
140 206 2
1412 855 2
684 683 0
603 221 2
1075 27 53
1193 1139 50
140 498 2
1265 336 6
294 59 8
486 1253 2
148 663 8
252 1177 27
1270 598 1
476 514 2
1084 90 8
720 619 2
139 150 2
259 1132 7
775 749 5
775 353 5
0 1170 0
370 220 2
29 1342 7
776 808 57
820 1086 8
1040 1199 7
361 256 2
980 476 30
730 47 8
941 1128 8
290 1523 5
1163 393 2
541 1315 5
760 829 5
1044 1212 8
116 568 7
368 1437 8
159 114 8
447 602 2
800 1097 7
362 769 8
702 46 7
350 663 8
135 37 8
820 1310 8
674 742 23
905 1097 7
396 539 30
1008 411 2
575 65 8
941 724 35
563 256 2
613 551 20
551 546 2
551 150 2
907 140 8
1253 1156 8
281 647 27
649 1255 2
1001 637 12
603 1236 52
560 1310 7
1131 470 33
182 750 2
1252 808 8
202 526 2
447 1217 8
344 377 8
416 804 2
1553 335 2
859 1493 2
724 334 1
69 1457 8
635 727 1
88 21 7
420 142 2
69 1358 2
1328 527 7
295 274 12
512 444 2
535 998 85
841 1169 2
84 715 2
303 719 8
158 779 6
1468 958 5
720 982 1
117 596 30
836 1141 2
1385 1356 22
1310 891 7
849 1131 2
399 1052 2
1135 881 5
982 37 8
759 488 2
628 139 3
164 1437 8
183 42 8
383 852 2
1240 881 5
836 677 2
159 127 2
747 732 7
369 172 2
483 491 1
500 958 2
1312 330 8
609 1389 8
838 39 8
139 778 2
359 1328 2
823 1330 2
148 1583 8
256 488 2
1284 433 7
1284 771 2
64 607 30
686 1095 12
1163 625 2
701 836 2
155 444 23
349 732 7
205 839 77
325 875 6
443 1511 74
259 31 2
575 1058 2
463 1384 7
1162 272 8
368 462 8
126 1457 8
551 1242 2
453 722 2
494 1325 5
402 1315 5
900 140 2
800 59 8
1209 1389 7
409 1004 27
619 724 31
790 139 3
109 1156 8
416 1036 2
880 642 2
662 958 2
1445 952 33
536 492 2
183 347 2
973 774 2
864 833 8
750 770 2
515 1214 2
117 1224 30
864 1125 8
294 1342 7
515 1506 2
829 1 6
588 412 5
834 321 6
739 1340 2
494 590 2
61 244 8
737 370 2
1080 172 2
504 1230 2
702 1064 5
155 1191 12
750 743 3
526 1324 39
730 1376 2
652 88 3
381 568 7
1394 1337 2
45 395 2
939 613 6
157 577 2
205 1639 77
271 541 2
290 32 8
209 724 35
603 166 2
1400 491 7
377 1262 2
1394 231 27
206 1246 5
246 1246 37
167 1212 8
505 199 2
720 663 8
494 855 3
268 1217 8
486 191 33
337 513 26
1295 626 2
574 1168 2
1541 139 3
52 108 8
841 758 19
702 163 7
1518 1156 8
337 1242 27
487 1419 8
1201 573 15
1040 1581 8
1029 256 2
125 1310 8
1139 126 2
515 520 0
271 1156 8
143 116 8
1138 462 48
1382 256 7
1127 766 7
1252 138 2
228 1033 2
464 577 2
565 244 7
565 978 2
565 582 2
383 98 30
458 21 7
1367 1565 2
259 1448 30
1163 265 8
208 59 7
126 18 8
205 1001 7
395 223 26
1242 172 2
458 23 29
333 114 8
447 433 7
1116 102 2
447 771 2
952 980 5
531 1061 2
464 1291 14
447 766 8
1336 1002 7
183 1371 2
278 690 1
859 1042 2
281 128 27
1068 721 1
769 399 2
1437 116 7
629 1310 7
1211 1212 7
603 1258 2
1453 685 8
861 494 2
1295 1030 2
76 1062 3
267 1097 7
618 219 2
273 239 2
1405 739 27
372 1097 7
607 1284 2
601 143 7
820 1295 1
1163 930 53
499 823 33
938 1127 52
1200 139 3
392 1310 8
31 1135 2
1009 519 35
372 1389 7
933 614 7
727 1439 33
544 1457 30
841 1338 2
1287 1126 33
468 637 12
1127 296 5
335 1004 27
720 1583 8
1252 834 2
350 1309 2
808 1454 2
205 96 77
82 690 1
1028 140 2
340 263 7
1033 856 2
402 1014 0
122 1075 2
454 565 2
21 516 2
1266 387 8
674 1250 2
348 667 2
1179 1321 71
852 598 30
790 1084 7
383 726 30
1252 662 2
350 1236 8
931 102 8
1330 401 1
438 769 7
531 272 31
183 855 5
424 823 2
823 1204 30
108 75 3
563 829 2
1451 70 2
1351 444 2
672 823 7
550 562 23
889 259 2
440 505 2
430 973 2
1315 1461 52
898 911 2
1565 722 2
646 433 7
917 88 3
1084 1140 2
85 1384 8
894 929 7
1436 1310 7
76 1420 8
890 777 2
372 1419 5
172 178 1
516 661 2
596 642 30
289 325 2
939 1220 15
303 1396 8
432 1212 8
159 97 6
1399 603 6
872 453 2
1069 651 53
686 324 5
981 447 7
592 438 6
107 63 8
983 108 44
634 1384 8
399 1333 2
915 974 30
1045 671 16
958 1406 7
862 32 59
462 287 5
727 1575 2
390 1310 8
961 207 7
292 259 8
958 638 27
108 1397 5
928 1260 2
1459 357 30
704 494 1
483 668 1
259 1 6
1078 646 8
162 446 2
486 1247 2
145 416 2
1400 40 7
1119 598 30
551 379 5
981 765 19
568 846 6
1081 689 2
1356 432 15
834 531 7
698 929 7
482 1161 7
599 462 8
917 519 2
479 350 33
575 902 1
501 891 8
415 51 5
980 366 30
922 1131 2
925 201 12
707 505 2
672 1565 2
915 1345 2
1254 1305 8
341 140 48
694 1398 39
1428 1566 5
565 235 2
702 40 7
1468 750 7
314 1131 2
1565 1418 2
464 126 2
766 252 6
216 476 2
1040 1062 8
905 1033 2
665 603 2
1253 363 2
1126 21 7
438 86 7
796 1384 8
527 836 1
442 104 2
621 937 5
515 293 0
297 911 1
363 311 35
623 651 53
295 1567 2
1247 140 8
207 48 2
1336 259 7
823 50 14
362 477 71
396 1124 16
438 18 7
727 1105 0
862 728 59
409 616 2
70 98 2
147 1126 16
1144 670 35
303 322 2
1008 228 8
292 1252 2
70 390 2
1084 92 8
922 1045 41
761 462 8
544 782 30
148 83 6
721 551 27
1394 872 27
270 438 2
531 998 29
35 724 2
303 249 8
724 547 7
140 1120 2
420 355 8
374 486 2
505 480 2
454 1126 16
797 1325 5
23 550 2
486 368 33
577 1037 2
577 641 2
1460 350 30
1023 1395 7
1230 606 25
1054 183 2
363 614 7
64 893 30
1146 147 7
106 492 2
56 1119 30
1029 829 2
143 793 8
1131 1479 2
903 759 2
362 604 2
495 59 8
350 498 2
268 119 8
823 22 7
1025 730 8
1325 958 5
1382 829 7
457 256 2
470 350 2
158 412 5
421 730 2
330 1418 7
552 888 23
931 47 8
470 642 2
899 259 7
1000 637 12
438 1052 2
454 442 2
126 533 3
553 584 2
314 88 2
859 681 27
1140 952 33
1535 370 20
442 1024 2
457 183 8
458 200 29
300 1496 53
1210 1213 7
574 289 8
1337 59 7
482 1491 5
535 1314 2
330 80 8
762 1384 8
367 1244 36
550 1161 8
395 856 2
1537 1161 7
869 256 2
876 37 8
836 1367 2
500 1252 2
877 718 2
406 330 7
1132 149 8
1302 1384 8
915 919 30
399 882 2
618 792 2
750 341 3
519 284 2
492 722 2
172 487 8
739 1230 2
176 779 2
541 1124 14
1503 929 7
1042 1565 2
1496 235 38
154 325 2
360 434 2
1259 505 2
1160 458 33
796 1284 21
907 1135 2
915 1025 1
56 1455 30
543 720 15
147 1461 8
1500 399 2
829 197 8
722 1127 8
313 1314 5
32 281 2
307 646 5
205 669 77
750 1335 5
667 461 1
1284 562 23
418 604 30
489 730 8
829 129 8
69 513 26
923 568 7
911 1196 2
101 686 7
112 409 2
453 844 2
338 59 7
1271 453 34
890 1126 2
1031 256 2
205 599 7
844 60 71
67 441 0
578 957 8
881 1116 7
232 694 39
325 393 2
568 114 8
718 432 15
1047 761 15
1216 937 7
185 140 27
823 432 15
183 1198 54
36 911 31
859 1036 2
66 759 2
281 122 27
988 60 2
519 1376 2
1295 1152 26
542 1008 39
879 416 2
1508 779 5
867 706 2
157 434 1
546 88 3
1156 1409 5
603 1044 53
1090 1002 2
637 481 74
503 1230 2
377 1160 2
69 145 2
527 1437 8
1179 1396 8
1295 628 2
368 1179 31
1376 1266 1
1031 412 5
381 1127 8
692 623 6
618 63 7
939 735 6
1265 111 6
1540 139 3
838 789 8
255 859 2
370 391 2
263 925 2
295 1214 0
605 59 7
1055 476 2
727 660 59
582 568 7
237 494 1
1265 43 6
1163 168 2
395 32 8
834 1437 8
702 681 7
702 285 7
1146 92 7
468 447 2
893 1230 7
1131 1424 2
230 1437 2
637 280 5
1371 1097 7
464 803 2
1215 88 5
790 682 7
383 324 30
1135 1000 2
674 1140 2
124 1097 7
565 1199 8
42 724 50
1227 568 7
598 1139 30
401 533 5
438 763 7
341 37 7
51 730 30
1040 32 8
653 732 7
550 491 2
713 1170 0
361 646 8
1338 1213 7
322 937 7
855 584 5
1179 455 71
712 88 5
325 287 7
325 625 2
550 983 33
362 758 71
1328 766 7
82 1236 8
531 1287 2
77 929 7
300 1045 53
1497 937 5
1077 911 1
552 381 33
447 562 23
183 1493 2
69 1133 2
370 597 41
281 1042 27
650 390 8
769 958 3
626 929 7
646 296 8
1476 53 30
1253 718 10
115 472 1
35 172 1
572 724 35
1212 75 3
267 159 27
618 1133 2
510 1395 7
164 1212 8
189 462 8
1292 779 8
395 728 8
444 1176 15
1377 88 5
735 838 8
1177 438 27
337 824 6
162 39 8
357 925 2
997 412 5
155 550 2
46 568 7
1146 32 7
127 1135 2
808 1342 7
931 355 7
834 462 8
720 102 8
1357 1352 2
321 1325 5
1025 236 12
949 519 35
114 1131 2
919 937 7
1162 47 8
471 1212 8
259 197 8
219 1131 2
790 1310 7
911 849 2
1156 90 8
193 550 57
1487 1389 8
438 995 7
648 603 6
667 1062 59
911 1141 2
438 1333 2
1047 600 44
28 59 8
218 1075 2
80 957 7
258 1454 30
1340 1500 7
440 335 2
1546 1213 7
1001 113 2
545 335 2
325 0 7
552 116 8
1237 1389 8
1106 113 2
411 1395 7
654 667 2
929 1132 0
285 929 7
1215 107 7
779 92 8
295 1061 2
88 424 7
1084 1274 12
205 80 7
1274 1066 5
205 855 3
118 139 5
1230 101 33
172 1133 2
46 603 6
618 1491 7
1525 667 27
1054 412 5
483 670 1
1156 1062 5
976 295 2
869 829 2
1136 1578 5
750 936 8
162 740 2
996 462 8
1394 74 27
1099 1437 8
1295 177 2
829 109 7
613 1395 7
487 929 7
1080 239 2
55 139 3
1284 858 12
810 910 1
730 1443 2
642 1282 30
618 54 2
592 929 7
486 681 2
544 1314 5
514 37 8
952 1099 2
222 394 1
544 604 30
544 208 30
259 898 2
444 97 15
1295 63 7
337 1121 27
988 383 41
930 1591 38
531 861 30
137 462 7
737 1156 8
246 444 2
865 139 3
1384 808 7
575 1169 2
825 730 8
140 150 2
205 1638 77
1137 1384 7
1077 765 19
418 781 30
836 92 8
637 225 5
674 397 2
1338 1496 53
1454 296 7
665 829 2
472 855 3
1565 101 26
1459 191 16
1128 1555 2
1479 1126 2
1479 730 2
184 561 57
418 1283 1
67 1014 0
172 1491 7
1232 1045 48
636 1097 7
1328 419 7
631 183 1
1104 167 2
958 293 0
1101 278 74
880 1395 7
1341 1097 7
191 366 2
1211 1033 2
973 1177 2
765 728 8
111 952 14
602 1244 36
635 447 1
1437 287 7
159 1431 57
541 3 8
541 300 2
541 341 3
303 881 3
836 569 2
1262 412 5
458 22 29
841 889 2
170 646 7
333 1325 5
494 993 2
1570 116 8
674 99 0
173 730 2
1399 438 6
1169 1131 2
285 516 2
399 480 2
1204 462 8
305 694 39
1295 1493 2
237 447 1
370 636 2
736 1212 8
638 458 2
140 1242 2
139 206 2
483 211 1
1383 1156 7
514 957 8
252 1525 27
1457 830 30
1084 834 8
841 1108 8
1196 958 3
1379 1454 2
1284 491 2
1301 958 3
1447 1170 0
596 259 8
270 1617 3
106 718 2
565 1449 2
1448 366 30
240 458 2
484 401 84
480 730 2
1481 59 7
483 179 8
1045 737 2
442 1026 2
609 937 8
70 1443 1
552 1445 2
689 1138 2
568 613 6
1461 553 2
1352 909 2
780 458 2
447 858 12
1349 1455 2
1258 325 2
205 1404 7
362 1119 30
265 603 52
541 704 2
551 894 2
551 498 2
435 59 8
281 1391 27
618 338 5
70 1271 1
551 848 7
1565 497 2
1047 743 5
416 464 2
1124 377 8
1436 1131 2
259 1578 5
1298 139 5
170 1342 7
295 1110 2
1210 939 7
1217 937 48
278 697 1
1403 139 5
880 362 2
350 1341 30
1450 239 2
1084 200 33
650 572 2
1555 239 2
1508 377 5
1211 350 2
1219 65 8
686 495 5
620 88 2
922 535 30
1405 1333 2
377 666 12
164 1389 8
1244 489 15
183 390 8
1037 1075 2
1295 619 27
147 1260 2
470 1340 2
428 453 35
295 998 29
154 551 2
601 838 7
1287 933 2
159 475 2
235 1230 2
1343 205 5
297 646 8
841 138 2
162 617 2
1376 4 1
701 1252 2
1061 1084 2
1400 211 7
252 154 27
915 1251 1
859 68 24
1495 667 27
259 1239 2
505 18 8
697 1608 2
722 957 8
256 1227 8
590 278 2
729 692 19
817 568 7
69 1070 5
1047 949 44
1493 1131 2
689 1078 2
558 1084 2
925 360 2
519 1499 10
1316 483 15
418 726 30
1391 377 8
211 1116 78
1454 287 2
941 37 8
817 937 8
337 894 27
1338 1045 53
1252 249 8
218 1310 7
593 108 8
888 732 7
994 584 12
463 399 2
23 418 30
69 1004 27
689 90 8
31 810 15
301 366 1
156 1295 1
219 325 2
774 350 2
70 291 7
1098 236 12
362 1578 5
464 958 3
447 491 2
1313 1389 7
863 1310 7
921 883 30
1340 47 8
993 1002 2
1570 129 8
1008 3 8
750 1217 8
859 762 2
765 277 8
183 1482 8
303 92 8
159 792 6
1459 1224 30
531 713 2
913 803 30
162 1313 2
434 873 14
603 978 2
360 1310 7
829 1124 2
1400 907 7
1394 647 27
1295 808 7
1058 667 27
958 894 7
813 937 1
719 340 2
573 903 1
865 838 8
1461 23 30
255 689 2
552 0 0
270 541 2
162 1199 7
162 1578 3
784 175 77
546 598 30
355 1453 2
1232 412 5
702 907 7
347 1395 7
125 929 7
172 1070 5
446 1246 37
1148 1230 2
1467 1328 1
674 31 33
702 1199 7
1025 568 7
458 833 7
64 960 30
435 1342 7
563 325 2
1028 256 2
779 1388 7
359 925 2
729 412 5
840 205 14
122 399 2
279 830 30
1493 88 2
519 1173 1
438 489 7
438 1223 2
281 648 27
550 1009 2
70 528 1
172 1004 27
1357 732 7
1266 39 8
981 1213 6
300 1047 2
325 1201 7
61 960 1
183 681 27
1104 344 2
623 779 6
1295 338 5
642 555 2
1087 1002 2
27 483 15
325 428 33
706 704 35
476 960 30
1097 908 7
524 551 2
541 581 2
55 1075 2
847 1342 7
399 1121 2
1303 1570 7
618 1031 2
1323 937 8
869 823 2
1219 1217 8
1476 279 30
483 560 1
281 307 2
155 552 2
399 1053 2
1163 986 53
794 606 35
972 541 2
1187 568 7
1075 1120 2
395 563 2
355 937 5
1084 753 23
273 937 7
160 453 2
1200 149 8
159 128 2
934 4 1
722 929 7
584 36 16
891 412 5
475 759 2
126 843 2
324 724 30
371 1097 7
601 1179 7
1162 930 53
551 203 5
707 59 7
33 350 2
772 1093 77
36 492 2
259 450 7
325 1236 6
512 724 35
1256 416 83
766 1310 5
46 1127 8
978 823 30
689 685 7
1251 1284 2
126 1062 8
675 1135 2
418 671 30
148 50 70
1354 552 2
952 1307 14
841 1118 5
247 568 7
1179 701 30
1035 462 8
1340 1376 2
1128 757 2
221 516 2
258 649 71
610 845 5
88 1114 7
205 374 7
548 667 2
460 598 2
914 765 19
281 1568 27
208 458 2
88 1406 7
821 1566 5
1126 1124 44
416 1037 2
295 1287 2
607 911 31
877 1585 2
763 829 2
809 750 30
519 463 2
750 433 7
650 1541 2
638 1097 7
189 1384 8
183 1036 2
641 335 2
524 1075 2
1459 877 30
750 766 8
281 189 27
294 1384 8
1068 386 1
1183 1620 7
638 1389 7
406 1129 7
507 1395 7
381 929 7
1394 300 27
179 937 8
494 591 2
527 1212 8
390 929 7
1310 255 2
399 78 2
408 37 8
721 667 27
272 1128 2
1055 377 7
59 52 59
1226 1068 5
278 620 2
913 183 5
1180 140 8
271 1230 2
259 1124 2
841 315 2
603 855 2
454 950 16
1282 650 1
505 200 2
623 730 8
1144 136 6
1254 1388 7
1084 36 8
259 1416 2
911 938 1
1376 1265 1
101 1162 1
1144 824 6
617 278 2
1076 765 19
814 1395 7
803 903 2
595 82 38
834 1212 8
1009 990 37
128 958 2
908 420 6
520 683 0
148 833 8
148 437 8
928 958 3
476 684 2
915 49 1
494 293 0
565 979 2
775 904 74
1022 1550 8
852 1231 41
470 70 2
1026 1131 2
338 462 7
823 471 8
1138 958 3
438 480 2
54 412 5
88 1346 7
930 416 40
470 362 2
1225 377 48
689 272 2
1002 1607 2
674 200 33
1022 1482 8
82 620 2
661 911 2
689 663 8
753 438 6
435 1156 8
1452 37 7
855 651 5
1447 1047 33
99 1437 8
308 1454 2
996 1384 8
1444 241 2
759 210 2
510 1342 7
862 789 2
218 149 8
278 1024 2
1197 929 7
145 1127 1
1156 209 5
1179 155 7
864 47 8
889 148 2
1076 1471 7
1177 281 27
159 638 27
721 1295 27
1295 1381 7
1075 773 2
1390 246 1
1298 1127 7
1051 916 1
395 112 2
33 399 2
1463 412 5
1461 596 30
151 434 2
39 1156 7
582 667 27
692 111 6
1399 929 7
938 1565 2
34 1589 38
1502 401 2
1545 1212 8
259 45 2
1527 88 3
216 412 5
1496 643 38
727 1063 59
838 277 8
1284 717 2
1271 823 33
1527 438 8
978 476 30
32 59 7
982 1419 5
126 324 2
1146 891 7
29 646 8
261 1437 8
483 743 3
1031 148 2
126 616 2
470 1454 2
1284 282 23
434 1153 6
454 957 8
1028 829 2
674 1292 33
454 1254 2
239 628 2
901 434 2
442 1148 2
158 1156 5
438 770 7
903 1097 7
207 1488 2
1459 101 2
958 773 5
438 1062 7
903 1389 7
1082 939 15
80 732 7
769 321 6
432 453 1
88 663 7
650 1262 2
434 1418 7
673 37 8
286 1295 1
99 462 8
1084 1491 7
516 662 2
185 256 27
318 283 80
395 912 2
295 452 12
1284 614 67
769 1419 8
532 344 2
859 360 2
847 650 2
1126 50 14
434 80 8
1179 387 7
1438 646 8
922 1437 20
592 1127 6
1394 641 27
1099 1212 8
1184 1395 7
1351 724 35
267 958 27
1249 1419 5
1058 929 7
980 37 8
1304 401 7
1515 1033 2
159 701 2
126 1416 2
31 453 2
1287 775 12
603 112 2
1380 603 2
1400 437 7
1394 177 27
53 803 2
71 453 34
252 380 27
259 1069 2
162 739 2
1193 21 8
721 148 27
720 213 8
252 672 27
816 568 7
1436 139 3
686 8 7
424 412 5
1033 739 27
1188 642 50
1284 75 3
667 908 7
273 172 8
1472 1246 1
880 794 41
502 531 30
278 883 14
1454 805 2
350 158 8
450 531 2
1131 1076 2
1123 568 7
555 531 2
463 958 3
1407 241 35
1454 737 2
633 1377 6
1008 297 8
281 101 26
718 1502 0
162 441 0
1093 493 6
718 1176 15
1093 97 6
1480 453 34
1458 574 2
552 1207 8
438 357 2
22 642 30
631 646 1
1443 952 33
1570 355 8
202 1008 39
281 74 27
1304 1097 7
281 762 27
420 424 8
1337 139 3
1536 37 52
515 81 2
1071 746 2
622 205 2
1191 920 74
252 1076 27
670 1244 36
420 716 8
522 929 7
543 750 30
502 1230 2
720 1305 8
374 1047 33
1075 322 2
933 1475 37
355 139 5
656 1047 14
194 1610 56
1412 978 2
1180 718 2
650 42 8
719 957 8
957 318 2
1515 350 2
1045 1594 38
145 1395 7
980 1459 30
1496 1503 38
784 401 77
1042 1230 2
377 129 2
707 1156 7
335 513 26
1454 393 5
1539 139 3
702 737 7
674 1264 2
18 1310 8
713 140 8
292 139 3
173 830 30
931 116 8
939 182 8
1025 1127 8
335 677 2
1253 1352 2
689 179 7
761 1295 1
208 1389 7
337 145 27
1316 702 5
551 1133 2
1025 1419 8
551 737 2
836 893 30
1459 150 2
494 1554 0
401 881 5
438 1449 2
438 1053 2
665 1128 2
813 44 8
325 722 33
541 479 2
206 689 2
707 88 3
420 729 2
1506 573 15
300 1565 2
1144 32 8
541 433 7
1565 272 2
954 1227 52
417 565 27
447 75 3
929 910 5
1101 973 74
642 1073 2
533 1033 2
409 1141 2
1066 721 1
938 823 16
181 929 7
1247 88 3
395 857 2
281 893 2
424 1384 8
872 399 2
1177 958 27
172 848 8
620 259 2
1461 1341 30
981 335 2
1179 728 7
929 1180 0
483 1078 1
499 113 2
30 1033 2
735 1213 7
265 1097 7
1084 1305 8
1394 190 27
155 732 7
224 377 5
285 1310 8
158 366 2
1460 1047 30
791 958 5
387 1127 7
1187 1127 8
1547 167 8
613 1156 8
932 1213 6
671 1179 31
1394 122 27
568 792 6
126 1315 7
519 678 30
162 387 8
544 324 30
440 486 1
46 957 8
772 1640 77
215 1453 2
575 889 2
28 183 8
487 1310 8
650 445 0
579 937 7
220 667 27
915 1250 1
337 773 27
502 476 30
1084 1070 5
873 1179 31
325 83 6
1144 728 8
1346 1454 2
1354 732 7
187 1126 16
247 1127 8
41 1252 14
657 933 2
1413 88 5
438 78 2
329 434 2
1247 1047 33
438 32 7
759 1479 2
555 476 2
933 1578 5
540 759 2
543 370 2
228 59 8
368 915 30
368 519 30
377 850 6
416 1555 2
1215 59 7
720 594 1
190 256 2
809 476 30
185 829 27
409 166 2
1304 750 7
1223 859 2
535 528 2
939 75 5
1340 114 8
541 119 8
1214 44 8
724 165 7
836 289 2
544 1124 30
841 609 2
505 890 2
494 713 2
252 1417 27
124 172 5
1055 603 7
401 728 7
736 541 2
55 149 8
390 1384 8
372 1384 7
303 533 3
883 823 31
603 1081 2
303 487 8
1039 1033 2
938 1163 2
128 1252 2
537 1065 5
335 1564 1
1050 116 1
1506 531 33
1382 551 7
508 167 8
1047 1495 2
1047 1099 2
491 434 2
699 366 33
268 75 3
147 383 8
350 1200 2
565 1227 7
584 269 8
978 366 30
702 974 7
1008 255 2
1053 37 8
575 206 2
787 937 7
1259 88 3
524 573 15
674 98 33
1236 929 7
1377 59 7
823 743 3
1474 727 2
1144 1315 7
899 565 7
552 1561 2
160 362 31
689 899 3
447 670 2
730 513 30
1337 1384 7
27 915 30
462 855 3
829 1448 30
779 1491 7
1128 300 2
550 388 2
70 699 1
483 1335 5
325 976 7
651 1600 38
162 1014 0
1460 667 2
978 841 2
921 890 30
929 855 5
281 546 2
1128 128 2
642 622 2
603 739 27
931 1325 5
303 891 8
1476 450 30
1265 808 6
514 702 12
420 898 2
1298 957 7
1405 365 2
402 119 8
1541 958 3
727 1070 2
618 1030 2
395 1125 8
1547 112 8
64 1139 30
1163 1553 2
876 1419 5
27 921 38
315 535 30
707 172 2
916 1395 7
1162 908 8
377 743 3
252 270 27
162 728 8
222 59 1
1482 1097 7
1526 730 8
255 172 8
338 1384 7
381 377 8
627 281 55
218 415 1
696 584 2
453 858 2
575 834 2
689 798 2
986 541 40
368 535 2
454 1084 2
99 1531 1
737 531 30
337 322 27
301 943 77
792 516 2
1459 723 2
238 1212 8
1181 845 5
420 223 26
1225 1127 48
541 1052 2
238 765 19
759 1424 2
228 108 8
999 1097 7
168 1162 2
774 70 2
981 259 11
191 1144 44
855 568 7
595 551 40
267 1252 27
1131 1168 55
1393 139 5
195 958 3
765 101 8
295 347 33
750 150 2
363 1578 5
1326 1086 8
1562 1126 33
867 256 2
618 1388 7
874 37 8
1183 1395 7
1461 1518 30
646 1217 8
1179 1301 7
377 1106 2
117 1292 30
1400 627 7
721 442 27
1394 763 27
268 1457 8
514 1291 33
1163 1493 2
117 1106 1
45 859 2
836 166 2
140 219 2
140 178 1
727 983 33
1265 57 6
195 1230 20
277 88 3
830 1416 2
704 1008 7
252 898 27
252 502 27
255 409 2
148 285 2
382 88 3
1506 476 33
1350 650 1
1129 1220 1
1271 366 33
917 642 2
127 453 2
1395 770 2
694 638 2
321 293 0
108 619 7
594 1349 8
1272 149 8
238 1471 7
24 366 33
552 818 2
454 401 2
321 850 52
1382 720 7
552 1110 2
625 412 5
900 836 2
112 937 7
537 1511 74
1284 83 8
207 1031 2
912 937 8
1352 178 2
1260 663 8
653 236 12
535 877 2
1131 1198 2
303 221 2
651 857 38
689 42 8
194 577 2
515 1208 0
246 724 35
295 1439 33
736 183 6
744 295 1
99 1212 8
541 369 2
539 453 2
829 1057 57
1081 1342 7
1092 750 2
388 1246 37
411 259 2
190 829 2
797 80 8
829 101 26
395 455 2
1405 1375 27
1212 147 8
724 784 2
1312 1389 7
65 1097 7
738 1418 7
1437 976 7
719 377 6
1328 936 7
939 1377 6
1084 512 2
836 1258 2
65 1389 7
1541 278 2
517 777 2
1394 1391 27
1163 1375 27
39 1395 7
350 98 16
399 773 2
1055 1572 7
605 1097 7
281 985 55
508 808 8
259 880 33
1265 685 6
852 44 8
738 80 8
1538 139 3
604 295 2
497 829 2
148 1309 2
836 789 8
148 913 2
787 412 5
1275 550 7
1179 533 3
259 216 2
1144 1227 6
723 929 7
147 565 2
1365 995 1
1284 533 3
483 936 8
337 1062 6
565 1450 2
1262 434 2
533 492 30
458 831 2
1481 794 2
261 1212 8
143 916 8
1075 873 30
1327 412 5
501 39 8
346 1395 7
890 911 31
1138 1342 7
552 1446 2
925 25 2
368 183 8
677 1033 2
455 667 27
674 671 33
923 505 2
1044 646 8
737 476 30
836 723 30
1471 86 2
760 159 5
442 877 7
350 1403 14
1349 1456 2
421 812 1
1364 516 2
362 1120 30
906 1212 8
550 1357 2
344 1086 8
670 462 8
837 810 15
440 281 2
303 1199 7
787 172 8
933 384 5
541 1393 2
1456 458 2
76 805 2
417 395 27
1232 259 48
642 903 2
516 833 2
409 1367 2
1014 44 8
281 723 2
183 464 2
69 104 2
494 1371 33
628 911 2
759 905 2
359 683 0
638 1213 7
395 979 2
183 360 2
937 1418 7
759 1296 8
872 958 3
1251 718 10
790 958 5
462 459 5
462 63 5
1179 454 7
252 619 27
377 1447 2
467 779 5
273 1389 7
49 552 2
1187 957 8
396 47 8
1549 1008 39
727 1247 2
1186 37 7
849 565 2
1162 986 53
594 283 2
607 377 2
1448 1459 30
1303 143 7
1547 685 8
1510 1230 2
1085 162 13
1254 338 5
1397 362 7
126 1483 2
642 1124 30
259 844 2
162 910 2
162 514 2
486 919 2
995 412 5
534 925 10
688 812 1
872 1230 20
577 581 2
939 1396 8
114 667 27
565 475 2
1250 1352 2
295 1105 0
383 1169 39
219 667 27
464 366 2
295 1397 0
364 1212 8
85 60 41
116 239 1
917 937 7
140 487 8
1163 54 8
565 595 53
1250 1284 2
442 1505 7
502 651 41
941 330 8
550 942 33
535 530 2
438 200 2
88 1462 7
1180 1170 0
270 531 30
1090 568 1
300 420 2
920 1047 14
375 531 30
70 688 7
82 736 2
805 1126 30
420 272 2
447 533 3
380 1131 20
699 453 34
1061 683 0
375 823 30
1437 1235 33
823 1335 5
442 167 8
1548 1342 7
1179 1546 7
862 743 48
1223 689 2
1144 446 35
859 763 2
596 61 15
762 829 2
591 925 10
166 958 2
69 1024 2
401 1418 7
974 295 2
82 663 8
424 531 8
862 1296 8
65 646 7
1392 646 68
162 1314 2
603 979 2
620 1405 2
1400 1304 7
1394 648 27
1400 908 7
388 568 7
692 1210 6
674 441 0
259 101 26
552 81 10
642 147 8
915 1180 21
1084 848 8
535 200 85
370 582 2
618 628 2
716 1395 7
650 213 8
590 929 7
601 552 7
950 1099 2
651 125 40
1193 424 8
1383 706 7
772 862 77
362 844 2
552 293 0
377 341 3
139 881 3
241 261 1
85 396 41
476 1100 2
508 685 8
1460 418 30
601 88 7
205 213 77
665 1075 2
742 483 15
278 890 14
454 682 2
329 1310 7
205 1418 7
925 554 23
360 139 3
483 813 8
563 618 2
1336 1127 7
377 1335 5
256 769 8
438 886 7
32 44 8
206 172 2
1047 928 45
1352 751 2
1137 958 3
1283 1170 0
982 139 1
667 265 8
183 1305 6
399 31 16
655 568 7
1019 377 8
813 939 15
1546 1437 8
420 796 2
569 37 8
1451 37 7
1003 453 34
112 172 8
399 1122 2
88 315 7
995 1384 8
318 438 8
395 1028 2
1169 667 27
1541 1310 8
172 628 2
698 412 5
957 1243 7
250 646 5
1177 337 27
183 701 2
795 377 5
1394 1568 27
1207 139 3
434 191 14
743 1437 8
1075 1121 2
1179 795 7
252 168 27
350 671 16
1184 1156 8
941 1389 7
77 88 3
108 1118 5
1200 838 8
148 1235 33
1291 28 2
681 718 10
847 256 7
607 718 2
271 603 2
205 1305 77
486 572 2
1085 107 13
483 1217 8
1183 531 29
239 1148 2
259 393 2
1001 925 10
32 453 2
118 1002 2
730 998 29
337 616 27
923 1146 2
1106 925 10
1058 1310 8
1249 139 1
1566 1004 57
1052 957 8
442 854 27
1193 723 51
808 492 2
20 989 7
453 1376 2
234 958 3
28 646 8
197 88 5
157 462 8
1117 1395 7
810 1457 8
1030 148 2
452 1127 8
442 1554 7
432 1265 1
686 97 8
148 102 8
238 646 8
990 391 57
860 412 5
1252 533 3
347 937 7
819 88 3
395 995 1
550 858 12
11 205 19
1252 487 8
27 750 30
200 1135 2
1231 21 8
650 1226 12
375 476 30
1122 377 8
357 412 5
334 1212 8
207 165 2
1296 139 5
1506 61 15
1121 88 2
1179 1199 7
1395 1335 5
61 174 1
350 1314 5
519 1152 2
69 677 2
737 1128 2
759 1577 8
535 699 2
281 190 27
507 1437 8
470 823 16
117 1518 30
841 780 2
162 1259 2
720 296 7
167 1156 8
631 730 8
442 1548 5
1232 281 55
377 1578 7
1352 743 5
642 92 8
290 326 8
618 177 2
40 1156 8
1340 1325 5
470 1047 16
1306 462 7
1238 1124 16
444 1000 5
829 251 33
140 1133 2
667 223 26
145 1156 8
366 883 2
1493 667 27
661 377 6
1500 803 2
603 1148 2
494 1207 8
784 121 77
829 898 2
918 1454 2
139 92 8
241 305 7
161 838 8
56 152 30
158 1384 8
56 840 30
1359 458 33
1047 212 44
1126 834 7
1163 627 8
478 88 3
472 1396 8
362 716 8
546 650 1
742 720 15
194 434 1
442 917 2
1104 25 1
13 957 8
551 119 7
1001 1328 2
591 113 2
790 750 7
202 541 2
1106 1328 2
714 823 14
209 1389 7
1252 719 8
438 435 7
810 18 8
438 1169 2
207 1549 2
438 773 2
1009 1389 8
921 1525 30
172 513 26
84 730 2
780 281 2
531 1355 2
1471 91 59
1408 845 5
409 569 2
295 209 2
1449 958 2
639 1047 2
720 1388 7
829 223 26
267 399 27
338 1126 30
823 1094 30
719 603 6
871 1437 8
303 1062 8
541 423 2
321 129 8
824 603 6
176 568 2
881 37 7
1177 1342 7
1253 1170 0
1179 52 7
674 1014 0
1317 957 8
148 1161 7
952 269 7
499 958 3
667 1578 5
1261 1569 1
181 1310 8
730 591 2
945 1352 2
565 638 27
154 442 2
1459 23 30
751 1047 14
483 433 7
1265 1203 6
252 45 27
584 1587 38
568 908 6
18 929 7
259 0 7
1183 476 29
1171 1389 8
374 453 34
1373 1170 2
708 465 2
453 879 58
447 1491 7
922 505 2
701 1075 2
1025 1084 2
1040 796 8
575 1396 8
160 724 30
430 1002 1
494 1214 0
1316 1050 5
686 42 8
417 689 27
1040 728 8
1455 458 2
672 1163 2
185 325 27
1355 732 7
313 923 32
1126 83 7
541 1223 2
647 1471 7
108 719 8
1414 88 5
778 335 2
541 1515 2
117 1239 30
650 1550 8
829 1578 5
704 750 30
84 1254 2
468 925 10
877 1135 2
743 1349 7
1084 1388 7
299 1619 2
1093 158 6
766 958 3
411 1405 2
862 341 48
433 139 3
1011 1212 8
192 550 2
83 568 7
438 22 2
370 21 20
172 863 7
183 586 2
871 462 8
779 848 8
401 562 2
289 911 2
730 1287 2
53 476 2
1179 680 7
284 492 2
638 70 2
692 808 6
720 246 1
486 537 12
331 99 66
1081 759 2
981 1511 9
434 368 14
1124 830 30
377 1173 2
1161 139 5
239 1393 2
148 1417 27
651 638 40
284 779 8
980 330 8
616 859 2
1177 241 2
1238 381 16
825 929 7
862 326 8
747 37 8
117 1173 1
1112 720 15
252 673 27
340 1253 7
1295 1198 54
1259 1146 2
1554 1310 5
577 411 2
27 706 2
582 335 2
396 101 8
998 937 5
921 807 7
350 628 2
579 1389 7
442 739 27
1519 140 8
244 37 8
167 140 8
259 251 33
710 59 8
256 435 8
335 1315 7
143 63 8
82 697 1
1025 401 2
1030 325 2
1119 1389 7
595 139 3
1474 447 2
981 438 11
1155 88 3
1179 1070 5
219 516 2
207 806 2
552 554 23
1284 1070 5
879 541 2
1518 1170 0
1008 298 8
582 952 30
311 458 2
401 1475 37
1211 1565 2
531 1404 2
393 412 5
499 686 67
686 1514 66
416 300 2
750 1345 2
409 514 2
1437 63 7
958 793 7
902 139 3
1214 59 7
526 620 2
476 851 30
303 220 2
350 781 30
281 763 27
1326 183 2
516 272 2
387 568 7
399 616 2
765 796 8
1066 386 1
636 1389 7
1323 823 14
1200 108 8
1184 759 2
168 140 7
438 1439 30
1058 689 2
703 1177 2
1283 1047 33
872 59 8
1176 1097 7
259 223 26
829 1201 7
32 1384 7
977 59 8
1176 1389 7
1045 1595 38
128 1496 53
944 126 2
1284 685 7
1037 911 2
1177 159 27
1547 228 8
925 1575 2
829 428 33
1389 685 7
1540 838 8
1461 595 41
126 1026 2
1383 1620 7
484 933 84
167 476 8
503 492 2
138 241 2
337 837 6
729 183 8
505 1457 8
907 1093 2
232 1252 2
917 1395 7
1352 753 2
1163 908 8
1037 838 8
244 957 8
1026 667 27
262 281 55
555 412 5
453 974 2
699 149 8
830 440 2
231 958 2
689 1305 8
660 732 7
368 646 8
586 366 2
70 1564 12
523 573 15
551 1030 2
416 704 2
774 1565 2
1535 1128 20
238 541 2
438 1054 2
895 1310 8
515 1348 21
1561 1566 37
52 412 5
157 412 5
779 178 2
116 88 3
454 1127 8
1326 937 7
97 1437 8
323 750 7
1187 472 1
403 1342 7
78 239 2
419 278 2
921 31 30
1338 958 3
355 836 5
1562 950 33
759 1076 2
1110 139 3
159 336 6
1219 75 3
1548 462 8
622 1126 2
1127 1335 5
140 1004 27
915 658 0
1084 596 33
191 692 44
722 1156 7
447 1070 5
377 1217 8
227 1295 1
1174 148 2
1284 1359 2
1460 1340 30
1394 833 2
341 776 5
1174 836 2
710 1342 7
830 844 2
1000 925 10
1037 1097 7
1193 976 50
1397 929 7
873 915 30
486 1090 2
483 1298 7
1259 1091 2
1295 122 2
396 46 8
1468 765 7
81 568 15
577 648 2
27 646 8
1408 1511 9
565 938 2
1029 148 2
501 384 3
702 347 7
126 1581 8
1330 573 15
468 113 2
1382 148 7
1128 1298 7
104 1033 2
148 270 3
674 514 2
674 118 2
1138 646 48
1409 1005 36
1468 989 7
1459 675 2
1570 1243 7
1261 1127 8
880 1230 2
1128 880 2
220 395 2
447 726 8
1044 667 40
1114 1284 2
1188 1389 7
264 810 15
205 789 7
442 384 3
649 696 2
1093 43 6
375 598 30
162 3 10
503 1213 6
462 114 8
1307 321 6
872 1342 7
69 903 2
1525 519 2
880 1454 2
144 1566 5
720 491 1
313 1322 13
1144 617 35
1553 172 2
1436 516 2
1084 1292 33
399 269 2
977 1342 7
441 44 8
745 686 7
501 441 0
183 1555 2
854 568 7
1231 471 8
82 834 8
372 958 1
444 222 15
427 52 8
724 854 7
494 1110 2
380 1461 2
162 1101 12
445 1170 0
1213 147 8
462 1154 5
737 1240 7
854 937 8
929 97 6
929 493 6
163 1310 8
829 1583 8
667 384 5
395 102 8
813 1005 1
55 838 8
618 357 7
836 514 2
488 689 2
713 1047 33
718 771 2
379 649 2
157 1384 8
139 219 2
148 1420 8
772 929 77
476 1271 2
485 1230 8
350 805 2
823 766 8
256 716 8
381 88 3
494 998 29
1183 366 29
746 974 5
982 1310 5
1252 622 2
900 1252 2
793 183 2
184 1374 57
552 1562 2
483 588 8
915 609 2
1259 340 2
551 1079 2
442 1039 2
406 1246 5
447 1359 2
878 1230 2
1126 1330 2
350 1420 8
464 1384 8
453 455 2
1304 969 5
983 1126 2
206 239 2
651 1601 38
1128 588 8
1329 278 2
1122 1127 8
1285 658 0
1436 415 1
671 462 8
76 916 8
279 335 27
1568 256 2
756 937 7
259 485 30
550 282 23
759 1062 3
618 1495 2
759 625 2
62 434 2
183 179 8
297 836 2
1306 1384 7
609 1135 2
731 377 7
1476 347 30
176 1086 2
872 241 2
273 759 2
503 841 2
377 433 7
53 366 2
1179 174 7
377 771 2
670 70 35
1179 570 7
1131 606 25
544 338 30
148 619 27
35 1195 2
637 821 75
284 377 8
155 236 12
69 147 8
539 1126 30
678 911 31
978 1459 30
14 1084 1
939 54 6
33 126 2
738 32 8
357 531 2
575 903 2
252 271 27
148 54 2
24 162 2
1179 881 3
519 624 30
357 823 2
457 1295 2
720 104 8
138 377 1
829 40 8
9 1389 8
101 1097 7
693 1131 2
973 1578 5
442 233 27
1479 172 2
501 387 8
798 1131 2
1251 1352 2
449 1156 8
552 1439 33
314 335 2
221 584 53
1137 1342 7
565 127 2
1131 1235 33
1232 779 48
1536 412 5
1459 620 2
185 551 27
552 1371 33
519 266 1
541 1053 2
1329 568 7
205 46 7
880 1129 7
657 444 23
1523 646 5
61 53 1
281 33 27
683 1575 4
1565 1138 2
1215 401 7
207 232 2
1223 409 2
584 851 5
487 1395 7
70 678 2
172 1381 7
603 595 53
530 149 8
541 65 8
125 412 5
850 915 2
850 519 2
1459 1341 30
1476 1371 30
527 1384 8
979 335 2
607 1585 2
836 235 2
171 1389 8
1282 494 1
434 891 8
162 1046 12
929 47 0
1213 92 8
1397 1570 7
506 1156 8
634 139 3
1058 183 2
1522 937 8
727 388 2
1458 720 15
26 256 2
1230 945 21
395 47 8
489 603 6
1552 88 3
541 284 14
205 1 77
1282 718 1
829 1069 2
476 528 2
729 1384 8
1460 568 15
577 533 2
337 39 6
689 681 27
1155 44 8
720 1420 8
683 1528 1
399 464 14
1146 39 7
256 265 8
140 881 3
570 1097 7
1152 1395 7
1039 911 2
252 230 2
126 160 2
218 667 27
1354 1352 2
122 516 2
575 147 8
70 713 1
761 394 1
674 1087 2
551 628 2
383 167 30
1110 1097 7
632 1266 1
725 293 66
437 718 2
980 1033 2
1215 1097 7
185 1075 27
392 412 5
1126 833 7
69 1148 2
1215 1389 7
1447 823 33
16 776 5
82 688 2
395 1417 27
281 661 27
148 338 5
126 485 30
325 1214 7
901 139 3
437 1437 8
307 486 2
69 1080 2
1562 775 12
871 1212 8
766 59 8
278 1488 2
977 650 2
869 148 2
136 1127 52
1197 939 2
1126 1204 30
151 278 2
1295 1495 2
270 958 2
1183 1005 7
941 1213 7
281 986 55
350 338 5
1295 1391 2
402 65 8
290 1125 8
401 32 8
1163 1161 7
139 500 2
1246 562 57
1037 1033 2
357 476 2
126 856 2
642 893 30
192 418 30
226 519 31
818 686 7
380 259 2
1377 1097 7
928 1384 8
256 898 2
689 766 7
823 1298 7
163 108 8
1035 256 2
139 893 30
453 1200 2
1152 362 2
349 1084 2
278 31 14
1375 59 7
335 1196 2
440 350 2
440 642 2
744 1284 1
326 183 2
576 140 8
900 149 8
541 998 2
650 1388 7
1400 1578 5
552 360 2
4 873 14
732 1506 1
531 155 2
1337 958 3
1127 21 8
253 412 5
906 1437 8
1541 929 7
1080 1565 2
37 136 6
1084 890 33
929 1325 5
750 533 3
181 183 2
82 36 8
256 223 26
1527 937 7
195 462 8
298 1437 8
847 718 2
317 438 8
151 568 7
1515 1565 2
1194 568 7
1135 485 30
1394 21 27
403 1437 8
1207 149 8
33 1163 2
841 104 2
494 1000 2
252 912 27
692 875 6
831 584 12
450 646 5
1539 958 3
1396 929 7
1033 1375 27
727 224 59
476 700 32
1193 806 50
939 627 6
205 1257 77
48 551 2
178 1047 14
148 231 2
158 462 3
392 1384 8
707 642 2
1322 4 14
1382 442 7
368 1131 7
551 513 26
1188 418 50
1485 1359 2
703 543 8
233 1097 7
28 702 8
919 1454 2
674 1100 2
140 92 8
1075 191 30
1520 37 8
349 401 2
661 321 6
184 868 57
678 1126 2
678 730 2
383 216 30
912 492 2
823 588 8
1254 63 8
1261 957 8
338 958 3
479 88 3
282 568 15
1252 147 8
1454 873 2
61 298 1
1252 881 3
1131 101 33
126 32 8
184 800 57
438 889 2
633 1153 6
809 1459 30
281 314 27
1474 550 2
1449 350 2
905 1389 8
1093 269 6
551 167 7
83 667 27
82 1029 2
1019 88 3
1316 453 1
539 399 2
377 594 10
199 1135 2
82 1420 8
494 1404 2
927 568 15
434 1578 3
906 462 8
929 0 0
409 289 2
530 727 2
303 391 2
543 1212 8
854 1127 8
420 497 2
606 550 1
1338 59 8
395 693 2
278 1037 2
1459 1518 30
1550 1128 8
933 742 2
291 973 2
506 1437 8
544 851 30
1461 781 30
1179 168 7
1277 20 22
937 318 2
829 976 7
539 724 30
573 1197 1
1510 256 2
26 829 2
810 174 1
205 282 77
1547 3 8
876 1310 5
337 320 6
145 1405 2
1383 1395 7
377 296 8
750 1341 30
144 1156 8
823 893 2
598 18 8
718 562 23
1160 937 8
377 588 8
702 805 7
447 1315 7
710 462 8
823 1243 7
1480 952 33
834 646 8
701 399 2
1008 774 2
361 838 8
919 37 7
855 776 5
340 277 7
126 728 8
449 259 2
551 909 2
746 1132 5
442 869 2
555 1295 2
623 412 5
1219 1314 7
582 88 3
559 929 7
417 409 27
315 505 2
1453 1468 2
438 1121 2
53 117 30
108 147 8
97 1212 8
596 724 30
1253 140 8
440 519 2
1307 779 6
974 1284 2
1537 1298 7
1208 650 2
642 1578 3
1499 674 10
862 114 59
750 437 2
519 421 2
108 1187 5
113 1507 5
159 111 6
836 1436 2
306 1156 8
315 830 30
858 183 2
1131 820 15
999 1634 77
1179 796 7
139 1141 2
872 462 8
241 1354 1
883 1608 46
259 83 6
406 1128 8
486 1329 2
912 1213 6
162 1124 33
1400 518 7
252 857 27
45 458 2
1126 432 15
69 269 8
711 335 2
377 562 23
1550 377 8
369 759 2
1526 957 8
31 70 2
248 970 74
838 626 8
252 393 27
643 37 8
1391 689 2
434 1186 16
855 366 30
508 3 8
508 341 3
577 423 2
911 1333 2
35 37 8
1325 412 5
737 362 30
805 1097 7
218 929 7
1570 1482 7
1261 929 7
900 399 2
910 1097 7
143 179 8
432 1266 1
550 596 33
551 1491 7
1153 1156 8
334 494 2
1471 1239 59
1199 139 5
1454 922 2
799 1212 8
780 1284 1
552 1001 2
1132 1086 8
1239 453 2
265 483 15
598 976 30
1252 92 8
905 1047 2
828 958 5
1232 667 2
98 148 7
1008 18 8
1329 1127 8
370 833 20
183 623 6
77 812 2
632 4 1
515 1140 1
62 1310 7
73 718 2
913 765 19
159 1203 6
907 44 8
872 1163 2
76 68 2
425 434 2
590 1566 37
76 63 8
777 533 3
183 1330 2
303 39 8
647 44 7
1075 1004 27
98 519 30
759 168 2
1283 702 12
646 75 3
440 637 10
347 1608 46
841 1073 2
841 677 2
30 126 2
486 1561 2
1416 1135 2
1383 1116 7
148 493 6
721 565 27
462 1325 5
747 950 33
1058 409 2
491 278 2
1080 759 2
178 937 8
627 970 9
623 1384 8
1047 233 27
108 436 5
64 287 30
1527 172 8
730 355 8
1056 937 8
137 1342 7
772 412 77
148 804 2
337 265 6
30 350 2
823 942 2
308 88 5
357 366 2
569 1097 7
779 1236 52
703 1121 2
447 910 2
912 841 2
241 202 7
1259 183 2
228 954 7
285 325 20
724 1292 30
458 722 2
1367 325 2
1075 368 30
240 642 2
126 678 2
907 453 2
335 2 2
1045 228 8
787 1005 7
524 303 20
915 780 2
1001 933 2
337 489 6
1194 1340 30
724 1224 30
437 1340 2
369 505 30
551 808 7
337 158 27
1562 683 0
1407 139 5
314 667 27
438 774 2
226 551 2
1352 697 2
598 1500 30
438 728 7
218 516 2
1045 638 40
541 200 2
108 92 8
1471 92 59
545 172 2
165 1252 2
416 648 2
1327 937 7
830 485 30
270 1252 2
1446 1047 33
804 438 19
409 1258 2
759 504 2
639 1340 2
1047 258 31
427 163 8
859 26 2
880 937 8
492 1200 2
606 727 1
108 1132 5
383 1556 2
747 702 12
201 113 75
638 1437 8
1177 575 27
706 1153 6
162 181 2
252 114 27
718 858 12
505 1581 8
494 197 8
1398 1002 1
1128 1335 5
829 880 33
1510 829 2
1258 689 2
784 1146 77
135 1437 8
154 438 8
915 747 1
573 63 1
1028 1295 2
1037 1213 7
1122 1437 7
544 45 30
686 1381 7
938 256 2
154 730 8
689 1388 7
276 1156 8
582 584 53
442 1510 2
1460 1045 41
316 340 10
1144 80 7
337 854 27
917 140 7
1350 486 1
125 531 2
1451 911 31
91 88 1
792 584 53
125 823 2
1179 1616 71
921 54 2
213 59 7
1121 667 27
1120 1128 8
309 911 31
981 108 5
416 1052 2
221 651 53
1040 1125 8
221 859 2
383 432 15
283 917 31
624 915 30
98 535 2
226 1075 2
550 1480 2
1228 239 1
185 618 27
750 390 2
650 1160 2
541 1120 2
550 753 23
651 693 38
88 189 27
283 849 31
993 957 8
211 88 3
70 521 2
1565 1309 2
646 1457 8
211 438 8
1198 88 2
438 23 2
390 845 1
406 1040 7
1210 148 7
1525 239 2
69 623 2
1570 21 8
1539 1310 8
720 211 1
1203 321 6
1262 1246 37
867 720 2
205 873 14
82 158 8
420 90 8
689 1314 5
841 726 2
236 832 5
36 1135 2
252 1138 27
486 1226 12
287 531 2
256 1424 2
841 622 2
505 903 2
1077 958 2
958 390 7
747 1291 33
957 83 8
551 1070 5
1284 596 33
759 40 8
747 330 8
718 491 2
650 432 15
814 1342 7
541 54 20
577 704 2
143 424 8
349 1291 33
674 254 12
702 403 7
1135 790 2
1459 36 16
1350 718 1
1519 37 8
1253 702 12
170 750 30
56 390 30
244 330 8
1139 366 2
373 88 3
435 838 7
810 32 8
1028 148 2
816 1127 8
912 718 2
334 444 23
901 1310 7
311 486 1
692 28 8
551 65 7
325 1161 7
383 338 30
1456 70 2
325 1499 2
350 848 8
1304 438 6
148 1458 20
894 259 2
692 716 8
911 626 8
77 1566 37
205 1241 7
1040 384 3
653 1084 2
519 1357 1
1126 1004 7
535 945 2
1120 377 8
362 1168 71
48 812 1
291 929 7
213 37 8
437 1212 8
1295 1338 2
1527 1395 7
350 782 30
300 1163 2
573 658 0
618 877 7
1131 949 55
1124 88 3
724 806 7
118 1246 37
1547 297 8
159 1 6
159 380 2
1210 1437 8
1413 139 3
377 491 2
584 1601 38
290 1296 8
475 1047 2
1037 516 2
499 462 8
718 443 12
1054 937 8
784 1091 77
750 1070 5
1144 1399 6
575 623 2
1179 941 71
727 368 33
598 244 8
982 1170 66
1041 1230 2
445 472 1
1252 1366 2
722 1086 8
702 1323 7
1466 969 1
1258 957 8
713 330 8
1380 438 2
102 1097 7
457 551 2
311 718 1
551 1031 2
210 335 2
1449 1496 53
780 486 1
552 599 2
551 1381 7
416 1393 2
990 282 57
1253 330 8
1454 20 2
295 1247 2
607 830 30
1104 1224 2
621 486 57
536 453 2
447 596 33
541 1169 2
541 773 2
1120 568 7
472 533 3
108 269 8
1128 936 8
763 779 7
205 891 8
624 674 1
417 859 27
777 1396 8
1284 658 0
328 139 3
213 957 8
1437 675 33
434 387 8
442 3 8
915 1282 30
1247 44 8
759 1077 2
865 929 7
1090 1246 37
1284 1428 2
925 1502 0
494 1439 33
618 1505 7
298 1212 8
944 823 2
765 114 8
1183 1116 7
1547 1321 8
1461 1239 30
1251 1170 0
403 1212 8
1050 1557 1
377 443 12
738 1578 3
366 272 31
505 160 2
284 730 2
950 269 7
69 495 8
584 160 16
829 857 2
591 775 12
49 236 12
720 916 8
831 651 12
239 233 27
618 167 8
944 1047 2
599 444 23
507 1156 8
1193 873 50
388 278 2
140 628 2
1219 1070 5
444 111 15
363 982 7
148 793 8
720 848 8
1144 320 6
569 1033 2
23 162 2
804 1097 7
1101 1066 5
1482 1342 7
1021 37 7
1330 958 5
912 335 2
505 485 30
1152 1156 8
449 1405 2
472 891 8
264 483 15
88 101 26
1232 1127 48
220 584 53
307 1585 2
686 908 8
1252 219 2
185 1295 27
217 937 8
1008 145 2
458 102 7
1496 145 40
57 779 6
1328 433 7
432 149 8
70 756 7
183 1578 7
69 158 27
1294 683 0
801 278 9
288 732 7
1093 336 6
859 189 27
721 859 27
69 1196 2
650 62 2
659 21 8
1144 910 35
37 1227 6
934 61 15
655 377 8
172 167 8
72 937 8
383 758 2
925 97 15
252 43 6
836 979 2
3 738 10
420 663 8
506 1212 8
483 1 1
841 1299 2
1183 37 7
1156 393 5
1383 1342 7
721 395 27
796 573 15
1075 269 2
634 149 8
726 568 7
739 149 8
1 183 6
205 57 77
508 1217 8
126 284 2
933 741 2
139 220 2
580 159 1
88 1524 5
1380 159 2
1047 1393 2
707 1395 7
1098 683 0
586 88 2
1377 1213 7
724 1518 30
702 879 74
447 1428 2
268 719 8
1146 387 7
157 281 55
238 159 2
836 1200 30
338 1342 7
575 500 2
575 104 2
458 844 2
782 812 1
438 1418 7
1028 325 2
340 52 7
454 750 2
1025 929 7
1036 256 2
546 377 1
575 891 8
70 1061 1
440 70 2
58 1610 56
494 1105 0
606 915 30
1052 37 8
746 1199 5
447 1314 7
420 995 1
98 1340 2
1449 1045 53
1258 438 8
56 347 16
651 1602 38
1568 325 2
425 1310 7
1031 259 8
1221 937 7
1214 1097 7
88 497 2
1258 730 8
724 1160 1
796 149 8
534 1328 2
420 1364 2
650 1446 2
428 584 2
547 1008 39
981 350 2
322 551 2
437 1389 8
98 574 44
1075 627 7
1424 1389 7
900 139 3
116 724 25
229 574 71
3 1412 5
191 706 44
1338 462 8
303 1581 8
836 1211 2
159 661 2
325 270 3
111 720 15
162 407 2
870 59 8
402 855 3
162 699 2
362 1567 1
1394 33 27
1545 139 3
605 1342 7
681 1170 0
1240 1243 5
154 565 2
1163 1550 8
1389 863 7
718 1016 12
31 241 2
718 1296 2
772 1558 77
494 355 8
1299 162 2
1085 175 13
575 1196 2
1125 139 5
73 1170 0
841 147 8
505 32 8
259 857 2
829 0 7
829 437 8
418 1204 30
1144 265 6
914 958 2
337 1080 27
674 528 2
591 1328 2
565 488 2
20 765 7
1024 667 27
1008 1177 2
1177 59 8
902 1144 2
220 409 2
112 1405 2
128 399 2
335 1148 2
205 511 7
422 444 57
184 588 57
1329 929 7
1251 37 8
1442 550 1
717 88 5
1093 57 6
1033 68 24
742 184 5
763 1362 2
1136 833 8
74 841 2
995 750 33
148 1314 5
172 1054 7
1136 1125 8
430 183 2
532 1224 2
724 81 1
70 305 7
281 722 27
695 412 5
401 789 2
1304 989 7
502 794 2
1077 1252 2
1108 139 3
611 1126 2
759 42 8
738 1125 8
765 291 8
1546 462 8
620 1126 2
1394 369 27
1076 958 2
1284 890 33
1278 401 1
1538 1097 7
782 823 30
377 1016 12
873 794 44
1050 527 1
1525 689 2
1394 661 27
1179 1491 7
1382 88 5
577 998 2
1298 568 7
505 728 8
372 836 1
290 102 8
1565 484 9
897 412 5
531 1224 30
508 433 7
23 803 2
815 750 2
1184 937 8
618 641 2
489 937 7
813 1342 7
205 398 77
126 229 2
925 1070 2
677 434 1
472 1199 7
795 568 7
205 294 77
750 1457 30
159 197 8
63 139 3
155 162 2
787 1582 2
1264 278 2
877 1310 5
362 852 8
909 1162 2
565 1070 7
823 1004 8
903 1340 2
159 129 8
915 555 2
816 88 3
82 1549 2
546 718 1
552 1404 2
259 50 70
193 162 57
563 730 8
85 1295 2
863 958 5
1266 855 3
823 936 8
1093 1081 6
1252 891 8
1252 495 8
1349 726 2
190 1295 2
1047 1371 30
88 150 2
321 1243 7
1186 776 5
281 662 27
226 618 2
88 104 7
736 1252 2
182 1453 2
639 823 2
1210 1002 7
1093 1305 6
870 1342 7
416 423 2
957 848 48
1553 350 2
545 239 2
1164 412 5
399 843 2
4 1267 15
926 568 15
278 656 1
147 703 2
76 1550 8
524 565 2
574 138 35
59 817 59
730 831 2
492 1371 2
395 1041 2
183 26 2
43 937 7
106 830 30
864 908 8
638 1212 8
1177 350 27
723 1395 7
787 1566 5
377 717 2
252 285 27
159 898 2
1045 1168 2
958 1577 8
1244 156 15
227 394 1
601 505 7
751 823 14
195 59 8
1284 808 7
126 857 2
263 550 2
1284 523 23
601 1193 7
784 1213 77
1207 958 5
1383 140 7
575 1141 2
360 911 2
486 201 12
925 983 33
939 1062 8
841 92 8
1252 1196 2
377 936 8
1166 526 39
453 805 2
1481 692 2
679 59 7
674 77 2
349 1126 33
791 183 2
290 459 5
739 113 10
671 1131 7
1481 646 7
575 677 2
218 1086 8
1372 1002 7
157 183 8
447 890 33
1391 44 8
259 833 8
880 911 31
1036 829 2
420 938 6
1082 750 30
792 651 53
792 859 2
1214 1342 7
22 149 8
653 1291 33
1062 958 5
1242 1230 2
994 444 57
552 424 8
894 1405 2
1104 1409 1
333 1580 18
1344 1496 12
107 269 8
416 1515 2
176 1238 41
418 499 1
266 925 10
576 37 8
1120 1127 8
681 37 8
531 844 2
277 1395 7
1198 259 2
591 683 0
190 148 2
686 1150 5
921 154 30
1264 958 5
519 93 12
535 24 2
913 830 30
69 789 8
20 412 5
1221 172 8
607 1135 2
852 1389 7
717 568 1
603 1041 2
1394 314 27
494 1001 2
252 913 27
138 727 1
177 377 8
1166 836 27
505 678 2
1174 667 2
77 519 35
524 765 39
1388 1156 7
727 225 59
126 739 27
573 174 1
290 47 8
205 1550 77
366 604 2
693 667 27
1193 90 8
945 44 8
1005 441 0
148 524 2
1078 139 3
519 1094 30
815 335 2
798 667 27
577 479 2
367 434 2
415 877 5
568 1 6
569 1213 7
321 865 52
702 178 7
907 241 2
1129 1500 2
112 952 7
126 106 2
240 70 2
796 1131 2
1495 689 2
598 1392 30
958 53 34
463 366 2
205 1480 7
240 362 2
395 1325 5
82 806 2
983 911 31
446 686 7
1429 412 5
483 83 8
111 937 8
810 495 8
323 362 7
1442 727 1
646 1491 7
1304 172 5
780 70 2
900 1075 2
661 1384 8
447 523 23
672 256 2
1215 939 7
679 37 8
903 1212 8
37 1125 6
338 915 30
1128 83 8
1230 122 33
1210 259 7
4 191 14
526 756 2
420 83 6
915 719 8
1210 551 7
69 1026 2
1570 820 8
1570 424 8
929 293 0
1570 716 8
528 149 8
303 387 8
596 362 31
489 412 5
650 179 8
1177 399 27
606 447 1
172 685 8
718 670 2
1537 936 8
1461 782 30
1516 434 1
981 172 2
1179 169 7
117 160 30
1265 1388 6
1210 1212 8
1179 461 7
737 139 3
58 577 2
750 75 3
911 1375 27
823 916 7
591 598 2
1550 88 3
727 1307 13
453 43 6
126 1198 2
117 266 1
830 284 2
468 1328 2
415 1505 5
337 613 6
325 903 6
97 183 6
127 1419 8
353 732 7
1252 1199 7
1252 1141 2
155 730 8
372 462 8
1372 259 7
126 1125 8
489 172 8
572 1384 7
1137 149 7
916 1156 8
70 1287 1
658 330 7
1247 952 33
759 1152 26
1541 1566 37
1108 1097 7
36 810 15
322 1045 33
1454 191 2
301 1127 77
170 1213 6
1176 483 15
185 442 27
911 1321 8
659 1298 7
416 1460 2
1344 1045 12
1135 101 8
387 958 5
295 1314 2
363 1388 61
1512 779 5
74 335 2
1253 37 8
1415 1231 17
1084 1447 2
657 598 2
702 421 9
1554 952 33
406 1156 7
318 1128 8
342 205 19
462 766 5
183 307 2
69 384 3
871 183 8
737 794 2
730 1404 2
727 1274 12
70 173 2
1090 444 2
736 149 8
592 412 5
1520 1097 7
466 779 6
619 394 2
1540 1310 8
1556 724 35
983 415 44
830 1376 2
1084 167 8
420 102 8
505 326 8
1050 21 1
89 412 5
439 416 30
154 395 2
258 803 2
1284 1381 7
25 929 7
1460 1461 41
1055 732 7
263 727 2
171 1212 8
1085 401 13
1340 991 5
838 627 8
830 912 2
1188 724 50
148 177 2
1160 236 12
1287 458 33
1144 95 6
22 399 2
631 958 3
241 309 2
116 937 7
362 54 8
1252 166 2
221 937 7
141 1511 9
990 753 57
1143 80 7
1401 149 8
856 70 25
472 1062 8
126 46 8
746 450 5
126 384 3
383 1176 15
1120 667 27
202 207 2
1081 911 1
1220 183 6
819 44 8
442 479 2
1392 1340 30
1317 281 27
1138 183 8
1126 36 7
606 750 30
598 873 30
1135 1125 8
676 295 2
1565 619 27
370 834 20
22 724 30
647 159 2
183 228 6
632 401 1
1340 355 8
69 1039 2
1421 1389 7
535 1061 2
1114 1352 2
442 114 8
177 335 2
852 1342 7
619 88 27
316 453 7
416 21 2
1539 929 7
992 957 8
190 325 2
210 88 3
66 829 2
409 235 2
873 692 44
109 37 8
61 1296 8
292 929 7
338 396 30
650 129 2
108 109 5
303 728 8
727 579 2
420 42 8
942 1340 2
841 678 2
450 911 31
251 950 16
707 1342 7
22 803 2
945 702 12
902 958 5
1110 453 35
1398 416 2
565 1072 7
577 1120 2
941 1437 8
256 857 2
618 471 2
703 1581 8
1183 140 7
718 151 2
925 1296 2
64 976 30
601 395 7
140 1031 2
139 391 2
1005 1014 0
830 229 2
167 139 3
650 1176 15
646 1070 5
577 1052 2
584 857 38
586 259 2
568 178 6
795 1127 8
256 393 2
1044 765 38
232 577 2
823 793 7
479 689 2
925 873 33
836 1371 30
1014 1342 7
1518 37 8
563 565 2
226 516 2
1357 702 12
1154 957 8
440 241 2
915 1073 2
550 537 12
383 1082 30
836 907 30
1315 1093 52
1144 114 8
1093 1203 6
438 1125 7
1000 1328 2
855 241 31
894 1295 2
433 1097 7
541 889 2
1209 1002 7
77 1395 7
991 584 12
618 902 1
823 1456 30
1156 572 5
4 368 14
70 1509 12
1144 384 3
869 1131 2
435 140 8
618 233 27
626 1405 2
1084 1100 2
836 1450 2
1411 1075 1
801 973 9
666 113 75
391 1295 2
417 183 27
1402 377 6
462 23 5
528 727 2
35 1097 7
504 911 2
1150 646 5
427 852 8
281 907 2
55 1310 8
544 112 8
561 958 5
618 1225 7
159 57 6
176 862 2
148 1122 6
925 1514 0
1459 781 30
1179 346 7
500 1163 2
30 1047 2
162 474 2
910 1005 36
1176 1342 7
155 1084 2
1405 1122 2
594 175 2
611 205 2
370 1449 2
138 1008 7
1158 568 7
1008 1609 47
1275 674 7
501 627 8
1081 765 19
819 1395 7
498 958 3
154 1127 8
707 241 2
64 1500 30
575 1367 2
1045 1321 8
1180 44 8
923 1093 2
594 107 2
770 810 15
1391 239 2
1044 838 8
193 1084 57
337 855 27
1485 1250 2
577 369 2
674 699 2
582 689 2
1201 862 5
217 438 2
135 59 8
1117 1342 7
902 1310 8
957 1184 5
1140 444 23
692 1004 8
435 1128 59
853 1068 5
689 1550 8
423 1131 2
197 1097 7
557 929 7
692 1296 8
479 37 8
1035 702 8
540 841 2
1239 399 2
823 83 8
1093 228 6
1357 1291 33
51 117 30
330 1583 8
519 334 1
759 1493 2
82 232 2
1251 140 8
1128 1243 7
297 1496 53
140 1315 5
790 730 8
281 497 27
69 228 2
737 1075 2
823 985 71
76 743 3
318 1266 80
894 148 2
1394 900 27
550 97 8
350 51 30
318 1558 80
317 957 8
759 114 2
303 277 8
541 75 3
870 462 8
444 631 15
478 1395 7
829 1309 2
148 43 6
417 970 9
391 148 2
252 1035 27
577 773 2
1305 462 8
278 464 2
1284 397 2
1061 458 33
618 119 8
32 1342 7
917 1129 7
1461 208 30
366 726 2
1415 1511 9
266 1437 8
1382 565 7
552 1351 2
148 986 70
268 147 8
577 601 2
256 437 8
790 765 7
362 627 8
703 1458 8
702 300 7
1519 330 8
1328 1472 37
1018 1322 13
581 1617 3
1025 1086 8
325 766 7
908 1389 7
552 1575 2
942 750 30
915 622 2
1093 856 6
1121 335 2
1040 47 8
875 1213 7
101 59 8
657 1191 12
674 824 23
416 662 2
903 646 8
1221 703 2
350 851 30
845 876 57
162 1132 0
736 252 6
57 1127 6
1512 377 5
650 874 2
659 833 8
541 834 2
1209 551 7
550 793 8
303 582 2
281 729 27
1565 231 2
584 125 40
1198 1405 2
411 724 2
156 401 1
318 330 8
880 492 2
862 1420 8
856 239 1
750 369 3
650 743 3
1547 298 8
573 1388 1
712 1097 7
937 1197 2
117 678 30
584 1602 38
159 673 2
556 776 5
256 1138 2
717 444 2
167 838 8
367 1310 7
492 974 2
135 1342 7
829 722 33
1146 1199 7
455 1572 7
388 88 3
784 1384 77
716 937 8
259 285 2
486 360 2
838 855 3
340 468 7
1502 933 2
867 1126 16
1252 1367 2
812 28 2
32 241 2
768 845 1
1129 606 1
3 59 7
929 129 8
673 350 2
1474 162 2
221 409 2
554 732 7
1454 417 2
1315 1666 52
433 1419 8
42 56 50
823 28 8
1023 937 8
1249 646 7
845 1504 57
3 1116 8
664 183 2
650 1106 2
27 642 30
641 692 2
305 577 2
535 263 2
281 150 27
649 758 2
1062 957 5
1329 1310 8
1414 1097 7
706 1399 6
980 350 2
69 569 2
172 1148 2
167 1097 7
154 689 2
655 88 3
550 42 8
1312 1212 8
632 259 8
993 1127 8
636 1437 8
486 1160 2
1394 485 27
1179 1315 7
212 724 35
303 222 8
1537 83 8
176 1389 7
263 637 12
1453 581 3
384 937 48
829 83 6
162 1443 2
486 1452 2
1237 61 15
1174 442 2
61 326 8
385 1127 8
252 980 27
683 1421 1
148 763 2
1155 1395 7
720 813 8
1071 290 2
178 823 14
1240 384 5
618 23 7
1521 1156 8
944 1340 2
259 1309 2
1037 126 2
898 412 5
148 357 7
1162 1550 8
297 139 3
578 1389 8
159 21 8
841 891 8
634 958 5
143 766 8
366 671 2
735 462 8
1144 613 6
683 1249 1
22 958 3
335 854 27
101 1342 7
258 1238 71
1439 61 15
265 56 30
230 750 33
108 971 2
584 228 8
415 980 5
713 44 8
218 183 2
126 173 2
281 513 26
674 837 23
184 936 57
459 438 8
1127 848 7
317 937 7
641 1342 7
836 546 31
744 377 1
447 1025 2
1104 209 1
999 204 7
459 730 8
487 646 5
1250 37 8
1221 252 2
535 1287 2
837 184 5
281 778 27
575 92 8
902 108 8
1340 436 7
85 551 2
186 929 7
303 626 8
681 1128 8
531 1247 2
190 551 2
928 396 41
1077 1496 53
31 1179 31
1087 444 2
741 1246 7
295 789 2
35 1033 2
427 54 8
321 21 8
1461 1337 20
796 958 5
162 1383 2
252 336 6
139 289 2
391 779 7
841 1196 2
784 709 77
514 1395 7
1183 330 7
1084 917 8
139 581 2
726 803 2
115 724 1
232 434 1
844 1135 2
273 765 19
550 445 0
549 1649 62
1240 908 5
830 455 2
575 569 2
366 1299 2
1193 191 50
116 1395 7
127 803 2
908 1342 7
99 1266 1
1056 88 3
1162 471 8
915 534 1
1259 702 2
1130 1295 1
1251 702 12
668 335 5
829 102 8
703 32 8
347 492 2
135 1156 8
335 917 2
1358 88 2
502 810 15
915 903 2
438 1315 7
126 796 8
772 366 1
442 1333 2
70 1354 1
1084 527 67
314 689 2
550 36 33
1230 1298 7
545 759 2
76 1283 2
902 444 8
233 59 8
536 399 2
679 44 8
880 841 2
893 777 2
528 637 12
88 848 7
1570 1583 8
650 1447 2
281 805 2
1232 377 48
295 1101 12
1136 102 8
541 1011 2
409 739 27
1008 1457 8
779 808 8
1022 588 8
88 1577 8
1110 108 8
1156 1090 5
1402 603 6
1565 804 2
643 1231 17
1058 412 5
620 859 2
1075 1258 2
281 737 2
1179 932 7
74 438 2
273 1471 7
915 1124 30
973 905 2
195 183 8
618 1393 2
504 1033 2
519 547 7
871 646 8
183 770 2
1194 330 8
398 1135 2
810 938 1
1145 88 5
707 535 2
603 365 2
503 1135 2
162 700 2
505 106 2
470 952 16
1081 646 8
138 447 1
703 45 2
30 1565 2
594 401 2
151 1310 8
462 1243 7
518 37 8
164 139 3
595 1591 38
1053 1033 2
883 720 15
1505 1419 8
290 163 8
205 1374 77
1174 1075 2
562 61 15
154 957 8
830 1479 2
988 720 15
573 186 1
582 937 7
340 749 7
1277 163 7
727 942 33
618 743 3
707 759 2
1348 1170 0
792 937 7
1354 702 12
855 830 30
1382 59 7
674 821 2
674 425 2
934 730 8
825 1086 8
702 190 7
699 958 3
1110 990 37
1247 363 2
1360 37 7
957 910 5
458 116 7
552 1173 2
759 681 27
1145 140 8
823 987 71
1409 1244 36
1251 330 8
1442 447 1
483 631 15
982 836 1
329 278 2
399 1124 16
641 531 7
1437 23 7
362 451 30
745 1389 7
1563 957 8
974 377 2
526 872 2
211 957 8
906 183 8
551 855 5
1114 453 34
863 929 7
1077 1045 53
1295 891 7
1303 957 7
381 1395 7
650 341 3
281 54 2
1459 1239 30
1321 88 3
177 37 8
1397 1572 7
155 1291 33
833 1075 2
1394 1058 27
1403 929 7
383 996 2
999 727 77
1461 106 30
124 412 5
938 1075 2
841 1141 2
1015 483 15
252 1553 27
617 812 2
476 890 2
929 336 6
623 1213 19
602 1310 7
127 420 2
544 345 0
140 514 2
941 1212 8
703 1315 7
227 59 1
259 1235 33
518 957 8
501 1377 8
1173 366 33
139 166 2
779 1138 6
1246 228 57
650 1335 5
770 61 15
287 1047 30
738 39 8
1352 389 36
415 1225 5
577 1223 2
335 739 27
498 59 8
325 623 6
909 1163 2
1252 569 2
330 902 5
476 1114 2
632 573 15
350 648 2
256 163 8
56 513 30
686 1550 8
829 47 8
737 573 15
226 395 2
701 516 2
914 172 2
88 178 1
919 492 2
526 1469 47
1352 891 7
521 140 5
1137 702 8
750 1564 1
1340 1181 7
681 702 12
259 102 8
551 922 2
70 1398 7
1316 1266 1
442 882 2
147 574 41
889 458 2
563 1419 8
789 732 7
233 108 8
337 226 27
805 59 8
1570 1236 8
172 80 7
724 1106 1
750 1491 7
74 159 2
779 65 8
138 750 30
116 501 55
759 1036 2
88 793 7
420 914 2
182 1454 2
1230 470 33
1136 47 8
872 256 2
552 21 8
1127 83 8
391 633 1
1144 1325 5
777 891 8
53 340 1
860 937 8
1212 384 3
1084 160 33
395 1042 2
183 423 2
200 453 2
1395 1491 7
618 1338 2
1537 1243 7
177 957 8
836 1449 2
176 929 2
33 829 2
841 166 2
737 149 8
486 666 12
1448 1126 30
239 834 2
267 149 7
329 958 5
32 535 2
425 958 5
736 139 3
361 1260 2
205 923 77
20 779 7
1085 121 13
360 516 2
390 1047 30
925 388 2
363 523 2
24 401 2
1284 36 33
501 298 8
116 703 2
1259 937 7
368 838 8
915 47 21
337 1026 27
256 1583 8
1485 1025 2
674 474 2
1213 743 5
32 462 8
922 574 2
684 718 2
51 64 30
464 325 2
1031 568 7
670 434 2
448 732 7
438 1596 7
421 1566 7
42 350 50
1564 444 57
900 516 2
630 412 5
1190 519 35
1206 573 15
1039 126 2
441 1342 7
893 1126 2
446 59 7
570 1437 8
604 915 30
305 434 1
650 1016 12
637 130 5
1104 1451 2
1144 855 3
63 159 5
251 724 35
911 1377 8
1454 539 2
447 222 8
1459 463 2
325 1139 33
205 681 7
641 476 7
1276 377 5
681 330 8
979 350 2
915 92 8
420 231 2
362 212 71
491 958 5
972 1252 2
81 401 2
377 1327 6
278 411 2
1295 778 2
535 713 2
859 722 2
982 1437 8
745 812 2
1291 796 7
303 52 8
850 362 2
466 1127 6
704 925 1
162 201 12
836 78 2
812 904 58
1438 139 3
603 938 2
1085 1213 13
385 957 8
1084 119 8
1405 1525 2
841 789 8
259 1161 7
394 65 2
792 412 5
259 1499 2
598 1418 7
30 139 2
281 597 55
160 794 44
627 551 2
255 1405 2
554 568 15
416 54 20
1370 995 1
980 505 30
856 88 3
1163 26 2
192 1340 30
1284 167 8
125 1295 2
1193 1392 50
584 681 38
27 82 38
266 1212 8
148 916 8
912 183 6
1341 412 5
1201 1661 5
1252 514 2
1337 483 15
135 462 8
1328 1206 36
218 409 2
1344 1075 57
344 37 7
672 325 2
159 75 8
1014 1400 2
143 820 8
1075 381 30
939 312 8
737 810 15
205 1377 7
1242 256 2
1010 1418 7
750 1509 1
127 958 3
259 47 8
434 1607 2
162 1325 5
324 531 2
323 259 7
1104 768 2
805 108 8
402 1418 7
911 298 8
350 1307 14
1040 114 8
1080 911 1
1230 833 8
241 1267 14
82 1031 2
85 777 2
1231 663 8
1076 1496 53
524 183 2
1019 44 8
281 900 27
76 417 2
657 531 33
633 136 6
205 39 8
889 335 2
1497 727 5
277 363 2
850 1454 2
416 369 2
409 233 27
963 732 7
671 646 8
1075 856 2
659 936 8
1179 134 7
402 80 8
1087 957 8
530 637 12
35 1213 7
69 1314 8
982 462 8
277 295 2
387 929 7
1337 1126 55
483 124 1
833 1310 7
4 1186 16
168 646 8
153 1091 2
252 231 27
915 99 0
30 1163 2
729 325 2
362 1161 7
162 590 2
486 599 2
895 412 5
350 1393 2
259 1417 27
302 1511 9
252 127 27
256 908 8
702 1563 7
491 1310 8
127 1384 8
932 1384 7
919 841 2
434 1236 6
1262 278 2
910 990 37
1233 101 1
829 270 3
236 822 74
101 535 2
1026 239 2
582 409 2
155 1419 8
183 1335 5
125 148 2
934 958 3
472 39 8
792 409 2
230 148 2
1307 412 5
551 1495 2
99 149 8
197 1213 7
420 1555 2
494 1578 5
552 766 8
777 1199 7
362 1360 30
1395 1070 5
516 1141 2
418 49 1
205 334 7
447 167 8
140 743 5
327 1291 14
82 348 2
611 911 31
1128 1004 8
650 1173 2
981 531 7
641 759 2
159 1057 57
872 829 2
334 732 7
1127 1472 5
620 689 2
1437 1139 33
377 1359 2
1081 841 2
393 568 7
298 1384 8
637 972 74
702 1489 5
241 272 31
360 1005 36
462 1059 5
300 256 2
402 1396 8
724 341 2
297 1252 2
162 530 2
636 1212 8
159 1076 2
595 929 7
750 1124 30
1047 609 2
391 259 8
1384 1062 7
679 1097 7
730 21 8
145 724 2
1177 646 8
432 573 15
704 1135 2
463 438 7
1080 765 19
921 471 2
259 1376 2
34 921 38
1459 479 1
923 1395 7
1090 724 35
483 97 8
365 139 3
250 957 8
241 206 2
51 241 30
1495 239 2
118 278 2
502 61 15
483 75 3
126 47 8
396 513 30
184 815 57
1131 1555 2
876 836 1
575 39 8
689 3 8
552 1003 2
689 341 3
641 1163 2
216 492 2
184 711 57
555 568 7
692 437 8
163 412 5
1453 787 2
324 476 2
98 838 7
86 732 7
1210 565 7
69 1436 2
1456 37 7
1135 1418 8
532 1451 2
1128 75 3
961 1284 1
1340 607 7
1231 1004 8
295 248 12
750 1381 7
1285 99 0
147 396 41
420 804 2
736 1097 7
514 1342 7
494 1247 2
252 1555 27
514 1284 2
416 314 2
279 172 27
190 618 2
1262 958 5
1184 841 2
524 60 2
601 172 7
399 1026 2
829 619 27
618 540 2
1547 18 8
252 111 6
159 497 2
1265 938 6
650 813 8
527 139 3
841 1367 2
30 420 2
796 303 20
1144 792 6
577 1121 2
1390 602 1
727 512 2
273 492 2
526 206 39
272 108 8
1284 745 2
582 1395 7
454 396 41
237 925 1
159 33 2
1506 401 2
1291 941 44
1460 383 41
64 873 30
1352 1344 37
159 716 8
458 1376 2
912 1135 2
818 812 2
568 471 6
337 228 27
1035 148 2
1213 341 5
1493 689 2
1227 1395 7
834 139 3
866 61 15
1008 576 1
865 412 5
1358 259 2
939 489 8
551 1148 2
442 770 7
1242 829 2
829 50 70
658 568 7
833 573 15
442 1062 7
1453 1415 2
53 64 30
1050 743 5
1295 1335 5
1135 484 9
1135 47 8
1291 899 5
27 362 30
1108 958 3
264 184 5
189 1362 2
69 854 27
197 1131 8
1193 1491 7
981 476 7
976 494 2
107 92 8
229 350 71
406 706 7
25 1566 37
395 872 2
321 424 8
759 793 8
1453 369 3
1047 844 31
1330 1310 8
194 281 55
1124 519 35
281 1200 2
183 545 2
1461 960 30
1000 278 9
154 409 2
1459 782 30
1219 147 8
159 729 2
1450 765 19
157 551 2
183 936 8
1163 189 27
252 804 27
841 387 8
370 1450 2
115 1127 1
505 173 2
1238 1166 1
46 1395 7
620 952 14
444 658 0
977 1389 8
126 1376 2
20 1005 7
163 1384 8
820 568 7
1258 937 7
140 52 8
1240 104 5
380 383 2
1039 420 2
397 1566 5
913 462 7
1485 1251 2
675 1340 2
259 1420 8
143 90 8
575 158 27
531 596 30
457 1260 2
476 261 2
1468 779 7
109 1097 7
686 743 3
337 1148 27
464 551 2
674 992 2
1479 1033 2
925 191 33
543 651 41
1031 1127 8
646 658 0
143 22 8
401 440 35
746 0 5
942 519 30
1102 584 12
1179 203 71
907 59 8
515 1447 1
111 823 14
447 745 2
1121 584 53
1003 952 33
56 1439 16
1553 1565 2
1232 568 7
438 47 7
185 516 27
750 684 2
81 1291 33
183 1345 2
140 1316 5
1328 888 2
211 44 8
281 498 27
1128 1577 8
1496 158 40
721 1157 62
82 916 8
823 986 71
259 1122 6
173 241 2
162 1567 2
1304 765 7
1210 442 7
69 917 2
958 798 2
1413 1097 7
1376 483 15
1518 1097 7
590 412 5
806 1610 56
1209 148 7
550 390 8
1136 338 5
932 321 6
1458 531 30
252 1036 27
497 1131 2
1458 584 41
271 1097 7
403 646 8
270 399 2
514 1156 8
476 1061 2
1284 2 2
259 619 27
241 514 1
26 325 2
420 1458 20
531 1292 30
395 116 8
85 649 41
1284 393 8
261 727 2
618 808 8
297 149 8
126 693 2
670 1310 7
1110 172 5
486 129 2
575 289 2
1047 1510 2
377 89 2
775 832 5
241 883 2
772 943 77
29 259 8
565 1184 2
1502 598 2
1040 116 8
702 593 7
648 1230 2
1135 1376 2
304 637 10
575 221 2
810 326 8
472 1578 3
546 494 1
317 1389 7
442 365 2
1246 34 12
607 1310 5
325 1059 7
442 1053 2
81 990 1
1193 338 5
314 409 2
604 750 30
61 1110 1
1084 1114 2
210 689 2
1444 550 2
1335 568 7
823 999 14
627 812 1
1338 256 2
667 54 8
939 1578 5
1039 412 5
409 1169 2
241 1500 30
158 667 27
633 741 2
650 771 2
724 1173 1
281 1418 27
368 573 15
420 981 2
363 1325 5
686 298 5
777 1062 8
1006 108 8
929 1208 0
192 162 2
241 1314 1
285 551 2
768 702 8
929 1203 6
1103 730 8
1438 259 8
759 1035 2
49 950 33
1177 126 27
172 808 8
177 1128 8
927 472 1
1163 1298 7
939 136 6
1193 1305 8
752 37 8
1078 958 3
1394 150 27
872 646 8
424 950 30
61 433 3
594 121 2
1296 1127 8
810 298 1
1252 1436 2
479 1389 7
1163 1568 2
810 590 1
205 698 77
808 453 2
834 838 8
1496 488 38
575 917 2
205 1186 16
380 724 2
810 1418 8
125 442 2
498 462 8
340 469 7
1193 539 50
335 1333 2
1497 568 7
812 29 2
148 63 8
730 1224 30
907 1342 7
1035 325 2
582 239 2
453 873 2
176 703 45
1250 702 12
1355 702 12
957 338 5
672 1075 2
575 1578 3
717 724 35
59 358 5
1045 1177 40
1240 355 7
570 1212 8
80 937 7
823 75 3
451 492 2
1454 22 2
598 1578 5
1382 107 7
515 1100 1
447 2 2
770 531 7
812 347 14
295 1541 2
447 393 8
1317 172 27
350 63 8
869 667 27
185 565 27
1284 527 67
665 108 8
447 685 8
108 959 8
973 1321 2
552 820 8
259 338 5
325 986 70
581 531 30
471 573 15
1394 513 26
1436 183 2
236 801 10
1376 1295 1
625 1131 2
159 223 26
659 83 8
411 37 8
173 140 7
982 1212 8
183 1217 8
108 0 5
917 911 31
1458 476 30
841 569 2
841 173 2
1291 863 7
1394 778 27
252 981 27
1295 147 7
999 447 77
1181 958 3
752 957 8
812 684 1
374 952 33
1557 205 19
401 1125 8
703 1081 2
508 533 3
577 1011 2
618 65 8
273 44 7
565 905 2
817 1395 7
929 1181 7
986 1252 40
1483 823 2
1163 588 8
759 1491 5
673 1047 2
205 15 77
1031 667 27
148 988 2
1039 1384 8
377 75 3
1252 289 2
1110 1005 36
1304 412 5
812 1439 14
795 1310 8
925 368 33
423 667 27
581 1230 2
1135 1420 8
897 1127 7
1478 727 2
931 21 8
900 1310 8
399 485 30
991 444 57
575 166 2
617 519 35
1258 172 8
208 1340 2
939 87 8
438 1026 2
1124 1395 7
1485 49 2
459 1127 8
1454 942 2
78 1230 2
1355 1291 33
878 59 7
316 603 6
980 1047 2
706 611 35
1250 330 8
650 424 2
736 973 2
409 1510 2
458 106 29
759 360 2
1437 1059 7
1565 177 2
416 540 2
327 1126 14
1230 936 8
1445 444 23
148 1081 6
720 1078 1
593 929 57
1099 838 8
1084 264 23
396 347 16
1040 1325 5
399 856 2
516 116 2
318 172 8
411 957 8
395 762 2
833 1131 2
172 65 8
727 1098 2
1562 458 33
290 1207 8
1415 1045 12
618 1058 2
730 844 2
108 1316 5
830 524 2
179 44 8
117 624 30
139 978 2
827 732 7
1402 929 7
150 259 2
268 789 8
1042 1075 2
928 715 2
1087 724 35
1459 208 30
1193 192 50
1025 1395 7
738 387 8
1037 1047 2
335 153 1
494 21 8
899 929 7
575 1258 2
348 526 2
726 1127 8
939 783 8
239 882 2
335 882 2
1233 272 1
720 63 8
551 1396 7
218 416 2
501 54 8
1050 1481 19
1161 1127 8
1561 568 1
1395 97 8
101 1389 8
70 1355 1
441 1400 2
650 1120 2
485 88 3
541 1080 2
420 1388 7
447 384 3
1439 803 2
1135 273 8
552 833 8
645 295 1
205 109 7
1338 829 2
396 1439 16
1005 13 64
957 1381 7
651 189 38
573 1267 15
847 462 7
1177 1163 27
581 476 30
345 1170 0
434 626 8
777 32 8
859 150 2
519 548 7
1187 1395 7
69 114 8
183 433 7
69 411 2
192 730 8
1295 498 2
1051 91 1
1166 929 7
183 766 8
166 1033 2
619 957 8
830 1152 2
1394 35 27
252 238 27
514 363 2
635 108 8
271 1033 2
841 514 2
162 993 2
377 1457 8
1295 92 7
1339 937 5
1144 627 6
929 1 6
154 859 2
3 1097 7
31 535 2
820 1127 8
577 200 2
325 293 0
1193 1315 5
1468 1005 7
745 519 35
247 1395 7
552 858 12
1082 1459 30
170 642 30
541 1609 47
350 808 8
674 1114 2
649 309 16
205 1201 7
1358 1405 2
205 805 7
361 958 3
507 1170 0
629 412 5
126 114 8
939 32 8
1454 991 2
236 421 9
430 108 1
85 565 2
731 958 5
1145 37 8
238 139 3
438 611 2
190 565 2
550 397 2
69 1211 2
1570 213 8
722 1047 16
418 1140 1
859 1242 2
37 846 6
1446 952 33
641 1162 2
526 436 1
541 32 8
727 3 5
1209 442 7
281 620 27
1108 59 8
1429 1127 7
1319 650 2
978 350 2
879 694 39
1570 437 8
279 239 27
971 1252 2
395 707 2
1076 1252 2
261 637 12
26 911 2
862 1207 8
36 1213 7
183 83 8
503 453 2
148 1337 2
148 941 2
285 76 8
268 384 3
241 1073 2
24 1126 33
823 1371 2
579 568 1
1367 667 27
1510 958 2
140 1495 2
681 1213 7
126 1211 2
454 765 2
689 433 7
1162 21 8
340 359 7
939 728 8
1082 810 15
746 1214 5
1252 1258 2
598 32 8
1566 391 57
1436 412 5
990 242 57
1566 1079 57
454 989 2
80 535 7
457 438 8
769 1295 2
315 937 7
314 239 2
1136 116 8
787 159 7
307 453 2
552 90 8
552 983 33
874 1384 7
1541 1002 2
83 416 2
1084 229 33
54 239 1
1080 1213 6
99 139 3
552 22 8
821 1246 5
869 803 2
82 63 8
420 1161 7
1050 1517 1
650 562 23
236 3 10
84 1384 2
620 409 2
281 287 2
462 487 5
1084 837 23
139 1223 2
577 54 20
932 779 6
37 95 6
62 278 2
519 831 2
108 1201 5
1135 152 30
159 900 2
373 1389 7
497 278 2
692 938 6
1084 226 3
259 97 6
1405 898 2
843 1033 2
259 493 6
1078 1097 7
505 47 8
491 929 7
602 278 2
718 596 33
1500 550 2
999 412 5
205 1216 77
1031 929 7
595 1310 8
502 730 30
1016 1511 74
1391 703 2
1359 1352 2
240 492 2
941 462 8
1497 1127 8
265 278 9
1382 401 7
350 65 8
923 1156 8
1539 412 5
569 1212 8
1232 812 1
829 1458 20
719 720 15
990 766 57
401 611 35
689 119 8
1567 236 12
925 282 23
1471 1253 59
532 1239 2
530 1126 33
649 1345 2
185 395 27
1102 651 12
592 730 50
192 1084 2
809 1126 30
809 730 30
674 264 23
937 908 5
1570 158 8
1231 36 8
1405 223 26
973 714 1
205 974 7
1008 32 8
281 273 27
971 973 2
971 577 2
172 233 27
191 1127 8
1239 836 3
1457 37 7
1511 1072 5
190 442 2
976 1585 2
170 183 6
191 1419 8
420 524 2
1570 90 8
168 584 33
502 1033 2
1394 1364 27
737 1097 7
401 982 7
395 360 2
1080 841 2
573 99 0
395 355 8
438 485 30
667 1325 5
500 256 2
486 1575 2
1193 848 8
816 1395 7
1458 651 41
1084 808 8
594 929 7
268 387 8
399 678 2
1328 546 35
127 366 2
241 726 2
370 938 2
1382 1097 7
479 140 7
355 603 6
1292 1144 44
42 1047 50
803 883 2
140 1148 2
810 133 1
1391 1389 7
673 1565 2
527 957 5
686 808 8
60 611 35
1382 633 7
907 535 2
1239 929 7
102 1340 2
155 401 2
348 416 2
688 526 2
774 1075 2
1076 1126 30
1184 765 19
880 952 16
674 284 33
396 861 30
1123 1395 7
1036 148 2
575 387 8
810 789 8
1239 803 2
692 97 8
438 1206 7
810 393 8
939 605 8
1008 728 8
907 462 8
459 957 8
193 401 57
915 789 8
420 928 2
1170 1514 0
1565 471 2
546 1389 8
416 834 2
1237 958 3
61 1281 1
437 1349 8
836 961 31
980 1565 2
729 667 27
642 480 2
818 519 35
1098 458 33
533 836 2
1131 1190 55
217 88 3
823 781 30
1100 637 12
322 88 3
1084 821 2
85 1461 8
1454 226 3
1022 83 8
4 381 14
620 458 2
221 172 8
1284 99 0
30 836 2
1047 272 31
977 494 2
12 838 20
1211 256 2
1296 929 7
864 63 8
641 59 8
140 1506 7
1510 911 2
877 915 30
1459 106 30
527 149 8
864 355 8
148 1176 7
162 591 2
1162 766 8
1179 359 7
252 128 27
1363 293 0
1160 950 33
1485 747 2
637 610 75
313 1118 5
1314 453 34
1352 75 5
1230 111 15
703 228 2
46 1156 8
206 184 5
841 39 8
205 1161 77
1039 140 2
457 1084 2
255 259 2
1171 139 3
1056 957 8
1472 651 12
674 24 2
355 335 2
250 330 8
362 116 8
1161 957 8
914 350 2
912 172 2
917 492 2
676 1340 2
1040 1207 8
238 575 2
565 672 2
343 958 3
789 1352 2
472 728 8
88 1039 7
70 311 2
658 957 8
540 958 2
140 1500 5
377 658 0
76 1406 2
1006 584 2
259 1458 20
419 812 2
325 588 8
330 908 8
1459 805 2
416 1358 2
1126 98 7
396 873 16
1002 940 2
875 598 7
205 627 7
797 102 8
409 365 2
309 1135 2
519 784 2
88 1309 2
565 309 30
1340 21 8
1396 139 5
300 325 2
1144 419 35
847 1084 7
1075 739 27
281 218 27
277 1284 2
295 893 33
420 177 2
1230 83 8
368 61 15
702 1490 5
133 335 5
737 692 2
805 845 1
1304 777 7
183 893 2
606 162 1
1246 1498 57
1153 88 5
1546 646 8
603 488 2
505 229 2
380 1195 2
271 1213 7
1084 65 8
568 1578 5
945 952 33
393 1131 2
162 888 23
784 149 77
362 421 2
703 856 2
1496 737 2
1284 118 2
1129 1078 1
1246 1430 57
241 671 2
565 1076 2
1337 159 20
957 97 8
261 447 2
1110 1244 36
820 957 8
1391 646 7
126 116 8
1168 584 2
240 377 2
899 76 7
476 713 2
1047 834 2
921 426 7
483 98 8
434 158 6
1124 1342 7
143 834 8
1252 460 2
476 609 2
637 376 5
1468 1127 7
464 1295 2
434 846 6
856 724 25
256 54 8
628 412 5
438 905 2
903 836 2
462 716 8
114 239 2
584 296 8
71 483 15
674 229 33
822 205 19
689 296 8
1460 574 2
692 42 8
213 1389 7
442 39 7
281 914 27
442 773 2
1317 575 27
75 1213 7
797 42 8
1116 424 2
430 667 2
318 1389 7
1127 1307 13
720 1421 1
334 366 33
1174 958 5
1230 1076 2
1315 88 5
1352 656 2
27 61 15
69 1333 2
650 199 2
880 281 2
541 555 2
535 1355 2
859 1364 2
1277 384 5
409 889 2
753 732 7
650 491 2
189 730 8
1550 1395 7
841 1436 2
1201 476 2
1570 663 8
1179 80 7
279 69 27
1298 1156 7
1129 719 15
508 1062 8
618 891 7
601 803 2
541 873 14
205 590 77
1131 432 15
933 936 7
1391 1342 7
1459 51 30
855 44 8
140 1393 2
915 441 0
607 295 2
925 1274 12
500 829 2
790 412 5
503 575 2
36 70 2
726 929 7
568 936 6
487 37 7
241 1299 2
823 863 7
56 1204 30
350 233 27
138 278 7
601 689 7
33 256 2
126 1041 2
40 37 8
689 1393 2
150 362 2
145 37 8
646 99 0
34 239 38
481 205 19
148 179 8
337 125 27
931 424 8
1116 1120 2
28 259 8
1367 516 2
563 859 2
42 241 50
808 59 7
139 974 30
440 535 2
913 59 7
646 1197 2
1454 138 2
1565 648 2
416 1011 2
442 1396 8
1315 76 52
541 1183 2
172 1333 2
1553 1230 2
650 443 12
759 1555 2
759 1550 8
574 622 35
70 480 2
1193 1388 7
226 1135 30
836 638 27
732 421 2
192 568 7
634 1310 8
139 1449 2
285 1295 2
66 836 2
980 462 8
377 863 7
166 516 2
572 241 35
810 1110 1
577 1004 27
484 1352 84
1013 990 5
628 1384 8
1053 1565 2
1207 730 8
377 853 12
1303 730 8
841 289 2
486 1173 2
1194 1086 8
926 472 1
1394 498 27
483 1381 7
180 1193 30
252 701 27
1144 506 6
915 1361 0
823 1491 7
4 1125 6
1173 637 12
241 324 2
247 1342 7
582 759 2
396 129 8
35 350 2
263 674 2
934 929 7
606 321 64
776 441 0
565 625 2
817 1156 8
591 458 33
205 274 5
259 675 33
64 191 30
340 817 7
359 552 2
735 183 8
418 877 30
599 366 33
912 453 2
674 993 2
238 1252 2
295 1187 0
447 80 7
127 183 8
192 603 6
667 1161 7
688 416 2
1252 796 8
438 116 7
1200 412 5
810 433 3
1123 1389 7
1525 1131 20
205 976 7
1478 447 2
315 1395 7
70 155 1
1045 1525 40
1037 462 8
796 1310 8
97 149 8
1474 803 2
228 836 2
1126 1072 8
744 494 1
216 1126 2
216 730 2
420 43 6
1247 462 8
1227 937 7
1121 689 2
980 1163 2
438 678 2
1120 44 8
183 1242 2
69 882 2
1144 992 35
82 917 8
541 104 2
126 1325 5
1219 1578 3
1156 579 5
1214 1212 8
514 1230 2
777 39 8
623 1405 2
925 179 15
544 1500 30
603 1525 2
256 681 27
1351 70 35
671 573 15
618 882 2
736 958 3
876 59 8
727 818 2
925 111 15
1397 37 7
391 442 2
604 494 2
999 1191 77
646 269 8
382 140 7
829 1161 7
75 44 8
829 1499 2
1288 330 8
476 1354 2
508 881 3
823 808 7
568 485 6
370 664 2
586 667 27
702 1058 7
478 59 8
856 957 8
698 568 7
1163 936 8
415 1397 5
873 573 15
143 719 8
162 116 8
1037 1163 2
1456 911 31
70 1247 1
575 978 2
575 582 2
457 682 2
340 530 7
126 1377 8
795 929 7
921 1337 2
442 1122 2
836 922 30
948 732 60
1487 1097 7
900 929 7
1493 239 2
494 1187 0
256 627 8
737 303 20
98 1084 7
226 859 2
575 514 2
696 259 8
886 937 7
1338 325 2
1084 345 0
550 1160 2
1463 88 3
869 750 2
541 1196 2
979 1565 2
102 1389 8
1156 63 8
158 958 5
654 416 2
1084 1407 2
399 1376 2
172 882 2
1450 335 2
557 1126 50
958 681 27
1555 335 2
151 812 2
1211 108 7
434 54 8
1438 958 3
406 256 7
1337 646 8
929 1105 0
860 568 7
387 1156 7
618 1510 2
1187 1156 8
108 976 5
1315 139 3
402 891 8
727 1446 2
252 685 6
810 1055 1
317 172 8
503 1252 2
1271 933 2
1459 624 30
915 1014 0
730 1583 8
162 713 2
494 833 8
910 1244 36
494 437 8
148 429 2
826 732 7
401 102 8
24 933 2
1295 150 2
505 114 8
819 1342 7
381 60 44
1340 487 5
218 412 5
1129 1364 1
1480 715 48
291 281 55
1166 1310 8
323 412 5
143 36 8
505 384 3
15 505 2
1565 1393 2
911 1122 2
565 502 2
170 362 30
459 172 8
295 1132 0
1329 1566 37
1487 59 8
863 412 5
116 56 33
295 1226 12
541 1486 7
869 603 6
555 505 2
375 730 30
1454 315 2
1252 277 8
61 428 1
95 925 2
1317 69 27
98 333 7
1304 779 7
1104 208 2
762 1127 8
933 392 36
859 1358 2
238 1126 30
69 1223 2
140 1554 5
650 89 2
974 494 2
584 883 16
325 980 3
61 355 7
411 335 2
399 625 2
35 303 2
1459 960 30
1461 119 81
1295 1242 2
1281 183 6
1404 637 12
154 937 7
478 1342 7
365 958 27
957 292 2
1042 516 2
1084 291 8
712 1104 7
890 720 15
1087 37 8
476 611 2
929 57 6
148 661 2
609 462 8
359 162 2
577 616 2
258 531 2
595 337 38
890 1608 46
1322 434 14
739 108 8
476 903 2
170 1454 30
56 1094 30
1037 420 2
507 140 8
64 368 30
575 235 2
91 937 5
337 54 6
925 753 23
668 88 1
746 934 5
88 1152 26
265 973 9
911 543 2
453 41 58
341 405 2
215 335 2
337 411 27
106 295 2
401 855 5
265 642 30
1439 362 31
205 1153 7
1483 1340 2
244 531 29
551 1039 2
335 479 2
1125 568 7
377 1070 5
370 987 41
210 239 2
550 745 2
420 1391 2
300 1075 2
650 717 2
281 471 2
541 677 2
281 1364 27
74 172 2
1084 992 2
577 1609 47
483 364 1
810 1220 15
811 776 5
503 577 2
1461 919 30
388 1395 7
856 937 7
1179 306 7
855 239 2
399 857 2
865 937 7
497 667 27
250 1231 17
395 763 2
164 1097 7
383 949 2
1461 851 30
1476 307 30
1247 718 10
159 620 2
847 59 7
779 1118 5
205 1108 77
642 976 30
486 771 2
41 278 7
915 1000 1
365 584 1
1131 945 21
1183 730 29
505 163 8
1181 1437 8
377 726 8
1046 973 74
1162 833 8
823 1381 7
401 47 8
1145 1212 7
235 911 2
205 644 77
939 789 2
1487 1342 7
1230 277 21
64 1392 30
763 950 30
1000 1646 7
658 472 1
259 524 2
27 259 8
852 750 30
1373 1310 7
551 233 27
337 1039 27
70 272 31
1225 1156 48
315 1389 7
880 1162 1
1540 412 5
451 438 2
1031 1310 8
655 1395 7
634 438 6
1496 851 5
416 1133 2
880 1135 2
151 1566 37
86 568 7
183 840 2
402 1199 7
886 172 8
1144 590 35
82 119 8
1221 259 2
874 462 8
1219 384 3
1100 113 2
53 730 2
77 937 8
972 973 2
724 93 12
1394 792 27
66 958 2
820 472 1
958 981 2
813 686 1
864 1550 8
494 368 33
199 519 30
297 1419 8
1547 1457 8
1437 980 3
1259 1400 2
743 139 3
692 1228 1
911 1138 1
34 765 38
1047 1073 2
258 476 2
117 1359 1
1284 226 3
1137 1310 7
142 1437 8
934 1384 8
228 442 2
998 727 5
343 1342 7
483 269 8
1044 1213 7
359 674 2
325 685 6
840 350 14
909 829 2
1252 235 2
1127 863 7
1158 88 3
122 836 2
588 957 8
679 1389 7
41 205 19
184 1279 57
1166 108 8
633 1236 6
205 1098 7
1245 1091 7
325 600 2
1127 1133 2
449 37 8
942 642 30
692 213 8
1550 1342 7
979 1163 2
1474 925 2
420 269 6
85 957 8
1239 1310 8
1116 199 2
420 648 2
236 1489 5
531 1554 2
1533 718 1
139 53 30
438 858 7
642 200 2
894 1127 8
905 139 3
625 667 27
1128 97 8
1437 947 2
1383 88 5
541 622 2
1322 59 7
398 126 2
841 1211 2
546 937 8
712 1349 7
1390 446 1
399 1198 2
285 442 2
802 1415 5
1287 1291 33
52 568 7
162 1371 33
1186 1437 7
1180 1156 59
852 370 2
444 1431 5
830 470 2
45 205 2
1461 849 41
1126 1456 30
772 1634 77
503 350 2
36 241 2
241 736 7
1390 670 1
143 1305 8
565 1479 2
1244 115 15
475 836 2
1455 911 31
1395 1381 7
487 937 8
1129 607 2
1193 138 50
209 70 35
154 172 8
716 37 8
1029 667 27
309 810 15
568 643 6
337 627 6
1037 1384 8
595 584 2
1127 1491 7
1316 573 15
780 447 1
925 942 33
1351 568 1
238 399 2
878 1097 7
929 21 8
55 412 5
1231 1481 2
108 626 8
548 416 2
999 779 7
641 256 2
541 1026 2
546 1008 7
532 216 2
552 388 2
542 1252 2
833 303 20
550 671 33
362 50 71
1565 423 2
978 1047 2
56 191 16
634 779 6
1230 1479 2
201 278 74
690 950 14
447 226 3
107 228 8
995 362 33
535 155 2
1075 1227 7
961 377 1
765 75 8
1219 387 8
176 1395 2
88 1420 8
1156 1329 5
59 1243 7
1443 444 23
850 492 2
274 1511 74
199 462 8
686 1505 5
829 43 6
958 484 58
721 416 27
462 384 5
1394 341 27
401 355 7
1213 65 8
1186 462 7
45 541 2
216 598 30
810 1281 1
232 990 5
1303 568 7
701 845 1
455 1047 16
1396 957 7
902 412 5
252 1203 6
142 1163 2
651 1525 40
1003 925 10
259 873 2
841 460 2
1266 1243 7
1394 273 27
252 872 27
363 1102 37
544 1296 21
1145 1097 7
167 1213 7
598 1125 8
24 775 12
800 568 7
829 986 70
573 133 1
416 116 20
199 396 30
210 1342 7
1145 1389 7
565 796 2
877 990 5
575 1436 2
28 730 8
1163 83 8
796 779 6
716 957 8
140 808 8
277 718 10
763 603 6
1454 609 2
1127 808 7
228 1075 2
552 1480 2
778 1230 2
868 958 5
667 936 7
657 1084 2
438 229 2
438 625 2
458 63 7
633 1623 1
344 140 8
71 925 0
555 335 2
286 568 15
184 828 57
309 1213 7
1008 101 8
194 551 2
325 941 2
27 1126 30
1321 1395 7
437 727 2
1093 297 6
401 1237 36
569 1437 8
170 252 6
1215 1002 7
83 1395 7
723 911 31
651 763 38
1023 88 3
1014 1389 8
980 1230 2
69 1449 2
325 122 33
69 1053 2
1437 600 2
650 315 2
395 33 2
867 1254 2
70 883 2
148 284 6
1326 377 8
873 706 44
84 702 2
252 1568 27
285 486 8
216 830 30
535 229 85
1461 53 30
152 531 2
1552 59 8
436 1310 5
1337 396 55
483 186 1
651 154 40
503 399 2
1459 167 30
377 329 2
1047 1354 2
31 1131 7
494 1583 8
329 1566 37
596 1144 44
1284 466 2
565 1424 2
929 908 7
720 22 8
254 970 74
609 958 3
458 805 2
779 1377 6
779 1418 7
244 1156 8
1505 183 8
903 1252 2
126 365 2
772 1115 77
1122 1162 2
533 362 30
1288 37 8
1259 198 2
1179 675 71
335 773 2
70 1314 1
1084 91 67
649 883 16
551 891 7
823 848 8
1227 1454 2
515 1151 21
301 862 77
565 40 8
362 1094 30
1008 1125 8
664 1295 2
672 911 2
165 1002 1
673 1389 8
104 140 2
692 390 8
1232 337 48
541 1367 2
325 1523 7
565 206 54
442 1121 2
307 399 2
420 1221 2
569 462 8
328 1310 8
869 438 6
1210 1310 7
107 277 8
1230 1424 2
88 344 7
541 903 2
398 803 2
387 1395 7
1211 325 2
865 1127 7
334 149 8
491 1566 37
718 0 0
1374 958 5
117 919 30
864 820 8
706 1236 6
1179 824 7
139 1169 2
843 1047 2
402 1062 8
876 462 8
98 573 15
1033 223 26
350 596 16
1393 1156 7
852 646 8
1127 1070 5
140 739 27
1131 1176 15
830 1439 2
1551 718 4
498 702 8
1343 472 5
259 43 6
1397 732 7
205 1626 77
471 1437 2
145 458 2
162 884 2
408 59 8
1394 218 27
61 163 8
999 283 77
255 724 2
870 973 9
999 718 5
1562 1170 0
256 1161 7
486 562 23
531 781 30
301 1266 77
1561 88 5
1460 148 20
1384 728 7
337 1333 27
919 1135 2
820 330 8
1275 1084 7
1193 315 50
209 88 5
301 1558 77
88 338 5
125 568 7
218 957 7
1372 1310 7
140 65 8
218 1295 2
442 1187 7
435 252 6
383 1500 30
873 61 15
442 1525 2
1329 412 5
259 986 70
240 438 2
1144 54 6
515 507 0
692 1482 8
730 1292 30
337 869 27
242 531 79
674 713 2
144 37 8
1471 871 59
823 269 8
565 673 2
505 1325 5
1335 603 6
321 373 52
207 262 2
1058 776 5
249 37 8
185 409 27
551 1584 28
447 534 2
1128 1079 2
570 1384 8
1536 958 5
905 1075 2
88 1436 7
1069 950 30
1126 63 7
1019 1389 7
641 829 2
779 1396 8
70 604 2
981 415 5
867 929 7
447 466 2
789 37 8
909 646 8
775 822 74
1215 259 7
1252 52 8
438 106 2
1291 176 45
1333 1127 8
829 293 0
1003 113 2
1570 104 8
1215 551 7
859 1133 2
66 1252 2
281 219 27
86 1127 8
502 1047 2
603 808 52
183 1358 2
871 838 8
543 794 2
1552 1342 7
724 266 1
85 383 8
471 303 20
1570 36 8
692 1184 6
720 622 1
37 273 6
102 519 30
1394 914 27
573 441 0
446 519 35
1246 1499 57
727 246 2
290 355 8
618 206 2
694 920 1
958 1161 7
392 568 7
541 147 8
303 291 8
432 732 60
388 812 2
306 37 8
1054 689 2
148 57 6
1131 97 15
913 401 5
126 1375 27
1047 1299 2
1179 114 8
393 1127 8
577 1183 2
594 1213 2
1302 730 8
921 833 2
36 1437 8
476 678 2
102 183 6
377 269 8
674 1409 2
1163 661 2
702 778 7
269 59 8
1156 875 2
1042 911 2
64 539 30
951 37 8
1179 384 3
341 598 7
235 350 2
1377 259 7
1488 694 39
983 823 31
483 787 8
674 945 2
340 250 7
239 322 2
790 779 7
383 421 30
51 535 30
1127 1381 7
236 474 75
584 297 8
1566 282 57
810 47 8
950 176 45
736 438 6
552 942 33
551 80 7
438 756 7
442 436 7
528 1126 33
442 774 2
162 1214 0
85 1084 2
442 728 7
76 1120 2
333 1125 8
1336 929 7
1230 1077 2
1216 59 7
176 399 41
396 191 16
894 957 8
854 1395 7
309 453 2
1570 1420 8
88 231 2
278 909 1
1209 565 7
143 387 62
1455 37 7
872 148 2
168 183 6
494 1541 2
706 493 6
646 393 8
168 958 2
370 986 41
1476 546 30
294 1419 8
1545 1310 8
1177 603 27
513 1230 2
321 90 8
499 550 2
267 256 27
1405 857 2
579 88 5
370 1184 2
618 834 2
501 1574 2
604 550 2
458 338 5
495 568 7
1401 438 6
727 1562 2
544 1225 0
780 531 30
1404 113 2
747 1437 8
369 836 2
1292 777 2
33 325 2
1283 363 2
830 988 2
252 74 27
1259 943 2
1405 393 2
259 763 2
227 183 1
1233 116 1
1162 1004 8
457 702 2
568 1229 6
31 692 44
810 311 1
1252 1449 2
475 958 2
126 1042 2
1174 516 2
931 848 7
1163 1243 7
337 882 27
438 1556 7
1028 859 2
704 1091 64
145 335 2
1521 88 3
1162 936 8
1475 1496 12
925 572 2
551 1510 2
442 1132 7
301 1143 77
624 1047 30
703 101 8
1330 724 1
238 958 3
32 646 8
343 462 8
1156 119 8
88 1381 7
1346 1135 2
1069 1291 30
383 54 20
435 462 7
322 689 2
451 505 2
1380 1230 20
447 114 8
1565 1337 2
978 1565 2
1284 345 0
657 568 7
986 1496 2
1230 97 8
1544 929 7
1297 718 1
207 35 2
69 255 2
641 706 2
438 46 8
74 575 2
535 277 2
505 393 8
859 1078 2
297 929 7
658 1127 8
636 1128 2
1262 1566 37
406 1437 8
686 1335 5
544 873 30
603 898 2
1314 366 33
1290 1231 17
486 858 12
401 523 2
451 830 30
1146 743 5
1303 1127 8
1085 709 13
563 412 5
1085 313 13
1537 97 8
938 516 2
1496 1593 38
667 1469 47
988 823 30
565 626 2
337 1510 27
64 192 30
1163 210 2
349 363 2
126 21 7
229 803 2
143 92 8
1037 140 2
108 1111 7
270 458 30
142 1212 8
1053 1389 8
340 1506 7
1019 1342 7
415 1062 5
915 24 1
912 350 2
434 792 6
1253 1437 8
330 1550 8
836 191 30
1364 88 2
438 805 7
350 1267 14
905 1252 2
265 362 30
27 239 39
773 829 2
184 1346 57
437 453 2
420 423 2
1328 808 7
979 1230 2
1553 256 2
199 1384 8
295 579 2
1304 1127 7
417 259 27
1144 993 35
281 792 27
157 812 1
806 642 30
40 1097 7
535 1296 8
1476 199 30
173 535 2
1177 256 27
1319 718 2
777 728 8
527 108 8
841 1377 8
1390 617 1
1405 114 2
941 183 6
35 1047 2
1385 1569 22
1186 1212 7
573 1014 0
573 1055 1
393 667 27
171 149 8
780 476 30
271 126 2
1037 836 2
486 491 2
503 958 3
140 233 27
1179 250 7
447 345 0
1264 812 2
1058 937 8
370 665 2
1244 286 15
476 1251 2
494 102 8
718 36 33
1570 338 5
1485 534 2
713 462 8
1193 309 50
682 1314 7
713 363 2
899 650 7
575 979 2
159 663 8
396 1448 30
1036 1131 2
361 1384 8
838 80 8
551 1455 2
858 1068 5
440 841 2
576 1213 7
703 46 8
295 109 0
650 71 0
109 650 2
545 841 2
885 1394 27
849 720 15
533 1131 2
728 958 5
1131 27 2
1209 1310 7
211 1389 7
80 603 7
1291 926 15
650 853 12
1125 957 8
369 642 30
463 259 8
258 501 71
228 149 8
704 724 30
671 838 8
671 1135 2
1570 1305 8
960 718 1
1325 568 7
160 777 2
1047 463 31
519 675 2
856 1389 7
867 401 2
847 183 7
501 1114 21
641 646 8
437 139 3
759 390 33
1476 1119 30
159 1036 2
1405 1138 2
875 462 8
508 1199 7
1124 70 35
138 925 1
727 1447 2
499 727 2
1295 219 2
843 1565 2
183 487 8
241 1557 12
577 513 26
263 1084 2
424 952 30
573 372 1
159 1364 2
704 803 2
498 829 2
1461 272 20
259 648 2
841 235 2
162 318 2
1384 1314 7
1400 308 7
838 47 7
252 647 27
1537 42 8
999 113 77
988 476 30
1082 239 39
142 1230 2
841 626 8
707 841 2
598 1296 8
457 937 7
1545 108 8
396 75 8
385 1086 8
271 1437 8
557 139 5
124 568 7
263 236 12
577 677 2
599 730 8
1044 1597 38
983 810 15
20 1582 2
575 1211 2
142 1162 2
1479 1340 2
1229 603 6
899 1570 7
125 1127 8
609 59 8
913 1097 7
519 1224 30
58 281 55
746 307 5
1454 780 2
569 1384 8
531 1499 10
913 1389 7
836 240 30
1261 1156 8
774 911 2
1442 925 1
212 1496 2
1128 863 7
326 568 7
1008 272 8
205 1214 7
108 1321 8
70 789 1
1230 1235 33
85 682 2
543 692 2
434 273 6
614 1419 5
185 859 27
921 292 30
1121 239 2
1217 59 48
1215 777 7
1436 108 1
535 558 2
139 606 31
22 117 30
1502 568 15
409 488 2
633 1622 1
86 957 8
1443 823 33
876 1384 8
1476 1455 30
281 341 27
550 743 3
151 1395 7
759 26 2
181 568 7
1547 1581 8
1128 213 8
1328 685 7
76 249 8
761 730 8
1075 693 2
717 1389 7
267 1310 7
1077 1163 2
298 139 3
1515 325 2
372 1310 7
1238 983 16
303 855 3
730 213 8
541 368 14
205 85 77
148 324 7
743 149 8
1352 138 35
148 662 2
1047 1525 2
483 393 8
1330 535 29
565 470 1
374 650 2
507 37 59
915 1208 21
379 574 2
718 1292 33
483 685 8
775 801 10
1041 911 2
524 241 30
847 139 3
479 1437 8
1246 242 57
702 1296 7
864 1335 5
357 552 2
126 536 2
1503 438 8
1042 1033 2
515 1361 0
1252 233 27
340 80 7
790 1005 7
442 672 2
447 992 2
1104 572 1
551 1062 7
1040 355 8
438 1028 2
226 409 2
1008 905 2
923 937 8
458 1200 2
1126 917 7
80 256 7
1152 37 8
922 252 2
550 1106 2
1128 914 2
664 1461 8
98 706 44
1093 1388 6
978 1163 2
1227 1453 2
1553 829 2
45 911 31
170 1384 7
491 412 5
974 727 2
150 911 31
66 399 2
750 240 2
555 88 3
686 445 66
602 958 5
1312 59 7
1127 97 8
50 1045 2
50 649 2
1177 829 27
1009 139 3
600 321 6
318 427 80
183 437 2
52 88 3
42 515 2
1146 341 5
750 167 8
939 83 6
810 605 1
1284 891 7
475 1252 2
1160 1395 7
1412 270 2
162 367 2
718 1428 2
495 1127 8
506 139 3
159 913 2
369 958 2
1526 1156 8
609 1342 7
160 1047 30
1162 834 8
1144 1 6
1129 622 1
1145 1213 7
1213 533 5
1271 444 23
1230 179 15
138 1135 2
148 867 33
659 338 5
696 568 7
565 178 7
205 1333 77
829 35 23
620 1131 20
434 1305 6
519 877 30
334 401 2
808 646 7
913 646 7
552 512 2
1568 689 2
506 703 20
238 1097 7
230 362 33
880 1163 1
221 1405 2
592 915 50
592 519 50
455 37 7
1333 929 7
135 140 8
1226 970 74
355 1086 8
212 1045 2
212 649 2
799 259 8
787 508 7
80 1572 7
1438 929 7
383 222 15
23 64 30
325 661 2
86 929 7
634 1127 6
418 514 1
1046 1065 5
508 1070 5
1322 1395 7
657 1127 8
577 471 20
36 1179 31
83 1156 8
37 908 6
973 872 2
1184 1231 17
1323 59 8
834 779 6
183 1133 2
69 773 2
69 1169 2
162 293 0
565 1152 26
159 938 6
82 808 8
252 1327 6
1459 974 30
70 999 2
1009 453 35
311 205 2
377 1428 2
1084 602 2
1271 1191 12
858 568 7
162 1355 2
1313 139 3
255 1195 2
439 950 30
270 1047 2
618 39 7
939 1399 6
836 488 2
1163 504 2
454 1047 16
408 462 8
162 1287 2
1491 88 5
784 321 77
1050 91 1
148 228 6
535 1224 30
718 745 2
486 89 2
1460 259 20
1295 1120 2
933 714 2
824 732 7
584 763 38
36 1212 8
362 588 8
817 1342 7
125 667 27
913 1342 7
574 1517 1
1037 366 2
173 750 30
117 49 1
1330 453 30
796 1127 6
1461 50 41
939 102 8
1359 950 33
1078 108 8
1382 750 7
228 1131 2
552 1140 2
533 519 31
1162 83 8
90 139 5
1179 1325 5
512 70 35
686 1217 8
457 172 8
632 1295 1
106 241 2
1458 794 2
845 837 57
1340 848 7
238 59 8
272 159 20
1126 1200 2
643 462 57
882 1230 2
323 377 7
183 1491 7
199 823 2
551 147 7
61 606 1
190 859 2
139 450 30
420 1337 2
1415 565 57
1570 507 8
880 453 2
906 838 8
1338 148 2
1561 444 2
278 684 1
823 176 45
739 823 2
541 623 2
172 773 2
178 1395 7
986 1589 38
722 911 31
290 1181 7
655 937 7
527 730 8
775 421 9
403 838 8
1232 88 3
139 889 2
47 937 7
290 1550 8
35 1565 2
599 401 2
928 730 2
494 893 33
601 929 7
618 959 7
618 1396 8
747 1212 8
54 957 8
888 720 15
535 1456 30
603 206 54
1025 1352 2
486 717 2
855 409 2
1265 903 6
729 438 8
1179 855 3
4 273 6
1033 1418 2
486 1009 2
1144 1153 6
1299 531 2
737 108 8
683 186 1
586 689 2
568 1004 6
729 730 8
337 365 27
477 649 2
1155 1389 8
1172 1419 8
1246 523 57
444 99 0
702 1181 7
907 1640 2
486 282 23
727 1322 13
1566 753 57
1472 565 57
292 1131 20
13 1389 8
340 653 7
502 396 30
371 139 3
325 1210 6
259 762 2
598 326 8
179 939 15
1567 950 33
222 1086 8
442 1199 7
259 35 23
565 393 2
666 278 74
1303 1246 5
1330 412 5
217 172 2
659 1381 7
401 1325 5
653 363 2
667 601 7
80 829 7
550 1283 2
1323 1342 7
108 523 8
650 1359 2
1439 750 2
381 911 31
1463 957 8
82 430 2
823 203 71
87 750 2
70 324 2
1284 419 67
592 396 50
1135 116 8
872 911 2
295 1329 2
216 957 8
809 396 30
1305 1310 7
596 139 5
74 350 2
550 341 3
499 637 12
750 417 2
172 1396 8
526 484 2
1231 390 8
1459 919 30
847 1097 7
750 808 8
1317 1389 8
406 1212 8
867 1310 8
603 673 2
162 1404 2
1373 958 5
590 1246 37
594 709 2
829 336 6
670 1005 36
439 1291 30
1459 851 30
1295 1133 2
522 1127 8
1437 588 8
395 21 8
618 322 2
1230 820 15
97 573 15
718 2 2
1173 401 2
383 212 2
140 882 2
1500 552 2
1526 937 8
279 492 2
841 357 2
150 1126 2
35 126 2
252 769 27
988 598 30
718 890 33
519 1518 30
775 3 10
399 47 8
577 903 2
359 1084 2
988 651 41
915 1098 21
914 1163 2
699 933 2
109 1531 1
1193 1455 50
1054 44 8
694 905 2
28 1419 8
363 714 2
918 1135 2
1045 80 8
366 460 2
452 970 74
126 129 8
939 47 8
418 1341 30
458 424 7
723 937 8
476 726 2
359 236 12
447 590 2
1468 1582 2
674 1061 2
1084 1118 5
1253 1212 8
1308 1127 6
686 766 8
388 519 35
1364 259 2
107 1321 8
810 163 8
774 1033 2
789 950 33
1082 61 15
91 646 68
421 492 2
1008 102 8
370 917 20
1009 1097 7
1289 810 15
1004 651 53
652 183 6
1538 412 5
728 501 5
1128 1381 7
519 1160 1
551 138 2
126 68 24
281 1031 27
769 568 7
447 855 3
541 298 7
551 92 7
179 1342 7
416 500 2
416 104 2
506 1097 7
928 649 41
69 1450 2
1570 848 8
1215 1295 7
674 611 34
189 60 2
177 350 2
971 434 1
759 648 2
510 1384 7
854 1156 8
395 722 2
1125 823 14
181 1127 8
1416 823 2
686 135 5
913 921 5
1076 1163 2
872 259 8
411 458 2
841 1449 2
256 648 2
61 1207 8
190 1419 8
402 39 8
305 281 55
494 942 33
834 60 2
759 179 8
573 743 5
172 249 8
1547 32 8
140 1510 2
139 78 2
864 21 8
259 191 2
21 335 2
813 241 1
300 1291 30
365 516 2
277 937 8
325 1327 6
598 47 8
54 88 3
1264 937 7
1041 1033 2
1252 1169 2
126 762 2
183 1070 5
1188 56 50
341 1342 7
126 320 7
325 863 6
206 958 2
357 674 2
718 523 23
442 898 2
457 750 2
792 494 7
1242 911 2
1133 929 7
155 1086 8
1104 1090 1
417 438 27
592 117 50
1568 183 2
295 1446 2
230 1459 33
295 666 12
189 377 6
1020 1128 8
1136 63 8
727 250 5
183 1004 27
258 64 30
1136 355 8
76 1468 2
1114 952 33
686 1227 5
1322 1389 7
416 1024 2
980 256 2
872 1252 2
78 335 2
217 44 8
995 1310 8
623 667 27
1443 366 33
322 44 8
98 205 14
859 798 2
759 1568 2
395 908 7
297 1086 8
503 321 6
1547 728 8
75 958 3
547 694 39
850 438 2
1179 825 7
1179 429 7
471 1127 6
406 720 7
841 78 2
1124 241 35
836 255 27
1191 771 75
159 1161 7
1081 462 7
1215 148 7
390 957 8
1279 1135 2
627 330 8
1461 489 15
698 958 5
756 88 3
750 685 8
347 830 30
205 1627 77
862 471 8
4 158 6
297 1310 8
1340 1415 5
590 568 7
575 1450 2
1139 1126 16
1394 219 27
377 1250 2
1295 322 2
259 336 6
4 846 6
22 531 2
544 421 30
695 568 7
1193 63 8
377 523 23
508 32 8
271 1212 8
337 938 27
727 130 59
446 990 37
387 183 2
117 1250 1
261 113 2
241 291 7
696 1127 8
1041 350 2
432 1295 1
923 1400 2
546 1213 6
527 172 5
1454 555 2
148 424 8
148 820 8
614 1170 66
1459 834 1
464 565 2
912 70 2
674 610 2
287 1246 5
897 568 7
1252 855 3
836 307 30
1037 183 8
455 159 7
789 1291 33
1328 282 2
418 1100 1
1008 47 8
916 37 8
386 1157 62
9 139 3
540 1252 2
636 1310 7
1081 1496 53
1207 486 7
333 102 8
894 335 2
789 330 8
841 1375 27
531 1445 2
362 344 30
550 226 3
1449 256 2
968 732 7
985 1496 2
228 950 30
1080 1252 2
859 1030 2
292 1295 2
441 140 8
1547 1315 7
360 412 5
659 908 8
1221 377 8
291 551 2
162 1243 7
392 929 7
534 727 2
197 462 8
735 335 7
858 1127 8
731 183 2
795 412 5
399 693 2
937 292 2
35 1163 2
508 728 8
900 412 5
387 937 7
913 402 5
978 531 30
543 724 30
240 1135 2
485 1389 7
1352 1475 37
503 241 2
770 990 5
1047 1196 2
241 627 7
841 1321 8
577 1080 2
1399 957 8
241 528 1
479 1212 8
1138 1496 53
171 139 3
391 952 30
106 535 2
170 1126 30
919 453 2
1252 1510 2
126 311 2
126 707 2
108 1401 2
544 95 21
259 63 8
1025 732 7
325 808 6
1207 412 5
1567 775 12
442 843 2
160 418 30
159 1491 5
738 948 15
552 1274 12
259 355 8
265 418 30
1123 1342 7
301 412 77
931 90 8
919 281 2
472 47 8
1264 519 35
1047 758 44
736 1127 6
191 937 7
429 1131 2
541 917 2
724 1359 1
420 433 7
1022 98 8
1100 1328 2
1230 1078 2
369 362 30
1084 452 12
494 1132 0
1451 350 2
416 677 2
1062 412 5
221 88 2
818 70 35
279 139 27
1454 533 3
894 859 2
107 119 8
659 848 8
530 933 2
176 692 41
978 1230 2
625 689 2
343 59 8
541 849 2
550 808 8
1295 1004 27
727 81 10
1549 1252 2
183 676 2
647 1389 7
541 1578 3
269 829 2
512 568 1
295 888 23
864 766 8
796 724 25
262 1002 1
1183 1260 7
598 1567 1
617 568 1
495 929 7
1552 1389 8
925 820 15
1179 770 7
726 1395 7
623 88 3
127 1405 2
285 565 2
30 1075 2
259 57 6
522 37 8
841 23 2
702 705 5
144 1389 7
596 777 2
1459 53 30
1550 59 8
1163 1358 2
14 1284 1
1409 434 2
1284 1062 7
1180 1342 7
143 1491 7
1400 424 7
1271 550 2
127 1291 7
485 59 8
1351 88 5
148 150 2
586 519 2
568 834 6
536 750 30
1145 1384 7
1230 338 5
1252 1450 2
1519 1437 8
341 1565 2
20 568 7
712 462 8
913 759 2
792 1405 2
1035 730 8
1570 1388 7
1052 1156 8
63 412 5
42 535 50
438 178 7
1102 444 57
528 775 12
1044 416 40
109 1389 8
314 759 2
1357 363 2
306 1097 7
205 934 7
1454 36 2
281 233 27
1329 1002 2
515 1114 1
199 366 2
434 471 8
333 47 8
483 761 15
1219 114 8
862 820 8
437 149 8
1230 597 55
20 958 5
1429 568 7
377 824 6
961 845 12
1084 80 8
259 1081 6
614 139 1
1176 4 1
503 1565 2
1210 838 8
829 1337 2
1525 492 2
732 611 2
829 941 2
838 1296 8
659 97 8
402 1578 3
522 957 8
1244 1330 15
1287 702 12
500 148 2
618 881 3
1283 1284 2
1496 1594 38
1054 239 2
1518 1389 8
1153 1097 7
1052 1565 2
1414 462 8
162 347 33
293 683 0
1570 1314 5
674 1355 2
1073 1340 30
199 915 30
1519 462 8
167 462 8
1291 553 44
126 360 2
1466 370 1
126 355 8
816 1156 8
907 427 2
1572 1482 7
231 256 2
546 183 6
442 450 7
515 1373 0
1429 958 5
462 663 8
338 730 7
85 702 2
552 200 33
1127 1322 13
903 1075 2
108 1377 8
1201 139 5
89 278 2
1126 1371 2
1306 139 5
438 1436 2
167 396 30
205 1562 7
1225 541 48
13 1156 8
646 16 2
611 1511 58
416 622 2
641 584 33
1173 925 10
399 1042 2
1449 829 2
1128 269 8
974 447 2
303 938 2
1315 1097 7
911 485 30
974 1135 2
179 1437 8
1069 584 53
933 1243 7
485 1342 7
1084 1396 8
147 438 2
355 462 5
285 568 7
1390 910 1
829 1523 7
759 743 3
1172 929 7
256 770 2
625 957 8
147 730 2
162 1439 33
278 1516 2
381 492 2
159 341 2
1520 1384 8
142 603 2
349 1352 2
391 1127 8
486 388 2
1119 531 30
1047 166 2
841 291 8
9 1097 7
1401 1086 8
29 1310 8
125 505 2
349 1284 2
1505 702 8
1008 1321 2
335 1000 2
915 945 1
34 82 38
148 22 8
703 47 8
416 1026 2
442 974 7
1230 1381 7
565 168 2
438 1376 2
1135 63 8
255 438 8
912 59 8
447 425 2
1132 568 7
558 732 7
973 327 1
501 1514 0
779 500 2
108 298 8
99 730 8
996 682 2
881 1104 7
70 157 7
395 101 26
1126 941 44
722 88 5
629 568 7
787 957 8
540 350 2
584 1177 40
623 584 53
442 32 8
258 794 71
610 990 5
377 837 6
834 603 6
1215 442 7
1144 311 35
859 628 2
470 1127 6
338 418 30
246 70 35
1537 1381 7
69 889 2
191 172 8
1326 1128 8
1438 1310 8
179 462 8
595 412 5
730 1554 2
171 1097 7
377 373 6
1416 366 2
1193 65 8
724 548 7
952 1606 2
158 689 2
777 384 3
276 1097 7
849 370 2
1295 616 2
829 111 6
486 1480 2
616 1230 2
159 619 27
721 88 27
278 145 2
651 905 40
42 1213 7
89 958 5
1384 1315 7
1340 1245 5
28 929 7
266 727 2
1020 1389 7
27 1591 38
618 92 8
237 550 1
271 1047 2
1180 650 2
259 1337 2
1380 1163 2
603 672 2
1400 997 7
590 1127 8
476 277 2
692 903 6
1213 881 5
829 813 8
164 108 8
780 1170 0
464 859 2
852 1459 30
64 138 30
170 724 30
287 830 30
125 1128 8
1146 80 7
856 172 8
223 531 2
277 1170 0
322 1389 7
1191 755 5
649 31 16
551 39 7
1454 1073 2
774 516 2
674 452 12
447 657 2
1450 1033 2
1424 88 5
438 693 2
263 683 0
995 1126 33
68 61 63
664 1131 2
442 269 2
162 1105 0
855 1342 7
1317 759 27
147 649 41
552 753 23
1444 162 2
420 661 2
295 129 2
1210 750 7
534 637 12
1081 1384 7
112 37 8
535 1247 2
1011 108 8
829 1203 6
759 423 2
1303 1040 7
1340 833 8
834 1127 6
147 1291 16
395 497 2
1405 1417 27
518 1212 8
933 1415 37
400 421 2
281 1030 27
420 296 8
1546 838 8
1183 462 7
1084 274 12
1394 1141 27
852 159 2
497 1002 1
626 859 2
1476 437 30
420 588 8
241 530 1
829 1176 7
256 423 2
273 453 2
503 535 2
437 724 30
395 424 8
14 486 1
399 1305 14
1284 602 2
361 715 2
435 779 6
1302 957 8
443 1065 5
346 1213 7
363 1243 7
65 139 3
377 397 2
1033 1138 2
259 258 2
476 1197 2
815 1454 2
586 409 2
779 1153 6
205 310 77
33 148 2
912 1342 7
458 873 2
810 593 7
903 1419 8
340 81 7
454 779 2
1503 1127 8
1122 1230 2
999 568 7
730 3 29
231 829 2
1179 1139 71
1471 19 59
1251 1437 8
453 485 2
372 139 3
1003 1328 2
125 377 8
859 513 26
727 817 5
722 598 30
1450 350 2
1555 350 2
541 1039 2
377 99 0
197 1384 8
84 1570 2
658 1086 8
403 1213 7
1213 728 7
657 401 2
530 775 12
295 1445 2
55 1127 7
859 177 2
176 720 2
292 442 2
862 22 8
252 1388 6
401 991 37
730 1161 7
729 859 2
544 368 30
603 393 2
743 1097 7
503 1163 2
69 78 2
252 661 27
1390 1087 1
848 1097 7
1130 568 15
159 914 2
1458 810 15
934 394 1
335 533 5
701 1295 2
20 862 7
125 750 2
130 732 7
340 1173 7
127 1459 2
259 111 6
1262 812 2
486 1357 2
396 21 8
365 1310 8
703 297 2
1036 667 27
577 623 2
239 1141 2
528 683 0
671 61 15
565 913 2
127 148 2
25 1002 2
1152 1135 2
1104 1561 1
117 1025 1
218 1129 7
267 1496 55
575 1449 2
64 375 30
340 1001 7
1483 727 2
463 568 7
1354 650 2
62 412 5
1082 1126 30
1082 730 30
1468 568 7
692 1550 8
1251 363 2
167 412 5
912 241 2
1045 92 8
36 915 30
36 519 30
1454 622 2
889 1461 2
1337 1362 2
402 441 0
464 1127 8
455 330 7
676 494 2
418 1271 1
205 1160 7
361 183 8
689 75 3
979 829 2
1008 114 8
1496 411 40
406 1295 7
972 1002 1
952 743 5
1008 1398 39
75 1342 7
863 957 7
1340 90 8
69 774 2
1106 637 12
304 838 7
321 1305 8
1230 908 8
246 88 5
290 158 7
1304 1310 7
1008 384 3
507 1097 7
541 387 8
850 841 2
1209 401 7
1404 1328 2
1409 1310 7
650 719 8
841 877 2
267 568 7
444 489 15
1156 367 5
148 297 6
1126 176 45
76 487 8
259 1203 6
565 880 1
768 259 8
1383 1212 7
617 444 2
694 1029 2
638 149 8
126 258 2
259 867 33
237 727 1
159 231 2
366 1376 2
205 323 77
945 1212 8
1537 908 8
626 1127 8
1042 1047 2
1047 1367 2
428 950 16
577 855 2
241 699 1
1448 458 30
118 812 2
64 315 30
1240 521 5
138 453 2
337 30 27
1328 1289 36
18 1127 8
321 1403 6
1448 750 30
349 486 2
759 1335 5
438 1042 2
701 148 2
329 1002 2
689 834 2
575 78 2
483 167 8
434 623 6
552 1491 7
1154 1156 8
1137 730 8
1348 925 2
915 480 2
730 781 30
228 1419 8
408 88 5
295 0 0
1126 863 7
894 1156 7
576 1437 8
1217 1389 48
88 471 2
551 882 2
681 1437 8
1541 1246 37
472 114 8
1022 269 8
205 81 7
420 1338 2
569 183 8
878 1033 2
515 261 1
303 1227 8
1230 848 8
184 11 7
295 1098 2
880 350 2
642 890 2
454 706 41
1335 1086 8
183 451 2
981 256 2
852 1128 2
1171 929 7
855 140 7
117 536 30
176 957 2
775 1489 5
259 228 6
313 92 8
491 1002 2
252 210 27
285 1127 8
402 387 8
1173 1126 33
859 54 2
1163 1133 2
848 646 7
69 18 8
278 35 2
1235 950 16
142 829 2
366 1567 1
471 779 6
844 1340 2
145 575 2
162 605 2
162 209 2
1085 149 13
1400 199 7
36 535 2
1561 724 35
90 836 5
999 4 77
259 831 2
418 782 30
941 139 3
1519 1212 8
337 1054 27
911 1082 2
565 66 2
1008 714 1
855 803 30
584 1457 8
650 658 0
810 1207 8
917 574 2
368 803 2
1258 1405 2
1391 370 2
1291 784 14
290 1176 5
36 462 8
335 1122 2
267 1045 55
1358 689 2
1191 353 5
211 1104 78
577 104 2
634 412 5
1084 1225 0
420 863 6
1454 671 2
141 1191 9
1310 533 5
258 692 71
418 528 1
576 462 8
462 102 8
750 153 1
650 1360 2
995 724 33
681 462 8
82 35 2
88 1053 7
681 363 2
690 952 14
303 1418 7
1231 63 8
1124 1389 8
614 1310 5
531 873 2
281 300 27
295 1371 33
1252 65 8
390 603 6
797 116 8
27 724 30
1405 619 27
765 265 8
689 1118 5
182 335 2
1497 59 5
202 1610 56
159 1555 2
158 519 2
1081 1252 2
759 805 33
377 891 6
1394 1031 27
505 311 2
170 958 3
1084 147 8
922 1496 41
256 1578 7
1084 881 3
1405 1553 2
241 24 1
957 75 59
1158 1395 7
4 506 6
796 412 5
1193 119 8
1383 401 7
159 1482 8
455 911 31
999 236 77
148 949 2
148 553 2
750 1139 30
901 412 5
485 759 2
673 88 5
271 1565 2
933 264 2
565 986 53
860 88 3
552 338 5
524 1496 41
577 1196 2
127 325 2
539 642 30
1245 565 57
541 1304 5
575 127 2
771 990 5
667 1298 7
673 836 2
1033 272 2
126 31 2
357 88 3
899 486 7
653 1352 2
314 1230 2
143 848 8
1316 568 5
1454 903 2
800 1127 8
524 64 30
442 563 2
301 236 77
584 18 8
425 937 7
653 1284 2
1126 808 7
438 873 7
1085 88 5
438 1211 2
98 1213 7
796 172 8
344 330 8
1128 112 8
1209 750 7
303 1177 2
369 519 31
1080 1496 53
603 223 26
992 937 8
806 418 30
1321 59 8
1541 568 7
183 104 2
541 569 2
1040 1578 5
647 759 2
627 937 7
958 1578 7
181 1128 8
1555 172 2
1547 101 8
646 114 8
769 730 8
494 1274 12
841 1450 2
579 724 35
706 506 6
999 1328 77
1196 957 8
1186 1384 7
117 877 30
399 1041 2
829 1298 7
812 1606 2
273 575 2
958 1114 7
281 191 2
1177 1362 2
727 1283 2
1163 1078 2
1330 366 29
126 831 2
1396 568 7
226 453 30
159 804 2
205 896 77
118 1566 37
36 183 8
495 1310 8
455 950 16
1081 59 7
586 239 2
543 483 15
228 667 27
1500 162 2
810 428 1
685 1097 7
506 370 20
304 775 10
1503 957 8
737 56 30
194 812 1
991 929 57
1246 230 17
1466 1065 1
340 599 7
1082 724 30
1154 937 8
1125 1156 7
880 501 41
494 1314 5
542 434 1
1565 834 2
530 683 0
1292 60 44
36 117 30
1213 1418 7
343 183 8
139 988 30
657 1291 33
1294 1170 0
779 1062 8
1200 568 7
435 958 3
633 792 6
1253 462 8
552 726 8
919 1126 30
420 1515 2
1129 1468 24
782 1008 39
1565 662 2
915 65 8
1562 1047 33
46 1213 6
516 1393 2
1166 412 5
1547 1125 8
183 628 2
183 1024 2
285 667 27
1211 911 2
557 1340 30
281 177 27
729 689 2
1183 1212 7
486 1359 2
1271 732 7
494 579 2
692 850 6
1230 42 8
35 140 2
24 732 7
721 259 27
290 21 8
582 841 2
847 958 3
181 377 8
1437 379 70
383 158 2
642 1392 30
603 843 2
1009 1005 36
148 498 2
468 674 2
1047 569 2
841 298 8
829 588 8
362 83 8
265 149 8
117 1251 1
912 535 2
976 1126 30
565 1035 2
618 533 3
470 126 2
501 1227 8
667 1243 7
925 537 12
126 471 8
699 444 23
1139 803 2
59 1184 5
463 1127 8
359 957 8
383 471 20
282 939 15
873 362 31
325 852 2
912 462 8
464 957 8
1468 1086 7
442 112 2
362 985 71
912 759 2
649 98 16
300 584 53
1135 1550 8
1221 159 2
559 568 7
997 937 7
1321 1342 7
519 1106 1
1449 325 2
1231 641 2
859 1495 2
281 581 27
652 462 7
1336 303 7
420 540 2
366 1499 10
85 750 2
850 1135 2
541 582 2
531 1446 2
370 428 41
939 1325 5
420 57 6
76 390 2
761 929 7
845 264 57
1144 1110 35
1080 1045 53
777 855 3
859 1031 2
399 762 2
877 494 2
565 1292 30
395 272 2
65 1310 7
139 488 2
858 1128 8
176 159 2
267 1086 7
619 633 27
494 1161 7
1405 231 2
374 494 2
1058 335 2
1075 365 2
1179 435 7
382 618 7
1179 39 7
58 551 2
1281 252 6
829 1243 7
1055 1389 7
618 500 2
108 758 5
140 722 7
172 533 3
1041 1047 2
636 139 3
699 1191 12
1398 1128 8
784 444 77
626 957 8
933 837 2
577 1081 2
505 1207 8
525 970 9
1033 1309 2
259 429 2
831 88 2
377 167 8
912 1163 2
256 813 8
18 957 8
1480 823 33
919 350 2
455 1648 7
126 604 2
922 492 2
453 1016 2
218 568 7
692 743 3
54 724 25
769 377 6
1251 1212 8
696 377 8
278 1609 47
545 958 2
41 667 14
598 1325 5
80 720 7
1135 75 8
183 513 26
1455 841 2
205 307 7
108 18 8
191 1230 7
1128 685 8
650 1250 2
1338 730 8
514 1170 0
177 1342 7
1291 258 31
283 543 31
650 523 23
406 442 7
1179 919 7
403 1384 7
775 474 75
519 58 7
502 366 2
499 236 12
395 900 2
183 677 2
779 147 8
1476 152 30
779 881 3
172 891 8
842 727 1
349 718 10
1163 1381 7
1476 840 30
440 1191 10
552 1315 5
544 539 30
377 489 6
236 130 5
167 823 2
447 1554 0
377 1264 2
1394 233 27
285 957 8
158 409 2
191 1608 46
69 244 8
1077 256 2
1372 159 5
154 1156 8
266 447 2
1238 368 16
143 1388 7
825 957 8
33 911 2
259 661 2
29 929 7
1047 514 2
1262 937 7
577 2 2
1052 1230 2
531 624 30
162 53 34
157 438 8
565 980 2
487 88 3
1362 1044 53
478 1389 8
1398 377 8
217 759 2
502 519 30
502 915 30
592 88 3
607 915 30
856 720 15
1035 1127 8
787 1040 7
1451 1047 2
841 904 9
1450 1045 53
325 459 7
64 1567 1
333 116 8
1035 1419 8
606 724 30
727 824 5
438 75 7
88 1279 7
844 396 71
427 1577 8
1236 568 7
1474 366 2
243 658 0
584 1525 40
1341 568 7
71 476 33
978 256 2
1084 446 2
809 915 30
756 59 7
939 910 5
318 1191 80
183 863 7
1303 1156 7
618 221 2
420 21 2
642 32 8
713 718 10
455 476 30
1008 1325 5
1176 401 1
991 970 9
551 347 14
1084 769 8
1522 1097 7
1084 670 2
446 70 35
1184 350 2
926 1127 1
278 889 2
1045 1290 38
754 88 3
727 89 2
108 307 5
518 1156 8
727 1064 59
444 1268 5
1197 1127 8
91 727 5
415 1132 5
277 140 8
30 325 2
541 381 14
535 1292 30
577 1026 2
544 109 21
24 1191 12
201 1285 5
228 929 7
909 1362 2
298 958 5
232 551 2
1341 958 5
311 598 30
919 399 2
702 920 74
931 63 7
101 453 2
230 1126 33
736 412 5
613 1230 20
1082 551 82
335 269 2
325 1133 2
442 393 2
447 713 2
551 387 7
551 1121 2
442 1081 2
895 568 7
649 671 16
1201 519 1
958 414 5
61 1138 1
933 1206 36
535 1371 2
438 1041 2
82 889 2
447 1396 8
576 1212 8
550 443 12
1254 881 3
681 1212 8
787 330 8
416 623 2
584 154 40
998 88 1
437 1097 7
458 877 29
1540 568 7
551 1439 14
854 1342 7
158 1395 7
168 531 7
286 472 1
841 638 27
915 976 30
409 1525 2
267 667 27
66 516 2
1295 513 26
519 341 2
539 1340 30
1541 1127 8
83 937 8
618 1199 7
261 775 12
472 1325 5
618 1141 2
977 1097 7
1002 883 14
636 838 8
39 1097 7
177 1156 8
1179 320 7
1461 986 41
1081 399 2
1405 804 2
691 1157 62
600 438 6
1522 59 8
1284 274 12
1312 149 8
1246 763 57
960 207 7
750 226 3
179 59 8
1193 671 50
271 420 2
97 438 6
145 350 2
927 724 1
830 831 2
377 745 2
239 569 2
259 606 2
594 76 8
917 453 2
117 349 1
1039 325 2
128 148 2
1082 1230 20
313 1259 32
1483 447 2
140 249 8
674 209 2
1225 1400 2
596 1340 30
1116 1360 2
440 1135 2
228 516 2
929 90 8
337 1053 27
362 187 71
330 770 2
350 533 3
1187 88 5
1250 1437 8
418 699 1
438 66 2
997 535 7
679 1212 8
189 937 7
438 20 7
88 1224 7
172 1199 7
31 573 15
1326 1156 7
383 631 15
77 686 7
528 933 2
720 186 1
623 689 2
267 1295 27
565 98 30
834 937 7
1260 1118 5
636 1075 2
777 47 8
1285 386 1
939 792 6
49 650 2
247 88 5
84 143 2
855 1231 7
385 1156 8
1173 933 2
1500 1084 2
69 817 8
1077 829 2
23 552 2
1313 205 14
501 833 8
335 881 5
1554 453 34
1303 929 7
718 466 2
1032 902 1
501 1125 8
707 1135 2
363 908 7
148 719 8
362 606 2
568 97 6
241 460 2
800 929 7
722 37 8
350 891 8
253 957 8
573 593 7
1031 1395 7
1238 873 16
565 819 7
1014 1266 1
905 929 7
565 1553 2
438 424 7
1122 603 2
1304 732 5
650 631 15
1124 1131 7
925 36 33
126 197 8
551 774 2
692 341 3
442 0 7
681 1230 2
325 1078 2
942 724 30
823 685 8
551 728 7
447 274 12
1040 21 8
742 573 15
1093 1122 6
1254 848 8
980 1075 2
203 584 2
106 650 2
125 88 3
1252 932 8
321 1388 7
1355 363 2
1461 949 2
559 1127 8
570 139 3
1254 92 8
159 1314 5
118 519 35
724 1250 1
657 1126 33
631 519 1
420 662 2
170 321 6
1290 802 57
1156 491 5
1231 1550 8
434 1337 8
692 1335 5
295 818 2
168 476 7
69 1122 2
191 108 44
1570 916 8
395 498 2
1522 1342 7
281 138 2
880 70 2
966 619 2
37 1153 6
865 568 7
1128 507 8
277 494 2
1547 272 8
160 779 8
1146 75 5
1476 42 30
836 905 2
322 172 8
1295 1199 7
836 1296 8
686 978 1
739 476 2
1179 265 7
1176 1266 1
267 148 27
721 1405 27
1295 1491 7
518 1437 8
455 776 5
443 1066 5
261 1328 2
1515 911 2
381 37 8
830 880 2
1041 1565 2
1114 925 10
1045 849 2
537 1285 5
97 779 6
126 898 2
173 1459 30
1171 1310 8
377 393 8
328 412 5
750 272 31
565 1493 2
239 514 2
524 535 30
36 646 8
702 1298 7
61 432 15
914 256 2
392 88 3
337 774 27
321 1314 5
1193 152 50
301 1395 77
1503 1128 8
1177 149 8
1566 766 57
340 374 7
502 117 30
648 1389 7
211 532 78
769 603 6
737 519 30
218 1127 8
347 453 2
1099 937 7
565 114 2
109 1384 8
445 1400 2
4 983 14
911 1125 8
421 1246 7
727 422 5
774 126 2
905 516 2
759 1120 2
108 244 8
550 1016 12
343 646 8
512 88 5
541 1436 2
1223 172 2
305 551 2
1127 167 8
1565 833 2
416 1196 2
897 377 8
552 793 8
950 761 15
809 117 30
686 899 5
519 622 2
419 937 8
1313 1097 7
557 823 30
555 44 8
183 502 8
931 338 5
1272 377 5
177 1437 8
74 759 2
1550 646 8
54 937 7
730 1500 2
1548 730 8
706 1305 6
252 662 27
618 1004 27
1400 323 7
1076 256 2
158 239 2
1295 166 2
829 57 6
1174 416 2
1525 383 2
834 377 6
623 957 8
505 31 2
192 1086 8
1141 1131 2
256 1298 7
720 787 8
915 887 21
914 911 1
927 1005 1
957 341 3
1033 1417 27
601 1570 7
380 1033 2
573 611 1
369 1252 2
271 1384 8
519 1239 30
1084 533 3
923 1640 2
442 223 26
941 149 8
464 409 2
250 1156 8
112 1097 7
931 1305 8
370 221 2
183 163 5
1163 97 8
1480 366 33
112 1389 7
220 335 2
435 321 6
455 399 7
205 833 7
957 1335 5
270 642 30
334 1086 8
686 533 3
483 228 8
463 803 2
375 642 30
1463 937 7
383 258 30
552 1098 2
915 244 8
1453 153 1
819 140 8
633 903 6
550 425 2
183 824 6
1352 562 2
1284 1225 0
300 859 2
69 843 2
1215 1084 7
1080 321 6
438 593 7
74 1163 2
550 717 2
183 1495 2
1098 1352 2
1236 1127 8
61 668 1
126 1578 5
370 203 41
70 627 7
1341 1127 8
494 1446 2
1565 150 2
1295 1258 2
393 1395 7
1444 400 2
295 367 2
1341 1419 8
650 329 2
541 289 2
724 772 2
183 1381 7
602 1566 37
1411 183 1
535 311 85
162 1357 2
1177 148 27
1162 1491 7
1537 685 8
176 330 2
500 1131 2
926 957 1
1383 1213 7
273 399 2
1084 891 8
167 366 2
1047 1436 2
399 365 2
290 820 8
30 911 2
204 441 66
256 661 2
40 1213 7
727 1003 2
847 108 8
1163 798 2
1002 309 14
492 893 2
638 838 8
706 158 6
928 1084 2
1496 114 38
650 1376 15
377 384 3
350 1073 2
577 1148 2
1024 724 2
256 588 8
1056 1008 39
702 1243 7
930 501 38
575 475 2
295 81 10
949 453 35
1398 1127 8
617 724 35
1239 845 1
1258 377 8
552 1388 7
1316 1295 1
555 1395 7
335 787 2
790 1582 2
350 1396 8
255 37 8
1545 412 5
417 159 27
337 255 27
671 803 2
416 917 2
61 1364 1
1031 239 2
550 657 2
295 293 0
453 723 2
780 1135 2
261 683 0
438 1221 7
565 54 8
541 693 2
167 519 30
662 1131 2
769 859 2
1274 1068 5
151 1246 37
650 1025 2
718 345 0
1451 126 2
427 1062 3
584 380 40
530 458 33
70 48 7
1461 114 39
4 464 14
1295 1070 5
107 291 8
416 1141 2
1437 595 33
279 603 27
627 1389 7
637 129 7
727 1407 2
618 1367 2
1409 278 2
172 1062 8
730 1445 2
1144 1578 5
1565 758 19
462 51 5
178 59 8
544 606 30
1160 1342 7
1295 65 7
256 1243 7
1437 203 70
373 1349 7
135 1097 7
344 1213 7
1047 1402 44
1384 1544 2
704 550 1
1047 393 2
42 1437 8
222 724 1
162 601 8
1383 462 7
535 1499 10
718 160 33
1030 259 2
841 18 8
1047 289 2
1132 472 1
668 937 5
359 950 33
1233 873 1
1233 477 1
148 213 8
914 829 2
1035 929 7
350 390 2
1204 412 5
695 1310 8
1201 958 5
266 149 8
1120 1230 2
879 434 1
1163 42 8
782 541 2
335 1415 2
974 1310 5
833 724 25
458 90 7
658 1395 7
265 139 3
923 1116 8
1232 1047 48
334 1328 2
894 1389 7
369 1126 30
559 37 8
812 893 14
519 534 1
1454 959 8
552 36 33
582 765 19
650 1315 7
651 498 38
88 1054 7
108 817 8
183 373 6
750 883 2
1340 63 7
183 1148 2
1212 1418 7
492 443 10
1217 1342 7
375 519 30
551 200 2
325 504 2
1445 401 2
976 925 2
1454 891 8
1162 338 5
534 236 12
1084 617 2
1327 59 7
313 1581 8
761 1086 8
183 684 2
1215 565 7
720 704 1
722 952 16
628 1131 2
409 672 2
399 1375 27
531 1098 2
309 1437 8
544 546 30
1458 730 30
303 769 8
1076 829 2
446 241 35
1173 775 12
505 604 2
162 191 33
750 1500 30
486 596 33
739 366 2
1295 1031 2
577 869 2
350 31 16
241 713 1
140 488 2
618 616 2
14 377 1
494 888 23
475 516 2
492 546 2
23 674 2
820 1395 7
1061 950 33
573 1184 1
54 172 8
137 1384 7
1403 1127 7
1131 111 15
359 702 12
1162 98 8
1047 917 2
415 1199 5
143 917 8
250 1437 8
419 683 66
1252 543 2
600 584 2
552 1447 2
1162 390 8
350 622 2
138 399 2
1491 1389 7
746 1187 5
702 792 7
205 201 77
453 840 2
1304 958 5
928 565 2
533 70 31
919 70 2
449 350 2
1409 958 5
737 117 30
434 1298 7
1004 779 7
1044 183 8
1349 701 2
442 856 2
330 1578 7
878 1047 2
923 37 8
692 813 8
569 139 3
1104 360 1
1232 1395 7
547 1252 2
61 913 1
550 602 2
559 957 8
409 1076 2
931 1315 5
325 485 33
1014 149 8
438 1207 8
315 492 2
519 1507 12
438 1166 7
1120 37 7
138 724 30
1136 21 8
950 743 5
140 436 5
551 1120 2
1553 325 2
1156 1009 5
515 499 1
768 568 7
877 550 2
1104 1021 2
1084 1199 7
367 412 5
613 321 6
394 790 2
178 1342 7
267 442 27
395 620 2
1079 1045 53
1547 102 8
1549 577 2
618 974 7
398 366 2
309 462 8
1188 59 7
939 43 6
1184 1045 53
730 1098 2
1204 1384 8
1177 325 27
842 447 1
1397 472 1
718 992 2
503 366 2
1179 491 7
517 1437 8
459 646 5
151 937 8
25 1246 37
1537 1550 8
1548 958 3
929 938 6
1400 213 7
1084 742 23
241 945 1
204 1014 66
370 1198 2
686 1491 7
565 681 27
1352 441 0
1033 619 27
181 88 3
350 1004 27
195 420 20
340 1064 7
574 93 1
907 1191 2
524 1437 20
31 706 44
442 1214 7
505 244 8
911 1424 2
1466 1066 1
1100 683 0
1188 350 50
206 1252 2
546 925 1
397 1246 5
1179 1446 30
298 779 6
596 60 44
359 330 8
148 90 8
265 958 5
816 937 8
406 88 5
552 1292 33
1045 620 40
593 88 3
1250 1212 8
595 541 40
330 936 8
596 1047 30
184 440 57
759 1242 2
880 1342 7
621 646 5
555 239 2
322 703 2
152 64 30
803 485 30
581 730 30
377 613 6
650 883 33
862 384 48
1505 139 5
642 1418 7
958 208 7
1570 63 8
1437 212 2
526 35 2
535 390 8
1146 533 5
1080 126 2
1211 516 2
973 1056 2
730 1388 7
862 1125 59
86 1086 8
1503 1389 7
1476 1188 30
1053 1252 2
1230 1006 55
162 1247 2
1394 581 27
1162 1381 7
777 114 8
849 438 2
36 1131 7
290 22 8
642 80 8
1246 1458 57
154 1405 2
380 759 2
140 1121 2
575 638 27
784 505 77
1497 1395 7
1233 758 1
1173 1328 2
1371 929 7
552 1100 2
800 750 2
1047 1258 2
814 1384 7
565 1036 2
56 536 30
1193 463 30
1382 1002 7
1252 488 2
1337 61 15
1075 68 24
147 88 3
63 829 5
232 667 2
124 929 7
1009 325 1
581 1033 2
349 377 2
341 603 2
279 64 50
563 259 2
1450 1565 2
724 919 30
1232 1620 48
836 309 30
362 986 71
208 1097 7
102 453 2
677 911 2
434 1243 7
228 1310 8
696 88 3
734 958 5
9 59 8
1317 603 27
836 601 30
377 1268 5
1215 1310 7
839 958 5
438 819 7
205 1283 7
550 151 2
544 1581 8
526 690 1
724 1025 1
1236 957 8
211 1212 8
31 61 15
1436 568 7
281 309 2
278 576 1
880 241 2
841 1418 7
54 1395 7
1281 321 6
1404 775 12
541 114 8
324 830 30
1547 47 8
727 901 2
836 1076 2
295 554 23
106 750 30
279 1135 2
61 1550 8
1075 762 2
159 43 6
1179 40 7
731 535 7
1265 863 6
503 702 8
958 1456 7
273 958 3
390 172 8
1163 628 2
504 829 2
1284 728 7
492 723 2
829 867 33
1340 338 5
584 1283 38
1389 728 7
369 399 2
271 140 2
25 568 7
701 1131 2
858 88 3
145 70 2
899 732 7
350 1299 2
252 33 27
1461 930 41
434 1210 6
1377 1310 7
1129 63 1
239 289 2
494 116 8
1291 902 44
1090 70 35
56 1456 30
373 1212 8
1304 1135 5
1075 983 30
874 1310 7
581 350 2
70 1554 1
1247 823 33
1354 486 2
334 1126 33
1040 424 8
381 830 30
1232 937 48
1140 401 2
1570 1054 7
416 1039 2
667 97 7
189 703 2
217 59 8
645 494 1
1338 1127 8
650 1251 2
1019 646 8
541 1211 2
1454 98 2
70 216 2
119 794 55
102 139 3
1453 65 2
1499 650 10
330 813 8
686 1070 5
926 720 15
747 366 33
1324 541 2
1539 568 7
849 159 2
1554 823 33
913 750 30
702 1067 5
281 833 2
1077 325 2
1025 1170 0
936 829 5
72 59 8
82 249 8
704 552 1
1054 1342 7
292 568 7
810 1138 1
729 239 2
1120 88 5
850 281 2
494 129 2
1131 704 25
271 836 2
454 952 16
603 857 2
494 916 8
1288 1437 8
1210 108 8
1400 390 7
360 1131 2
252 729 27
1298 37 7
737 1384 8
278 158 2
1403 37 7
1303 1086 8
259 662 2
689 1315 7
381 1128 8
34 207 38
363 1070 2
578 1097 7
24 552 2
841 244 8
143 119 8
468 236 12
240 350 2
703 27 7
1382 259 7
302 775 10
505 817 8
111 321 52
1055 535 7
1284 18 8
1479 958 2
108 1070 7
438 1375 27
483 3 8
1354 718 2
483 341 3
205 1296 7
689 269 8
325 798 2
350 147 8
1496 255 40
1516 1610 56
1451 1340 2
350 881 3
540 1163 2
557 1193 2
800 1310 8
1216 1342 7
1230 757 2
1304 862 7
1341 929 7
905 1310 8
533 667 27
1221 59 7
438 368 7
779 1578 3
1251 462 8
550 533 3
183 891 6
70 844 2
1225 603 48
309 1340 2
543 706 2
1173 683 0
1336 541 7
420 778 2
1230 293 2
938 568 6
602 412 5
409 898 2
409 502 2
1304 1086 7
659 63 8
269 148 2
618 514 2
957 433 7
833 937 7
278 854 2
557 750 50
411 350 2
836 625 2
1337 649 55
650 787 8
752 1437 8
1383 1384 7
494 1445 2
706 1 6
1084 1062 8
503 256 2
1047 1607 2
34 1591 38
1055 939 7
1075 265 7
666 1285 5
604 162 2
479 1128 2
1180 702 8
544 441 0
1163 1198 54
56 781 30
1527 44 8
1335 1566 5
27 337 38
395 833 8
85 574 41
126 722 2
1403 957 7
377 118 2
1461 187 41
551 461 1
476 1314 2
150 335 2
1526 88 3
766 501 5
1030 1405 2
674 1253 2
982 957 5
301 427 77
453 274 2
224 732 7
1352 741 2
648 1213 7
217 1342 7
922 438 2
301 1115 77
279 241 50
919 646 7
551 1122 2
409 223 26
281 1223 27
1474 1459 2
598 163 8
383 1337 20
281 1515 27
1439 259 2
139 983 30
878 1565 2
81 1352 2
1104 919 2
995 937 7
553 574 2
1079 651 53
1553 911 2
667 42 7
1135 21 8
501 1180 0
837 573 15
586 1131 20
72 1342 7
177 1230 2
1237 702 8
880 126 2
1190 952 16
306 1437 8
1454 376 3
1184 1047 2
768 1127 8
1179 681 7
318 113 80
54 703 2
395 1138 2
1476 390 30
381 458 2
603 114 2
486 1250 2
1142 779 5
252 778 27
159 1391 2
241 1567 1
370 1424 2
544 381 30
265 1419 8
434 697 14
831 1126 2
543 56 30
958 30 7
1129 704 1
939 97 6
32 252 6
1055 256 7
510 462 8
613 1437 8
1146 1125 7
363 327 2
1047 168 2
42 1212 8
148 51 7
148 92 8
1162 848 8
836 265 8
720 881 3
1047 460 2
362 1577 8
1082 915 30
167 1384 8
337 1122 27
1439 139 5
1164 957 8
238 829 2
720 1267 15
797 1298 7
335 898 2
1047 1401 44
1544 139 5
551 1004 27
825 1127 8
1084 1397 0
184 734 57
1131 1078 2
1025 37 8
125 1086 8
270 362 30
309 1179 31
420 1327 6
1454 739 2
515 1025 1
958 1335 5
836 199 30
350 92 8
900 148 2
438 21 7
633 623 6
399 873 16
650 1428 2
69 563 2
1481 139 3
1289 939 15
501 1477 21
738 1298 7
59 1381 7
420 35 2
878 126 2
494 0 0
777 116 8
61 388 1
1230 238 2
1449 148 2
628 568 7
849 1128 2
54 1389 7
728 603 6
1303 706 7
1525 1195 2
958 726 7
1328 690 2
1312 1097 7
43 59 7
309 1212 8
862 663 8
1412 980 2
603 930 53
145 1047 2
603 1138 2
638 730 8
494 1098 2
750 983 30
1537 743 3
1295 514 2
335 223 26
841 890 2
403 958 3
1076 954 7
277 1047 33
387 37 7
395 90 8
699 732 7
931 1388 7
59 163 59
1187 37 8
613 462 8
361 777 2
933 436 2
266 637 12
392 1086 8
457 1570 2
362 607 2
242 724 79
1028 88 2
527 1156 5
250 1212 8
1131 277 21
1166 259 8
1233 880 1
760 1246 5
268 18 8
897 1156 7
531 1094 30
722 330 8
1459 596 16
710 958 3
628 958 5
396 1456 30
939 116 8
206 399 2
1463 1389 7
489 37 8
1162 97 8
692 296 8
459 1156 8
1025 957 8
383 606 30
440 453 2
1131 595 33
692 588 8
311 650 1
604 724 30
362 536 30
676 447 2
1404 683 0
1349 768 2
453 443 2
233 149 8
396 1166 1
659 808 8
362 1224 30
676 1135 2
1330 568 7
833 412 5
650 745 2
1019 140 8
140 607 5
370 947 41
646 255 2
311 973 7
897 88 3
1565 498 2
1570 917 8
854 1230 2
642 611 2
878 1437 8
173 1135 2
1330 937 8
880 462 8
1570 813 8
55 1131 2
1184 1342 7
1200 377 8
1323 1389 8
651 292 40
730 873 2
183 167 8
604 803 2
371 929 7
415 562 8
517 1212 8
836 1198 2
159 648 2
503 829 2
58 278 2
730 805 2
507 108 8
1515 516 2
977 958 3
25 444 2
499 730 8
727 1351 2
1313 1126 14
390 1086 8
544 1014 0
810 960 1
577 854 27
307 750 30
162 326 2
480 1135 2
1459 1292 16
1461 222 15
988 810 15
125 416 2
159 872 2
1193 513 50
126 189 27
536 642 30
707 453 2
1376 401 1
720 92 8
747 453 34
255 458 2
256 936 8
574 597 2
1084 1014 0
829 424 8
462 1161 7
841 187 19
929 63 7
327 777 2
1026 335 2
170 335 30
797 1243 7
988 541 82
1069 1252 30
563 1405 2
998 59 5
1355 1352 2
111 59 8
489 957 8
1082 396 30
451 70 2
849 598 30
1145 1437 8
1213 1153 6
823 341 3
1454 684 2
576 183 8
911 1418 8
362 1456 30
1299 911 31
541 1041 2
868 1453 2
415 971 2
184 215 57
1160 718 10
820 720 15
997 377 7
183 489 6
27 117 30
1136 424 8
322 140 7
541 1333 2
532 919 2
281 21 27
1538 568 7
637 484 74
581 505 30
1191 971 74
1227 140 8
623 239 2
516 1169 2
229 501 71
722 1097 7
766 730 8
657 1086 8
1539 1127 8
381 1135 2
859 471 2
722 1389 7
69 435 8
618 112 2
704 674 1
1047 471 7
1015 573 15
1516 577 2
937 421 2
273 59 8
465 1649 2
1055 829 7
1461 116 20
20 1156 7
719 44 8
140 500 2
126 216 2
388 937 8
594 650 8
777 1325 5
483 297 8
577 917 2
695 929 7
56 311 30
941 838 8
1284 244 8
907 283 2
674 747 2
1163 98 8
1034 183 2
399 68 24
1037 325 2
929 1420 8
1495 335 2
1163 390 8
438 662 7
852 61 15
1258 88 3
689 495 8
447 1000 2
1305 958 5
435 1384 8
1145 462 8
551 616 2
420 297 6
330 1298 7
377 1043 5
911 47 8
774 1047 2
438 536 2
37 875 6
1008 116 8
528 1191 12
409 796 2
1225 37 48
650 2 2
1231 808 8
23 1047 30
535 1554 2
1411 252 1
1455 281 2
1429 1156 7
650 890 33
415 242 7
416 514 2
61 961 1
841 1239 2
47 718 2
659 685 8
1014 139 3
302 162 7
932 139 5
584 1124 16
487 1231 17
1554 366 33
318 107 80
929 1122 6
172 39 8
911 1152 26
290 1577 8
750 581 3
1131 631 15
1547 114 8
706 623 6
251 1047 16
168 692 2
1179 211 7
30 516 2
686 1315 7
256 662 2
35 836 2
772 1266 77
1127 817 5
702 146 5
23 1126 2
479 183 6
382 686 7
241 1061 1
1054 759 2
1547 46 8
911 1417 27
241 1056 7
1547 384 3
876 957 5
861 1340 30
126 844 2
642 485 30
551 1609 47
53 330 8
1556 70 35
279 535 50
483 1321 8
1163 1482 8
689 1196 2
111 1342 7
250 1389 8
454 1086 2
727 622 34
259 497 2
1082 117 30
1090 241 35
1247 637 12
442 934 7
903 929 7
1193 98 50
396 1341 30
1040 663 8
565 128 2
1252 1183 2
355 37 7
340 320 7
1193 390 50
647 911 1
442 912 2
899 1127 7
804 259 8
259 424 8
541 1054 2
1176 139 3
552 119 8
569 149 8
1295 743 5
978 1075 2
1439 777 2
472 116 8
667 606 2
557 1127 8
185 88 27
727 264 5
1327 1395 7
779 387 8
3 973 9
759 1358 2
88 719 7
1436 667 27
59 938 6
168 321 6
370 1124 41
82 92 8
880 1040 2
1179 907 7
565 1491 5
531 831 2
1135 471 8
499 1084 2
1184 1565 2
750 480 2
863 568 7
1075 1525 2
395 1364 2
738 770 2
273 1342 7
836 1479 2
349 1170 0
730 1446 2
810 913 1
1284 1199 7
1477 683 0
627 1008 39
1400 269 7
126 101 26
544 607 30
534 113 2
841 488 2
145 541 2
1288 1212 8
360 568 7
1163 681 27
252 900 27
252 504 27
692 863 6
577 739 27
508 114 8
205 1641 77
191 720 15
592 1156 7
1284 742 23
1112 483 15
535 3 29
148 219 2
1520 139 3
836 433 3
1391 1128 2
323 958 5
741 1126 14
575 1418 7
508 384 3
912 256 2
233 1131 2
1045 662 38
565 360 2
447 617 2
143 222 8
298 1127 6
334 933 2
1314 925 10
823 226 3
575 80 8
515 1251 1
1371 1310 8
878 420 2
450 295 2
330 1243 7
903 516 2
295 89 2
300 409 2
418 1114 1
205 1003 7
69 1081 2
724 349 1
769 172 8
915 18 8
514 1033 2
292 667 27
76 502 8
1132 88 3
1084 910 2
859 1148 2
1441 1050 2
1394 1393 27
929 338 5
72 462 8
618 1081 2
1002 31 14
670 412 5
157 937 7
629 88 3
836 796 2
862 1577 8
1540 377 8
145 1128 1
145 1565 2
208 724 30
752 1212 8
1184 126 2
893 720 15
1254 1315 5
263 458 33
707 1384 7
16 544 21
399 707 2
820 1005 1
255 1389 7
273 241 2
768 836 3
893 1608 46
144 1212 8
601 541 7
237 674 1
1160 1389 8
1177 1419 8
205 1101 5
126 497 2
606 803 2
235 829 2
646 1554 0
205 562 77
772 1143 77
933 908 7
1047 1606 2
377 226 3
268 244 8
803 844 2
829 22 8
167 531 8
814 462 8
218 335 2
447 1199 7
928 957 8
919 462 8
126 716 8
546 252 6
442 857 2
744 925 1
770 1310 7
383 1124 30
307 823 2
576 1384 8
1221 462 7
92 750 2
187 950 16
265 724 30
983 1340 2
172 393 2
295 1009 2
447 742 23
768 929 7
88 768 7
524 505 2
1008 1377 8
1314 1328 2
686 739 67
306 1212 8
1281 377 6
1050 320 5
829 1327 6
1050 658 0
265 929 7
983 574 44
722 1033 2
269 551 2
279 841 27
1378 958 5
862 102 59
977 1310 8
659 1550 8
395 913 2
395 1309 2
836 1424 2
1265 1315 6
483 446 1
939 336 6
70 160 2
1177 618 27
1230 379 55
486 1025 2
604 925 2
139 1525 2
498 730 8
1397 1156 7
1244 820 15
252 449 27
1184 1437 8
148 1224 33
599 933 2
455 952 16
613 1212 8
1230 432 15
698 1395 7
125 642 2
449 1047 2
501 273 8
25 957 8
340 1357 7
1246 930 12
1047 235 2
1485 1000 2
594 149 2
70 485 30
122 667 27
1252 1418 7
310 340 62
565 701 2
234 568 7
1481 1310 7
1340 1388 7
238 954 7
696 1086 8
1117 1384 7
667 1305 7
737 642 30
1474 259 2
1014 1097 7
314 841 2
674 277 2
718 265 15
492 853 10
545 911 2
70 591 1
645 550 1
1336 37 7
1227 335 2
1252 80 8
476 1499 10
997 603 7
727 837 5
398 1459 2
1131 1077 2
264 573 15
528 458 33
1316 531 2
869 1405 2
718 489 15
552 916 8
557 642 50
190 416 2
420 498 2
1400 910 7
69 270 2
860 1395 7
195 1127 8
1081 1163 2
1405 1568 2
55 377 8
178 1389 8
438 68 24
862 834 8
747 149 8
1174 1295 2
420 75 3
1394 582 27
444 1057 5
729 937 7
411 70 2
388 444 2
541 269 20
399 360 2
252 1077 27
999 939 77
915 1114 21
652 453 35
270 836 2
858 1086 8
577 1211 2
471 1284 21
258 730 2
241 263 1
865 377 8
618 166 2
550 1225 0
1188 1047 50
241 654 7
911 619 27
302 1191 10
64 671 30
140 1122 2
40 1437 8
205 254 5
1028 259 2
565 641 2
591 1126 33
1130 472 1
148 787 8
337 1525 27
912 829 2
673 1097 7
577 1039 2
823 92 7
316 183 6
256 83 8
1152 1213 7
1138 929 7
823 1217 8
106 494 2
1053 139 3
673 1075 2
108 1418 7
983 1179 31
1503 172 8
1266 42 8
787 1389 7
1140 1126 33
1535 148 20
452 37 8
1025 1128 8
383 381 30
1292 830 30
1295 341 5
1023 59 8
1230 808 8
438 762 2
22 1047 30
139 307 30
438 716 7
1327 1389 7
438 1450 2
1337 1459 33
633 111 6
501 1296 0
108 80 8
908 139 3
1188 515 2
1443 401 2
974 925 2
526 1024 2
628 667 27
442 1125 8
898 957 8
961 295 1
515 49 1
1084 1087 2
878 1212 8
519 11 64
1184 1163 2
1570 588 8
221 438 8
55 568 7
1080 1047 2
12 416 20
1536 937 7
759 487 8
69 1581 8
618 1258 2
862 47 59
1082 706 2
159 423 2
671 915 30
752 1389 8
148 1150 7
384 59 48
603 230 2
377 534 2
252 498 27
241 1287 1
514 823 33
770 573 15
1133 139 5
1174 252 2
81 1170 0
940 444 7
80 88 5
1352 341 5
40 462 8
596 1127 8
117 534 1
1162 1198 54
266 113 2
157 172 8
712 139 3
259 723 2
838 163 8
56 1457 30
1485 945 2
349 1047 33
1233 368 1
703 129 8
125 519 2
917 70 2
215 1454 2
69 223 26
902 568 7
137 958 3
401 1578 5
1481 1496 69
286 957 1
484 1008 39
1125 1395 7
148 36 8
552 246 2
999 929 7
452 957 8
1565 677 2
998 505 1
545 1252 2
258 584 71
1355 453 34
1230 1337 2
1329 1246 37
418 24 1
557 957 8
997 256 7
598 513 30
1001 1126 33
1455 1135 2
205 601 7
1106 1126 33
74 603 2
303 45 2
325 98 8
1188 1097 7
651 681 38
1316 476 2
297 1295 2
1315 37 52
365 412 5
1337 730 8
306 1389 8
531 1057 2
58 812 1
325 390 8
1291 844 31
287 295 2
65 989 7
829 297 6
861 162 2
272 1131 2
988 458 2
874 139 3
271 108 1
172 1581 8
1437 54 2
1214 149 8
833 252 2
338 724 30
544 437 30
716 1342 7
279 453 2
145 1163 2
391 239 2
494 818 2
1084 39 8
158 703 2
126 223 26
401 879 2
494 813 8
252 1418 27
727 151 2
909 321 6
1245 921 57
366 421 2
707 1252 2
88 1335 5
485 646 8
303 1304 5
148 737 2
775 130 5
143 808 8
661 603 6
598 1207 8
565 586 2
115 70 1
1233 600 1
702 391 7
766 603 6
674 1314 2
823 433 7
1023 1342 7
256 424 8
565 878 2
230 396 33
71 61 15
527 412 5
23 598 30
1008 355 8
334 775 12
678 1340 2
1110 568 7
442 455 2
765 588 7
463 929 7
483 296 8
85 765 2
102 399 2
61 908 1
162 1187 0
1429 1395 7
383 379 41
230 724 33
1284 1397 0
325 1482 8
438 707 2
447 1062 8
1317 841 27
98 709 7
416 854 27
726 911 31
641 1362 2
810 244 8
988 1212 7
859 1338 2
652 1097 7
65 929 7
241 1194 30
170 438 6
1128 296 8
303 627 7
416 289 2
769 1086 8
133 937 5
284 1131 7
958 304 5
1394 1223 27
1058 350 2
416 581 2
102 724 30
273 535 2
35 1075 2
1128 228 8
650 397 2
647 646 8
505 831 2
307 642 30
252 1358 27
636 108 8
148 1141 2
415 282 8
148 1044 69
925 432 15
140 1367 2
267 929 7
148 1491 7
168 462 8
1156 1544 2
554 720 15
1454 743 5
1405 762 2
662 1246 5
810 388 1
1272 568 7
1008 327 1
653 1170 0
718 419 2
380 126 2
730 916 8
402 948 15
421 830 30
1556 241 35
377 114 8
371 1310 8
830 101 2
1271 162 2
1547 1325 5
340 163 7
729 172 8
1025 702 12
458 1305 7
350 1199 7
193 724 57
1233 21 1
834 172 8
350 1141 2
259 663 8
187 952 16
724 1457 30
926 37 7
702 1311 7
350 1491 7
365 1384 8
650 99 0
325 681 27
613 1128 20
381 810 15
472 355 8
1451 366 2
56 98 16
814 958 3
442 979 2
184 3 57
1156 92 8
193 552 57
797 936 8
185 259 27
192 552 2
74 256 2
418 261 1
759 1133 2
395 1166 1
541 1449 2
156 724 1
463 501 71
805 950 30
1377 958 5
869 1295 2
486 445 0
159 685 6
531 606 2
321 3 8
992 88 3
565 160 30
1525 172 2
507 925 2
1329 937 8
32 321 6
259 297 6
592 1395 7
829 553 2
53 702 2
61 21 8
838 908 8
252 279 27
447 1397 0
494 367 2
155 1352 2
701 667 27
1541 88 3
713 727 2
241 1517 12
278 104 2
486 36 33
1053 1075 2
32 1419 8
1249 335 5
922 1135 2
1146 1418 7
449 1565 2
309 915 30
309 519 30
519 960 30
1193 861 50
140 616 2
804 1131 2
1375 1310 7
143 65 8
505 471 8
716 1156 8
1130 70 1
418 851 30
1382 205 7
650 761 15
852 1126 30
903 651 53
321 627 52
1025 1291 33
1247 113 2
508 1325 5
98 476 2
438 90 7
234 1127 8
1131 1079 2
455 458 2
401 311 35
1025 330 8
836 200 30
952 533 5
283 1082 31
1050 479 19
333 355 8
438 360 2
494 81 10
997 829 7
909 1291 14
555 70 2
43 321 52
689 147 8
183 837 6
241 451 30
427 1420 8
603 1062 52
671 183 8
555 362 2
381 1213 7
641 911 2
69 856 2
650 118 2
721 845 5
736 667 2
454 37 8
541 78 2
531 942 2
70 348 7
281 369 27
652 646 7
515 1250 1
505 844 2
623 937 7
69 1184 2
659 743 3
372 172 5
728 937 7
360 667 27
618 856 2
1200 88 3
1156 89 5
1085 1018 13
1042 108 1
152 1126 2
152 730 2
1200 438 8
618 1148 2
1062 321 2
603 1035 2
1002 98 14
391 416 2
1156 1197 2
291 1127 8
1047 1553 2
139 672 2
577 1041 2
1244 293 0
602 1002 2
1233 1345 1
1078 259 8
880 59 8
508 855 3
573 960 1
577 1333 2
618 387 8
290 833 8
307 519 30
830 150 2
1146 47 7
126 663 8
205 733 77
1131 179 15
1259 59 7
565 1555 2
1052 139 3
1252 611 2
565 1550 8
1041 1163 2
945 453 34
1129 246 1
1129 287 2
396 1457 30
588 937 8
665 1131 2
1364 689 2
1152 70 2
910 278 2
575 488 2
1481 836 3
949 70 35
551 672 2
346 1437 8
383 607 30
281 1169 27
432 401 1
442 1028 2
765 1161 7
70 1445 1
541 1375 27
193 205 57
849 1231 41
915 890 2
541 774 2
652 1342 7
116 44 8
648 1033 2
362 1401 71
420 1024 2
417 172 27
1261 37 8
1349 1457 2
545 350 2
350 1119 30
651 1590 38
550 670 2
1172 139 5
399 191 16
726 1047 30
544 101 8
647 954 7
550 1457 8
1098 950 33
368 794 71
1562 952 33
281 1393 27
138 396 30
759 1078 2
88 835 7
552 167 8
1177 565 27
1126 553 44
993 444 2
251 70 35
650 31 33
63 321 2
1184 802 57
889 724 2
552 63 8
1179 627 7
1230 1550 8
1184 1384 8
516 834 2
295 1404 2
35 1310 7
1047 368 31
309 535 2
750 200 2
168 651 69
724 206 2
607 550 2
939 111 6
730 1562 2
1394 125 27
1179 163 7
1273 1494 1
726 1126 2
727 309 33
1397 535 7
841 208 2
1077 148 2
1394 417 27
252 620 27
1259 1093 2
1184 1212 8
1256 541 83
810 961 1
69 32 8
143 1321 8
1031 724 2
415 0 5
259 553 2
259 949 2
442 995 1
266 730 8
575 1184 2
218 1156 7
915 1253 1
138 803 2
1028 1405 2
337 1399 6
796 568 7
805 568 7
337 672 27
694 292 2
1459 1073 2
1479 453 2
468 88 3
558 702 12
20 1086 8
346 462 8
88 1239 7
205 499 7
228 651 53
85 1570 2
25 724 35
463 172 8
220 689 2
56 671 16
205 1187 7
1000 1126 33
468 730 8
1459 609 2
878 140 2
860 1342 7
258 706 71
774 420 2
3 1384 8
190 259 2
1215 750 7
74 829 2
1203 603 6
195 929 7
1326 1395 7
641 1252 2
654 694 39
1093 373 6
191 777 2
501 1319 21
1499 377 10
406 1254 7
1210 362 7
1215 682 7
550 18 8
1548 1384 8
322 56 33
173 453 2
22 418 30
409 393 2
1303 256 7
292 1128 8
69 728 8
677 1610 56
1037 667 27
1295 1044 53
603 980 2
1307 957 8
1400 1305 7
1058 172 2
560 59 5
1295 1148 2
377 77 2
139 221 2
841 1227 8
630 88 3
315 598 30
290 90 8
374 823 33
278 677 2
476 877 2
1284 214 2
656 823 14
187 724 35
396 782 30
40 1212 8
441 1310 5
735 438 8
125 1395 7
772 175 77
593 937 7
917 1342 7
483 298 8
1056 1389 8
415 1316 5
726 37 7
651 1256 5
286 720 15
329 1246 37
1161 1389 8
1191 1063 5
127 438 8
1471 1698 59
568 336 6
56 604 30
56 208 30
746 908 5
442 307 7
1252 556 2
552 837 23
361 551 2
1367 88 2
438 663 7
1102 929 57
205 1523 7
114 335 2
258 830 30
449 462 8
850 1127 52
1372 362 7
1485 24 2
1236 1156 7
206 1033 2
228 1086 8
1454 917 2
350 1062 8
1496 774 40
420 677 2
836 1152 26
558 1291 33
546 1097 7
1219 1418 7
547 577 2
539 803 2
992 686 7
347 59 8
416 479 2
701 1246 5
728 412 5
88 92 7
544 46 8
427 390 8
535 1550 8
810 1578 5
281 1338 27
747 637 12
1022 228 8
1394 1449 27
416 411 2
602 139 5
399 831 2
3 278 9
1075 898 2
309 183 8
768 1310 8
392 1395 7
318 4 80
395 1029 2
172 728 8
491 1246 37
601 957 7
780 1126 30
780 730 30
1166 568 7
1002 671 14
486 745 2
731 603 7
1437 485 33
252 273 27
1265 1327 6
1460 531 30
265 1310 8
929 1388 7
411 1156 8
710 929 7
623 172 8
401 21 8
1460 823 30
140 1525 2
292 377 8
1193 167 50
830 723 2
1481 1144 2
1357 1170 0
1291 29 2
125 362 2
126 1236 8
205 910 77
259 498 2
335 857 2
195 829 20
1125 1342 7
150 458 2
721 1511 9
543 159 20
340 681 7
841 80 8
852 724 30
582 159 2
569 911 2
584 728 8
917 241 2
825 330 8
1284 1457 8
301 1634 77
1459 622 2
957 654 5
813 958 3
1140 933 2
1303 1566 5
408 779 5
104 516 2
551 1199 7
1136 834 8
435 702 8
1023 462 8
552 808 8
569 838 8
447 214 2
902 1050 3
513 1437 2
1045 1029 40
1014 836 3
295 1357 2
399 368 16
1329 444 2
281 1073 2
990 595 12
189 56 33
70 284 2
243 99 0
895 88 3
981 911 2
872 929 7
1179 908 7
629 1091 2
411 1565 2
867 551 2
78 350 2
395 619 27
1499 718 10
843 1131 2
1414 1310 7
318 340 80
434 596 14
929 1314 5
922 1231 41
915 1392 30
659 341 3
287 362 2
730 1447 2
108 1523 5
1170 1574 2
936 501 5
526 48 2
850 453 2
713 637 12
291 37 8
607 727 2
834 56 33
1458 396 30
162 572 2
1540 88 3
1271 1084 2
98 915 30
870 958 3
1052 1075 2
999 659 77
476 530 2
1084 502 8
24 1084 2
337 1417 27
631 1127 8
595 256 38
1472 929 57
694 1037 2
619 1156 8
494 554 23
1230 1176 15
239 739 27
659 1335 5
933 327 2
980 492 30
730 63 8
1185 462 8
143 291 8
1120 776 5
591 950 33
240 126 2
1233 479 1
228 416 2
148 507 8
1459 917 1
350 387 8
244 139 3
836 98 30
350 684 2
649 284 16
917 531 7
1024 335 2
1213 1399 6
1029 259 2
347 1342 7
233 1419 8
458 92 7
900 1131 2
1135 1236 8
673 399 2
205 1072 7
661 689 2
761 724 1
551 166 2
70 1376 2
430 416 2
438 144 7
933 606 35
438 878 2
185 1405 27
797 83 8
1340 357 7
535 1500 2
864 1491 7
420 158 2
1436 335 2
804 139 3
595 950 16
1141 958 5
168 706 2
720 998 1
1176 929 7
603 619 27
1281 438 6
285 416 2
958 808 6
823 844 31
1128 3 8
1121 765 19
619 1461 2
1128 341 3
1080 1163 2
1475 921 57
618 978 2
738 83 8
933 685 7
406 139 3
291 957 8
731 256 7
139 502 2
836 693 2
718 274 12
603 1553 2
772 1212 77
1127 763 5
1047 1337 7
486 890 33
1061 952 33
568 685 6
1460 476 30
256 504 2
115 937 1
491 568 7
492 840 2
718 590 2
241 1398 7
1240 433 5
336 321 6
369 516 2
957 766 8
550 658 0
1288 462 8
340 334 7
325 891 6
491 937 8
349 702 12
144 1437 8
914 148 2
568 909 6
337 270 27
240 1437 8
106 550 2
1454 1517 1
1482 1310 8
1252 1525 2
32 399 2
596 779 8
1493 335 2
89 812 2
125 239 2
562 732 7
287 646 5
450 1284 2
340 266 7
438 1236 7
221 239 2
555 1342 7
684 650 2
1362 34 53
395 338 5
578 59 8
1084 441 0
70 1567 1
147 1238 41
552 65 8
789 1437 8
540 256 2
1040 833 8
1001 950 33
290 324 5
720 1315 5
1570 1108 8
281 726 2
1251 453 34
1549 1002 1
929 1373 0
286 1005 1
303 1076 2
3 1356 10
865 1156 7
1314 933 2
108 32 8
750 98 2
650 1264 2
836 1493 2
70 229 2
686 1187 5
999 1310 8
1310 1243 7
1540 929 7
292 335 2
1321 646 8
642 1125 8
454 1238 41
252 489 6
961 278 7
1058 1395 7
395 1305 8
49 1047 33
69 326 8
297 551 2
494 246 2
377 590 2
1076 148 2
836 114 2
205 1259 77
1177 911 27
1193 533 3
498 1419 8
460 911 31
162 908 8
829 719 8
36 838 8
32 803 2
865 88 3
272 1075 2
934 183 1
642 1455 30
484 541 2
1055 720 7
699 568 7
694 586 2
1375 1131 2
298 412 5
544 222 0
335 614 5
209 1005 36
234 929 7
1144 83 6
337 898 27
148 848 8
1459 903 2
396 1314 5
476 699 2
805 1127 8
917 476 7
415 450 5
396 604 30
1050 322 19
1332 363 1
864 338 5
790 508 7
1474 552 2
1090 88 5
362 652 71
1045 277 8
836 704 31
980 516 2
1443 1126 33
598 861 30
1065 658 0
109 139 3
321 433 7
1354 453 34
322 350 33
797 424 8
86 1156 8
82 1062 8
661 957 8
1209 362 7
442 102 8
281 540 27
409 979 2
922 1459 30
363 606 35
915 1514 0
76 52 8
1230 743 3
115 810 15
1307 377 6
1184 140 2
1077 633 1
35 462 1
1080 420 2
611 1340 2
1217 139 59
419 88 3
618 235 2
1295 1396 7
318 37 8
957 533 3
303 716 8
395 231 2
278 971 2
514 911 2
113 417 5
177 646 8
1397 1389 7
162 1541 2
162 1145 2
252 1078 27
646 18 8
1084 387 8
909 377 6
1009 412 5
124 1395 7
233 667 27
363 685 7
1188 1340 50
1045 1596 38
1163 685 8
1518 139 3
362 675 2
350 569 2
231 1131 2
271 139 3
259 487 8
184 1498 57
334 1191 12
836 671 30
695 183 2
1364 172 2
241 879 7
311 494 1
56 726 30
547 434 1
388 724 35
922 159 2
550 617 2
1134 732 7
438 785 7
949 241 35
1316 412 5
80 59 7
1040 90 8
952 948 15
1144 102 8
4 424 14
534 775 12
642 455 2
190 1405 2
845 523 57
295 1351 2
424 37 7
627 1349 7
717 70 35
516 677 2
555 1156 8
88 610 7
181 1395 7
922 810 15
1171 412 5
113 1509 5
117 893 30
1400 1296 7
330 83 8
406 401 7
406 838 8
880 535 2
650 98 33
1390 993 1
982 730 8
183 240 2
847 259 7
864 726 8
500 859 2
579 1005 36
944 531 2
745 59 7
111 483 15
852 958 3
603 231 2
731 829 7
261 458 33
98 117 30
544 102 30
162 858 2
603 127 2
1124 810 15
362 1371 2
1400 452 7
1373 412 5
139 1367 2
118 568 1
823 1581 7
337 619 27
468 950 33
1158 1389 8
596 1128 8
374 366 33
584 1418 8
205 740 77
1056 541 2
710 1384 8
683 372 1
707 958 3
836 1299 30
514 925 10
101 803 2
914 325 2
337 843 27
594 486 8
479 139 3
565 647 2
917 462 8
272 1437 20
1020 1437 8
220 172 2
25 1127 8
897 937 7
633 808 6
59 837 6
1326 1342 7
269 61 15
1454 460 2
189 350 33
1232 1231 48
362 597 71
540 829 2
416 1333 2
891 139 48
155 1170 0
889 1195 2
418 713 1
447 435 8
406 1097 7
1230 27 2
281 1299 2
1260 92 8
1223 1033 2
438 34 7
535 743 3
624 718 1
658 1156 8
188 1314 7
920 823 14
867 777 2
442 47 8
750 1062 8
864 1381 7
1295 595 53
281 485 27
162 1262 2
921 368 30
494 1283 2
1337 1419 8
76 393 8
737 667 2
875 838 8
1317 438 27
544 1194 30
409 168 2
32 377 6
494 1575 2
1137 412 5
642 387 8
186 568 7
303 265 8
1400 392 7
599 1191 12
1461 368 30
444 607 5
1076 325 2
759 97 8
359 650 2
841 611 2
162 1090 2
383 678 43
1282 550 1
418 1371 30
41 1002 7
750 1392 30
631 957 8
829 459 7
758 724 35
1058 239 2
1522 1389 8
800 1453 2
577 1053 2
479 794 2
256 97 8
140 672 2
570 929 7
716 1212 8
1151 925 2
395 1315 5
64 513 30
706 770 2
584 498 38
257 732 7
325 489 6
440 1116 1
1045 626 8
350 514 2
1176 958 3
1485 263 2
1215 159 5
702 684 7
406 1419 5
470 366 2
328 568 7
820 1156 8
438 834 7
450 486 2
235 256 2
396 781 30
205 1298 7
85 370 2
882 1033 2
281 889 27
813 59 8
1127 891 7
1210 541 7
1232 256 48
952 881 5
551 1080 2
1001 775 12
836 840 30
1144 47 8
978 911 2
518 88 5
1106 775 12
880 256 2
287 1284 2
750 1299 2
823 701 30
1128 297 8
650 466 2
659 1217 8
859 233 27
16 1170 0
183 854 27
759 798 2
311 694 7
603 1555 2
84 957 2
990 34 12
1565 219 2
416 582 2
929 507 0
399 606 2
503 618 2
281 152 2
1424 1097 7
1179 347 7
399 898 2
1239 1340 30
650 789 8
650 393 8
318 175 80
119 1496 41
395 804 2
61 1468 24
183 226 3
937 1243 7
251 823 16
601 1128 7
727 1140 2
309 646 8
159 369 2
944 476 2
1193 1396 8
1127 593 5
382 462 7
553 519 35
584 1590 38
1173 1191 12
1405 763 2
148 1388 7
147 1086 2
1284 617 2
138 550 1
568 1203 6
1460 598 30
1287 363 2
1129 766 1
1252 1423 2
183 112 8
1439 911 31
1460 651 41
491 1127 8
159 296 8
1372 541 7
730 813 8
607 494 2
1163 1555 2
1505 730 8
454 862 2
162 42 8
20 937 7
494 63 8
159 588 8
360 278 2
730 919 30
911 524 2
588 1389 8
703 75 8
551 1438 7
347 535 2
702 1307 13
574 1006 2
170 56 30
139 1345 30
737 241 30
1069 577 30
1045 872 40
674 1124 33
550 1581 8
1126 28 2
335 856 2
1496 1177 40
527 505 1
108 326 8
1266 908 8
1480 836 3
816 37 8
347 462 8
406 750 7
221 689 2
419 686 7
720 761 15
774 140 2
1317 159 27
633 685 6
756 1342 7
921 381 30
541 1450 2
286 1127 1
1309 1131 2
82 165 2
1128 1217 8
70 455 2
406 682 7
1100 458 33
463 794 71
531 607 2
544 451 30
1429 937 7
1381 139 5
1445 1126 33
650 671 33
849 794 2
1527 1097 7
577 1375 27
269 1362 2
514 113 2
45 1033 2
183 808 8
738 833 8
1380 1295 2
562 568 15
603 804 2
736 259 8
271 1075 2
544 279 30
505 45 2
268 1418 7
914 633 1
692 1327 6
1084 277 8
336 779 6
594 340 2
1129 998 1
1230 1335 5
387 140 8
543 642 30
689 854 27
1040 995 1
531 536 30
727 280 59
1537 3 8
380 1047 2
679 1310 7
1045 798 38
1537 341 3
140 221 2
34 584 2
1573 1412 1
125 1156 8
1403 568 7
836 163 8
1250 366 33
340 1480 7
1391 462 7
483 18 8
213 252 6
277 44 8
823 29 2
241 764 64
907 4 2
153 205 19
818 59 7
447 789 2
109 1266 1
565 90 7
56 324 30
657 1284 2
900 568 7
841 485 30
64 390 30
1152 1437 8
774 836 2
396 726 30
418 1354 1
205 1243 7
519 1359 1
718 1506 0
162 445 0
1537 1335 5
653 702 12
795 937 8
1474 674 2
1116 344 2
885 689 38
1254 119 8
438 315 7
1453 1000 2
490 776 5
555 759 2
441 836 3
69 857 2
159 1210 57
584 1256 5
163 1395 7
88 208 7
88 249 8
629 1156 7
659 766 8
434 1004 8
416 235 2
340 1578 5
281 1058 27
1207 568 7
1307 603 6
639 531 2
1394 1169 27
1533 295 1
270 1131 2
544 1371 30
241 558 1
1424 646 7
12 703 20
1045 1598 38
106 642 30
395 848 8
165 667 2
119 1045 41
862 1307 13
159 314 2
784 1093 77
535 1204 30
102 438 6
150 350 2
377 425 2
1047 1450 2
1062 568 7
1390 419 1
127 859 2
468 775 12
396 1420 8
1402 957 8
281 987 55
593 1389 7
803 1376 2
708 413 2
472 1243 7
88 1513 5
928 702 2
689 917 2
1162 167 8
1275 552 7
357 535 7
923 283 2
325 1062 6
524 598 30
534 683 0
1162 63 8
1210 412 5
337 45 27
823 1345 2
1535 1131 20
259 213 8
869 911 31
238 148 2
829 90 8
25 37 8
1315 412 5
1129 976 2
455 1437 7
674 381 33
1310 384 5
238 836 2
1112 184 5
939 410 8
1152 462 8
922 281 2
89 937 7
689 1141 2
544 71 2
1131 293 2
789 1212 8
1232 829 48
36 573 15
383 849 41
207 58 2
1436 1156 7
1075 1418 2
416 1223 2
362 1518 30
541 707 2
172 857 2
550 1359 2
692 546 35
346 59 8
88 440 7
1128 433 7
1214 1419 8
168 438 6
1136 90 8
306 1384 8
765 116 8
641 958 3
618 739 27
494 89 2
650 324 33
1219 32 8
176 1040 2
913 642 30
35 1212 1
972 667 2
1546 183 8
63 568 7
502 551 2
739 1131 2
390 1156 8
859 533 2
147 1389 7
651 586 40
159 1338 2
483 910 1
607 447 2
864 848 8
1405 648 2
1183 1342 7
259 622 2
192 823 30
377 657 2
1160 1047 33
843 1075 2
209 1244 36
1185 646 8
668 727 5
1393 1230 2
613 1384 8
586 1461 2
993 724 35
1069 779 7
1101 1068 5
1284 1581 8
805 929 7
140 265 8
140 166 2
925 443 12
192 1047 30
1233 595 1
772 236 77
454 1389 7
718 611 34
337 673 27
1153 1384 8
22 162 2
229 362 2
35 139 3
506 1128 20
565 769 2
278 368 14
667 685 7
455 462 7
171 412 5
844 649 71
1010 833 7
908 958 3
350 39 8
778 911 2
1565 1196 2
1093 46 6
823 297 8
1439 1126 2
746 109 5
447 265 8
172 739 27
69 1198 2
1158 776 5
651 1584 28
1223 759 2
1527 1342 7
651 804 38
557 418 50
84 159 2
526 464 2
867 1295 2
159 863 6
777 355 8
313 1199 8
841 905 2
639 476 2
980 911 2
1394 1510 27
494 1009 2
252 1317 27
958 178 1
1084 626 8
971 551 2
69 1125 8
502 1075 2
505 722 2
590 1395 7
1124 61 15
