1115 377 5
83 1070 5
1181 153 5
870 1325 5
387 1070 5
905 412 5
254 755 5
1266 412 5
267 412 5
1329 1070 5
135 1325 5
1252 1304 5
442 1325 5
594 393 5
259 1314 5
101 1325 5
663 1328 5
982 459 5
441 1325 5
726 1070 5
514 1325 5
795 1070 5
876 459 5
274 376 5
144 1290 5
65 412 5
1158 1070 5
200 1314 5
980 1325 5
1128 1070 5
1239 393 5
1014 412 5
1316 92 5
1176 412 5
1230 1070 5
1339 646 5
108 978 5
551 1325 5
658 619 5
910 412 5
1191 225 5
144 1475 5
102 412 5
642 412 5
770 412 5
447 1325 5
303 412 5
1304 585 5
446 1325 5
772 925 5
197 412 5
592 1070 5
317 643 5
1550 1325 5
750 1325 5
1304 550 5
841 412 5
255 1304 5
982 1062 5
934 646 5
1217 1325 5
1395 1325 5
950 226 5
1216 1325 5
1090 1325 5
1304 1589 5
40 412 5
1023 1325 5
282 417 5
1539 1070 5
701 1472 5
1498 417 5
274 754 5
1153 412 5
276 412 5
1014 215 5
1166 1070 5
1316 884 5
328 1070 5
738 1070 5
551 50 5
982 974 5
976 646 5
1101 376 5
723 1325 5
1339 1670 5
1446 393 5
350 412 5
1084 412 5
1171 1070 5
147 412 5
808 1314 5
108 1150 5
681 1314 5
982 476 5
847 1070 5
1193 412 5
903 1070 5
1563 412 5
1191 1490 5
420 412 5
1403 1325 5
1296 412 5
872 1304 5
995 1325 5
1304 1419 5
1274 376 5
721 153 5
651 851 5
729 1325 5
233 1070 5
1570 412 5
240 1314 5
1301 412 5
982 450 5
996 412 5
1035 412 5
1197 412 5
687 1314 5
282 1465 5
284 1472 5
315 393 5
485 1070 5
1339 1673 5
554 1465 5
291 412 5
1339 1674 5
1136 412 5
490 1314 5
363 412 5
1316 110 5
867 412 5
1155 1070 5
494 412 5
939 412 5
689 1070 5
1465 1507 5
856 1070 5
663 1561 5
293 215 5
1463 1070 5
272 1314 5
1304 1621 5
609 412 5
1353 377 5
1011 1314 5
565 1314 5
1024 1304 5
1465 1564 5
568 1070 5
945 1314 5
1114 393 5
1418 1314 5
1257 1314 5
313 1314 5
1304 969 5
584 851 5
1496 851 5
396 1314 5
568 337 6
1093 735 6
568 4 6
939 603 6
1308 903 6
316 1153 6
600 735 6
1155 789 8
155 92 8
867 383 8
1022 646 8
543 259 8
191 92 8
233 1086 8
1231 1062 8
915 1296 8
906 83 8
939 1374 8
499 92 8
221 1418 8
233 793 8
309 663 8
951 1550 8
594 532 8
594 404 8
873 377 8
374 785 8
594 182 8
978 1033 2
565 26 2
859 882 2
420 219 2
48 677 2
409 1035 2
398 101 2
191 676 2
978 235 2
676 1376 2
314 856 2
1355 446 2
255 540 2
1357 910 2
1516 872 2
672 729 2
542 551 2
155 1140 2
519 772 2
738 682 2
553 1345 2
1170 1070 2
1502 363 2
1444 831 2
1444 1404 2
240 536 2
672 1358 2
1329 812 2
1028 219 2
1015 543 2
202 278 2
905 1309 2
1230 1079 2
1450 393 2
272 757 2
542 973 2
348 542 2
709 789 2
1168 1345 2
684 974 2
79 789 2
185 1230 2
812 1608 2
309 940 2
1444 1167 2
543 251 2
987 584 2
872 1619 2
120 789 2
948 1611 2
240 1234 2
1564 892 2
259 1007 2
1444 1048 2
439 856 2
867 1206 2
340 789 2
1319 925 2
259 1556 2
1444 954 2
1514 1070 2
1441 110 2
345 1070 2
414 793 2
1444 426 2
1524 793 2
646 16 2
619 580 2
1444 400 2
995 56 33
259 1238 33
995 117 33
1560 1181 7
1010 808 7
465 1181 7
473 1314 7
441 1647 7
1012 1314 7
188 1314 7
1466 105 1
286 1197 1
115 446 1
227 594 1
1466 1689 1
658 1531 1
1466 319 1
1034 108 1
1466 1386 1
1466 1679 1
1466 1694 1
1466 965 1
1466 141 1
1466 1683 1
1466 1685 1
1466 1684 1
1466 525 1
1466 1686 1
1466 1687 1
226 1617 3
1301 1157 62
549 1652 62
1356 1014 0
866 658 0
982 131 67
651 1591 38
584 1593 38
1496 1587 38
772 1628 77
772 935 77
772 1631 77
772 1529 77
772 1641 77
266 1328 2
1062 559 2
695 1395 7
277 393 8
726 881 3
726 840 2
622 274 2
158 1217 8
772 932 77
988 974 30
23 1084 2
1158 140 8
344 153 1
980 840 30
349 910 2
982 1209 5
1421 658 66
1503 808 8
1357 637 12
925 1351 2
362 450 2
425 1206 36
1191 1064 5
1319 47 0
818 282 2
677 756 2
337 321 6
442 1042 2
485 1457 8
457 102 2
1561 389 36
897 1395 7
1079 464 30
1252 849 2
341 672 2
1201 393 5
230 915 33
1306 393 5
939 355 8
98 1296 7
651 1604 38
880 272 31
1225 795 48
648 233 27
950 533 5
259 90 8
291 338 5
995 433 7
357 851 30
433 568 7
1568 259 2
1212 102 8
667 663 8
759 1024 2
303 1583 8
945 1253 2
89 519 35
159 284 6
867 320 2
398 844 2
1476 350 30
1078 568 7
1570 1156 8
226 604 30
1084 1213 7
117 960 30
865 808 7
83 335 2
273 1450 2
913 191 30
1084 824 23
641 50 70
860 1217 8
45 235 2
939 57 6
936 603 6
996 63 8
361 1316 2
1514 196 1
704 681 1
250 1418 7
600 623 6
503 672 2
1496 769 38
148 1556 2
1162 808 8
377 602 2
336 377 6
241 1355 1
945 366 33
1485 789 2
276 1384 8
841 149 8
524 1239 30
604 974 2
1188 536 50
676 1554 2
713 910 2
475 1450 2
1166 834 8
701 804 2
910 920 2
1251 1355 2
1271 681 2
418 450 30
1246 651 12
595 568 7
723 384 3
368 831 2
278 381 14
753 939 15
357 1446 2
199 1507 1
880 584 41
24 681 2
337 618 27
1391 789 8
976 513 30
904 1328 84
829 663 8
703 197 8
233 355 7
109 1197 2
108 511 7
135 114 8
983 272 31
1329 909 2
314 958 2
743 412 5
286 1421 1
1022 1321 8
147 1190 41
1443 1561 2
1114 452 12
1136 1127 8
1419 533 5
778 856 2
771 1070 2
1252 139 3
503 101 26
185 778 27
646 1581 8
737 568 7
648 291 8
270 519 31
317 59 7
1321 1062 8
1110 278 2
981 1496 53
309 1131 7
65 765 7
65 369 7
159 808 6
514 699 2
304 789 2
162 1329 2
999 50 14
518 1062 8
163 1550 8
387 685 7
271 905 2
1162 1395 7
197 958 5
1329 724 35
1144 603 6
626 808 8
1193 881 3
1181 437 8
138 1404 1
21 233 27
1035 1338 2
582 856 2
651 1270 5
1328 241 35
958 1617 3
683 1531 1
1216 881 5
476 823 2
255 1393 2
594 957 8
998 1062 5
285 404 8
1355 1225 0
803 974 2
301 50 14
594 1307 13
20 1395 7
1503 65 8
1238 1126 16
925 1016 12
1233 1168 1
1474 676 2
1021 153 1
999 884 77
552 1114 2
674 1090 2
155 533 3
402 412 5
1130 485 1
702 459 7
233 1379 7
233 1420 8
155 487 8
1140 1562 2
1133 272 2
1024 628 2
925 622 34
676 803 2
272 179 15
681 727 2
441 355 7
232 973 2
458 723 2
57 1062 6
106 903 2
667 1550 7
689 384 3
719 939 15
551 563 2
1329 1491 7
1127 1062 7
442 127 2
555 1345 2
377 990 5
1550 1213 7
877 681 2
315 555 2
1040 102 8
112 291 8
859 1510 2
1502 719 15
759 677 2
592 1548 5
48 576 1
78 233 27
108 139 3
1024 1337 20
1160 658 0
303 741 2
183 233 27
1100 1404 2
531 1357 2
177 1062 8
144 75 5
1399 735 6
865 65 7
1087 554 2
1077 1418 2
642 399 2
285 808 8
530 282 23
653 1014 0
1421 387 8
601 903 7
780 676 30
699 1274 12
839 701 2
159 540 2
1404 458 33
269 1296 8
126 859 2
371 1550 8
1537 1217 8
252 219 27
646 1578 5
127 689 2
727 200 33
115 938 1
1052 393 2
772 1505 77
600 947 2
227 724 1
1007 606 35
128 619 27
1069 377 7
479 1496 69
567 293 0
154 147 8
487 808 8
240 1047 2
642 724 30
672 671 7
689 1097 7
533 684 30
1466 1489 1
383 1194 30
769 856 6
689 1389 7
907 1150 2
1304 1253 5
568 1243 7
337 563 27
789 1407 2
101 1310 8
1158 937 8
1481 976 7
854 1070 5
65 1210 62
1210 903 6
552 363 2
1326 1062 7
291 1389 7
998 226 1
792 689 2
185 35 27
1322 1418 7
1330 1093 1
1047 948 15
390 284 6
1114 25 2
1216 728 7
1075 101 26
995 1298 7
886 92 8
267 1493 27
138 915 30
289 689 2
243 441 0
1421 646 7
211 147 8
1177 980 27
603 647 2
620 677 2
494 1003 2
285 1395 7
643 163 8
272 852 2
267 1029 27
346 1325 5
616 1033 2
1303 147 7
1570 22 8
1262 1206 36
48 158 2
1282 374 1
499 888 23
1403 119 7
485 836 2
4 875 6
544 450 30
267 22 7
603 475 2
1383 770 7
1394 540 27
272 1076 2
729 936 8
594 907 2
1376 1281 1
255 1437 8
1024 513 26
381 553 44
255 1338 2
911 681 27
56 167 30
1039 859 2
899 1374 7
274 1285 5
291 1315 5
1018 789 2
1139 831 2
695 1550 8
819 101 8
207 543 1
98 940 2
230 117 33
1023 1396 8
544 925 2
108 1125 8
994 1231 17
446 562 2
673 1033 2
403 1325 5
1114 1409 2
551 112 2
907 102 8
750 1483 2
629 1395 7
778 1033 2
551 462 7
1230 433 7
550 214 2
215 424 2
1104 701 2
69 1028 2
372 412 5
1230 766 8
1444 653 2
309 1354 2
69 1419 8
750 1415 2
241 915 30
241 519 30
420 104 2
1209 259 7
870 929 7
1552 102 8
555 1217 8
173 284 2
65 942 7
106 485 30
841 1131 2
233 338 5
498 619 27
1516 436 1
419 147 8
309 692 44
1399 284 6
1216 18 8
504 272 2
995 588 8
854 1062 8
1075 393 2
278 972 2
642 47 8
880 200 2
1034 902 1
1326 226 3
52 1217 8
1157 1480 62
616 350 2
735 296 7
1295 233 27
1004 950 30
136 903 52
836 1035 2
1271 1274 12
159 485 2
919 272 31
65 338 3
1500 1446 2
24 1274 12
450 627 6
726 957 8
350 167 16
872 68 24
1173 976 33
978 492 30
34 987 2
701 798 2
154 92 8
478 101 8
221 854 27
565 189 27
340 280 7
646 1397 0
27 643 38
406 1475 5
1316 97 15
588 1114 2
359 1217 8
1562 345 0
383 1139 30
420 489 6
1442 1357 1
453 684 2
215 1224 2
1561 1344 37
900 1309 2
910 742 2
1340 1395 7
1053 387 8
555 1230 2
1136 37 8
23 1239 30
432 568 7
795 75 3
1100 1357 2
420 1196 2
108 46 8
1084 3 10
1035 63 8
435 197 8
707 1325 5
328 1577 8
1449 1309 2
1210 1181 7
778 350 2
929 1319 0
915 1455 30
83 728 8
532 68 2
1201 1217 7
399 1418 2
88 215 7
809 315 30
756 1062 7
519 424 2
1338 1086 8
269 83 6
267 1042 27
1314 1567 2
764 772 19
752 1418 7
226 830 30
251 138 35
634 568 7
872 762 2
1314 444 23
729 662 2
447 32 8
867 833 8
739 568 7
494 552 2
309 697 14
380 543 2
393 479 2
681 1294 0
603 128 2
385 147 8
514 958 3
923 1150 2
1166 1420 8
1193 37 8
337 912 27
1238 36 16
917 536 2
543 362 30
582 350 2
701 1030 2
88 313 5
925 602 2
934 957 8
590 812 2
1472 1112 57
712 387 8
999 1395 7
910 1392 7
565 648 2
1130 83 1
1201 851 5
907 120 2
314 1148 2
1045 291 8
447 113 2
540 898 2
219 239 2
226 1133 2
233 1310 8
125 808 8
653 910 2
1231 322 2
240 241 2
1474 102 2
681 617 2
550 823 33
1136 957 8
532 1452 2
306 1418 7
1329 1381 7
1316 401 1
442 116 8
325 757 2
350 502 8
98 83 7
540 1122 2
127 1314 5
144 1344 5
1135 663 8
872 1458 2
35 1304 5
447 728 8
185 900 27
344 226 3
641 1028 2
613 1153 6
441 114 8
602 1472 37
59 1395 7
243 1014 0
242 293 0
85 259 2
303 730 8
636 1450 2
254 353 5
417 991 2
979 856 2
1283 1101 12
189 867 33
726 1557 1
631 594 1
841 1076 2
833 568 7
867 1461 8
1376 179 15
284 1135 2
69 905 2
978 112 2
1404 771 2
216 750 30
1087 147 8
208 976 30
69 1296 8
974 468 2
514 857 2
1117 1325 5
939 1203 6
191 1267 14
1458 519 30
1458 915 30
263 1357 2
252 1024 27
913 376 5
291 848 8
999 925 5
140 1033 2
834 867 33
543 983 14
505 789 2
592 37 7
476 653 2
102 158 6
255 1223 2
577 1450 2
976 998 29
940 159 7
974 861 30
40 1384 8
699 1084 2
1176 1377 8
144 1396 8
780 102 30
235 325 2
808 1416 2
978 437 30
128 859 2
596 600 44
681 637 12
1028 498 2
259 37 8
709 413 2
790 1150 7
546 550 1
1468 1395 7
301 925 5
912 672 2
1024 458 2
900 1358 2
565 1568 2
450 883 2
746 976 5
193 682 57
1250 446 2
1179 315 30
1126 1062 7
238 259 8
315 453 2
648 735 6
550 1251 2
899 568 7
151 1070 5
753 735 6
85 663 2
915 611 2
377 1554 0
386 1472 5
681 1199 7
551 1081 2
442 1041 2
878 102 7
420 1141 2
1463 75 3
417 289 27
1215 1550 7
978 516 2
501 847 0
233 163 8
417 581 27
1217 728 48
1100 191 33
651 1603 38
409 1553 2
32 1325 5
1544 568 7
796 1070 5
309 324 2
317 39 8
650 363 2
552 226 3
81 200 33
1076 1418 2
1309 796 2
951 1283 21
951 887 21
291 1549 2
1022 296 8
919 976 30
450 1500 30
297 568 7
735 937 7
721 1196 27
1563 37 8
867 90 8
626 233 27
855 677 2
499 129 2
820 1197 1
1239 1341 30
267 231 27
686 974 5
514 739 27
191 415 44
616 235 2
519 301 2
642 958 3
877 1418 8
939 228 6
155 702 12
1183 770 7
297 442 2
503 551 2
1016 376 5
315 606 30
735 1161 7
928 1176 7
1183 1062 7
265 1086 8
772 1335 77
21 882 2
1181 1583 8
486 417 2
385 92 8
138 155 1
551 341 5
536 724 30
390 808 8
147 1082 8
494 424 8
1252 1424 2
1284 910 2
337 857 27
980 36 30
126 1309 2
808 45 2
575 905 2
925 151 2
142 856 2
1377 1550 7
847 1578 5
454 1155 2
907 1376 2
632 568 15
1505 663 8
250 147 8
1481 101 33
402 293 0
789 853 12
337 1081 27
1481 651 69
507 293 0
226 1078 2
665 565 2
555 200 2
745 441 0
334 374 2
673 235 2
116 789 8
910 1310 8
681 265 8
459 533 3
1079 1072 7
417 917 27
778 235 2
551 2 2
219 116 2
1444 1562 2
438 26 2
84 1550 2
1009 543 2
978 1436 2
528 1357 2
279 1033 27
285 233 27
78 882 2
859 1053 2
1304 766 7
1160 1070 5
808 983 14
183 882 2
738 1303 2
1309 1424 2
620 903 2
581 915 30
1078 1309 2
514 474 2
1230 296 8
841 625 2
980 730 8
409 114 2
499 1445 2
847 833 7
1087 92 8
862 726 8
737 1296 8
713 1101 12
1192 92 8
704 1084 1
847 1125 7
1397 884 7
544 676 30
392 1217 8
417 904 9
598 831 2
737 185 39
723 855 3
322 658 0
241 155 1
820 446 1
1055 551 7
577 603 2
1035 1405 2
1328 704 35
876 51 5
1039 689 2
722 65 8
147 341 3
543 988 41
673 1035 2
1033 471 2
1463 728 7
99 1023 1
647 191 30
905 189 27
350 460 2
568 57 6
1035 1337 2
1399 808 8
565 1221 2
442 762 2
1155 384 3
1296 1518 0
565 779 7
220 350 2
592 1292 50
202 741 1
459 787 8
418 1355 1
361 663 8
672 88 2
1126 1345 2
503 485 30
205 1140 7
1316 1078 1
258 1239 30
1294 345 0
769 314 2
681 1581 8
147 678 41
534 1446 2
416 200 2
978 857 2
315 622 2
191 1126 2
367 1206 36
750 1199 7
291 806 2
194 872 2
106 315 30
976 1287 2
1108 102 8
979 1033 2
747 254 12
527 83 8
872 360 2
1176 606 1
1183 387 7
721 1141 27
872 355 8
270 1028 2
1507 444 57
875 101 8
1296 3 7
492 684 2
676 1499 10
55 793 8
1395 1199 7
987 704 35
642 671 30
307 485 30
770 1245 5
681 223 26
271 393 2
377 817 8
102 1127 6
147 636 2
514 114 8
90 980 5
568 753 6
387 1457 8
1155 1097 7
201 1490 5
1058 808 8
115 1005 1
138 153 12
1 1153 6
253 1217 8
1488 255 2
701 628 2
154 219 2
1024 1495 2
235 898 2
939 1 6
1037 1035 2
437 412 5
364 259 8
1354 447 2
1179 1168 71
841 139 3
551 1384 7
1024 1031 2
1052 387 8
1339 521 5
221 411 2
1076 309 30
1158 1108 8
355 92 8
561 102 2
80 974 7
905 148 2
550 1428 2
389 1376 15
950 881 5
551 1258 2
419 282 2
541 1418 7
1232 726 48
432 1419 8
849 255 42
316 53 7
1337 1086 8
459 36 8
192 499 2
499 0 0
326 226 3
877 1376 2
1443 554 23
185 498 27
528 568 7
1541 1395 7
880 726 2
533 1513 59
399 101 26
279 978 27
857 233 27
1304 711 7
770 0 7
872 988 2
1329 848 8
200 229 29
393 773 2
976 1000 2
1543 789 2
499 1098 2
504 1418 2
1304 247 7
69 102 8
494 732 7
147 1332 2
451 750 30
324 646 5
150 233 27
599 1070 2
1352 1325 5
1458 117 30
1396 1395 7
252 226 27
140 235 2
162 585 2
841 106 2
278 1398 39
1545 83 8
735 172 8
517 191 14
517 92 8
522 808 8
543 192 30
255 1212 8
137 83 7
914 1496 53
241 153 12
1379 1239 2
450 1377 6
1193 1204 50
1475 238 57
229 723 2
1358 1169 2
945 149 8
254 821 75
905 1298 7
636 412 5
1399 65 8
673 980 2
240 535 2
1250 1355 2
1259 1314 8
1216 533 5
976 861 30
350 796 8
901 1550 7
221 1389 7
670 770 2
1158 75 3
1358 1393 2
217 841 2
1014 1207 8
543 667 2
13 387 8
1200 1395 7
126 102 8
681 838 8
926 83 1
1457 153 1
491 1070 5
1309 667 27
1328 728 7
1254 65 8
838 412 5
1210 770 2
981 903 11
1317 337 27
295 499 2
754 1342 7
594 338 5
756 255 2
1230 937 8
206 235 2
519 1232 7
745 982 7
300 377 7
736 568 7
398 1482 7
1056 1153 6
729 1120 2
759 689 2
1084 248 12
53 1345 2
514 1443 2
1084 627 8
642 223 2
1099 83 8
829 1150 7
551 893 14
841 1198 2
873 1144 44
623 1217 8
1295 735 6
514 1112 23
1204 83 8
178 1062 8
181 808 8
1141 681 27
650 226 3
754 296 8
266 1329 2
1404 562 23
494 983 33
1056 1418 7
780 396 30
558 594 10
1329 97 8
165 905 2
1317 387 8
1193 891 8
261 282 23
255 1449 2
841 1125 8
127 409 2
1078 102 8
1038 995 1
494 22 8
255 138 2
155 512 2
751 873 14
273 646 8
237 1084 1
1258 514 2
143 978 3
701 177 2
1272 793 8
782 1252 2
1053 235 2
939 424 8
769 284 6
907 974 2
442 647 2
377 298 8
915 468 1
1082 856 20
563 689 2
155 881 3
551 979 2
450 713 2
907 1266 2
671 831 2
272 189 20
1507 784 19
910 517 2
672 661 2
676 1443 2
551 911 2
910 908 8
323 303 7
102 1310 8
1022 298 8
687 112 8
550 366 33
1565 514 2
1003 191 33
1357 31 33
417 411 27
1327 1062 7
773 1309 2
343 259 8
1450 256 2
973 178 1
205 83 8
108 149 8
71 1090 2
642 1310 8
536 229 2
1039 1314 5
1516 1469 47
1128 1108 8
515 514 1
976 653 2
432 1296 8
1401 603 6
270 1309 2
284 678 2
996 424 8
726 1491 7
349 441 0
502 393 2
1287 274 12
309 769 8
607 789 2
1296 1305 8
297 663 8
1177 1028 27
374 1253 2
722 233 27
858 226 3
592 850 6
592 891 7
704 677 7
418 519 30
251 31 16
315 1124 30
522 65 8
27 600 2
752 147 8
451 272 31
252 859 27
586 1011 2
272 796 2
255 370 2
148 1238 33
1052 1033 2
227 1364 1
301 1308 77
1158 1457 8
127 619 27
337 1375 27
1193 357 50
1166 1127 8
701 1493 2
34 337 38
1358 1510 2
440 701 2
218 1395 7
1480 1090 2
787 551 7
1030 219 2
904 1329 84
565 423 2
323 1395 7
193 1140 57
240 480 2
476 24 2
337 911 27
464 314 2
982 63 5
1128 1121 2
1306 1314 5
519 1250 1
658 959 7
383 489 15
350 277 8
550 890 33
417 1039 27
915 149 8
1210 377 7
600 1388 6
1304 992 7
1092 315 2
647 259 8
535 374 2
750 1135 2
602 1206 36
70 974 2
603 850 52
628 1550 8
1217 32 8
1455 226 3
543 1227 8
603 1391 2
494 1351 2
61 568 7
1562 363 2
1436 689 2
739 102 2
313 1437 8
934 704 1
980 852 8
721 1031 27
411 147 8
303 437 8
601 276 7
290 793 8
267 66 27
85 101 45
1335 1472 5
40 1227 8
1329 88 3
305 267 55
856 495 8
1035 902 1
359 1114 2
267 766 7
841 1075 2
625 65 8
1181 730 8
255 998 2
1561 70 35
1570 1118 5
127 750 2
565 1515 2
26 88 2
192 1170 0
1177 1086 8
117 24 1
1398 808 8
135 1207 8
484 363 84
701 122 2
1136 1491 7
91 1150 5
1372 377 7
479 147 33
746 459 5
244 387 8
1442 1514 2
836 684 30
479 789 8
654 1231 17
141 537 9
903 833 7
334 873 33
1355 617 2
799 1550 8
769 540 2
672 210 2
679 387 8
1128 42 2
1236 1395 7
551 460 2
325 1556 2
182 1456 2
233 42 8
1341 1395 7
1084 201 12
314 172 2
1019 789 8
202 1232 2
1304 1620 7
877 974 2
980 1553 2
221 228 8
978 979 2
677 206 39
611 272 31
750 160 2
281 684 2
628 681 27
200 455 2
371 412 5
787 65 8
756 1516 2
550 523 23
31 1230 7
841 1479 2
1100 282 23
1193 1199 7
1090 562 2
1193 1578 3
910 53 35
743 1062 2
1152 1325 5
365 568 7
428 519 35
618 934 7
273 954 7
903 139 5
1177 681 27
1403 1491 7
1541 1550 8
381 291 8
836 1086 8
619 881 3
22 1140 2
606 1516 7
632 83 8
784 1216 77
1275 789 2
543 80 8
818 982 7
1191 397 75
952 272 7
940 562 7
795 1491 7
259 805 2
729 758 19
1181 47 8
1292 553 44
685 1418 7
1561 75 5
1481 987 2
438 101 26
447 893 33
259 737 2
36 40 8
249 92 8
420 837 6
895 1395 7
210 856 2
1179 1114 30
464 259 2
582 789 8
284 810 15
221 533 2
727 1014 0
808 440 2
68 995 1
638 412 5
244 976 29
822 772 19
1449 619 27
995 1094 33
346 646 8
678 726 2
689 52 8
1128 1457 8
1329 751 2
524 1556 2
416 1450 2
882 80 7
527 568 7
590 519 35
1253 387 8
1540 1395 7
789 229 33
519 480 2
12 1230 20
995 75 3
1450 829 2
1252 39 8
973 751 1
651 403 38
1304 937 7
317 46 8
591 594 10
86 723 2
641 651 69
859 1120 2
912 485 30
557 309 50
1316 53 1
65 711 7
297 1309 2
503 1418 2
836 681 27
1550 796 8
287 309 2
65 607 7
544 519 30
145 808 1
643 852 8
1084 855 3
1404 491 2
1284 1101 12
1174 1358 2
627 215 7
701 1509 1
1295 1062 7
415 110 3
862 793 8
360 808 7
915 1445 1
259 1491 7
580 52 1
543 418 30
191 598 30
35 393 2
772 427 77
382 226 3
140 393 2
83 341 5
808 844 2
934 1305 8
366 831 2
1166 97 8
1154 387 8
738 338 5
1171 21 8
348 1008 39
915 503 2
925 858 12
99 793 7
974 513 30
790 870 7
350 626 8
233 929 7
1251 910 2
155 37 8
447 1253 2
102 877 2
674 1328 2
63 393 5
915 399 2
932 663 8
285 272 20
724 1239 30
1466 343 1
1223 1450 2
563 219 2
1450 1525 2
191 1073 2
476 1094 30
1000 1446 2
205 915 7
844 1168 71
1474 450 2
441 593 7
317 1097 7
1251 446 2
1136 1305 8
979 980 2
915 326 8
1239 1127 8
362 1238 71
1098 1502 2
1339 766 7
1324 1252 2
857 882 2
409 981 2
750 1416 2
530 726 8
315 59 7
109 387 8
1128 18 8
1014 54 8
1570 719 8
429 757 2
591 1176 15
441 462 8
160 191 2
1415 584 12
542 1324 39
238 309 30
72 1062 8
1403 338 5
841 1424 2
736 1419 8
603 1568 2
1545 568 7
1541 812 2
479 441 0
875 272 8
1055 1418 7
937 568 7
161 1550 8
401 278 2
750 32 8
266 1550 8
226 31 30
1212 1325 5
541 856 20
30 701 2
374 747 2
259 458 2
772 1055 77
1001 594 10
485 1315 7
81 441 0
139 1033 2
584 1603 38
337 285 27
536 840 30
1106 594 10
447 3 10
1448 609 30
1052 235 2
1493 350 2
29 663 8
1173 873 33
135 1384 8
259 390 2
1518 387 8
1266 743 3
1430 1498 57
468 1550 8
193 738 57
1309 1152 26
1516 281 55
1176 54 8
1354 514 2
36 772 14
1079 983 30
1149 789 2
878 1252 2
576 1296 8
773 1166 1
226 798 2
108 47 8
1221 1062 7
544 197 7
684 983 14
998 568 1
1131 757 2
451 200 2
1309 1417 27
369 684 30
614 345 66
1230 1045 33
307 1355 2
36 315 30
823 1446 30
185 273 27
750 45 2
212 50 2
536 455 2
398 675 2
859 773 2
865 1395 7
303 1310 8
297 1358 2
852 987 2
646 716 8
1438 663 8
973 1029 2
872 763 2
750 728 8
315 1126 30
1510 101 26
841 53 2
912 1514 0
447 1187 0
514 590 2
600 1210 6
628 689 2
980 54 8
528 282 23
401 568 7
1119 976 30
883 948 15
374 1112 23
1298 65 7
1356 810 15
701 1495 2
867 766 8
48 104 2
928 1570 2
154 789 8
1193 1047 50
1180 102 8
357 1345 2
384 646 48
544 396 30
21 1230 2
218 233 27
252 689 27
514 855 3
1383 658 2
445 441 0
586 841 2
126 619 27
594 61 2
568 1494 1
231 619 27
1173 282 23
476 318 2
233 650 7
1029 219 2
1039 409 2
147 119 8
982 357 5
796 1079 2
108 1144 2
667 1217 7
1166 42 8
1007 1228 1
160 50 14
772 304 77
464 540 2
102 93 1
1035 661 2
565 545 2
417 1333 27
479 387 8
679 1296 8
726 1315 5
1135 1128 8
438 442 2
205 568 7
957 1070 5
592 3 8
361 383 8
1466 288 1
592 341 3
1187 1531 1
191 622 2
532 1453 2
1287 1170 0
1409 412 5
48 156 5
459 881 3
738 1381 7
1429 1062 7
439 1072 7
1308 875 6
1325 1342 7
211 789 8
447 1125 8
1446 1046 12
167 1507 1
1078 619 27
71 1444 2
1525 882 2
45 1450 2
592 1335 5
189 663 8
1119 291 8
294 663 8
1077 1309 2
1522 1418 7
158 1358 2
872 471 8
399 663 8
1109 1514 66
543 1455 30
267 292 27
360 681 27
1135 393 5
208 412 5
658 1225 0
736 1296 8
315 375 30
1357 3 10
1403 1381 7
718 446 2
319 1057 5
14 1314 7
1446 1132 0
116 735 6
1322 873 14
772 1396 77
653 441 0
568 869 6
754 341 3
795 1381 7
840 808 14
314 739 27
1037 859 2
364 83 8
232 872 2
1466 1088 1
361 1084 2
1328 533 5
1372 603 7
337 493 6
978 730 30
373 789 8
126 974 2
609 1125 8
1466 1380 1
672 504 2
704 48 7
787 1301 7
1056 147 8
789 610 2
221 27 53
301 387 77
878 905 2
1161 147 8
20 226 3
447 1046 12
817 393 8
672 98 7
1008 551 2
97 770 2
698 1217 8
1479 235 2
343 102 8
441 1207 8
641 619 27
1093 1138 6
540 148 2
995 192 33
889 514 2
1336 1197 7
894 1230 2
1193 1097 7
417 582 27
265 412 5
681 823 33
1445 1191 12
362 1239 30
1456 978 3
419 393 8
185 218 27
1128 533 3
925 1225 0
410 726 2
398 620 2
1561 891 7
309 716 8
54 393 7
1022 297 8
859 322 2
1136 1315 5
951 1180 21
847 566 7
632 377 8
724 1507 12
600 863 6
544 117 30
284 453 2
447 1132 0
1062 1381 7
1540 1550 8
155 1087 2
499 818 2
763 663 8
1404 89 2
292 519 2
499 813 8
374 381 33
272 1235 33
202 281 55
269 1419 8
1380 565 2
784 274 5
936 1446 2
770 813 15
707 536 2
514 462 8
81 1014 0
255 541 2
1154 1231 17
594 6 2
505 102 8
1329 1289 36
192 476 30
476 263 2
219 854 27
101 347 16
808 833 8
145 603 2
699 793 8
1140 732 7
1466 1612 1
723 114 8
519 919 30
357 1217 8
1170 1340 30
792 646 7
1026 350 2
221 759 2
678 1015 8
170 350 30
855 831 30
1010 1310 7
914 1252 2
83 979 2
447 747 2
98 831 2
934 1127 8
903 21 8
849 939 15
1216 1315 7
185 914 27
519 1025 1
314 1026 2
1136 507 8
383 322 20
867 792 2
1566 1231 17
1008 259 8
1252 265 8
930 255 40
17 115 15
978 126 2
651 921 38
409 475 2
455 450 30
847 1194 7
335 978 5
65 833 7
670 1206 36
158 1011 2
1516 327 1
259 1389 7
446 440 35
907 1325 5
313 1212 8
510 1181 7
594 1156 7
1404 1009 2
1172 568 7
424 1070 5
507 92 59
23 873 2
101 1439 16
1037 681 27
254 904 74
501 1550 8
934 1500 2
155 1292 33
363 937 7
789 1118 5
476 599 2
255 1169 2
1480 1561 2
1561 241 35
139 235 2
565 894 2
1015 880 15
1296 37 8
158 1230 8
1118 619 1
702 303 7
476 1287 2
437 642 30
479 1033 2
1164 1217 8
205 4 77
270 726 30
449 1418 7
173 396 30
550 99 0
1466 637 1
415 934 5
677 436 1
240 883 2
1474 1140 2
1357 1046 12
442 763 2
377 18 8
242 976 79
1140 983 33
450 54 6
18 808 8
107 1418 8
1161 92 8
584 114 8
438 677 7
518 441 0
535 1345 2
939 76 8
1122 856 2
726 782 30
142 101 8
867 1420 2
1019 272 8
995 1448 33
303 981 2
70 1404 1
1022 18 8
1239 957 8
284 1236 52
542 667 2
1266 1335 5
958 658 0
1132 226 3
906 588 8
247 393 8
1444 88 2
928 350 41
1092 1114 2
550 728 8
303 913 2
189 553 2
837 903 6
1309 54 2
267 641 27
399 1309 2
441 1026 3
55 1217 7
303 908 8
183 200 2
1079 223 1
869 219 2
432 1062 3
182 1455 2
620 221 2
503 565 2
383 1401 2
494 151 2
553 138 35
1176 1295 1
285 485 2
267 177 27
66 26 2
1482 412 5
697 684 1
1058 882 2
594 1388 7
834 553 2
831 27 12
1539 63 8
499 367 2
311 976 30
1163 882 2
1448 903 30
702 1395 7
261 1357 2
55 1086 8
1000 594 10
847 47 7
772 1281 77
1171 1298 7
486 363 2
371 1181 7
36 284 2
360 689 2
974 998 29
1563 1315 5
1162 1217 8
1567 1374 1
1296 957 8
362 1550 8
1246 565 57
1048 421 2
350 739 27
195 551 20
934 848 8
820 92 8
825 808 8
20 1217 8
220 233 27
1358 834 2
672 1077 2
457 847 2
723 59 8
1028 1364 2
259 507 8
238 442 2
267 1335 5
233 76 7
981 1230 20
911 1550 8
704 1403 19
210 1418 8
657 499 2
3 682 7
672 1405 2
68 1166 1
499 81 10
917 646 8
279 272 31
272 829 20
905 936 8
359 65 8
228 26 2
773 619 27
277 345 0
1136 848 8
641 987 2
643 1236 6
540 325 2
79 838 7
211 387 8
459 37 8
1446 248 12
417 759 27
1132 808 8
642 929 7
328 97 8
37 603 6
83 1148 2
280 721 1
681 435 8
681 39 8
1296 1388 7
976 1001 2
145 291 1
1429 92 7
291 119 8
1084 297 2
291 416 2
162 1446 2
766 1086 8
387 114 7
808 938 52
1055 565 7
518 387 8
388 282 2
856 220 2
444 115 15
736 102 8
729 1108 8
938 729 2
554 1057 5
505 284 2
138 1516 7
1468 1062 7
250 789 8
888 441 0
1140 1351 2
1350 1355 1
144 891 8
1240 215 5
1023 1199 7
112 1418 7
278 1126 14
570 1550 8
1375 1550 7
373 387 8
82 543 1
945 46 8
772 134 77
1319 109 0
99 568 7
18 65 8
383 287 30
102 273 6
795 848 8
447 248 12
1140 1575 2
921 1024 30
990 1498 57
532 1283 2
939 21 8
303 238 2
864 1619 2
437 374 2
1239 907 2
281 677 27
420 298 7
1280 1564 5
1336 795 7
420 636 2
81 910 2
980 981 2
187 1496 2
923 1325 5
1500 646 5
1084 993 2
411 672 2
1444 429 2
1335 92 8
958 1035 7
141 481 9
1392 1170 0
267 190 27
17 1376 15
1397 1531 1
1076 1309 2
626 1230 2
1521 1418 7
1114 139 3
1415 651 12
207 267 55
1050 441 0
922 939 15
739 450 2
267 122 27
505 1376 2
285 1217 8
883 976 30
1458 642 30
738 97 8
1152 272 31
315 893 30
1405 259 2
1397 147 7
729 75 3
642 513 30
488 882 2
723 1342 7
261 191 33
144 1227 8
702 876 7
1037 689 2
278 1008 39
720 65 8
479 476 7
1466 918 1
810 568 7
1275 499 7
1252 1310 8
825 65 8
903 1295 2
1478 1357 2
1272 1086 8
1304 1334 5
215 1360 2
1039 1550 8
903 189 27
1085 1325 5
1033 1337 2
1044 663 8
70 1357 1
1497 92 8
446 1384 7
744 1404 1
311 1355 1
259 848 8
565 88 2
1413 910 5
350 1321 8
1133 1309 2
627 658 0
284 926 15
917 200 2
518 1014 0
582 1325 5
272 820 15
647 1496 53
1450 325 2
209 543 2
502 303 20
670 83 8
995 418 33
116 226 3
233 390 8
409 638 27
328 88 3
221 581 2
795 97 8
76 1114 2
872 606 2
981 221 11
347 646 8
406 934 7
514 638 27
328 42 8
1436 1395 7
293 800 7
519 492 2
295 309 33
200 803 2
867 218 2
531 499 2
847 792 7
309 838 8
1550 958 3
1529 1580 18
852 1450 2
462 476 5
870 355 8
841 516 2
1239 484 9
1130 939 15
494 719 8
518 40 8
726 1388 7
601 1252 7
945 1124 33
839 1446 2
611 726 2
347 976 30
387 59 7
619 891 8
1080 197 8
514 297 2
155 890 33
973 784 19
408 102 8
102 1305 6
945 163 8
568 1327 6
584 403 38
1078 1419 8
543 138 30
1055 442 7
554 222 15
1472 888 57
344 1070 7
373 40 8
1188 726 50
925 670 2
945 433 3
980 451 30
213 441 0
913 1252 2
901 808 7
1062 97 8
915 223 2
1357 1124 33
1250 1296 8
95 1062 52
800 1217 8
1349 102 2
1252 168 2
780 1355 1
233 1482 8
135 116 8
420 854 27
841 1152 26
46 1325 5
1252 163 8
645 925 1
519 1251 1
750 912 2
900 793 8
641 872 2
551 229 2
1407 866 36
335 65 2
200 1161 7
420 289 2
300 729 2
307 155 2
1230 533 3
420 581 2
1179 1563 7
841 1417 27
1215 594 7
185 471 2
854 856 2
1570 881 3
550 326 8
519 782 7
1011 28 8
846 1153 6
997 910 7
616 1450 2
845 892 2
627 677 2
292 1395 7
55 757 2
847 1420 7
177 40 8
65 1059 7
48 971 2
581 642 30
4 179 15
494 1352 2
1403 891 6
514 993 2
251 1124 16
1084 474 2
262 812 1
502 1418 2
514 1384 8
1400 1217 7
267 1127 7
1239 781 30
148 233 27
546 976 30
681 95 0
934 1388 7
1510 272 2
932 377 6
290 1086 8
514 611 34
738 42 8
606 831 2
1403 1156 7
1042 1418 2
251 952 16
162 1550 8
681 3 10
337 336 6
93 554 57
1397 92 7
1264 282 2
1171 833 8
1336 442 5
127 309 7
1407 1070 2
155 62 2
450 727 2
1172 663 8
888 1014 0
579 543 2
982 1156 5
540 223 26
455 284 16
928 594 2
808 1583 8
903 1298 7
978 505 30
1541 519 35
489 291 8
317 743 5
750 1567 1
899 808 7
592 433 7
1136 1388 7
85 903 2
915 455 2
455 233 27
673 1450 2
485 139 3
729 1118 5
1079 411 30
102 846 6
778 1450 2
1239 1152 2
1093 1377 6
1024 922 2
222 726 8
1444 732 7
1355 118 2
551 857 2
226 914 2
856 99 0
1455 153 1
303 1161 7
643 438 6
177 1033 2
197 908 8
982 88 1
202 1525 2
1444 606 2
829 1314 5
857 1230 2
504 689 2
315 1578 3
873 777 2
343 101 8
309 1401 44
424 1176 8
267 763 27
750 453 2
191 37 8
922 102 30
867 163 2
213 387 8
1514 211 1
864 808 8
847 341 7
1050 1014 0
772 1575 77
1191 466 75
252 185 27
1539 685 8
945 381 33
843 1035 2
49 514 2
558 345 0
154 514 2
601 1197 7
1054 1418 7
1356 926 15
40 149 8
1275 1140 7
498 1086 8
879 191 14
393 533 3
716 1062 8
227 622 1
1348 1514 0
148 291 8
1383 40 7
499 916 8
268 1296 8
252 409 27
543 1201 15
222 594 1
114 233 27
934 287 2
1252 1492 2
1250 1314 2
453 1101 2
1421 1325 5
238 1028 2
387 269 8
3 976 7
69 1325 5
837 1176 15
689 1333 2
28 663 8
460 684 2
915 1479 2
157 83 8
449 903 2
913 905 2
789 1409 2
551 1553 2
240 129 8
772 24 77
369 808 30
334 568 7
1468 884 7
253 65 8
1191 224 5
122 26 2
905 375 2
588 147 8
417 1449 27
417 1053 27
551 739 27
1140 1173 2
221 1321 8
92 1406 2
905 766 8
1357 113 2
903 588 8
618 1325 5
1450 898 2
207 542 2
1031 1128 8
584 586 40
322 1128 2
68 619 27
484 772 19
988 609 2
1443 1404 2
295 950 33
540 843 2
915 433 3
425 554 2
531 1140 2
202 154 2
293 685 7
300 314 2
438 48 7
1424 259 7
267 1391 27
859 1121 2
1304 834 7
502 1035 2
427 1550 8
191 269 8
619 1199 7
619 1141 2
864 1395 7
306 197 8
738 929 7
65 608 7
1314 209 2
947 987 2
494 901 2
824 284 6
442 68 24
841 693 2
505 974 2
451 873 30
721 581 27
1141 903 6
929 284 6
278 638 2
190 663 8
934 546 1
26 498 2
311 519 30
1306 83 7
928 315 2
91 476 5
1230 704 25
192 1239 30
88 1418 5
417 972 9
772 824 77
887 441 0
1173 1357 2
847 1340 30
254 971 74
1179 102 8
259 1388 7
485 1026 2
568 297 6
475 26 2
337 1553 27
155 502 8
341 1028 2
240 366 2
899 65 7
172 1325 5
220 882 2
808 1487 7
1166 390 8
277 1325 5
584 1584 28
365 83 8
674 1329 2
915 359 1
681 1046 12
1239 805 2
1253 1101 12
162 594 10
202 517 1
276 80 8
155 330 8
1458 1007 2
774 905 2
329 808 7
301 795 77
238 272 8
141 775 9
66 101 26
281 903 27
741 1475 7
643 779 6
202 782 2
1317 1252 27
841 1493 2
980 1161 7
1215 1563 7
628 1395 7
1176 1138 1
267 416 27
88 219 2
1144 1328 35
1549 551 2
1326 646 8
658 533 3
638 770 2
1169 233 27
1077 619 27
530 309 33
177 514 2
1446 836 3
1550 114 8
1124 1325 5
499 246 2
164 568 7
503 1028 2
1541 808 8
1081 102 7
843 980 2
502 284 2
1396 147 7
272 21 7
1013 293 0
780 519 30
1550 46 8
235 1138 2
1550 384 3
357 1114 2
1266 433 7
1251 441 0
584 1604 38
337 1305 6
726 959 8
211 404 78
1166 1482 8
479 651 69
873 1047 30
1479 651 53
677 1469 47
1201 585 5
450 1213 6
584 1377 8
1328 881 5
641 1325 5
1274 41 74
670 278 2
658 230 7
311 789 1
810 1419 8
787 442 7
530 658 0
158 1070 5
238 905 2
221 479 2
565 210 2
588 92 8
1160 147 8
574 1015 8
873 1126 2
1355 1087 2
341 272 8
1330 1395 7
1358 833 2
1329 697 2
658 891 8
1565 1033 2
191 287 2
322 677 2
898 1217 8
111 873 14
978 1553 2
1337 1550 8
70 153 12
190 92 8
576 309 14
1397 345 0
300 259 2
183 603 2
1570 37 8
750 1125 8
200 1420 8
502 980 2
54 1079 2
581 240 30
514 591 2
607 1376 2
836 26 2
1337 50 55
867 1127 8
267 37 7
226 1416 30
823 1070 5
255 665 2
1296 1491 7
208 642 30
272 1482 8
158 726 8
499 1161 8
934 491 1
1166 1381 7
444 286 15
1193 39 8
466 903 6
235 223 26
1497 978 1
1053 1450 2
1193 1340 50
1047 940 2
1030 514 2
841 273 8
1493 233 27
259 983 2
1299 976 2
1322 147 8
578 1418 7
255 889 2
340 1562 7
464 609 2
1295 882 2
584 921 38
238 1309 2
189 658 0
470 101 2
1173 191 33
51 536 30
1456 272 31
240 311 2
1158 269 8
723 462 8
1156 808 2
584 298 8
396 1204 30
995 1340 33
1236 1062 7
551 127 2
1245 584 12
45 976 30
770 936 7
102 823 2
900 1024 2
282 810 15
56 338 30
1179 553 71
187 284 16
219 533 2
1155 59 8
1127 1314 7
1121 350 2
1081 101 26
218 226 3
265 350 30
1102 663 57
676 591 2
664 485 2
344 646 8
555 841 2
535 1357 2
292 233 27
872 1460 2
758 1496 2
1538 1395 7
147 399 41
4 36 14
442 702 8
393 1199 7
1562 274 12
247 1325 5
559 808 8
596 980 5
1570 269 8
221 119 8
315 384 3
584 1270 5
1024 833 20
623 1358 2
393 1491 7
126 1314 5
197 42 8
961 1564 12
265 284 52
1438 377 8
876 116 8
673 412 5
1437 1007 2
349 345 0
606 1084 1
1103 92 8
543 1456 30
267 957 7
493 1062 6
958 1034 7
1184 672 2
829 1556 2
35 1035 2
411 1062 8
543 239 39
727 1490 59
1031 1070 5
553 546 35
932 603 6
140 1035 2
1183 40 7
135 669 7
1396 92 7
592 39 7
609 803 2
1180 1419 8
933 812 2
876 1156 5
374 297 2
1138 101 26
1025 1114 2
887 1014 0
1239 338 5
268 102 8
272 1006 55
1259 876 2
256 689 2
605 1550 8
494 90 8
447 1161 7
350 1169 2
255 206 2
29 568 7
646 1373 21
1350 155 1
1152 1418 7
1505 793 8
215 1135 2
309 573 15
1163 1217 8
676 1287 2
368 663 8
586 383 2
1024 1148 2
337 455 27
551 1047 2
307 681 2
729 513 26
648 1070 7
876 88 1
315 1097 7
736 603 6
218 808 8
314 399 2
1283 925 10
980 638 27
1411 1079 1
1319 1506 2
1230 595 33
922 396 30
1471 681 59
718 115 15
420 1389 7
763 795 7
447 47 8
417 479 27
873 269 7
1563 3 8
528 726 8
1227 226 3
1309 798 2
762 92 8
789 453 34
1114 209 2
504 1166 1
54 1128 2
1438 568 7
1037 412 5
42 976 7
1177 872 27
686 976 5
503 1309 2
159 1024 2
607 925 2
1058 1230 2
147 1449 2
1502 1352 2
1405 1418 2
1135 1314 5
627 147 8
834 459 7
1510 1418 2
1129 646 5
1146 1550 7
291 167 8
145 672 2
701 1337 2
1110 1150 5
772 1629 77
259 636 2
489 1114 2
1112 286 15
157 377 8
259 928 2
208 519 30
910 1566 37
1266 1298 7
1259 1062 7
772 318 77
255 834 2
1230 222 15
1262 808 7
27 663 8
696 1345 2
1166 548 39
135 355 8
980 622 30
673 701 2
1502 861 33
699 1086 8
905 961 2
1139 723 2
1025 363 2
917 1062 8
658 1199 7
609 47 8
1128 1315 7
1537 1070 5
512 1325 5
787 619 7
681 248 12
856 311 25
420 1315 5
1090 341 5
350 80 7
658 1491 7
350 855 3
124 1217 8
221 1052 2
438 50 7
1076 950 30
205 514 7
386 441 0
1304 358 5
54 658 0
1006 1550 8
747 925 10
576 950 14
644 789 2
550 466 2
441 129 8
182 208 2
454 65 8
442 355 8
872 1405 2
202 380 2
317 1321 8
1126 1556 44
559 65 8
926 441 0
789 881 3
978 127 2
192 1140 2
1221 303 2
1198 677 2
350 451 30
894 147 8
550 2 2
863 1395 7
819 1325 5
1323 102 8
191 495 8
980 1384 8
65 834 7
1283 1328 2
655 789 8
655 393 8
704 1446 1
331 293 66
729 1133 2
1176 668 1
262 1024 2
360 1395 7
148 735 6
872 21 8
841 1310 8
387 462 7
267 1298 7
267 238 27
618 420 2
35 980 2
1461 934 15
147 370 2
266 1446 2
960 1507 12
383 706 2
780 117 30
369 26 2
914 619 27
181 1217 8
31 940 2
507 197 8
22 976 2
96 1314 5
682 1315 7
1033 833 2
150 309 2
1561 138 35
499 63 8
804 681 27
922 255 42
255 1457 8
321 658 0
1037 409 2
1401 726 8
455 735 6
701 685 8
1026 233 27
1171 936 8
111 1418 7
939 833 8
1166 908 8
917 584 33
546 789 1
216 1418 7
102 1000 2
780 155 1
542 736 2
101 355 8
1352 543 2
222 793 8
238 102 8
1261 65 8
1338 259 2
905 210 2
409 1568 2
478 1325 5
432 793 8
882 1169 2
1554 1561 2
1446 401 2
995 138 33
1380 420 20
428 600 2
743 568 7
1446 297 2
156 1093 1
1450 206 54
872 722 2
1176 1364 1
1505 1314 5
295 1140 2
759 350 2
1076 619 27
950 170 31
27 568 15
1304 85 7
1274 749 5
221 296 8
281 856 2
343 272 8
393 1004 27
647 1252 2
293 899 3
747 1328 2
383 1402 2
630 1217 8
179 102 8
847 116 7
159 677 2
285 882 2
1183 681 7
503 83 6
603 88 2
620 514 2
1075 1309 2
1181 1161 7
373 603 52
192 92 8
382 770 7
1253 925 10
1551 945 4
754 249 8
382 1062 7
273 1418 7
1527 646 8
1301 1305 7
1131 939 15
836 1550 8
1355 3 10
1028 1141 2
536 671 30
419 519 35
555 1070 5
145 221 2
328 338 5
138 831 2
340 1160 7
523 939 15
485 569 2
841 163 8
703 383 8
1024 1393 2
106 1376 2
428 309 16
387 44 8
565 504 2
851 513 30
52 1070 5
279 1239 50
672 1078 2
558 1114 2
1140 236 12
1054 147 8
315 1342 7
334 681 2
459 502 8
1568 677 2
877 1446 2
350 462 8
168 101 26
550 1046 12
447 297 2
290 1150 5
596 851 30
217 903 2
205 459 7
185 464 27
664 83 2
681 113 2
905 833 8
796 793 8
216 609 2
334 282 23
1443 1191 12
1454 978 3
459 330 8
1090 1384 7
726 1517 1
190 219 2
185 792 27
447 958 3
328 390 8
1341 1217 8
1539 1156 8
1444 94 2
894 92 8
1304 1005 7
722 1418 7
850 536 2
647 272 8
681 728 8
475 101 26
867 957 8
1239 1315 5
377 1416 2
514 713 2
136 808 52
124 135 5
1538 1550 8
287 377 2
729 1078 2
865 226 3
255 1183 2
1052 1450 2
570 412 5
942 770 2
590 1062 7
1330 939 15
563 1314 5
1351 1325 5
4 1236 6
1184 197 8
925 702 12
945 1199 8
1526 65 8
1253 1328 2
316 3 10
912 1028 2
1455 272 31
411 1304 5
494 622 34
26 497 2
1215 412 5
905 1242 2
330 1395 7
108 929 7
701 239 2
1158 495 8
447 993 2
913 1496 53
1014 1574 2
939 90 8
1082 568 15
1008 568 7
348 125 2
221 1333 2
646 507 21
551 1041 2
867 671 16
852 56 30
897 1062 7
1252 516 2
1296 1361 0
1315 987 52
377 1072 5
1371 83 8
923 182 8
995 168 7
1145 387 8
854 543 1
450 671 2
314 854 27
895 1217 8
550 747 2
679 108 8
83 739 27
988 1070 7
551 577 2
555 1062 8
457 92 8
1437 1062 7
85 847 2
789 329 2
551 869 2
643 158 6
872 375 2
1445 1070 2
1230 881 3
926 1014 0
1570 891 8
1570 495 8
271 681 27
647 905 2
399 859 2
802 1472 5
177 393 2
1570 787 8
1321 101 8
1329 167 8
1476 309 30
1099 377 8
614 980 1
1330 476 29
30 108 1
1377 412 5
642 908 8
996 90 8
1551 494 4
729 98 8
479 987 2
1539 743 3
1244 568 15
341 1166 1
259 1190 33
237 1446 1
1114 1180 0
599 681 2
874 412 5
126 873 2
489 316 2
1130 903 1
1207 974 5
772 1123 77
89 1472 37
586 677 2
1232 1070 5
459 1389 7
907 1628 2
1304 1335 5
337 1041 27
40 139 3
1024 1338 2
363 178 2
1372 726 7
1250 254 12
340 349 7
1193 23 50
550 1443 2
20 726 7
910 879 2
1251 1314 2
880 251 41
1028 914 2
202 920 1
45 519 30
328 1381 7
428 1345 2
337 577 27
852 976 30
676 1445 2
592 160 50
1216 1310 7
417 1169 27
1120 856 2
417 773 27
1306 980 5
303 1555 2
774 393 2
1297 945 1
1025 226 3
661 808 8
1399 1153 6
889 1033 2
1462 808 59
318 808 2
872 1295 2
418 447 1
848 663 5
185 341 27
502 859 2
115 265 15
55 1395 7
255 88 5
49 254 12
995 88 3
499 1009 2
398 1139 2
1191 481 74
867 511 2
504 619 27
840 1345 2
867 907 2
514 762 2
543 596 14
1550 855 3
1114 53 34
1069 795 7
459 1315 5
873 1518 30
1044 1587 38
1295 387 7
1437 226 3
163 1217 8
439 883 30
1398 255 2
205 1274 77
1114 1477 21
4 493 6
1176 531 2
393 881 3
554 607 5
255 664 2
703 565 2
750 1126 30
1254 1418 7
1061 284 33
337 1 6
360 1550 8
95 735 52
201 754 5
1335 1070 5
464 676 2
820 1062 8
1041 393 2
565 1077 2
737 726 30
665 757 2
424 1564 1
217 856 2
240 86 2
217 1252 2
902 1395 7
1158 44 8
1466 132 1
1354 1314 2
1191 280 5
780 272 31
905 1479 2
613 303 20
143 147 8
108 1207 8
772 372 77
22 793 8
909 1550 8
774 729 2
903 545 2
185 1141 27
1252 852 8
438 568 7
362 851 30
1381 272 8
597 519 35
1106 1357 2
900 1086 8
446 576 2
551 126 2
1025 808 8
557 726 50
406 1563 7
1239 848 8
744 550 1
1125 92 8
284 1127 52
818 1325 5
684 368 14
777 663 8
65 1420 7
889 350 2
1444 375 2
843 681 27
411 514 2
847 1025 7
1209 377 7
83 114 8
278 904 58
519 206 2
395 314 2
833 1079 2
1193 515 2
543 1125 8
1282 1084 1
1497 1070 5
226 216 30
1460 934 15
309 706 44
267 68 27
1216 32 8
227 63 1
367 808 7
1247 293 0
267 360 27
617 1062 7
484 1252 2
110 320 5
1002 284 14
928 663 2
26 1138 2
718 910 2
772 1172 77
1181 1420 8
102 623 6
1451 1507 1
377 214 2
380 221 2
803 873 2
524 851 30
689 728 7
1135 1564 1
199 412 5
1446 152 30
255 80 8
350 1340 2
106 974 2
1252 1553 2
173 915 30
834 663 8
619 37 8
1466 760 1
151 519 35
1367 689 2
449 672 2
97 568 7
900 681 27
910 824 2
672 1364 2
1316 111 15
988 272 31
1164 65 8
1035 150 2
1082 315 30
85 1150 7
950 61 15
221 298 8
722 519 30
808 106 2
300 1358 2
808 596 14
119 251 55
1289 115 15
1297 494 1
440 536 2
541 1252 2
1062 59 5
1084 1567 2
458 974 29
878 1296 8
1444 1003 2
522 1418 7
1009 83 8
503 377 6
1333 92 8
309 1402 44
514 1371 33
982 813 8
318 709 80
318 313 80
519 438 2
528 793 8
86 92 8
658 881 3
601 1266 7
168 251 33
468 594 10
238 950 30
592 865 6
485 1399 6
226 844 30
53 609 2
494 670 2
1550 462 8
870 342 9
486 274 12
315 1139 30
1523 1197 2
1230 75 3
1376 724 1
503 1376 2
503 980 2
603 210 2
139 1450 2
1084 183 8
138 1084 1
594 246 2
584 347 16
494 957 8
183 646 8
350 638 27
1174 1024 2
32 831 2
1384 1181 7
361 1556 2
155 824 23
873 1388 14
651 667 40
980 173 30
40 838 8
947 584 2
360 812 2
1193 1456 50
4 438 6
259 703 2
1252 1493 2
1472 1344 1
594 132 7
1176 471 8
350 365 2
1502 1351 2
674 374 2
1035 1242 2
988 584 41
1026 882 2
363 751 2
404 958 5
579 1418 7
220 255 2
1140 858 12
1201 1621 5
381 519 30
982 766 5
240 31 2
590 1217 8
458 65 7
446 355 7
309 61 15
654 543 1
284 1179 31
1357 474 2
463 723 2
695 1217 8
565 662 2
689 18 8
632 485 1
417 1054 27
216 903 2
459 228 8
83 1047 2
286 1265 1
1025 65 8
651 765 38
1392 441 0
603 865 52
629 1062 7
1328 562 2
1122 291 8
1022 1457 8
439 1131 2
133 393 5
369 101 26
328 908 8
502 995 1
71 1561 2
409 647 2
1446 1112 23
325 56 33
189 92 8
1250 925 10
584 1439 16
565 883 30
759 226 3
736 793 8
395 259 2
599 1274 12
71 450 33
1514 1528 1
500 259 2
197 54 8
84 240 2
391 219 2
569 412 5
1394 903 27
721 582 27
485 320 6
158 1079 2
720 903 1
572 1015 36
574 1507 1
275 789 2
191 960 30
902 974 5
446 1237 36
856 384 3
1056 1252 2
1507 764 2
363 1109 7
238 619 27
1252 1375 27
254 972 74
723 883 2
834 485 33
651 380 40
646 1132 0
537 754 5
204 293 66
735 588 8
419 658 66
912 83 6
766 646 5
233 1337 2
282 1330 15
852 350 30
1344 1079 57
350 1384 8
546 750 30
170 1114 30
1539 1335 5
903 848 7
978 451 30
1466 705 1
1355 248 12
1401 793 8
787 1418 7
1552 1325 5
449 221 2
337 506 6
1028 116 2
1355 1124 33
383 806 30
441 559 7
437 1357 2
45 117 30
101 531 2
551 1163 2
933 519 35
350 1212 8
226 172 2
825 226 3
447 1443 2
980 1568 2
272 1491 5
1217 1310 48
810 1062 3
1008 663 8
226 464 2
447 1112 23
1003 1090 2
650 945 2
1080 101 26
541 905 2
1253 102 8
889 235 2
1336 1314 7
420 759 2
1497 1419 5
859 1004 27
1035 22 8
254 1063 5
1100 309 33
872 497 2
1444 552 2
216 147 8
353 441 0
1563 119 8
625 677 2
494 883 33
321 147 8
516 1033 2
246 1325 5
290 1395 7
538 1086 8
1211 259 2
750 836 3
606 1140 1
295 200 33
647 1418 8
514 1567 2
168 551 2
856 1097 7
759 808 8
879 309 14
1329 685 8
1397 442 7
554 1200 15
1305 770 2
872 424 8
273 1239 2
115 850 1
980 116 8
600 1255 2
377 1251 2
1197 37 48
155 1100 2
1119 642 30
1357 1132 0
1550 47 8
45 420 2
1287 446 2
33 314 2
888 934 15
1303 92 8
604 831 2
584 1605 38
660 441 0
341 619 27
738 908 8
1262 282 2
1384 1418 7
780 293 0
485 47 8
586 903 2
393 37 8
145 387 8
1155 1207 8
231 681 27
1371 568 7
1242 101 26
144 39 8
284 784 14
1045 185 38
648 1153 6
982 23 5
581 672 2
905 1077 2
1502 622 34
950 301 14
1239 1388 7
148 65 8
1274 771 75
515 441 0
314 1211 2
592 75 3
885 108 1
459 277 8
408 1325 5
912 102 8
1468 726 7
540 857 2
592 678 50
1252 54 8
889 1619 2
893 903 2
185 1031 27
750 803 2
1128 909 2
83 1342 7
74 1028 2
281 221 27
197 1482 8
652 102 7
581 309 30
867 805 2
1188 1418 7
417 1223 27
717 441 0
1215 485 7
1446 381 33
973 1031 2
503 619 27
216 485 30
837 293 0
1078 681 27
424 147 8
1570 330 8
62 808 7
74 1252 2
619 691 2
74 856 2
1209 267 7
1219 102 8
1080 393 2
939 938 6
841 347 2
450 539 30
759 726 33
1101 397 75
162 1217 8
420 3 8
1176 388 1
841 639 2
267 330 7
61 793 8
158 1024 2
256 1395 7
446 453 35
602 808 7
1460 102 30
1184 40 8
364 1128 8
1245 554 57
1079 206 54
1059 255 2
88 1014 0
1193 1341 50
1479 1015 1
366 450 2
833 459 7
470 83 6
36 1376 2
263 309 33
159 92 8
483 101 8
796 1395 7
1130 446 1
735 970 9
155 52 8
118 282 2
155 349 2
808 1479 2
531 1239 30
588 789 8
167 450 8
173 117 30
458 684 2
641 293 0
876 357 5
240 604 2
108 1392 7
899 303 7
334 1084 2
770 937 7
273 485 30
1357 1443 2
661 856 6
511 441 66
437 568 7
119 808 7
1496 577 40
1230 391 2
1355 113 2
695 83 8
1315 1450 52
435 101 59
23 851 30
1114 1253 2
1392 1014 0
317 1377 8
108 54 8
867 1491 7
770 1161 7
735 865 52
70 1516 7
652 1418 7
1110 1550 8
147 692 41
872 150 2
187 1168 2
978 475 2
1554 554 23
355 226 5
37 903 6
493 735 6
424 676 2
721 1223 27
1274 469 5
1221 646 8
395 540 2
321 92 8
177 856 2
309 382 8
750 47 8
383 1122 2
841 929 7
1507 562 57
168 450 7
503 974 2
1084 1384 8
977 374 2
267 586 27
390 147 8
318 135 80
122 309 16
1174 226 2
1025 345 0
1084 611 34
33 259 2
592 728 7
928 785 2
1194 393 8
1265 1062 6
1233 50 1
915 1001 1
1119 519 30
95 1314 5
674 1191 12
195 272 20
364 377 8
1464 658 57
543 27 41
576 1608 2
594 63 8
218 882 2
1505 1086 8
25 808 8
290 646 5
432 485 1
1272 1550 8
489 315 2
672 798 2
441 1574 2
54 1376 15
457 568 2
514 1214 0
1251 1101 12
383 983 30
420 1125 6
1463 59 7
1266 936 8
1087 441 0
681 893 33
259 916 8
307 974 2
226 1141 2
447 116 8
1009 278 2
221 1212 8
881 404 7
821 1475 5
303 1284 7
1555 393 2
991 1231 17
227 1468 24
145 1304 5
872 778 2
211 108 8
552 147 8
317 298 8
503 603 6
84 1217 2
568 90 8
353 1014 0
1304 433 7
1304 37 7
1314 368 33
1418 1131 2
777 102 8
74 905 2
1075 619 27
292 485 2
317 626 8
1006 519 35
202 1324 39
618 1418 7
1403 39 6
50 985 2
48 411 2
581 519 31
629 1217 8
1210 83 8
514 829 2
158 677 2
626 219 2
804 412 5
48 1398 39
494 787 8
1496 1595 38
135 1298 7
510 789 2
518 108 8
866 761 15
599 1084 2
1055 974 7
225 99 0
20 1301 7
604 1404 2
494 753 23
911 101 26
660 1014 0
485 625 2
271 1035 2
921 420 2
535 536 30
609 116 8
406 412 5
560 135 5
485 958 3
976 1047 30
1399 147 8
191 823 31
294 1314 5
548 543 1
39 1062 8
659 1070 5
1024 138 2
1378 770 2
373 108 8
913 1028 2
446 523 2
1481 396 33
270 684 30
442 33 2
653 1114 2
515 1014 0
867 338 5
540 1138 2
56 1047 16
1024 70 2
221 1449 2
221 1053 2
551 365 2
442 424 8
219 479 2
1296 743 5
442 325 2
1009 568 7
894 221 2
1254 147 8
657 1140 2
418 1314 1
1025 291 8
83 1565 2
108 1310 8
1357 248 12
1284 1325 5
1128 1581 8
1230 1224 33
1110 812 2
325 350 33
1140 622 34
681 852 8
550 462 8
724 945 1
303 647 2
651 1283 38
988 1128 2
291 541 2
978 128 2
1550 1384 8
411 393 2
236 1490 5
946 855 62
720 1197 1
849 1450 2
150 272 31
102 1094 30
1309 116 2
285 219 2
534 282 23
1436 1217 8
318 291 8
395 485 2
619 158 27
391 841 2
514 1061 2
291 1156 8
139 701 2
543 1291 14
117 347 30
1176 961 1
391 795 7
1087 387 8
912 377 6
1322 393 8
754 18 8
391 1128 8
311 642 30
395 808 8
864 226 3
495 92 8
252 284 6
1394 856 2
99 215 5
1166 685 8
340 183 2
475 905 2
357 609 2
476 893 2
647 950 30
552 1170 0
278 1439 14
22 873 2
1502 602 2
1405 272 2
729 88 3
657 1170 0
383 704 30
1382 1550 7
723 1396 8
447 1445 2
912 1376 2
348 541 2
1183 676 29
25 65 8
685 1197 2
1466 931 1
450 1483 2
235 857 2
908 1290 7
873 911 31
899 876 7
442 661 2
1358 104 2
689 773 2
689 1169 2
434 1395 7
1316 958 5
1251 254 12
1132 255 2
439 54 2
233 179 8
542 1029 2
4 678 14
337 297 27
438 1309 2
324 1345 2
550 699 2
312 1239 2
233 471 8
417 889 27
284 258 31
995 535 33
1289 286 15
389 939 15
961 550 1
84 870 2
999 1217 8
1232 393 48
432 1086 8
867 403 2
925 810 15
98 987 44
228 83 8
552 92 8
248 225 5
221 297 8
880 393 2
657 92 8
1215 83 7
399 1166 1
859 269 2
83 855 3
950 463 31
750 229 2
270 681 27
565 513 26
1217 1125 8
398 463 2
739 1550 8
676 1094 30
1014 1578 5
503 859 2
996 88 3
1001 1170 0
718 1101 12
1114 152 30
53 676 2
634 1086 8
721 125 27
553 724 35
255 556 2
336 856 6
810 594 1
491 1395 7
135 1243 7
1396 1062 7
681 1187 0
377 366 33
582 603 2
1493 1230 2
271 980 2
923 939 2
663 367 5
191 761 15
1446 0 0
909 259 2
1250 1090 2
150 1230 2
772 264 77
144 265 8
1129 903 1
805 831 2
735 63 8
1126 291 7
1377 83 7
840 4 14
1354 254 12
658 1041 7
314 1333 2
901 1217 7
540 1479 2
789 366 33
1442 1296 2
368 1239 30
417 1121 27
850 856 52
1011 1420 8
1102 554 57
1114 1247 2
83 1510 2
978 638 27
258 851 30
808 1291 14
208 102 7
759 233 27
995 1455 33
724 494 1
65 848 7
915 163 8
65 1582 2
199 476 2
1336 65 7
867 1323 2
577 856 20
1215 315 7
858 1062 8
958 701 7
1376 432 15
183 726 2
978 365 2
83 1437 8
933 1015 36
973 1549 2
303 128 2
1106 282 23
898 65 8
1301 3 7
278 774 2
514 1110 2
157 1024 2
945 201 12
603 1405 2
873 415 44
374 360 2
1383 1304 7
371 568 7
485 95 6
255 1184 2
447 0 0
4 1305 6
525 904 9
267 848 7
625 147 8
619 1578 3
267 1577 8
1461 450 30
380 1252 2
604 374 2
159 219 2
337 57 6
1253 1329 2
281 600 55
1480 1404 2
976 1224 30
915 599 1
272 501 55
565 1133 2
1502 151 2
1079 596 30
514 998 29
594 1322 13
982 877 5
912 925 2
564 1496 2
1337 945 21
219 1120 2
1357 201 12
1450 223 26
592 533 3
934 63 8
85 974 7
314 1565 2
449 387 8
434 903 6
925 596 33
643 623 6
551 938 2
323 726 7
22 851 30
792 540 2
221 18 8
272 148 20
226 239 2
476 1455 30
452 65 8
381 272 31
638 568 7
526 1516 2
557 65 8
417 78 27
380 1304 5
787 147 8
1084 1287 2
420 1321 8
106 915 30
1568 219 2
817 1325 5
721 1449 27
393 513 26
1314 1009 2
387 1396 7
359 658 0
730 1140 2
729 104 2
676 998 29
1090 576 2
402 83 8
277 274 12
870 21 8
580 817 1
522 92 8
1279 1239 2
167 976 8
681 1132 0
1510 1309 2
1372 795 7
978 922 30
205 939 77
155 160 33
191 810 15
1185 259 8
592 1188 2
867 1315 5
729 719 8
340 1106 7
536 513 30
704 974 2
923 884 2
21 1062 8
1376 668 1
494 213 8
1158 728 8
1329 389 36
485 114 8
29 1128 8
337 1042 27
925 1292 33
226 1039 2
1160 387 8
218 1062 7
125 219 2
905 852 2
1291 772 14
91 568 1
116 255 2
1266 766 8
457 1086 2
1191 3 10
552 446 2
303 1578 7
485 384 3
901 812 2
795 167 8
1035 498 2
116 646 8
1154 65 8
1193 1207 5
417 774 27
917 197 8
982 505 1
360 519 35
1230 1491 7
396 1047 16
108 908 8
995 1381 7
189 1150 7
1128 1080 2
673 420 2
383 156 15
681 54 8
1200 1345 2
922 915 30
1355 824 23
398 1500 2
872 900 2
1408 293 0
590 866 36
982 1161 8
494 702 12
377 1046 12
1304 555 7
976 552 2
834 1150 7
698 1070 5
1438 1128 8
439 952 30
628 1217 8
1424 272 7
157 677 2
183 1062 8
85 92 8
441 244 8
1127 1475 5
592 1213 6
603 662 2
558 658 0
186 808 8
655 226 3
950 116 7
1278 363 1
517 108 8
1251 925 10
499 983 33
1230 652 55
30 259 2
1416 476 2
462 1062 5
737 793 8
255 1525 2
1404 901 2
442 1578 5
505 1086 8
1376 1364 1
494 1305 8
666 754 5
625 92 8
546 642 30
380 905 2
730 92 8
1302 147 8
31 831 2
1282 681 1
1323 1325 5
126 191 2
1383 785 7
772 149 77
925 1428 2
148 978 3
483 272 8
259 1505 7
1391 1450 2
1054 789 8
228 795 7
201 755 5
772 837 77
1468 1301 7
594 917 8
1516 380 2
912 974 2
787 1206 7
127 808 8
144 838 8
464 677 2
1313 350 14
565 1078 2
1079 145 30
138 48 7
1026 1230 2
220 603 2
1114 384 5
235 455 2
1131 1230 2
1136 1054 7
560 568 1
790 884 7
681 1443 2
1137 663 8
276 139 3
1442 1140 1
1242 272 2
22 1086 8
314 1510 2
542 627 2
547 551 2
860 1070 5
790 1217 8
301 120 77
550 297 2
1211 1358 2
1100 1140 2
1105 1023 1
974 674 2
986 1591 38
1153 958 5
420 479 2
1079 178 7
1210 568 7
434 1550 8
643 792 6
787 92 8
1533 945 1
1023 32 8
437 1296 8
550 958 3
285 841 2
902 282 8
720 1418 7
721 1394 27
1128 32 8
1084 1227 8
249 441 0
186 1395 7
913 910 5
514 1287 2
494 1291 33
626 677 2
750 114 8
612 789 2
374 933 2
53 274 2
723 1299 2
155 528 2
729 44 8
1393 856 2
1541 1217 8
144 1097 7
1395 1384 7
1337 519 25
750 384 3
381 646 8
309 813 15
601 1155 7
205 884 77
543 179 15
1171 1127 8
761 1070 5
1251 1328 2
677 920 1
1041 1418 2
841 54 8
1213 412 5
65 1415 5
447 1567 2
372 83 8
1479 476 2
910 91 7
20 276 7
575 1035 2
502 383 41
197 937 7
139 684 30
703 1314 5
1023 728 8
1450 168 2
1131 83 2
1303 1472 5
1329 80 7
1128 728 8
713 293 0
1520 412 5
217 789 8
197 1161 7
1443 1070 2
406 485 7
1319 1574 2
322 789 8
1314 1307 13
404 1303 2
1216 1125 8
191 949 44
147 1293 2
872 1236 8
499 1351 2
842 374 1
171 568 7
399 619 27
1200 1217 8
530 950 33
1375 412 5
841 463 2
1090 753 2
543 47 8
867 848 8
36 476 2
1394 672 27
420 119 8
477 987 2
594 247 2
33 1418 2
265 1475 7
938 689 2
1015 97 15
1525 200 2
9 1561 1
90 1465 5
590 1472 37
543 829 20
630 65 8
263 1140 2
441 937 5
147 206 2
1080 40 8
1193 1457 50
140 420 2
1302 92 8
259 704 2
693 233 27
1114 47 0
752 387 8
1125 1070 5
363 1112 2
692 1062 6
340 1283 7
646 855 5
259 1054 7
851 1392 30
565 335 2
855 676 30
543 34 41
917 1239 2
1155 244 8
905 1133 2
808 803 2
112 1252 2
724 974 30
1358 958 2
254 610 75
592 1094 50
905 1029 2
699 1550 8
661 284 6
789 952 33
240 324 2
849 750 30
907 135 2
314 1163 2
804 1550 8
646 1161 7
1024 241 2
551 140 2
228 568 7
152 851 30
1474 873 2
761 594 1
328 685 8
199 770 2
221 1120 2
455 882 2
1216 1384 7
329 812 2
1304 863 6
392 658 0
543 852 2
1231 728 8
945 109 0
681 627 8
657 200 33
988 903 2
565 952 30
543 1144 2
61 485 1
641 396 33
581 1345 30
1533 494 1
1216 46 8
619 1097 7
439 1525 30
40 1144 2
392 1314 7
736 1086 8
485 321 6
309 652 44
506 1296 8
1405 219 2
1184 393 2
1460 1230 20
411 387 8
976 1518 30
982 683 66
1460 450 30
399 974 2
1361 441 0
982 355 8
1353 779 5
721 310 2
876 877 5
235 804 2
91 1062 5
1028 581 2
891 1062 6
240 1416 2
907 831 2
1314 53 34
442 900 2
155 796 8
1429 1070 5
491 812 2
350 890 2
963 441 0
925 890 33
907 1181 7
459 1321 8
267 28 8
931 147 8
198 785 1
900 1395 7
506 303 20
810 793 8
903 1479 2
98 1550 7
114 882 2
672 914 2
692 789 8
692 393 8
1197 899 5
1035 533 3
1480 980 3
316 1125 6
1035 487 8
592 51 50
1152 197 8
35 412 5
1140 388 2
1014 21 8
1020 1062 8
759 882 2
1216 1097 7
218 1217 8
799 83 8
1214 1181 7
974 1247 2
28 1314 5
816 1325 5
254 1064 5
867 178 2
1207 1395 7
872 894 2
872 498 2
420 1052 2
627 1252 2
1170 472 1
363 389 36
253 658 0
279 420 27
1084 1409 2
1380 553 41
865 1062 7
273 1496 53
913 841 30
249 1014 0
868 750 2
1476 536 30
86 726 8
1461 976 30
259 46 6
374 1110 2
253 1418 7
752 108 8
1394 221 27
494 512 2
1176 53 1
1500 499 2
1123 1325 5
439 774 30
876 1505 5
1039 540 2
808 524 2
145 393 2
701 1058 2
1197 533 3
317 990 5
752 40 8
337 1203 6
856 52 8
873 1341 30
322 441 0
1225 345 0
128 259 2
598 568 7
1171 97 8
255 555 2
1024 1565 2
594 119 8
1176 21 8
841 627 8
808 743 59
1500 723 2
112 905 2
316 1046 10
1329 1344 37
23 191 2
73 1319 21
374 998 29
1447 293 0
917 450 7
125 841 2
218 1230 2
905 1078 2
673 26 2
876 505 1
910 1002 2
1140 1480 2
45 642 30
1140 753 23
1463 1578 3
658 816 7
1035 719 8
221 1169 2
230 1128 8
221 773 2
795 685 8
439 807 7
1409 1472 37
519 747 1
316 46 6
83 1384 8
1287 441 0
1080 83 6
1231 277 8
1180 1325 5
393 382 62
281 514 27
769 92 8
70 831 2
1555 1033 2
197 172 8
1098 1114 2
867 1098 2
159 1062 6
77 1062 8
1101 466 75
63 1395 7
996 1305 8
995 269 8
1053 412 5
623 1024 2
83 1212 8
1413 1550 8
847 916 7
102 418 30
945 360 2
1153 384 5
905 338 5
306 40 8
1475 444 57
841 1036 2
626 1062 8
271 1550 8
1285 721 1
1196 147 8
485 1041 2
309 597 44
124 978 1
127 315 2
599 1140 2
1241 293 66
181 646 8
35 701 2
61 1086 8
1305 83 8
147 91 2
554 810 15
525 971 9
601 65 7
1296 119 8
978 173 30
606 723 2
309 1292 30
606 677 7
944 101 2
701 37 7
735 971 9
259 70 2
1166 743 3
1062 685 8
102 893 2
1480 1191 12
1101 224 5
1252 360 2
34 600 2
81 345 0
316 846 6
337 189 27
450 136 6
936 417 2
218 255 2
581 905 2
931 92 8
1503 147 8
1158 167 8
519 1443 1
1235 309 16
438 1155 7
903 1127 8
288 441 0
226 140 7
1355 474 2
879 1608 2
915 639 2
1474 1446 2
324 377 2
592 368 30
1230 1080 2
1201 903 1
450 1135 2
447 1384 8
1197 88 5
550 419 2
116 396 55
712 412 5
1120 291 8
291 889 2
867 1388 7
143 441 0
514 1243 7
1338 663 8
322 387 8
435 102 8
1436 882 2
230 377 8
534 1357 2
420 1393 2
1210 1086 7
417 145 27
800 1070 5
1402 735 6
233 1335 5
416 903 2
922 750 30
872 438 8
1080 1418 2
285 1062 8
411 1033 2
1084 347 33
1424 1418 7
512 543 2
398 183 2
160 723 2
166 681 27
1053 108 1
347 485 30
747 945 2
1177 101 26
620 235 2
872 766 8
374 775 12
1540 1217 8
499 89 2
543 36 14
622 1101 2
267 44 7
603 497 2
362 1345 2
150 726 2
439 31 30
56 1500 30
1361 1014 0
594 137 2
52 147 8
269 1086 8
155 1437 8
446 855 5
487 1062 8
161 83 8
1037 1217 8
157 48 2
297 793 8
603 33 2
1252 638 27
595 808 8
524 974 30
383 1448 30
377 728 8
255 500 2
963 1014 0
1024 1510 2
255 104 2
348 889 2
1079 1291 30
808 63 7
903 1364 2
255 891 8
255 495 8
1493 882 2
582 646 8
101 1460 8
442 1405 2
1266 937 8
440 831 2
438 619 27
314 365 2
359 147 8
1242 1418 2
374 81 10
878 1550 7
184 721 57
1022 728 8
45 191 30
1414 412 5
464 147 8
1468 276 7
350 183 8
433 1395 7
314 1053 2
98 102 2
978 1568 2
1446 1110 2
592 624 50
1454 726 2
459 119 8
293 1041 7
982 193 5
83 938 2
185 581 27
398 983 2
550 1112 23
995 883 33
1312 568 7
1314 1480 2
524 1345 2
945 1109 67
289 233 27
442 21 8
634 1611 2
61 83 1
1546 663 8
836 101 26
551 68 24
1308 779 6
58 1516 2
623 677 2
1203 284 6
600 1122 6
1201 147 7
292 882 2
1304 330 7
1443 873 33
1527 1418 7
1114 836 3
1446 998 29
1073 1345 2
543 273 8
365 681 27
494 397 2
870 424 8
663 491 5
287 494 2
171 1419 8
1496 1596 38
1196 92 8
611 1191 2
1328 440 35
912 1319 21
977 83 8
255 1196 2
441 1105 0
372 568 7
1406 376 3
707 831 2
128 540 2
205 135 77
626 147 8
595 1395 7
519 1282 30
841 908 8
505 793 8
892 99 0
772 612 77
349 274 12
476 558 2
683 1266 1
750 1194 30
350 488 2
1350 681 1
42 873 50
726 119 8
18 147 8
447 1110 2
63 646 5
653 345 0
565 807 7
808 1420 8
315 93 1
450 460 2
903 1077 2
849 976 30
1503 92 8
658 1097 7
1332 910 1
672 116 2
1357 993 2
551 762 2
551 366 2
442 722 2
910 264 2
1140 942 33
646 520 21
551 1054 2
499 614 67
1563 1389 8
344 197 8
369 309 30
170 377 6
894 514 2
627 102 5
1332 446 1
1287 1014 0
303 252 2
438 974 2
309 1567 1
555 684 2
808 36 14
447 998 29
631 903 1
1314 401 2
869 642 2
1100 200 33
1516 690 1
420 1437 8
1098 284 33
1308 183 2
1076 681 27
721 1565 27
158 1328 7
721 1169 27
1402 284 6
55 92 7
876 63 8
915 513 30
125 1070 5
636 83 8
945 933 2
727 1114 2
876 355 8
398 524 2
543 1292 14
919 485 30
137 1550 7
993 65 8
486 494 2
922 272 31
568 489 6
514 347 33
1253 1325 5
1545 1086 8
958 1314 8
721 1393 27
227 527 1
147 664 2
1058 841 2
1341 83 8
722 726 2
385 65 8
1158 958 3
1053 26 2
48 1008 39
85 1238 41
910 1245 37
510 102 8
701 1052 2
693 882 2
155 264 23
261 309 33
157 92 8
1193 604 50
1193 208 50
494 37 8
838 83 8
940 296 7
337 74 27
903 667 27
1376 388 1
316 248 10
1024 1455 2
337 762 27
934 119 8
574 584 2
917 1496 69
455 1070 7
1031 350 2
540 1417 27
1231 1213 7
288 1014 0
1028 1031 2
1056 387 8
1217 929 7
1316 179 15
672 1036 2
844 50 71
1463 384 3
799 377 8
303 1298 7
359 92 8
442 908 7
915 1207 8
464 92 8
865 1153 52
416 1252 2
1284 293 0
545 672 2
286 809 1
592 173 50
905 504 2
789 31 33
877 1404 2
392 1070 5
600 961 35
1318 1181 7
1136 119 8
541 1028 2
492 254 10
1108 1550 8
961 447 1
1447 554 23
317 244 8
143 1014 0
119 1007 55
581 200 30
1476 726 30
30 1358 2
960 945 1
608 770 2
514 1439 33
922 584 41
85 867 45
1404 397 2
761 793 8
859 166 2
901 519 35
934 159 1
912 1325 5
565 31 30
1376 97 15
871 663 8
398 1152 2
381 726 2
1306 92 7
986 219 38
1397 565 7
603 778 2
27 1593 38
1042 681 27
1510 619 27
290 226 3
162 282 23
582 954 7
519 539 30
26 231 2
938 584 53
392 726 8
143 40 8
171 1296 8
626 92 8
915 515 21
999 340 77
454 1418 7
923 1628 2
22 191 2
543 152 30
233 835 7
447 367 2
820 387 8
565 798 2
18 92 8
841 68 24
1090 1244 36
28 1128 8
1014 1298 7
346 789 2
1466 249 1
479 978 3
205 1217 7
401 1015 36
551 311 2
459 796 8
889 1450 2
70 1084 1
447 591 2
1138 663 8
110 829 19
808 1292 14
495 1070 5
464 1403 14
995 1456 33
372 215 5
859 1258 2
1418 667 27
769 219 2
1397 1266 1
199 873 2
303 588 8
1052 412 5
1502 1225 0
182 1135 2
619 172 27
377 1399 6
1314 942 33
1210 684 7
1446 888 23
737 876 7
1562 446 2
1092 726 2
411 235 2
707 101 26
66 1309 2
494 1388 7
684 1180 0
880 102 8
739 873 2
1217 47 8
267 545 27
1303 870 7
833 1150 7
1404 537 12
619 104 27
1403 1342 7
1461 519 30
266 1357 2
841 762 2
374 653 2
1176 1298 7
285 92 8
1132 1170 0
365 689 2
525 801 9
290 808 8
1156 1418 7
484 973 2
1172 808 7
115 686 1
390 376 3
227 472 1
681 109 0
1261 1418 7
890 948 15
507 40 8
421 750 30
484 446 84
317 533 5
533 536 30
272 1190 55
272 794 55
383 942 30
341 701 2
1247 1404 2
701 533 2
447 1287 2
337 707 27
449 393 2
681 1161 7
98 1325 7
1036 219 2
457 459 2
1372 684 7
1082 420 20
551 601 7
1355 992 2
514 1105 0
259 119 8
442 957 7
1541 866 36
1004 426 7
910 936 8
442 1295 2
84 884 2
1328 1384 7
789 1087 2
416 905 2
411 1035 2
980 1298 7
447 888 23
83 140 2
903 1577 8
476 1456 30
68 227 63
347 772 14
344 1062 8
934 720 15
719 1153 6
191 1389 7
873 1255 2
824 658 0
1436 1062 7
503 873 2
1062 1342 7
1327 1418 7
872 961 2
439 178 7
1507 753 57
519 555 2
960 494 1
657 726 8
454 987 41
398 805 2
847 63 7
651 82 38
719 1418 7
867 177 2
1550 183 8
847 355 7
750 462 8
1183 1316 7
727 284 33
1496 798 38
503 701 2
466 808 6
268 1086 8
261 950 33
824 1314 7
1081 905 2
1078 1550 8
938 409 2
227 704 1
862 226 3
722 903 2
1287 910 2
642 1204 30
514 355 8
813 619 2
155 837 23
455 272 31
502 1176 15
125 684 2
1193 781 50
205 1628 77
575 1550 8
457 1155 2
340 1003 7
337 647 27
1176 588 8
945 998 29
1250 1328 2
253 147 8
446 991 37
455 40 7
1193 170 30
1502 357 33
88 340 5
371 83 8
696 1128 8
945 1111 67
1084 1214 0
995 781 33
735 342 9
856 483 15
1419 958 5
1136 1156 8
322 476 7
540 1029 2
1342 770 2
144 855 5
551 256 2
1409 1206 36
823 553 71
185 411 27
212 584 2
1450 516 2
1114 401 2
859 911 2
441 21 8
1555 1496 53
1340 92 8
1163 1070 5
747 1191 12
552 1062 8
1397 1170 0
1421 1418 7
634 1395 7
1084 209 2
1081 1309 2
66 1358 2
1526 1418 7
502 757 2
1304 556 7
639 450 2
927 939 15
632 1550 8
46 1153 6
267 1405 27
287 684 2
146 721 1
737 1550 8
1404 1262 2
618 672 2
315 904 9
1416 873 2
266 568 7
1400 884 7
329 519 35
552 441 0
663 1009 5
666 755 5
711 701 2
1230 810 15
255 1026 2
439 1177 30
367 812 2
266 191 33
26 116 2
599 200 33
1042 689 2
1292 1556 44
856 59 8
361 594 2
26 804 2
575 681 27
996 99 0
240 844 2
701 150 2
1144 856 6
899 147 7
1259 317 2
1399 1062 8
1044 1550 8
127 314 2
1402 808 8
723 891 8
442 620 2
1439 980 5
1158 384 3
584 75 8
795 1156 8
803 831 2
688 542 2
1166 112 8
301 585 77
1138 1309 2
226 854 27
396 877 30
570 83 8
922 200 2
546 681 1
689 326 7
228 1358 2
555 978 2
770 1005 7
905 667 27
1357 888 23
551 488 2
95 1502 2
631 1197 1
878 1035 2
437 974 2
170 603 6
763 1231 17
540 1553 2
1308 1305 6
272 432 15
226 581 2
112 221 2
550 590 2
980 1243 7
631 1093 1
1247 554 23
635 377 1
300 1024 2
1481 980 3
315 480 2
491 519 35
756 1252 2
905 97 8
524 200 2
910 21 8
85 1086 2
1541 1472 37
1533 550 1
76 726 2
881 532 7
833 1395 7
941 808 6
671 663 8
124 1070 5
600 269 6
273 1028 2
390 684 2
23 646 5
977 568 7
576 412 5
494 1292 33
387 1342 7
267 722 27
1211 272 2
973 416 2
309 54 8
945 775 12
168 663 8
976 162 2
738 743 3
503 750 2
383 1190 2
996 37 8
237 1357 1
580 763 1
476 1480 2
1191 821 75
872 833 8
623 147 8
1329 70 35
252 540 27
499 552 2
974 1292 30
1058 1062 8
273 1252 2
810 485 1
996 761 15
155 1212 8
439 98 30
256 1217 8
1384 789 2
847 273 8
1397 387 7
701 778 2
619 3 8
1251 1329 2
774 681 27
915 1173 1
1383 441 2
24 363 2
729 269 8
974 1224 30
477 584 2
1079 774 30
1185 101 8
138 677 7
1465 845 5
1468 619 7
915 1506 2
233 37 7
259 1156 8
681 638 27
101 844 2
805 1217 8
253 92 8
1140 512 2
1035 507 8
1258 646 8
939 957 8
581 393 2
905 798 2
463 92 8
392 1376 15
1079 880 1
1035 881 3
552 387 8
730 1239 30
1570 1097 7
464 219 2
56 883 16
1023 1125 8
221 889 2
78 393 2
293 816 7
950 362 31
1570 1389 7
88 1033 2
536 1330 2
980 210 2
880 1376 2
1450 857 2
1544 1395 7
759 1230 2
681 297 2
1079 807 7
27 726 30
636 568 7
757 34 53
872 1242 2
297 1395 7
765 663 8
1239 63 8
1100 950 33
952 226 5
499 1352 2
648 197 8
267 1058 27
1198 514 2
81 363 2
284 883 2
147 823 16
72 102 8
221 765 19
867 849 8
191 228 8
856 1342 7
53 903 2
1459 750 30
1461 117 30
514 209 2
1312 1296 8
879 950 14
939 1388 7
1414 1550 8
1477 847 0
259 1169 2
841 360 2
603 900 2
603 504 2
996 957 8
838 568 7
1193 855 3
255 1075 2
1259 1641 2
903 1152 26
1295 672 2
522 1062 8
1055 750 7
255 1367 2
259 454 33
1216 855 5
1160 254 12
1037 314 2
1177 663 8
238 681 27
340 1284 7
485 693 2
435 603 6
278 983 14
452 973 74
259 1393 2
145 1033 2
1402 65 8
22 808 8
27 1128 8
560 978 1
213 1181 7
565 628 2
1382 594 7
135 424 8
1252 471 8
905 1030 2
847 338 5
1124 940 2
1418 855 5
344 40 8
220 841 2
1450 1553 2
1266 75 3
681 993 2
442 497 2
363 704 35
681 1384 8
551 829 2
383 368 30
906 98 8
539 723 2
878 980 2
996 1388 7
1221 102 7
906 390 8
1404 445 0
1023 384 3
905 88 3
409 1405 2
834 1314 5
995 685 8
1128 46 8
171 1166 1
1128 384 3
1221 1128 2
905 42 8
1209 684 7
420 46 6
1314 572 2
744 789 1
486 1170 0
1210 910 7
1211 1550 7
1053 101 26
73 925 2
420 1212 8
1216 47 8
158 1062 6
160 1556 44
554 1330 15
872 158 8
192 393 8
1460 519 30
181 1062 8
1520 770 2
387 891 7
16 520 21
159 514 2
1302 789 8
1253 412 5
734 315 2
552 1014 0
1252 1469 47
1191 474 75
872 90 8
1169 1230 2
30 729 2
1236 1070 5
726 991 2
657 1014 0
273 905 2
723 1199 7
377 958 3
1341 1070 5
258 1345 2
374 444 23
728 92 8
421 976 30
1403 1396 7
1547 259 8
1321 1325 5
1176 1468 24
33 272 2
259 22 2
263 950 33
855 1496 5
1502 670 2
162 83 8
454 903 2
491 808 8
1373 808 7
1304 1227 5
101 893 2
961 976 30
1024 834 2
1481 600 2
218 603 2
1479 26 2
453 609 2
810 1086 8
674 873 33
910 766 8
919 1418 8
770 1578 7
1031 808 8
540 231 2
383 1392 30
420 1138 6
1568 514 2
1445 1274 12
1450 114 2
1221 1418 7
519 453 2
650 1239 2
1079 986 53
200 368 2
254 1065 5
592 1073 51
1418 1417 27
420 1449 2
1262 519 35
988 221 2
1151 1296 0
1329 656 2
1171 338 5
432 1550 8
168 1309 2
540 455 2
1313 568 7
737 757 2
499 901 2
485 1375 27
502 251 2
1547 663 8
191 277 8
20 658 0
195 663 8
309 627 8
62 812 2
847 581 7
31 102 2
377 1253 2
536 1204 30
393 462 7
158 789 8
451 485 30
1394 514 27
109 412 5
1295 221 2
147 1458 8
475 1309 2
122 950 16
602 812 2
272 1004 7
1561 384 5
117 1253 1
439 671 30
1025 1418 7
20 1314 7
192 851 30
259 1437 8
177 1325 5
650 115 15
707 1239 2
259 942 2
265 83 8
772 332 77
887 345 0
476 674 2
119 646 7
350 604 2
565 1198 54
1079 36 30
674 282 23
903 63 7
905 975 2
876 23 5
1358 1196 2
942 536 30
98 450 2
442 833 8
1413 412 5
430 1024 2
559 147 8
1304 372 5
1304 850 7
221 1457 8
230 315 33
1449 259 2
1215 847 7
1518 412 5
664 543 8
1446 347 33
1329 1342 7
82 542 2
291 262 2
420 78 2
789 265 8
271 412 5
750 1384 8
1197 861 2
639 676 2
1210 459 7
4 432 15
311 726 2
643 1161 8
156 83 1
782 976 30
873 947 44
35 770 2
721 889 27
191 212 44
1570 228 8
642 21 8
1249 293 66
43 102 7
489 1153 6
638 377 8
485 1042 2
403 663 8
4 1081 6
139 26 2
603 1077 2
856 1584 28
148 1128 2
155 419 2
525 972 9
1460 396 30
627 789 8
1173 950 33
489 1418 7
941 1296 8
944 102 2
1398 1062 8
126 314 2
928 847 2
417 384 5
753 441 0
1193 324 50
127 540 2
1312 910 5
753 115 15
53 92 8
337 190 27
348 262 2
1016 278 74
12 543 2
122 1358 2
482 101 8
1382 1563 7
442 1138 2
350 1227 8
1487 1550 8
1304 776 5
101 838 2
71 1502 0
919 284 2
564 1168 2
163 1070 5
903 1029 2
101 833 8
903 1420 8
447 347 33
441 1194 7
194 1024 2
85 646 7
770 1523 7
4 399 14
1035 37 8
279 101 26
226 411 2
1216 355 7
982 341 1
88 235 2
880 974 2
396 883 16
550 1207 8
286 133 1
12 856 20
1446 1371 33
1180 293 0
153 523 57
1003 1329 2
736 1395 7
1330 1345 2
1376 911 31
415 340 7
995 152 33
1119 259 8
147 986 41
88 1314 8
1554 1191 12
1183 867 7
148 1153 6
168 83 6
1179 377 7
600 891 6
1184 1035 2
872 1127 8
603 667 27
915 861 30
1301 1491 7
796 939 15
43 1418 7
856 1377 8
1544 1550 8
1397 681 7
642 1047 30
148 1418 7
603 498 2
1171 1381 7
503 872 2
913 1325 5
494 62 2
272 703 2
471 903 6
974 1518 30
1296 936 59
33 1309 2
1405 689 2
239 1418 2
1376 908 1
936 735 6
255 569 2
1539 766 8
936 1114 2
450 1567 1
455 1153 6
919 1376 2
340 486 7
271 701 2
980 357 30
570 568 7
646 0 0
145 235 2
377 1125 8
1358 917 2
729 787 8
1101 749 5
1004 856 6
1079 1292 30
909 272 2
854 1325 5
594 357 8
909 663 8
1206 761 15
101 1461 8
1039 314 2
905 628 2
1252 366 2
1566 1498 57
1014 622 7
447 1371 33
910 1298 7
1358 1141 2
681 591 2
552 910 2
1232 1206 48
540 804 2
442 90 8
1482 83 8
185 582 27
1230 2 2
761 485 1
1035 957 8
1114 572 2
519 688 7
559 92 8
69 551 2
1283 293 0
189 1556 2
1140 1307 13
515 945 1
582 873 30
842 1357 1
182 167 2
21 115 15
117 1392 30
872 1364 2
406 1296 7
863 1062 7
356 658 0
61 808 8
1570 277 8
1404 745 2
913 915 30
1418 1420 8
1509 554 57
721 834 27
1287 1101 12
902 934 5
834 1556 2
1459 976 30
383 45 2
847 1154 7
599 1446 2
729 1196 2
145 1035 2
49 284 33
1496 1597 38
514 727 2
1516 620 2
723 1135 2
577 1028 2
514 53 34
490 1437 8
343 293 0
147 32 8
650 1514 0
856 626 8
1401 65 8
601 303 7
485 1310 8
266 282 23
485 1211 2
976 1341 30
584 765 38
577 1252 2
316 792 6
459 1212 8
903 1078 2
917 1316 7
1024 1120 2
1228 1587 1
917 251 33
1315 398 5
194 677 2
70 1140 1
1358 166 2
105 732 7
429 1079 2
738 432 15
219 1169 2
219 773 2
681 888 23
539 1345 2
1210 808 7
627 441 0
594 422 5
1533 789 1
614 459 5
302 377 7
417 555 27
729 854 27
200 362 2
1209 910 7
112 387 8
868 417 2
409 1131 2
736 903 6
590 1070 5
303 936 8
200 258 2
1446 360 2
173 831 2
695 1070 5
676 1224 30
1139 1239 30
929 1170 0
1539 533 3
1184 980 2
292 200 2
977 681 2
494 671 33
737 251 2
267 497 27
1404 62 2
1330 1217 8
903 338 5
164 1550 8
485 1236 6
205 50 14
915 683 0
45 672 2
176 1062 2
271 26 2
928 1150 7
374 1001 2
147 665 2
377 747 2
1329 241 35
144 1310 8
272 252 2
155 992 2
775 1490 5
729 112 8
897 1070 5
910 1246 37
604 723 2
936 284 6
155 1284 2
594 37 7
1264 1062 7
32 663 8
357 903 2
317 881 5
279 974 50
117 747 1
770 1102 5
915 552 1
599 1086 8
753 1014 0
939 800 8
1377 1128 7
1521 387 8
183 485 30
1391 147 2
1185 272 8
494 330 8
45 309 30
13 1418 7
337 763 27
202 1002 1
576 1550 8
605 83 8
929 92 8
622 976 30
1522 1325 5
1395 114 8
922 603 2
226 1052 2
1553 101 26
314 707 2
449 1033 2
179 1325 5
406 293 0
900 226 3
447 355 8
869 233 27
83 488 2
598 726 30
78 856 2
648 40 8
293 487 7
646 929 7
543 292 2
867 697 2
1236 92 8
345 1187 0
960 550 1
867 989 2
1215 377 7
409 88 2
377 1443 2
365 1395 7
535 450 2
52 393 8
3 412 5
3 16 5
1328 1388 61
735 206 2
369 1309 2
939 1122 6
1538 1217 8
729 1141 2
145 980 2
841 531 2
36 940 2
1253 293 0
448 441 0
115 59 1
144 627 8
111 603 52
1502 877 33
1340 1472 5
363 888 2
658 341 5
1275 1502 7
1166 296 8
784 1181 7
609 355 8
1480 1070 2
1031 233 27
337 1391 27
1176 936 8
1153 1310 8
229 684 2
724 750 30
875 856 6
1171 908 8
1317 101 26
836 536 30
241 348 7
423 233 27
789 1124 33
676 552 2
819 197 8
1398 92 8
455 726 2
903 231 2
645 1404 1
185 1223 27
1138 1128 8
1466 146 1
208 568 7
357 147 8
367 519 35
383 573 15
676 844 2
1377 377 7
1179 50 71
205 1114 7
541 619 27
789 163 8
316 273 6
483 1325 5
527 1395 7
202 688 2
202 292 2
219 322 2
383 539 30
1225 255 2
77 1475 37
437 793 8
824 1376 15
900 808 8
980 1405 2
1217 355 48
774 1035 2
112 40 8
565 1124 30
919 101 8
1081 619 27
1231 796 8
191 704 2
1221 903 2
1209 459 7
789 433 3
281 1033 27
1217 116 8
728 1611 2
617 1475 37
1162 1070 5
1186 1166 1
894 387 8
980 936 8
834 1062 6
912 293 0
1080 1309 2
837 808 6
267 150 27
627 646 7
20 1070 5
730 514 2
303 813 8
932 856 6
736 1550 8
36 1230 7
197 1335 5
1479 101 26
723 1416 2
843 26 2
1033 1141 2
265 568 7
706 903 6
600 696 2
476 1200 2
119 735 6
945 444 23
23 1114 2
454 584 41
565 1495 2
311 485 30
1448 808 30
126 540 2
110 1109 1
601 876 7
951 163 8
135 1583 8
701 894 2
701 498 2
891 1176 1
1171 848 8
677 1078 2
1446 1214 0
1140 1292 33
790 1301 7
1079 890 30
829 65 8
442 1364 2
518 412 5
852 315 30
1164 147 8
1381 1086 8
550 1110 2
1503 1062 8
1170 1567 4
1047 987 44
3 701 2
1330 910 1
1031 291 8
1357 1567 2
925 2 2
315 1000 2
1355 993 2
797 1217 8
346 102 8
1348 1166 1
429 1314 7
736 856 6
314 256 2
950 855 5
910 833 8
1242 1309 2
1116 1239 2
1114 1126 33
233 22 8
168 377 6
417 836 27
1226 278 74
627 1014 0
1128 454 2
592 1179 30
642 1298 7
373 412 5
421 1472 7
641 600 2
681 116 8
289 1230 2
961 789 1
1280 153 5
945 1575 2
1084 1243 7
550 998 29
867 246 2
686 345 66
1437 584 33
847 424 7
1545 1395 7
65 63 7
1429 65 7
345 1132 0
236 754 5
922 873 30
377 321 6
1191 904 74
284 311 2
872 957 8
117 1282 30
16 1283 21
1390 1090 1
267 778 27
591 658 0
273 1376 2
309 803 2
191 52 8
937 1395 7
244 1153 6
713 1404 2
470 903 6
575 412 5
718 1328 2
1438 1086 8
1028 1449 2
1551 789 4
176 1239 2
841 179 8
4 228 6
377 248 12
267 167 7
831 1340 2
1283 554 23
603 620 2
284 535 2
447 1214 0
255 399 2
750 861 30
272 429 2
729 685 8
841 471 8
276 1310 8
335 101 26
158 856 8
768 1070 5
508 102 8
361 1570 2
1458 303 20
1193 782 50
26 177 2
499 622 34
808 988 2
1162 1062 8
219 1004 27
1383 789 2
670 812 2
259 1212 8
543 820 15
650 286 15
360 1217 8
1250 1329 2
772 107 77
1354 945 2
259 1108 8
1029 350 2
226 1333 2
1014 848 7
295 594 10
1024 322 2
917 856 2
438 303 7
1358 1367 2
240 45 2
1301 1315 5
1463 958 3
186 135 5
634 735 6
789 113 2
1025 147 8
383 192 30
689 32 8
463 1128 8
462 92 8
786 101 8
112 1296 8
285 1070 5
350 697 14
997 646 7
1160 1325 5
737 412 5
1187 1266 1
547 905 2
191 357 2
272 97 15
309 1161 7
37 808 6
300 689 2
543 865 2
1106 309 33
1328 576 2
359 441 0
620 1450 2
655 646 8
485 506 6
1207 1217 8
514 637 12
409 661 2
1216 163 8
754 1581 8
1570 3 8
401 1395 7
934 1421 1
1518 1181 7
879 267 55
259 1138 6
306 108 8
374 599 2
772 907 77
255 1423 2
448 1014 0
147 159 2
594 1279 8
1035 158 27
155 486 2
945 355 8
1503 387 8
329 568 1
1466 891 1
452 1418 7
677 690 1
1001 658 0
527 974 5
471 757 2
259 138 2
1322 1325 5
350 611 2
629 1070 5
155 855 3
18 1062 8
746 1176 5
239 393 2
1482 568 7
442 913 2
227 246 1
1497 65 8
668 226 1
284 991 5
255 39 8
981 856 20
1164 92 8
1349 1446 2
903 804 2
205 1395 7
903 1200 2
270 808 30
681 1445 2
154 65 8
1234 500 2
672 239 2
1351 1475 37
273 950 30
449 235 2
286 372 1
206 905 2
489 147 8
1225 1062 48
85 1155 2
915 707 2
550 591 2
197 936 8
894 1033 2
1337 568 7
592 64 50
965 99 0
1450 230 2
83 774 2
185 21 27
420 1169 2
289 383 2
391 1033 2
267 1491 7
706 856 6
743 1086 8
543 1169 39
373 856 52
69 26 2
731 939 7
750 116 8
1090 523 2
754 502 8
745 543 2
592 136 6
1459 519 30
435 1314 5
1357 1214 0
856 1449 2
1550 129 8
784 1641 77
1037 1358 2
357 1197 2
592 824 6
226 803 30
417 39 8
872 834 8
445 293 0
337 1388 6
595 1345 2
259 834 2
1154 1418 7
41 812 7
1252 1578 7
25 554 2
365 1550 8
1340 1070 5
449 1035 2
340 657 7
485 66 2
825 1062 8
934 607 2
1343 420 5
713 554 23
524 750 30
102 1210 6
551 1243 7
1153 908 8
359 387 8
259 324 7
614 215 3
62 519 35
193 1114 57
464 684 2
31 987 44
485 68 24
56 952 16
911 1309 2
221 958 2
241 284 2
282 265 15
178 1325 5
1176 1243 7
982 433 5
347 1419 8
279 485 30
1171 88 3
323 1301 7
451 284 2
672 1555 2
314 829 2
222 1314 8
1446 845 1
532 805 2
323 1197 7
1135 417 2
519 468 1
586 1230 20
823 1325 5
1119 1418 8
1135 808 8
1308 623 6
330 1217 8
1297 789 1
168 619 27
1447 1404 2
71 1296 2
894 350 2
273 619 27
986 514 38
281 235 27
194 48 2
334 793 8
721 607 5
650 476 33
632 808 8
1081 859 2
1304 502 7
1227 646 8
1570 52 8
729 1389 7
1084 1439 33
409 210 2
1024 116 20
372 808 7
152 200 2
31 450 2
514 898 2
485 424 7
999 1070 5
475 619 27
485 762 2
393 1148 2
721 541 27
35 26 2
594 891 7
1062 433 7
1456 1507 1
1500 1140 2
18 387 8
1301 119 7
605 568 7
546 485 30
681 0 0
453 272 31
1564 1499 57
1163 677 2
905 1495 2
213 412 5
35 383 23
982 1129 5
108 1578 7
880 1325 5
470 476 2
1466 440 1
575 26 2
168 50 70
71 568 15
1428 1564 5
1035 1141 2
1185 1418 8
451 1376 2
454 276 2
724 976 30
772 680 77
314 1525 2
155 462 8
674 1357 2
925 160 33
56 421 30
852 309 30
686 1062 8
383 437 30
396 531 30
702 726 7
185 1449 27
301 135 77
905 1381 7
1480 873 33
676 674 2
441 622 7
59 1070 5
799 1128 8
769 514 2
563 540 2
519 1509 12
1316 3 5
80 442 7
102 833 8
1239 1156 8
859 739 27
438 808 7
1023 47 8
642 150 2
259 1118 5
981 1450 11
1155 1578 5
894 978 2
1176 111 15
514 223 26
980 1131 2
1338 92 8
1231 626 8
886 646 8
1355 419 2
535 976 2
939 1315 5
1225 939 48
1102 1231 17
191 1321 8
322 108 8
468 658 0
398 368 2
117 192 30
147 706 41
359 1014 0
384 663 62
391 978 2
913 1217 5
720 1266 1
1357 611 34
499 670 2
463 1239 30
273 974 2
1075 377 7
933 1472 37
102 1455 30
1172 1395 7
616 672 2
1177 259 27
277 550 2
867 167 8
1461 642 30
818 1475 37
945 1001 2
1271 377 2
22 1114 2
939 269 6
498 272 2
1177 551 27
867 63 8
1400 147 7
167 873 2
543 148 20
24 377 2
1119 309 30
348 782 2
498 663 8
276 908 8
1545 1550 8
115 809 1
928 903 2
144 1377 8
255 289 2
944 450 2
701 1120 2
40 54 8
1177 377 8
1466 1068 1
449 980 2
390 851 30
595 1217 8
996 1315 5
1316 1095 5
1101 469 5
1505 808 8
720 147 8
837 1465 5
226 1223 2
1358 569 2
116 147 2
805 663 8
673 83 8
1428 417 5
397 1472 5
441 1583 8
297 284 6
869 735 6
1468 393 7
168 603 6
416 1028 2
88 233 27
362 584 71
960 789 1
411 1450 2
592 1074 51
592 241 50
1531 1306 1
903 97 8
532 390 2
995 208 33
902 1217 8
750 366 2
267 1364 27
701 776 5
65 685 7
977 1084 2
623 789 8
175 789 2
594 216 7
671 1239 30
1204 1550 8
543 390 8
808 111 6
619 1437 8
784 254 5
505 191 2
255 625 2
222 903 1
267 685 7
1266 1381 7
1141 808 6
683 1014 0
255 917 2
594 877 8
917 83 6
911 1617 1
1328 453 35
582 672 2
550 1554 0
1177 568 7
543 737 41
135 42 8
361 485 2
581 1035 2
143 108 8
374 25 2
1025 446 2
476 675 2
1446 81 10
901 1062 7
915 81 2
792 1418 7
454 221 2
1033 116 2
321 441 0
144 626 8
170 726 30
1252 813 8
459 932 8
779 568 7
1140 702 12
903 986 53
1220 903 6
903 798 2
1166 3 8
592 32 8
1037 83 8
674 191 33
286 810 15
1054 1325 5
383 22 30
116 1062 8
222 226 3
325 1079 2
894 235 2
1093 1227 6
978 210 2
531 1345 2
1553 272 2
139 240 30
857 856 2
1217 292 2
980 1076 2
1080 377 6
1223 1252 2
476 1292 30
1110 1217 8
1166 1335 5
499 883 33
543 1482 8
514 1247 2
626 1033 2
592 258 30
1562 910 2
116 115 15
554 880 15
267 1381 7
1459 117 30
634 226 3
978 535 30
987 453 35
841 1330 2
784 447 77
836 568 7
872 36 8
580 654 1
551 139 5
127 609 2
447 81 10
941 568 7
594 1505 8
754 32 8
729 228 8
1414 808 14
54 387 8
1000 658 0
1174 185 2
601 255 7
167 808 14
903 1156 7
1039 1358 2
25 147 8
484 910 84
899 1062 7
106 1181 7
1466 1013 1
568 434 6
597 1345 2
795 1342 7
255 265 8
1081 272 8
726 1156 8
903 1030 2
792 677 2
917 102 8
218 841 2
501 83 8
676 1247 2
825 92 8
939 848 8
1152 108 8
681 1567 2
1008 872 2
1257 54 8
108 21 8
440 101 2
199 1345 2
1140 1291 33
97 1086 8
383 61 15
323 795 7
889 543 2
515 345 0
869 284 6
222 808 8
1035 330 8
141 1016 9
528 363 2
545 393 2
1152 40 8
1023 958 3
209 278 2
285 1033 2
1201 1093 1
1570 1321 8
1274 832 5
789 824 23
519 399 2
395 903 2
518 1181 7
1128 958 3
183 284 2
739 1345 2
260 340 62
532 335 2
409 1479 2
346 101 8
827 441 0
544 40 8
303 1243 7
1209 1550 7
872 737 2
864 1062 8
1183 1556 7
216 387 8
311 1403 19
1337 663 8
321 387 8
315 1392 30
1539 881 3
600 1184 6
913 684 30
980 424 8
1304 392 7
1077 259 2
1284 1404 2
754 728 8
1401 735 6
1146 412 5
1550 355 8
217 1325 5
444 293 0
1301 1388 7
171 793 8
191 119 8
870 90 8
557 56 50
485 360 2
1397 974 7
873 960 30
291 533 3
642 1340 30
721 139 27
440 532 1
268 1550 8
1551 856 4
270 26 2
293 1575 4
1174 417 2
1345 911 31
441 433 5
161 377 8
866 720 15
155 229 33
1362 651 53
40 627 8
381 1062 8
1257 21 7
813 646 1
72 1325 5
4 623 6
876 433 5
463 684 2
359 514 2
723 39 8
464 514 2
680 1181 7
1488 1252 2
909 565 2
677 667 27
907 387 2
233 848 7
934 1156 8
1541 1070 5
455 108 7
240 216 2
928 92 8
849 642 30
1507 301 19
1376 1468 24
1114 933 2
459 855 3
1397 1014 0
540 1493 2
872 1491 7
1443 1274 12
880 1166 1
228 793 8
183 1496 53
1223 905 2
81 274 12
74 872 2
859 979 2
409 504 2
874 831 2
1304 1088 7
1396 1070 5
563 65 8
555 350 2
492 272 31
546 48 7
898 147 8
450 451 30
328 743 3
514 796 2
291 891 8
370 600 41
1198 1033 2
1505 646 5
877 374 2
494 1447 2
369 619 27
1103 65 8
594 1127 2
932 284 6
1475 391 57
31 676 2
395 147 8
850 1239 2
297 226 3
45 1252 2
626 514 2
26 648 2
926 1062 1
999 1153 77
255 1198 2
1564 301 19
1375 101 26
155 657 2
155 261 2
839 102 2
1015 1201 15
722 387 8
701 322 2
829 350 33
425 519 35
1466 666 1
1053 83 8
1200 1070 5
726 855 3
25 92 8
240 912 2
772 510 77
325 658 0
907 723 2
377 47 8
335 272 2
899 215 7
1224 1166 1
835 750 2
677 798 2
1463 1342 7
579 278 2
321 1014 0
1030 233 27
721 822 9
1158 114 8
542 327 1
1024 1121 2
1355 25 2
903 1371 2
329 1062 7
324 684 2
1461 1007 2
1483 1357 2
558 446 2
643 929 57
1572 1314 7
454 726 2
1316 1004 1
69 101 26
259 477 70
1022 47 8
744 1084 1
1231 1212 8
222 65 8
452 147 8
459 1437 8
56 31 16
619 606 31
284 990 5
789 1199 8
557 147 8
1299 272 31
1338 219 2
102 1457 30
857 1033 2
762 65 8
1197 1097 7
619 521 27
1080 619 27
684 1126 14
582 191 30
869 540 2
485 1305 6
411 980 2
374 732 7
552 925 10
285 514 2
30 1024 2
1110 83 8
1415 701 27
600 837 6
981 676 7
1541 1062 8
634 1217 8
155 1061 2
267 894 27
267 498 27
577 619 27
977 974 2
499 787 8
1401 284 6
297 808 8
50 597 2
1383 1550 7
604 1084 2
743 793 8
309 1305 14
1271 499 2
1259 789 2
1028 1169 2
309 624 30
1050 1181 7
33 859 2
544 315 30
323 442 5
499 719 8
1329 138 35
24 499 2
450 779 6
944 676 2
1284 554 23
231 101 26
192 450 30
1466 1690 1
106 1404 2
1252 189 27
155 611 34
701 1242 2
116 441 2
1028 1393 2
348 1232 2
750 513 30
519 893 30
1355 1409 2
813 1419 8
565 172 2
598 793 8
240 229 2
255 838 8
915 1574 2
1181 75 8
551 1310 7
582 197 8
872 338 5
850 485 30
763 735 6
226 1449 2
226 1053 2
3 315 7
238 1550 8
1242 619 27
613 412 5
592 535 50
80 1296 7
849 191 30
550 347 33
1126 646 7
796 1217 8
502 348 41
197 1298 7
325 677 2
515 1355 1
658 1437 8
233 766 8
417 1184 27
540 1042 2
981 1418 2
1443 200 33
651 207 38
1014 833 8
1341 808 7
827 1014 0
847 1214 2
86 1314 8
70 723 2
543 189 2
70 677 7
847 1506 2
898 92 8
872 1305 8
494 1100 2
747 873 33
870 1127 8
1230 167 8
49 945 2
934 453 1
502 1166 2
502 770 2
1055 594 7
451 676 30
374 983 33
1570 119 8
917 377 6
45 905 2
199 536 30
387 39 7
618 393 2
395 92 8
592 1227 6
218 1070 5
417 879 9
485 158 6
501 1128 8
323 1070 5
1383 867 7
1394 1033 27
362 609 2
138 1446 1
1084 149 8
1129 1266 1
27 873 2
255 1097 7
40 908 8
227 138 1
125 1033 2
917 1376 2
361 315 2
980 535 30
601 191 2
978 357 30
543 1255 41
945 75 8
64 726 30
673 568 7
1037 377 8
1399 387 8
434 684 1
550 1439 33
1224 1507 1
479 980 3
900 882 2
383 1330 15
259 249 8
450 803 2
903 628 2
1247 1070 2
1158 59 8
450 699 2
396 598 30
206 729 2
179 293 0
1114 1214 2
997 1062 7
899 92 7
1114 1226 12
1114 1506 2
1497 441 66
441 730 8
993 1418 7
641 101 26
420 665 2
1266 97 8
770 1414 7
780 101 2
1254 387 8
99 1550 8
814 102 8
265 536 30
437 1086 8
557 92 8
385 1418 7
1080 603 6
1023 114 8
756 973 2
409 1077 2
591 1376 15
603 1227 52
1128 114 8
524 609 2
1554 1070 2
779 40 8
398 539 2
872 335 2
420 889 2
1329 533 3
654 255 2
1391 101 26
528 226 3
546 1403 19
497 233 27
503 831 2
1058 856 2
642 936 8
147 1075 2
1058 1252 2
192 65 8
269 259 2
1539 37 8
592 252 6
291 1396 8
847 21 7
864 92 8
1114 1208 0
65 97 8
226 960 31
377 297 2
568 728 6
1460 915 30
350 368 16
222 446 1
987 611 35
878 412 5
227 766 1
101 737 2
255 460 2
1252 1298 7
702 1197 7
1034 158 27
871 1314 5
951 852 8
125 350 2
519 546 30
1193 51 50
501 377 8
1206 720 15
873 823 31
1207 934 5
230 350 2
519 104 35
568 1389 7
314 325 2
1028 1338 2
923 447 2
1252 1568 2
447 1243 7
792 903 2
1382 83 7
1359 254 12
911 1128 8
565 112 8
737 1176 15
98 1619 7
1335 735 6
1502 23 33
185 145 27
689 139 3
990 651 12
1451 476 2
551 1525 2
409 667 27
872 1031 2
197 1243 7
503 856 6
368 851 30
1553 1418 2
906 1482 8
1216 1207 8
108 471 8
69 442 2
1231 114 8
867 247 2
995 671 33
1211 689 2
1312 793 8
65 460 7
328 3 8
236 755 5
328 341 3
111 1325 5
1076 259 2
557 350 50
1198 235 2
1145 412 5
199 83 8
729 759 2
1177 1418 27
528 808 8
284 604 2
287 350 2
49 494 2
360 1472 37
1138 1314 5
550 1105 0
847 1482 8
543 160 14
1153 1184 52
222 345 0
374 1575 2
619 1212 8
838 726 8
1363 658 0
950 471 7
1295 393 2
485 878 2
522 387 8
543 167 30
895 1070 5
227 998 1
1015 111 15
328 1335 5
1181 820 8
379 584 2
337 1405 27
1485 1404 2
1262 1062 7
934 622 1
1158 1342 7
135 213 8
766 393 5
945 25 2
1258 1418 7
125 978 2
501 568 7
980 480 30
1240 568 1
349 550 2
983 948 15
364 1550 8
1358 1436 2
116 1014 2
173 315 30
349 446 2
1540 1070 5
790 619 7
925 264 23
259 399 33
347 1376 2
540 1391 2
674 681 2
565 1037 2
1401 226 3
156 939 15
903 1198 54
903 177 2
135 437 8
185 1565 27
185 1169 27
661 677 2
681 1110 2
572 1070 2
1114 775 12
162 658 0
1471 1563 59
1266 88 3
1271 1170 0
762 233 27
281 272 31
1006 1345 2
442 213 8
65 1156 7
362 987 71
542 586 2
1210 303 7
911 377 8
706 519 35
396 31 16
307 476 2
185 1393 27
1502 810 15
533 226 2
997 939 7
318 1418 7
1227 1062 8
684 36 14
417 796 2
584 1126 16
191 1437 8
1128 59 8
434 1217 8
4 167 14
420 834 2
603 880 1
30 226 2
922 191 30
116 286 15
681 998 29
1080 859 2
267 1156 7
98 1239 30
309 116 8
982 437 8
1251 293 0
376 732 7
145 1450 2
784 910 77
488 856 2
524 191 30
625 387 8
147 556 2
860 393 8
872 1315 5
729 3 8
127 676 2
1084 53 34
738 341 3
479 450 7
499 213 8
450 273 6
1252 1243 7
873 761 15
1166 433 7
118 1062 7
584 1125 8
1029 233 27
1372 303 7
208 1507 1
1166 766 8
442 914 2
689 1125 8
102 875 6
551 908 7
454 974 7
442 1305 8
1015 852 2
1571 1314 7
491 1217 8
453 726 2
1152 284 2
424 153 1
570 377 8
903 1493 2
840 1239 30
501 1070 5
849 115 15
596 873 30
738 1335 5
1358 289 2
3 980 3
61 903 1
1497 1014 66
205 377 7
569 83 8
1232 646 48
869 1230 2
1439 315 2
917 50 70
1562 1101 12
1561 741 2
808 160 14
977 976 2
1446 1439 33
398 424 2
995 324 33
1333 808 8
309 421 2
1314 537 12
787 387 8
1209 1325 7
420 1457 8
996 341 3
195 92 8
1304 167 7
1446 444 23
1327 387 8
1527 1296 8
1284 1191 12
14 1355 1
1053 568 7
61 226 3
726 1340 2
33 689 2
48 541 2
831 890 2
486 910 2
1307 147 8
36 831 2
1394 235 27
445 1023 1
1339 845 5
1502 1087 2
29 1395 7
586 882 2
23 377 2
163 726 8
1129 1197 2
387 298 8
701 1468 2
1146 1181 7
55 1070 5
1028 1223 2
561 1114 2
80 1153 6
419 1475 37
851 1455 30
335 1418 2
908 568 7
240 455 2
125 1314 8
1135 153 1
314 898 2
976 781 30
144 54 8
604 1239 30
192 345 0
350 716 8
135 90 8
1009 812 2
812 1292 14
1355 1567 2
112 873 7
865 1070 5
903 122 2
108 820 8
681 367 2
1014 1127 8
750 845 1
447 1439 33
787 750 7
770 324 7
80 1418 7
108 1112 8
314 1122 2
789 54 8
1446 1575 2
619 960 31
981 101 26
980 504 2
995 59 8
613 903 6
1215 568 7
519 756 7
997 884 7
1438 1395 7
1329 1396 8
308 701 2
297 233 27
352 316 10
526 677 2
870 957 8
499 1250 2
136 1062 52
1515 681 27
841 722 2
1507 17 57
1314 1126 33
502 996 2
462 974 5
1230 685 8
454 251 41
1475 562 57
40 1161 7
395 219 2
601 147 7
26 423 2
500 219 2
1283 1355 2
619 1389 8
1404 98 33
145 1062 1
200 21 8
772 1145 77
780 1296 0
594 1225 8
23 609 2
1110 866 36
184 441 66
766 1070 5
1176 1127 8
1250 1191 12
702 795 7
421 642 30
596 92 8
1466 837 1
1255 584 2
951 54 8
235 763 2
1193 45 50
126 723 2
345 196 1
1446 1105 0
73 293 0
1377 568 7
223 1345 2
724 873 30
925 837 23
668 568 1
457 315 2
447 1575 2
1104 363 1
883 974 2
383 1126 30
1230 1162 2
550 1001 2
994 1496 12
1564 17 57
681 1287 2
687 32 8
1069 284 30
770 1582 2
303 1077 2
1357 347 33
1022 114 8
147 379 41
824 1014 0
1210 876 7
1534 1619 2
584 620 40
221 104 2
929 1014 0
279 551 27
1304 1491 7
928 1238 41
1333 65 8
548 255 2
621 182 57
1570 1437 8
1291 978 5
1438 65 8
424 1150 8
1314 1262 2
759 841 2
1380 551 20
309 366 2
750 31 2
86 65 8
303 1004 8
151 945 2
1119 272 8
267 1437 7
676 1292 30
65 292 2
872 848 8
377 591 2
393 739 27
102 1456 30
1281 603 6
768 1128 8
155 452 12
1007 546 35
1304 112 7
876 424 8
601 1171 7
836 1358 2
978 883 30
944 915 2
944 519 2
784 1191 77
747 1355 2
729 289 2
374 1173 2
830 609 2
601 1463 7
478 789 2
1275 1114 7
738 936 8
642 1456 30
852 1296 8
145 420 2
377 1310 8
1299 377 2
1307 92 8
447 1105 0
915 1480 1
940 829 7
930 681 38
852 185 39
279 750 50
450 846 6
349 1355 2
570 726 8
1372 876 7
1229 735 6
1100 594 10
454 1197 2
1319 1180 0
314 843 2
347 974 2
1357 1439 33
565 239 2
928 867 45
768 393 5
995 1342 7
768 1564 1
221 1196 2
960 976 30
820 948 15
916 102 8
200 1126 2
1191 130 5
1140 36 33
658 1212 8
1239 37 7
743 1395 7
350 139 3
1230 114 8
797 65 8
1239 766 8
377 908 6
69 272 2
657 1314 8
873 983 2
648 108 8
69 663 8
70 102 2
1114 201 12
30 681 27
1093 136 6
867 765 2
1409 808 7
826 441 0
190 350 2
1176 124 1
514 236 12
1230 384 3
867 1156 8
1402 1418 7
294 65 8
922 115 15
1394 980 27
485 1 6
1539 891 8
945 983 33
1335 226 3
995 228 8
721 555 27
377 888 23
350 1186 16
494 160 33
1298 387 7
1355 1214 0
1283 1404 2
88 226 3
91 450 5
291 881 3
707 1309 2
735 269 8
663 1480 62
359 254 12
646 1105 0
1488 543 1
377 1112 23
362 676 2
912 831 2
873 743 5
1238 1047 16
1307 1403 14
800 1395 7
1193 362 30
1114 683 0
108 732 7
117 1443 1
925 821 2
1466 386 1
254 481 74
687 1315 7
60 519 35
1176 1004 8
350 898 2
231 272 2
219 958 2
442 804 2
783 1239 2
1319 1477 21
1110 1472 37
193 377 57
233 800 7
914 26 2
576 940 2
1146 83 7
337 148 27
450 95 6
438 426 7
139 309 30
226 541 2
1360 65 2
1567 376 12
805 377 8
551 42 7
903 1482 8
208 974 2
191 1340 2
1025 1062 8
670 1550 8
1316 724 1
145 412 5
308 1446 2
457 291 8
945 1578 5
147 428 41
420 836 2
542 416 2
804 83 8
1219 1181 7
442 1127 8
202 756 2
1210 1217 7
639 642 2
1087 543 2
980 1077 2
112 108 8
441 833 8
441 437 8
368 1608 46
1250 1514 0
1219 1550 8
263 594 10
254 280 5
512 1070 2
91 376 3
359 226 5
16 1554 0
420 664 2
873 949 44
676 1341 30
503 314 2
226 470 30
646 355 8
925 489 15
1084 637 12
534 309 33
147 850 2
367 1062 7
147 454 2
841 189 27
499 512 2
267 218 27
492 726 2
540 68 24
1515 689 2
258 1314 7
1357 1105 0
45 393 2
176 387 2
1404 671 33
1193 1384 8
686 980 1
1496 239 38
150 393 2
1179 267 7
1076 26 2
155 713 2
568 503 6
393 114 8
543 432 15
1454 1507 1
494 119 8
1 903 6
56 1459 30
594 96 2
235 648 2
903 1495 2
447 1482 7
1187 1062 8
33 219 2
117 468 1
1547 1314 5
956 101 8
1328 855 5
142 551 2
681 1298 7
1008 1395 7
980 23 30
85 1450 2
544 684 21
1486 1181 7
1372 1217 7
337 88 27
301 709 77
931 387 8
569 377 8
594 23 8
337 380 27
812 98 14
903 1381 7
230 808 8
282 156 15
101 1127 8
226 1169 2
226 773 2
441 800 7
234 92 8
1155 139 3
1314 445 0
108 22 8
1483 102 2
905 685 8
808 355 8
1206 719 15
1197 743 5
980 667 27
1346 701 2
200 675 2
144 296 5
1010 936 7
1296 75 5
233 90 8
1451 980 3
519 359 1
540 762 2
322 646 8
978 1131 2
702 1070 5
910 961 35
200 607 2
398 942 2
661 147 8
750 1000 2
641 663 8
303 1577 8
1090 714 2
377 493 6
850 284 2
1550 716 8
872 1030 2
1355 611 34
420 80 8
291 165 2
1191 972 74
731 1062 7
737 600 2
155 1409 2
737 996 2
267 1242 27
292 841 2
1301 1389 7
1304 685 7
1174 882 2
1376 111 15
721 500 27
604 1140 2
1459 642 30
847 820 7
642 1341 30
145 701 2
592 1384 7
171 1086 8
603 792 2
536 1047 30
933 554 2
22 377 2
584 207 38
543 338 30
595 309 16
838 793 8
1084 265 8
450 1127 6
668 1062 5
127 219 2
258 609 2
720 789 8
23 499 2
925 474 2
1238 596 16
380 1035 2
1466 39 1
1042 26 2
449 1450 2
592 384 3
383 36 30
569 568 7
45 950 30
1253 1404 2
723 728 8
523 658 0
905 922 2
648 83 6
350 838 8
155 249 8
917 1419 8
101 53 2
230 726 33
592 883 50
1333 233 27
458 147 7
85 303 2
305 812 1
186 978 1
61 446 1
717 412 5
1442 915 2
328 433 7
872 1388 7
1539 1199 7
594 88 5
202 305 2
108 1340 30
1393 1325 5
287 925 2
83 1525 2
1014 1577 8
900 1217 8
328 766 8
441 90 8
1215 1086 7
1539 1491 7
805 1070 5
547 973 2
396 98 16
421 903 2
139 519 31
1304 1381 7
1131 251 55
191 1212 8
1561 576 2
269 945 21
66 681 27
869 309 2
836 1024 2
826 1014 0
721 836 27
503 259 2
768 376 3
117 375 30
841 1298 7
1545 1217 8
806 536 30
23 903 2
1326 101 8
1337 584 55
176 40 2
137 1217 7
1303 884 7
1187 387 8
503 191 2
226 347 30
1238 1292 16
446 139 5
91 1419 5
26 1337 2
117 307 30
973 301 19
726 883 2
1177 442 27
1382 412 5
790 658 0
495 808 8
379 987 2
1062 1389 8
1024 461 1
393 59 8
1155 1125 8
968 1014 0
662 1472 5
1460 584 41
135 908 8
1466 959 1
681 1243 7
502 1496 41
489 387 8
596 1556 44
862 1070 5
789 201 12
692 646 8
1024 1122 2
337 33 27
1035 52 8
707 102 8
867 1047 16
790 1314 7
671 873 2
450 1443 2
906 937 7
1230 1342 7
905 239 2
849 286 15
726 1500 30
1346 750 2
80 565 7
281 1450 27
995 167 33
1317 568 7
999 808 7
314 269 2
996 790 22
594 716 5
992 1418 7
197 1004 8
447 21 8
605 393 5
141 858 9
978 1076 2
1209 808 7
410 701 2
1449 1418 2
1128 462 8
747 1357 2
1204 1217 8
534 950 33
297 882 2
657 808 8
1192 1070 7
661 92 8
988 108 8
1462 92 59
1329 881 3
676 1518 30
1025 1014 0
494 77 2
872 975 2
915 1204 30
499 397 2
729 479 2
1376 527 1
284 324 2
1179 1304 7
350 784 16
988 40 8
1246 663 57
502 831 2
558 441 0
1029 272 20
607 831 2
738 766 8
600 1045 2
1383 240 7
560 1419 5
945 209 2
255 516 2
594 39 7
631 147 8
841 588 8
1500 684 2
1138 1403 6
1026 393 2
565 533 2
1003 594 10
392 393 8
3 1176 7
20 1206 7
524 1231 41
259 187 33
444 417 5
925 419 2
901 1472 37
1035 289 2
546 1446 1
1024 1004 27
609 21 8
1346 1446 2
913 663 7
923 1191 2
598 1086 8
1436 1070 5
1080 1314 5
812 671 14
221 1026 2
667 1011 2
185 889 27
233 1127 8
519 1000 1
592 1224 50
1357 209 2
205 1176 7
1474 315 2
541 681 27
1225 155 48
641 1309 2
540 647 2
882 911 2
774 409 2
878 83 7
207 278 2
417 1081 27
311 348 7
946 140 62
639 240 2
192 735 6
720 441 0
737 1345 2
192 1114 2
763 233 27
190 540 2
318 1140 80
42 412 5
602 519 35
402 1550 8
1328 355 7
1117 102 8
189 291 8
1231 462 8
62 1062 7
1316 546 1
555 291 8
317 1227 8
701 899 5
84 147 2
485 623 6
514 1138 2
978 33 2
861 377 2
39 377 6
1278 446 1
1176 246 1
841 893 2
603 1037 2
1075 259 2
158 882 2
393 1342 7
1287 1328 2
446 311 35
14 155 1
957 255 2
387 728 7
14 447 1
391 350 2
421 485 30
1059 1197 2
495 65 8
609 722 2
266 309 33
1383 1556 7
148 974 7
329 866 36
255 1436 2
594 959 7
594 1396 8
499 37 8
729 119 8
450 97 6
1393 197 7
476 1554 2
1037 383 2
135 957 8
982 1105 66
939 119 8
1036 350 2
568 325 6
1160 284 33
749 293 0
348 154 2
1079 160 30
952 50 14
442 1030 2
119 1062 7
1304 668 5
1328 1237 36
1252 936 8
867 596 16
468 309 33
272 222 15
255 52 8
653 1355 2
592 1456 50
903 916 8
286 489 1
292 1070 5
421 1252 2
651 1592 38
1197 341 5
441 1127 8
269 519 25
769 978 2
672 648 2
208 1550 7
526 1252 2
551 898 2
202 586 2
1136 533 3
420 183 6
84 1239 2
257 658 0
681 347 33
417 502 27
643 875 6
540 360 2
148 1014 0
859 1553 2
872 300 2
295 1114 2
409 1078 2
1176 179 15
823 915 30
1570 1212 8
315 890 2
396 671 16
657 65 8
747 568 7
1106 950 33
869 882 2
917 1325 5
592 321 6
867 308 2
609 1126 2
1084 1247 2
16 657 21
872 628 2
176 681 2
763 291 8
847 90 7
267 1212 7
1499 417 5
643 1577 8
226 988 30
996 119 8
747 191 33
657 393 8
58 677 2
3 996 10
642 833 8
1047 681 27
618 976 7
713 1070 2
1380 485 2
226 961 31
226 524 30
361 1304 2
380 701 2
348 517 1
729 59 8
33 409 2
890 485 30
1078 1217 8
350 1424 2
127 1024 2
631 92 8
872 1337 20
1037 1011 2
720 387 8
551 223 26
1024 1367 2
688 1252 2
590 282 2
825 387 8
25 1062 8
1472 582 57
489 272 8
808 258 2
988 303 20
701 792 2
672 1052 2
28 808 8
934 719 8
415 226 5
1550 1578 5
155 453 34
709 1307 13
1232 770 48
231 1418 2
804 568 7
1133 233 27
795 533 3
681 1439 33
417 1198 27
1232 1062 48
894 1450 2
1031 882 2
592 877 50
619 480 51
1444 1447 2
774 26 2
98 309 7
108 936 8
185 834 27
185 438 27
1128 1207 8
1230 1584 28
323 1314 7
624 945 1
423 882 2
1010 766 7
681 1371 33
44 1513 1
1239 150 2
356 1014 0
1215 684 7
906 172 8
1114 360 2
232 1472 5
1397 441 0
1082 1166 2
449 412 5
1312 1086 8
65 357 7
65 753 7
277 1314 2
841 546 2
328 296 8
1108 83 8
84 92 2
167 1345 2
494 650 2
519 1091 64
536 1341 30
1213 83 8
701 513 26
729 1052 2
393 1333 2
494 1437 8
505 723 2
829 1128 2
995 3 8
737 1217 8
594 1018 2
147 1554 7
290 92 8
558 1014 0
303 28 8
152 609 2
607 1404 2
914 101 26
603 914 2
927 1197 1
551 1578 5
255 693 2
309 1094 30
222 1070 7
519 1139 30
4 1210 6
663 572 5
300 284 30
835 417 2
568 46 6
1062 533 3
775 754 5
707 1376 2
1172 65 8
125 233 27
531 750 30
115 298 1
1402 147 8
1371 1395 7
26 471 2
696 1496 2
56 606 30
1520 83 8
925 992 2
950 85 45
856 18 8
349 447 2
366 873 2
454 393 2
455 1033 2
240 803 2
772 401 77
1025 910 2
1171 63 8
721 421 9
99 1231 7
994 721 57
870 338 5
259 533 3
506 412 5
459 1396 8
238 26 2
135 730 8
223 309 2
315 611 2
882 796 2
1120 197 8
1455 284 2
147 203 41
233 75 3
979 1418 2
551 843 2
1336 1062 7
1230 855 3
829 658 0
720 1014 0
411 543 2
1214 568 7
1403 88 5
638 519 2
55 1079 2
65 1381 7
1411 83 1
618 1035 2
833 1062 7
1071 1652 2
1403 1213 6
870 1305 8
729 1342 7
872 177 2
721 958 27
1084 1583 8
913 1230 5
872 172 8
726 1073 2
982 42 8
616 393 2
347 1325 5
589 1181 7
651 464 40
450 1194 30
271 314 2
1054 1450 2
888 286 15
1037 1024 2
681 1105 0
928 646 7
148 1496 69
460 272 31
240 1161 7
127 677 2
1502 460 2
93 876 57
1122 101 26
374 562 23
147 849 2
726 1396 8
688 905 2
852 726 30
996 720 15
147 1578 3
808 307 2
453 1191 2
327 684 1
28 65 8
361 785 2
770 994 5
1252 1577 8
449 701 2
701 1133 2
672 1393 2
125 291 8
363 444 2
1246 584 12
453 973 58
1316 432 15
138 974 2
417 455 27
284 464 14
1444 1100 2
1136 80 8
561 315 2
882 1424 2
672 883 7
1114 81 2
1355 452 12
772 959 7
92 344 2
392 939 15
240 47 8
624 494 1
1022 462 8
872 581 2
369 726 30
658 932 8
778 393 2
326 101 8
396 952 16
1447 1070 2
326 393 8
642 1479 2
873 1099 2
1277 646 5
273 681 27
681 355 8
289 677 2
255 1375 27
974 1554 2
345 683 0
1518 568 7
291 39 8
85 65 8
543 471 8
1305 808 7
252 903 27
893 976 30
1390 1329 1
1119 726 30
594 275 2
1441 253 2
1304 460 7
754 796 8
181 101 8
494 264 23
1397 750 7
555 1325 5
40 471 8
272 1127 8
1085 446 13
1173 363 2
1259 1308 2
475 681 27
1047 689 2
368 1168 2
4 863 6
1500 514 2
393 855 3
1193 80 8
383 765 39
476 68 2
552 345 0
148 514 2
565 759 2
657 345 0
808 539 2
364 808 8
1402 92 8
1240 135 5
240 456 2
918 701 2
485 355 8
1140 160 33
1474 609 2
772 346 77
1468 1206 7
253 387 8
147 139 3
447 552 2
540 1337 2
1166 972 39
982 727 5
417 1375 27
593 393 8
1023 1384 8
581 980 2
897 1314 8
673 729 2
1014 1420 8
632 446 1
1136 1396 8
305 1024 2
910 97 8
1090 1243 7
317 1125 8
308 770 2
898 387 8
915 21 8
1325 1384 7
1230 462 8
1357 53 34
233 1577 8
1444 349 2
328 937 8
1304 1260 7
780 284 2
183 980 2
388 1475 37
1328 523 2
859 1047 2
676 320 19
1304 1156 7
420 488 2
68 272 2
729 1333 2
1176 472 1
1295 1035 2
117 546 30
849 789 2
411 420 2
285 350 2
689 1417 27
239 681 27
605 976 2
707 619 27
1326 272 8
628 147 8
390 291 8
154 1418 7
1131 115 15
240 1152 2
115 183 1
772 1146 77
147 502 2
760 1475 5
663 1541 5
127 284 7
1480 1274 12
523 115 15
34 1593 38
265 793 8
793 634 48
220 1496 53
586 200 2
808 1459 2
978 480 30
1455 1507 1
876 1129 5
202 1469 47
1538 1070 5
102 1200 2
795 1396 8
1009 1395 7
1230 1163 2
1035 119 8
696 393 8
221 569 2
112 191 7
226 889 2
752 412 5
314 148 2
334 226 3
286 611 1
1550 1482 7
303 1078 2
82 1252 2
905 743 3
1225 1301 48
730 851 30
777 770 2
1084 1541 2
872 922 2
790 147 8
425 1062 7
530 274 12
1000 950 33
763 882 2
1079 779 7
542 1056 2
417 228 27
536 150 2
1341 393 8
1553 1309 2
1444 1269 2
915 1047 30
16 1214 0
982 787 8
1304 181 7
642 1127 8
59 1197 2
524 1128 2
658 855 3
267 1030 27
77 102 8
872 458 2
1090 434 2
1314 775 12
1354 1514 0
374 858 12
747 1419 8
285 978 2
1177 1309 27
147 1198 2
750 355 8
980 437 8
227 957 1
704 499 1
651 1037 40
738 937 8
642 1457 30
1127 1325 5
363 59 7
551 384 5
858 393 8
870 1315 5
1302 65 8
707 974 2
259 1073 2
150 1033 2
337 900 27
27 808 8
1398 101 8
594 835 8
218 1316 7
925 590 2
1028 1565 2
306 412 5
128 219 2
1166 75 3
259 1396 8
411 412 5
1138 808 48
428 1496 2
592 311 50
917 651 69
226 1121 2
1155 149 8
293 728 7
671 1230 7
315 1416 2
1128 938 2
681 209 2
334 808 8
1114 666 12
910 1307 13
879 940 2
301 200 1
447 820 8
447 424 8
377 1305 6
1215 910 7
980 1138 2
995 297 8
636 808 7
69 565 2
1376 631 15
879 872 2
976 1098 2
1404 443 12
315 32 8
254 3 10
670 519 35
420 32 8
671 1608 46
514 908 8
462 1316 5
1465 1557 5
1181 719 8
1295 980 2
611 1274 2
170 1550 8
728 646 7
502 1234 2
35 729 2
494 837 23
1291 940 2
626 235 2
550 1578 5
140 729 2
1472 1504 57
918 1446 2
1326 1325 5
701 1004 27
222 1197 1
1414 83 8
772 1091 77
772 695 77
388 1062 8
255 1211 2
568 168 6
599 226 3
167 83 8
147 384 3
1479 1309 2
601 317 7
1039 1024 2
104 681 27
205 1355 7
1274 1428 75
681 1009 2
701 335 2
1171 685 8
31 1403 14
458 609 2
415 976 5
915 334 1
240 1420 8
534 340 62
907 340 2
689 958 3
761 903 1
1040 92 8
301 374 77
863 1070 5
78 619 27
1316 346 5
82 905 2
226 438 2
1474 1114 2
847 1208 0
672 423 2
551 1069 2
551 673 2
724 925 1
80 681 7
442 1029 2
70 1446 1
506 903 6
1108 568 7
279 1166 1
360 1070 5
1093 1125 6
980 1078 2
978 504 2
1176 338 5
1213 568 7
437 1550 8
156 446 1
83 270 2
417 569 27
995 1321 8
699 1170 0
190 233 27
1424 1550 7
279 393 27
606 1114 1
88 882 2
658 462 8
514 1541 2
291 1199 7
876 42 8
398 607 2
387 1199 7
291 1578 3
1264 1475 37
1330 676 29
285 235 2
655 1062 8
721 1184 27
761 226 3
371 1395 7
233 899 5
377 933 2
726 1299 2
913 350 30
115 1220 1
9 412 5
115 61 15
1174 255 2
163 393 8
26 1393 2
1550 21 8
147 1097 7
1520 568 7
592 320 6
747 1296 8
873 1307 14
607 155 2
1166 1457 8
772 1323 77
701 1031 2
907 1140 2
1336 594 5
1191 610 75
923 687 2
1337 1084 21
1207 1070 5
831 1073 2
1174 83 2
255 627 8
596 1062 8
1561 1244 36
565 854 27
450 792 6
523 1376 15
599 808 8
235 1337 2
244 1296 8
1472 753 57
215 1457 2
358 1231 17
463 350 2
1375 568 7
335 1309 2
441 1161 7
267 269 8
672 1515 2
255 163 8
914 259 2
1481 485 33
226 774 2
101 1420 8
796 646 8
1371 476 29
997 551 7
997 155 7
286 1184 1
1355 347 33
1010 937 7
1014 1310 8
638 1395 7
772 685 7
233 487 8
1446 732 7
540 763 2
867 779 2
872 1495 2
1499 550 10
83 502 2
185 541 27
978 1424 2
404 1453 2
1215 459 7
859 1041 2
647 26 2
54 1450 2
69 568 7
855 255 27
867 711 2
83 1581 8
1329 891 8
1316 307 2
499 98 33
1314 129 2
636 1086 8
494 821 2
277 1101 12
704 1140 1
870 848 8
1084 42 8
452 225 5
761 808 8
494 1212 8
369 681 27
1084 730 8
1527 1419 8
32 603 6
1249 393 5
823 272 31
727 446 2
116 83 6
707 859 2
1271 1140 2
1305 92 8
536 1340 30
841 936 8
1015 179 15
122 350 2
485 1337 8
233 918 7
162 309 33
594 1116 8
350 516 2
630 147 8
1035 1393 2
237 499 1
241 476 2
1239 911 31
1039 677 2
550 1397 0
1158 244 8
1026 1033 2
756 1325 5
1014 1381 7
584 273 8
980 944 30
876 727 5
83 223 26
784 282 77
658 1125 7
206 619 27
658 1422 1
127 147 8
804 1309 2
228 426 7
1355 1439 33
1252 661 2
447 732 7
1466 264 1
1093 846 6
106 374 2
1330 4 1
219 1196 2
1155 326 8
324 350 2
555 420 2
203 600 2
1217 833 48
1215 1155 7
191 890 2
939 63 8
1316 670 1
976 1447 2
872 1389 7
454 387 8
1019 259 8
789 474 2
1227 1239 2
551 618 2
1444 179 2
1003 282 23
559 387 8
542 654 2
1570 244 8
1009 1550 8
1446 983 33
43 603 52
409 798 2
1570 932 8
395 514 2
859 1565 2
538 568 7
1458 1252 30
824 441 0
1404 1016 12
1177 219 27
976 68 2
24 1170 0
929 441 0
506 1550 8
399 540 2
279 1376 2
721 1525 27
1394 1450 27
915 1294 21
754 47 8
1176 1381 7
155 727 2
877 663 8
499 62 2
35 568 7
982 213 8
164 1217 8
1438 226 3
330 1070 5
233 513 26
147 1088 2
86 226 3
811 1166 1
202 206 39
64 851 30
269 663 8
928 1155 2
592 265 6
91 1316 5
142 565 2
847 471 8
349 1314 2
1277 65 22
341 101 26
315 539 30
784 1374 77
442 338 5
1376 124 1
150 235 2
373 770 2
729 904 9
337 498 27
350 381 16
646 1348 21
31 600 44
1527 272 8
599 65 8
702 1314 7
135 1305 8
701 616 2
355 1418 7
1090 311 35
218 1252 2
218 856 2
934 881 3
381 772 14
642 883 30
1404 718 10
880 396 41
677 1488 2
200 911 31
116 102 8
247 789 2
744 1446 1
104 689 2
29 808 8
337 722 27
582 259 8
221 399 2
1444 1271 2
624 851 30
1140 246 2
1181 1245 5
447 983 33
1261 387 8
990 565 57
1450 763 2
1460 1007 2
311 974 2
643 1327 6
1136 881 3
546 1376 2
856 261 21
1210 1395 7
233 36 8
978 1077 2
1093 95 6
221 623 2
897 393 8
848 412 5
83 843 2
406 976 7
1044 255 40
750 258 2
261 594 10
309 588 8
1313 1550 8
501 681 21
377 43 6
485 1203 6
847 834 7
1564 999 19
1090 614 7
761 65 8
841 662 2
873 212 44
952 1230 7
53 1101 2
377 1110 2
158 255 2
101 338 5
499 702 12
1230 265 15
1275 945 7
944 642 2
514 42 8
154 903 2
186 92 8
852 1419 8
259 1299 2
145 543 2
586 1450 2
340 1482 7
594 670 2
476 531 2
1230 489 15
1188 476 50
530 1170 0
582 1252 2
377 998 29
1155 47 8
808 606 2
684 1506 2
1177 793 8
287 396 30
563 1418 7
1358 1449 2
792 1252 2
772 121 77
1354 1355 2
127 92 8
1317 1166 1
102 347 2
442 357 7
228 808 8
795 881 3
1252 210 2
519 1001 1
1483 676 2
823 646 8
714 309 14
886 259 8
139 200 30
108 888 8
978 667 27
651 569 38
441 104 8
507 412 5
454 40 8
1329 1199 7
423 1230 2
689 46 8
442 231 2
1183 1325 5
878 26 2
543 947 2
595 1070 5
906 228 8
1090 1310 7
846 903 6
681 53 34
272 111 15
1152 412 5
684 1208 0
171 1395 7
738 1468 2
227 720 15
1301 32 7
55 65 7
499 671 33
676 3 29
434 1230 8
367 1472 37
393 1384 8
1541 282 2
494 1389 8
602 568 1
383 285 2
553 70 35
980 1583 8
1015 820 15
736 1217 8
902 1070 5
162 950 33
38 732 48
237 1140 1
205 340 77
1160 1418 7
908 603 6
362 903 2
836 793 8
150 284 2
577 872 2
1259 4 2
543 1204 30
1377 808 7
314 223 26
1526 387 8
772 1213 77
233 1491 7
499 330 8
285 1230 20
479 1296 8
1303 226 3
1466 509 1
117 359 1
581 1550 8
592 958 3
390 396 30
762 1418 7
1316 244 5
1527 1325 5
259 152 2
1358 78 2
1266 167 8
102 1371 2
1469 646 7
563 677 2
1485 374 2
228 1395 7
910 527 7
259 881 3
102 929 7
447 1247 2
337 271 27
609 1340 30
464 65 8
1031 646 8
441 1420 8
147 947 41
1411 603 1
88 442 7
1329 562 2
870 1388 7
291 1097 7
1023 116 8
1293 995 1
417 399 27
1570 817 8
978 626 2
328 75 3
279 619 27
657 363 2
995 45 33
1114 129 2
1437 1316 7
718 293 0
524 903 2
1536 1062 7
398 437 2
847 487 7
176 682 2
1084 893 33
1414 568 7
638 1550 8
1394 420 27
214 417 5
158 200 2
727 1355 2
754 958 3
391 233 27
267 1133 27
622 1403 19
129 473 1
721 391 27
42 770 2
385 1062 8
439 577 30
601 1239 7
1177 519 2
48 262 2
1110 1070 5
255 66 2
24 446 2
595 1062 8
1193 809 50
1358 1375 27
594 323 2
1256 872 83
831 1299 2
335 1166 1
717 543 2
598 808 8
999 313 77
626 65 8
1239 1557 1
940 501 7
586 603 2
1036 233 27
428 284 16
555 272 31
966 1014 0
565 479 2
101 1381 7
117 591 1
424 925 0
1045 677 38
519 840 30
917 987 2
1303 808 8
988 934 15
1140 1283 2
460 726 2
1140 264 23
485 471 8
1128 1177 2
213 568 7
565 411 2
442 1555 2
1382 377 7
800 417 2
314 911 2
1257 183 2
102 292 2
1001 363 2
62 866 36
800 808 8
982 51 5
903 239 2
805 1128 8
576 83 8
1333 1230 2
108 833 8
1232 995 48
1451 770 2
410 1239 2
641 859 2
867 1005 2
417 93 1
211 259 8
1316 560 1
1443 1446 2
35 1550 1
199 450 2
81 446 2
859 1163 2
1188 1550 7
980 908 8
1303 551 7
154 1252 2
303 97 8
531 1114 2
1295 651 53
271 1358 2
729 1449 2
729 1053 2
950 833 7
1436 677 2
721 623 27
451 915 30
805 393 5
384 532 7
805 1564 1
285 65 8
738 75 3
497 882 2
849 185 39
841 766 8
775 755 5
391 291 8
598 1395 7
374 558 2
23 726 2
1176 848 8
350 1138 2
144 471 8
699 200 33
56 607 30
255 1377 8
911 83 1
192 1153 6
148 147 33
665 1079 2
1250 873 33
915 150 2
218 350 2
551 620 2
899 795 7
267 379 55
606 851 30
925 611 34
551 912 2
1004 795 7
583 101 8
968 441 0
383 451 30
930 872 40
792 514 2
552 284 33
850 1062 52
679 83 8
1450 1568 2
547 872 2
492 1191 10
1355 209 2
447 1583 8
98 1230 7
1291 50 14
997 1301 7
1128 129 8
125 226 3
442 507 8
546 974 2
1488 267 55
1283 1507 1
450 998 29
542 484 2
743 92 7
307 374 2
133 1062 5
1304 1212 7
1132 393 8
1014 97 8
594 899 5
173 1376 2
192 377 2
267 854 27
618 995 1
40 1578 7
745 278 2
925 265 15
856 1184 2
729 78 2
98 1608 46
835 1114 2
519 13 64
905 1131 20
313 54 8
191 574 44
685 412 5
172 663 8
377 1000 2
241 1357 1
945 368 33
514 893 33
1246 554 57
978 604 30
944 240 2
847 743 3
604 976 2
1025 441 0
478 568 7
592 95 6
642 781 30
772 1098 77
1171 1156 8
1299 494 2
1251 1357 2
729 297 8
536 883 30
1061 254 12
938 314 2
1376 246 1
248 973 74
160 851 30
1158 702 8
365 1217 8
336 603 6
337 620 27
565 86 7
1252 1479 2
1303 65 8
1250 282 23
295 658 0
392 226 3
704 542 7
155 742 23
689 1424 2
454 976 7
218 978 2
1028 889 2
546 603 6
558 254 12
672 952 7
418 676 30
1176 97 8
1472 627 12
1316 1109 5
647 101 26
789 1000 2
594 533 3
1164 387 8
1084 1187 0
9 1550 8
49 1514 0
255 626 8
800 65 8
233 330 8
1039 147 8
95 847 2
290 1070 5
441 1305 8
1287 293 0
417 1436 27
172 995 1
681 424 8
1253 83 8
1506 1376 15
1553 619 27
1239 533 3
1439 609 2
681 716 8
1454 65 2
1090 908 7
763 1230 2
248 376 5
151 1475 37
62 1472 37
980 899 3
154 905 2
381 1376 2
979 272 2
303 88 3
1489 293 0
961 925 1
1166 1199 7
303 42 8
494 992 2
527 1217 8
117 1126 30
251 368 16
291 728 8
855 672 2
1230 59 8
843 1358 2
1166 1491 7
1416 450 2
494 1284 2
1339 1207 5
147 1500 7
934 241 1
436 646 5
1475 228 57
1085 447 13
1024 471 20
290 726 8
910 338 5
171 1550 8
446 1578 5
772 123 77
729 1321 8
240 421 2
321 856 52
1382 726 7
1339 1431 5
1271 200 33
210 101 26
42 676 50
1327 1325 5
634 1070 5
565 1052 2
1252 504 2
233 1381 7
914 1418 2
1487 568 7
288 293 0
349 789 2
126 92 8
1525 1230 20
1503 291 8
458 387 7
1140 837 23
592 114 8
1171 743 3
1354 789 2
1028 206 2
789 25 2
923 102 8
1024 166 2
1029 882 2
936 92 8
880 873 16
66 233 27
551 497 2
1025 387 8
1100 1114 2
915 22 8
389 115 15
61 910 1
333 808 8
1317 551 27
420 849 2
551 883 14
1315 735 52
109 83 8
996 1389 8
789 244 8
980 798 2
1308 1210 6
642 505 2
983 940 2
446 606 35
502 1358 2
69 1309 2
1437 856 2
278 1029 2
74 26 2
1128 298 8
850 1376 2
278 1321 2
148 441 0
503 723 2
731 551 7
731 155 7
657 226 3
934 1265 1
267 335 27
191 1282 30
1172 1062 7
1461 309 30
372 1395 7
321 65 8
876 90 8
601 441 7
1506 446 2
747 1062 3
912 101 26
1274 1511 74
701 855 2
619 80 8
893 948 15
1146 568 7
1062 728 7
30 689 2
1556 311 35
349 1101 12
718 554 23
1162 291 8
568 912 6
337 273 27
127 915 2
841 28 8
1413 83 8
228 233 27
1505 147 8
447 1541 2
1224 873 16
1024 1258 2
1518 83 8
450 908 6
1247 1274 12
142 272 2
582 102 8
450 1287 2
235 661 2
36 987 44
32 793 8
978 1152 26
20 646 7
183 1325 5
441 1323 2
1374 1454 2
563 903 2
1028 834 2
271 83 8
524 1376 15
867 823 16
1176 88 3
1300 1507 5
1266 685 8
1133 1230 2
752 377 5
337 497 27
231 1309 2
805 376 3
101 848 8
902 619 7
417 693 27
141 702 9
1039 92 8
172 689 2
97 808 8
116 1168 55
1290 929 57
514 1187 0
254 1489 5
707 1314 5
1554 1274 12
406 459 7
417 625 27
362 251 71
1446 790 2
387 881 5
1232 255 2
1296 88 5
1304 578 7
519 809 2
915 1340 30
267 1031 27
859 365 2
750 424 8
616 1035 2
541 1550 8
916 412 5
315 139 3
867 35 2
1550 833 8
847 213 7
1409 812 2
1183 1570 7
335 393 5
1230 675 55
1230 279 55
420 139 3
543 21 8
603 581 2
1058 980 2
377 506 6
980 88 3
36 450 2
1179 684 7
1084 158 8
291 277 8
631 387 8
1499 494 10
628 677 2
1304 406 7
980 42 8
1174 603 2
934 186 1
263 1114 2
40 813 8
317 1415 5
484 1328 84
830 903 2
980 440 30
458 272 31
681 1348 21
259 678 2
252 677 27
1259 1150 2
568 1144 6
543 1131 20
536 1456 30
703 485 2
1055 259 7
1166 694 39
337 1152 26
594 440 8
446 1245 37
335 619 27
256 147 8
878 101 26
1252 53 2
361 147 8
502 536 30
1479 974 2
527 135 5
910 1381 7
1025 108 8
661 1033 2
108 1127 8
148 387 8
799 808 8
311 1404 1
1391 1296 8
383 829 20
804 1128 8
726 533 3
325 476 7
1349 315 2
322 1418 7
778 1035 2
592 604 50
1458 251 2
438 92 7
112 1450 2
1025 40 8
223 200 2
82 278 2
1304 837 6
555 536 2
677 116 2
1447 309 33
333 65 8
420 502 2
563 147 8
199 676 2
383 34 41
328 533 3
1190 1166 1
1308 863 6
328 487 8
749 1181 7
197 97 8
110 168 19
115 813 15
1449 219 2
995 298 8
1170 1421 1
494 853 12
409 914 2
272 277 21
197 75 3
1538 1314 7
558 925 10
1329 32 8
450 861 30
646 21 8
1084 390 8
872 167 8
1278 910 1
157 1516 2
594 849 2
191 1220 14
1468 658 66
391 882 2
872 63 8
285 291 8
383 60 2
1335 1290 5
115 489 1
108 324 5
594 1491 7
754 59 8
278 1292 14
272 595 33
26 662 2
1391 1309 2
978 890 30
1037 519 2
374 388 2
345 211 1
480 974 2
1516 1031 2
485 898 2
602 1062 7
1035 1449 2
95 658 0
147 47 8
772 1384 77
1402 1062 8
605 750 2
726 891 8
1024 911 2
337 218 27
390 65 8
1505 92 8
1466 680 1
862 441 0
1258 272 8
674 950 33
847 1335 5
489 108 8
687 47 8
1259 102 8
226 1004 27
810 663 8
1239 1073 2
337 150 27
1354 155 2
806 1024 2
551 1138 2
459 1227 8
860 1325 5
769 735 6
219 1148 2
1023 355 8
855 191 30
1481 459 7
982 369 1
1295 1325 5
449 420 2
727 554 5
913 26 2
808 21 8
1230 1396 8
1114 1575 2
759 856 2
1003 1357 2
1283 1296 0
315 1125 8
869 726 2
514 1132 0
804 377 8
39 412 5
635 1314 7
1355 53 34
420 1026 2
514 1226 12
1084 1482 8
1289 293 0
32 1314 5
877 1084 2
485 223 26
491 1475 37
297 603 2
1209 1217 7
45 651 53
183 197 7
974 1445 2
922 315 30
1337 726 8
117 724 30
499 118 2
315 1455 30
643 88 3
374 1480 2
1177 859 27
35 1358 2
293 581 3
1124 772 14
1084 1310 8
281 1496 55
1404 77 2
374 753 23
167 1176 8
54 255 2
135 1388 7
721 166 27
738 533 3
1421 102 8
601 1014 7
54 646 8
1316 341 3
592 613 6
575 1358 2
102 1509 1
434 1070 5
1252 667 27
939 1279 8
271 729 2
938 540 2
1376 472 1
592 1342 7
841 210 2
148 108 8
594 489 8
138 873 2
594 52 7
1296 1396 8
1413 1472 5
227 1127 1
797 1418 7
1152 476 2
337 1138 27
642 338 5
1350 374 1
679 568 7
1564 264 57
620 485 30
939 815 8
53 750 30
905 1052 2
148 40 8
1171 3 8
1171 341 3
442 1388 7
1374 424 2
1371 808 8
42 102 50
219 569 2
778 980 2
108 1050 3
124 808 8
334 363 2
982 1388 7
447 730 8
116 1345 55
98 377 7
108 1004 8
1359 284 33
515 681 1
650 1444 2
1232 1166 48
1136 891 8
995 1204 33
1329 1315 7
1022 1377 8
1171 1335 5
563 92 8
485 1578 5
279 1418 27
207 291 2
1392 293 0
620 1252 2
318 1296 8
960 925 1
462 934 5
25 441 0
978 114 2
1231 183 8
318 1153 80
1082 1234 2
850 974 2
1312 1550 8
1420 770 2
388 789 2
437 404 8
1416 676 2
721 502 27
158 603 2
1169 856 2
599 1114 2
499 1388 7
393 1396 8
216 976 30
1055 1296 7
370 757 2
262 255 2
1125 1325 5
172 102 8
1005 658 0
1221 1325 5
723 803 2
1180 663 8
584 501 38
277 102 8
476 983 2
533 284 30
148 1033 2
841 833 8
1259 120 2
1374 1120 2
582 1496 53
241 873 2
258 903 2
525 481 9
877 1472 5
601 309 2
53 65 8
350 908 8
1161 1418 7
135 183 2
1024 460 2
126 219 2
372 1550 8
1082 272 20
978 704 31
681 1247 2
1191 1065 5
1239 622 2
311 374 1
795 891 8
853 376 5
648 377 6
1253 191 33
222 92 8
1338 350 2
272 631 15
186 980 1
696 226 3
421 973 2
3 83 8
672 31 7
1415 663 57
1214 808 7
526 973 2
476 1204 30
651 1605 38
988 1450 2
658 39 7
658 80 8
291 1213 7
1446 388 2
1124 102 8
1436 856 2
421 905 2
592 170 30
420 1367 2
233 97 8
721 1198 27
877 1128 8
46 377 6
424 646 8
16 1105 0
153 824 57
941 903 6
974 1098 2
1200 789 8
1200 393 8
16 1397 0
841 1242 2
1098 40 8
1337 1238 55
147 355 7
122 284 16
23 1197 2
1398 543 1
377 1371 33
726 1199 7
847 81 2
820 1418 7
122 233 27
380 26 2
449 108 1
366 1345 2
1330 450 29
945 1577 8
689 929 7
899 974 7
641 1314 5
360 677 2
271 377 8
703 83 2
471 808 6
704 723 2
266 950 33
77 1325 5
1079 577 30
36 663 8
599 363 2
491 1062 8
1373 1062 7
255 78 2
337 395 27
688 973 2
903 1338 2
25 387 8
1493 856 2
672 773 2
862 1014 0
939 1156 8
565 27 53
226 1080 2
813 1086 8
737 536 30
102 1381 7
723 47 8
1069 872 30
730 750 30
1210 735 6
254 474 75
789 1567 2
259 891 8
259 495 8
442 937 7
546 1404 1
459 139 3
1468 646 7
780 374 1
109 568 7
789 444 23
592 598 50
101 929 7
226 616 2
1313 412 5
417 1211 27
185 555 27
185 159 27
642 1381 7
384 1325 5
550 637 12
1160 1514 0
200 622 2
343 663 8
1395 1578 5
191 208 2
472 83 8
910 848 8
317 273 8
1446 236 12
658 1396 8
1336 155 7
620 905 2
107 259 8
651 166 38
977 1395 7
409 116 2
1014 1567 4
499 1447 2
1262 1475 37
48 782 2
603 411 2
303 213 8
36 676 2
981 1309 2
1179 910 7
514 804 2
847 1127 7
729 1169 2
65 766 7
729 773 2
731 1301 7
255 878 2
594 739 2
1413 568 7
112 412 5
42 1176 7
721 739 27
374 942 33
670 1472 37
23 514 2
934 1199 7
128 514 2
784 4 77
1085 910 13
934 1491 7
271 568 7
834 350 33
259 1196 2
726 139 3
1488 872 2
554 265 15
1098 1319 21
912 723 2
268 83 8
568 59 6
565 1223 2
455 83 6
808 607 2
373 83 8
543 922 41
1304 402 5
1564 837 57
808 957 7
1475 34 12
1240 978 1
730 65 8
240 524 2
1122 565 2
468 393 8
468 789 8
1136 1199 7
782 905 2
677 806 2
116 1419 8
442 300 2
74 101 26
540 1405 2
1093 792 6
900 841 2
377 1105 0
447 236 12
247 102 8
1158 18 8
545 619 27
584 47 8
595 1252 40
592 1518 50
1214 65 7
487 1325 5
1231 829 2
1017 1239 2
1114 1173 2
550 437 8
1521 412 5
575 83 8
1304 1396 7
632 910 1
389 286 15
191 1227 8
636 1395 7
770 685 7
303 914 2
1360 978 3
738 1491 7
872 70 2
153 837 57
1336 387 7
1114 458 33
182 768 2
377 991 5
894 420 2
1210 317 7
404 424 2
190 1230 2
1395 139 5
1304 932 7
550 265 8
409 1036 2
591 939 15
40 1298 7
1085 1314 13
916 293 0
406 663 8
838 1395 7
721 1075 27
118 1475 37
1084 908 8
151 282 2
226 258 30
503 102 2
270 1358 2
309 1144 44
155 277 2
1325 114 8
926 1266 1
721 1367 27
110 845 1
961 48 7
618 980 2
941 1550 8
978 324 30
91 1170 66
1216 1578 5
701 1026 2
1403 1199 7
317 958 5
497 1230 2
154 221 2
856 1227 8
377 360 2
1001 345 0
127 398 2
867 480 65
1494 465 7
476 1160 2
377 355 8
479 568 7
255 127 2
646 1294 21
795 1199 7
368 553 2
1033 1393 2
1037 677 2
982 1199 5
737 83 8
279 191 50
534 594 10
449 26 2
223 726 2
922 284 2
1139 1619 2
1466 802 1
592 855 3
125 309 2
1019 568 7
1356 997 22
676 1500 2
210 272 2
1355 637 12
1251 282 23
440 750 2
445 1070 2
1251 1296 8
886 789 2
1317 1418 27
176 553 41
167 536 30
1136 139 3
185 500 27
185 104 27
974 1447 2
1424 681 27
452 387 8
592 480 51
1153 1335 5
1022 183 8
557 387 8
313 183 2
867 670 2
1553 689 2
1236 65 8
1216 833 7
1227 101 8
642 1200 2
499 1100 2
224 1014 0
398 438 2
992 387 8
883 50 14
1304 249 7
626 1450 2
398 1126 2
398 730 2
1166 1315 7
65 23 7
1177 689 27
769 226 3
581 398 30
1400 681 7
872 917 8
1179 459 7
1062 1199 7
875 663 8
841 504 2
1376 766 1
980 213 8
228 284 30
1295 420 2
387 47 7
227 1421 1
1055 102 7
1356 573 15
40 588 8
32 873 2
701 1258 2
877 1239 30
1238 160 16
519 513 30
980 611 30
707 750 2
259 849 2
1416 102 2
1383 83 7
1193 139 3
148 235 2
1354 681 2
911 663 1
259 1141 2
1250 1357 2
1216 139 5
255 1047 2
337 1364 27
42 396 50
932 147 8
221 1041 2
53 976 30
217 551 2
1140 1284 2
1391 383 8
1357 236 12
245 789 2
22 92 8
504 658 0
998 1418 7
1026 856 2
595 905 40
819 102 8
1009 1217 8
270 536 30
844 584 71
1380 1345 41
442 177 2
1509 876 57
1336 40 7
1239 881 3
1093 273 6
1231 769 8
24 441 0
600 1377 6
102 908 8
1444 70 2
420 569 2
1563 1578 3
1436 350 2
1084 1126 33
347 50 14
980 1305 8
292 1033 2
1550 1236 8
12 255 20
1217 21 8
618 701 2
40 1243 7
303 390 8
676 782 30
226 307 30
712 1374 7
1252 1152 26
939 1327 6
1491 412 5
1522 1181 7
841 1127 8
494 229 33
399 723 2
938 1358 2
797 1070 5
915 1477 21
1 808 6
945 388 2
152 903 2
771 1472 5
26 833 2
309 75 8
1330 485 30
42 83 8
143 980 3
371 808 8
663 1262 5
835 315 2
30 409 2
913 101 26
155 149 8
1561 392 36
450 336 6
1024 1082 2
889 1304 5
528 1170 0
1183 200 29
552 1418 7
359 284 33
684 81 2
98 1345 2
361 847 2
278 1291 14
619 1074 51
873 720 15
527 934 5
1381 663 8
1166 37 8
259 139 3
689 355 7
742 1176 15
478 102 8
592 462 8
575 729 2
142 383 8
689 693 2
126 1128 8
939 650 8
514 683 0
551 913 2
452 108 8
543 97 15
790 1206 7
1090 1578 5
193 446 57
1210 1062 7
337 217 27
789 1061 2
1295 412 5
1213 808 7
992 982 7
98 1231 7
765 646 7
357 750 30
452 40 8
1437 934 7
687 46 8
541 551 2
1084 1262 2
69 619 27
170 856 6
303 1482 8
251 311 35
156 910 1
279 565 27
258 251 71
424 476 8
75 663 8
406 867 7
504 677 2
1014 390 8
642 848 8
395 1033 2
915 1456 30
789 611 34
847 37 7
1329 39 8
562 1376 15
292 350 2
945 1480 2
229 272 31
226 539 30
1563 139 3
176 1316 2
795 382 5
735 1389 7
852 1086 8
65 743 3
945 753 23
53 200 2
377 1001 2
1078 1128 8
147 815 2
900 1070 5
754 462 8
1230 156 15
607 723 2
470 808 6
642 782 30
1352 412 5
604 873 2
117 1001 1
36 102 2
390 642 30
1372 1062 7
1028 958 2
729 298 8
980 160 30
155 31 33
259 794 2
1375 808 7
1279 750 2
1154 1419 8
313 1491 5
961 1403 19
1233 147 1
1259 1266 2
939 1346 8
663 579 5
648 903 6
1250 568 7
210 1309 2
627 278 9
1409 519 35
624 750 30
374 368 33
337 913 27
932 92 8
581 26 2
3 568 7
910 751 2
485 21 8
125 882 2
1250 191 33
186 1419 5
658 174 1
1374 199 2
286 265 15
686 102 8
856 61 15
314 857 2
1176 390 8
322 450 7
778 859 2
695 808 8
144 829 5
209 812 2
83 930 53
662 1033 2
417 1041 27
462 65 8
1035 1156 8
1063 1014 0
286 960 1
592 324 50
1114 37 7
1114 771 2
1090 139 5
900 726 8
303 1381 7
867 555 2
401 866 36
824 934 15
1445 363 2
787 646 8
447 437 8
995 18 8
1324 905 2
1361 1514 0
292 978 2
1054 108 1
1210 226 3
847 957 7
934 998 1
769 65 8
1176 138 1
606 202 7
500 350 2
636 1550 8
1283 1090 2
226 1459 30
606 499 1
841 1077 2
1279 1446 2
865 101 8
721 569 27
642 97 8
272 1030 2
491 282 2
630 387 8
1246 1079 57
689 1375 27
865 393 8
181 291 8
177 197 8
1229 1153 6
570 1395 7
1448 726 30
1171 433 7
1136 1097 7
1035 1565 2
1035 1169 2
337 269 6
565 1053 2
1358 638 27
362 393 8
1078 377 8
1171 766 8
1176 1482 8
592 1124 50
905 1455 2
455 1376 2
543 1044 41
287 915 30
287 519 30
1401 92 8
458 726 2
435 856 6
211 568 7
152 485 30
1474 903 2
652 903 6
1360 980 3
1309 513 26
923 4 2
1084 109 0
900 1062 8
63 1070 5
1230 1121 2
931 65 8
980 1555 2
1080 856 6
438 1128 7
191 1354 2
1271 1014 0
539 684 2
1120 40 8
420 454 2
1563 1125 8
542 430 2
1565 393 2
24 1014 0
417 1000 2
1336 1301 7
380 101 26
686 459 5
1084 1161 7
518 568 7
95 92 8
837 1062 6
905 341 3
35 808 7
293 369 3
54 147 2
395 978 2
514 1262 2
419 789 8
841 667 27
727 1314 2
747 793 8
747 1090 2
226 880 30
867 533 3
856 1125 8
872 119 8
117 840 30
267 1396 7
1207 147 8
945 1420 8
1376 364 1
1391 619 27
268 568 7
597 1496 2
601 442 7
267 628 27
1155 929 7
750 21 8
373 568 7
905 1335 5
763 873 30
387 1581 8
980 1416 30
784 1150 77
443 754 5
479 485 33
432 658 0
701 1148 2
584 1592 38
657 1296 21
568 913 6
772 1336 77
1252 1133 2
907 1153 2
673 681 27
1514 1575 4
348 638 2
588 1418 7
778 681 27
808 150 2
701 1080 2
1304 1548 5
479 1419 8
390 519 30
1372 939 7
1505 1128 8
533 414 5
32 1086 8
1428 153 5
575 568 7
89 1062 7
590 65 8
1274 466 75
553 1006 2
604 851 30
1035 855 3
1044 377 8
85 1418 7
1015 988 2
552 274 12
435 83 59
421 1376 2
258 600 71
774 314 2
657 274 12
1019 663 8
550 1583 8
1316 159 1
1506 441 0
536 1200 2
228 226 3
867 896 2
877 1140 2
447 90 8
915 1341 30
330 726 8
754 1207 8
74 551 2
856 1362 2
1195 1619 2
729 256 2
65 249 7
1303 442 7
728 1114 2
514 579 2
531 609 2
578 412 5
393 829 2
958 102 7
643 390 8
945 942 33
642 88 3
259 1097 7
973 694 39
1404 425 2
1192 197 8
1404 717 2
45 1035 2
490 1581 8
1197 855 3
1461 303 20
604 1446 2
796 658 0
133 568 1
999 144 77
712 404 7
750 1047 30
536 1457 30
735 228 8
433 1070 5
341 903 48
923 1328 2
1035 1510 2
582 1028 2
790 476 7
1382 568 7
594 1129 8
582 1419 8
584 390 8
290 1316 5
684 1574 2
341 565 2
609 90 8
913 1128 7
314 1138 2
920 950 14
563 221 2
420 1399 6
1070 743 5
108 1420 8
47 1514 0
1090 384 5
1078 1070 5
1266 3 8
1035 1437 8
1266 341 3
375 726 30
1339 80 7
219 917 2
907 793 8
676 287 2
1058 1325 5
1317 565 27
185 958 27
1563 1097 7
546 153 12
1215 876 7
284 61 15
1163 1325 5
191 611 2
206 651 53
438 723 2
670 1217 8
226 104 2
550 113 2
315 836 3
315 399 2
454 108 8
191 1299 2
514 109 0
197 98 8
377 1203 6
639 309 2
1170 1422 1
348 1610 56
1215 808 7
168 259 2
623 1450 2
906 296 8
404 199 2
1216 21 8
980 1036 2
69 859 2
768 417 2
978 899 3
395 235 2
538 726 8
1153 1377 52
1303 1070 7
768 808 8
273 551 2
441 1567 4
1321 259 8
1214 793 8
324 396 30
274 342 74
925 156 15
1521 1181 7
214 1564 5
592 54 6
377 599 2
267 281 27
315 724 30
982 330 8
265 808 8
1539 167 8
543 1340 30
85 987 41
718 831 2
485 1295 2
357 255 2
56 730 30
256 677 2
1252 1078 2
737 1070 5
1479 584 53
676 983 2
903 1058 2
195 259 20
672 889 2
458 903 2
238 568 7
808 90 8
193 276 57
761 1197 1
658 163 7
168 284 6
314 455 2
789 1287 2
795 32 8
829 92 8
442 1391 2
494 1118 5
217 26 2
203 1345 2
357 976 30
540 497 2
582 272 8
272 641 20
307 1357 2
1444 1284 2
1450 88 2
1135 376 3
1231 1227 8
286 850 1
884 183 2
74 272 2
399 950 16
289 1033 2
1019 1296 8
107 83 8
978 798 2
584 464 40
1302 1418 7
795 1072 5
724 1564 12
1090 741 2
922 676 30
1227 272 8
1407 1418 7
872 1156 8
880 831 2
309 606 2
603 27 53
183 536 2
925 1506 0
1340 226 3
636 757 2
274 970 74
398 505 2
704 514 1
847 159 7
176 750 2
171 1217 8
159 1070 7
915 1100 1
864 1314 8
536 782 30
978 1483 30
729 889 2
265 1395 7
115 1118 1
1376 937 1
448 293 0
603 423 2
910 1289 36
502 553 2
1077 219 2
168 396 33
1174 841 2
1271 514 2
1197 462 8
934 861 2
1158 1581 8
735 277 8
441 1528 1
24 910 2
988 56 30
24 514 2
517 197 8
980 678 30
113 1070 2
584 166 38
624 976 30
772 306 77
1468 770 7
647 309 30
1041 259 2
914 1309 2
181 1325 5
219 739 27
140 663 8
673 689 2
91 131 67
206 681 27
119 1556 55
993 441 0
910 1322 13
681 236 12
383 620 82
459 149 8
197 1381 7
92 1224 2
221 1436 2
1135 1062 8
872 1461 2
228 1217 8
1220 808 6
447 1127 8
66 1230 2
645 1084 1
1014 916 8
1304 824 7
533 233 27
886 272 8
1447 1274 12
995 809 33
1328 879 2
1506 1014 0
689 163 8
1304 1116 7
263 658 0
315 47 8
1114 562 23
872 1393 2
1317 442 27
1217 88 59
318 1550 80
981 619 27
93 772 19
768 65 8
541 26 2
847 787 7
769 291 8
602 866 36
618 872 2
1340 808 8
867 1396 8
603 759 2
108 338 5
729 1121 2
841 907 2
250 568 7
1053 681 27
494 1407 2
721 399 27
750 1292 30
1407 568 1
917 293 0
1458 1176 15
1081 26 2
56 451 30
108 270 5
1160 789 2
613 83 8
199 1239 30
1323 309 14
1303 1239 7
1294 925 2
978 440 30
116 377 6
126 684 2
750 1224 30
361 1086 2
915 349 1
580 163 1
127 514 2
609 1127 8
377 471 8
457 276 2
1026 1035 2
138 191 2
1024 857 2
450 111 6
1562 293 0
1377 1217 7
1079 638 30
1510 259 2
1235 284 16
1122 1309 2
672 834 2
1191 1066 5
218 476 7
442 648 2
563 789 8
167 1070 5
721 1557 5
211 1419 8
421 974 2
1444 937 2
425 1418 7
1158 1578 5
934 37 8
594 743 5
672 662 2
154 1304 5
1309 1004 27
200 287 2
1314 443 12
950 139 5
934 761 15
233 98 8
1322 789 2
996 206 2
427 393 8
1281 856 6
859 256 2
627 1418 7
289 514 2
1240 1419 5
847 104 7
1397 259 7
993 387 8
1177 409 27
345 1249 1
592 627 6
144 1298 7
870 63 8
1502 993 2
772 1630 77
284 382 8
155 637 12
721 112 27
385 387 8
401 92 8
450 1203 6
350 347 16
56 1371 30
1129 1062 1
1252 1381 7
713 1084 2
730 1114 2
154 272 8
360 282 2
1363 441 0
1028 1525 2
368 609 2
663 62 5
373 1419 8
603 300 2
1239 899 5
1045 1550 8
723 116 8
121 789 2
255 475 2
1047 26 2
454 1450 2
1482 1395 7
191 463 31
347 831 2
528 658 0
905 998 2
226 1081 2
117 1000 1
1069 873 30
334 377 2
913 272 2
1206 631 15
1338 233 27
686 215 3
540 778 2
221 693 2
229 309 2
1010 848 7
350 54 8
1138 65 8
997 102 7
722 412 5
430 255 2
1024 2 2
1337 1395 7
419 982 7
1450 661 2
894 1418 7
205 447 7
750 620 2
1447 200 33
603 627 52
721 1431 57
584 1037 40
531 903 2
872 1338 2
211 272 8
1499 789 10
1098 254 12
49 681 2
494 452 12
543 1004 8
895 1325 5
402 1217 8
1080 314 2
859 488 2
399 219 2
1502 489 15
1304 993 7
1340 65 8
876 1305 8
350 1439 16
398 1474 2
283 789 2
847 732 7
1025 925 10
1404 1407 2
555 646 8
1424 584 53
444 568 15
1282 499 1
1009 866 36
1101 214 75
594 740 2
1141 1062 6
272 863 7
1460 303 20
729 1457 8
594 298 7
605 417 2
1339 1671 5
285 182 8
1407 554 2
1460 315 30
1328 311 35
40 936 8
1496 849 2
157 646 8
485 497 2
779 412 5
31 873 2
772 587 77
738 88 3
1458 348 41
927 4 1
1153 1298 7
1233 1238 1
1171 937 8
155 265 8
565 1120 2
688 291 2
1567 284 1
1006 1496 2
627 973 9
396 730 30
51 750 30
903 1052 2
317 159 5
653 1090 2
1201 939 15
106 681 2
941 519 35
1357 572 2
235 497 2
70 1114 1
317 929 7
269 1314 5
1114 858 12
1391 1419 8
757 930 53
551 1029 2
1145 83 8
792 235 2
1239 959 8
437 723 2
369 284 30
657 1070 7
1458 1166 2
51 974 30
676 805 2
190 903 2
210 1062 3
1444 486 2
185 1080 27
980 1388 7
997 1418 7
653 1314 2
1121 1252 2
1338 291 8
543 949 2
315 229 2
438 903 7
1209 884 7
550 730 8
934 810 15
420 625 2
1239 891 8
170 284 6
1328 614 7
869 221 2
211 1296 8
1176 1005 1
889 393 2
420 917 2
182 1457 2
1290 1057 57
1259 1325 5
513 757 2
499 77 2
267 575 27
721 1436 27
982 916 8
973 165 2
1128 1578 5
485 1210 6
1550 273 8
420 1578 3
125 272 31
603 21 2
494 80 8
1058 420 2
167 676 2
144 1243 7
138 499 1
605 1395 7
377 716 8
441 59 5
1003 658 0
601 905 7
387 1315 7
1053 689 2
1042 1358 2
221 1375 27
1025 1328 2
317 855 5
28 147 8
377 653 2
1373 658 2
729 18 8
738 810 15
536 604 30
904 363 84
442 1393 2
588 1239 2
914 219 2
337 341 27
341 1419 2
808 321 2
117 653 1
337 1029 27
919 831 2
278 36 14
373 1296 8
226 1026 2
68 393 5
85 1239 2
855 1524 5
833 1070 5
293 174 1
1446 296 7
107 377 8
1251 191 33
459 39 8
905 479 2
238 663 8
994 651 12
1450 210 2
1114 491 2
287 272 31
200 1256 2
463 65 8
1314 1016 12
770 3 7
208 476 2
1439 726 2
681 437 8
1389 910 5
179 340 2
1054 101 26
682 1578 5
747 1561 2
87 726 2
1084 1226 12
646 1236 8
253 417 5
875 1128 8
1304 250 7
267 1495 27
1080 259 2
1287 1404 2
859 829 2
1284 1274 12
69 793 8
317 47 8
17 286 15
808 911 31
619 849 2
179 663 8
1076 219 2
1254 412 5
271 1024 2
944 1345 2
1503 1418 7
841 505 2
1496 1120 38
1295 83 7
251 381 16
988 350 30
276 1298 7
577 259 2
668 1419 5
494 1396 8
191 375 30
273 26 2
531 485 30
721 289 27
263 494 2
980 216 30
1177 808 8
466 1062 6
372 1217 8
1363 1014 0
544 293 0
1009 1472 37
1139 609 2
485 833 8
1153 1243 7
913 1309 2
726 39 8
565 773 2
1466 224 1
209 412 5
435 284 6
36 1239 30
1544 1070 5
1284 102 8
1158 32 8
578 1550 8
527 978 1
297 1070 5
555 672 2
1035 1212 8
823 197 8
383 513 30
1242 259 2
447 957 8
350 627 8
878 729 2
1304 613 6
576 377 8
689 68 24
1458 377 7
594 3 10
341 663 8
1317 1028 27
1304 1342 7
191 678 2
74 1418 2
979 689 2
859 1525 2
933 441 0
1217 90 8
65 1116 7
116 553 55
197 269 8
752 568 7
494 1409 2
1308 1327 6
951 780 21
514 666 12
551 1292 14
502 1079 2
768 291 8
272 1212 7
995 325 7
1504 417 5
338 851 30
1226 1490 5
303 787 8
1052 681 27
796 115 15
847 1305 7
96 92 8
950 777 2
1200 226 3
841 1133 2
841 737 2
736 1128 8
1183 663 7
727 254 12
713 950 33
1383 1514 2
750 1518 30
594 1313 2
1539 384 3
1230 60 55
721 917 27
739 676 2
26 834 2
255 638 27
464 1418 7
876 1315 5
396 1371 30
217 101 26
982 1505 5
135 1161 8
891 1150 1
609 957 8
476 1106 2
830 684 2
689 762 2
568 633 6
1028 623 2
1502 419 2
503 663 8
438 1153 52
907 873 2
447 1262 2
1104 446 1
1485 681 2
1155 1310 8
903 891 7
569 681 27
1138 233 27
1466 748 1
441 211 1
1367 677 2
125 255 2
1357 1541 2
905 492 2
1036 882 2
1239 1199 7
125 646 8
1239 1578 3
314 626 2
1469 1619 2
643 891 6
584 411 40
230 646 8
306 568 7
194 1516 2
505 1070 5
1239 1491 7
45 56 30
902 340 7
978 1037 2
550 236 12
533 882 2
1014 63 8
1080 808 6
590 1325 5
886 1418 8
1136 39 8
189 1128 2
80 750 7
681 90 8
108 444 8
420 1198 2
1079 897 7
4 823 14
1403 743 5
200 805 2
1159 377 5
841 1491 7
293 46 7
65 37 7
622 974 2
1084 775 12
417 638 27
626 1418 7
1444 1283 2
499 650 2
915 1457 30
267 1148 27
519 484 7
309 777 2
309 381 2
762 147 8
1550 158 8
195 808 8
750 833 8
847 330 7
1329 728 8
730 1070 7
297 1062 8
503 676 2
867 881 3
607 1084 2
843 1024 2
897 1325 5
1314 458 33
831 930 12
517 40 8
276 1243 7
287 255 2
579 412 5
1376 1004 1
267 433 7
616 980 2
1177 65 8
178 309 14
387 326 8
1495 619 27
945 97 8
536 781 30
1153 937 8
980 453 30
988 519 30
337 914 27
1176 63 8
1035 834 2
565 322 2
1382 684 7
780 1357 1
164 1070 5
558 1328 2
218 934 7
189 1153 6
905 1120 2
905 724 2
903 150 2
108 848 8
334 499 2
795 39 8
551 231 2
311 1516 7
541 101 26
550 893 33
417 1042 27
102 531 2
1239 458 2
221 1211 2
583 108 8
1252 97 8
1155 163 8
875 603 6
1317 681 27
361 92 8
317 63 7
189 1418 7
1341 1062 7
834 658 0
624 789 1
82 291 2
317 355 7
1304 891 7
976 1284 2
362 600 71
532 1454 2
1219 568 7
790 789 8
70 873 2
543 834 8
620 1028 2
363 622 35
923 412 5
222 1014 0
409 239 2
502 1024 2
721 638 27
1274 280 5
168 867 33
83 47 8
267 69 27
1437 476 7
1404 853 12
913 550 5
291 626 8
51 255 2
155 1124 33
905 54 20
841 1078 2
420 384 3
315 152 30
391 603 2
594 862 2
1124 978 5
1055 676 7
115 606 1
40 766 8
1446 484 9
514 888 23
1541 65 8
161 808 8
828 1015 8
128 1033 2
971 772 19
978 611 30
359 945 2
363 1389 7
374 401 2
1402 387 8
1479 681 27
1047 1230 7
1359 1191 12
479 459 7
155 433 3
250 1296 8
543 111 15
746 1150 5
51 976 30
1252 798 2
233 1279 7
543 1045 41
1511 772 19
710 808 8
1304 921 5
649 873 16
337 231 27
1374 1224 2
774 1358 2
779 903 6
219 1333 2
733 658 66
1381 568 7
341 1309 2
903 778 2
1355 236 12
1266 59 8
1486 568 7
438 1197 7
1028 104 2
1028 500 2
1085 412 5
891 1418 7
910 419 7
442 423 2
1496 620 40
437 1345 2
1451 102 2
1458 996 2
323 939 7
878 568 7
34 255 40
1317 1309 27
620 1304 5
1336 974 7
817 102 8
600 138 35
81 1101 12
315 455 2
441 916 8
317 1420 8
1114 89 2
1047 1608 46
108 97 8
1561 714 2
1237 147 8
1162 1325 5
1221 1450 2
76 701 2
1319 1214 2
978 914 2
420 1097 7
117 513 30
419 102 8
1545 1314 7
639 1345 2
20 1325 5
1101 1428 75
500 233 27
727 441 0
409 1555 2
856 1131 2
195 65 8
1303 1418 7
750 90 8
1304 140 7
292 291 8
747 1086 8
45 476 2
560 441 66
1098 108 8
150 476 2
224 441 0
276 937 8
977 808 8
215 139 5
1539 119 8
1041 1358 2
443 755 5
920 1608 2
945 88 3
838 226 3
729 244 8
1160 873 33
536 830 30
978 1135 30
980 106 30
128 350 2
102 1184 6
533 1376 30
945 42 8
925 617 2
1028 1196 2
368 676 2
1502 992 2
551 1555 2
726 1578 3
1145 568 7
442 1515 2
377 444 23
284 813 15
112 950 7
905 773 2
217 442 2
135 63 8
910 697 2
736 1070 5
1128 1069 2
673 409 2
147 1139 41
1188 412 5
440 873 2
476 341 3
569 689 2
719 948 15
662 233 27
1454 476 2
459 265 8
1252 88 3
1371 1217 8
315 1479 2
1252 42 8
46 412 5
617 1325 5
185 623 27
997 565 7
988 251 2
1031 1062 8
1204 1314 7
536 805 2
309 1126 2
309 730 2
650 1561 2
463 291 8
1114 1009 2
555 197 8
420 168 2
159 1153 6
650 450 33
925 1200 15
1084 129 2
66 882 2
393 898 2
551 98 14
519 707 2
1446 753 23
279 1035 27
737 1079 2
365 1496 1
1380 1168 41
735 244 48
247 978 5
519 999 2
139 681 27
300 540 2
1550 1127 8
54 1418 7
976 1057 2
349 925 10
841 335 2
655 101 8
377 1575 2
847 1236 8
348 1002 1
701 739 27
1424 651 53
393 1122 2
623 646 8
519 1392 30
499 824 23
155 113 2
1500 1114 2
550 1187 0
494 453 34
808 1139 2
978 160 30
707 873 2
240 368 2
1266 1342 7
750 1340 30
1163 646 8
22 684 2
359 494 2
244 340 2
552 1355 2
135 341 3
42 915 50
1378 417 2
450 606 2
1155 116 8
774 1011 2
1507 629 2
1140 1407 2
391 873 30
205 1314 7
264 939 15
917 396 33
228 882 2
782 973 2
1239 739 2
563 514 2
285 1325 5
551 804 2
925 742 23
322 1316 7
494 1225 0
768 153 1
978 239 2
907 1086 8
1023 21 8
418 1357 1
98 726 7
101 63 8
241 808 14
1444 261 2
1315 79 5
447 753 23
1417 101 26
321 1418 7
81 254 12
779 1550 8
1443 363 2
974 1283 2
1237 92 8
142 1314 5
303 685 8
1403 341 5
681 1583 8
658 139 3
437 1217 8
872 138 2
869 684 2
1565 235 2
841 1381 7
1281 284 6
1359 1514 0
982 3 8
1184 729 2
721 1211 27
1075 689 2
554 1201 15
1079 369 2
647 663 8
1357 445 0
856 1076 2
1314 771 2
147 436 7
1134 441 0
91 1014 66
1214 1086 8
1177 233 27
485 1364 2
334 1170 0
117 390 30
267 1342 7
614 646 68
795 1236 52
1183 785 7
35 1024 2
867 37 8
999 1529 77
594 1097 7
543 1341 30
314 1152 26
539 851 30
582 619 27
575 1024 2
629 1325 5
673 1395 7
349 1328 2
348 292 2
578 770 2
1130 1062 1
1033 1169 2
259 289 2
1382 1197 7
514 116 8
1239 1097 7
309 596 30
1179 1238 71
1122 619 27
314 1417 27
267 296 8
238 219 2
1252 975 2
1166 305 39
693 856 2
594 51 8
337 804 27
106 1084 2
192 847 21
905 322 2
3 459 7
798 856 2
1316 605 5
551 1036 2
442 1054 7
901 282 2
234 808 8
769 1070 7
1084 683 0
689 1207 8
865 903 52
1330 646 1
540 498 2
546 1516 7
31 1608 46
978 1555 2
536 458 2
210 1419 8
880 1296 2
905 546 2
618 412 5
876 369 1
309 675 2
658 825 8
905 937 8
1438 1062 8
601 1070 5
74 565 2
273 101 26
1316 1 1
1090 742 2
1520 1395 7
529 1314 7
226 1126 30
540 722 2
836 233 27
131 1249 67
855 1028 2
872 1058 2
600 1213 6
761 147 8
83 857 2
686 1325 5
309 607 2
284 803 2
382 1570 7
147 347 16
279 980 27
1296 1097 7
298 1217 8
939 183 6
499 837 23
514 129 2
847 848 7
870 119 8
560 1014 66
65 91 7
446 1388 61
145 729 2
133 978 1
721 168 27
1497 980 1
33 233 27
1069 954 7
543 1047 14
595 1496 2
934 133 1
903 1335 5
216 642 30
978 1416 30
550 1132 0
81 934 15
829 147 33
1037 1395 7
501 808 8
505 92 8
259 917 2
201 225 5
228 603 2
148 303 2
502 1239 30
1176 685 8
923 1274 2
36 1403 14
463 609 2
27 553 2
829 789 8
678 974 2
607 1239 30
1382 910 7
1181 1663 5
1140 1352 2
593 646 8
1047 108 44
532 1456 2
451 831 2
337 471 2
440 1446 2
789 209 2
681 908 8
459 838 8
790 646 7
1084 0 0
912 663 8
365 1070 5
390 1153 6
83 1553 2
185 1196 27
809 1239 30
409 533 2
599 1170 0
1137 65 8
269 1403 6
147 1439 16
876 1388 7
191 453 2
681 1236 8
65 891 7
618 108 1
257 441 0
1079 44 7
978 116 2
1437 101 33
1444 138 2
819 1314 5
551 671 14
1210 726 7
390 1418 7
766 226 3
1446 942 33
285 603 2
396 1212 8
255 189 27
796 286 15
960 1564 12
603 1052 2
1299 1314 2
4 631 15
1403 1384 7
503 219 2
514 1445 2
609 805 2
841 1200 2
267 891 7
565 911 1
374 1291 33
970 772 19
594 1438 7
144 1004 8
1123 910 5
307 536 30
416 856 20
501 1395 7
599 92 8
135 936 8
701 1039 2
738 926 15
527 1070 5
1502 590 2
723 1384 8
1252 628 2
350 1161 7
729 187 19
1251 1090 2
117 81 1
919 259 2
459 1097 7
1247 1446 2
570 226 3
59 1325 5
1466 523 1
696 646 8
211 215 78
234 65 8
681 1541 2
596 676 30
1358 488 2
600 724 35
915 907 2
1102 1496 12
816 102 8
551 981 2
442 1337 2
193 514 57
112 26 2
614 293 66
1121 1496 53
233 167 8
314 693 2
417 189 27
1357 893 33
279 409 27
282 61 15
330 393 8
478 1314 5
221 68 24
192 514 2
647 1309 2
651 296 38
1329 576 2
1173 1170 0
276 253 57
4 890 14
1570 1227 8
978 1036 2
411 905 2
499 821 2
499 425 2
418 155 1
437 83 8
1123 102 8
1313 1217 8
761 92 8
1333 147 8
1539 855 3
1031 1304 5
118 441 0
1082 553 2
867 323 2
74 442 2
759 1418 8
398 451 2
1134 1014 0
226 607 30
1458 1496 41
536 1124 30
116 1325 5
852 1550 8
4 373 6
1050 1507 1
603 369 2
494 329 2
726 1097 7
1310 92 8
858 646 8
1176 307 2
543 311 30
928 1450 2
81 925 10
1193 531 50
125 726 2
1031 1033 2
1030 393 2
191 1186 16
255 471 8
457 1197 2
915 1562 1
1419 776 5
447 62 2
1485 1084 2
42 117 50
221 762 2
1179 1239 30
1382 459 7
217 272 2
1035 1396 8
1187 412 5
570 808 8
592 960 50
314 1029 2
1153 936 8
383 325 20
770 861 2
995 823 33
205 808 7
1545 1070 5
102 743 3
558 284 33
1062 1310 5
757 595 53
329 282 2
221 1377 8
937 1070 5
286 1424 1
565 765 19
178 83 6
441 63 8
514 0 0
1096 65 2
1119 1550 8
1409 1062 7
639 200 2
829 441 0
870 1156 8
1215 303 7
1125 191 14
797 147 8
849 987 2
976 1283 2
1053 1395 7
303 507 8
514 1098 2
254 130 5
856 273 8
862 1314 8
197 213 8
294 147 8
603 1393 2
48 972 2
1085 876 13
35 226 2
903 911 31
1075 219 2
1197 1396 8
841 848 8
1545 726 8
95 1014 0
447 338 5
788 377 5
55 393 8
934 1097 7
982 445 66
770 99 0
36 600 44
470 676 2
945 401 2
22 514 2
1372 155 7
978 678 30
864 1325 5
908 1395 7
374 572 2
1382 795 7
377 21 8
371 1217 8
565 1121 2
442 324 7
122 882 2
442 662 2
912 1309 2
1204 1070 5
29 92 8
31 108 44
753 293 0
235 498 2
1228 1166 1
135 813 8
226 399 2
449 83 8
1069 191 30
1567 910 2
223 684 2
383 173 30
1506 934 15
1292 948 15
102 1330 2
673 1550 8
867 952 16
383 861 30
1110 1395 7
447 1305 8
101 685 8
1035 249 8
1215 1395 7
676 1098 2
286 53 1
1446 1291 33
647 1358 2
185 166 27
381 1325 5
1014 179 8
261 658 0
550 248 12
476 1047 30
910 63 8
266 594 10
257 1014 0
417 66 27
1562 1561 2
609 338 5
1451 101 2
869 514 2
1084 937 7
661 65 8
197 1305 8
1193 1310 8
978 981 2
16 1373 21
47 1419 8
1539 462 8
915 781 30
390 726 2
492 1376 2
324 915 30
925 1397 0
1438 92 8
387 1384 7
856 1198 2
42 459 7
638 1217 8
830 808 2
1314 562 23
770 761 15
506 83 8
772 1576 77
360 646 7
717 278 2
1307 291 8
1385 65 22
150 543 2
382 996 7
205 1070 5
137 147 7
591 274 12
1357 1187 0
1028 1075 2
653 925 10
939 297 6
543 222 15
609 1305 8
568 981 6
1028 1367 2
276 936 8
1101 1065 5
1377 1395 7
841 97 8
829 387 8
585 183 2
337 1030 27
238 795 7
447 1226 12
221 707 2
53 642 30
1325 533 5
684 722 2
1344 1231 17
238 1128 8
125 603 2
679 793 8
447 1291 33
1031 514 2
274 660 5
1036 1230 2
1561 1243 7
779 770 2
217 905 2
650 1404 2
553 1470 2
446 63 7
512 412 5
614 1062 5
381 915 30
881 1374 7
878 1309 2
617 412 5
417 762 27
727 282 5
528 910 2
592 45 50
1252 213 8
1454 980 3
395 1450 2
27 476 30
183 831 2
1114 388 2
859 898 2
681 42 8
750 957 8
1329 753 2
277 1446 2
469 658 0
1019 1419 8
1099 1062 8
681 730 8
1207 182 7
1179 1217 7
1570 139 3
819 412 5
625 1418 7
859 1122 2
607 1140 2
954 86 2
32 856 6
69 1086 8
1166 1213 7
867 891 8
655 272 8
466 735 6
494 610 2
113 153 5
98 536 30
392 1062 8
841 798 2
294 92 8
768 226 3
913 603 6
309 1518 30
870 970 9
399 92 8
938 1024 2
582 872 2
1475 242 57
1015 432 15
3 215 5
147 249 2
713 1274 12
383 189 2
1193 1500 50
140 859 2
484 905 2
366 609 2
240 143 2
535 750 30
772 137 77
265 226 3
1171 533 3
524 934 15
1166 167 8
907 642 2
783 750 2
259 428 33
568 298 6
900 856 2
401 441 0
108 863 7
185 1198 27
1272 393 8
101 307 2
601 92 8
689 21 7
1014 1462 7
653 1328 2
102 983 2
54 115 15
915 505 2
429 603 2
1114 1480 2
219 693 2
844 1238 71
1001 274 12
284 1184 52
542 178 1
720 412 5
1170 1225 0
1224 191 16
996 20 22
904 772 19
823 1168 71
185 1026 27
501 345 0
1396 1325 5
141 484 9
1190 873 16
1328 1002 2
756 551 2
1444 724 2
43 856 52
600 546 35
1561 434 2
1209 726 7
1550 1161 7
792 108 8
836 882 2
147 455 41
829 1014 0
1087 278 2
1227 1419 8
37 1062 6
915 830 30
267 1581 7
267 125 27
273 723 2
1338 65 8
683 1514 0
147 607 7
833 1418 7
363 743 5
577 101 26
226 601 30
646 90 8
847 36 8
277 1086 8
784 939 77
772 1229 77
731 565 7
252 235 27
374 537 12
1062 1544 2
729 32 8
843 689 2
1007 622 35
135 433 7
1264 982 7
595 1589 38
1490 732 7
399 1403 14
543 1461 41
701 869 2
20 40 7
65 341 3
1158 1125 8
689 763 2
1193 421 50
127 1033 2
471 1079 2
917 867 33
259 460 2
1082 476 30
1357 1226 12
442 902 1
1496 662 38
551 937 7
56 1194 30
1225 110 5
841 42 8
910 994 37
1497 387 8
436 684 1
1561 1415 37
316 1236 6
805 417 2
1355 572 2
676 1447 2
154 387 8
805 808 8
1100 658 0
315 929 7
738 99 0
65 1335 5
88 750 7
284 1245 5
878 1358 2
277 293 0
1451 450 2
643 1184 6
92 768 2
541 1309 2
1023 424 8
240 75 8
951 1477 21
1456 770 2
199 1395 7
889 1035 2
233 685 8
1216 848 7
417 707 27
882 638 27
519 162 1
1101 1511 74
226 1196 2
897 646 8
1172 1070 5
519 157 7
1128 716 8
1126 101 7
543 212 2
1446 512 2
308 102 2
650 554 23
1314 858 12
1191 879 74
279 859 27
328 269 8
1321 663 8
1514 1249 1
1522 568 7
398 1073 2
1404 610 2
856 1479 2
1404 214 2
934 372 1
463 701 30
502 689 2
485 1417 27
35 681 27
701 1565 2
841 451 2
140 681 27
704 973 7
913 215 5
1084 172 8
259 1214 7
4 891 6
938 677 2
1376 1005 1
124 393 1
829 1033 2
1259 1628 2
594 923 2
157 542 2
499 160 33
1303 387 7
374 1126 33
594 918 8
309 1388 14
219 1375 27
380 442 2
1034 159 2
1056 905 2
945 390 8
240 88 2
1053 1550 8
925 1361 2
1328 1578 5
340 1271 7
1391 1086 8
674 363 2
457 1418 8
907 191 2
330 108 5
911 233 27
272 379 55
917 831 2
905 1121 2
588 101 8
215 216 2
470 102 2
1014 1156 8
592 1082 50
1008 92 8
447 512 2
609 1315 5
795 728 8
995 1341 33
551 128 2
855 1166 1
333 147 8
836 284 30
1230 99 2
144 1415 5
1252 390 8
1502 1506 0
1231 325 2
418 681 1
307 450 2
185 1367 27
894 672 2
1437 987 2
278 327 1
1231 716 8
532 1455 2
859 1075 2
905 75 3
420 516 2
867 1199 7
974 1003 2
311 476 2
867 1578 3
303 743 3
416 26 2
1337 226 3
1044 851 5
543 1127 8
35 83 1
494 1251 2
1016 1490 5
729 1315 7
446 961 35
315 484 9
642 63 8
281 284 2
218 1325 5
1140 1225 0
1209 603 7
177 663 8
306 83 8
82 267 55
1314 491 2
1188 83 7
942 1345 2
1477 1170 0
603 1223 2
1329 384 3
1047 1345 2
16 507 21
835 726 2
1176 724 1
500 540 2
841 1371 2
603 1515 2
784 884 77
115 211 1
261 494 2
712 1550 8
594 817 7
1391 681 27
1176 1156 8
601 108 7
543 1457 30
265 1217 8
948 296 7
272 112 8
701 126 2
112 101 26
1437 293 0
269 793 8
772 710 77
619 39 8
495 147 8
1259 585 2
568 183 6
1028 569 2
569 1395 7
1357 775 12
296 1014 0
1162 646 8
479 793 8
316 493 6
866 99 0
256 789 8
56 1139 30
51 873 30
836 1376 30
805 65 8
934 277 8
1328 139 5
671 676 2
472 92 8
796 101 8
716 197 8
1239 1483 2
724 1404 1
1482 808 8
76 770 2
81 1090 2
1210 1301 7
542 751 1
844 1239 30
417 360 27
338 226 3
458 976 29
889 980 2
1114 942 33
108 98 8
1092 1239 2
1418 178 1
1014 743 3
1223 26 2
910 685 8
681 36 8
1022 471 8
1022 75 8
1566 651 12
108 390 8
658 149 8
540 150 2
1476 592 30
925 573 15
531 447 2
1463 32 8
420 1436 2
70 191 2
646 1127 8
1191 129 7
1456 980 3
519 321 64
499 992 2
83 577 2
862 65 59
155 3 10
1103 789 8
350 983 16
398 622 2
856 1424 2
471 658 0
867 390 2
377 552 2
1404 1047 33
374 1098 2
893 485 30
357 1418 7
494 891 8
1303 40 7
462 1418 7
117 552 1
255 611 2
450 875 6
45 701 2
1556 606 35
1120 1166 1
28 1062 8
449 568 7
363 753 2
1372 1301 7
388 102 8
340 528 7
1035 488 2
1340 272 31
769 1153 6
517 309 14
1024 1553 2
1339 1043 5
211 1374 78
1176 743 3
792 1450 2
447 129 2
338 147 7
1041 272 2
900 350 2
221 829 2
1355 1541 2
1502 611 34
292 1230 20
1024 739 27
314 804 2
1128 1362 2
770 298 7
286 1267 1
551 177 2
108 1482 8
1474 514 2
772 1164 7
540 1242 2
213 1086 8
9 83 8
447 848 8
333 92 8
915 390 8
980 140 7
343 1128 8
1284 982 67
464 873 14
1499 925 10
350 624 30
200 983 2
1231 265 8
74 1309 2
925 1201 15
27 651 41
872 1510 2
176 1563 2
989 770 2
620 974 2
974 552 2
363 1005 36
1173 658 0
506 568 7
1502 265 15
279 831 2
409 581 2
946 563 62
391 221 2
1394 905 27
12 147 20
54 1419 7
902 976 5
655 102 8
1056 83 6
335 980 5
980 803 30
841 628 2
315 98 30
1283 1329 2
873 574 44
721 516 27
668 658 66
485 1029 2
139 409 2
909 735 6
315 390 30
829 476 7
370 83 2
35 689 2
594 1199 8
128 233 27
140 689 2
1394 272 2
931 1418 7
40 1004 8
945 572 2
71 939 15
951 28 8
978 453 30
701 759 2
171 83 8
609 848 8
457 393 2
350 531 2
1296 39 8
1355 1126 33
605 808 8
316 438 6
337 177 27
925 823 33
900 978 2
396 1194 30
903 1120 2
341 859 2
101 91 7
108 1381 7
550 579 2
1466 243 1
1566 565 57
1044 92 8
442 369 2
440 191 2
1346 102 2
259 277 8
546 831 2
1317 859 27
357 642 30
1217 848 48
1562 1404 2
1458 1234 2
1424 412 5
221 78 2
823 1114 30
296 1231 17
315 355 7
1561 264 2
647 1128 8
254 705 5
284 362 31
16 1187 0
1561 614 7
420 693 2
833 1316 7
450 1224 30
1232 101 48
303 937 7
1322 568 7
546 1550 8
168 553 2
411 729 2
1337 65 8
173 873 2
619 958 27
533 1231 48
83 230 2
1084 666 12
594 1125 6
880 101 2
514 458 33
401 282 2
903 88 5
659 1062 8
1019 1314 5
45 26 2
730 903 2
747 1329 2
1404 596 33
841 44 8
463 272 31
447 683 0
374 36 33
568 1220 6
1551 550 4
568 824 6
601 681 7
393 39 8
1146 808 7
349 1329 2
33 540 2
191 573 15
357 945 2
707 191 2
887 1296 0
986 1024 40
546 856 6
1266 1389 8
703 92 8
624 642 30
1509 772 19
692 1418 8
311 1084 1
1082 651 41
255 488 2
804 808 8
1031 393 2
1250 793 8
101 1156 8
226 1198 2
1364 1450 2
338 92 7
1455 770 2
1451 676 2
650 1191 12
1022 716 8
112 770 2
70 499 1
314 1041 2
592 216 50
155 1132 0
619 1654 27
185 569 27
328 167 8
1321 83 6
980 423 2
415 663 7
681 213 8
441 179 8
303 300 2
65 556 7
1305 1062 7
1319 81 2
284 1200 2
1196 1418 7
498 233 27
1084 367 2
287 550 2
49 1090 2
482 377 5
32 735 6
1304 318 7
278 586 2
550 47 8
1312 1217 8
1303 681 7
976 1003 2
693 619 27
1403 320 6
514 818 2
1388 603 6
1192 108 8
291 855 3
1397 1296 7
300 191 30
222 441 0
873 1282 30
53 1070 7
841 177 2
666 225 5
417 920 9
1460 420 20
367 282 2
909 284 6
387 116 7
1376 1127 1
30 314 2
1158 1583 8
605 92 7
517 950 14
100 658 0
1052 1550 8
1192 40 8
836 226 3
395 65 8
978 106 30
126 350 2
1112 568 15
324 272 31
1166 384 3
366 676 2
735 904 9
240 606 2
21 147 2
605 65 8
476 546 2
1030 1033 2
804 1395 7
1259 79 2
282 813 15
170 701 30
450 552 2
383 357 30
229 726 2
865 1325 5
907 709 2
1418 776 5
1350 1357 1
447 1098 2
210 619 27
316 779 6
337 122 27
420 1375 27
1206 99 0
450 844 2
1550 338 5
645 1446 1
900 1314 8
737 1231 41
672 104 2
1283 684 0
483 259 8
54 286 15
102 362 2
879 812 1
681 1305 8
211 793 8
432 83 1
991 651 12
867 1097 7
43 735 52
101 743 3
1210 795 7
855 619 27
1252 908 8
303 636 2
226 384 3
1294 293 0
563 387 8
1231 838 8
303 928 2
16 1132 0
807 393 5
721 1553 27
720 1181 7
1415 554 57
1562 554 23
1301 47 7
642 685 8
1424 663 7
494 366 33
246 412 5
1129 948 15
1321 102 8
603 34 53
1014 1335 5
592 1 6
59 255 2
157 1418 7
1357 683 0
945 537 12
315 671 30
1282 1140 1
738 167 8
291 1437 8
494 139 3
1539 114 8
377 833 8
377 437 8
268 793 8
1351 1015 36
419 1325 5
648 808 6
373 793 8
507 83 8
718 1070 2
154 235 2
483 663 8
1028 399 2
939 891 8
912 619 27
357 494 2
555 101 26
359 1418 7
681 1226 12
13 1550 8
646 912 21
259 626 8
202 697 1
1176 341 3
447 1388 7
1316 631 15
316 236 10
1253 950 33
1104 910 1
1024 1047 2
218 420 2
699 393 8
28 92 8
1140 670 2
670 554 2
348 206 39
833 115 15
441 1462 7
442 1338 2
915 1200 2
417 1646 7
551 936 7
787 259 8
323 1062 7
78 259 2
417 878 27
1003 950 33
1533 1404 1
1176 1335 5
1230 1199 7
144 958 5
286 401 1
657 446 2
905 533 3
1296 341 5
83 475 2
1561 837 2
1214 1395 7
1304 39 7
1397 293 0
183 551 2
867 392 2
762 387 8
1297 550 1
1455 980 3
1193 929 7
543 279 2
1446 579 2
192 447 2
726 1567 1
1317 1550 8
996 891 8
980 341 3
244 903 6
939 88 5
32 284 6
519 890 2
604 1114 2
154 1035 2
43 83 7
309 1236 8
873 1220 14
454 412 5
713 1446 2
151 982 7
609 1388 7
377 732 7
303 172 8
1032 995 1
514 367 2
1266 1306 1
291 462 8
177 102 8
729 1227 8
485 231 2
1538 808 8
1185 663 8
284 1072 8
499 1437 8
834 1128 2
138 1140 1
945 1126 33
18 1418 7
543 604 30
543 208 30
85 251 41
1524 326 2
249 619 2
142 757 2
368 903 2
808 296 7
980 229 30
1120 619 27
1138 1062 48
988 348 41
1166 879 39
102 37 7
350 421 2
679 808 7
1325 881 5
192 441 0
98 393 7
217 565 2
416 101 26
59 643 5
779 1217 8
1231 168 2
108 916 8
555 393 2
102 307 2
867 1088 2
766 735 6
540 1364 2
447 579 2
705 1014 0
903 249 8
83 1161 7
438 219 2
324 255 2
930 551 40
330 1314 8
43 284 52
550 401 2
409 479 2
519 1253 1
750 1305 8
502 1556 2
1518 1395 7
514 433 7
867 916 2
1403 273 6
531 1197 2
514 771 2
951 501 21
156 4 1
65 1129 7
841 922 2
1156 412 5
1570 149 8
271 1395 7
372 135 5
1261 412 5
1177 1230 2
267 533 27
160 309 2
1054 568 7
736 808 7
1061 1404 2
825 1418 7
309 415 44
1312 83 8
191 724 30
735 1212 8
35 519 2
377 90 8
905 513 26
365 677 2
391 1062 8
1335 1475 5
91 441 66
281 1345 55
912 603 6
155 248 12
565 1581 8
1386 732 7
1171 881 3
1275 514 7
1374 1360 2
677 773 2
340 71 7
939 440 8
520 1514 0
689 833 7
102 228 6
930 185 38
1223 101 26
155 163 8
588 1296 8
9 568 7
295 441 0
81 1329 2
1304 593 5
923 532 8
1357 1262 2
340 3 7
903 1242 2
596 948 15
728 1290 5
698 1062 8
1105 1531 1
340 295 7
681 1482 8
337 1337 2
85 1197 2
404 787 2
83 128 2
1140 151 2
1084 1298 7
818 1015 36
592 106 50
1314 670 2
519 611 2
852 485 2
856 929 7
1217 1127 8
836 1230 2
420 1211 2
1329 855 3
945 1562 2
531 514 2
1176 432 15
115 1078 1
1230 477 55
827 293 0
1322 1419 8
383 941 2
43 1339 7
1536 1418 7
1287 1070 2
62 282 2
670 1070 5
996 80 8
1277 770 22
747 1550 8
33 1230 2
1183 1304 7
928 1418 7
915 1284 1
348 879 2
562 441 0
602 282 2
1174 337 2
854 102 8
499 264 23
244 1550 8
273 83 8
934 357 2
808 287 2
565 1004 27
125 672 2
847 1004 8
340 699 7
1258 1450 2
841 98 8
1052 689 2
851 1204 30
926 619 2
723 355 8
1239 1517 1
337 1031 27
1030 235 2
841 390 8
909 485 2
694 255 2
464 726 2
350 366 2
127 65 8
217 568 7
789 368 33
558 945 2
1340 1418 7
681 512 2
856 179 15
1321 377 6
679 1086 8
80 1563 7
1357 579 2
420 1236 6
205 1150 7
417 763 27
1526 412 5
1127 789 2
833 1376 15
995 1457 33
1308 373 6
774 383 2
185 399 27
766 284 6
202 620 2
1450 504 2
267 1565 27
535 494 2
190 514 2
727 925 10
565 368 30
486 293 0
699 345 0
208 770 2
1316 124 1
988 1007 2
961 1404 1
915 97 8
1282 514 1
684 1340 30
850 831 2
761 1062 8
406 1550 8
530 101 8
995 32 8
1084 588 8
158 1252 2
1029 1304 5
1376 1421 1
409 648 2
101 1335 5
1174 1033 2
530 393 8
721 1047 27
530 789 8
514 648 2
505 684 2
1461 56 30
119 83 6
497 514 2
1404 523 23
870 971 9
1516 145 2
485 804 2
259 1125 6
452 1181 7
594 583 2
476 840 2
554 573 15
815 701 2
804 233 27
841 1482 8
26 104 2
1261 1356 1
178 950 14
1042 677 2
1510 219 2
856 47 8
905 1199 7
1357 109 0
1029 1033 2
235 116 2
925 637 12
1139 903 2
363 1448 2
1483 1345 2
905 1491 7
1028 289 2
1166 1056 39
259 125 2
907 935 2
233 1437 8
151 1325 5
912 859 2
556 584 12
584 63 8
450 674 2
192 1014 0
1359 873 33
470 450 2
1158 326 8
653 1329 2
770 1389 7
368 92 8
692 101 8
1232 48 48
476 1457 30
259 52 8
1008 1128 8
1496 1029 40
416 442 2
393 223 26
1562 1191 12
802 1475 5
409 1052 2
928 987 41
71 363 2
945 445 0
281 905 27
664 1230 2
541 568 7
189 789 8
1403 846 6
1419 178 1
996 139 3
872 206 2
1329 462 8
841 1495 2
579 1206 36
1216 90 8
514 1298 7
922 117 30
315 861 30
155 201 12
616 26 2
479 903 6
727 1328 2
26 1196 2
839 1114 2
651 889 40
143 568 7
533 873 30
1438 726 8
553 311 35
1550 116 8
945 36 33
784 1628 77
738 685 8
752 1419 8
374 818 2
772 1522 77
491 982 7
89 1475 37
336 735 6
805 153 1
1376 670 1
944 200 2
441 298 5
1028 625 2
1166 796 8
551 1469 47
862 1325 5
672 1026 2
770 1315 5
463 1418 7
1480 363 2
918 102 2
677 909 1
348 756 2
125 221 2
1028 917 2
1339 75 5
789 1482 7
29 1062 8
347 723 2
551 1568 2
27 92 8
1035 891 8
226 869 2
200 3 73
641 540 2
393 1578 5
1108 1395 7
423 856 2
778 26 2
643 1081 6
880 676 2
1213 1395 7
906 1457 8
144 1184 5
404 1360 2
368 1403 14
191 1402 44
191 1006 44
1304 265 7
281 995 1
1564 1205 2
267 1510 27
317 21 7
1304 557 7
538 226 3
297 1033 2
915 88 3
1191 484 74
1271 345 0
131 1421 67
272 99 0
1517 554 57
1230 758 55
246 1015 36
434 856 8
1394 729 27
514 661 2
24 345 0
158 905 2
729 1026 2
393 911 2
873 758 44
1570 39 8
619 796 2
381 940 2
267 1338 27
341 1314 5
750 1127 8
387 355 7
980 813 8
86 1062 8
499 229 33
1174 978 2
636 1217 8
573 485 1
543 823 14
267 39 7
489 1239 2
1518 1550 8
363 990 37
950 779 8
1502 1409 2
4 1184 6
562 1014 0
227 1265 1
377 1583 8
1356 813 15
35 409 2
1110 519 35
437 536 30
55 226 3
140 409 2
565 1080 2
490 1199 8
1301 881 3
1180 793 8
460 651 12
1404 453 34
240 381 2
95 441 0
701 479 2
1171 37 8
800 726 2
1436 1325 5
483 102 8
1224 309 16
565 616 2
170 476 30
51 642 30
464 903 2
1466 67 1
316 158 6
326 1181 7
1029 514 2
774 1024 2
185 1436 27
916 83 8
879 1024 2
1239 460 2
563 235 2
1028 166 2
208 723 2
383 64 30
542 165 2
1252 787 8
1015 27 2
74 619 27
978 648 2
576 1403 14
309 1371 2
241 536 30
130 441 66
315 116 8
303 703 2
264 1176 15
65 959 7
471 1376 15
646 104 8
898 973 9
1177 314 27
623 1418 7
627 905 2
382 663 7
728 1418 7
1303 1084 7
627 1296 8
273 565 2
738 384 3
398 287 2
26 1141 2
1124 980 5
1085 1395 13
681 683 0
291 1212 8
568 648 6
1551 374 4
568 252 6
772 1467 77
377 1004 8
761 1014 0
577 1418 2
940 523 7
336 284 6
646 1151 21
402 1070 5
1339 88 5
591 945 2
192 315 30
479 1550 8
361 1155 2
754 1578 5
876 1554 5
772 1399 77
102 850 6
440 315 2
905 1004 27
157 147 8
348 305 2
420 506 6
619 42 30
479 1086 8
369 476 30
919 723 2
565 32 8
450 1247 2
292 1325 5
347 663 8
1014 37 7
1136 54 8
808 104 8
905 335 2
1068 1014 0
420 438 6
108 63 8
849 56 30
1019 1086 8
1035 80 8
442 1108 8
240 21 8
432 1611 2
550 888 23
795 384 3
1010 685 7
894 905 2
92 610 2
177 619 27
1446 818 2
350 1204 30
1450 498 2
1216 1127 8
1333 387 8
185 289 27
642 1156 8
650 831 2
873 1073 2
543 158 2
1217 957 8
555 259 8
1183 910 7
86 387 8
641 808 8
297 978 2
869 1033 2
1176 1421 1
1045 309 16
551 160 14
620 1035 2
646 1420 8
226 1139 30
279 701 27
35 1395 7
1230 32 8
913 726 30
859 325 2
1078 1395 7
318 144 80
1025 412 5
1284 1446 2
856 1420 8
514 246 2
944 841 2
162 876 2
1306 147 7
4 837 6
594 181 2
499 1212 8
1516 35 2
1262 982 7
144 97 8
301 1550 77
479 681 27
1053 808 8
318 412 5
135 75 3
1028 1198 2
1029 235 2
1355 1226 12
549 746 62
501 1217 8
675 1345 2
22 350 2
485 230 2
286 573 15
565 269 2
1166 654 39
772 320 77
216 568 7
476 266 2
594 796 8
127 291 8
582 1086 8
1328 1246 37
774 677 2
800 1062 8
219 256 2
1011 1315 7
51 191 30
255 1227 8
1344 282 57
1160 102 8
185 693 27
447 818 2
1321 603 6
1272 226 3
334 446 2
973 341 5
98 856 7
217 1028 2
240 258 2
317 766 7
1140 742 23
1354 1090 2
446 920 2
1463 1125 8
202 158 2
1454 770 2
459 163 8
1230 45 2
322 1419 8
1308 891 6
192 1314 2
185 917 27
797 387 8
823 772 14
980 433 7
960 1404 1
1230 728 8
1114 1303 2
681 957 8
741 684 1
206 26 2
903 765 19
1555 1418 2
737 1395 7
85 276 2
189 387 8
303 648 2
724 550 1
190 672 2
1110 808 8
247 980 5
294 387 8
869 350 2
228 873 30
1419 68 1
820 982 1
399 684 2
420 68 24
642 743 3
273 568 7
890 50 14
1458 536 30
913 393 5
485 1030 2
1061 1191 12
1176 670 1
500 882 2
910 1335 5
958 1418 8
273 442 2
464 1252 2
565 1315 7
155 699 2
1460 676 30
808 1491 7
581 1358 2
601 684 2
1447 594 10
1284 1086 8
982 1397 5
1054 905 2
99 658 0
891 646 1
317 296 5
117 162 1
1374 1135 2
1259 135 2
1054 1296 8
442 834 2
595 65 8
434 735 6
1035 139 3
685 568 7
891 974 1
596 291 8
1466 640 1
1024 1163 2
316 1127 6
676 942 2
195 1418 7
324 726 2
681 1262 2
1272 808 8
919 663 8
1449 233 27
442 1058 2
1455 831 2
1114 596 33
1144 65 8
939 1267 15
311 681 1
1073 272 31
155 109 0
872 500 2
81 1328 2
43 412 5
1564 11 2
1022 21 8
662 882 2
130 1014 66
934 483 15
1297 374 1
55 1230 2
867 112 2
197 685 8
961 155 1
869 978 2
626 1252 2
872 724 2
517 1608 2
519 318 2
1077 350 2
737 393 8
618 1176 7
847 222 7
1329 958 3
1054 1309 2
25 543 2
928 1239 2
867 39 8
439 380 30
191 205 14
1197 139 3
1279 315 2
153 11 2
1028 1211 2
1405 677 2
599 446 2
1081 663 8
594 80 7
1339 1057 5
178 102 8
594 855 3
372 226 1
543 324 30
232 1516 2
380 729 2
309 598 30
438 1403 6
527 1419 5
271 689 2
189 1014 0
1355 775 12
880 1168 41
925 460 2
692 1419 8
913 808 7
646 338 5
1471 808 59
911 1230 2
1488 551 2
453 1274 2
83 850 52
947 519 35
1479 191 2
1250 1086 8
1121 619 27
185 638 27
1138 147 8
570 1217 8
438 65 7
1131 658 2
451 101 2
205 925 7
125 1062 8
681 579 2
745 412 5
314 1042 2
85 393 2
230 1062 8
4 1307 14
1304 54 6
873 1354 2
98 337 7
750 296 7
74 859 2
359 1514 0
111 309 14
1340 147 8
581 536 30
85 221 2
322 1296 8
646 1305 8
303 296 8
638 383 2
777 92 8
514 491 2
325 646 8
1414 1395 7
190 221 2
287 155 2
717 808 7
173 191 2
1526 1181 7
1304 715 7
90 973 9
983 1007 44
980 648 2
252 1450 27
287 447 2
409 423 2
1303 682 7
278 879 2
1421 1550 8
303 228 8
494 31 33
865 646 8
1299 1376 2
654 267 55
1173 910 2
551 986 5
254 920 74
255 1243 7
905 1609 47
772 669 77
999 1140 77
1204 147 8
485 929 7
23 925 2
464 905 2
479 757 2
56 806 30
1313 83 8
115 394 1
1382 876 7
1330 1325 5
338 789 7
650 1502 0
64 476 30
951 1577 8
601 291 7
240 607 2
184 293 66
1084 1335 5
463 903 2
681 937 7
551 423 2
746 646 5
337 833 2
1155 63 8
1357 666 12
1382 808 7
1133 856 2
1191 1489 5
1252 685 8
219 829 2
1155 355 8
265 750 30
702 939 7
1556 1228 1
217 1309 2
341 409 2
139 284 30
834 92 8
556 651 12
903 1457 8
208 1345 2
1381 793 8
750 1388 7
515 1296 0
726 1194 30
296 441 0
1309 739 27
1303 1014 0
315 707 2
191 1607 2
859 223 26
27 1252 40
392 115 15
950 270 5
551 647 2
211 1086 8
80 259 7
333 1062 8
420 707 2
328 796 8
1061 1514 0
980 1052 2
1446 20 2
112 83 8
878 793 8
315 639 2
1424 1128 7
350 1094 30
1217 743 59
409 1515 2
40 1381 7
974 1126 2
869 235 2
638 1011 2
626 905 2
600 136 6
1177 540 27
1548 147 8
978 743 3
961 153 12
824 1153 6
1198 1252 2
144 159 5
789 53 34
1500 272 31
382 1181 7
144 929 7
978 803 30
908 646 5
945 818 2
13 412 5
4 39 6
938 221 2
933 1062 7
1352 1206 36
1336 568 5
255 210 2
126 233 27
663 89 5
1502 556 2
524 976 30
689 189 27
490 54 8
929 1418 7
377 730 8
231 233 27
1466 989 1
1521 83 8
373 1086 8
186 441 66
701 1333 2
495 1062 8
140 1550 8
927 646 1
699 363 2
925 113 2
186 1325 5
143 1296 8
543 631 15
829 108 8
19 197 8
21 672 2
546 1140 1
598 92 8
1207 976 5
1445 1170 0
631 65 8
565 159 2
1408 1507 5
449 729 2
1031 235 2
226 1436 2
550 1445 2
1371 450 29
108 685 8
1131 603 2
463 147 8
388 1325 5
1308 489 6
763 1033 2
873 1299 2
326 197 8
995 421 33
528 1314 8
191 163 8
102 341 3
191 460 2
65 502 7
526 542 2
872 1396 8
21 101 26
1216 1577 8
191 1401 44
1502 156 15
980 296 8
292 420 2
485 1152 26
721 475 27
166 350 2
494 1087 2
642 3 8
499 1407 2
1424 377 7
642 341 3
42 808 7
3 4 5
159 1252 2
618 83 8
48 638 2
595 284 16
102 1335 5
1299 925 2
1271 1114 2
999 793 77
1383 1296 2
729 728 8
921 377 7
663 717 5
543 890 14
1035 1075 2
1044 1589 38
1035 1367 2
1031 1035 2
241 450 2
565 855 2
290 65 8
155 893 33
657 441 0
246 770 2
255 1125 8
1024 638 27
657 115 15
28 789 8
1014 959 7
642 1335 5
340 1443 7
1054 102 8
126 291 8
191 362 31
555 83 6
1382 65 7
655 1325 5
799 1062 8
476 492 2
314 1391 2
1391 1550 8
213 903 6
619 1188 30
56 287 30
1252 239 2
982 531 5
233 1116 7
333 387 8
1483 309 2
1024 365 2
47 1325 5
41 255 14
438 684 2
83 1568 2
185 1211 27
1461 251 2
584 471 8
27 905 40
939 37 8
551 300 2
383 464 82
891 1197 2
183 101 26
641 233 27
160 272 31
420 360 2
305 1516 2
377 1415 5
980 1393 2
542 232 2
978 423 2
1328 327 2
1444 49 2
194 542 2
432 393 8
847 1491 7
176 83 2
466 1507 5
784 50 14
399 514 2
726 93 1
1548 92 8
1371 1070 5
1084 936 8
978 647 2
731 750 7
278 1056 2
1025 293 0
1530 65 2
808 1389 7
309 158 8
1329 114 8
262 1252 2
1177 417 27
374 246 2
1193 908 8
391 672 2
495 387 8
1516 889 2
377 388 2
634 393 8
403 377 8
646 1315 5
915 261 1
729 149 8
1328 606 35
1404 883 33
315 513 30
1502 209 2
772 1638 77
996 573 15
494 39 8
273 663 8
823 1376 2
651 145 40
1052 26 2
982 1227 5
1487 1395 7
550 0 0
934 80 7
750 484 9
498 65 8
454 770 2
1401 1314 8
952 377 8
1271 363 2
813 663 8
0 255 2
193 925 57
170 1070 5
863 1325 5
155 852 8
915 1214 2
138 723 2
337 300 27
106 976 2
459 1377 8
565 104 2
1252 1555 2
897 102 7
226 693 2
550 1098 2
551 928 2
596 915 30
1355 201 12
687 129 8
650 1070 2
1128 1198 2
1136 855 3
87 65 2
1172 441 0
1023 833 8
872 622 2
1128 833 8
1329 523 2
880 1084 2
1019 793 8
1212 808 8
217 102 8
859 168 2
1314 1359 2
1128 1125 8
125 1304 5
265 1153 52
322 102 8
370 1496 41
770 341 3
514 89 2
1507 742 57
277 1404 2
65 51 7
511 770 2
279 872 27
244 412 5
66 219 2
1084 458 33
1550 172 8
159 905 2
1355 683 0
592 908 7
1171 1199 7
127 1450 2
485 177 2
841 167 8
374 1562 2
681 1151 21
437 1070 5
1171 1491 7
1126 485 30
36 873 2
360 882 2
988 309 30
586 1028 2
594 248 2
594 644 2
20 785 7
1166 497 39
1519 1550 8
1188 450 50
284 1305 14
186 1014 66
701 1510 2
1358 1131 2
1403 80 7
750 781 30
789 1480 2
209 1472 37
420 1305 6
1325 139 5
197 1342 7
772 95 77
1371 1062 8
586 1252 2
1045 83 8
1354 1329 2
1251 950 33
619 1133 30
795 855 3
569 1217 8
1010 1156 7
1564 742 57
1374 610 2
581 729 2
438 291 7
1252 179 8
98 235 7
441 37 7
383 168 20
945 1392 67
317 833 7
1445 446 2
98 609 2
540 914 2
213 1550 8
459 626 8
102 936 8
894 393 2
671 92 8
880 1316 2
1570 163 8
1264 1325 5
903 487 8
859 796 2
1217 341 59
664 603 2
980 937 8
750 1152 2
300 677 2
867 862 2
514 717 2
309 1482 8
391 393 2
168 92 8
434 808 8
514 1009 2
548 267 55
802 1014 0
255 1479 2
318 1631 80
452 412 5
26 569 2
711 1446 2
450 596 30
606 514 1
681 507 0
856 908 8
237 1114 1
514 936 8
65 75 3
1084 813 8
485 1493 2
1047 1358 2
250 1086 8
35 757 2
992 412 5
155 474 2
1164 1418 7
839 315 2
978 229 30
363 1111 7
240 437 2
470 915 2
470 519 2
415 1176 5
1114 1509 1
873 463 31
457 65 2
1354 1561 2
348 421 2
661 1418 7
1101 280 5
442 959 7
450 675 2
61 1062 1
468 284 33
1079 31 30
724 915 30
259 855 3
316 506 6
192 684 21
265 476 30
1502 1201 15
699 226 3
1214 1062 7
23 976 30
441 957 7
108 179 8
440 259 2
878 1024 2
773 233 27
1136 462 8
643 850 6
540 335 2
1446 246 2
1023 90 8
545 259 2
156 646 1
995 1125 8
1561 436 2
841 854 27
1232 102 8
1315 1314 7
177 689 2
1014 22 8
684 1047 14
270 233 27
671 1403 14
995 311 33
483 594 1
164 1395 7
133 1419 5
450 1292 30
543 269 8
1154 412 5
1429 102 7
1031 1230 20
463 251 71
30 841 2
1081 219 2
374 1283 2
293 384 3
330 1325 5
1525 26 2
977 499 2
727 1329 2
849 251 2
273 1309 2
14 1446 1
1292 940 2
604 609 2
1351 1206 36
357 789 2
867 502 8
723 1243 7
729 326 8
903 513 26
471 1062 6
485 122 2
277 554 23
707 723 2
831 877 2
1009 1070 5
576 1395 7
40 97 8
701 1163 2
1249 568 1
1379 750 2
28 387 8
856 1458 20
479 396 33
707 259 2
506 1070 5
240 150 2
558 1355 2
287 315 30
586 905 2
337 581 27
583 1550 8
22 65 8
447 246 2
112 568 7
36 851 30
795 462 8
1371 676 29
1359 191 33
681 62 2
812 883 14
696 1062 8
1128 1479 2
808 848 8
1357 129 2
774 689 2
699 808 8
346 663 8
543 574 2
322 651 69
1135 108 8
1316 138 1
442 150 2
1090 937 7
1446 1562 2
499 1409 2
293 1097 7
750 805 2
69 314 2
995 384 3
1450 1138 2
724 374 1
70 202 7
633 1062 6
1316 70 1
409 662 2
705 441 0
514 662 2
847 1381 7
1183 1550 7
85 387 8
544 536 30
485 43 6
718 950 33
1295 729 2
1214 226 3
568 1267 15
499 853 12
278 654 2
303 3 8
303 341 3
377 942 33
1193 1119 50
1521 568 7
980 524 30
1283 1446 2
603 889 2
154 1450 2
497 856 2
643 743 3
140 770 2
267 728 7
432 939 15
772 444 77
950 1072 8
255 960 2
241 676 2
565 1081 2
957 102 8
1313 1070 5
710 147 8
912 873 2
679 1395 7
1041 689 2
876 531 5
1166 114 8
240 778 2
228 672 2
515 847 0
303 1335 5
1466 824 1
1035 1525 2
735 972 9
950 999 14
233 1342 7
523 417 5
1497 102 8
437 684 2
155 54 8
912 409 2
564 584 2
789 942 33
438 514 2
324 550 2
610 1507 5
101 546 2
1338 1418 7
903 1133 2
98 808 7
1418 513 26
1304 1213 6
1455 259 2
672 172 2
578 83 8
392 286 15
595 1325 5
907 808 8
552 1296 8
1316 766 1
442 778 2
377 1245 5
191 1377 8
505 131 67
1040 65 8
178 603 6
1317 872 27
1407 441 0
1230 1081 2
81 1444 2
1216 63 7
980 1515 2
639 684 2
982 49 1
1214 147 7
978 545 2
295 254 12
287 1314 2
684 596 14
485 338 5
1084 433 7
973 80 7
1084 771 2
35 377 1
996 39 8
609 942 2
872 881 3
285 672 2
313 28 8
314 68 24
1007 241 35
902 1325 5
528 393 8
890 147 45
456 1475 5
876 119 8
353 721 1
676 919 30
1301 1578 3
852 600 2
601 1158 7
292 646 8
876 1227 5
500 1230 2
374 1160 2
494 265 8
486 550 2
147 824 2
350 1298 7
147 1116 2
1230 61 15
40 88 3
903 1199 7
1355 109 0
40 42 8
455 873 16
1146 1217 7
1452 393 5
315 845 1
903 1491 7
1122 568 6
1569 441 0
1358 625 2
915 1003 1
1035 149 8
1251 1550 8
588 1419 8
417 722 27
464 221 2
1023 1127 8
226 1211 2
699 65 8
89 1418 7
1557 554 57
1303 1475 5
910 656 2
1066 441 0
672 1196 2
1014 330 7
890 1230 7
619 704 31
314 762 2
684 1292 14
371 1070 5
654 872 2
348 281 55
1239 70 2
144 338 5
1022 1125 8
619 1375 27
499 91 67
406 1176 7
200 357 2
396 823 16
46 808 6
657 910 2
293 250 7
1216 1420 8
662 1230 2
755 732 7
108 1500 5
842 377 1
69 259 2
524 1450 2
641 314 2
867 460 2
847 638 7
1126 772 14
334 726 8
338 476 30
841 70 2
191 626 8
162 945 2
737 350 2
905 1337 20
1054 619 27
1064 721 1
259 792 6
600 1227 6
66 841 2
393 857 2
841 362 2
1304 435 7
1076 426 7
284 421 2
590 1475 37
1413 808 8
934 611 1
618 259 2
736 393 8
439 1124 30
170 92 8
159 1418 8
1537 101 8
519 1455 30
841 685 8
1302 387 8
804 1230 2
360 1062 7
1055 684 7
817 770 2
1188 676 50
1301 139 3
144 390 8
565 1026 2
922 1166 2
710 92 8
221 189 27
220 551 2
177 1314 5
1357 0 0
1166 59 8
772 321 77
638 1070 5
1468 785 7
1330 272 31
1082 1239 30
565 958 2
1155 179 8
402 658 0
1253 1446 2
350 588 8
109 1395 7
446 1102 37
1001 910 2
1252 743 3
1017 750 2
107 1550 8
808 1124 14
555 565 2
676 607 2
519 1488 7
80 83 7
1137 147 8
102 433 7
258 976 30
744 499 1
646 1388 7
1231 627 8
1446 1447 2
1001 446 2
323 155 7
102 766 8
1222 663 8
1380 259 20
780 259 2
1562 1070 2
1308 1184 6
1124 108 44
1230 1125 8
190 1033 2
988 1234 2
116 50 55
806 750 30
1214 92 7
55 603 2
441 820 8
441 424 8
168 219 2
1184 584 53
600 252 6
638 726 8
273 219 2
721 878 27
1413 1395 7
309 947 44
877 808 8
372 978 1
958 1446 7
562 934 15
251 1228 1
1510 514 2
1249 1062 5
349 293 0
1217 1315 5
1404 366 33
269 808 8
250 387 68
485 1381 7
497 1033 2
371 1062 8
604 499 2
677 576 1
476 1359 2
1030 1450 2
925 893 33
1033 1196 2
350 1243 7
475 219 2
1044 681 38
701 365 2
1028 516 2
1229 83 6
1100 1014 0
672 917 2
217 619 27
447 1447 2
322 619 27
669 1314 7
1468 102 7
442 685 7
221 148 2
1298 412 5
347 568 7
1355 360 2
672 1141 2
1329 325 1
108 743 3
974 1250 2
254 1067 5
546 1084 1
878 808 7
915 916 8
1230 1362 2
311 677 7
1463 47 8
515 374 1
542 1031 2
81 974 33
993 543 2
787 272 8
647 681 27
221 75 8
925 880 15
78 272 2
447 63 8
1561 908 7
450 1518 30
976 49 2
729 625 2
59 1418 7
1184 1024 2
1230 649 55
162 494 2
855 1086 8
731 1153 7
668 441 66
144 1381 7
1016 754 5
1296 1389 59
1230 941 55
841 307 2
147 1069 2
439 381 30
381 831 2
1404 2 2
847 119 7
147 1460 8
470 1062 6
52 101 8
65 533 3
214 153 5
607 873 2
643 341 3
259 273 6
1166 1342 7
499 453 34
1375 1062 7
841 239 2
1360 1507 1
259 652 2
927 1062 1
721 127 27
61 393 8
252 255 27
259 1340 2
1216 338 5
539 272 31
295 925 10
565 575 2
1472 1075 57
1140 1087 2
1028 1436 2
903 1004 27
1019 1395 7
209 1206 36
910 1396 8
128 882 2
1569 1014 0
193 1328 57
609 63 8
1210 1070 5
643 1335 5
917 723 2
695 1062 8
1308 613 6
325 450 7
290 1325 5
383 23 30
321 603 52
1468 1418 7
233 440 7
417 1295 27
287 1475 5
774 519 2
903 335 2
1066 1014 0
809 974 30
725 441 66
411 681 27
679 1550 8
102 424 2
23 519 30
795 958 3
1316 364 1
1137 92 8
309 1330 2
1114 537 12
787 1296 8
646 937 7
1140 596 33
1458 553 2
1101 129 7
1308 837 6
462 147 8
471 939 15
98 676 2
599 441 0
69 540 2
1217 63 48
906 269 8
190 978 2
762 1033 2
1570 626 8
303 297 8
1080 689 2
1077 233 27
1125 309 14
65 850 7
197 3 8
724 153 12
1314 1047 33
197 341 3
363 1244 36
996 1578 3
158 1028 2
1533 374 1
494 1097 7
391 856 2
158 1419 8
554 813 15
278 484 2
147 94 2
872 37 8
259 638 27
934 1184 1
619 1310 8
606 726 2
1230 1330 15
269 65 8
658 1187 0
925 3 10
1383 910 7
772 670 77
485 493 6
543 1337 20
1153 1381 7
634 1325 5
211 412 5
122 672 2
255 1577 8
722 83 8
577 1309 2
1502 617 2
903 1135 2
908 284 6
272 296 8
1030 1035 2
523 293 0
1372 565 7
1357 1447 2
1208 1170 0
205 313 77
903 1031 2
761 441 0
1245 1231 17
789 572 2
383 1047 30
836 476 30
534 658 0
440 102 2
216 1376 2
337 416 27
1035 39 8
187 873 16
219 1122 2
1063 293 0
550 818 2
315 766 7
171 1070 5
300 1252 2
553 564 2
36 1608 46
551 648 2
1283 594 10
1316 1388 1
1316 992 1
1525 101 26
3 404 8
323 40 7
85 976 7
876 49 1
501 1170 0
229 976 29
1486 1086 8
684 890 14
721 1517 5
737 255 42
1472 27 12
584 145 40
584 541 40
910 937 8
425 982 7
656 940 2
417 148 27
357 485 30
536 70 2
534 1314 7
1221 551 2
878 1086 8
1502 1200 15
409 1120 2
35 1062 7
670 147 8
1404 1046 12
281 476 2
925 1187 0
1316 1315 7
1209 795 7
494 1124 33
779 83 8
160 726 2
856 988 2
796 1325 5
1108 808 8
1301 1097 7
945 1283 2
1516 576 1
527 789 8
527 393 8
117 1094 30
408 1217 8
488 1418 2
1179 603 7
1084 562 23
1539 80 8
1158 929 7
494 952 33
154 701 2
334 1014 0
1200 646 8
905 471 20
171 726 8
856 1207 8
138 514 1
735 1457 8
228 1070 5
938 514 2
259 597 2
227 809 1
377 1127 8
514 424 8
510 92 8
158 272 8
316 702 10
255 503 2
1052 770 2
930 1290 38
1174 350 2
701 938 2
1152 450 2
1466 1678 1
125 393 2
684 1200 2
1362 584 53
1154 1550 8
563 1450 2
578 568 7
502 851 30
907 1631 2
1463 355 7
607 851 30
233 489 7
1047 377 8
551 1298 7
316 1305 6
337 648 27
1009 282 2
1023 957 8
1252 3 8
877 646 5
905 166 2
1152 377 8
226 1041 2
1252 341 3
742 658 0
1216 1381 7
548 872 2
424 1376 2
917 663 8
545 1418 2
592 919 50
878 681 27
270 284 30
681 129 2
1555 689 2
1451 519 2
1451 915 2
995 782 33
147 1616 41
459 54 8
898 1418 7
168 1150 7
328 114 8
540 1030 2
872 1366 2
1442 847 2
600 1125 6
190 235 2
109 1550 8
809 851 30
1230 228 2
980 662 2
69 485 2
507 417 1
1215 726 7
659 102 8
1252 1335 5
859 516 2
395 1418 7
1316 241 1
701 990 5
441 22 8
565 381 30
191 852 8
328 384 3
98 1403 14
1179 939 7
961 1516 7
847 1156 7
1090 936 7
729 1198 2
761 387 8
1069 1496 53
279 723 2
65 1133 2
1314 596 33
26 854 27
240 911 31
668 1014 66
1190 191 16
287 789 2
276 1381 7
506 793 8
69 808 8
1539 1396 8
26 289 2
1153 1227 52
711 770 2
31 609 2
317 1566 5
486 1404 2
1061 1070 2
1085 939 13
999 398 77
607 1446 2
729 1125 8
658 1132 0
259 846 6
34 1166 38
1545 393 8
360 1230 2
148 1007 2
974 320 19
255 1131 2
162 284 33
1516 158 2
161 646 8
594 992 2
565 1044 53
1500 903 2
1252 704 2
144 908 8
565 1148 2
1260 770 2
905 1258 2
3 1395 7
1358 1479 2
993 412 5
485 848 8
148 980 3
934 1389 8
925 1046 12
1228 1589 1
806 255 2
551 369 2
909 1230 2
716 102 8
1336 110 5
981 272 20
349 554 23
1024 366 2
385 412 5
551 661 2
122 841 2
383 596 30
152 976 30
903 616 2
557 1418 7
1106 658 0
1158 47 8
911 92 8
176 350 41
417 178 1
725 1014 66
550 367 2
856 820 15
635 550 1
673 1217 8
417 1303 2
228 1062 8
1316 937 1
546 723 2
65 1199 7
623 1496 53
546 677 7
1215 1062 7
1178 1170 0
411 689 2
65 1491 7
1125 950 14
599 1014 0
383 477 41
83 190 2
362 750 30
303 479 2
1380 50 41
768 1062 8
1108 65 8
48 1002 1
363 533 5
303 433 7
55 387 7
925 1132 0
417 1131 2
986 1593 38
847 1388 7
166 233 27
182 1021 2
884 28 8
226 287 30
646 172 8
49 1561 2
1253 594 10
1404 952 33
267 139 27
267 1199 7
1244 1014 0
726 823 2
1204 393 8
737 226 3
350 424 16
499 329 2
26 917 2
973 125 2
272 1584 28
1007 704 35
738 114 8
945 1160 2
401 65 8
369 219 2
1520 1217 8
815 1446 2
155 530 2
729 46 8
729 384 3
1078 808 8
1279 102 2
475 841 2
337 369 27
934 23 2
40 213 8
704 291 7
915 486 1
238 426 7
1054 1419 8
939 734 8
1377 1062 7
1375 92 7
575 808 8
1225 1570 48
1358 796 2
1355 666 12
1451 240 2
1004 735 6
56 368 16
383 1224 30
191 368 31
1140 617 2
874 1062 7
765 1418 7
464 387 8
769 905 2
362 1446 30
533 255 27
23 117 30
1022 1004 8
1314 1428 2
67 658 0
981 284 6
1019 1550 8
641 553 2
795 114 8
117 1047 30
1308 39 6
539 200 2
542 1549 2
824 286 15
328 59 8
1187 1023 1
603 513 26
834 441 0
1507 1499 57
1058 101 26
1014 766 8
200 424 2
867 631 2
1211 677 2
859 857 2
16 0 0
317 471 8
867 923 2
925 1330 15
1179 884 7
176 1296 2
268 1395 7
1502 1256 7
1080 219 2
750 848 8
42 1150 7
373 1395 7
329 1325 5
48 292 2
737 808 8
1188 519 50
939 1097 7
606 278 7
1283 770 2
505 350 2
1085 884 13
535 485 30
1375 1230 2
1277 1356 22
340 1061 7
577 219 2
222 1062 1
1388 770 2
1472 1415 1
1055 459 7
255 1076 2
1226 754 5
337 1393 27
1035 917 2
26 166 2
1155 22 8
233 734 7
653 293 0
917 1309 2
575 1395 7
1358 1424 2
217 872 2
772 96 77
1443 1170 0
314 1337 2
340 1285 7
1062 114 8
674 377 2
1382 303 7
1201 948 15
1176 766 8
216 974 2
1024 311 2
676 486 2
1220 1062 6
1140 1199 7
876 958 1
22 519 30
657 1101 12
584 21 8
334 910 2
1217 1388 7
995 1459 33
126 65 8
1022 1236 8
1316 590 1
681 1098 2
441 330 7
442 206 2
658 1310 8
565 1126 30
555 1028 2
102 546 2
459 627 8
281 1035 27
1242 219 2
291 741 1
442 498 2
102 937 8
915 63 8
1114 36 33
491 1325 5
996 1097 7
978 369 2
584 35 40
78 1418 2
1065 293 0
1456 101 2
313 1482 7
324 494 2
1304 865 6
516 681 27
1570 852 8
1303 441 0
756 568 7
355 412 5
254 146 5
847 1437 7
1051 738 1
1309 854 27
1128 47 8
1403 908 6
497 543 1
870 1396 8
1084 491 2
836 841 2
1119 83 8
1553 259 2
631 1070 7
402 147 8
1131 396 55
988 185 39
1184 859 2
586 619 27
381 987 44
1058 393 2
1461 1176 15
157 1252 2
35 1217 8
738 59 8
1461 350 30
1540 646 8
872 533 3
1078 65 8
1336 459 5
359 1419 8
940 244 7
568 661 6
115 913 1
1382 1395 7
701 140 2
117 334 1
903 1315 7
873 1186 16
1037 646 8
1166 462 8
1312 1070 5
240 1126 2
230 1239 33
689 722 2
1231 1161 7
1028 979 2
1391 26 2
383 877 30
1036 514 2
420 623 6
910 444 2
1224 950 16
1035 265 8
359 40 8
1453 393 5
265 873 30
1035 166 2
792 102 7
676 718 2
1357 458 33
700 925 8
328 1342 7
1014 533 3
681 1388 7
667 200 2
1496 1031 40
88 417 7
687 75 8
1323 1395 7
1153 97 8
962 441 0
1098 1191 12
1337 603 2
197 1321 8
542 806 2
999 1062 8
4 455 14
990 584 12
592 53 50
1333 108 8
372 1070 5
859 114 2
618 1358 2
862 147 59
191 54 8
630 1418 7
254 1066 5
398 704 2
374 1284 2
1547 1128 8
981 494 7
406 770 2
1546 92 8
872 891 8
471 735 6
499 610 2
488 101 26
722 568 7
464 1304 5
1400 551 7
127 1418 7
155 1567 2
267 1004 27
677 1609 47
387 21 7
292 603 2
252 1153 6
157 272 8
718 1274 12
337 1377 6
699 274 12
33 677 2
205 1631 77
259 823 2
145 859 2
377 957 8
4 850 6
1079 1124 30
1176 533 3
841 743 3
40 98 8
1152 676 2
337 1338 27
1188 396 50
573 83 1
446 994 37
866 483 15
355 701 2
80 412 5
1172 393 8
808 922 2
40 390 8
702 155 7
1053 1217 8
238 1395 7
135 88 3
1479 723 2
905 1148 2
925 248 12
804 882 2
851 1047 30
182 958 5
1140 1212 7
144 42 8
875 735 6
221 843 2
1250 1550 8
326 789 2
226 1163 2
1296 533 5
893 974 2
1525 856 20
641 1230 2
102 199 2
286 1281 1
1239 126 2
633 735 6
664 221 2
70 609 2
317 820 8
789 42 8
1239 855 3
872 1196 2
22 396 30
1314 890 33
817 646 5
995 47 8
1404 99 0
859 1138 2
982 1457 8
960 1516 7
181 789 2
189 108 8
1424 568 7
847 1382 7
1329 1384 8
1252 1131 20
738 1342 7
42 1395 7
157 973 2
432 226 3
603 958 2
838 1418 7
514 1351 2
117 241 30
440 274 10
1045 950 16
1216 97 8
391 235 2
55 255 2
199 750 30
270 485 2
860 102 8
792 101 26
311 536 30
1303 750 7
1075 426 7
40 753 7
55 646 8
601 135 7
1054 793 8
359 681 2
40 1482 8
480 723 2
226 546 31
712 1217 8
505 1314 8
1461 348 41
124 980 1
1035 1198 2
1358 667 27
1061 873 33
46 83 8
1354 1191 12
951 88 3
1258 26 2
920 940 2
1037 200 2
665 1450 2
468 945 2
240 675 2
524 56 30
681 1447 2
899 770 7
359 1296 8
558 873 33
276 97 8
814 92 8
840 873 14
362 646 8
350 936 8
1304 881 5
1024 488 2
324 447 2
519 1445 1
894 1035 2
672 569 2
1012 732 7
280 293 66
891 1419 8
1340 974 7
315 833 7
736 735 6
191 1337 7
377 1246 5
1561 742 2
1010 59 7
1443 446 2
1093 875 6
1153 42 8
1565 26 2
1541 1475 37
211 1550 8
841 1510 2
197 433 7
474 1472 5
1307 1153 6
1087 982 2
540 177 2
362 976 30
1262 1325 5
101 766 8
424 450 8
222 948 15
519 165 7
309 458 2
519 503 2
1326 663 8
874 1217 8
398 357 2
432 808 8
1314 523 23
315 1204 30
844 1345 2
1307 1418 7
226 805 30
377 579 2
145 681 27
940 593 7
1239 1371 30
1414 1217 8
273 859 2
377 929 7
110 1392 1
518 1550 8
871 92 8
834 1033 2
780 536 30
1550 63 8
1404 118 2
369 841 2
1193 437 50
944 903 2
215 855 5
657 934 15
1002 873 14
681 1373 0
580 990 1
568 546 6
1271 274 12
1445 1014 0
766 1290 5
912 1502 2
450 938 6
519 724 30
1098 1514 0
383 1518 30
24 274 12
829 978 3
255 273 8
301 1216 77
1304 1577 5
176 101 45
373 1550 8
922 831 2
684 1371 2
934 932 8
1254 568 7
340 487 7
551 1515 2
1208 658 0
284 85 45
540 581 2
139 1376 30
875 284 6
1216 1156 7
905 728 8
217 793 8
1114 745 2
1022 438 8
205 646 7
849 350 30
185 1047 27
108 753 8
1128 1420 8
1329 714 2
314 763 2
1357 367 2
532 1135 2
417 54 2
872 849 2
442 533 3
1239 462 8
416 1309 2
872 1199 7
880 915 2
872 1141 2
872 1578 3
350 576 14
66 514 2
992 543 2
1138 92 8
1570 54 8
499 1251 2
591 115 15
1304 796 7
200 1437 8
118 1325 5
166 882 2
191 627 8
850 723 2
867 753 2
1084 89 2
858 789 2
1298 83 7
1078 233 27
377 1161 7
1000 973 9
266 494 2
1364 101 26
720 1296 8
494 824 23
1177 1062 8
1537 102 8
704 1114 1
340 1287 7
1185 1128 8
1404 31 33
575 233 27
1496 1598 38
337 1223 27
723 844 2
594 767 2
1201 1230 5
1252 479 2
337 1515 27
1495 259 2
1035 1097 7
1030 651 53
1252 433 7
581 1024 2
1561 958 5
135 719 8
609 119 8
159 40 8
468 494 2
274 669 76
1357 771 2
810 65 8
240 620 2
276 88 3
442 500 2
228 514 2
1266 32 8
102 840 2
276 42 8
442 792 2
519 1098 1
1355 129 2
344 663 8
1003 363 2
1223 1309 2
773 1230 2
647 426 7
241 1239 30
1455 101 2
1239 991 2
158 377 6
869 420 2
144 52 5
229 1345 71
872 166 2
873 1401 44
255 958 5
1561 327 2
995 958 3
313 1307 13
1337 92 8
286 183 1
769 672 2
1128 273 8
169 1314 7
321 108 8
1084 717 2
483 485 1
50 477 2
226 458 30
945 1003 2
1084 1009 2
117 418 30
1337 987 55
204 658 66
1416 1345 2
1184 689 2
852 568 7
706 735 6
1084 1004 8
1551 681 4
321 40 8
267 206 27
1475 727 57
1439 948 15
805 272 31
147 833 8
172 83 8
1515 677 2
1160 1561 2
928 1301 2
657 925 10
1232 1325 5
1037 841 2
374 1106 2
1177 485 27
1078 291 8
701 1122 2
636 377 8
928 1197 2
371 1314 7
220 101 26
999 1093 77
1561 606 35
454 568 7
841 3 8
600 373 6
841 341 3
227 133 1
505 226 3
155 993 2
1158 1310 8
701 1054 2
1024 1525 2
450 1554 2
320 377 6
1567 1007 1
1206 483 15
1025 1355 2
899 551 7
681 1578 7
987 1255 2
1084 614 67
301 1093 77
284 1102 5
632 939 15
1573 4 1
92 1021 2
512 1206 36
934 855 3
841 1335 5
737 939 15
592 347 50
34 1252 40
550 1562 2
617 1206 36
982 691 1
205 200 1
1080 1062 6
343 808 8
995 606 33
584 889 40
619 546 31
877 1114 2
1570 1310 8
978 1515 2
1170 372 1
420 638 27
519 629 64
1135 291 8
192 925 2
1087 1550 8
1178 658 0
1230 47 8
1216 929 7
191 794 44
183 565 2
195 1062 8
555 102 8
1438 1314 8
847 917 8
1016 755 5
632 291 8
870 881 3
843 882 2
1084 75 3
841 704 2
592 1399 6
499 452 12
717 812 2
900 1325 5
1023 338 5
52 102 8
147 1362 2
721 488 27
834 476 7
1369 1472 1
1128 338 5
1076 350 2
1393 619 27
1166 1384 8
983 50 14
145 689 2
936 1418 7
643 296 8
291 80 8
309 960 30
259 607 7
851 1341 30
208 536 30
377 753 23
255 455 2
350 607 2
1052 1217 8
594 712 2
505 808 8
1472 1076 57
117 1480 1
485 1198 54
1479 1345 2
1163 259 8
980 639 30
945 179 8
572 568 1
220 393 2
1028 126 2
1166 297 8
1232 1556 48
338 387 7
107 808 8
1023 1305 8
1155 21 8
676 261 2
447 1156 8
455 831 2
977 1070 5
880 1556 2
83 1243 7
309 1389 7
957 1325 5
226 78 2
837 658 0
769 393 2
191 877 2
1100 254 12
550 1371 33
1445 910 2
328 462 8
486 1514 0
884 1482 7
1237 65 8
1327 568 7
1555 619 27
591 1514 0
1201 102 7
1502 573 15
1536 377 52
1497 1325 5
1570 627 8
476 830 30
847 1212 7
1011 112 8
635 494 1
1458 551 30
719 568 7
724 789 1
206 1472 5
618 459 7
951 515 21
197 296 8
36 1345 2
1058 272 2
51 1197 2
623 1252 2
1507 523 57
30 677 2
380 681 27
1187 83 8
278 777 2
161 1062 8
49 554 23
83 129 8
1544 65 8
370 1079 2
618 729 2
164 808 8
1460 348 41
1039 1418 7
1163 1252 2
606 973 7
1500 1355 2
126 609 2
259 366 2
831 421 2
609 1156 8
9 363 1
483 1086 8
377 401 2
815 770 2
250 1550 8
56 704 30
393 47 8
1502 222 2
1378 726 2
524 642 30
1079 667 30
588 1086 8
256 646 8
56 1392 30
1527 259 8
218 551 2
1028 66 2
651 158 40
702 1301 7
1036 393 2
1421 293 66
997 1570 7
742 1376 15
636 1070 5
226 1375 27
112 619 27
1259 374 2
661 1153 6
642 911 31
432 446 1
1137 789 8
1251 1446 2
672 759 2
787 1556 7
63 1325 5
568 1097 7
99 1621 7
337 21 27
551 1405 2
202 656 1
383 1340 30
1505 291 8
438 1033 2
1461 996 2
1461 600 2
805 646 8
681 458 33
1217 1156 48
812 31 14
343 65 8
1197 384 5
728 1304 5
1408 1465 5
643 1210 57
286 428 1
350 1456 30
334 393 8
417 545 27
838 1070 5
102 75 3
112 377 8
393 1417 27
1201 1418 7
1313 808 7
289 543 2
20 1475 5
988 101 2
363 881 5
519 229 2
724 1516 7
1306 1418 7
945 1284 2
973 541 2
1188 568 7
765 92 8
1317 1217 8
636 726 8
646 916 8
910 138 35
517 1550 8
674 1170 0
1358 1152 26
374 1351 2
124 1419 5
348 920 1
960 153 12
1527 663 8
195 147 8
0 658 0
888 1176 15
738 462 8
241 1507 12
736 226 3
263 254 12
590 789 2
514 75 3
140 314 2
899 1296 7
1496 1196 38
255 504 2
1358 1417 27
485 586 2
1225 1023 1
505 65 8
259 890 2
101 1073 2
255 796 2
112 808 7
565 917 2
1502 531 33
982 661 5
1177 92 8
460 476 2
340 713 7
1316 1310 5
1316 926 15
658 1161 7
314 661 2
572 554 2
677 104 2
1035 569 2
221 722 2
306 1395 7
593 259 8
540 1495 2
1252 296 8
1184 1314 5
205 476 7
521 1166 1
200 1340 2
681 818 2
264 1465 5
199 200 2
540 1031 2
681 813 8
872 1367 2
915 179 8
1315 600 52
786 1314 5
1325 1583 8
550 63 8
1413 1062 7
651 488 38
1230 958 3
1304 626 7
995 114 8
974 49 2
925 109 0
550 355 8
518 770 2
45 1358 2
939 743 5
499 366 33
1326 102 8
1258 101 26
623 905 2
162 1418 7
65 1088 7
721 769 27
623 1296 8
1181 932 8
387 424 7
865 197 8
298 147 8
255 1492 2
539 873 30
1404 1264 2
403 147 8
980 988 30
1055 1563 7
424 1325 5
488 272 2
240 622 2
681 520 0
159 235 2
565 1045 53
255 1127 8
449 681 27
1224 393 5
476 1250 2
110 471 1
255 1424 2
1398 551 2
577 859 2
479 600 2
1328 960 35
1155 766 8
701 256 2
891 934 1
470 240 2
1158 116 8
533 191 30
555 377 6
386 278 9
1105 1266 1
446 1112 2
231 882 2
939 3 8
551 1058 2
551 662 2
652 603 6
366 976 29
1357 562 23
316 623 6
325 1316 7
438 978 2
325 251 33
1214 387 7
1128 176 2
676 1126 2
676 730 2
905 172 2
1316 938 1
555 1376 2
555 980 2
1561 517 2
1460 251 2
905 167 8
1219 1395 7
882 1131 2
177 770 2
1022 273 8
889 26 2
437 976 2
643 863 6
545 272 2
279 314 27
1568 235 2
806 873 30
1525 1418 2
1304 47 7
974 1073 2
880 750 2
267 500 27
309 228 8
519 232 7
729 516 2
35 882 2
772 1312 77
620 476 2
374 1016 12
631 1418 7
870 37 8
1540 1062 8
1405 1033 2
1240 441 66
1547 92 8
462 450 5
1510 1033 2
155 1287 2
601 934 7
987 960 35
392 102 8
1025 1357 2
364 291 8
565 739 27
575 882 2
380 689 2
729 47 8
485 239 2
852 663 8
642 823 30
116 945 21
1270 400 2
255 449 2
255 53 2
1344 1498 57
1233 584 1
337 1058 27
337 662 27
887 1114 21
192 676 30
672 1436 2
309 823 31
1374 344 2
19 40 8
440 676 2
45 536 30
230 1418 8
878 1395 7
347 1128 8
27 934 15
1014 881 3
932 65 8
3 1374 8
108 91 7
789 1657 59
993 770 2
873 1606 2
995 1124 33
1025 197 8
651 501 38
189 101 33
377 338 5
867 992 2
434 646 8
117 1340 30
704 851 30
883 377 8
118 412 5
1215 276 7
1309 1333 2
290 1418 7
591 286 15
200 1212 8
110 325 19
619 878 2
463 600 71
939 1125 6
406 1217 8
1090 824 2
1416 200 2
849 600 2
729 1436 2
1394 1035 27
599 254 12
910 88 5
736 65 8
1340 1475 5
756 102 8
278 667 2
917 603 6
1383 847 2
125 1035 2
501 1062 8
403 92 8
833 646 7
53 1296 8
255 1077 2
340 1354 7
1516 104 2
485 763 2
1145 1395 7
1176 881 3
101 883 16
269 226 3
1460 117 30
922 1234 2
1220 735 6
1252 546 2
928 276 2
945 743 3
435 646 7
235 471 2
681 433 7
1463 929 7
681 771 2
552 1090 2
1045 377 8
350 661 2
560 980 1
646 73 21
672 854 27
1253 1217 8
233 1396 8
447 1283 2
383 595 41
1352 554 2
106 191 2
459 1384 8
273 1314 5
1296 881 5
108 1156 8
185 1054 27
672 289 2
1221 568 7
1450 1555 2
476 1124 30
23 642 30
789 390 8
551 97 7
1304 907 7
978 662 2
1203 1153 6
279 259 27
627 1086 8
49 1191 12
519 223 2
658 270 3
498 1418 7
570 1070 5
303 1108 8
55 1062 8
647 1550 8
224 293 0
285 393 2
30 903 2
1232 267 55
600 320 6
1168 1470 2
488 1309 2
752 1550 8
739 309 2
258 1181 7
387 601 7
255 667 27
642 766 8
227 372 1
567 441 0
945 1106 2
297 291 8
249 1550 8
1495 1418 2
317 829 5
686 646 68
485 1391 2
208 1564 1
1405 514 2
259 488 2
1025 191 33
536 911 31
903 1258 2
701 829 2
309 761 15
726 1094 30
951 390 8
125 284 2
449 689 2
1193 381 50
1352 808 7
849 568 15
701 1121 2
925 297 2
454 1301 2
555 619 27
1348 1502 2
911 1062 8
996 1468 22
565 46 8
1023 848 8
909 92 8
420 189 27
832 658 66
905 453 2
441 959 7
109 1217 8
919 1128 8
185 475 27
421 1475 7
298 1197 2
545 1309 2
303 1121 2
234 147 8
995 381 33
532 167 2
1022 158 8
386 293 0
1329 434 2
1228 383 7
867 249 2
208 450 2
872 569 2
213 770 2
1070 88 5
233 249 8
417 667 27
318 770 2
306 1550 8
973 434 1
1402 1153 6
1570 1377 8
910 724 35
411 1550 8
519 455 2
867 181 2
848 1395 7
939 341 5
292 672 2
183 1028 2
535 789 8
535 393 8
979 259 2
303 75 3
116 519 25
1251 594 10
729 693 2
841 479 2
1013 1472 5
21 995 1
603 623 2
102 899 5
1179 726 7
1551 1084 4
841 433 7
267 462 7
183 663 8
1335 412 5
604 903 2
223 272 31
919 393 5
384 568 7
1404 466 2
1413 1217 8
140 540 2
642 1500 30
135 1381 7
489 568 7
701 1525 2
88 412 5
1518 1217 8
1238 823 16
125 980 2
502 750 30
1047 677 2
729 958 3
910 1199 7
945 22 8
1545 226 3
925 993 2
1081 1128 8
271 1217 8
663 901 5
866 880 15
282 719 15
40 787 8
1166 736 39
565 1039 2
570 1062 8
56 539 30
20 1316 7
591 476 33
341 314 2
205 770 7
1466 94 1
502 974 30
1357 491 2
851 1340 30
882 68 1
205 1062 7
1140 824 23
208 808 7
265 191 30
1252 423 2
185 707 27
1408 658 0
903 502 8
362 417 30
416 619 27
1136 1384 8
102 492 2
102 533 3
442 881 3
76 102 2
420 148 2
915 743 3
1497 412 5
1173 345 0
202 464 2
1084 901 2
404 344 2
1380 272 20
519 1479 2
639 350 2
154 412 5
642 492 2
302 494 7
303 370 2
287 1376 2
347 1239 30
934 1424 1
502 1345 2
166 1230 2
395 672 2
514 1352 2
43 568 7
759 197 8
1056 1395 7
398 22 2
420 471 8
246 1206 36
500 672 2
945 443 12
148 568 7
251 983 16
1179 147 7
824 594 6
270 882 2
117 138 30
267 30 27
1405 235 2
1184 409 2
406 83 8
617 1070 2
1406 65 2
267 322 27
912 856 6
55 543 8
856 355 8
1054 1086 8
719 1296 8
1244 441 0
200 1118 5
1160 554 23
905 739 27
155 25 2
1337 499 21
255 42 8
479 1217 8
1252 1515 2
32 92 8
555 603 6
701 774 2
483 793 8
142 259 2
349 1404 2
1036 856 2
101 152 2
795 1384 8
643 865 6
675 676 2
219 898 2
840 485 30
1223 619 27
101 881 3
369 831 30
1144 147 8
1093 1236 6
3 226 3
1553 677 2
190 1450 2
905 2 2
1201 1266 1
687 21 8
424 770 7
744 1140 1
303 1457 8
686 293 66
1446 89 2
897 259 8
503 735 6
977 514 2
1325 730 8
808 1207 5
267 1122 27
269 1230 2
14 1357 1
1257 1491 5
1151 847 0
945 1351 2
867 855 3
1550 424 8
1054 681 27
1376 686 1
603 172 2
494 528 2
980 75 3
860 1419 8
567 1014 0
219 223 26
208 1070 5
380 519 2
45 729 2
580 991 1
1193 1126 50
1193 730 50
1477 925 2
991 278 9
21 1309 2
603 104 2
145 409 2
494 163 8
102 1213 6
1443 441 0
1166 1396 8
1391 272 2
1035 516 2
1500 447 2
259 665 2
904 910 84
1252 1455 2
167 1150 8
138 973 7
100 441 0
594 531 8
1176 37 8
841 696 19
982 436 5
717 519 35
501 92 8
581 689 2
833 1325 5
856 432 15
658 936 7
208 65 7
409 513 26
558 191 33
1132 1070 2
1250 808 8
1355 458 33
447 89 2
1145 1550 8
167 925 0
990 663 57
905 1026 2
78 689 2
3 808 8
83 1405 2
1317 259 27
1304 136 6
519 1200 2
997 594 7
598 851 30
217 1086 8
681 296 8
1297 1084 1
1022 1127 8
70 514 1
945 1335 5
258 642 30
753 83 6
322 1086 8
607 646 5
417 9 7
322 987 2
681 588 8
551 33 2
729 1042 2
265 1070 5
731 1570 7
1308 850 6
309 983 2
616 1358 2
921 309 30
183 1309 2
462 976 5
628 1418 7
1194 770 2
309 937 7
769 40 8
1437 450 7
48 879 2
395 221 2
1271 1355 2
514 901 2
870 891 8
1056 903 6
843 1230 2
841 1052 2
603 1196 2
720 568 7
347 619 5
978 88 2
255 975 2
24 1355 2
255 929 7
227 810 15
594 1227 8
833 476 7
1496 1599 38
1475 595 12
268 226 3
784 789 77
122 393 2
1506 974 33
476 1025 2
1176 1457 8
1196 387 8
1024 210 2
1035 1436 2
1023 1388 7
1040 1418 7
162 147 8
1155 937 8
903 1044 53
279 56 50
1024 898 2
29 291 8
1135 1070 7
1155 833 8
903 1148 2
527 658 66
297 1325 5
593 1418 8
584 1004 8
1258 259 8
1028 78 2
673 1358 2
882 1078 2
442 59 7
1242 514 2
322 681 27
778 1358 2
81 293 0
102 1133 2
447 717 2
790 1418 7
221 210 2
545 219 2
324 789 2
1444 290 2
141 342 9
1126 1376 2
302 447 7
1000 910 2
80 377 7
1217 533 59
905 384 3
295 945 2
1358 168 2
716 1314 5
1291 980 5
1338 387 8
983 1230 7
1098 1070 2
1316 1005 1
769 1033 2
651 737 2
873 1006 44
1081 1403 6
202 1037 2
631 1266 1
197 1108 8
503 284 6
569 1070 5
1221 663 8
226 68 24
409 1133 2
1304 114 7
399 233 27
1404 1112 23
1191 41 74
1438 291 8
131 186 67
291 1525 2
847 249 7
945 1016 12
1404 1124 33
676 830 30
867 462 8
1062 627 6
1213 1217 8
1081 65 7
377 537 12
1295 1550 7
910 546 35
147 1131 2
766 92 8
1329 311 35
154 26 2
1163 1496 53
1055 1570 7
108 1335 5
226 724 31
235 1393 2
1193 279 50
349 1357 2
1495 101 26
155 347 33
374 1003 2
938 235 2
707 219 2
486 789 2
377 848 8
192 519 30
268 808 8
940 763 7
1119 536 30
729 114 8
56 1448 30
841 296 8
591 789 2
259 1006 2
102 1491 7
980 1118 5
550 81 10
1029 1450 2
1193 607 50
1229 377 6
1158 1207 8
279 976 50
1466 1691 1
805 1062 8
672 1211 2
584 1236 8
853 754 5
1036 1033 2
397 1475 5
789 537 12
772 1241 7
1354 374 2
383 1292 30
96 1070 7
1454 450 2
1087 412 5
226 762 2
1201 376 5
158 1325 5
745 1472 37
141 970 9
56 1124 16
112 793 8
189 987 2
464 950 14
681 246 2
1128 929 7
309 704 2
221 1125 8
81 976 33
873 985 2
1329 614 7
1294 1296 0
981 789 7
91 1015 8
543 758 2
1476 1193 30
156 1062 1
442 37 8
1198 651 53
66 856 2
494 201 12
600 1138 6
856 1337 2
255 1152 26
507 1550 59
1304 346 7
1328 63 7
636 1079 2
973 889 2
1312 808 7
1414 1062 7
1305 1418 7
126 272 31
536 1500 30
729 1211 2
1482 1070 5
915 1335 5
486 1101 12
152 476 2
934 850 1
1015 631 15
1140 3 10
48 756 2
40 685 8
365 233 27
591 1101 12
1447 658 0
933 543 2
606 684 2
1443 1014 0
254 879 74
1056 1550 8
584 488 38
565 577 2
489 1419 8
1233 987 1
1382 939 7
594 1104 8
1188 915 50
350 504 2
565 869 2
1155 90 8
914 233 27
905 979 2
341 540 2
71 1170 0
1466 320 1
623 1230 20
1357 717 2
1028 127 2
286 813 15
819 663 8
1166 298 8
223 536 2
913 1395 7
314 1405 2
102 390 2
1357 1009 2
1082 259 20
551 778 2
459 471 8
417 1152 26
789 1126 33
101 37 8
441 881 3
284 627 52
454 83 8
303 664 2
291 517 1
684 160 14
514 1250 2
551 606 2
870 1199 7
1056 856 6
870 1578 3
190 980 2
872 112 2
1201 4 1
84 551 2
1446 37 7
92 167 2
1541 789 2
1241 658 66
768 387 8
995 462 8
702 376 5
518 1217 8
266 658 0
267 616 27
267 220 27
291 782 2
1314 745 2
743 182 7
1480 1170 0
514 1078 2
872 39 8
377 178 2
4 1377 6
485 1338 2
176 785 2
250 412 5
1021 393 5
600 95 6
1076 233 27
503 540 2
63 255 2
52 1419 8
1475 1069 57
273 750 2
373 92 7
147 1076 2
1031 1325 5
309 172 8
244 568 7
944 398 2
735 1227 8
33 221 2
945 1173 2
1496 569 38
1466 1016 1
1135 272 31
268 65 8
380 409 2
729 163 8
337 1213 6
498 147 8
689 916 7
514 90 8
818 1070 2
487 663 8
349 191 33
110 1111 1
808 70 2
1024 1075 2
337 778 27
220 1418 2
623 255 20
1355 771 2
238 485 2
667 102 7
676 1250 2
689 848 7
192 396 30
89 982 7
292 856 20
267 477 55
1445 441 0
799 101 8
1028 1047 2
231 1230 2
789 1262 2
1025 1296 8
383 1341 30
1482 1062 8
689 1577 8
851 883 30
1001 1101 12
575 1217 8
849 309 30
314 722 2
359 108 8
56 381 16
1261 83 8
301 935 77
226 707 2
805 147 8
238 808 8
978 1133 2
226 661 7
206 1358 2
350 1457 30
533 978 2
194 1252 2
1274 214 75
650 1084 2
519 653 1
73 1502 2
291 1536 7
1084 1359 2
99 226 3
1177 903 27
1216 916 8
185 78 27
605 1070 5
722 808 7
502 200 2
284 381 2
398 480 2
573 939 15
574 519 35
230 729 41
318 793 80
986 235 38
50 947 2
374 1352 2
499 31 33
1477 345 0
1314 1322 13
913 1621 5
377 1098 2
870 822 9
1174 420 2
451 726 30
439 620 30
810 903 1
20 867 7
486 1070 2
48 305 2
117 1098 1
575 1230 2
218 101 26
101 671 16
1053 1358 2
452 568 7
606 291 7
242 1257 2
647 284 30
56 22 30
912 314 2
1140 1046 12
1321 856 6
928 387 8
681 491 2
1171 167 8
233 783 7
1537 1325 5
1191 705 5
63 643 5
1446 1407 2
202 411 2
152 642 30
1232 872 2
1317 485 27
185 878 27
1138 387 8
812 952 14
698 102 8
417 90 57
1011 1437 8
903 277 8
810 226 3
1225 144 48
1217 766 48
1114 1160 2
334 1314 8
1496 416 40
769 235 2
197 18 8
1088 770 2
526 905 2
539 841 2
66 1033 2
1336 770 7
1304 627 7
1522 1395 7
737 1230 2
1533 681 1
829 1153 6
409 335 2
1314 2 2
1340 387 8
936 1290 5
303 140 8
945 602 2
603 1026 2
377 1388 7
173 723 2
1383 1217 7
912 735 6
255 1493 2
144 937 7
829 1418 7
1323 284 14
1527 377 8
762 412 5
147 287 7
31 903 2
582 101 26
1438 1325 5
835 65 2
563 108 1
847 112 8
1183 240 7
1526 83 8
660 293 0
454 459 7
498 92 8
1456 1564 1
1328 961 35
789 109 0
148 1296 8
255 1420 8
259 208 2
605 1062 8
543 849 41
834 108 8
457 147 2
447 1407 2
337 35 27
1000 721 57
56 546 30
56 942 30
790 1316 7
1166 183 8
232 677 2
584 438 8
1475 1045 12
450 1445 2
449 409 2
218 393 2
1314 1657 5
527 976 5
1003 274 12
1036 235 2
813 726 8
194 973 2
899 442 7
442 623 2
689 1131 2
323 789 2
1247 309 33
1239 890 2
844 750 30
438 233 27
19 101 8
210 259 2
1336 1570 7
238 65 8
437 1395 7
1562 1274 12
1461 1234 2
383 1235 41
810 808 8
978 1078 2
1338 514 2
1443 910 2
641 219 2
98 553 44
872 289 2
1193 1298 7
513 1079 2
1098 873 33
757 206 54
229 553 71
859 231 2
66 350 2
83 380 2
917 1314 5
415 554 8
1476 723 30
1372 110 5
309 917 8
1409 282 2
391 1035 2
295 284 33
393 298 2
841 199 2
1247 658 0
1527 568 7
779 1070 5
987 961 35
862 92 59
616 729 2
1146 1062 7
1037 1418 7
1343 594 5
789 445 0
350 667 27
484 1090 84
40 179 8
813 594 1
1032 108 1
1480 446 2
1214 1070 5
340 727 7
663 329 5
1183 974 29
145 872 2
909 221 2
1188 117 50
558 681 2
912 259 2
1014 472 1
52 1325 5
980 513 26
116 272 2
672 1333 2
1014 863 7
934 1396 8
485 63 8
116 663 8
851 1456 30
565 399 2
1454 676 2
229 284 2
457 1395 2
912 191 2
1181 1118 5
42 315 50
417 1479 27
593 101 8
212 600 2
272 1481 20
176 1168 41
873 1607 2
200 890 2
209 808 7
601 1325 5
1009 808 8
453 1403 19
961 1140 1
183 377 6
258 417 30
463 387 8
191 471 8
867 993 2
213 1217 8
117 1341 30
1119 1128 8
281 701 27
201 973 74
437 393 8
1114 98 33
155 1214 0
1393 412 5
519 803 2
806 191 30
55 102 7
291 380 2
183 1376 2
48 654 2
278 736 2
53 974 2
1397 1550 7
729 1041 2
738 1396 8
603 1367 2
1383 870 7
35 200 2
272 838 7
599 284 33
789 1491 5
643 487 8
911 1450 1
1500 1314 2
148 976 7
1287 1274 12
912 284 6
101 952 16
261 254 12
392 1419 8
1448 476 30
947 1345 2
449 1395 7
1136 1243 7
980 830 30
359 1090 2
201 376 5
913 856 6
110 21 1
1162 102 8
350 730 2
1035 1211 2
917 915 2
127 726 2
56 199 30
122 856 2
447 1352 2
170 851 30
218 442 2
673 841 2
455 1418 2
135 787 8
20 102 8
1014 1491 7
653 1357 2
159 108 8
1022 1161 7
1474 945 2
228 978 2
1110 978 1
1563 1298 7
447 1284 2
789 360 2
551 900 2
870 1097 7
519 1562 1
1082 50 41
696 101 8
1252 766 8
1040 147 8
396 381 16
859 1555 2
312 750 2
1449 677 2
635 789 1
429 856 2
756 872 2
724 1084 1
910 37 8
230 272 8
154 101 26
254 421 9
255 338 5
1215 1301 7
302 550 7
506 1395 7
894 980 2
1193 1243 7
83 33 2
642 881 3
140 476 5
856 880 2
618 1024 2
1303 1563 7
1119 377 8
580 487 1
391 980 2
620 26 2
226 922 30
485 1081 6
731 594 7
1176 1199 7
270 1230 2
1514 186 1
795 1243 7
600 613 6
863 197 8
167 646 8
347 1314 5
1 735 6
1176 1491 7
365 882 2
750 63 8
982 719 8
701 898 2
381 663 8
1117 393 5
527 1325 5
907 903 2
114 1418 2
704 202 7
1373 925 2
858 101 8
477 600 2
110 1337 1
255 390 8
914 882 2
1379 417 2
337 1004 27
1026 272 2
579 808 7
903 1213 7
442 158 27
1140 1124 33
681 1016 12
1153 167 8
1316 805 5
772 229 1
417 1509 1
1035 168 2
442 1196 2
558 1314 2
1266 728 8
643 1213 6
1355 562 23
1035 163 8
1535 1230 20
101 891 8
1308 54 6
284 1566 5
882 667 27
464 235 2
1446 901 2
848 735 6
417 1424 27
368 750 30
1304 252 6
27 450 30
867 250 2
191 421 2
1228 681 1
1463 116 8
108 766 8
87 701 2
305 677 2
872 1258 2
729 762 2
284 269 7
1314 952 33
284 607 2
859 804 2
519 806 7
309 1099 2
395 1252 2
360 1475 37
1114 685 8
925 0 0
514 329 2
607 1114 2
810 1197 1
1183 1217 7
165 255 2
171 1314 8
592 779 6
1076 882 2
291 716 8
348 751 1
1295 584 53
1538 1062 8
727 873 33
272 1121 2
729 1377 8
1084 97 8
350 1291 16
285 102 8
1052 1358 2
267 796 8
1522 1550 8
910 275 67
126 1418 7
205 1529 77
891 1325 5
780 658 0
586 872 2
1156 568 7
476 349 2
464 1035 2
350 675 2
912 540 2
1261 568 7
1359 1561 2
285 420 20
531 976 30
1252 492 2
135 44 8
1495 272 2
447 901 2
238 233 27
1480 200 33
220 565 2
487 102 8
990 1079 57
665 1070 7
396 546 30
1439 272 31
270 476 30
681 717 2
899 40 7
753 603 6
1535 255 20
882 798 2
790 450 7
907 147 8
1474 494 2
641 1150 7
419 646 68
552 1328 2
417 1364 27
1230 128 2
1304 151 5
559 619 2
653 191 33
657 1328 2
906 114 8
207 812 1
322 396 33
886 770 2
1502 813 15
641 1128 2
727 1514 0
70 903 2
542 125 2
514 1025 2
183 619 27
1114 671 33
362 642 30
877 499 2
35 841 2
1525 1309 2
318 83 8
1221 383 8
647 808 8
269 603 2
189 303 2
398 23 2
267 391 27
309 119 8
982 44 8
626 1035 2
1061 1274 12
117 535 30
619 638 27
1298 770 2
503 315 2
167 200 2
485 1405 2
492 831 2
23 1355 2
623 108 8
576 684 1
163 101 8
45 102 2
584 737 2
1458 1239 30
810 446 1
701 843 2
1042 882 2
1496 344 38
150 102 2
1377 1418 7
276 167 8
1166 769 8
747 282 23
377 172 8
1259 568 7
1200 485 30
138 684 2
1179 987 71
450 983 2
447 853 12
239 689 2
122 1033 2
1252 1120 2
118 543 2
316 1210 6
1176 98 8
1567 1561 2
676 1025 2
101 863 7
922 101 2
28 291 8
956 1314 5
349 282 23
939 918 8
432 910 1
442 1141 2
392 1325 5
721 879 9
1460 1234 2
314 497 2
789 933 2
185 1131 2
1327 603 6
1291 1608 46
417 1077 27
735 938 52
505 272 31
545 859 2
172 677 2
550 1575 2
291 920 1
1131 441 2
1358 516 2
621 532 57
997 259 7
309 424 2
1460 1166 2
74 314 2
34 905 40
1188 808 7
420 1069 2
325 50 70
540 471 2
131 998 67
285 1035 2
1058 995 1
395 905 2
279 729 27
58 1252 2
398 1047 2
576 284 14
195 387 8
1297 681 1
1304 462 7
673 1070 5
222 293 0
1526 568 7
603 569 2
743 1314 8
1125 412 5
117 1455 30
159 1450 2
1084 88 3
594 605 2
49 374 2
22 272 31
1176 70 1
147 1479 2
829 1007 2
255 1036 2
594 163 7
934 174 1
272 1457 8
1493 1418 2
1401 1070 7
40 743 3
999 274 5
291 139 3
128 672 2
514 97 8
1171 114 8
337 889 27
565 693 2
1082 974 30
998 441 66
101 1199 7
464 980 2
1215 1472 5
387 129 8
1214 1170 0
101 1491 7
1483 903 2
1171 384 3
1163 272 8
446 656 2
1166 18 8
449 1550 8
592 47 8
442 166 2
374 1225 0
1520 1070 5
447 486 2
787 1086 8
1308 627 6
907 92 8
233 891 8
649 1166 1
912 808 8
1381 226 3
95 1070 7
1328 1102 37
220 442 2
1308 1315 6
869 272 31
903 52 8
845 282 57
841 911 31
1079 27 53
664 856 2
878 226 3
311 450 2
872 1097 7
1230 297 2
1215 795 7
1553 219 2
168 1238 33
859 981 2
49 1070 2
1396 1550 7
315 21 8
227 483 15
642 37 8
108 88 5
1219 808 8
638 789 8
514 798 2
626 980 2
485 1058 2
500 514 2
517 940 2
1299 1355 2
419 293 66
739 200 2
499 265 8
1505 1418 7
396 1581 8
475 350 2
147 796 2
86 412 5
1045 1587 38
1230 960 25
126 726 2
1495 1309 2
925 1567 2
309 720 15
155 367 2
1457 393 5
950 1307 14
903 1045 53
945 562 23
138 291 7
272 18 8
316 863 6
337 206 27
923 340 2
1160 1550 8
490 129 8
228 1496 53
585 1307 13
101 458 2
593 1419 8
1466 1064 1
304 274 10
446 888 2
1028 475 2
1355 491 2
1507 999 19
917 619 27
1224 1564 1
677 1196 2
314 150 2
1259 387 2
813 793 8
199 1418 7
701 497 2
1052 83 8
576 1217 8
902 197 8
125 102 8
417 626 27
519 81 1
880 594 2
1230 1384 8
543 1437 8
420 722 2
772 46 7
4 347 14
140 1062 5
867 140 2
872 460 2
143 412 5
1090 436 2
1533 1084 1
58 905 2
897 101 8
285 980 2
514 883 33
116 420 20
960 681 1
1476 102 30
973 262 2
847 250 7
309 296 8
1427 1181 7
939 273 6
780 1239 30
315 1047 30
1230 212 55
171 808 8
1322 1550 8
1058 1309 2
102 1227 6
494 474 2
377 818 2
139 1358 2
127 1252 2
721 154 27
256 1418 7
944 350 2
357 974 2
361 1418 7
699 446 2
514 88 3
903 739 27
519 671 30
841 297 8
471 1230 2
114 101 26
97 735 6
259 611 2
128 221 2
772 1 77
148 393 2
337 834 27
101 31 16
1391 568 7
9 1395 7
170 102 30
192 293 0
193 1355 57
792 1028 2
1166 627 39
374 622 34
1466 1692 1
623 1325 5
347 873 2
1321 284 6
696 1419 8
582 663 8
917 750 2
684 1214 2
793 1307 13
108 331 7
723 90 8
314 778 2
648 681 27
1153 685 8
1037 147 8
759 101 26
1082 851 30
19 108 8
789 1226 12
993 568 7
981 83 11
92 919 2
141 971 9
787 594 7
1172 1325 5
368 976 30
593 272 8
997 144 7
679 1217 8
112 1086 8
985 1168 2
234 1062 8
1131 1014 2
876 691 1
880 1176 7
446 91 7
13 83 8
374 718 10
317 1004 8
515 1357 1
976 1100 2
199 609 2
1446 1351 2
531 945 2
861 550 2
65 877 7
921 255 30
183 859 2
278 178 1
1217 75 59
877 92 8
1458 939 15
856 27 2
344 1314 5
1397 1325 7
1299 1404 2
1210 393 8
148 459 7
1270 831 1
1161 412 5
999 876 77
485 228 6
1084 719 8
291 838 8
729 1207 8
1521 1550 8
743 226 3
829 450 7
987 53 35
945 249 8
1383 915 2
750 919 30
254 484 74
334 345 0
674 910 2
1292 987 44
998 1014 66
1252 322 2
233 1199 7
1291 108 44
882 1152 26
1110 1475 37
1026 1418 2
523 286 15
219 857 2
217 1395 7
774 882 2
1358 1493 2
701 269 2
441 472 1
555 873 2
106 723 2
112 681 27
677 1141 2
450 805 2
442 1031 2
345 1575 4
878 92 7
836 831 30
307 309 2
447 1351 2
550 89 2
377 1102 5
1093 1127 6
384 393 5
1252 937 8
535 925 2
178 856 6
620 101 26
350 830 30
139 536 30
1444 528 2
387 139 5
1137 387 8
81 282 23
191 833 7
221 47 8
1053 1070 5
350 1518 30
759 393 2
541 808 8
65 1505 7
1428 1070 2
1169 101 26
820 412 5
391 651 53
658 338 3
601 723 7
1475 1430 57
908 1070 5
1403 1310 7
533 676 30
1437 251 33
22 1355 2
568 506 6
359 1561 2
945 858 12
127 905 2
315 596 30
162 398 2
848 417 2
1171 1342 7
147 1077 2
930 337 38
1539 39 8
601 259 7
32 684 2
20 240 7
171 393 8
1160 1404 2
40 3 8
575 603 2
40 341 3
1258 568 7
939 46 6
33 514 2
154 259 8
470 1345 2
933 1418 7
494 54 8
221 1417 27
1271 446 2
350 1133 2
125 420 2
24 550 2
276 685 8
442 1097 7
65 1207 5
569 677 2
1024 1076 2
1215 1070 5
27 291 8
442 1389 7
1145 1217 8
238 882 2
676 1251 2
922 723 2
919 873 2
1056 404 8
707 92 8
1554 1170 0
441 1491 7
442 1367 2
234 387 8
910 909 2
672 1449 2
672 1053 2
40 1335 5
303 1315 7
1239 31 2
792 905 2
789 775 12
1225 1304 7
545 689 2
990 554 57
894 1550 8
1247 92 8
83 504 2
318 568 7
880 1563 2
647 233 27
286 1118 1
1215 65 7
1450 648 2
74 540 2
153 1112 57
347 851 30
309 942 2
641 1062 8
541 1395 7
981 677 2
117 1457 30
602 1325 5
600 792 6
658 1384 8
1075 954 7
601 272 31
777 65 8
1215 393 7
737 603 2
1405 1450 2
318 398 80
409 104 2
599 345 0
754 1420 8
272 626 7
1231 116 8
736 255 2
82 83 8
550 21 8
1287 1446 2
1446 622 34
45 1024 2
847 427 7
369 1033 2
341 1513 5
939 846 6
961 1084 1
145 663 1
736 646 8
603 399 2
939 1138 6
1377 1070 5
1337 251 55
1376 809 1
1307 272 8
958 315 7
284 606 2
926 293 0
1295 859 2
663 745 5
387 90 7
284 1388 14
465 1315 7
582 1309 2
4 627 6
980 258 30
808 1455 2
20 1556 7
1493 101 26
418 1239 30
1485 1114 2
561 1239 2
528 293 0
792 1309 2
678 1345 2
250 770 2
1028 638 27
1237 1418 7
565 1211 2
1058 102 8
3 1062 7
1442 945 1
659 1325 5
450 43 6
1163 102 8
592 1282 50
688 278 2
1377 101 7
520 847 0
672 78 2
322 903 6
220 1028 2
910 1491 7
126 147 8
551 724 2
844 987 71
297 1153 6
459 318 2
540 1393 2
789 179 8
1239 555 2
1121 259 2
1024 325 2
207 1024 2
648 689 2
98 646 7
316 622 7
641 903 2
530 550 2
985 1345 2
362 485 30
1328 751 2
1502 880 15
409 1196 2
1304 1384 7
317 848 7
653 282 23
890 377 8
284 865 52
1098 1357 2
446 1002 2
447 622 34
1008 808 8
1110 1062 8
65 1554 7
1331 789 2
1108 92 8
619 189 27
995 116 8
1499 1404 10
1176 992 1
1295 1217 7
1301 21 7
278 751 1
273 426 7
267 166 27
893 50 14
1461 536 30
499 952 33
49 873 33
1282 1114 1
374 670 2
1193 936 8
872 277 8
642 533 3
499 433 3
241 377 1
852 793 8
1490 90 1
110 833 1
227 489 1
454 600 41
662 1475 5
374 602 2
604 684 2
1466 962 1
1054 1550 8
986 255 40
1130 982 1
1329 1578 5
689 804 2
350 1078 2
823 940 2
219 1138 2
524 485 30
911 856 2
598 65 8
982 1187 5
15 135 2
1355 717 2
324 1376 2
233 1004 27
817 663 8
672 368 7
910 562 2
584 1127 8
747 658 0
1355 1009 2
689 1127 8
284 994 5
124 102 8
1444 809 2
980 1315 7
645 377 1
221 625 2
905 70 2
501 1014 0
185 488 27
133 1014 66
74 485 2
1476 396 30
420 1298 7
398 890 2
1337 221 2
277 1140 2
512 808 7
661 387 8
505 1418 7
992 83 8
406 910 7
328 18 8
1058 1166 1
678 808 14
642 891 8
729 1375 27
519 526 7
847 80 7
980 269 8
292 393 2
69 92 8
1295 681 27
601 1296 7
30 856 2
315 877 30
1177 677 27
693 101 26
317 1246 5
486 1084 2
36 609 2
724 48 7
1394 409 27
253 1507 1
798 101 26
1166 139 27
841 492 2
841 533 3
1110 1419 5
1394 701 27
1084 213 8
138 1114 1
23 155 2
163 1296 8
365 1230 2
291 1324 39
157 291 2
181 102 8
23 447 2
125 701 2
901 1475 37
1193 1194 50
340 1462 2
192 642 30
153 93 2
925 1110 2
939 1389 8
406 658 0
1364 1309 2
259 122 33
447 329 2
221 1029 2
592 539 50
1325 855 5
390 412 5
1442 494 1
218 976 7
303 1118 5
1020 1550 8
1359 554 23
945 1225 0
851 1457 30
795 86 2
116 565 2
1154 83 8
745 866 36
1391 663 8
272 60 55
446 327 2
789 129 2
872 1382 2
383 208 30
666 973 74
869 1153 6
406 1314 7
199 903 2
540 1338 2
363 440 35
925 998 29
657 1444 2
1450 533 2
676 49 2
83 1077 2
713 658 0
855 101 26
650 1274 12
303 159 2
882 54 2
1008 65 8
718 594 10
317 834 8
97 226 3
182 805 2
322 1550 8
1480 441 0
514 745 2
1312 1395 7
70 973 7
1502 1187 0
84 442 2
1373 1325 5
1098 191 33
1055 412 5
721 1076 27
902 1176 5
395 393 2
172 92 8
847 1396 7
769 108 8
618 689 2
719 793 8
450 624 30
1153 1342 7
270 603 2
544 1239 30
841 1120 2
191 1094 30
505 609 2
552 412 5
731 259 7
102 830 30
350 36 16
694 543 1
1166 1549 39
982 908 5
1039 1252 2
925 666 12
374 151 2
485 1156 8
1171 855 3
359 1086 8
111 1395 7
315 418 30
1382 1062 7
723 908 8
982 1132 5
98 995 7
1158 355 8
1466 443 1
220 1309 2
592 1459 50
324 925 2
651 1595 38
226 270 2
258 1114 30
267 368 55
677 971 2
272 471 20
13 568 7
1567 554 23
439 1227 7
901 543 2
506 735 6
542 541 2
1052 1070 5
247 663 8
676 1073 2
950 432 15
550 1003 2
221 273 8
200 208 2
905 114 8
884 3 7
1084 1250 2
1525 619 27
437 1314 8
1022 116 8
1144 92 8
654 551 2
872 626 8
1084 523 23
16 1348 21
897 272 8
1499 374 10
995 1377 8
454 1345 41
603 854 27
932 1153 6
727 1357 2
273 1395 7
267 739 27
45 226 2
147 929 7
584 98 16
641 92 8
117 883 30
961 677 7
603 289 2
1299 155 2
582 219 2
494 244 8
350 1381 7
25 278 2
255 360 2
1395 1298 7
361 1239 2
932 1418 7
45 450 2
235 1169 2
1193 451 50
1246 439 57
888 568 15
1024 223 26
1496 296 38
770 1344 5
150 450 2
925 367 2
143 1550 8
789 683 0
543 489 15
1454 1564 1
983 1608 46
255 292 2
945 622 34
911 1033 2
685 1395 7
689 667 27
1201 1304 5
737 750 30
1274 113 75
1140 821 2
913 147 7
108 881 3
278 596 14
485 743 3
396 607 30
420 1210 6
440 915 2
87 770 2
541 233 27
1035 852 8
144 817 5
569 726 8
1257 112 8
895 102 8
1176 810 15
417 1029 27
185 769 27
642 1199 7
1357 89 2
293 1125 7
995 279 33
945 718 10
837 1376 15
416 681 27
642 1491 7
82 377 8
973 1525 2
1409 982 7
976 1271 2
420 210 2
1239 80 8
620 723 2
872 1213 7
494 653 2
1453 417 2
1502 1132 0
276 1342 7
190 420 2
1304 518 7
84 387 2
960 1084 1
267 1367 27
1391 102 8
42 1062 7
1303 485 7
1401 1153 6
698 1325 5
1458 284 30
841 773 2
1295 689 2
485 778 2
4 1213 6
116 603 6
514 1305 8
1379 1114 2
1516 411 2
573 446 1
937 255 2
26 78 2
1516 1398 39
470 200 2
249 770 2
1193 1371 50
856 21 8
1212 1070 5
723 957 8
1171 462 8
701 112 2
1317 1070 5
22 726 2
568 273 6
1035 1553 2
565 1041 2
1377 291 7
329 1475 37
1468 1556 7
1446 1557 1
565 1333 2
56 437 30
1029 543 2
270 873 30
978 513 26
1014 1041 7
230 851 33
1287 594 10
995 1371 33
701 39 8
873 368 31
1451 1062 7
925 888 23
552 1329 2
1266 384 3
1179 584 71
657 1329 2
383 781 30
967 441 0
556 770 2
1223 681 27
569 147 8
540 1515 2
233 32 8
315 150 2
1252 1108 8
362 315 30
1023 63 8
1444 699 2
550 552 2
409 1026 2
372 658 66
759 272 2
555 872 2
1128 63 8
905 59 8
642 458 2
1277 417 5
1506 286 15
614 131 67
1128 355 8
1480 1014 0
357 1325 5
1446 151 2
117 208 30
420 833 8
1239 1396 8
84 619 2
1100 284 33
411 770 2
1099 646 8
818 866 36
1502 1330 15
1460 536 30
1554 200 33
941 1062 6
1201 1197 2
387 908 7
1193 766 8
592 493 6
592 97 6
65 384 3
514 523 23
377 246 2
731 144 7
841 1396 8
1550 90 8
879 284 14
498 387 8
267 1384 7
727 191 33
406 377 8
147 852 2
136 1403 6
163 102 8
148 485 33
159 651 53
828 1239 2
227 611 1
604 514 2
140 1358 2
105 99 0
1160 1191 12
876 1187 5
671 851 30
978 830 30
951 743 3
903 1565 2
173 1239 30
85 412 5
393 116 8
454 1316 2
459 1298 7
524 315 30
1300 1564 5
1339 341 5
594 139 3
0 1197 2
373 1217 8
808 138 2
183 1314 5
1140 474 2
88 293 0
455 1550 7
658 211 1
68 934 63
1404 1554 0
722 1239 30
226 843 2
314 498 2
286 961 1
551 1078 2
987 1228 1
769 1450 2
1329 741 2
417 1078 27
56 1567 1
447 151 2
530 1404 2
221 455 2
294 1418 7
1252 75 3
645 499 1
27 396 30
1338 1033 2
1106 254 12
1450 423 2
973 741 1
1290 1210 57
317 36 8
976 528 2
200 1073 2
986 1168 2
285 995 1
197 1457 8
437 226 3
581 284 30
1084 1381 7
373 1153 52
980 104 2
277 1274 12
1296 1243 7
862 387 59
980 495 8
616 1024 2
300 235 2
69 219 2
398 1340 2
1058 619 27
584 671 16
980 787 8
1090 1112 2
40 433 7
1498 991 5
601 1418 7
494 530 2
1163 619 27
117 1456 30
348 697 1
271 841 2
738 891 8
259 1131 2
162 1197 2
841 322 2
284 777 2
721 210 27
1028 189 27
377 1562 2
1210 1325 5
255 1037 2
1522 808 8
255 641 2
1254 1395 7
1527 1128 8
1101 1285 5
1173 274 12
980 719 8
191 192 30
941 393 8
1035 1375 27
656 309 14
1258 1309 2
1475 645 2
117 1562 1
88 651 5
1301 855 3
1458 255 42
1445 925 10
381 1239 30
197 1118 5
476 295 2
263 284 33
127 221 2
170 450 30
819 92 8
903 126 2
1024 168 2
900 672 2
876 436 5
903 80 7
240 287 2
905 1342 7
269 499 21
1450 1515 2
673 1024 2
524 286 15
1199 412 5
681 1351 2
1300 417 5
1232 1570 48
1114 1016 12
778 1024 2
1451 1345 2
812 1124 14
221 1479 2
390 903 6
992 568 7
178 284 6
216 1550 8
846 735 6
980 1196 2
995 355 8
880 1570 2
1230 35 23
600 70 35
315 90 8
867 1116 2
327 191 14
1093 779 6
434 1062 8
1079 86 7
29 1325 5
325 1418 8
832 721 1
437 808 8
995 183 8
45 681 27
1424 808 7
172 219 2
387 957 7
934 1267 1
150 681 27
399 609 2
1314 466 2
35 1079 2
945 670 2
856 766 8
1200 101 8
747 726 8
772 753 77
554 432 15
804 1070 5
35 1011 2
1004 873 30
1460 309 30
1230 961 25
915 911 31
186 293 66
154 83 8
478 92 8
876 1132 5
568 158 6
784 687 77
240 983 2
701 1081 2
1154 568 7
1025 1090 2
102 824 6
114 1309 2
563 905 2
1028 836 2
1024 504 2
459 1243 7
276 743 3
1429 1325 5
1493 272 2
1252 1457 8
1155 1127 8
218 565 2
550 901 2
279 642 50
1121 1418 2
590 102 8
1140 419 2
915 657 2
903 1437 8
755 90 1
303 1081 2
226 1184 2
910 728 8
441 815 7
1302 412 5
672 1169 2
108 37 8
850 1403 6
878 882 2
551 685 7
772 511 7
1035 54 8
92 292 2
1225 1070 2
420 1479 2
417 231 27
1458 1556 2
976 700 32
642 1135 2
642 739 2
286 546 1
307 1345 2
905 241 2
548 551 2
769 1035 2
83 620 2
1318 1314 7
71 910 2
274 353 5
303 909 2
138 851 30
1131 1345 55
1561 936 7
624 374 1
1183 884 7
84 1296 2
543 28 2
1337 387 8
117 781 30
1093 183 2
1399 903 6
211 83 8
1358 68 24
600 908 6
1304 116 7
71 446 2
802 293 0
731 1181 7
871 108 8
533 1418 8
277 200 33
309 297 8
960 677 7
980 44 8
502 609 2
519 639 2
1303 83 7
1013 1014 0
856 1295 2
607 609 2
59 1419 8
638 1314 8
506 226 3
913 135 5
726 1243 7
1284 309 33
632 646 8
475 233 27
315 1340 30
973 999 19
1397 594 7
374 742 23
393 762 2
170 65 8
255 586 2
450 850 6
499 1087 2
488 619 27
161 101 8
45 676 2
505 147 8
227 1184 1
518 83 8
372 646 7
125 872 2
125 476 2
1391 219 2
1230 657 21
317 1245 5
266 789 8
266 393 8
1480 910 2
309 919 30
609 533 3
1355 1480 2
193 1356 57
457 1239 2
321 735 52
1166 232 39
101 1483 2
772 294 77
574 1345 2
654 812 1
1129 974 2
1035 1047 2
221 804 2
1133 1418 7
1050 259 19
762 108 1
185 667 27
1140 1443 2
1128 1337 2
592 606 50
905 1333 2
910 1315 7
208 350 2
673 677 2
396 437 30
1114 657 2
645 1140 1
1358 762 2
665 903 2
108 1457 8
804 1062 8
56 1126 16
964 293 0
735 822 9
1010 891 7
350 97 8
1336 267 7
325 651 69
215 68 2
221 1127 8
363 611 35
144 1335 5
872 1449 2
1308 865 6
447 719 8
207 348 2
873 1337 7
536 1073 2
980 1141 2
872 739 27
57 83 6
859 1391 2
939 533 5
241 851 30
258 485 30
699 441 0
867 1457 2
1446 1352 2
557 476 50
331 441 66
1084 397 2
738 1199 7
841 671 2
603 1211 2
284 1126 2
494 1567 2
485 297 6
861 447 2
287 476 2
530 197 8
109 1070 5
594 805 7
1014 341 5
722 681 27
867 1384 8
89 1325 5
1214 726 8
177 83 8
609 500 2
140 1024 2
506 808 8
603 1039 2
391 420 2
535 915 30
958 663 7
772 698 77
226 362 30
689 1152 26
856 252 2
1166 1324 39
117 1447 1
246 808 7
1467 1561 1
395 387 8
978 32 30
784 340 77
363 1310 7
126 672 2
160 772 14
278 784 19
1348 345 0
1406 978 3
250 1217 8
325 377 6
524 309 30
903 595 53
1569 948 15
102 373 6
377 63 8
425 412 5
90 226 5
350 798 2
155 209 2
565 1163 2
238 255 2
98 770 7
464 1450 2
905 1565 2
1040 387 8
934 139 3
1413 1070 5
98 1062 7
728 643 5
742 939 15
160 315 30
880 50 41
1518 1070 5
1239 611 2
1153 3 8
951 1335 5
442 298 7
552 1550 8
1230 647 2
1239 1299 2
1232 144 48
1451 315 2
551 1364 2
271 1070 5
614 476 5
1304 1399 6
627 412 5
35 658 0
396 1567 1
210 663 8
906 1321 8
1338 235 2
550 732 7
404 1224 2
286 491 1
651 1594 38
409 1148 2
769 980 2
650 750 2
81 191 33
200 671 2
435 65 8
868 726 2
368 948 15
322 980 3
855 272 2
390 476 2
800 1325 5
721 1479 27
1212 92 8
618 1150 7
1475 1431 57
606 945 1
993 83 8
636 393 8
704 447 1
45 689 2
1081 350 2
498 514 2
772 1326 77
1171 1384 8
1058 859 2
150 689 2
385 83 8
155 1009 2
737 200 2
1399 1550 8
259 287 7
259 625 2
1539 728 8
595 1290 38
393 702 8
876 1413 5
1214 441 0
40 296 8
711 102 2
1493 1309 2
117 1160 1
1271 447 2
24 155 2
1299 550 2
24 447 2
1024 1077 2
729 68 24
994 663 57
894 412 5
193 1301 57
1254 1550 8
298 226 5
1330 982 1
302 274 10
880 903 1
1155 97 8
217 259 2
558 1090 2
440 398 2
726 1455 30
1140 992 2
460 831 2
441 1388 7
851 781 30
799 291 8
350 88 3
417 804 27
185 148 27
384 1314 5
1354 282 23
479 1070 5
302 1314 7
279 1024 27
905 855 3
859 648 2
185 836 27
681 89 2
200 1299 2
183 873 2
281 26 27
65 531 7
1336 144 7
1271 441 0
375 536 30
377 685 6
272 627 7
872 1321 8
721 504 27
284 675 2
550 22 8
973 1232 2
1313 1395 7
628 856 2
272 1315 7
507 1502 2
514 397 2
847 1116 7
701 223 26
618 409 2
841 152 2
48 667 2
1084 269 8
723 805 2
1397 1563 7
1540 101 8
841 840 2
841 881 3
191 418 30
715 770 2
720 793 8
252 1252 27
255 1555 2
295 1514 0
1216 1335 5
1112 939 15
945 533 3
144 936 8
64 450 30
387 716 8
1364 619 27
1472 1280 57
126 221 2
945 487 8
541 272 20
276 3 8
1155 37 8
255 1482 8
276 341 3
907 684 2
259 470 33
1191 1067 5
925 347 33
106 377 2
112 1395 7
341 383 2
1158 471 8
221 667 27
894 108 1
919 191 2
1126 940 2
1421 393 5
191 893 2
905 1510 2
676 861 2
514 99 0
240 805 2
82 812 1
670 1062 7
689 63 7
442 289 2
879 1516 2
1127 770 2
543 1401 2
383 160 30
442 581 2
980 1026 2
1258 83 8
594 384 5
1349 1114 2
276 1335 5
859 1568 2
928 1325 5
974 1100 2
699 1014 0
84 102 2
979 1024 2
416 519 2
331 1014 66
1322 1217 8
1570 471 8
1352 519 35
877 1062 8
522 1550 8
267 563 27
875 92 8
721 1424 27
108 607 5
1552 147 8
1521 1395 7
267 855 27
836 856 2
1151 684 0
391 701 2
125 1325 5
629 102 8
981 219 2
609 1073 2
607 499 2
1169 1418 2
500 1033 2
1015 810 15
1193 833 8
115 704 1
972 255 2
594 1310 7
155 558 2
1264 1070 2
510 65 8
1459 950 16
1466 963 1
274 821 75
26 1169 2
501 101 8
34 1496 2
701 911 2
609 1396 8
364 646 8
533 450 30
1466 1651 1
575 841 2
638 1230 20
1372 770 7
383 960 30
259 502 2
259 106 2
220 619 27
546 1114 1
1233 251 1
350 1371 2
750 911 31
925 1371 33
450 1447 2
1155 957 8
325 619 27
250 83 8
709 1322 13
464 420 2
922 565 2
1121 101 26
851 830 30
441 1041 7
1358 360 2
753 903 6
1403 958 5
1451 200 2
322 600 2
689 1420 8
1098 1274 12
878 1062 7
233 39 8
542 889 2
1224 417 2
787 485 7
770 59 7
978 1080 2
362 1114 30
1176 1310 5
221 230 2
550 1351 2
530 1191 12
1176 926 15
66 420 2
1014 502 8
108 533 3
873 877 2
905 462 8
641 221 2
286 668 1
1561 766 7
1314 992 2
681 75 3
309 492 2
427 1418 8
1503 412 5
976 699 2
920 309 14
872 979 2
70 684 2
84 1418 2
915 1500 30
1084 883 33
167 1418 7
1304 634 7
625 1550 8
183 750 2
1436 102 8
154 568 7
619 936 8
1252 513 26
1045 1496 2
408 147 8
655 259 8
252 905 27
255 416 2
729 702 8
1295 409 2
485 498 2
155 1577 8
379 600 2
613 65 8
582 859 2
1214 1014 0
945 140 8
1003 1170 0
219 1417 27
494 611 34
361 276 2
4 865 6
455 377 6
1108 1070 5
942 396 30
337 373 6
1213 1070 5
565 365 2
362 101 8
982 109 5
217 540 2
836 102 30
127 387 8
917 873 2
905 1163 2
108 891 8
543 904 58
1357 901 2
1496 35 40
787 1550 8
915 533 3
790 1296 8
450 341 3
894 26 2
980 1367 2
438 882 2
414 1462 2
600 241 35
643 183 6
979 677 2
317 1127 8
1128 471 8
655 663 8
367 1475 37
646 249 8
616 681 27
359 412 5
1176 938 1
704 272 31
603 1333 2
514 1388 7
282 732 7
721 1077 27
277 950 33
464 412 5
929 681 0
47 663 8
83 90 8
160 284 2
267 112 27
1545 1062 8
730 476 2
724 677 7
1552 92 8
398 36 2
719 1086 8
841 1121 2
752 1217 8
28 1418 7
856 833 8
609 622 2
109 1170 0
315 883 30
273 642 2
147 176 2
167 609 2
978 258 30
960 48 7
982 1201 5
701 168 2
1158 424 8
450 685 6
171 226 3
235 834 2
651 411 40
1554 441 0
723 1305 8
1569 293 0
770 1487 7
806 1252 2
259 109 7
1485 377 2
841 75 3
907 1257 2
1266 462 8
447 1250 2
316 1327 6
259 838 8
202 909 1
51 915 30
565 78 2
579 812 2
570 101 8
139 831 30
1047 553 44
1110 980 1
1140 590 2
677 972 2
218 1028 2
1395 21 8
808 249 8
681 1457 8
80 910 7
570 393 8
272 810 15
155 53 34
1474 1239 2
442 1258 2
899 681 7
901 102 7
626 412 5
724 1446 1
551 798 2
420 875 6
1084 445 0
9 808 8
789 666 12
168 735 6
417 798 27
528 550 2
966 441 0
983 1345 2
419 568 7
101 849 8
1135 197 8
18 412 5
1561 419 7
108 140 8
315 848 7
648 1550 8
541 540 2
303 1080 2
160 1376 2
1108 1062 8
550 622 34
993 278 2
1231 75 8
306 1217 8
1188 1217 7
313 112 8
1069 101 1
21 293 0
411 1217 8
58 973 2
293 326 7
1081 540 2
848 1062 7
195 108 8
229 396 71
1304 183 7
1459 536 30
74 259 2
681 1118 5
729 360 2
69 726 8
430 267 55
689 338 5
729 355 8
191 697 14
191 301 14
95 1514 0
408 92 8
345 1400 2
1282 377 1
360 856 2
915 95 21
259 1201 7
161 272 8
1500 925 2
1376 992 1
613 1217 8
565 1375 27
693 1418 2
1437 50 70
518 1070 5
1252 1491 7
218 995 1
1355 1359 2
33 1033 2
707 684 2
128 393 2
484 1329 84
1054 26 2
240 179 2
699 910 2
1520 147 8
291 1610 56
923 1140 2
1208 345 0
672 638 27
909 856 2
485 766 8
314 914 2
464 701 2
127 40 8
285 412 5
1076 873 30
226 1295 2
531 642 30
677 854 27
903 34 53
217 485 2
226 189 27
1171 59 8
314 1242 2
208 417 2
889 1358 2
1454 519 2
417 1030 27
915 140 8
922 1239 30
219 625 2
1380 987 41
35 1070 5
556 831 2
519 43 6
1197 936 48
192 1355 2
387 1578 5
292 1035 2
1122 663 8
1517 876 57
96 197 8
575 1070 5
48 920 1
1227 663 8
385 568 7
915 1518 0
1446 453 34
409 623 2
721 626 27
1124 1239 30
1474 485 30
72 808 8
303 32 8
699 1314 2
572 441 0
609 671 2
667 1304 5
836 350 2
864 102 8
500 235 2
1084 787 8
1258 619 27
663 1264 5
841 1457 8
144 433 7
270 841 2
273 191 2
144 766 8
147 908 8
108 1199 7
269 92 8
917 1176 7
415 1150 5
1446 1225 0
108 1491 7
907 910 2
702 789 2
912 1230 2
138 350 2
568 170 6
1481 1238 33
823 831 2
459 1004 8
1021 770 2
210 219 2
1024 516 2
106 499 2
220 859 2
919 417 2
396 840 30
205 1357 7
681 1407 2
997 1304 7
658 1578 7
919 808 8
1266 47 8
677 917 2
1028 488 2
315 907 2
1306 226 5
80 459 7
383 782 30
442 411 2
598 226 3
208 1395 7
369 102 30
383 1458 20
1232 315 48
643 824 6
307 377 2
1116 750 2
377 1566 5
1201 974 2
1447 446 2
1221 808 7
861 1314 2
880 315 2
1087 568 7
295 1355 2
1340 934 7
958 101 26
586 856 20
1403 384 5
168 303 2
1391 1070 5
1329 833 8
420 1131 2
417 279 27
1371 1325 5
291 1310 8
302 789 7
16 1294 21
285 701 2
124 441 66
318 377 8
503 677 2
124 1325 5
1081 147 7
628 102 8
387 1305 7
1211 235 2
616 689 2
925 1214 0
609 1299 2
1111 1170 66
1514 133 1
503 609 2
867 80 8
872 796 8
447 1225 0
568 533 5
1052 677 2
1078 1062 8
1299 789 2
752 83 8
337 623 27
45 584 53
1527 793 8
1275 374 7
1037 1252 2
221 1152 26
320 856 6
1554 1014 0
1207 1176 5
689 1381 7
851 1124 30
575 1062 8
960 1403 19
1516 1008 39
1271 910 2
925 209 2
578 808 8
1028 1184 2
337 555 27
348 627 2
1153 433 7
1079 1029 30
901 789 2
1464 293 57
482 1550 8
218 1309 2
905 365 2
1152 873 2
958 1524 5
270 191 30
672 829 2
873 833 7
98 200 2
592 722 50
905 1053 2
104 350 2
1191 146 5
787 315 7
311 1507 12
790 102 8
877 1197 2
447 881 3
778 689 2
982 310 1
540 833 2
1284 1170 0
980 569 2
642 1483 2
62 1475 37
872 1565 2
442 119 8
903 114 8
192 1404 2
1178 345 0
859 423 2
83 1364 2
1304 95 6
399 272 31
200 678 2
1211 197 7
1476 915 30
919 974 30
717 1472 37
176 1550 2
377 81 10
721 279 27
494 1287 2
1084 112 8
632 1062 8
1296 1536 7
409 172 2
1304 756 7
493 83 6
1197 183 2
737 1062 8
526 278 2
411 83 8
847 891 7
910 341 5
1271 1314 2
1084 44 8
138 945 1
340 1315 7
485 1120 2
753 1176 15
1540 272 8
1176 364 1
1061 1561 2
721 503 27
772 853 5
24 1314 2
163 1419 8
1283 309 33
554 97 15
1541 102 8
1176 796 8
829 1296 8
1284 92 8
489 750 2
1140 1567 2
355 568 7
1252 1004 27
601 40 7
641 441 0
455 603 6
1037 272 8
876 109 5
265 101 8
558 1561 2
578 1395 7
609 881 3
761 293 0
917 56 33
265 393 8
812 1099 2
147 97 8
814 65 8
321 412 5
1252 335 2
628 1166 1
350 1305 8
905 1384 8
420 1417 27
383 761 15
82 1024 2
681 1352 2
1225 677 48
85 770 2
540 1169 2
551 792 2
1414 1070 5
233 1581 8
981 1062 6
1563 1127 8
738 997 22
963 293 0
643 373 6
978 623 2
1308 1213 6
1355 89 2
648 757 2
1068 293 0
877 514 2
417 292 27
1283 658 0
1231 588 8
305 1252 2
1128 743 3
286 211 1
939 881 5
183 1230 7
934 573 15
450 919 30
974 1271 2
1209 939 7
514 1264 2
988 1550 8
1084 745 2
872 126 2
420 1076 2
170 735 6
541 1217 8
1250 1170 0
869 672 2
251 1291 16
872 855 3
1376 810 15
273 540 2
1075 677 2
43 808 7
55 856 2
499 528 2
499 1124 33
903 75 5
650 793 8
1312 226 3
1177 221 27
391 872 2
592 43 6
945 1359 2
387 1583 8
1550 36 8
45 409 2
213 1070 5
536 539 30
143 1217 8
259 53 2
1270 1472 1
9 446 1
499 163 8
139 1024 2
584 1594 38
1236 1325 5
276 433 7
362 1419 8
1171 1396 8
298 1325 5
1341 1325 5
369 350 2
205 793 77
33 235 2
1166 716 8
1110 441 0
106 1140 2
337 1227 6
738 573 15
712 147 8
122 980 2
323 110 5
101 460 2
1443 345 0
337 500 27
337 104 27
1485 499 2
1338 651 53
238 603 2
903 1047 2
221 177 2
1568 108 1
226 497 2
337 792 27
1357 1359 2
438 1070 7
441 816 7
1087 1472 37
1496 889 40
1266 958 3
435 377 59
1039 387 8
672 1124 7
184 404 57
1144 387 8
417 628 27
409 854 27
141 637 9
1015 922 2
213 726 8
906 1377 8
368 642 30
514 854 27
318 726 8
1533 1446 1
1561 937 7
205 155 7
641 387 8
658 813 8
873 1340 2
543 29 2
117 782 30
745 808 7
79 1322 13
377 1284 2
1198 26 2
1084 62 2
124 1014 66
611 254 2
476 1268 5
1230 574 55
292 565 2
551 31 14
831 1200 2
872 1437 8
854 272 2
387 1482 7
267 1258 27
847 148 7
54 663 7
874 147 8
26 638 27
315 1341 30
543 347 14
507 1217 8
393 763 2
323 910 5
1380 903 2
168 226 3
138 494 1
726 1536 7
1155 1491 7
1184 65 8
594 839 8
337 1196 27
591 1444 2
577 314 2
865 272 8
263 945 2
808 780 2
1503 1550 8
594 1131 8
1056 1217 8
237 514 1
489 1086 8
1035 360 2
154 1296 8
784 1314 7
713 309 33
750 877 30
1176 277 8
815 102 2
1179 251 71
219 231 2
447 397 2
71 441 0
144 588 8
64 102 30
1024 114 2
221 1493 2
470 315 2
107 1128 8
1483 350 2
1253 309 33
438 387 7
681 901 2
314 1364 2
555 831 2
540 1510 2
551 3 7
1140 229 33
442 796 8
219 455 2
420 63 7
519 1003 1
677 1398 39
1215 1206 7
978 172 2
1450 1393 2
906 298 8
185 1184 27
409 917 2
441 502 8
194 291 2
641 974 7
1449 514 2
478 1070 5
218 102 8
974 528 2
1554 910 2
1084 2 2
323 102 8
978 104 2
291 908 8
720 485 1
1337 101 8
543 1439 14
1084 685 8
253 272 1
259 667 27
514 98 33
490 1482 7
499 381 33
619 1298 7
154 1309 2
514 1141 2
237 1314 1
1337 600 55
159 26 2
603 1436 2
844 903 2
297 197 8
1253 658 0
1516 638 2
139 677 2
241 494 1
600 54 6
703 1070 7
491 789 2
268 92 8
161 1418 8
479 1079 2
273 808 8
138 202 7
1035 638 27
945 881 3
856 936 8
641 1014 0
951 296 8
1193 287 50
1166 265 8
772 923 77
555 856 6
267 212 55
359 1550 8
858 754 5
772 1215 77
770 1554 7
1304 739 5
1024 1138 2
445 847 2
265 676 30
350 1482 8
230 974 33
726 1224 30
681 853 12
163 1325 5
903 1342 7
235 833 2
286 560 1
672 381 7
770 1486 7
1456 240 2
386 153 5
872 475 2
1568 26 2
1463 21 8
634 619 2
694 267 55
420 1029 2
417 177 27
751 684 1
978 1196 2
65 1145 22
447 37 8
756 1395 7
108 253 3
808 347 14
735 1122 52
841 513 26
279 689 27
577 272 20
286 388 1
582 1314 5
1124 92 8
398 611 2
147 949 41
238 873 30
1446 670 2
274 972 74
398 1299 2
1399 412 5
53 278 58
1310 1418 7
83 97 8
267 911 27
1155 338 5
148 681 27
1487 1070 5
274 904 74
1312 65 8
671 750 30
738 787 2
1252 1609 47
1085 340 13
494 25 2
514 62 2
1453 226 3
209 519 35
323 459 5
486 701 2
377 1156 8
1394 26 27
524 185 39
109 658 0
158 197 8
374 596 33
1466 1311 1
337 1141 27
1306 40 8
1350 377 1
438 272 31
915 1299 2
455 681 27
1166 1581 8
286 97 15
1382 155 7
609 37 8
1371 770 7
1314 718 10
464 476 2
726 1456 30
1140 993 2
1035 1384 8
221 1042 2
1357 329 2
441 1389 7
876 310 1
808 1439 14
1126 663 7
641 1033 2
371 1325 5
446 444 2
876 1097 7
334 274 12
197 1315 7
539 284 2
277 982 67
1140 611 34
1328 994 37
974 700 32
350 434 14
102 685 8
83 798 2
417 1493 27
1304 321 6
342 772 19
519 552 1
27 519 30
69 514 2
1303 293 0
74 1230 2
995 1139 33
1518 658 0
859 1337 2
1200 1376 2
988 757 2
808 1267 14
111 284 14
1114 443 12
1080 284 6
514 466 2
65 428 7
65 824 7
961 1446 1
981 925 7
946 88 62
534 254 12
861 789 2
1550 1305 8
309 574 44
603 1449 2
722 1395 7
603 1053 2
232 1475 5
1081 233 27
439 983 30
627 770 2
267 228 27
374 1292 33
1367 101 26
303 495 8
1518 1314 7
915 1225 0
259 875 6
699 1101 12
1540 102 8
1416 903 2
1383 884 7
772 644 77
999 1115 77
554 719 15
1197 1384 8
485 1242 2
139 226 2
199 485 30
1407 543 2
273 65 8
543 531 30
525 484 9
640 441 0
265 291 8
272 1581 8
720 1086 8
147 292 2
573 910 1
241 772 2
873 881 5
279 309 50
226 223 26
145 1217 8
980 844 30
1374 1451 2
1026 619 27
739 485 30
126 514 2
687 1161 7
1191 1068 5
912 609 2
724 1403 19
272 477 55
586 26 2
311 377 1
231 514 2
256 259 8
1155 330 8
219 804 2
836 450 30
1487 1062 8
322 101 26
71 1014 0
1466 164 1
206 350 2
852 50 41
1121 1309 2
142 92 8
879 684 1
934 39 8
238 92 8
779 1395 7
962 293 0
551 622 2
1474 1355 2
442 582 2
54 945 21
1445 345 0
193 155 57
1266 114 8
430 872 2
1067 293 0
915 881 3
284 1227 52
542 262 2
1346 315 2
551 914 2
193 447 57
522 412 5
316 875 6
417 122 27
944 272 31
1570 936 8
221 390 8
978 1141 2
854 812 1
641 1238 33
476 1139 30
1006 101 8
550 719 8
1446 883 33
192 155 2
1166 1578 5
389 568 15
300 1450 2
49 1274 12
1014 167 8
281 450 2
1247 200 33
1424 1395 7
398 160 2
770 139 3
657 974 33
579 519 35
606 1355 1
1555 259 2
867 27 8
185 796 2
1278 1090 1
512 812 2
393 1298 7
841 1199 7
463 396 71
287 1446 2
1514 372 1
440 1101 10
695 1325 5
285 872 2
83 88 3
731 676 7
74 83 2
1309 269 2
514 671 33
1404 25 2
973 154 2
147 988 2
592 269 6
444 1465 5
609 678 2
117 604 30
1053 350 2
580 501 1
191 1047 30
65 114 8
475 1230 2
1547 808 8
723 1388 7
486 750 2
723 1330 2
856 1577 8
577 1619 2
568 1141 6
337 1125 6
729 471 8
795 779 5
271 677 2
784 1274 77
1337 934 15
600 1006 2
155 1247 2
1155 1381 7
701 912 2
215 1406 2
820 83 8
284 999 14
1166 838 8
689 1156 7
417 41 9
236 973 74
457 442 2
951 1161 8
563 1028 2
1287 554 23
646 1180 21
259 836 3
780 377 1
777 1418 7
565 129 8
1230 1243 7
840 915 30
845 1498 57
780 1502 2
181 412 5
218 980 2
447 883 33
343 1062 8
643 1227 6
102 384 3
80 1550 7
439 265 7
1408 441 0
284 911 31
603 1375 27
973 517 1
1044 551 40
1138 291 8
519 1330 2
641 514 2
882 116 2
717 1206 36
409 411 2
1110 282 2
236 376 5
1239 139 3
867 556 2
403 1062 7
50 1255 2
1176 311 1
393 661 2
992 278 2
486 1446 2
425 543 2
1376 61 15
731 1304 7
980 172 2
958 272 2
886 83 8
158 551 2
611 772 2
502 1128 2
576 1070 5
619 838 2
1080 540 2
68 376 3
850 750 2
36 903 2
303 44 8
148 689 2
445 658 0
1271 1101 12
577 540 2
505 1062 8
24 1101 12
503 92 8
1505 1197 2
64 396 30
1180 147 8
980 893 30
108 1315 7
945 37 8
223 101 2
361 272 8
569 856 2
22 447 2
941 789 8
1446 899 5
892 732 7
1416 485 30
565 1054 2
455 689 2
1563 929 7
1158 21 8
872 638 27
789 983 33
592 116 8
658 1298 7
241 750 30
267 34 55
1114 1468 2
383 106 30
377 994 5
1093 623 6
202 547 2
1155 1315 5
1444 24 2
312 417 2
392 293 0
1124 600 44
335 376 3
1225 676 48
565 983 30
806 450 30
1014 112 8
278 1099 2
881 215 7
1314 602 2
391 377 7
420 455 2
581 1376 30
452 1490 5
279 219 27
393 1243 7
841 1581 8
1436 1419 8
1322 663 8
278 1031 2
679 1070 5
1281 735 6
1371 272 31
164 1062 8
14 1140 1
1547 65 8
723 983 2
636 226 3
1236 412 5
676 960 30
933 982 7
915 528 1
536 606 30
543 1500 30
640 1014 0
115 546 1
253 1550 8
1024 1036 2
256 1296 8
241 1345 2
701 857 2
470 841 2
1496 358 38
1114 718 10
361 1197 2
218 701 2
939 1104 8
1409 1325 5
54 519 25
1015 99 0
1039 235 2
899 750 7
916 1217 8
1497 83 8
447 1251 2
457 387 2
677 1333 2
913 219 2
790 1556 7
362 1418 8
907 1550 2
442 1223 2
215 1283 2
1468 594 7
1566 663 57
917 191 2
903 1510 2
1567 1191 12
317 1491 7
1087 1206 36
286 1078 1
551 1195 2
291 1002 1
549 621 2
980 854 27
116 1238 55
563 1296 8
844 251 71
369 450 30
856 111 15
514 1315 5
1232 663 48
1019 1128 8
1351 812 2
594 958 5
1436 995 1
233 277 8
368 417 30
1398 267 55
424 831 2
1014 52 8
980 289 2
880 663 2
343 147 8
259 1152 26
1114 425 2
1313 1062 7
759 1309 2
82 48 2
651 114 38
1204 1418 7
867 605 2
1446 891 8
1380 584 41
913 476 30
168 233 27
1250 658 0
754 916 8
377 1351 2
841 1004 27
872 1212 8
273 233 27
671 976 30
847 657 2
980 112 8
502 677 2
227 265 15
498 1033 2
228 1325 5
157 202 2
266 254 12
701 1553 2
899 1550 7
377 1283 2
643 495 8
999 317 77
568 881 5
454 1395 7
519 1204 30
945 1047 33
403 65 8
770 926 15
259 1144 2
1262 1070 2
227 960 1
316 853 10
476 480 2
508 65 8
652 519 35
272 1080 2
337 1367 27
437 272 31
1045 681 38
722 1550 8
768 1325 5
117 1283 1
1140 1287 2
866 1200 15
1180 92 8
1008 1418 7
1185 808 8
208 153 1
286 719 15
383 119 81
218 619 27
565 707 2
468 254 12
657 293 0
898 681 27
1201 910 5
476 704 2
222 1296 8
92 1452 2
582 1128 8
565 265 7
1121 219 2
1479 684 2
900 393 2
1296 958 5
135 3 8
997 677 7
710 65 8
555 314 2
86 1234 2
1338 1450 2
639 272 31
570 1314 8
270 831 30
849 726 30
687 1420 8
658 1243 7
540 889 2
1122 1128 8
383 51 30
447 891 8
915 37 8
362 553 71
159 101 26
643 489 6
903 462 8
101 167 8
1304 880 7
960 1446 1
550 213 8
420 504 2
1128 21 8
626 770 2
646 533 3
173 684 2
65 1342 7
841 1135 2
620 1309 2
622 676 2
906 297 8
674 345 0
47 568 7
49 1084 2
611 1345 2
58 291 2
399 726 2
702 110 5
363 384 5
261 550 2
1458 974 30
168 291 8
789 1335 5
1001 293 0
1169 1309 2
153 784 19
1227 393 5
396 1199 8
115 491 1
1279 417 2
977 65 8
350 1388 7
23 1314 2
1158 766 8
350 1330 2
118 1070 2
480 684 2
701 114 2
1568 101 26
1155 916 8
472 1418 7
240 704 2
143 770 2
701 406 2
527 345 66
609 891 8
317 338 5
457 40 2
1098 847 0
1316 881 5
1166 728 8
1382 1301 7
36 92 8
102 837 6
836 676 30
348 688 2
337 220 27
311 499 1
693 272 2
450 942 2
1155 848 8
518 658 0
951 341 3
903 1163 2
284 1246 5
548 48 2
934 265 8
886 1128 8
808 533 3
1084 99 0
657 976 33
1561 433 7
263 1514 0
315 1200 2
643 1013 57
457 259 8
1037 1230 20
1253 147 8
233 326 8
780 240 2
1217 891 48
1553 1033 2
642 460 2
76 1446 2
328 1581 8
251 606 35
281 676 2
221 116 8
343 92 8
541 882 2
859 88 2
1022 63 8
635 925 1
719 1395 7
315 1127 8
1014 685 8
317 98 8
1476 976 30
398 678 2
872 78 2
420 1424 2
317 390 8
1177 1033 27
54 284 52
976 486 2
462 412 5
1081 882 2
1301 833 7
1475 1499 57
455 1314 5
944 536 2
1301 1125 7
927 519 1
274 971 74
601 1084 7
580 1415 1
950 28 2
271 903 2
4 136 6
267 75 7
362 1376 2
855 663 8
374 702 12
255 703 2
348 1488 2
945 596 33
4 824 6
1376 938 1
272 728 8
1161 568 7
450 863 6
1447 441 0
1527 1086 8
713 1140 2
1472 824 57
1177 291 8
1518 726 8
363 741 2
663 118 5
646 88 5
1140 452 12
804 856 2
128 235 2
772 15 77
1035 471 8
680 1314 7
852 851 30
646 95 21
565 256 2
485 765 19
333 1418 7
1252 104 2
982 0 5
912 147 8
1150 341 3
341 219 2
449 1217 8
681 329 2
102 173 2
532 768 2
1114 670 2
540 834 2
251 546 35
867 850 2
202 145 2
774 200 2
1317 219 27
1336 676 7
978 1495 2
555 191 2
326 1086 8
886 377 8
906 18 8
1114 602 2
1304 825 7
295 873 33
48 178 1
303 384 3
1188 1395 7
841 338 5
1084 118 2
437 182 8
620 1358 2
381 1230 7
581 974 30
1446 742 23
1230 355 8
614 568 1
931 412 5
945 1292 33
808 88 5
501 925 2
586 101 26
119 873 41
539 676 30
251 596 16
1404 444 23
1019 1070 5
856 36 8
128 1035 2
1545 197 8
328 1578 5
252 1028 27
999 1325 5
1284 950 33
1047 882 2
506 1217 8
1035 1568 2
1087 83 8
1184 314 2
925 1256 7
35 677 2
151 102 8
703 1128 2
594 1187 8
155 97 8
416 272 20
528 1514 0
256 102 8
140 677 2
252 651 53
350 937 7
126 393 2
701 455 2
1028 210 2
681 1025 2
942 915 30
1319 222 0
1028 502 2
856 704 25
1079 347 30
233 1213 7
284 899 5
1304 855 5
912 676 2
713 92 8
104 233 27
265 396 30
499 1109 67
665 856 2
220 701 2
544 1502 2
176 50 41
541 603 2
1360 770 2
317 1381 7
363 960 35
757 986 53
211 1128 8
210 92 8
383 624 30
1271 925 10
1253 92 8
1336 1304 7
416 259 2
1084 1106 2
102 1194 30
988 1556 2
24 925 10
806 676 30
298 255 2
1328 1112 2
652 1395 7
1120 663 8
1252 1337 20
1566 584 12
420 1077 2
719 903 6
1282 1355 1
1224 226 3
251 1292 16
168 978 3
1553 514 2
824 903 6
315 782 30
1502 0 0
1177 978 27
642 728 8
684 911 31
912 1170 0
922 383 41
399 903 2
278 1549 2
147 763 2
1547 291 8
226 23 30
398 555 2
1550 37 8
159 770 2
195 291 8
650 1086 8
784 1153 77
1177 514 27
642 730 30
1090 327 2
162 120 2
592 336 6
1496 256 38
609 1578 3
117 671 30
584 1595 38
158 26 2
1050 1314 7
841 32 8
524 726 30
359 1191 12
127 873 7
348 1037 2
337 569 27
1079 1439 30
227 850 1
269 1062 8
930 643 38
365 1062 8
693 1309 2
1188 315 50
145 314 2
34 219 38
335 1033 2
701 979 2
1352 1062 7
1274 129 7
918 315 2
278 160 14
746 1316 5
1176 384 3
442 1449 2
454 1550 8
925 1439 33
729 1578 5
218 859 2
905 311 2
912 92 8
347 494 7
645 514 1
1090 606 35
917 808 8
112 1217 8
286 908 1
1404 1397 0
1450 834 2
1474 155 2
1346 1114 2
1128 1295 2
1196 412 5
116 793 8
995 531 33
681 269 8
1232 785 48
1570 1298 7
978 1148 2
420 667 27
789 458 33
1232 551 2
1296 384 5
1446 702 12
83 914 2
536 1135 2
1450 662 2
657 554 23
859 661 2
1114 151 2
318 876 80
441 167 8
315 97 8
646 1396 8
1328 91 7
197 139 3
1219 92 8
872 1047 2
211 377 8
1090 685 7
506 646 8
980 384 3
138 1355 1
855 1309 2
603 1169 2
554 111 15
514 118 2
607 903 2
1109 1170 66
65 855 3
252 681 27
1550 957 8
1521 1217 8
735 627 8
721 449 27
494 1061 2
369 233 27
255 880 2
431 441 0
594 1132 8
55 101 8
219 1152 26
155 42 8
1447 1014 0
1339 1672 5
792 681 27
808 1073 2
20 1570 7
1140 1409 2
485 894 2
434 83 6
1428 1472 5
804 1033 2
442 78 2
476 534 2
1136 1310 8
1026 689 2
852 939 15
565 829 2
569 1314 8
903 365 2
548 812 1
101 70 2
1466 280 1
1240 980 1
447 702 12
774 841 2
1308 1227 6
1381 92 8
550 512 2
543 1122 2
213 1314 7
27 551 40
867 368 16
420 798 2
692 259 8
1550 1388 7
1553 235 2
980 1097 7
417 238 27
57 377 6
83 231 2
902 101 8
48 751 1
910 167 8
951 544 21
1177 235 27
639 536 2
514 1106 2
551 952 14
75 92 8
273 882 2
281 102 2
278 806 2
754 63 8
1327 1550 8
876 39 8
499 474 2
398 208 2
3 1070 5
754 355 8
925 1105 0
383 648 2
727 1090 2
780 851 30
274 610 75
117 324 30
26 958 2
719 1550 8
847 533 3
362 974 2
1563 338 5
191 1455 30
577 233 27
1406 980 3
348 586 2
565 1525 2
512 519 35
475 882 2
628 1325 5
218 872 2
1206 61 15
716 83 8
1025 1329 2
1045 808 8
692 663 8
1259 1086 8
170 1153 6
45 284 30
551 1388 7
681 883 33
1327 856 6
238 841 2
226 1131 2
905 256 2
335 514 2
1140 320 7
910 576 2
1014 250 7
1221 1395 7
536 460 2
551 1366 2
420 1030 2
719 856 6
869 1418 2
1451 609 2
140 974 5
1066 293 0
1193 1381 7
233 52 8
185 210 27
1093 111 6
411 1358 2
88 841 7
315 957 8
1301 1127 7
1014 119 8
677 1008 39
976 24 2
873 890 2
530 873 33
1114 533 3
1110 101 8
592 1081 6
151 1084 2
850 642 2
500 1450 2
843 1252 2
1050 1564 1
870 855 3
843 856 2
390 770 2
328 32 8
1304 355 7
1170 174 1
945 890 33
847 94 7
54 551 2
1077 514 2
834 450 7
1275 1357 7
580 1245 1
211 1070 5
1496 829 38
1028 1479 2
1526 1086 8
360 982 7
396 54 8
255 429 2
831 986 12
259 1310 8
1174 672 2
1364 681 27
876 0 5
750 823 30
1153 1389 8
274 1064 5
907 350 2
233 852 8
350 112 8
216 723 2
127 108 8
530 1514 0
1564 888 57
565 774 2
653 1140 2
1541 1325 5
83 1555 2
625 101 26
1225 568 48
658 622 7
1451 841 2
995 1500 33
211 726 8
325 987 2
92 1451 2
1210 40 7
268 1070 5
919 226 3
576 873 14
438 603 2
1563 1310 8
441 52 8
502 1252 2
997 676 7
373 1070 5
328 728 8
1211 1450 2
825 412 5
409 759 2
647 219 2
373 1403 6
531 789 2
641 147 33
267 601 7
603 1054 2
48 1029 2
947 1496 2
995 471 8
721 798 27
514 1447 2
514 824 23
259 1236 6
446 724 35
30 255 2
147 23 7
272 1213 7
806 102 30
384 1395 7
285 532 8
98 976 30
934 1055 1
595 677 38
262 551 2
140 925 7
435 1153 6
554 1000 5
315 604 30
1184 540 2
772 1333 77
476 883 2
945 523 23
379 553 2
594 1017 8
159 259 8
1115 382 5
1339 1557 5
829 1419 8
431 1014 0
56 678 30
393 21 8
377 766 8
261 945 2
1398 872 2
144 834 8
779 735 6
982 1214 5
373 726 8
681 1251 2
1158 437 8
1158 833 8
102 320 6
1481 476 7
28 197 8
689 471 2
435 1418 7
1372 40 7
1200 1325 5
806 973 2
454 757 2
1004 1496 53
160 948 15
442 1047 2
772 1161 77
1305 1325 5
770 1500 7
102 991 2
337 391 27
1254 770 2
259 163 8
903 938 2
341 677 2
1466 853 1
1251 309 33
840 976 30
980 1342 7
750 1557 1
1003 910 2
672 269 2
1357 523 23
476 1500 30
789 771 2
472 147 8
652 856 6
1355 0 0
314 231 2
546 1395 7
416 485 2
411 1011 2
420 929 7
1570 833 8
1209 770 7
302 925 7
667 272 8
948 99 0
1128 424 8
928 412 5
363 855 5
1209 1062 7
43 1395 7
1084 1264 2
398 453 2
855 219 2
747 1314 8
145 1550 1
84 1084 2
976 261 2
609 1097 7
850 191 2
1179 974 7
731 677 7
941 735 6
1376 489 1
1382 1070 5
910 1237 36
395 1035 2
147 989 2
1298 1550 7
1351 519 35
847 39 7
1174 393 2
297 672 2
701 981 2
401 387 8
1251 658 0
1114 1518 0
738 728 8
927 982 1
377 1003 2
268 1062 8
514 341 3
162 254 12
1028 1424 2
276 1389 8
272 462 7
441 341 5
1340 412 5
1033 638 27
917 315 2
1166 484 39
192 309 30
117 1003 1
1375 856 2
1323 1070 5
1146 1314 7
623 856 20
254 41 74
485 533 3
501 291 8
713 200 33
255 743 3
314 1031 2
206 233 27
464 26 2
923 1153 2
114 619 27
459 97 8
104 882 2
912 219 2
595 1024 40
905 829 2
135 119 8
205 450 7
558 1329 2
185 455 27
502 1376 15
1391 726 8
1079 911 1
681 495 8
1454 240 2
1023 1156 8
759 619 27
213 808 7
681 787 8
897 1086 8
1304 308 7
267 1553 27
1502 1214 0
1499 1084 10
550 37 8
83 1036 2
894 83 8
867 557 2
256 619 27
681 719 8
1312 1062 7
603 707 2
284 622 2
377 1407 2
638 200 2
514 1100 2
1207 1296 8
544 974 30
1210 646 8
1053 233 27
522 770 2
292 980 2
599 1355 2
1015 489 15
293 139 3
642 167 8
619 1131 2
1052 1395 7
238 1070 5
704 1314 1
626 26 2
33 1450 2
602 1475 37
479 1238 33
489 903 6
259 1200 2
945 502 8
24 1090 2
291 627 8
4 1227 6
323 1325 5
703 903 2
1367 1418 2
594 1259 2
1164 1550 8
26 488 2
1475 523 57
1055 677 7
808 1299 2
588 568 7
1152 1345 2
1158 90 8
925 1009 2
106 684 2
646 1225 0
905 1525 2
978 216 30
240 424 2
945 330 8
102 265 6
551 298 7
231 856 2
1316 205 5
551 636 2
122 420 2
1442 789 1
1468 1570 7
350 685 8
314 1555 2
1158 22 8
420 1152 26
592 1126 50
737 115 15
185 1479 27
1478 945 2
980 1333 2
600 311 35
220 872 2
126 387 8
676 1100 2
676 704 2
551 172 2
226 625 2
317 1156 7
42 1070 5
70 945 1
85 442 2
757 1198 54
202 548 2
307 494 2
311 542 7
417 68 27
1098 1561 2
643 837 6
911 291 8
859 1515 2
1444 713 2
409 1436 2
971 905 2
1449 1033 2
510 1418 7
639 726 2
995 716 8
158 101 26
1321 92 8
181 770 2
398 502 2
398 106 2
300 954 7
420 852 2
297 393 2
646 881 3
841 1483 2
1536 856 52
148 903 6
4 810 15
720 1395 7
910 453 35
1278 1328 1
843 350 2
730 374 2
395 980 2
227 401 1
55 1419 8
1169 619 27
619 156 2
500 980 2
592 111 6
503 726 2
186 102 8
867 139 3
856 1127 8
729 21 8
369 882 2
176 867 2
536 607 30
315 781 30
4 252 6
735 1377 8
1078 387 8
1007 611 35
1383 147 7
150 873 2
167 903 2
9 910 1
1079 765 19
1081 92 7
255 423 2
1101 1067 5
914 514 2
1255 1345 2
71 934 15
866 573 15
876 1201 5
978 844 30
301 1257 77
707 350 2
737 485 30
1258 1086 8
73 658 0
1025 1550 8
578 1217 8
301 793 77
808 152 2
238 1062 8
1014 855 3
80 808 7
550 1262 2
808 881 3
504 1014 0
108 502 8
902 982 7
838 1325 5
314 116 2
718 658 0
221 1198 54
681 44 8
889 1024 2
250 1070 5
569 789 8
1010 728 7
942 272 31
1103 568 7
592 375 50
619 1417 27
330 1296 8
1317 1395 7
1436 619 27
200 399 2
1215 646 7
155 1187 0
737 856 2
874 387 8
292 701 2
619 852 2
65 715 7
729 722 2
406 1150 7
1079 1471 7
1239 39 8
48 627 2
592 1203 6
377 1352 2
1480 345 0
1076 514 2
958 568 7
721 292 27
20 293 0
1372 643 5
1187 1550 8
215 836 5
338 450 30
128 651 53
263 789 2
1299 450 2
526 291 2
813 903 1
1459 726 30
712 182 7
357 1404 2
1193 97 8
926 519 1
1258 681 27
870 904 9
485 1133 2
577 882 2
1176 855 3
250 726 8
1055 726 7
1465 1517 5
117 1284 1
551 854 27
428 873 16
866 1201 15
1229 808 6
1160 568 7
363 355 7
259 722 33
918 1114 2
489 1550 8
1493 619 27
126 108 8
864 412 5
1314 1225 0
670 1418 7
681 745 2
127 235 2
646 47 21
277 594 10
1358 189 27
994 1079 57
1377 646 7
1540 1325 5
791 750 2
77 1015 36
442 541 2
903 140 2
548 1024 2
101 241 2
450 607 2
762 568 7
126 40 8
1152 1217 8
1203 903 6
676 357 2
535 831 2
1296 855 5
1565 681 27
185 1424 27
1478 494 2
1014 1437 8
813 226 3
1020 83 8
1037 1325 5
910 114 8
70 494 1
1125 83 8
1563 848 8
202 889 2
192 1357 2
272 61 15
69 1033 2
12 259 20
350 960 30
647 841 2
806 396 30
315 63 7
191 1004 8
395 701 2
647 795 7
12 551 20
292 619 27
1084 466 2
84 682 2
1403 779 6
869 393 2
117 167 30
1557 772 19
1140 1214 0
1293 770 2
934 1281 1
115 560 1
499 244 8
980 1139 30
33 420 2
735 593 7
1078 40 8
21 314 2
772 767 77
447 99 0
973 1324 39
127 1035 2
148 1550 8
276 533 3
1110 976 5
907 876 2
350 1389 7
1283 950 33
1176 1437 8
272 2 2
337 289 27
459 929 7
791 1446 2
1252 1148 2
301 910 77
619 28 8
40 75 3
126 1033 2
432 646 1
360 102 8
915 739 2
915 1135 2
1486 1314 7
231 1033 2
442 1565 2
442 1169 2
377 820 8
585 1322 13
445 915 2
502 286 15
499 1554 0
1505 387 8
167 485 30
726 1292 30
552 873 33
1014 462 8
315 805 2
1136 42 8
551 1141 2
501 1325 5
813 808 8
584 638 40
420 1493 2
255 1335 5
417 641 27
4 722 14
789 562 23
141 1046 9
880 609 2
1135 40 8
1444 1286 2
759 859 2
1330 1376 2
86 83 8
69 350 2
183 314 2
267 1047 27
810 441 0
1563 97 8
434 101 8
1476 873 30
1292 1230 7
1207 102 8
726 1371 2
199 387 8
499 201 12
1077 393 2
721 341 27
377 901 2
267 979 27
1448 976 29
1084 671 33
1279 1114 2
363 991 37
179 147 8
381 873 2
244 1395 7
1506 1090 2
154 793 8
1193 88 3
835 1239 2
348 656 1
222 982 1
1174 551 2
1193 42 8
1250 910 2
1400 750 7
1379 726 2
337 917 27
798 619 27
591 1561 2
565 325 2
476 718 2
1481 934 7
1306 108 8
363 742 2
1193 983 50
591 450 33
364 1062 8
240 22 2
988 1176 15
55 1325 5
14 663 8
460 584 12
143 83 8
420 1122 6
349 950 33
95 603 52
1166 46 8
1463 848 7
923 1374 8
119 663 8
447 118 2
102 138 2
1024 231 2
231 350 2
1541 412 5
226 1138 2
552 282 23
185 1077 27
209 1062 7
1196 101 26
1357 397 2
83 1388 7
396 451 30
528 1101 12
978 854 27
442 126 2
519 1480 1
361 387 8
85 40 2
274 1063 5
1481 226 3
532 1457 2
383 719 15
1114 1359 2
624 1084 1
910 59 8
442 855 3
216 1217 8
246 519 35
1336 677 7
1315 404 52
925 53 34
643 39 6
546 542 7
978 289 2
1230 424 8
146 658 0
1446 31 33
474 1507 5
750 1073 2
852 255 42
1396 412 5
69 978 2
861 925 2
978 581 2
642 70 2
859 1405 2
441 119 8
543 769 8
847 1253 7
1417 1230 2
96 40 8
117 216 30
494 1243 7
1400 1550 7
729 189 27
872 183 8
270 856 2
399 672 2
1323 92 8
263 1070 2
817 1231 17
291 206 39
1357 99 0
111 1153 52
747 393 8
504 514 2
40 1457 8
1183 147 7
145 1358 2
357 374 2
363 1392 7
772 1108 77
772 712 77
127 980 2
258 974 2
1502 367 2
1079 416 30
720 1550 8
772 1400 77
272 46 8
155 390 8
232 543 1
64 519 30
106 514 2
1505 108 8
173 851 30
1304 820 5
102 95 6
1179 600 71
240 942 2
917 350 33
65 990 5
1567 754 12
753 808 6
272 941 55
337 166 27
1535 856 20
450 492 2
1327 284 6
1505 40 8
588 663 8
101 22 2
1093 1210 6
1566 554 57
315 458 2
1567 1070 2
447 31 33
535 1404 2
307 684 2
1444 611 2
226 455 2
894 568 7
681 1250 2
847 1225 0
813 65 8
652 735 6
1180 441 0
805 291 8
672 836 2
40 1118 5
903 1396 8
1001 1561 2
681 523 23
744 1114 1
878 841 2
425 1070 2
1565 689 2
1209 1301 7
435 147 8
872 488 2
330 102 8
413 1314 7
417 190 27
417 586 27
1570 1004 8
419 793 8
550 787 8
570 1325 5
160 476 2
191 1577 8
1301 1243 7
1304 143 7
295 191 33
965 732 7
619 54 2
74 219 2
856 1030 2
1183 1239 7
542 694 39
1563 42 8
226 780 30
168 1230 2
623 26 2
499 530 2
30 1450 2
374 1100 2
721 1493 27
393 497 2
1304 75 7
485 1004 27
739 856 2
601 738 7
1033 189 27
1527 808 8
377 858 12
722 1217 8
945 1315 7
464 101 26
439 368 30
179 92 8
1323 1403 14
1275 681 7
1193 704 50
1355 445 0
847 881 3
729 148 2
374 1428 2
145 383 2
259 347 2
603 78 2
440 215 1
915 1443 1
1047 200 2
1237 441 0
485 335 2
228 1153 6
259 639 2
772 1632 77
600 1470 2
559 412 5
1152 200 2
1181 277 8
255 545 2
117 486 1
1024 1555 2
337 1258 27
594 109 8
1350 494 1
713 789 8
579 1062 7
235 958 2
255 936 8
315 338 5
125 831 2
315 1509 1
704 726 2
1284 200 33
1028 1131 2
1206 1201 15
939 1227 8
1003 1101 12
454 1556 2
420 338 5
752 1070 5
915 1271 1
417 1280 5
334 447 2
910 1342 7
323 1570 7
324 1446 2
1253 789 8
350 228 8
901 982 7
221 763 2
1456 1345 2
226 1479 2
98 101 7
108 728 8
185 626 27
997 568 7
261 1514 0
1564 1091 2
1011 1581 8
208 309 2
784 808 7
102 114 8
314 1030 2
1391 793 8
1446 1087 2
867 796 2
116 1086 8
531 681 2
1308 136 6
1444 1567 2
233 796 8
626 101 26
69 235 2
1252 269 8
1308 824 6
341 92 8
859 662 2
1496 1586 5
750 622 2
979 514 2
1329 908 8
1316 324 2
810 1014 0
1090 686 7
177 219 2
636 1062 7
974 486 2
1271 1329 2
61 789 2
420 390 8
335 982 5
841 1026 2
603 774 2
391 551 2
166 393 2
610 65 2
24 1329 2
642 384 3
287 831 2
814 1418 7
820 519 1
565 633 1
1376 1184 1
514 160 33
494 1125 8
343 441 0
983 377 8
1287 1357 2
1180 387 8
980 737 30
25 1550 8
145 1011 2
833 450 7
28 1296 8
852 226 3
226 70 31
148 757 2
309 1282 30
340 1554 7
483 92 8
259 929 7
27 1007 2
306 1070 5
315 324 30
670 1475 37
586 1418 2
1446 743 5
127 191 7
387 834 8
565 898 2
1393 272 2
233 1227 7
387 730 8
415 646 5
1111 658 66
240 199 2
126 235 2
595 102 8
337 46 6
231 235 2
551 411 2
193 340 57
447 1087 2
1304 9 5
677 1169 2
1093 863 6
606 642 30
256 272 8
221 1391 2
737 286 15
101 462 8
325 396 33
613 1070 5
438 681 7
652 284 6
555 729 2
643 320 6
541 841 2
1550 1389 7
291 937 7
551 239 2
1237 387 8
417 239 27
82 1550 8
141 248 9
1443 274 12
190 905 2
409 1211 2
902 102 8
834 101 26
650 417 2
1080 1070 7
773 1033 2
303 917 2
1446 1292 33
303 958 3
321 83 8
338 976 30
153 444 57
650 808 8
974 718 2
176 476 7
538 1314 8
387 1161 7
872 365 2
309 269 8
1176 611 1
841 1258 2
1216 249 8
396 1161 7
929 412 5
870 1389 8
1337 291 8
270 1033 2
267 577 27
30 603 2
90 278 9
267 869 27
1544 387 8
147 1059 7
126 1035 2
813 446 1
1518 393 8
468 1561 2
1399 1217 8
337 846 6
568 466 6
191 1456 30
852 808 8
514 119 8
155 572 2
419 1314 5
663 77 5
1485 514 2
419 1514 66
1291 1556 44
594 54 8
919 609 2
284 761 15
238 514 2
905 325 2
226 804 2
1138 1418 7
1466 1665 1
440 92 1
368 259 8
1028 1076 2
1245 1496 12
259 516 2
83 95 52
723 63 8
780 494 1
1254 1217 8
551 1389 7
337 739 27
1554 1531 1
185 279 27
982 270 1
1395 90 8
343 387 8
1447 254 12
1180 1014 0
108 277 8
315 1381 7
982 958 1
447 1292 33
81 950 33
374 3 10
1357 883 33
898 1550 8
1188 1062 7
1128 1236 8
799 646 8
102 59 8
690 309 14
322 568 7
1084 1342 7
1100 873 33
657 831 2
368 485 30
185 503 27
1304 424 7
1570 1577 8
641 235 2
292 872 2
1304 320 7
115 719 15
976 713 2
981 1033 2
219 68 24
770 384 3
1119 808 8
595 1166 1
729 497 2
65 94 7
1446 959 8
471 115 15
872 1384 8
1110 1014 66
855 859 2
147 1337 2
1103 1296 8
158 663 8
1084 296 8
255 894 2
270 350 2
934 428 1
902 459 5
278 416 2
514 59 8
309 1220 14
485 616 2
635 101 8
31 200 2
592 1243 7
374 2 2
772 310 77
380 1358 2
551 1315 5
729 716 8
1084 228 8
1237 1014 0
841 502 8
1044 1418 8
505 387 8
878 1070 5
227 1424 1
374 890 33
1516 541 2
917 284 6
982 99 66
565 843 2
1100 1514 0
910 739 68
609 39 8
723 341 3
485 881 3
274 1065 5
337 95 6
359 374 2
452 1550 8
790 1086 8
724 726 30
259 270 3
233 1104 7
1333 568 7
557 1550 8
350 743 3
823 663 8
1252 222 8
219 762 2
676 528 2
438 672 2
550 62 2
1014 1212 8
441 855 3
889 681 27
1239 223 2
738 61 15
527 980 1
194 202 2
265 1325 5
770 1097 7
581 873 30
673 808 8
1486 726 8
1231 1236 8
643 265 6
1499 1140 10
1418 1004 27
1442 1170 2
1548 1418 7
420 1036 2
328 1125 8
530 568 7
559 646 2
978 411 2
878 726 8
1217 384 59
643 610 17
921 1252 30
684 1225 0
48 697 1
191 779 8
805 1325 5
1219 1062 8
383 370 2
291 756 2
65 1118 7
1536 284 52
497 1418 2
493 603 6
503 514 2
958 1309 2
287 1404 2
270 978 2
594 1383 2
1539 116 8
1158 178 1
267 126 27
1475 647 57
1055 1197 7
343 1014 0
1458 750 30
315 1315 5
152 974 2
297 40 8
852 65 8
1110 459 5
263 873 33
128 1450 2
1156 1395 7
95 1296 0
887 847 0
227 53 1
1035 189 27
1176 1212 8
1259 709 2
1261 1395 7
771 1475 5
1507 1205 2
1158 834 8
1355 745 2
1214 345 0
903 1299 2
1472 264 57
684 840 2
102 613 6
704 278 7
692 568 7
348 464 2
244 476 29
546 735 6
707 65 8
383 919 30
102 1342 7
160 915 30
160 519 30
447 1264 2
1468 315 7
214 1070 2
804 291 8
265 915 30
265 519 30
393 958 5
226 285 2
1358 423 2
995 1236 8
1031 663 8
550 702 12
736 441 0
189 568 7
1359 282 23
441 1437 8
1114 214 2
108 222 8
423 272 2
672 958 2
653 950 33
303 1162 2
281 1309 27
634 83 6
532 208 2
420 493 6
619 70 31
552 83 8
439 269 2
406 646 7
569 1325 5
417 416 27
4 893 14
1570 834 8
978 1039 2
168 1128 2
906 769 8
737 284 2
1444 1061 2
519 262 7
1304 369 7
618 1062 7
699 925 10
1321 1128 8
738 406 2
646 495 8
1078 1496 53
434 272 8
514 77 2
1550 228 8
872 938 2
847 796 7
65 39 7
406 870 7
879 772 19
284 287 2
729 833 8
1295 540 2
1483 272 31
178 92 8
155 537 12
750 881 3
122 873 16
720 770 2
591 1404 2
847 769 8
387 63 7
841 160 2
825 770 2
380 1011 2
251 36 16
125 729 2
369 1230 2
1052 350 2
899 1563 7
255 433 7
1259 1395 7
915 109 21
255 375 2
155 1541 2
976 983 30
594 236 2
1399 83 8
40 140 8
101 1340 2
450 1327 6
363 517 2
377 622 34
595 219 38
1448 101 30
905 898 2
905 461 1
796 83 6
195 1128 20
735 54 8
1358 1515 2
449 1358 2
254 771 75
226 667 27
939 1349 8
1124 1496 2
1455 1345 2
168 1153 6
565 382 7
56 983 16
439 627 7
459 390 8
790 594 7
1252 172 2
903 256 2
1304 336 6
932 387 8
808 891 8
1252 167 8
905 1122 2
848 1070 5
844 600 71
681 397 2
689 112 8
641 934 7
555 723 2
102 241 2
775 973 74
291 436 1
550 1291 33
933 1325 5
1093 685 6
996 833 8
1227 750 2
61 646 1
1207 532 7
875 646 7
185 1076 27
534 945 2
1502 97 15
1304 601 7
713 1014 0
921 905 30
996 1125 8
462 1176 5
1117 65 8
1139 485 30
1328 656 2
550 330 8
589 1472 5
1446 98 33
1011 32 8
652 147 7
988 996 2
988 600 2
1421 1395 7
636 1230 2
303 114 8
417 37 7
61 619 2
1497 293 66
1217 37 8
291 305 2
1482 1325 5
1526 1395 7
1445 274 12
514 1393 2
634 102 8
841 1148 2
543 942 30
1174 1418 2
721 1036 27
1075 514 2
70 976 30
370 603 2
619 1127 8
699 1328 2
681 99 0
928 770 2
999 1101 5
387 1420 8
155 1126 33
176 240 2
775 376 5
661 412 5
845 772 19
1035 1298 7
723 936 8
1148 856 2
1029 1418 2
759 1314 5
135 1212 8
108 1213 7
849 851 30
701 127 2
1357 1264 2
1054 663 8
269 934 15
1474 974 2
563 1035 2
1001 1404 2
718 1376 15
643 802 57
546 284 6
202 576 1
1456 200 2
381 1608 46
442 889 2
1478 550 2
1106 1404 2
1304 527 5
991 663 57
1227 1446 2
1129 476 2
226 626 2
623 101 26
1561 888 2
447 98 33
789 717 2
281 1358 27
910 462 8
796 102 8
1316 809 1
1056 1070 5
1411 565 1
88 404 7
108 167 8
1336 684 7
87 102 2
314 177 2
417 69 27
1173 1514 0
432 1418 8
833 286 15
889 689 2
1114 1047 33
295 681 2
768 980 3
729 223 26
409 1333 2
267 475 27
177 677 2
519 207 7
293 836 3
1128 766 8
119 1345 41
1019 726 8
200 460 2
514 1333 2
1197 1298 7
398 399 2
267 1163 27
420 848 8
1550 277 8
859 497 2
847 53 7
40 1491 7
619 722 27
1301 1310 7
50 574 2
636 646 8
1278 1329 1
16 912 21
376 1408 1
155 1262 2
1460 1239 30
522 83 8
945 1428 2
374 160 33
780 974 30
46 1217 8
1160 1274 12
651 774 40
1343 568 5
730 1355 2
642 1194 30
494 209 2
272 454 2
1277 996 22
157 259 8
459 1381 7
1135 1507 1
703 221 2
117 261 1
726 1310 8
750 782 30
932 1419 8
598 1062 8
486 554 23
1442 1114 21
910 1344 37
1166 430 39
304 1101 10
591 554 23
1193 307 50
917 553 2
1122 1403 6
1472 837 57
689 1337 2
457 681 2
915 1483 2
485 37 8
314 581 2
643 1430 57
1176 114 8
238 672 2
193 1090 57
350 3 8
350 341 3
540 623 2
1479 350 2
101 1212 8
219 360 2
780 1345 2
98 272 7
545 233 27
334 550 2
321 568 7
1114 787 2
1292 980 5
961 1114 1
646 1199 7
1177 1450 27
605 1325 5
1252 44 8
185 625 27
1304 942 7
350 1335 5
1227 1086 8
1223 259 2
856 1491 7
72 147 8
45 882 2
652 92 7
65 320 7
85 83 8
338 519 30
974 261 2
303 59 8
514 650 2
1361 1170 0
173 350 2
1283 1502 2
1210 155 7
777 147 8
255 1120 2
259 1127 6
841 796 8
1055 795 7
1077 1033 2
829 987 2
721 981 27
166 856 2
606 155 1
147 252 2
599 1296 8
538 393 8
271 856 2
271 1252 2
911 272 31
1271 1328 2
876 99 66
226 241 31
1383 1114 2
841 728 8
980 1200 30
24 1328 2
594 908 8
1391 1395 7
1035 1243 7
350 704 2
707 233 27
56 173 30
1507 11 2
1252 917 2
565 627 7
450 297 6
1041 677 2
808 1199 7
56 861 30
128 980 2
1475 230 17
558 1191 12
551 582 2
1554 345 0
442 938 2
1252 453 2
993 1395 7
552 1357 2
301 254 5
681 31 33
1446 1517 1
1308 1399 6
657 1357 2
383 809 30
265 117 30
631 412 5
185 1029 27
1304 76 5
101 138 2
883 1345 2
1261 1550 8
671 726 2
1221 147 7
1357 745 2
676 650 2
837 417 5
286 1 1
903 1121 2
1114 1415 2
1221 485 2
424 568 7
988 1345 2
335 350 2
1547 1418 7
208 1062 7
102 855 3
543 1190 2
643 95 6
546 202 7
1008 1062 8
470 485 30
546 499 1
1116 417 2
165 543 1
182 1406 2
869 83 6
1480 226 3
1001 554 23
787 83 8
531 1376 2
642 126 2
761 1296 8
106 851 30
1176 850 1
1444 263 2
1230 1069 2
439 159 2
1084 443 12
1014 59 8
958 1166 1
95 108 8
642 855 3
140 450 5
829 681 27
1333 40 8
226 208 30
1197 1243 7
1114 369 3
872 140 2
551 1124 14
619 667 27
641 65 8
148 412 5
913 1589 5
113 1472 5
731 568 7
739 284 2
377 670 2
102 1139 30
1310 1197 2
632 101 8
115 957 1
147 880 2
365 856 2
980 119 8
619 97 8
592 57 6
601 750 7
618 1217 8
1160 200 33
1397 377 7
642 1139 30
641 383 20
1259 935 2
568 929 6
1045 1345 2
1035 210 2
1007 453 35
494 149 8
1396 83 7
337 582 27
1395 37 8
903 1525 2
359 873 33
135 1389 8
20 663 7
1380 221 2
290 412 5
1525 272 20
915 699 1
125 551 2
980 53 30
1044 101 8
1469 1181 7
1176 59 8
634 377 6
238 221 2
808 139 3
894 1358 2
978 1333 2
396 983 16
217 92 8
138 642 30
633 83 6
315 1156 7
447 671 33
1357 62 2
856 338 5
1463 90 8
298 1418 7
406 476 7
974 1585 2
303 1342 7
1082 584 41
922 851 30
512 1062 7
540 104 2
909 291 8
403 1418 7
1308 252 6
1444 1287 2
872 836 2
155 445 0
83 239 2
1126 987 44
1304 199 7
508 1418 7
872 1227 8
739 1376 2
390 568 7
293 634 7
1502 1105 0
190 393 2
309 1073 2
1304 491 7
1110 215 3
202 694 39
434 102 8
72 92 8
601 1550 7
973 638 2
624 681 1
856 277 21
77 808 8
176 1217 2
450 1457 30
1166 1161 7
65 265 7
1230 692 55
471 286 15
494 558 2
1314 742 23
267 437 7
294 40 8
980 59 8
208 750 30
721 238 27
227 1267 1
710 1418 7
1214 1325 5
1258 1395 7
380 841 2
1252 739 27
945 2 2
1193 1448 50
642 1371 30
1302 83 8
796 377 6
154 1086 8
1299 1084 2
772 85 77
519 1047 30
259 1482 8
1084 341 3
841 277 8
267 265 7
1526 1550 8
381 108 44
368 1418 8
242 476 79
912 514 2
1367 1309 2
1132 1023 1
917 1230 2
241 609 2
565 618 2
1055 568 7
674 274 12
1252 70 2
135 18 8
327 1608 2
1483 536 2
808 1581 8
1357 466 2
422 282 57
1166 47 8
678 684 2
270 450 30
102 535 2
915 453 2
1572 1181 7
1028 168 2
1155 167 8
552 568 7
276 75 3
1252 2 2
491 102 8
341 221 2
417 1338 27
540 1196 2
900 1028 2
213 1395 7
459 908 8
318 1395 7
501 293 0
552 191 33
1221 92 7
383 720 15
1140 347 33
951 1118 5
423 1418 2
649 1168 2
657 191 33
1031 102 8
915 281 2
322 1309 2
325 1550 8
867 381 16
981 1079 11
190 729 2
69 233 27
729 1364 2
197 114 8
530 681 2
21 519 25
190 1062 3
1216 37 8
978 140 7
871 1070 7
1570 273 8
88 272 2
436 191 14
934 1295 1
982 18 8
197 46 8
747 363 2
541 92 8
197 384 3
546 808 8
1476 191 30
1099 259 8
411 383 2
1207 1419 8
938 1496 53
514 443 12
154 681 27
1058 314 2
872 80 8
267 297 27
865 1086 8
261 789 2
108 341 5
147 429 2
977 377 2
873 697 14
873 301 14
978 907 30
638 646 8
913 1070 5
1042 856 2
503 221 2
1042 1252 2
226 1152 26
377 151 2
935 183 2
543 1392 30
483 1128 8
468 554 23
1519 789 8
1519 393 8
726 908 8
988 1496 41
219 1337 2
167 789 8
973 1610 56
1028 504 2
527 1176 5
36 553 44
1000 1404 2
1122 646 7
862 412 5
847 1294 0
1266 355 8
226 1417 27
677 829 2
1028 796 2
1140 1439 33
1538 1325 5
447 1097 7
836 915 30
913 65 7
1357 671 33
34 551 40
1055 1070 5
1080 1153 6
671 903 2
80 303 7
1450 104 2
847 1518 0
441 1212 8
1059 646 5
945 527 67
619 241 31
889 519 2
869 1035 2
221 63 8
221 360 2
138 519 30
1084 1016 12
880 847 2
419 1086 8
309 622 2
730 1357 2
1301 1536 7
338 117 30
189 1296 8
524 987 2
856 1381 7
398 917 2
485 952 16
1397 726 7
50 696 2
393 498 2
226 1073 30
284 458 2
1081 387 7
594 183 2
1174 565 2
1077 235 2
721 183 27
384 92 7
1396 770 2
978 1139 30
1256 1024 83
591 1191 12
1372 1304 7
1238 347 16
551 743 5
536 1126 30
536 730 30
27 1290 38
934 877 2
1506 1328 2
271 350 2
419 1015 36
813 789 7
772 1633 77
34 185 38
208 272 31
255 546 2
255 150 2
998 215 5
485 628 2
663 425 5
594 407 2
627 83 8
914 1033 2
1084 718 10
449 841 2
494 53 34
982 307 5
80 1395 7
910 1384 8
1137 1418 7
286 111 15
994 282 57
592 21 8
442 140 2
314 1495 2
102 480 2
646 1097 7
1463 1127 8
1252 384 3
1304 111 6
540 1141 2
646 1389 7
968 293 0
1029 393 2
1114 617 2
565 596 30
1136 908 8
284 321 52
824 1176 15
531 974 2
1084 425 2
993 1550 8
197 59 8
921 284 30
535 550 2
522 568 7
25 412 5
42 1316 7
976 1061 2
1319 71 2
833 565 2
1209 155 7
1080 677 2
546 65 8
847 1199 7
43 92 7
544 750 30
655 793 8
1076 1033 2
291 471 8
729 1236 8
115 159 1
1301 97 7
1058 259 2
514 837 23
255 1242 2
1140 1105 0
1177 543 2
1475 763 57
1448 676 30
373 182 7
1054 219 2
539 915 30
367 982 7
754 21 8
808 1097 7
4 1399 6
1303 1296 8
1120 1314 5
391 83 8
266 274 12
925 1541 2
913 619 5
1045 646 8
377 533 3
1296 42 8
147 743 3
976 1282 30
1173 476 33
1478 789 2
931 83 8
1148 1418 8
891 976 1
1289 1376 15
443 973 74
681 1264 2
13 808 8
337 112 27
795 908 8
551 704 2
1001 1191 12
1116 315 2
1304 698 5
780 200 2
316 269 6
1522 1070 5
450 1126 2
1355 397 2
292 412 5
98 1418 7
453 476 2
291 1469 47
108 384 3
191 1200 2
1564 13 2
901 278 2
85 568 7
658 97 8
643 613 6
1437 56 33
420 988 2
360 1325 5
869 980 2
643 1342 7
978 759 2
411 1024 2
424 663 8
934 813 15
806 915 30
625 568 7
606 681 1
735 1081 52
297 565 2
867 46 2
267 938 27
872 366 2
730 568 7
671 485 30
641 291 8
913 1419 5
377 500 2
841 1213 7
579 866 36
1317 808 8
1050 1230 1
731 1086 7
945 160 33
1502 1009 2
1030 681 27
721 128 27
847 52 7
607 514 2
1397 603 7
1193 942 50
1193 546 50
4 320 6
454 1570 2
457 1316 2
418 536 30
718 309 33
681 854 27
543 258 30
193 1329 57
575 856 2
41 1007 24
575 1252 2
951 487 8
1028 1077 2
235 1196 2
226 1493 2
202 1609 47
458 1550 7
300 101 26
272 960 25
1258 1550 8
13 1395 7
787 276 7
259 908 8
116 808 8
565 148 2
1357 952 33
514 718 10
440 1114 2
1468 663 7
125 383 24
314 648 2
787 568 7
528 1084 2
226 1029 2
217 219 2
395 412 5
71 345 0
789 753 23
272 834 20
550 1388 7
80 876 7
1217 1199 7
880 1150 7
31 948 15
1232 1128 48
993 812 2
1555 677 2
1451 903 2
867 1138 2
483 1070 5
1217 1491 7
451 723 2
619 1152 26
185 504 27
1114 523 23
1040 412 5
115 720 15
737 982 7
722 309 16
847 852 7
750 959 8
859 504 2
318 1115 80
53 723 2
494 388 2
514 821 2
514 425 2
251 160 16
159 1309 2
45 1345 2
291 421 2
1383 619 7
721 464 27
721 68 27
150 1345 2
158 565 2
536 1371 30
1196 83 8
477 1496 2
1407 278 2
720 1217 8
721 360 27
530 1314 5
1539 1384 8
177 92 8
98 642 30
651 1177 40
273 92 8
796 603 6
1282 447 1
747 226 3
1383 551 7
750 893 30
824 770 2
784 313 77
1028 667 27
723 1156 8
102 54 6
999 282 77
557 412 5
309 1124 30
337 1436 27
359 793 7
929 770 2
22 925 2
272 212 55
265 646 8
135 244 8
350 433 7
980 907 30
581 841 2
1166 273 8
1314 1397 0
270 676 30
1009 1475 37
1503 83 8
1520 1325 5
366 903 2
673 882 2
1251 789 8
1251 393 8
899 532 7
155 213 8
1454 1345 2
219 763 2
1568 1309 2
301 282 77
226 54 2
592 1139 50
409 829 2
395 108 1
736 543 1
551 581 2
65 1187 7
420 641 2
658 42 8
684 823 14
466 1564 5
494 1480 2
1198 1358 2
437 1062 8
411 677 2
894 729 2
995 833 8
1322 808 7
1424 1062 7
631 1181 7
1315 1418 7
409 1449 2
409 1053 2
982 244 8
684 1518 0
40 1315 7
191 1072 8
1128 90 8
449 1070 5
1212 65 8
1401 377 6
759 1086 8
1302 568 7
606 1314 1
84 750 2
374 699 2
391 729 2
1317 65 8
226 671 30
1084 1321 8
279 233 27
446 622 35
603 638 27
632 272 8
499 25 2
267 1583 7
267 127 27
820 1093 1
1361 658 0
1216 487 8
828 750 2
999 1374 77
910 70 35
1170 222 2
1041 1252 2
601 233 7
374 264 23
810 646 1
1124 1608 46
701 647 2
592 228 6
856 848 8
747 808 8
235 917 2
1193 199 50
1037 1450 2
689 891 7
485 1491 7
1115 1072 5
579 1472 37
4 265 6
703 40 8
914 235 2
594 0 8
238 856 2
301 1374 77
1158 1127 8
991 1079 57
1235 873 16
235 1141 2
340 353 7
1028 626 2
226 1042 2
1044 272 8
1481 1062 7
446 1389 7
563 1086 8
913 291 7
1305 412 5
359 83 8
604 642 30
790 1570 7
41 872 14
1166 82 39
464 83 8
350 119 8
1140 209 2
1461 1556 2
1449 1450 2
1304 1 6
1355 1262 2
264 417 5
303 1163 2
74 514 2
1290 1013 57
1232 677 48
1239 270 3
156 982 1
872 611 2
447 277 8
328 47 8
1402 903 6
900 102 8
519 205 2
425 278 2
1281 1153 6
1444 1354 2
398 455 2
66 672 2
409 78 2
317 167 8
976 263 2
636 603 2
1025 594 10
147 1305 7
65 436 7
200 1199 8
226 1299 30
62 982 7
466 417 5
1076 235 2
1550 917 8
499 653 2
1554 363 2
729 1131 2
1545 102 8
1400 594 7
158 568 7
722 1345 2
144 1491 7
155 1226 12
1044 1591 38
1184 219 2
164 101 8
137 102 7
433 1325 5
23 476 2
934 1161 7
497 272 2
485 166 2
727 950 33
618 314 2
910 75 5
834 1418 8
363 936 7
1173 789 2
626 83 8
263 191 33
340 1445 7
913 1033 2
584 804 38
543 539 30
563 681 27
586 1309 2
917 609 2
282 761 15
18 83 8
1448 102 30
684 1073 2
702 594 7
1252 241 2
1468 1304 7
670 789 2
220 314 2
106 350 2
1047 1556 44
681 466 2
862 293 0
1322 1070 5
912 221 2
471 101 8
967 293 0
1304 296 5
540 1367 2
986 851 5
119 1419 8
147 1335 5
417 1405 27
1287 658 0
576 789 8
576 393 8
980 661 7
753 284 6
223 284 2
550 1292 33
689 743 3
1550 1321 8
65 1132 7
534 550 2
366 485 30
1319 657 2
995 90 8
1009 1062 8
806 117 30
974 713 2
395 26 2
12 272 20
859 1077 2
620 681 27
1489 658 0
267 140 27
1403 937 7
226 324 30
1079 159 2
870 1384 8
96 108 8
506 1062 8
1329 116 8
242 658 0
1098 1550 8
514 1389 8
721 1037 27
721 641 27
1394 1358 27
494 1253 2
554 631 15
1249 441 66
1552 808 8
1173 1101 12
1237 934 15
1167 421 2
122 191 16
1009 441 0
246 1062 7
137 1418 7
1257 1315 7
738 47 8
259 1139 33
226 152 30
723 942 2
1518 226 3
1154 808 8
543 1459 30
923 144 2
1193 844 30
101 320 7
272 114 8
338 1296 7
701 128 2
1024 1391 2
1014 1422 1
487 83 8
21 259 2
672 1076 2
1000 1191 12
28 40 8
575 350 2
915 460 2
1247 284 33
186 412 5
349 1446 2
309 463 31
223 1376 2
1521 1070 5
1502 53 34
1207 459 5
316 891 6
992 1395 7
1023 881 3
226 231 2
369 873 30
681 671 33
978 1053 2
679 393 8
206 882 2
83 423 2
205 102 8
823 1239 30
185 66 27
143 658 0
417 1468 2
995 368 33
881 182 7
1128 1127 8
25 1015 36
232 267 55
530 1084 2
127 412 5
872 556 2
406 884 7
981 550 7
519 150 2
1099 1418 8
841 739 27
327 950 14
387 1388 7
160 940 2
859 498 2
318 317 80
750 458 2
317 112 8
1304 211 7
183 723 2
717 282 2
636 543 8
117 1204 30
831 1330 2
1402 1550 8
454 309 16
154 519 2
611 676 2
45 83 2
374 837 23
155 775 12
582 540 2
99 1514 0
736 101 8
1226 755 5
261 873 33
1053 882 2
126 1450 2
1110 1325 5
1154 1395 7
772 201 77
692 377 6
337 638 27
1295 314 2
1176 183 8
1215 1325 5
543 810 15
866 179 15
255 1108 8
464 729 2
582 426 7
479 226 3
238 1033 2
1391 350 2
28 272 8
1000 701 27
643 1431 57
220 259 2
913 514 2
1374 216 2
925 236 12
1217 1097 7
1480 978 3
156 568 15
325 551 2
350 296 8
207 255 2
417 1058 27
284 823 31
1357 118 2
676 23 2
1216 1491 7
270 102 30
230 476 33
507 658 0
849 50 41
191 347 2
796 1419 8
651 769 38
971 543 1
420 239 2
48 656 1
867 1260 2
872 1184 2
907 65 8
1317 233 27
1304 506 6
328 958 3
1446 824 23
1570 97 8
158 859 2
507 1418 7
1376 265 15
1377 1325 5
584 1047 16
1314 214 2
450 598 30
1210 197 8
1537 568 7
950 796 7
1552 65 8
276 1199 7
399 393 2
938 1028 2
162 554 23
1400 1563 7
721 586 27
642 114 8
594 936 7
382 317 7
1339 1517 5
1325 21 8
902 978 5
813 1197 1
101 823 16
980 805 30
1367 619 27
226 138 31
485 1031 2
359 1357 2
938 1252 2
116 856 6
476 671 2
594 1201 8
1035 1577 8
1024 648 2
341 1033 2
1291 600 44
903 898 2
287 536 30
479 808 8
1039 1450 2
681 1097 7
908 735 6
592 424 8
750 1517 1
1025 770 2
1479 233 27
672 625 2
102 883 2
681 1389 7
882 1120 2
722 536 30
323 267 7
543 1213 7
1093 1327 6
324 831 2
1230 1138 2
447 824 23
995 1127 8
641 1450 2
189 459 7
191 1371 2
476 1392 30
1020 377 8
541 221 2
441 932 8
1358 210 2
915 728 8
85 681 2
974 1354 2
869 859 2
303 1449 2
534 1181 7
420 763 2
877 925 2
686 476 5
700 1014 66
1196 568 7
915 1126 30
285 729 2
83 300 2
221 471 8
497 812 1
102 1500 30
45 200 2
48 1549 2
450 830 30
420 1482 8
1550 119 8
784 1631 77
638 1062 8
945 1437 8
1028 1152 26
759 102 33
236 225 5
503 1033 2
1249 1014 66
553 606 35
1119 750 30
1155 1342 7
727 1217 7
565 223 26
1475 1458 57
698 982 1
205 876 77
357 723 2
681 1361 0
1503 568 7
738 958 3
1080 92 8
730 1296 8
309 375 30
1024 1469 47
4 95 6
1185 92 8
259 360 2
841 384 3
337 979 27
798 681 27
591 831 2
1292 108 44
1480 274 12
510 147 8
479 1395 7
1158 957 8
1152 609 2
279 726 50
1024 1568 2
582 808 8
1355 1264 2
238 978 2
267 574 55
789 1359 2
420 1184 6
1116 1114 2
1460 1556 2
681 952 33
540 569 2
335 233 27
1308 321 6
576 387 8
91 770 2
1409 1475 37
1054 1070 5
88 1374 7
1232 903 48
550 98 33
446 178 2
1140 53 34
228 197 8
761 619 2
1154 646 5
1077 651 53
872 1525 2
202 104 2
1570 88 3
1230 90 8
309 678 2
750 739 2
625 1309 2
1570 42 8
849 485 2
903 1578 5
934 668 1
980 1212 8
1131 50 55
1418 1581 8
1151 1170 0
1303 459 7
227 573 15
850 315 2
1452 376 3
157 568 7
1084 77 2
873 1456 30
1230 985 55
689 1335 5
267 42 7
721 239 27
485 373 6
24 1446 2
393 1138 2
267 730 7
9 1070 5
543 437 30
139 233 27
1174 1309 2
642 59 8
499 444 23
866 820 15
595 514 38
490 1161 7
808 863 2
594 1214 8
938 905 2
286 631 15
259 988 2
145 1024 2
1288 92 8
340 1567 7
337 1211 27
519 1340 30
750 960 30
468 550 2
359 568 7
1350 447 1
646 743 5
1035 1131 2
213 735 6
941 646 8
1171 728 8
464 568 7
613 147 8
350 546 2
350 942 2
302 1101 10
450 622 2
903 843 2
341 978 2
359 191 33
470 398 2
1391 1314 8
143 377 8
108 1437 8
442 488 2
761 982 1
923 65 8
790 1550 8
792 26 2
447 1100 2
1539 1298 7
1023 37 8
973 1002 1
307 350 2
207 1516 2
1444 277 2
555 450 2
1128 37 8
272 322 20
1019 393 8
323 144 7
311 772 2
420 766 7
404 216 2
980 1449 2
980 1053 2
995 1004 8
707 272 31
992 1550 8
267 762 27
619 1381 7
200 54 8
841 979 2
1282 1314 1
303 1321 8
374 474 2
626 568 7
912 441 0
259 1305 6
922 50 41
1184 677 2
721 1555 27
503 978 2
1075 1033 2
910 241 35
623 83 8
377 512 2
901 1325 5
860 663 8
18 568 7
475 672 2
69 226 3
142 303 2
978 1200 30
1495 233 27
1257 1437 7
297 108 8
162 79 2
1176 1384 8
377 881 3
915 713 1
1465 93 5
568 875 6
726 1305 8
1302 1296 8
73 1014 0
393 90 8
442 1184 2
907 1115 2
582 65 8
1155 1156 8
450 1250 2
238 235 2
126 980 2
852 584 41
900 619 27
338 1418 7
89 1070 2
1479 309 2
750 1315 5
193 293 57
672 1198 2
230 101 2
677 1122 2
454 1217 8
211 182 78
551 1052 2
9 1062 8
1463 63 7
1355 98 33
417 1052 27
545 1230 2
324 1404 2
490 1491 5
185 292 27
1138 197 8
1570 929 7
1395 1315 5
217 726 8
1128 957 8
950 899 5
1271 293 0
1176 1424 1
1156 1561 5
83 581 2
233 462 8
1103 793 8
980 78 2
155 683 0
74 221 2
1247 65 8
973 292 2
318 939 80
1304 437 7
705 721 1
754 732 7
936 412 5
350 883 16
1090 690 2
852 1230 2
349 594 10
1550 296 8
603 836 2
451 476 30
138 1314 1
433 412 5
109 345 0
1035 415 1
1052 882 2
1356 761 15
263 681 2
291 172 8
1506 1329 2
145 677 2
259 641 2
171 1062 8
753 1465 5
692 603 6
1028 1493 2
707 1230 2
1545 101 8
772 323 77
1516 262 2
594 700 2
1035 1076 2
543 606 30
387 104 8
56 64 30
898 101 26
341 235 2
53 1403 19
218 1176 7
1304 139 5
1030 584 53
1261 1217 8
917 676 2
220 485 2
808 298 7
922 996 2
1446 3 10
228 551 2
541 1070 5
980 960 31
375 396 30
1124 1168 2
350 423 2
1364 26 2
1539 1243 7
388 1015 36
1518 345 0
891 568 7
390 1507 1
143 1070 5
226 66 2
862 770 2
300 905 2
476 1282 30
446 751 2
76 315 2
1125 663 8
992 812 2
430 551 2
981 1404 7
1254 83 8
1215 770 7
162 1191 12
591 1502 0
514 853 12
829 903 6
588 1314 5
278 541 2
372 980 1
409 773 2
980 1389 8
976 1354 2
154 1395 7
592 1327 6
514 1169 2
514 773 2
32 272 31
1404 368 33
655 1086 8
1193 685 8
374 419 2
363 1566 37
503 235 2
158 1309 2
1099 101 8
147 433 7
880 92 8
216 393 5
1461 939 15
108 287 5
26 625 2
147 766 8
719 1217 8
85 553 41
701 763 2
1403 936 7
928 442 2
345 174 1
905 223 26
337 908 6
143 726 8
891 603 6
373 808 8
476 1585 2
1044 219 38
936 701 2
852 476 30
235 569 2
396 1094 30
1355 466 2
672 455 2
502 934 15
1568 619 27
673 1230 2
1391 226 3
1358 504 2
446 1109 7
878 856 2
284 743 5
1035 28 8
551 1393 2
459 1482 8
211 1395 7
1250 393 8
323 1181 7
1201 412 5
1444 558 2
81 1290 1
823 1403 14
667 646 59
1306 412 5
286 124 1
592 1340 30
647 1033 2
27 303 20
995 539 33
658 390 8
417 533 27
311 1345 2
769 1296 8
528 681 2
1337 658 2
1304 90 7
978 1052 2
1152 1070 5
796 1314 5
147 1129 7
980 18 8
541 1062 8
518 1395 7
754 242 79
850 309 2
916 658 0
839 1239 2
374 1443 2
1230 187 55
1311 65 2
48 464 2
620 519 2
912 1014 0
1163 101 26
470 284 16
870 80 8
1397 568 7
729 455 2
841 241 2
630 1550 8
1119 476 30
450 824 6
499 1061 2
780 750 30
54 568 7
934 531 2
69 65 8
424 393 5
479 233 27
446 743 5
877 976 30
125 450 2
1206 820 15
4 321 6
145 226 2
619 908 8
741 191 14
380 1024 2
485 277 8
255 492 2
434 1325 5
367 278 2
4 613 6
238 1496 53
255 487 8
1090 622 35
584 1212 8
144 269 8
919 903 2
903 1310 7
1031 689 2
221 778 2
441 1125 7
441 1422 1
272 961 25
1252 854 27
519 911 31
1479 882 2
551 1333 2
455 494 7
1140 637 12
128 420 2
905 911 2
737 450 30
945 112 8
423 689 2
532 1021 2
790 315 7
1355 671 33
903 206 54
233 1207 8
783 417 2
880 1197 2
419 1395 7
872 1423 2
180 340 5
875 831 7
876 270 1
681 118 2
559 83 8
476 539 30
519 971 7
183 856 7
922 974 30
557 450 50
1090 1389 7
581 831 30
789 97 8
977 1355 2
777 387 8
287 450 2
1174 1166 1
450 320 19
555 663 8
1404 248 12
1084 298 8
729 1479 2
1463 338 5
950 863 7
1075 235 2
686 226 1
723 730 2
877 291 8
934 1118 1
1328 724 35
829 1550 8
52 663 8
1544 102 8
1261 738 1
1174 1035 2
115 1 1
1181 1212 8
253 568 7
147 320 2
605 726 2
582 233 27
157 663 8
1510 393 2
277 65 8
507 147 8
148 600 2
127 476 2
829 1086 8
276 32 8
440 1374 1
772 896 77
907 317 2
119 377 6
912 1033 2
268 393 8
1024 423 2
56 241 30
1448 450 30
373 393 8
1359 1274 12
1158 104 8
1029 1035 2
676 890 2
317 1342 7
658 1381 7
672 796 2
787 1197 7
210 350 2
643 627 6
551 1338 2
814 147 8
1456 609 2
966 293 0
185 1493 27
383 930 41
347 92 8
1104 1239 2
417 150 27
409 1122 2
886 1550 8
1232 50 48
1124 65 8
747 274 12
1357 98 33
1264 1015 36
938 1166 1
213 226 3
385 1395 7
981 374 7
1444 727 2
841 1565 2
295 1090 2
1055 393 5
390 450 2
1128 487 8
880 4 7
974 1061 2
893 377 8
267 488 27
856 922 2
1314 617 2
1477 1296 0
987 724 35
1555 219 2
592 297 6
913 969 5
485 1227 6
274 481 74
804 1325 5
111 1070 5
369 672 2
374 992 2
273 726 2
4 1220 15
803 272 31
216 1070 5
39 1314 7
139 882 2
1551 499 4
1298 1217 7
276 728 8
115 1421 1
596 940 2
591 1070 2
81 594 10
165 267 55
1039 26 2
1466 1680 1
704 348 7
468 1404 2
980 1500 30
939 791 8
519 883 30
646 1208 21
974 1282 30
614 376 3
702 1570 7
598 387 8
1166 547 39
158 1314 5
135 1457 8
905 960 2
1158 1420 8
1567 1274 12
672 1424 2
417 776 5
449 1024 2
1391 65 8
452 770 2
116 259 2
1136 471 8
557 770 2
228 40 8
267 1578 5
417 778 27
185 122 27
325 867 33
1296 683 0
1128 1188 2
1128 792 2
1215 40 7
83 433 7
1087 1395 7
273 1070 5
651 593 38
200 877 2
1314 637 12
1236 83 8
189 485 33
789 88 3
1308 320 6
1196 1309 2
729 804 2
972 543 1
1250 345 0
623 568 7
871 259 8
823 1314 5
1446 160 33
229 1168 71
939 384 5
857 272 2
599 1090 2
1304 955 7
297 1035 2
240 1118 5
543 502 8
48 1037 2
9 1328 1
252 101 26
729 1127 8
543 1330 15
594 702 2
294 108 8
685 1070 5
841 855 3
1015 156 15
1525 259 2
596 1230 7
255 1133 2
384 215 7
599 1314 2
1055 808 7
1174 980 2
834 1419 8
701 1568 2
1230 813 15
81 1176 15
1403 97 6
363 879 2
928 40 2
266 945 2
1053 1230 2
519 823 30
157 905 2
873 1455 30
154 1550 8
116 284 6
240 555 2
363 833 7
1383 393 7
1259 1631 2
1184 147 8
912 978 2
574 1496 2
1310 1325 5
817 1217 8
1398 83 8
563 409 2
332 789 2
446 753 2
240 779 2
108 1212 8
689 37 7
317 891 7
555 689 2
915 125 2
1239 93 1
677 269 2
1001 1070 2
359 282 23
88 681 27
247 65 8
233 1384 8
1106 1070 2
878 350 2
383 187 41
202 971 2
185 1042 27
226 292 2
681 1087 2
429 551 2
447 160 33
1114 1428 2
482 1314 5
1008 387 8
281 1024 27
1483 200 29
85 459 7
191 1482 8
1128 104 8
1210 676 7
996 1127 8
71 974 33
933 412 5
872 325 2
1126 1239 30
124 293 66
411 519 2
1077 1450 2
1128 36 8
108 581 5
550 916 8
267 829 27
1151 658 0
738 116 8
1177 420 27
646 502 8
683 1170 0
274 822 74
707 1418 7
666 1490 5
642 462 8
362 831 2
1295 1358 2
841 1437 8
399 1033 2
250 1395 7
273 1062 8
267 365 27
26 455 2
909 1153 6
476 1483 2
492 873 2
355 1395 7
1395 1388 7
446 341 5
601 867 7
753 658 0
653 594 10
1257 1212 7
317 817 5
927 594 1
1028 1036 2
267 758 55
430 812 1
138 726 2
718 200 33
450 1025 2
455 1345 2
1413 1325 5
1372 676 7
315 991 2
176 584 41
449 677 2
145 147 8
1025 1217 8
3 646 7
478 808 8
852 651 41
125 663 8
908 255 2
311 514 1
340 591 7
471 1418 8
541 1033 2
271 1325 5
551 1223 2
1197 958 5
558 282 23
440 609 2
878 978 2
1459 240 2
316 1184 6
540 289 2
978 1054 2
795 116 8
1014 39 7
808 502 8
570 646 8
472 387 8
1450 172 2
635 1404 1
1297 499 1
808 893 14
565 36 30
314 471 2
976 277 2
1451 398 2
1022 834 8
658 908 8
1402 412 5
322 793 8
1437 867 33
1308 265 6
293 355 7
267 769 27
447 119 8
147 959 7
980 244 8
1204 1419 8
1158 338 5
1078 651 53
1080 221 2
297 980 2
604 1355 2
1085 594 13
601 1563 7
787 1472 5
580 1102 1
1090 419 7
48 586 2
162 550 2
53 568 7
867 852 8
829 757 2
212 519 35
155 1160 2
1453 376 3
841 462 8
1187 1217 8
1055 65 7
255 1078 2
985 841 19
45 772 2
944 1239 2
26 168 2
392 663 8
1383 442 7
363 824 2
772 637 5
536 1194 30
468 374 2
980 470 30
300 309 30
707 609 2
851 1500 30
586 859 2
988 536 30
519 1456 30
912 235 2
1184 92 8
694 551 2
702 144 7
217 514 2
1140 1247 2
350 662 2
1117 1418 7
880 1450 1
592 806 50
489 1217 8
261 101 8
737 676 30
240 36 2
621 1374 57
1128 1491 7
742 115 15
1483 945 2
205 1446 7
681 1100 2
350 297 8
721 342 9
447 528 2
787 1128 8
540 917 2
915 70 2
1252 114 8
789 596 33
676 24 2
819 65 8
1450 1196 2
550 246 2
1014 1396 8
1304 908 7
90 770 2
557 676 50
1114 366 33
187 600 2
1254 1070 5
1101 484 74
1230 1401 55
841 1163 2
409 256 2
494 929 7
530 793 8
980 1169 2
980 773 2
1570 390 8
627 1024 2
974 263 2
1325 90 8
32 1153 6
451 1239 30
813 1266 1
1438 102 8
1521 1314 7
374 590 2
153 764 2
1099 272 8
594 1275 2
872 139 3
514 229 33
926 1611 2
385 1550 8
1460 1176 15
479 882 2
26 796 2
32 1418 7
147 937 8
987 546 35
784 144 77
126 476 2
706 83 6
226 98 30
1238 1439 16
1114 3 10
237 945 1
726 296 7
978 961 31
978 524 30
148 1217 8
999 1197 77
119 603 6
1348 441 0
1391 233 27
1475 930 12
1028 981 2
1035 1479 2
259 421 2
572 1418 7
1176 1396 8
101 604 2
101 208 2
1158 330 8
588 750 2
646 1098 21
325 101 26
218 314 2
1193 22 50
364 101 8
478 65 8
1316 1220 1
442 836 2
1316 61 15
721 970 9
692 793 8
316 837 6
592 823 30
226 177 2
1304 1203 6
312 726 2
894 1024 2
978 661 7
944 485 30
221 545 2
906 1125 8
878 1314 8
43 1153 52
1140 54 7
83 369 2
108 114 8
1123 65 8
189 793 8
541 514 2
681 52 8
1114 2 2
1561 685 7
1274 1285 5
869 377 6
974 1251 2
787 377 8
658 899 3
254 1068 5
485 1125 6
291 1298 7
540 166 2
996 97 8
1446 77 2
872 898 2
872 502 2
1444 953 2
634 646 2
1114 890 33
168 974 7
1296 109 0
978 1223 2
983 553 44
281 240 2
255 1004 27
303 1377 8
601 1216 7
424 1419 8
626 1358 2
730 974 2
1547 1062 8
1192 1550 8
925 813 15
16 1151 21
241 925 1
726 1330 2
357 1084 2
359 1274 12
479 735 6
255 335 2
26 1424 2
591 1296 2
1079 1126 30
888 939 15
329 412 5
259 23 7
1556 622 35
317 994 5
945 59 8
1383 387 7
838 197 8
596 108 44
915 1061 1
157 102 8
1180 65 8
1035 504 2
534 1514 0
522 1070 5
880 1238 41
1319 1225 0
138 903 2
582 314 2
808 460 2
1545 1325 5
135 80 8
543 379 41
1104 1328 1
533 101 26
980 347 30
581 677 2
905 1082 2
1136 743 3
184 92 57
903 112 2
916 147 8
1483 494 2
383 116 20
420 1081 6
1025 83 8
112 841 2
417 1004 27
1570 1381 7
447 77 2
540 1258 2
592 287 50
1252 59 8
537 973 74
78 677 2
83 1393 2
633 377 6
108 742 8
185 1036 27
555 219 2
147 883 16
111 92 8
1450 1141 2
74 1033 2
903 39 8
995 546 33
995 942 33
1421 568 1
281 226 27
409 269 2
1128 1305 8
765 259 8
635 374 1
435 789 8
1447 284 33
1211 1252 2
285 1358 2
297 619 27
729 1030 2
406 1062 7
543 796 8
1554 274 12
995 273 8
269 1450 2
756 92 8
1328 444 2
847 524 7
934 961 1
543 728 8
303 298 8
1306 102 7
291 588 8
729 957 8
4 792 6
448 658 0
603 1184 2
880 867 45
1299 1446 2
391 565 2
284 1099 2
623 663 8
1193 743 3
399 235 2
543 1126 30
543 730 30
34 1290 38
1458 191 30
40 728 8
1055 976 2
992 519 35
199 976 30
533 1524 5
1034 415 1
1108 1325 5
1204 1325 5
925 1262 2
917 1150 7
519 1341 30
1163 663 8
580 296 1
1440 543 20
240 1073 2
772 275 77
907 884 2
887 684 0
345 186 1
1210 1475 5
365 102 8
1035 1424 2
917 1128 2
241 903 2
148 56 33
565 912 2
1491 1314 7
459 937 7
524 350 30
1408 278 9
1144 1418 7
1011 1567 1
316 850 6
438 867 7
218 259 2
235 289 2
1000 1070 2
215 805 2
519 1447 1
1114 1046 12
1266 21 8
219 189 27
206 841 2
334 1101 12
1344 565 57
489 83 8
546 514 1
813 92 8
641 1418 7
328 929 7
823 1128 8
13 1217 8
187 1345 2
774 1252 2
1571 1181 7
836 873 30
101 80 8
1444 674 2
226 122 2
780 609 2
1158 1315 5
679 226 3
108 59 8
1106 873 33
869 409 2
485 341 5
1562 309 33
1022 36 8
84 594 2
1181 184 5
291 1243 7
416 219 2
880 221 2
399 1035 2
752 1395 7
1087 812 2
221 21 8
1084 1457 8
1024 1131 20
977 447 2
1290 610 17
160 831 2
618 841 2
1375 1325 5
852 603 2
1403 623 6
945 992 2
609 877 2
252 808 6
527 102 8
50 758 2
42 646 7
205 1325 5
945 1342 7
1479 272 31
1397 684 7
1279 726 2
479 284 6
736 267 55
995 338 5
256 1550 8
439 35 30
978 805 30
977 1062 8
155 666 12
856 916 8
468 1191 12
259 743 3
1207 1150 5
317 1335 5
1348 1014 0
256 1086 8
661 101 26
301 1150 77
695 789 2
1106 1514 0
703 108 8
1252 1342 7
221 498 2
1352 1418 7
3 476 7
40 269 8
1139 101 2
190 681 27
1045 905 40
551 1449 2
551 1053 2
1446 93 1
796 1086 8
1017 417 2
563 1550 8
1177 1304 5
916 92 8
274 801 10
314 369 2
787 726 8
540 911 2
569 646 8
928 1168 41
151 1015 36
101 1396 8
350 1500 30
550 1447 2
295 1561 2
83 1338 2
346 147 8
367 1325 5
272 1284 21
1223 219 2
74 978 2
1317 1230 2
584 774 40
1563 743 3
168 1496 69
872 1075 2
1308 95 6
480 272 31
1090 1109 7
1304 42 7
642 1384 8
1103 1086 8
1304 730 7
976 727 2
641 978 3
1231 158 8
557 102 50
181 663 8
543 277 8
48 416 2
752 393 8
494 401 2
1403 336 6
514 834 2
1084 18 8
259 623 6
611 903 2
33 1252 2
377 1491 7
1496 1600 38
170 387 8
1174 859 2
1181 244 8
594 868 8
656 284 14
1034 68 1
958 1086 8
278 430 2
368 974 2
1185 1062 8
259 1330 2
435 441 0
1287 309 33
1403 601 7
609 855 3
1035 1077 2
527 459 5
543 607 30
735 920 9
508 147 8
594 1092 8
337 1449 27
222 1550 8
350 492 2
565 857 2
56 357 30
789 890 33
593 663 8
519 1100 1
1030 689 2
192 903 6
980 961 31
713 65 8
876 307 5
903 1081 2
1090 743 5
689 249 8
314 1393 2
672 516 2
551 32 7
1329 1298 7
35 1325 5
1078 1325 5
215 390 2
447 650 2
996 929 7
423 619 27
620 233 27
328 1207 8
241 485 30
519 981 12
939 855 5
1126 1403 14
1180 345 0
1314 113 2
575 1325 5
871 1418 8
1210 789 2
992 808 8
168 514 2
623 1309 2
1499 1446 10
399 980 2
694 812 1
273 514 2
1570 908 8
739 536 2
925 445 0
573 1062 1
1023 1315 5
780 191 30
706 377 6
1461 974 30
646 277 8
1358 513 26
672 1152 26
267 908 7
494 1420 8
115 453 1
486 102 2
594 1455 7
377 62 2
127 950 7
252 26 27
454 350 41
568 493 6
112 1070 5
1475 1057 57
1035 667 27
829 396 33
1014 1225 0
450 489 6
601 642 7
604 726 2
106 1114 2
915 222 0
915 263 1
357 568 7
396 1455 30
672 1417 27
1033 1131 2
462 568 7
350 1120 2
729 484 9
337 78 27
707 147 8
852 873 30
1252 1333 2
1250 363 2
720 83 8
1158 848 8
737 1325 5
696 663 8
284 720 15
244 1217 8
939 839 8
825 83 8
226 763 2
28 108 8
446 1448 2
320 603 6
762 681 27
551 998 2
335 1230 2
1228 219 1
1336 1217 7
383 986 41
772 382 7
417 206 27
789 523 23
1444 1247 2
894 808 7
550 1100 2
233 80 8
417 894 27
417 498 27
185 238 27
519 349 1
978 1121 2
679 65 8
729 1152 26
112 726 8
302 1404 7
74 235 2
619 1644 11
346 92 8
658 787 8
1231 1482 8
1095 1181 7
140 934 5
435 387 8
1136 1335 5
856 1338 2
197 1377 8
84 1563 2
1446 991 2
468 1514 0
1198 584 53
600 779 6
49 363 2
66 393 2
729 1417 27
297 651 53
880 1086 2
1446 264 23
720 519 1
267 836 27
1404 401 2
277 1114 2
619 685 8
847 810 7
1284 284 33
1197 97 8
1081 672 2
33 905 2
323 884 5
1496 857 38
1193 3 8
1193 341 3
1119 873 30
348 909 1
858 663 8
973 206 39
377 702 12
1176 324 2
1458 115 15
259 947 2
1307 259 8
374 229 33
336 1153 6
834 651 69
1339 957 5
446 389 36
40 222 8
1029 681 27
650 1170 0
915 1287 1
1193 840 50
485 575 2
259 937 7
1391 882 2
145 519 2
737 915 30
674 550 2
823 65 7
95 856 52
369 1345 30
1193 1335 5
233 839 7
508 92 8
350 437 2
674 446 2
284 1307 14
1024 88 2
253 259 19
36 976 30
1358 1133 2
928 83 8
742 286 15
572 543 2
913 978 2
452 1217 8
1253 254 12
618 1070 5
396 704 30
108 932 8
869 903 6
228 393 2
314 1338 2
555 409 2
447 699 2
770 436 7
1181 1557 5
450 49 2
872 1424 2
1308 1236 6
83 1223 2
627 1403 6
997 808 7
903 265 8
657 1090 2
519 972 7
83 1515 2
441 39 7
441 80 8
447 264 23
192 1550 8
1486 393 8
446 697 2
1117 147 8
724 499 1
1019 226 3
555 1128 8
106 396 30
655 808 8
978 78 2
1533 377 1
829 412 5
1011 46 8
584 823 16
35 603 2
497 689 2
945 590 2
1354 345 0
279 609 2
542 1610 56
1416 536 2
1050 153 1
214 1472 5
514 1407 2
1500 1357 2
560 293 66
1287 950 33
1376 1424 1
852 92 8
374 657 2
902 1150 5
1181 817 8
261 681 2
258 831 2
148 350 33
1448 915 30
1448 519 30
424 1314 5
594 1337 8
1495 1230 2
945 855 3
544 658 0
435 1014 0
240 1299 2
1008 543 1
884 1118 5
485 1495 2
350 773 2
1028 360 2
565 1138 2
454 785 2
115 622 1
476 1135 2
155 179 8
102 1415 2
438 1035 2
226 416 2
550 821 2
716 92 8
255 97 8
1503 377 8
1466 881 1
73 441 0
978 960 31
1479 200 2
905 229 2
1414 1325 5
1358 54 2
672 693 2
494 338 5
255 75 3
274 3 10
62 1325 5
1316 908 5
1145 393 8
21 663 8
259 1335 5
420 228 6
1230 914 2
167 1325 5
1131 867 33
1460 996 2
233 129 8
1126 600 44
804 646 8
238 350 2
1230 1305 8
420 957 7
286 70 1
328 1384 8
185 183 27
530 1561 2
903 1581 8
491 1015 36
343 291 8
435 40 8
303 829 2
945 419 67
868 701 2
441 1396 8
1128 848 8
1019 808 8
646 626 8
416 841 2
1563 341 3
950 1606 2
144 163 5
16 1098 21
681 119 8
176 726 2
1224 376 3
1213 1062 7
47 1395 7
915 1194 30
1476 315 30
267 1177 27
42 476 7
374 993 2
842 494 1
162 374 2
1197 1307 13
1081 221 2
1397 910 7
334 925 10
981 973 9
1446 904 9
494 390 8
1563 1335 5
36 200 2
363 392 36
1461 1496 41
510 387 8
374 611 34
255 798 2
278 28 2
903 223 26
1000 1514 0
157 278 2
40 167 8
88 120 5
1105 1514 0
882 776 5
841 114 8
393 213 8
383 1282 30
1137 1419 8
1351 1418 7
485 119 8
337 1047 27
464 450 2
565 455 2
170 315 30
457 1550 8
1172 102 8
684 1135 2
607 750 30
77 866 36
101 1299 2
1014 559 7
1014 163 7
1338 568 7
210 233 27
913 235 2
167 915 30
905 857 2
672 983 7
737 396 30
1358 1078 2
558 1357 2
108 544 7
894 681 27
950 810 15
1122 485 2
577 1304 5
50 1190 41
325 663 8
438 284 2
671 1418 8
108 855 3
1223 841 2
535 568 7
681 59 8
1446 229 33
1044 872 40
309 1606 2
338 309 30
77 554 2
745 568 1
646 1213 7
1117 92 8
1227 417 2
557 396 50
1317 350 27
898 83 8
1222 92 8
1227 808 8
729 1493 2
377 1389 7
1446 837 23
699 293 0
1401 903 6
849 553 2
287 1084 2
395 83 8
867 908 8
380 978 2
729 1029 2
738 1384 8
631 770 2
1380 1450 2
566 1166 1
1184 221 2
1394 1024 27
1084 140 8
729 1420 8
663 1409 5
393 1305 8
494 1310 8
1158 1388 7
1161 1395 7
23 374 2
613 387 8
142 1450 2
266 550 2
485 1044 53
856 167 8
934 960 1
1458 1376 15
26 516 2
581 1252 2
735 21 8
945 462 8
1510 235 2
856 63 8
485 1148 2
22 476 2
1208 1514 0
905 1553 2
127 26 2
265 197 8
155 129 2
147 480 65
464 974 2
101 324 2
1024 661 2
401 412 5
438 980 2
41 551 14
1166 116 8
126 420 2
270 915 30
1036 272 2
1466 826 1
1340 459 7
102 604 2
915 126 2
447 229 33
434 940 2
82 1516 2
383 531 30
546 726 2
1357 443 12
314 1515 2
311 278 7
915 855 3
677 958 2
452 83 8
882 1133 2
790 1181 7
202 972 2
383 823 30
323 676 7
588 793 8
1250 226 3
377 1315 5
921 872 30
557 83 8
1445 1101 12
886 808 8
903 838 8
98 1206 7
447 837 23
26 1152 26
599 925 10
524 600 2
1019 65 8
420 880 2
772 204 7
869 872 2
869 476 2
1216 502 8
1084 853 12
880 387 8
1170 196 1
279 540 27
934 1364 1
915 1139 30
1303 1155 7
834 619 27
183 92 8
658 213 8
1398 812 1
750 119 8
527 215 3
730 793 8
864 83 8
944 284 2
507 789 8
458 412 5
560 1062 5
285 377 8
1514 174 1
1131 519 25
1397 459 7
875 291 8
1376 394 1
1395 1389 7
479 1230 2
574 153 1
1155 1396 8
147 848 7
982 1523 5
891 393 5
341 1450 2
1475 986 12
925 62 2
1028 1037 2
847 277 8
934 318 2
1458 1231 41
1045 1062 8
383 114 39
729 273 8
340 660 7
841 59 8
442 1310 7
1500 155 2
1408 973 9
1230 1555 2
1304 1578 5
40 44 8
1358 335 2
910 434 2
125 565 2
681 1342 7
990 439 57
1137 1296 8
681 77 2
1446 993 2
824 1465 5
323 1304 7
53 536 30
915 1437 8
347 1062 8
417 1120 27
185 68 27
787 793 8
530 1446 2
614 1316 5
221 497 2
1450 569 2
897 663 8
108 462 8
185 360 27
727 594 10
880 646 7
977 1314 2
1128 1030 2
718 1014 0
200 823 2
920 284 14
1262 1015 36
211 226 3
658 1305 8
251 622 35
1446 821 2
313 731 2
1304 213 7
503 1450 2
1487 1325 5
915 1371 30
126 412 5
1035 1152 26
272 1177 2
1080 514 2
45 841 2
599 1328 2
1397 795 7
1230 706 55
544 191 30
1394 677 27
303 18 8
494 572 2
1550 1156 8
24 293 0
4 908 6
721 252 27
259 1523 7
577 514 2
595 235 38
227 1281 1
1401 1550 8
439 1126 30
917 974 7
274 113 75
825 568 7
1360 1564 1
485 796 8
519 1457 30
359 726 8
259 1059 7
1166 129 8
1176 769 8
56 1291 16
763 903 6
1284 65 8
645 945 1
135 32 8
519 1271 1
373 226 3
1483 550 2
1024 606 2
560 226 1
438 191 7
309 743 5
670 982 7
1128 1388 7
592 90 8
915 71 2
429 565 2
628 101 26
789 397 2
729 338 5
1454 841 2
539 831 2
887 1502 2
1010 1384 7
915 462 8
447 821 2
542 577 2
1170 1187 0
552 309 33
1351 554 2
1178 1514 0
1216 1389 7
1304 1305 7
894 689 2
919 376 3
1146 1325 5
302 155 7
421 723 2
701 1566 5
759 259 2
1100 1090 2
555 859 2
643 54 6
514 1409 2
168 393 2
211 808 8
534 789 2
420 429 2
144 99 0
391 689 2
291 1004 8
1533 499 1
731 303 7
849 1230 2
190 1035 2
173 609 2
1176 809 1
841 1456 2
873 1402 44
493 856 6
530 1086 8
594 1298 7
1329 63 8
307 396 30
928 682 2
578 1070 5
291 936 8
1329 355 8
1302 793 8
999 1266 77
485 1393 2
841 1342 7
309 949 44
818 568 1
499 209 2
475 393 2
272 129 8
387 1322 13
26 693 2
56 1224 30
1129 519 1
928 568 7
684 405 2
772 727 77
317 763 5
1087 519 35
996 338 5
925 1226 12
250 1314 8
357 681 2
240 1025 2
122 729 2
1162 663 8
216 1564 1
155 743 3
239 677 2
102 1199 7
193 374 57
337 541 27
441 174 1
1217 1384 48
1333 681 27
905 455 2
902 663 7
424 873 2
315 891 7
721 971 9
551 1169 2
551 773 2
420 850 6
1357 1016 12
692 1086 8
221 150 2
1009 102 8
919 1062 8
809 56 30
300 1309 2
917 92 8
534 1101 12
973 436 1
1561 686 7
83 662 2
550 160 33
189 1086 8
410 417 2
1446 474 2
867 183 2
1476 609 30
398 707 2
995 607 33
537 278 74
65 0 7
770 244 8
117 823 30
913 450 30
292 314 2
1075 1450 2
1215 155 7
381 609 2
398 639 2
1404 572 2
713 945 2
642 1396 8
1158 1054 7
350 1292 16
1399 1314 7
847 626 8
784 1529 77
729 231 2
1357 718 10
1271 1404 2
1394 226 27
382 1239 7
485 80 7
155 1106 2
849 83 2
393 804 2
431 293 0
167 770 7
494 908 8
734 1239 2
158 793 8
272 716 7
255 628 2
272 35 23
594 588 8
729 1310 8
1039 108 1
1055 303 7
441 1225 0
1479 726 2
939 1310 8
1526 1217 8
699 554 23
849 476 30
915 1354 1
314 889 2
502 976 30
907 1418 7
775 225 5
453 1345 2
607 976 30
1104 1329 1
882 1004 27
337 1169 27
337 1565 27
221 1242 2
164 1325 5
578 1062 8
1153 728 8
1357 425 2
1245 651 12
681 650 2
447 474 2
770 607 7
1552 1418 7
213 1062 7
1227 315 2
459 179 8
185 1037 27
185 641 27
863 856 6
1314 893 33
1093 938 6
209 1418 7
906 47 8
1203 808 6
645 1114 1
809 976 30
1317 540 27
1225 303 48
516 233 27
1437 553 2
974 277 2
1328 909 2
211 65 8
1489 1014 0
409 958 2
542 58 2
729 1381 7
1436 259 2
1207 1550 8
494 537 12
1505 412 5
502 987 2
26 1375 27
1193 433 7
639 284 2
996 1310 8
622 254 2
576 1325 5
227 179 15
98 772 14
1419 521 2
647 350 2
0 1514 0
69 1230 2
1024 796 20
1140 1187 0
1550 1437 8
847 1213 7
774 1230 20
939 1236 6
1207 1086 8
1230 724 25
1323 808 8
1176 394 1
841 1041 2
420 743 3
480 726 2
270 420 2
16 73 21
841 1333 2
1404 381 33
772 740 77
921 795 7
285 663 8
1035 1493 2
988 1231 41
56 877 30
627 793 8
126 26 2
596 83 8
499 149 8
363 1002 2
1005 293 0
856 685 8
387 813 8
721 260 2
1193 36 50
978 470 30
982 1413 5
240 678 2
287 1239 30
899 377 7
21 219 2
723 1126 2
925 775 12
1166 702 8
1252 365 2
110 527 1
814 387 8
1493 259 2
552 950 33
919 684 2
951 269 8
1082 303 20
676 1354 2
223 476 2
3 182 8
657 950 33
1231 937 7
1451 65 2
1535 420 20
80 726 7
1025 282 23
898 568 7
162 1514 0
417 322 27
447 1389 8
54 1403 6
648 1079 2
1152 147 8
27 420 20
639 1376 2
995 929 7
1106 1101 12
272 657 21
1533 1140 1
200 421 2
1019 291 8
395 568 7
623 619 27
309 357 2
1198 681 27
1446 419 2
614 450 5
1125 1403 14
313 32 8
910 311 35
978 773 2
960 377 1
969 732 7
731 876 7
499 558 2
1087 808 8
255 513 26
155 443 12
183 219 2
361 412 5
494 1126 33
168 147 33
961 202 7
292 551 2
619 743 3
731 808 7
536 861 30
870 139 3
603 502 2
643 18 8
155 1447 2
1561 1289 36
40 46 8
940 1112 7
450 837 6
40 384 3
713 1114 2
205 1115 77
642 983 30
922 1230 2
111 1403 6
390 1239 30
125 859 2
1028 1555 2
95 284 52
250 226 3
1171 47 8
1024 1515 2
723 88 3
565 230 2
1252 78 2
557 568 7
1188 609 51
925 512 2
286 937 1
1036 1418 2
910 614 7
820 939 15
736 1325 5
460 873 2
1128 928 2
1314 3 10
1354 363 2
889 882 2
1474 476 2
614 658 66
515 684 0
417 513 26
314 662 2
1563 433 7
447 419 2
942 485 30
812 368 14
674 494 2
1239 366 2
375 750 30
1444 1199 2
1047 485 30
417 1242 27
185 586 27
185 190 27
535 681 2
1014 891 8
183 915 2
202 1398 39
850 726 2
867 756 2
191 531 2
872 1076 2
1316 311 1
993 1217 8
25 1472 37
1090 1448 2
841 366 2
1546 272 8
328 116 8
494 1262 2
650 309 33
546 92 8
600 1127 6
1317 417 27
159 681 27
385 1217 8
127 101 26
1075 420 2
859 914 2
939 493 6
745 1062 7
1323 65 8
724 542 7
303 244 8
1496 1601 38
1282 925 1
255 909 2
1283 284 33
750 1371 30
1047 1252 2
1047 856 2
1184 387 8
1506 976 33
35 255 2
923 1314 7
259 189 27
1193 1292 50
487 92 8
514 453 34
1055 876 7
135 326 8
701 33 2
1391 1230 2
1166 355 8
972 267 55
701 325 2
228 1309 2
1136 1298 7
155 341 3
250 808 8
1033 796 2
1497 1550 8
702 267 7
907 726 2
610 978 3
233 791 7
337 139 27
1102 1079 57
1252 998 2
108 1384 8
441 163 7
1352 282 2
1191 749 5
1568 681 27
1252 1389 8
438 709 7
1357 602 2
1228 1591 1
317 1396 8
102 671 2
540 1436 2
289 101 26
383 598 30
313 1315 7
648 1128 2
324 723 2
1230 1030 2
550 77 2
722 1070 5
155 1335 5
1044 1024 40
1570 685 8
286 186 1
226 360 2
409 843 2
1061 1170 0
200 366 2
424 1086 8
194 905 2
530 554 23
544 92 8
852 221 2
1230 957 8
977 789 2
880 459 2
396 368 16
102 1392 30
1014 140 8
147 737 2
871 40 8
1398 1024 2
609 823 2
369 393 2
59 663 8
374 713 2
1403 1298 7
486 499 2
179 65 8
139 603 2
721 505 2
1548 387 8
1130 1093 1
1439 50 14
255 1491 7
772 1313 77
150 676 2
912 1450 2
795 1298 7
588 1395 7
701 661 2
249 1611 2
317 593 5
956 92 8
532 958 5
499 53 34
1391 255 2
808 23 2
494 42 8
1466 1693 1
363 264 2
925 129 2
348 547 2
519 604 30
202 714 1
1033 1424 2
193 996 57
1336 808 5
1024 1460 2
1035 390 8
1230 1388 7
458 1217 7
217 350 2
593 377 8
1258 1217 8
141 972 9
218 729 2
1424 1070 5
1358 798 2
672 1041 2
772 779 7
168 441 0
307 925 2
915 1212 8
950 926 15
1021 376 3
763 757 2
1232 1155 48
1026 259 2
350 75 3
141 904 9
978 1122 2
494 109 0
545 677 2
789 36 33
670 102 8
1138 40 8
1304 452 7
880 1155 2
890 1345 2
642 1299 2
1228 543 7
995 437 33
750 991 2
1314 1046 12
1231 172 8
721 93 5
1446 992 2
1417 856 2
872 625 2
1037 101 26
70 726 2
377 1213 7
996 908 8
737 987 2
1198 689 2
1084 329 2
1081 1033 2
155 1016 12
318 1217 8
616 841 2
519 907 2
492 1345 2
1098 282 23
842 550 1
363 1245 37
871 272 8
1369 1475 1
40 692 2
267 1525 27
704 374 1
939 438 6
420 341 3
592 938 6
377 1087 2
252 259 27
1237 412 5
580 1566 1
729 848 8
723 500 2
841 535 2
603 1075 2
1174 409 2
943 789 2
721 423 27
252 551 27
1551 1140 4
259 1298 7
934 388 1
27 584 2
1174 701 2
115 63 1
506 1230 20
1230 546 25
1160 808 8
1314 1132 0
713 284 33
1459 309 16
340 1063 7
1229 903 6
658 683 0
577 221 2
420 1335 5
772 562 77
1171 958 3
923 1529 2
674 447 2
144 167 8
1011 1161 7
219 498 2
1544 412 5
217 978 2
913 233 27
1035 1310 8
540 1449 2
1253 284 33
221 1364 2
265 315 30
1355 77 2
1527 1070 5
240 500 2
297 412 5
1014 1199 7
689 533 3
1537 1314 5
216 684 2
102 324 2
563 26 2
903 626 8
494 445 0
1242 393 2
689 487 8
459 743 3
770 1125 7
778 841 2
31 485 30
1215 785 7
219 722 2
906 273 8
681 837 23
195 568 7
648 677 2
365 1325 5
272 156 15
988 1079 2
541 350 2
603 1479 2
84 485 2
623 859 2
287 1140 2
393 1388 7
1011 47 8
1184 1033 2
622 772 2
721 1515 27
754 37 8
1326 92 8
267 154 27
298 101 8
391 584 53
303 817 8
925 683 0
262 872 2
1383 1206 7
1403 1243 7
594 1005 7
872 265 8
1119 191 30
1328 622 35
273 387 8
273 684 2
730 450 2
338 1086 7
565 1161 7
702 1304 7
205 317 77
982 1243 5
475 856 2
110 1509 1
928 681 2
468 1070 2
978 988 30
592 957 8
259 588 8
255 98 8
98 1376 2
445 1114 2
1024 1405 2
206 672 2
139 873 30
1478 925 2
1121 233 27
689 1120 2
816 65 8
350 1459 30
1140 248 12
116 987 55
1100 1561 2
1450 854 27
1328 1389 7
1232 808 48
36 948 15
1439 873 2
1456 903 2
1308 158 6
1380 1128 20
536 366 2
1084 1315 7
565 47 8
1450 289 2
516 882 2
69 1418 7
1455 609 2
153 753 57
541 978 2
1197 1381 7
1114 466 2
1142 377 5
1476 676 30
855 540 2
499 388 2
350 1118 5
476 1567 1
534 873 33
960 499 1
840 1376 2
494 360 2
377 1100 2
399 1450 2
859 116 2
1301 929 7
297 701 2
381 676 2
750 904 9
934 401 1
939 779 6
506 101 8
514 32 8
536 983 30
1081 514 2
841 183 8
506 393 8
259 893 2
841 480 2
278 29 2
155 1173 2
1033 667 27
439 158 30
350 999 16
1176 265 8
1502 1541 2
259 1243 7
20 1197 7
565 1417 27
1160 65 8
125 689 2
876 1577 5
155 458 33
707 726 2
555 1314 5
1287 200 33
457 1556 2
1319 1397 0
363 837 2
519 781 30
1377 102 7
1047 772 14
92 863 7
1140 572 2
95 568 6
278 347 14
282 720 15
52 1314 5
1459 1345 2
679 1062 7
278 301 19
1343 1181 7
1214 1266 1
106 309 2
186 226 1
681 821 2
681 425 2
458 83 7
212 1345 2
747 1170 0
277 658 0
92 1133 2
942 315 30
168 1014 0
1481 584 33
447 244 8
83 773 2
973 1469 47
185 416 27
1315 603 52
873 1200 2
36 750 30
1450 917 2
499 1480 2
1114 406 2
66 1035 2
229 1238 71
447 932 8
309 1607 2
1304 1025 7
221 1236 8
894 409 2
937 1325 5
1570 179 8
1297 1140 1
826 658 0
789 44 8
454 1070 5
1056 735 6
1084 214 2
1084 610 2
420 545 2
603 1424 2
1304 957 7
493 284 6
391 409 2
1322 65 8
720 1093 1
420 936 8
393 937 7
591 568 15
502 1450 2
1304 1249 7
1216 167 8
1550 1212 8
847 1384 7
618 677 2
263 1561 2
28 1550 8
485 46 6
723 1073 2
140 841 2
855 226 3
595 873 16
752 808 8
1184 514 2
1131 568 15
476 1253 2
485 1212 8
255 1031 2
1295 1024 2
815 1114 2
543 1194 30
255 1381 7
1376 59 1
28 1086 8
1158 119 8
240 453 2
108 1241 7
300 950 30
1124 1418 7
348 145 2
806 551 2
1130 519 1
442 287 7
598 102 8
772 739 77
442 625 2
228 1035 2
233 1017 7
689 1133 2
1024 662 2
32 197 8
1296 1335 5
155 813 8
1466 827 1
1466 431 1
454 663 2
789 745 2
1227 1114 2
551 889 2
741 1608 2
202 577 2
323 677 7
546 973 7
85 1550 8
226 586 2
1140 113 2
238 291 8
854 1516 2
190 1550 8
541 235 2
465 1578 5
619 1327 62
550 264 23
627 1395 7
1340 976 7
873 471 7
1403 863 6
869 873 2
1314 248 12
398 823 2
1200 663 8
156 594 1
1546 1418 8
1183 646 7
406 551 7
485 1138 6
168 1033 2
674 1514 0
402 102 8
932 412 5
1081 235 2
622 1345 2
273 1033 2
3 1325 5
163 568 7
467 377 5
178 65 8
1547 387 8
996 42 8
1446 855 3
1039 101 26
1162 584 53
730 1086 8
485 34 53
500 905 2
667 856 20
852 1062 8
1183 870 7
676 1282 30
938 651 53
259 546 2
872 838 8
631 83 8
1183 976 29
267 116 7
831 893 2
161 259 8
1250 274 12
475 1033 2
922 609 2
711 315 2
432 293 0
527 1514 66
551 477 5
519 830 30
1399 92 8
646 129 5
1225 420 5
1327 1070 5
836 1345 30
829 980 3
624 726 30
1035 908 8
135 139 3
894 1395 7
1502 307 33
101 1578 3
346 387 8
1358 628 2
719 1070 5
681 474 2
1321 735 6
925 579 2
945 1554 0
286 1004 1
300 619 27
451 684 2
440 903 2
459 341 3
898 1309 2
314 833 2
540 979 2
1339 1482 7
551 206 2
189 396 33
997 303 7
328 355 8
528 1561 2
1357 77 2
192 1446 2
29 412 5
66 980 2
1084 823 33
1329 1112 2
519 805 2
960 1140 1
377 1236 52
191 743 3
1486 226 3
1119 1062 8
442 139 3
625 681 27
765 272 8
25 1206 36
867 922 8
581 723 30
84 83 2
1394 350 27
459 1335 5
841 829 2
1103 1550 8
494 933 2
499 1253 2
102 539 30
1084 1047 33
934 1078 1
399 420 2
290 83 8
599 1329 2
1475 273 57
1216 112 8
638 393 59
514 610 2
514 214 2
145 377 1
48 484 2
841 365 2
729 929 7
377 2 2
1295 677 2
403 387 8
841 1053 2
543 451 30
247 1418 7
1058 92 8
980 1578 5
721 545 27
508 387 8
110 419 1
1176 838 8
1350 925 1
1061 200 33
543 1139 30
1333 412 5
856 743 3
1567 553 1
1438 412 5
726 341 3
26 68 24
565 1029 2
1502 47 2
228 980 2
92 958 5
1140 1541 2
144 685 8
127 259 8
565 1420 8
564 600 2
396 535 30
1252 773 2
903 857 2
997 1395 7
710 387 8
1128 1389 7
592 1392 50
218 272 2
903 852 8
789 2 2
676 678 2
1114 1443 2
1463 1156 7
1188 1070 5
442 502 2
441 230 7
884 1315 7
673 1062 8
268 1325 5
551 834 2
726 1335 5
1114 1112 23
1145 226 3
447 817 8
978 269 2
46 1070 5
1452 65 2
535 1084 2
928 553 41
1561 59 7
823 851 30
191 1330 2
762 1550 8
905 47 8
681 1321 8
535 1376 2
1338 393 2
441 891 8
1037 856 20
106 519 30
197 129 8
84 315 2
872 168 2
1329 424 8
1239 1384 8
1216 52 8
424 793 8
267 380 27
273 978 2
1547 40 8
626 1024 2
195 40 8
584 31 16
738 355 8
235 1375 27
226 460 30
609 890 2
841 1384 8
1265 856 6
1054 1395 7
369 856 2
1302 1086 8
266 873 33
276 958 3
379 1496 2
1496 693 38
147 881 3
155 771 2
450 265 6
543 1371 30
1527 92 8
1448 642 30
135 1125 8
372 102 8
1163 1309 2
27 677 38
903 1553 2
259 423 2
150 383 2
905 1417 27
915 727 1
189 412 5
1550 1118 5
4 54 6
122 1418 2
1500 101 2
21 859 2
442 1198 2
294 412 5
459 1578 7
468 873 33
210 1230 2
98 1556 7
1158 916 8
950 928 45
327 940 2
1252 1396 8
101 1581 8
808 855 3
1455 903 2
1355 443 12
1358 177 2
1035 97 8
853 755 5
584 667 40
1554 1266 1
795 63 8
1443 1101 12
1442 345 2
912 65 8
221 834 8
519 458 2
974 1253 2
266 1514 0
601 412 5
550 837 23
805 309 30
650 1140 2
515 377 1
565 671 30
842 789 1
512 1418 7
636 856 2
256 101 26
1328 178 2
285 1024 2
652 65 7
515 1502 2
1110 197 8
1382 1325 5
543 462 8
646 1437 8
1341 663 8
981 1128 2
1191 342 74
440 485 30
76 92 8
1483 485 30
476 1310 5
102 192 30
1525 219 2
623 793 8
401 543 2
847 627 8
350 513 26
1403 57 6
1047 284 2
162 789 2
1210 101 8
829 600 2
594 886 2
1540 259 8
819 1418 7
689 1004 27
241 1564 12
1174 872 2
931 808 7
158 1086 8
199 642 30
973 281 55
999 120 77
135 384 3
1062 63 8
368 987 2
584 593 38
489 1128 8
1035 798 2
240 739 2
913 735 6
1216 341 5
780 925 1
445 1531 1
1468 1197 7
468 282 23
1164 568 7
436 1608 2
1135 770 2
1155 533 3
768 1507 1
1252 817 8
676 727 2
1114 222 0
98 873 7
576 646 8
228 565 2
1191 469 5
808 1437 8
1114 992 2
442 109 7
1025 377 8
108 1396 8
981 1153 6
322 1395 7
85 757 2
654 1516 2
528 1446 2
720 658 0
1308 908 6
219 497 2
676 263 2
997 876 7
191 983 2
1570 743 3
1120 65 8
1376 573 15
744 447 1
315 37 7
1306 568 7
303 665 2
750 1389 8
557 915 50
557 519 50
939 1305 6
1418 739 27
133 441 66
514 1251 2
168 235 2
642 31 2
992 1217 8
494 1226 12
1325 37 8
554 1268 5
273 235 2
720 1314 7
721 894 27
1033 1152 26
238 1325 5
55 551 2
267 325 27
618 903 2
650 92 8
108 369 5
23 1357 2
594 1536 7
1403 685 6
754 104 8
403 272 8
391 859 2
277 499 2
362 723 2
541 1230 20
47 808 8
191 1204 30
147 51 7
772 1429 77
915 1283 21
703 1450 2
272 75 8
604 155 2
934 1578 7
726 936 8
1155 891 8
122 1035 2
1252 1122 2
475 235 2
232 905 2
604 447 2
1309 68 24
1292 377 8
195 303 20
377 502 8
272 574 55
1024 492 2
442 1201 7
202 434 1
383 722 30
903 930 53
1001 1274 12
255 269 8
341 831 7
25 83 8
223 873 2
86 1395 7
42 1325 5
903 1384 7
1082 934 15
303 1069 2
1154 1217 8
442 1075 2
441 1199 7
1116 726 2
1010 355 7
1035 42 8
780 903 2
1439 940 2
1084 1428 2
209 282 2
1436 101 26
684 893 14
524 723 2
147 98 16
435 108 8
945 91 67
905 958 3
872 53 2
197 702 8
1128 916 8
471 293 0
658 1575 4
1439 476 2
1180 1418 7
315 1500 30
909 191 14
528 1086 8
507 808 59
980 32 8
475 1035 2
1080 108 8
398 877 2
1246 721 57
939 158 6
729 177 2
374 1061 2
592 1491 7
143 1395 7
1133 412 5
53 793 8
1259 1140 2
163 663 8
144 59 8
1129 1093 1
866 432 15
1244 934 15
1356 720 15
701 1405 2
1255 1496 2
1090 704 35
1221 1070 5
380 350 2
934 936 8
618 147 8
1197 42 8
129 1304 7
980 362 30
88 584 5
1053 1062 8
1495 219 2
1056 808 8
565 231 2
882 513 26
623 1314 5
769 681 27
56 23 30
1155 140 8
672 1493 2
993 1472 37
1017 315 2
1355 1016 12
317 728 7
460 770 2
1136 936 8
11 772 19
856 1335 5
867 825 2
1439 1230 7
425 812 2
261 982 67
302 1357 7
1304 800 7
1150 1310 5
441 139 3
641 1007 2
1231 228 8
535 974 2
309 1377 8
194 278 2
1025 1070 5
1496 125 40
429 383 8
170 83 6
136 603 52
406 1301 7
855 233 27
514 1196 2
1024 54 20
631 568 7
494 775 12
917 441 0
227 813 15
1080 1033 2
647 291 8
599 1550 8
26 360 2
267 270 27
499 368 33
865 663 8
1355 718 10
172 147 8
277 147 8
841 883 2
617 554 2
1058 219 2
160 987 44
554 761 15
577 1033 2
568 159 6
1163 219 2
1448 240 30
147 37 8
42 1239 50
361 770 2
525 1651 10
699 1355 2
681 1000 2
343 1418 7
359 808 7
1022 1389 7
383 375 30
1252 311 2
276 384 3
267 595 55
1259 92 8
155 296 8
337 140 27
672 1375 27
579 282 2
1187 1070 5
1355 425 2
570 259 8
324 1084 2
903 979 2
689 881 3
1346 65 2
563 770 2
551 664 2
889 200 2
534 1084 2
420 1120 2
1506 568 15
1328 1109 7
311 684 2
109 255 2
1242 1033 2
761 1550 8
98 1419 8
805 197 8
995 479 7
221 36 8
513 856 2
281 200 2
929 847 0
915 983 30
160 450 2
1303 1395 7
489 1070 5
837 115 15
317 18 8
974 747 2
724 1140 1
592 338 5
743 532 7
1468 1472 5
377 528 2
30 1028 2
267 210 27
1361 345 0
1296 433 7
675 485 30
333 412 5
233 1578 5
144 1342 7
678 272 31
780 485 30
267 898 27
267 502 27
309 626 8
318 447 80
475 980 2
307 915 30
684 222 0
326 1314 5
1179 259 7
1421 92 8
45 677 2
651 577 40
847 855 3
150 677 2
1179 551 7
1259 793 2
1539 424 8
1460 974 30
30 1252 2
681 887 21
707 514 2
1007 311 35
1003 293 0
337 836 27
591 1084 2
142 147 2
1109 345 66
934 53 1
97 377 6
1283 978 3
514 80 8
155 562 23
1328 743 5
125 409 2
340 832 7
1056 65 8
980 307 30
191 432 15
1036 995 1
925 818 2
271 646 8
1391 543 8
1354 377 2
259 936 8
792 1358 2
1166 165 39
101 1416 2
594 307 8
1395 119 8
221 1133 2
36 642 30
108 265 7
672 1042 2
233 838 8
43 1070 5
1114 590 2
681 244 8
88 1231 7
148 1070 5
417 500 27
772 1072 7
495 412 5
995 1194 33
383 541 82
1308 506 6
1176 573 15
83 889 2
406 1418 7
417 792 27
981 1084 7
603 1417 27
868 1446 2
516 1230 2
207 677 2
1196 681 27
593 1314 5
147 671 16
867 702 2
995 730 33
1114 855 3
557 117 50
348 1609 47
823 1608 46
130 293 66
620 882 2
1554 446 2
841 604 2
1563 936 8
363 1246 37
855 1617 3
717 1062 7
1446 611 34
1489 441 0
292 729 2
83 765 19
681 1554 0
619 880 2
944 1376 2
1166 1243 7
939 1127 6
242 441 0
603 1076 2
638 272 8
818 1418 7
704 1355 1
485 541 2
500 393 2
1230 1315 5
263 554 23
277 92 8
148 726 8
40 958 3
594 711 8
486 309 33
605 789 2
577 978 2
711 1114 2
702 677 7
780 847 21
699 1404 2
980 539 30
1033 54 2
240 173 2
1358 1495 2
228 859 2
524 568 15
217 233 27
565 804 2
459 433 7
112 1033 2
1382 770 7
1252 256 2
447 1061 2
479 646 8
322 233 27
446 1344 37
1111 646 68
459 766 8
51 726 30
247 147 8
875 1153 6
438 701 2
216 1395 7
548 1516 2
270 240 30
1158 63 8
203 987 2
321 1395 7
1450 1333 2
442 673 2
769 689 2
1001 1084 2
1140 893 33
476 1194 30
61 293 0
325 1309 2
442 569 2
311 291 7
316 611 7
978 836 2
1242 1252 2
1333 1550 8
536 31 2
447 611 34
862 568 7
86 1550 8
116 584 55
546 1062 8
176 450 7
635 1181 7
70 1403 19
1193 1389 8
721 1120 27
861 1404 2
1536 808 7
917 1014 0
285 859 2
514 366 33
83 75 3
1216 119 8
298 102 8
562 1176 15
1321 65 8
395 729 2
1341 102 8
635 1550 8
267 843 27
910 1578 5
500 729 2
450 960 30
847 71 2
417 1511 9
928 750 2
1404 888 23
485 1565 2
933 1070 2
514 139 3
1312 393 8
726 433 7
30 905 2
126 905 2
772 1259 77
838 102 8
350 1135 2
870 421 9
543 265 15
255 464 2
1024 1078 2
789 99 0
464 681 27
1036 689 2
609 1384 8
796 259 2
672 763 2
454 1079 2
1239 1298 7
723 37 8
170 553 71
1391 92 8
238 420 2
155 1161 8
502 56 30
1355 602 2
592 192 50
922 553 2
424 1395 7
550 1407 2
957 646 5
315 1396 8
1266 833 8
1570 1578 7
859 854 27
286 724 1
202 1321 2
393 1315 5
995 451 33
1266 1125 8
59 603 6
720 1070 5
1446 610 2
269 293 0
78 514 2
797 1550 8
533 1309 2
877 1355 2
1172 412 5
417 1133 27
831 911 31
598 676 30
1114 71 2
309 480 2
1329 436 2
189 1550 8
297 770 2
528 554 23
466 153 5
527 1086 8
664 383 8
294 1550 8
646 1212 8
1084 1581 8
159 903 6
176 974 7
1179 1296 7
253 1564 1
650 200 33
13 1070 5
729 763 2
1397 876 7
115 1388 1
393 648 2
603 693 2
626 681 27
267 1075 27
1080 235 2
1296 1298 7
77 147 8
157 348 2
733 789 2
186 83 8
557 723 51
1397 808 7
106 272 31
603 625 2
208 485 30
1210 272 8
692 856 6
577 235 2
930 1587 38
363 1415 37
834 987 2
1160 363 2
1026 677 2
259 1577 8
951 796 8
986 872 40
917 1033 2
1460 1496 41
1472 921 57
154 1217 8
88 414 5
988 1376 15
108 614 7
142 1070 7
485 855 3
939 1378 8
1039 905 2
286 761 15
1415 973 9
1233 867 1
1354 274 12
1319 1294 0
815 315 2
127 83 8
1371 1376 2
674 789 2
1070 958 5
135 149 8
447 610 2
819 147 8
455 676 2
950 1179 31
856 489 15
519 1284 1
1225 147 48
1136 766 8
1374 919 2
789 118 2
681 817 8
1316 606 1
420 322 2
592 1315 5
494 683 0
375 873 30
202 638 2
1242 235 2
1499 1114 10
546 684 2
1336 377 7
147 952 16
390 1395 7
295 374 2
1128 167 8
285 681 27
28 412 5
546 278 7
647 882 2
1217 462 8
1314 297 2
420 150 2
744 514 1
603 1029 2
303 435 8
21 1314 5
173 726 2
65 1384 7
729 1391 2
399 476 2
170 934 7
1050 856 1
233 384 5
216 851 30
982 149 8
1303 1217 7
834 681 27
836 393 2
1265 284 6
1303 1550 8
242 1014 0
1039 1309 2
503 420 2
1013 441 0
468 1084 2
485 1510 2
580 829 1
115 241 1
278 694 39
594 1243 7
162 873 33
155 491 2
246 1418 7
56 1341 30
1055 1395 7
83 1118 5
1230 1458 20
674 1101 12
601 476 2
470 536 2
317 88 5
1163 1128 8
1328 341 5
1472 238 57
478 147 8
377 277 8
677 1424 2
818 554 2
13 1062 8
244 450 29
917 1238 33
552 1395 7
383 893 30
1252 829 2
259 379 70
1239 1243 7
1364 219 2
457 770 2
1247 1355 2
855 1513 5
584 769 8
789 1106 2
592 1448 50
1251 284 33
176 251 41
1152 387 8
344 789 8
550 1352 2
291 697 1
267 649 55
437 1376 2
744 1314 1
85 1556 2
1211 619 27
1035 213 8
420 1242 2
197 1337 8
1023 3 8
1450 27 53
704 915 30
427 663 8
658 179 8
324 1239 30
1212 1062 8
855 882 2
872 516 2
483 903 1
408 1418 7
1317 1062 8
1216 796 8
1090 888 2
1399 1395 7
750 855 3
601 1230 7
361 1296 2
77 92 8
1490 1408 1
944 974 2
670 1325 5
604 1314 2
417 481 9
115 1265 1
1556 704 35
159 1550 8
854 65 8
252 442 27
940 888 7
568 1305 6
726 1298 7
584 1470 2
1169 272 2
1040 568 7
941 101 8
40 114 8
337 958 27
284 1267 14
466 1070 2
1219 1325 5
1315 1325 5
701 1076 2
240 167 2
108 559 7
1403 42 7
485 462 8
371 102 8
340 558 7
259 766 8
483 226 3
790 276 7
950 784 14
686 147 8
772 57 77
588 226 3
464 689 2
1181 1517 5
1176 39 8
442 1500 7
790 568 7
903 230 2
993 1206 36
220 219 2
1124 272 7
108 824 8
1128 1054 7
750 890 2
1225 92 48
314 834 2
459 296 8
211 646 8
539 101 2
981 1252 2
396 1291 16
546 291 7
1215 676 7
459 588 8
995 63 8
462 1150 5
476 724 30
191 307 2
681 298 8
244 1070 5
664 565 2
321 1550 8
619 1174 2
867 824 2
704 1357 1
190 409 2
1563 766 8
74 233 27
721 322 27
1436 272 2
190 701 2
1281 83 6
841 1122 2
267 813 7
360 101 26
1436 663 8
1214 197 8
450 1268 5
267 45 27
910 384 5
638 102 8
1271 1357 2
626 689 2
485 1163 2
259 1129 7
721 49 2
878 1325 5
345 372 1
476 803 2
24 1357 2
144 462 8
699 191 33
835 701 2
127 729 2
258 723 2
1502 512 2
932 770 2
115 186 1
772 1149 77
1054 350 2
934 1298 7
1564 1504 57
601 83 7
1140 1226 12
455 687 7
240 399 2
992 866 36
684 71 2
460 1345 2
667 101 26
1375 102 7
377 222 8
102 136 6
588 417 2
483 808 8
1316 472 5
588 808 8
1155 881 3
593 1128 8
1304 938 6
714 873 14
1129 450 2
396 1224 30
1000 1084 2
1017 1114 2
279 350 50
805 40 8
85 808 8
635 1084 1
368 50 14
437 925 2
102 1135 2
1093 891 6
1232 303 48
695 102 8
1445 1328 2
517 684 1
1216 80 7
417 335 27
1322 1062 7
978 958 2
1407 412 5
350 1282 30
522 1395 7
267 449 27
837 286 15
1561 690 2
1549 543 1
452 1070 5
494 1562 2
1305 568 7
922 476 30
404 919 2
173 903 2
176 910 2
285 689 2
1296 833 59
110 341 5
721 1242 27
999 1628 77
147 909 2
1087 1217 8
267 673 27
982 326 8
616 677 2
261 1561 2
619 27 2
292 663 8
266 1101 12
1404 1126 33
707 393 2
544 915 21
255 2 2
726 893 2
350 1315 7
637 1490 5
147 1133 2
1522 65 8
56 1518 30
642 704 30
40 59 8
544 847 21
363 436 2
1122 1418 7
1481 1316 7
910 741 2
1266 1127 8
502 642 30
1153 462 8
1481 251 33
333 1550 8
1201 550 5
686 92 8
607 642 30
417 739 27
144 3 8
592 418 50
1357 1047 33
533 1166 1
1140 21 7
350 269 8
417 1031 27
519 486 1
550 853 12
905 1041 2
85 1395 7
418 377 1
449 808 8
1443 1090 2
658 487 7
879 255 2
102 160 2
416 1033 2
251 241 35
1563 533 3
30 1166 1
1446 452 12
809 350 30
778 677 2
812 381 14
1252 18 8
872 1553 2
737 831 2
1114 297 2
190 26 2
1216 1437 8
809 642 30
1304 916 7
625 1395 7
1138 108 8
295 1191 12
69 672 2
264 115 15
281 185 27
291 620 2
1177 1252 27
1526 1314 7
620 1345 2
417 685 8
1179 1418 7
861 155 2
147 1491 7
1284 1418 7
623 1086 8
451 851 30
309 1321 8
45 684 2
607 945 2
939 506 6
1418 1437 8
584 952 16
841 311 2
48 430 2
495 1550 8
1383 750 7
999 585 77
1084 32 8
870 879 9
729 916 8
498 1296 8
1225 770 5
841 702 8
594 491 2
584 662 38
36 1070 7
735 273 8
1383 646 7
350 678 2
1271 191 33
155 89 2
1035 1555 2
582 677 2
831 156 2
135 47 8
934 1243 7
232 278 2
24 191 33
606 348 7
1140 775 12
307 272 31
468 568 7
108 1470 2
1246 1496 12
1176 716 8
483 65 8
322 735 6
383 479 20
596 987 44
442 516 2
588 65 8
907 447 2
743 1325 5
101 216 2
787 1395 7
551 114 7
447 452 12
702 676 7
848 1325 5
207 1252 2
93 892 2
438 476 2
1483 789 2
274 1489 5
98 1166 7
992 1472 37
899 267 7
849 651 41
1496 541 40
1336 603 7
681 229 33
416 350 2
870 1310 8
350 1220 14
1533 514 1
101 39 8
647 420 2
441 149 8
1176 61 15
662 272 2
657 1550 8
1436 1309 2
738 1243 7
842 1314 1
512 282 2
1302 808 8
672 68 24
1084 728 8
1354 1170 0
117 830 30
1264 568 1
980 139 3
630 568 7
383 794 2
206 1475 5
1562 200 33
267 618 27
601 770 2
40 1342 7
636 101 8
131 133 67
704 155 1
784 1140 77
726 942 2
600 97 6
259 437 2
1561 622 35
127 568 7
155 717 2
726 937 8
337 223 26
923 398 2
276 462 8
162 102 8
596 377 8
255 239 2
402 1325 5
1367 259 2
866 97 15
903 1161 7
1258 219 2
98 1570 7
184 658 66
1271 155 2
925 246 2
915 277 1
531 646 5
186 1062 5
340 552 7
244 676 29
643 1057 57
145 4 8
21 409 2
506 255 20
337 488 27
1010 325 1
1015 1082 2
442 1436 2
324 1140 2
83 136 52
648 1062 6
1039 83 8
1228 337 1
109 1062 8
672 762 2
619 1335 5
753 1062 6
882 1315 7
303 1362 2
116 92 8
1561 1389 7
821 1507 5
417 616 27
417 220 27
4 697 14
540 78 2
978 843 2
416 978 2
1208 925 2
950 258 31
642 1416 2
533 980 2
200 611 2
641 672 2
69 221 2
658 743 3
191 296 8
1401 808 6
1314 1443 2
1302 1395 7
102 32 8
1177 905 27
191 588 8
850 684 2
167 831 2
1215 102 7
1314 1112 23
1404 1371 33
49 377 2
841 324 2
393 423 2
627 226 3
272 1069 2
446 138 35
318 795 80
278 165 2
1383 345 2
841 256 2
592 1388 7
486 1140 2
1518 1062 8
235 638 27
255 575 2
1521 808 8
591 1140 2
689 513 26
53 1086 8
110 1517 1
457 1296 2
594 390 7
337 1184 27
727 376 59
101 381 16
1215 1475 5
922 1128 2
117 1100 1
925 874 2
1166 21 8
772 283 77
609 80 8
772 718 5
114 219 2
153 301 19
912 420 2
322 284 6
915 31 2
337 136 6
1035 1036 2
735 879 9
812 1126 14
170 676 30
438 83 7
226 1405 2
1029 26 2
1325 1389 7
676 277 2
223 191 2
1136 937 8
504 101 26
23 536 30
1247 789 8
1474 374 2
769 409 2
1093 489 6
1446 1409 2
790 663 8
102 728 8
1230 300 2
877 155 2
217 1314 8
309 1337 7
307 255 2
293 1574 2
980 1125 8
1014 1581 8
602 1015 36
519 1283 1
877 447 2
55 565 2
1515 619 27
534 681 2
606 374 1
789 112 8
494 1160 2
1230 1190 55
1405 681 27
872 54 8
241 550 1
267 271 27
594 1523 8
152 723 2
601 377 7
784 793 77
1054 540 2
99 293 0
148 1079 2
712 1418 7
117 311 30
796 945 21
122 689 2
1193 937 8
817 1418 7
380 233 27
119 856 6
929 808 7
255 1495 2
302 973 9
568 848 6
155 266 2
1337 303 20
1505 83 8
1044 643 38
479 1062 8
381 92 8
135 958 3
1466 1067 1
1024 798 2
446 75 5
396 1518 30
1481 856 2
315 911 31
442 693 2
761 412 5
447 1409 2
961 476 30
1025 309 33
646 1283 21
646 887 21
523 568 15
1338 584 53
1358 172 2
1481 450 7
551 665 2
272 573 15
1437 1150 7
672 707 2
542 305 2
1328 1448 2
867 983 16
56 36 16
1463 743 3
909 309 14
978 1184 2
763 377 7
261 293 0
874 1418 7
279 677 27
961 514 1
847 591 2
1403 1327 6
1156 1070 5
406 619 7
981 681 7
1314 381 33
519 281 2
739 831 2
377 821 2
1261 1070 5
499 401 2
922 651 41
267 503 27
116 1084 21
1126 1608 46
810 293 0
139 255 27
1025 658 0
1141 83 6
1053 393 2
1404 360 2
147 1381 7
657 1176 15
439 1031 30
692 284 6
730 1550 8
348 576 1
536 704 30
393 341 3
592 937 7
999 79 77
568 1080 6
1502 1262 2
584 849 2
543 287 30
227 1118 1
1233 259 1
650 441 0
582 1062 8
479 584 33
689 1199 7
1054 226 3
908 393 2
142 1128 2
572 278 2
381 1403 14
689 1491 7
225 732 7
900 259 2
1454 350 2
226 1058 2
997 147 7
416 1619 2
221 1030 2
209 982 7
782 255 2
1140 201 12
208 284 2
1228 514 1
1114 591 2
1323 1418 7
216 350 2
1451 536 2
533 619 27
80 1197 7
191 546 2
634 856 6
973 920 1
281 83 27
374 1397 0
563 83 8
540 1047 2
1252 244 8
897 1128 8
1436 219 2
700 293 66
1525 514 2
1570 296 8
30 619 27
1453 978 3
628 1309 2
627 92 7
469 293 0
1214 40 8
1328 697 2
712 789 2
1563 937 8
162 1084 2
999 102 8
872 1310 8
485 627 6
1084 326 8
259 1327 6
393 1054 7
401 770 2
677 1152 26
252 1309 27
594 1135 7
1140 683 0
1424 291 7
270 672 2
514 31 33
931 1395 7
40 1377 8
880 65 8
856 249 8
485 938 2
834 396 33
145 882 2
1184 235 2
1173 1561 2
255 1148 2
446 88 5
161 663 8
582 903 2
273 350 2
677 1417 27
1078 197 8
350 1196 2
1173 450 33
1502 579 2
796 856 6
978 362 30
363 848 7
699 282 23
1493 219 2
483 291 8
106 726 2
274 474 75
334 1446 2
568 37 6
1028 423 2
208 1376 2
1054 808 8
337 796 2
228 377 6
1474 723 2
1122 903 2
259 203 70
1191 660 5
348 158 2
386 1465 5
325 603 6
1259 726 8
923 215 8
158 646 5
450 1100 2
450 704 2
1231 479 2
108 1227 8
672 360 2
789 466 2
541 420 2
189 600 2
651 1596 38
1357 853 12
1526 1070 5
1239 936 8
923 147 8
179 1418 7
84 847 2
1023 119 8
1098 200 33
267 620 27
217 226 3
1128 119 8
658 3 8
148 658 0
303 1184 2
322 226 3
267 516 27
176 393 2
747 910 2
1151 345 0
852 856 2
620 200 2
377 95 6
377 474 2
1084 1251 2
925 719 15
309 794 44
796 519 25
841 1525 2
277 789 8
1539 88 3
228 412 5
643 1581 8
872 627 8
1179 565 7
1039 619 27
1539 42 8
1507 1112 57
641 197 8
1547 108 8
737 197 8
479 974 7
1110 293 66
126 568 7
315 531 30
735 1127 8
658 1335 5
840 974 2
360 272 2
466 83 6
729 63 8
1302 1550 8
315 823 30
777 412 5
1185 291 8
1526 726 8
102 1399 6
945 742 23
586 314 2
348 854 2
693 1230 2
685 735 6
808 366 2
1158 1156 8
701 900 2
341 1418 7
623 551 20
876 1243 5
387 22 8
1374 68 2
419 866 36
1137 1086 8
726 1457 30
1258 1128 8
340 674 7
707 387 8
907 1296 8
769 903 6
565 122 2
1557 1498 57
907 1197 2
301 939 77
284 1344 5
582 147 8
905 524 2
1415 278 9
185 150 27
997 92 7
519 657 1
519 261 1
654 1024 2
553 758 2
873 1330 2
492 274 10
739 101 26
258 536 30
690 284 14
872 1036 2
1022 917 8
419 554 2
233 716 8
107 646 8
251 704 35
1227 147 8
1196 1395 7
503 1153 6
1297 514 1
1216 1212 8
309 877 2
300 651 53
27 56 30
1231 119 8
217 808 8
681 18 8
264 286 15
603 986 53
636 1419 8
322 808 8
1081 980 2
1502 445 0
913 519 30
1359 345 0
721 438 27
514 1087 2
272 1295 2
255 869 2
49 499 2
494 666 12
20 393 5
266 681 2
1404 933 2
69 1062 8
1503 1395 7
603 626 2
1013 1475 5
148 677 2
334 293 0
35 147 2
772 181 77
486 1274 12
350 453 2
841 769 8
1480 1101 12
1155 39 8
591 1274 12
381 600 44
185 513 26
650 1014 0
450 46 6
1039 568 7
939 1379 8
1054 65 8
128 729 2
1284 147 8
143 226 3
772 113 77
228 409 2
64 676 30
1466 561 1
1045 101 8
468 681 2
658 1400 2
112 233 27
643 1578 5
673 856 2
673 1252 2
476 747 2
102 252 6
783 726 2
228 701 2
778 1252 2
677 693 2
46 147 8
565 1042 2
219 1133 2
1070 855 5
455 677 2
645 1355 1
22 536 30
348 694 39
417 386 57
1037 259 8
535 873 2
917 147 33
550 329 2
882 1196 2
551 555 2
370 1230 20
598 412 5
867 1298 7
643 136 6
459 936 8
293 1462 7
906 116 8
396 36 16
889 383 2
1304 923 7
1126 108 44
1215 1316 7
1117 387 8
586 272 20
52 1395 7
447 453 34
157 1395 7
729 1054 7
1314 590 2
873 1124 44
941 83 6
676 724 30
131 372 67
731 317 7
500 1035 2
1201 568 7
285 409 2
267 1161 7
600 336 6
800 412 5
499 390 8
152 1345 2
805 1507 1
942 1376 2
115 998 1
374 209 2
613 646 8
609 611 2
1540 663 8
455 1062 6
978 607 30
65 47 8
261 554 23
197 1578 5
259 212 2
993 1070 5
359 1395 7
601 873 2
259 504 2
996 432 15
1252 898 2
464 1395 7
476 1443 2
1252 461 1
1041 1450 2
903 936 7
1037 663 8
978 539 30
808 311 2
114 677 2
1314 0 0
304 1191 10
1252 1581 8
1421 1419 5
218 689 2
939 1092 8
368 476 2
707 40 8
1082 56 30
138 348 7
677 1321 2
1035 183 2
442 1211 2
897 65 7
301 884 77
1304 1245 5
1179 417 30
1140 579 2
1026 219 2
654 677 2
582 92 8
221 628 2
545 1033 2
592 138 50
635 1140 1
1153 114 8
286 670 1
80 795 7
300 681 27
721 99 0
88 726 7
1128 1156 8
417 391 27
291 1381 7
1124 1062 8
867 265 2
872 981 2
1308 1 6
889 1011 2
407 789 2
233 265 8
723 1315 5
328 21 8
960 514 1
1227 92 8
144 763 5
279 903 27
217 65 8
515 494 1
867 593 2
872 913 2
317 37 8
543 183 8
626 1395 7
226 877 30
913 1570 5
872 908 8
1324 255 2
1550 891 8
531 374 2
241 1404 1
1008 267 55
1400 568 7
571 1166 1
494 599 2
678 750 30
191 341 3
267 1417 27
18 1395 7
1505 568 7
1008 412 5
713 1355 2
619 433 7
72 65 8
162 568 7
259 840 2
841 31 2
592 1122 6
619 766 8
315 899 5
380 882 2
368 1230 7
923 1197 2
543 513 30
34 677 38
707 1033 2
437 1325 5
726 75 3
1015 61 15
1233 485 1
476 468 2
486 200 33
73 1114 21
1140 109 0
565 763 2
922 903 2
246 282 2
117 1271 1
135 163 8
191 1335 5
170 915 30
170 519 30
672 1291 7
673 905 2
931 1550 8
240 460 2
1171 116 8
340 1247 7
1082 976 30
800 701 2
1176 728 8
558 950 33
229 476 2
1140 1161 7
903 127 2
1333 1217 8
1136 1108 8
651 798 38
1360 226 3
442 168 2
57 603 6
1563 881 3
551 500 2
551 104 2
867 1243 7
540 1565 2
284 1354 2
1325 1388 7
411 200 2
1357 453 34
671 50 14
292 1024 2
1221 65 7
315 533 3
1258 1070 5
420 533 3
48 909 1
1173 293 0
729 1337 2
1329 90 8
399 26 2
1216 114 8
926 910 1
55 272 2
806 315 30
642 39 8
55 663 8
1404 1110 2
437 519 30
237 681 1
876 139 3
263 1404 2
738 21 8
980 1126 30
812 1607 2
568 623 6
565 1391 2
941 1418 8
233 223 26
259 1045 33
259 649 33
318 1070 5
221 513 26
1045 1589 38
361 442 2
951 59 8
819 789 8
1037 905 2
1166 424 8
701 790 2
576 1418 7
1466 1134 1
1028 545 2
276 114 8
790 1197 7
362 663 8
572 982 7
907 795 2
563 568 7
316 865 6
925 458 33
551 1196 2
1145 646 8
450 534 2
49 1170 0
349 309 33
1201 215 5
817 147 8
550 610 2
453 676 2
89 808 7
151 866 36
1306 215 5
535 1446 2
891 1395 7
1136 75 3
1358 239 2
1031 83 8
1153 59 8
274 130 5
1446 209 2
1022 119 8
1445 1329 2
1127 65 8
1093 1184 6
642 844 2
545 514 2
650 910 2
929 915 0
267 1138 27
1239 1456 30
1329 327 2
1079 819 7
151 554 2
16 887 21
1100 554 23
19 1314 5
313 46 8
168 934 7
118 1206 36
485 1377 6
53 191 2
377 992 2
138 374 1
499 572 2
1069 426 7
1045 284 16
1084 366 33
1230 678 55
980 149 8
1174 314 2
1196 1550 8
601 1176 7
309 298 8
54 808 8
147 1156 7
349 658 0
1037 1309 2
927 903 1
1053 856 2
1054 233 27
205 1197 77
33 1035 2
1397 303 7
259 51 7
468 1274 12
393 75 2
831 840 2
603 516 2
494 179 8
988 939 15
1394 185 27
102 1567 1
1193 75 3
643 32 8
1259 1257 2
586 540 2
1155 1199 7
244 1418 7
1009 1325 5
1201 619 5
1329 606 35
1216 75 5
1493 677 2
117 528 1
222 568 7
1193 678 50
1479 393 2
682 80 7
1561 743 5
125 873 2
142 903 2
449 882 2
976 1499 10
506 1325 5
1084 686 67
277 1014 0
551 1486 7
102 229 2
584 1029 40
311 1564 12
219 335 2
193 1357 57
226 833 2
290 1062 5
1442 374 1
1161 1217 8
1468 1155 7
958 1513 5
1176 813 15
714 191 14
170 396 30
905 1042 2
1128 1437 8
230 450 33
27 350 30
1128 1338 2
945 1397 0
1450 1169 2
82 677 2
745 1475 37
216 417 2
305 973 2
603 1152 26
531 723 2
78 1033 2
1170 1528 1
528 1404 2
995 743 3
409 625 2
55 1550 7
535 1086 8
305 905 2
876 1125 8
463 1238 71
514 625 2
1090 728 7
165 551 2
303 326 8
514 917 2
557 873 50
1570 341 3
270 551 2
393 433 7
420 36 8
834 903 6
912 1114 21
287 873 2
1055 1062 7
942 974 2
951 1342 7
43 65 7
671 948 15
80 1070 5
772 407 77
104 1166 1
119 284 6
157 1550 8
514 1578 3
267 1420 8
1502 62 2
191 911 31
122 409 2
1187 147 8
485 1396 8
800 1446 2
1570 1335 5
1313 1325 5
820 1217 8
681 1409 2
259 75 3
1338 681 27
1039 1419 8
1443 925 10
276 59 8
1253 1418 7
1535 551 20
551 849 2
551 453 2
341 543 2
836 609 30
218 219 2
83 1315 7
545 235 2
464 1550 8
1317 903 27
875 1658 7
226 150 2
817 92 8
1404 81 10
570 272 8
223 831 2
281 882 27
1093 837 6
542 421 2
254 749 5
979 1252 2
1424 1496 53
420 1133 2
420 737 2
417 281 27
424 417 2
869 729 2
419 92 8
101 728 8
1444 530 2
409 857 2
267 395 27
281 609 2
297 314 2
1080 1450 2
856 1121 2
641 40 8
1148 101 26
1306 1550 7
151 499 2
1563 75 3
731 147 7
1476 117 30
836 980 2
89 1015 36
792 1314 5
1015 1330 15
54 65 8
912 1153 6
1301 766 7
108 1059 5
253 1395 7
1174 259 2
636 102 8
1448 1345 30
1343 92 5
374 727 2
1056 255 2
263 374 2
22 1357 2
1259 910 2
393 119 8
259 730 2
707 235 2
227 546 1
1155 1581 8
1079 1031 30
912 1418 7
559 1611 2
458 1345 2
122 619 27
1056 182 8
4 1 6
1413 1475 5
478 1062 8
1562 1014 0
1016 973 74
1354 494 2
255 167 8
913 387 7
686 376 3
1063 658 0
676 1253 2
1242 1450 2
258 987 71
226 778 2
1352 982 7
848 643 5
1003 1404 2
1000 1274 12
315 1073 2
1252 32 8
441 1097 7
416 233 27
658 433 7
658 37 7
111 65 8
383 21 20
867 491 2
747 1101 12
1454 398 2
1443 1328 2
216 65 8
658 766 8
1084 1046 12
1239 424 8
1239 28 8
872 1161 7
144 593 5
1444 1554 2
185 545 27
499 537 12
183 978 2
847 601 7
369 1166 1
115 761 15
922 1376 15
976 359 2
646 1384 8
1266 338 5
867 715 2
1179 676 7
291 269 8
750 1396 8
1110 40 8
790 1472 5
841 325 2
503 1239 2
915 1397 0
1084 46 8
158 314 2
1084 384 3
594 901 2
594 505 2
980 326 8
387 206 2
1230 720 15
272 1362 2
369 1035 2
290 663 8
164 197 8
592 1389 7
1400 726 7
154 1358 2
999 135 77
291 97 8
988 102 30
271 672 2
1062 766 8
1055 147 7
1173 554 23
361 40 2
877 1475 5
905 1391 2
287 851 30
925 771 2
1037 102 8
401 1206 36
735 484 9
442 66 2
638 1325 5
1138 651 53
856 241 25
450 528 2
61 519 1
1355 1047 33
233 1583 8
42 1170 51
844 485 30
1215 867 7
1106 1561 2
329 1070 2
361 259 8
919 291 8
166 101 26
65 936 7
267 338 5
543 1402 2
311 350 2
628 619 27
844 417 30
1101 342 74
247 92 8
75 1418 7
139 191 30
420 1078 2
623 1395 7
221 98 8
1092 417 2
1328 753 2
724 514 1
1011 129 8
820 910 1
409 1198 2
934 111 15
1290 462 57
641 1496 69
1452 978 3
869 314 2
172 514 2
618 476 7
499 1126 33
603 1493 2
363 958 5
277 514 2
1371 412 5
731 92 7
1337 1345 55
267 936 7
1131 584 55
600 111 6
721 1133 27
191 60 44
1045 1591 38
267 168 27
856 206 2
255 854 27
31 974 2
492 676 2
277 446 2
759 663 8
205 795 77
600 43 6
1496 189 38
22 568 7
377 855 3
729 179 8
1351 441 0
722 789 8
227 491 1
81 658 0
350 1148 2
1081 291 8
1024 1195 2
337 502 27
256 663 8
1138 1550 8
1466 964 1
320 735 6
501 102 8
270 1345 30
1358 533 2
170 412 5
816 147 8
1468 65 7
551 1026 2
672 1126 7
1359 363 2
1082 519 30
894 882 2
1254 808 8
643 1399 6
679 197 8
163 1314 5
645 447 1
536 844 2
1328 1111 7
438 1296 7
646 318 2
624 377 1
147 1006 41
108 264 8
569 259 8
1340 1550 8
369 609 30
417 166 27
1100 1191 12
221 335 2
1101 970 74
987 1045 2
78 235 2
406 1084 7
417 854 27
978 1081 2
1198 233 27
836 619 27
779 101 8
295 1070 2
1499 499 10
1123 147 8
1216 891 7
980 47 8
1204 1181 7
842 681 1
565 68 24
1200 1128 8
1314 993 2
1084 952 33
292 859 2
603 122 2
542 281 55
466 603 6
335 226 5
1262 568 1
434 309 14
53 808 8
721 158 27
1394 83 27
155 1359 2
158 259 2
1376 1220 1
154 1011 2
591 1446 2
369 980 2
291 88 3
1477 293 0
619 937 8
145 255 2
162 681 2
494 743 3
945 214 2
514 384 3
291 42 8
1397 1217 7
1391 514 2
259 907 2
27 251 2
377 1437 8
873 85 45
144 298 8
1055 92 7
117 650 1
218 1150 7
977 412 5
1505 1296 8
1140 666 12
450 700 32
865 1314 5
1017 726 2
102 455 2
415 974 5
1382 40 7
557 808 7
417 1258 27
447 727 2
1304 45 5
221 1031 2
565 762 2
420 1004 27
387 1118 5
552 1217 8
185 894 27
107 1062 8
1483 284 2
192 808 6
1357 610 2
1357 214 2
1481 50 70
205 1181 7
641 976 7
920 772 19
1093 39 6
981 603 11
406 1316 7
420 335 2
328 424 8
1315 221 52
158 284 6
653 309 33
643 252 6
843 101 26
657 1446 2
409 455 2
921 551 30
681 453 34
227 432 15
1259 1328 2
759 92 8
455 1403 14
159 856 6
869 259 2
514 747 2
782 873 30
393 1393 2
841 898 2
9 1325 5
603 1042 2
514 1097 7
1405 26 2
721 1078 27
451 974 30
1301 743 3
1510 26 2
932 568 7
435 412 5
1054 882 2
263 1191 12
361 681 2
471 551 2
374 617 2
905 1469 47
377 462 8
1030 1358 2
499 42 8
909 1608 2
653 658 0
905 1568 2
309 881 5
230 976 33
1483 1376 2
1566 439 57
320 284 6
122 859 2
350 728 8
1336 420 5
463 1550 8
272 758 55
816 92 8
1001 1446 2
551 1367 2
1232 1516 2
540 638 27
1230 1338 2
789 443 12
569 272 8
1106 1446 2
1014 270 3
676 747 2
570 102 8
502 101 26
651 1597 38
317 1199 7
171 1325 5
882 1148 2
787 226 3
550 742 23
346 65 8
1387 412 5
540 365 2
92 68 2
83 104 2
83 500 2
978 1026 2
905 116 8
404 1451 2
83 891 8
267 913 27
1123 92 8
925 720 15
252 1062 6
1193 1188 2
26 189 27
434 259 8
1170 211 1
253 1230 1
374 637 12
285 757 2
1295 235 2
843 393 2
625 808 8
977 925 2
1314 998 29
401 83 8
1119 450 30
945 823 33
514 952 33
1239 1455 30
256 1309 2
831 1371 2
738 424 8
97 293 0
1401 568 7
309 464 14
377 699 2
584 1213 7
1028 1120 2
485 256 2
368 600 2
642 840 30
145 200 2
36 259 8
887 1170 0
255 70 2
718 284 33
998 135 5
259 852 2
992 1070 5
582 221 2
227 668 1
377 264 23
723 3 8
117 699 1
23 102 2
337 1075 27
1549 267 55
106 1355 2
951 462 8
1292 600 44
1129 485 1
1014 196 1
696 873 2
559 1395 7
1304 1661 5
274 705 5
226 1364 2
1035 239 2
689 1437 7
1351 982 7
314 623 2
463 476 2
841 1578 5
1357 823 33
499 445 0
569 1296 8
255 685 8
315 1299 2
568 21 8
36 485 30
418 945 1
417 1495 27
1128 1212 8
1014 852 8
750 611 2
322 882 2
191 492 2
108 837 8
869 808 6
1305 603 6
787 808 8
434 663 8
795 424 8
395 681 27
182 424 2
980 625 2
500 681 27
722 284 16
191 28 2
191 424 2
859 479 2
37 83 6
350 375 30
980 958 3
736 551 2
1154 1070 5
867 936 8
158 540 2
729 1156 8
849 221 2
841 843 2
1385 738 22
721 335 27
535 793 8
255 1162 2
594 685 7
841 838 8
1489 721 1
1448 200 30
55 383 8
1238 1291 16
388 554 2
26 148 2
485 488 2
856 533 3
852 101 8
856 487 8
127 450 2
543 861 30
586 233 27
101 1622 1
647 873 30
102 321 6
594 1346 8
1155 728 8
903 647 2
1321 1153 6
541 1325 5
235 488 2
689 462 7
672 36 7
1483 925 2
1450 638 27
127 377 8
349 1140 2
348 104 2
240 1199 8
662 681 27
1474 1357 2
925 562 23
1266 116 8
844 315 30
547 543 1
307 550 2
387 88 5
1304 1388 7
1321 1418 7
773 1418 2
667 377 8
551 556 2
317 1581 8
1314 367 2
303 1198 2
85 1217 8
1213 789 2
1554 1101 12
1570 433 7
259 513 26
112 226 3
409 1424 2
622 684 2
1570 766 8
315 881 3
1119 101 8
519 194 7
420 881 3
303 1125 8
745 282 2
162 1274 12
117 606 30
1176 1220 1
1564 205 19
1216 462 8
191 1341 30
229 50 71
982 47 8
1490 386 1
1301 937 7
929 1395 7
147 922 2
479 1316 7
834 770 2
973 380 2
309 18 8
701 914 2
980 1474 30
1166 1236 8
729 743 3
938 26 2
259 505 2
1279 65 2
127 974 2
206 980 2
301 1641 77
701 1138 2
1154 1062 8
575 672 2
1045 1418 8
563 1358 2
340 224 7
546 945 1
494 1335 5
67 293 0
1239 1479 2
316 1213 6
1035 179 8
216 309 2
792 808 7
206 1496 53
988 255 42
994 439 57
789 1016 12
894 1062 7
233 730 8
417 1148 27
667 568 7
1003 1191 12
303 1138 2
905 762 2
905 366 2
550 1250 2
418 494 1
98 259 7
314 500 2
177 1418 7
681 32 8
624 499 1
405 40 1
658 937 8
981 976 7
872 878 2
1135 83 8
406 1206 7
69 393 2
1223 350 2
398 722 2
986 185 38
292 689 2
1304 929 7
976 530 2
996 743 3
483 1197 1
1314 888 23
65 307 7
575 101 26
603 1036 2
1037 619 27
1230 63 8
1502 683 0
259 863 7
222 1093 1
208 396 30
789 718 10
1461 115 15
1539 908 8
154 841 2
377 229 33
939 623 6
1396 1217 7
719 393 8
514 569 2
1193 1094 50
359 363 2
154 1128 8
259 1133 2
158 808 8
772 523 77
255 1039 2
350 399 2
1485 1355 2
829 568 7
53 1550 8
800 770 2
1230 719 15
917 934 7
694 872 2
424 1502 0
270 200 30
1301 1335 5
232 291 2
449 1230 2
698 808 8
675 1376 2
223 723 2
1463 891 7
240 357 2
555 284 6
632 519 1
314 1196 2
242 450 79
1181 1415 5
231 393 2
229 873 2
903 128 2
1023 1389 8
996 406 22
1252 435 8
1114 1110 2
903 1207 8
241 976 30
551 59 7
684 347 14
254 469 5
1198 882 2
1502 761 15
1525 1033 2
980 1198 2
721 1080 27
762 1217 8
929 684 0
279 221 27
859 1052 2
1446 366 33
759 219 2
976 1554 2
395 689 2
1186 1418 7
1404 1575 2
1298 808 7
295 282 23
729 1338 2
1264 866 36
1114 998 29
1400 1197 7
646 80 8
33 681 27
1552 387 8
1446 139 3
485 1525 2
1294 1502 2
872 127 2
841 1416 2
1302 1217 8
938 191 16
599 873 33
855 92 8
860 808 8
1014 1132 0
505 1296 8
865 1128 8
1084 31 33
1301 90 7
40 1401 2
601 841 7
1284 789 8
913 1153 6
533 398 30
380 200 2
271 259 8
677 1002 1
568 228 6
357 808 8
792 1403 6
552 594 10
1264 554 2
362 1128 8
941 1419 8
259 54 2
657 594 10
1024 1366 2
350 160 16
1129 83 1
852 676 30
1037 568 7
1133 568 7
891 735 6
126 729 2
922 221 2
1360 153 1
524 383 41
1466 739 1
834 980 3
1367 272 2
1312 1325 5
684 657 2
154 377 8
899 684 7
852 934 15
147 470 45
792 65 7
442 1553 2
763 284 6
1563 1491 7
569 102 8
700 789 2
1140 129 2
202 1177 2
226 894 2
662 689 2
542 1525 2
553 1045 2
553 649 2
447 366 33
303 1479 2
346 291 8
108 39 8
614 441 66
1561 1448 2
1437 1556 2
1019 1062 8
867 211 2
369 676 30
1210 1570 7
833 945 21
854 1418 7
447 139 3
1450 78 2
754 90 1
1239 1457 30
637 278 74
166 272 2
641 393 2
372 1325 5
867 143 2
499 933 2
550 453 34
1253 1514 0
706 808 6
867 435 2
16 1180 21
961 973 7
1415 1496 12
1184 1450 2
454 284 16
620 219 2
285 1374 8
1539 957 8
1119 676 30
408 387 8
267 424 7
980 46 8
494 936 8
40 129 8
856 1396 8
439 411 30
45 350 2
980 152 30
128 584 53
40 817 8
1003 1514 0
821 155 7
1028 1242 2
337 1236 6
388 147 8
357 1395 7
22 102 2
377 1212 8
485 769 8
1373 1514 2
1259 1550 2
445 1266 1
31 1007 44
1062 90 8
1045 219 38
387 249 8
1454 153 1
1307 735 19
155 88 3
112 1230 2
520 345 0
611 976 30
1372 1570 7
925 491 2
551 1487 7
609 139 3
216 153 1
1354 446 2
383 483 15
1314 1554 0
1022 1212 8
314 1141 2
383 833 20
1328 389 36
439 1236 7
219 628 2
1298 1070 5
763 808 6
273 1325 5
383 53 30
1451 1418 7
98 144 7
83 1026 2
361 83 8
1214 1550 7
1329 686 7
681 610 2
681 214 2
555 540 2
789 193 59
1405 101 26
872 1555 2
910 47 8
1316 394 1
1482 102 8
1328 891 7
980 455 2
409 626 2
625 233 27
1497 1062 5
859 1393 2
102 451 30
550 881 3
655 147 8
1214 108 8
870 908 8
420 37 8
551 368 14
1394 882 27
494 1173 2
109 1514 0
860 65 8
255 1342 7
720 1611 2
367 1070 2
594 1541 2
144 769 8
494 458 33
1164 1395 7
601 494 7
246 982 7
155 1047 33
627 1217 8
1240 293 66
126 450 2
1461 1376 15
1537 808 8
701 116 2
945 617 2
619 75 3
1374 1283 2
115 133 1
772 700 77
750 1282 30
1136 1381 7
646 780 21
565 1337 2
1023 1306 1
1193 368 30
227 211 1
259 595 33
1247 441 0
442 1375 27
891 284 6
301 447 77
1191 832 5
278 1124 14
435 1181 7
476 998 29
1358 854 27
1316 419 5
1345 1371 2
1561 990 37
337 154 27
1458 987 2
950 369 5
789 602 2
729 1335 5
450 480 2
1357 366 33
858 755 5
199 1376 2
81 643 1
542 741 1
542 782 2
1121 677 2
627 1153 52
1518 1514 0
1349 1239 2
1114 1287 2
1444 599 2
154 1070 5
917 65 8
905 355 8
658 581 3
303 1424 2
197 833 8
277 254 12
954 1236 52
1176 1118 1
197 1125 8
982 8 7
519 70 2
977 476 2
200 381 2
302 1084 7
144 654 5
894 1217 8
347 948 15
317 32 8
278 1606 2
762 83 8
398 216 2
876 47 8
779 1325 5
945 637 12
850 350 2
1516 1002 1
1196 808 8
117 1124 30
1507 888 57
292 219 2
1400 459 7
834 600 2
601 726 7
267 912 27
261 1404 2
163 1086 8
495 770 2
450 865 6
978 1126 30
350 854 27
554 184 5
603 66 2
192 536 30
259 335 2
102 779 6
489 417 2
1497 226 1
255 241 2
996 1335 5
388 92 8
1461 1231 41
222 519 1
1256 255 83
418 974 30
1554 925 10
476 359 2
594 97 8
144 18 8
582 387 8
1193 624 50
603 68 24
701 1364 2
40 298 8
768 412 5
3 1239 2
675 974 2
1137 1550 8
689 1212 7
1266 929 7
872 1469 47
502 485 30
1035 743 3
833 519 25
47 1170 0
607 485 30
1025 950 33
540 836 2
942 117 30
900 272 2
1135 377 8
1228 235 1
865 1403 6
83 1367 2
108 716 8
717 1475 37
614 1014 66
856 222 15
1443 1329 2
869 1358 2
144 990 5
442 54 8
357 646 5
420 55 2
182 199 2
909 950 14
1210 144 7
462 646 5
479 1014 0
191 199 2
950 844 31
499 1226 12
842 925 1
655 92 8
483 1418 7
1084 47 8
847 1227 8
1207 663 8
1125 284 14
471 945 21
603 762 2
1416 284 2
284 1073 2
255 1333 2
1141 1166 1
259 1381 7
393 1108 8
270 393 2
47 92 8
543 704 30
52 808 8
926 1093 1
178 873 14
81 1376 15
155 596 33
699 1090 2
945 265 8
829 485 33
1516 292 2
489 1395 7
887 658 0
637 754 5
1176 627 8
350 958 3
1024 172 2
46 387 8
661 903 6
56 782 30
101 1392 7
1567 50 1
1495 514 2
565 1236 7
1158 249 8
441 196 1
1146 102 7
1031 1358 2
106 447 2
1243 770 2
673 1028 2
974 1499 10
1075 309 30
1025 393 8
98 785 7
102 803 2
1372 144 7
1374 1452 2
646 657 21
551 399 2
383 730 30
721 1268 5
852 102 30
101 54 8
185 1242 27
1563 1381 7
1304 1122 6
1201 485 1
584 502 8
1215 1556 7
664 757 2
441 852 8
902 554 8
424 723 2
1237 83 8
211 1062 8
371 293 0
928 50 41
84 568 2
1079 382 7
980 1424 2
1570 249 8
141 236 9
1201 808 7
1416 1376 2
347 65 8
83 220 2
1376 813 15
35 646 1
1549 872 2
938 101 26
399 905 2
1321 147 8
592 46 6
226 421 30
1200 793 8
117 381 30
1550 39 8
847 211 7
747 1418 8
267 937 7
795 1227 52
4 573 15
867 424 8
1270 1475 1
255 1565 2
291 1482 8
584 1597 38
1544 83 8
148 1395 7
227 560 1
147 697 2
1138 412 5
739 789 2
209 1325 5
297 83 8
1054 1230 2
377 419 2
704 831 2
1193 241 50
945 1581 8
1503 1217 8
236 789 2
1119 102 30
348 971 2
337 503 27
1035 423 2
1505 377 8
227 388 1
780 550 1
594 42 8
337 399 27
623 272 20
1193 173 50
1479 284 2
1031 383 2
1114 1554 0
373 1062 8
1478 1404 2
899 910 7
3 450 7
701 913 2
226 792 2
925 89 2
755 386 1
707 108 8
551 1423 2
844 1114 30
385 1070 5
1456 153 1
855 476 30
882 854 27
315 1415 2
550 1025 2
973 690 1
1304 43 6
277 441 0
1209 1570 7
867 437 2
932 910 5
995 861 33
317 277 8
459 75 3
233 437 8
102 47 8
417 855 27
1329 1305 8
686 1316 5
590 1015 36
398 893 2
865 1217 7
960 973 7
555 65 8
309 890 2
502 905 2
499 775 12
750 555 2
1014 796 8
227 97 15
514 516 2
1122 92 8
62 1070 2
774 856 20
620 841 2
494 433 7
1193 32 8
494 771 2
607 1197 2
270 442 2
393 662 2
543 357 30
494 766 8
1141 377 6
385 726 8
1252 223 26
582 1033 2
69 387 8
1174 729 2
20 884 7
720 808 8
261 374 2
514 47 8
663 401 5
873 1204 30
1271 1090 2
360 1309 2
363 920 2
1446 384 5
485 500 2
1233 553 1
772 590 77
233 868 7
485 891 8
23 450 2
42 851 50
1479 1496 53
1031 1011 2
1087 1070 5
808 611 2
677 1375 27
1193 258 30
361 377 8
925 717 2
223 102 2
1548 412 5
468 793 8
314 1367 2
334 1404 2
269 303 20
1239 675 2
1474 681 2
632 982 1
233 1092 7
1304 338 5
199 974 2
623 284 6
1328 1344 37
754 1408 1
1203 1062 6
217 1230 2
980 1041 2
409 1417 27
412 229 1
322 1230 2
476 861 30
681 1227 8
286 159 1
882 917 2
108 1581 8
199 568 7
1309 223 26
457 83 8
631 485 1
420 628 2
1314 1371 33
433 663 8
721 855 27
978 399 2
579 1325 5
875 1418 8
1011 75 8
1502 432 15
1304 1332 7
1304 936 7
86 1217 8
116 251 55
166 1418 2
995 424 8
1301 433 7
1301 37 7
974 359 2
303 454 2
1323 1062 8
226 366 30
631 808 7
1084 958 3
729 1405 2
463 50 71
1325 222 8
600 57 6
626 1217 8
255 1510 2
1460 1376 15
241 789 1
267 114 27
191 1457 30
982 163 8
569 619 27
35 1252 2
48 694 39
172 387 8
1046 278 74
618 646 7
361 682 2
140 856 2
140 1252 2
91 974 5
825 1395 7
856 881 3
847 129 8
277 387 8
1523 255 2
730 770 2
701 296 7
928 808 8
184 1014 66
463 412 5
835 770 2
337 779 6
454 476 7
1538 102 8
726 730 2
651 8 5
1024 1141 2
479 514 2
1485 447 2
238 551 2
1252 911 2
817 387 8
215 1456 2
361 568 7
934 97 8
1020 646 8
1200 1314 5
899 459 7
1358 479 2
689 1148 2
672 722 2
636 1325 5
543 156 15
1035 341 3
1044 259 8
1496 1525 40
661 681 27
901 568 7
178 1153 6
915 1581 8
226 273 2
52 646 5
369 915 30
233 54 8
605 412 5
917 291 8
1258 726 8
565 75 8
200 279 2
315 959 8
1136 97 8
1124 387 8
542 1232 2
1035 1335 5
642 912 2
625 882 2
404 1452 2
144 88 5
1444 1049 2
1087 1062 8
727 658 0
877 1314 2
761 83 8
189 1217 8
355 1070 5
292 409 2
1301 957 7
738 790 2
613 1418 7
750 891 8
224 658 0
30 872 2
1397 939 7
600 685 6
841 216 2
734 750 2
603 360 2
1171 1243 7
1282 155 1
284 671 2
721 104 27
823 1418 7
839 750 2
854 147 8
441 1132 0
470 191 16
1460 1231 41
928 1395 7
392 808 8
1496 763 38
466 377 6
770 1415 5
380 603 2
1391 856 2
363 527 7
720 393 8
255 759 2
337 1076 27
582 514 2
484 255 2
1304 1662 5
450 1315 6
363 63 7
68 1507 1
502 315 30
1391 387 8
1197 1335 5
396 678 30
70 374 1
350 46 8
882 739 27
1451 1239 2
350 384 3
1239 620 2
420 513 26
92 1453 2
642 1567 1
665 383 8
386 658 0
108 838 8
880 1418 7
441 54 8
1338 1550 8
315 281 2
741 940 2
550 883 33
334 554 23
68 65 2
279 1252 27
734 1446 2
926 658 0
861 1084 2
642 229 2
1053 995 1
409 693 2
684 1554 0
395 409 2
1326 65 8
514 693 2
327 309 14
843 1418 2
25 1395 7
841 844 2
915 1578 5
284 1299 2
1176 489 1
707 1450 2
494 1298 7
115 372 1
35 905 2
721 628 27
485 1199 7
255 1455 2
605 701 2
1350 1404 1
631 1086 8
751 191 14
125 1345 2
808 1310 7
143 646 8
1166 213 8
1188 1325 5
240 877 2
1173 1404 2
309 1392 30
250 1062 8
56 216 30
1252 960 2
253 808 8
1364 350 2
1284 446 2
722 226 3
29 83 8
852 396 30
873 432 15
934 88 3
863 1314 5
1567 225 12
584 796 8
689 796 8
442 981 2
899 404 7
515 1170 0
317 1213 7
910 523 2
563 726 8
425 568 1
1024 622 2
551 917 2
247 387 8
1247 1314 2
1546 1181 7
744 945 1
878 672 2
377 1344 5
681 366 33
417 125 27
1327 735 6
1355 214 2
307 447 2
324 873 2
648 882 2
185 1364 27
141 822 9
1136 88 3
1554 1090 2
432 619 2
291 656 1
1445 1446 2
1100 1070 2
420 909 2
1114 347 33
719 735 6
974 1000 2
617 441 0
824 735 6
872 647 2
889 677 2
534 1561 2
347 291 8
1201 976 2
84 1086 2
1439 377 8
411 841 2
287 1345 2
1411 485 1
1333 83 8
1438 83 8
1550 265 8
1301 1298 7
42 450 7
686 450 5
641 108 8
377 713 2
870 41 9
1480 925 10
444 1376 15
1230 399 55
972 551 2
167 663 8
128 681 27
155 1250 2
1119 396 30
54 92 7
147 877 7
1550 139 3
1007 960 35
227 1078 1
582 235 2
854 92 8
117 713 1
155 523 23
261 1191 12
721 691 2
1299 499 2
950 29 2
1101 660 5
873 1094 30
259 798 2
668 215 5
880 987 41
1359 274 12
542 920 1
163 793 8
337 625 27
1145 1418 7
1252 1583 8
565 33 2
457 1128 8
903 1568 2
1467 363 1
1216 88 5
141 1226 9
449 603 2
1152 646 8
432 982 1
1082 350 30
851 1126 30
460 676 2
1237 568 7
314 569 2
770 63 7
672 189 27
1082 642 30
898 1395 7
795 88 3
1114 1439 33
1104 1446 2
170 117 30
592 36 50
499 683 0
905 763 2
112 882 2
226 1242 2
514 1375 27
548 677 2
315 1199 7
221 917 8
673 102 8
592 724 50
742 417 5
205 676 7
793 1322 13
395 1395 7
315 1491 7
71 1328 2
1079 1236 7
976 599 2
770 287 7
273 272 31
1061 345 0
543 154 2
996 433 7
191 730 2
686 658 66
82 393 8
398 1479 2
867 955 2
995 983 33
420 1491 7
519 845 12
1114 444 23
483 1266 1
916 948 15
1224 978 3
1170 1249 1
996 766 8
185 116 2
49 910 2
768 1550 8
390 1345 2
504 1309 2
54 1230 2
227 719 15
321 1217 8
27 348 41
318 1328 80
65 308 7
303 47 8
945 113 2
536 1292 30
49 446 2
294 83 8
391 314 2
829 1079 2
721 281 27
623 808 8
1084 114 8
1539 1305 8
577 543 2
934 246 1
27 1234 2
1055 387 7
494 562 23
756 65 8
43 182 7
607 1355 2
1323 191 14
1520 102 8
925 1407 2
425 866 36
609 222 2
22 450 2
841 716 8
1391 1033 2
27 1166 2
945 728 8
772 816 77
780 1404 1
1480 1328 2
242 519 79
483 147 8
452 1395 7
565 661 2
24 309 33
321 1153 52
85 350 41
557 1395 7
836 398 30
669 1181 7
1466 508 1
462 770 2
1024 239 2
1547 412 5
581 1450 2
244 393 8
1166 90 8
195 412 5
108 1583 8
125 1217 8
847 1105 0
592 119 8
142 40 8
1239 505 2
1140 458 33
1316 139 5
681 1125 8
1535 272 20
454 240 2
1355 823 33
259 88 3
847 1397 0
836 726 30
1445 293 0
272 649 55
259 42 8
790 1155 7
819 387 8
457 377 8
980 929 7
383 454 41
584 277 8
48 1609 47
1252 728 8
281 603 27
862 1550 59
409 1042 2
672 148 2
974 653 2
432 663 8
1407 1472 37
1456 65 2
1316 1138 1
1223 233 27
619 1491 7
1093 850 6
363 961 35
869 450 2
978 625 2
202 774 2
498 681 27
1285 441 0
1230 1156 8
421 684 2
446 611 35
871 1550 8
619 1469 2
279 514 27
1239 1518 30
267 804 27
1475 929 57
934 179 15
750 139 3
40 1470 2
324 851 30
81 309 33
724 973 7
113 1564 5
601 514 7
872 128 2
505 568 7
1183 551 7
406 101 8
1563 88 3
1176 1161 7
739 663 8
1519 1296 8
26 722 2
1507 1091 2
1114 1105 0
350 1342 7
369 420 2
939 711 8
1114 1397 0
259 451 2
377 486 2
584 1596 38
568 917 6
316 452 10
316 1227 6
866 111 15
217 1418 7
1112 417 5
301 1191 77
40 18 8
478 387 8
1330 393 5
1193 1073 51
808 149 8
551 1198 2
928 1550 8
1314 193 5
550 1264 2
403 412 5
737 315 30
915 1416 2
1082 348 41
51 646 5
381 851 30
436 940 2
146 973 9
1035 813 8
966 1611 2
720 939 15
284 463 31
1123 387 8
1561 1111 7
519 49 1
1031 377 8
72 1418 7
1126 92 7
993 282 2
796 663 8
540 488 2
160 1230 7
1437 1238 33
1084 1443 2
302 1140 7
611 278 58
293 330 7
809 309 30
620 684 2
710 412 5
1084 1112 23
293 622 7
267 1036 27
1570 75 3
1216 1396 8
1084 1124 33
318 585 80
365 101 26
512 982 7
1550 838 8
599 568 7
271 565 2
621 1314 7
48 165 2
1394 255 27
53 485 2
1084 163 8
568 1321 6
420 98 8
841 437 8
600 1203 6
603 878 2
494 937 8
1299 1140 2
4 61 15
255 1053 2
1084 59 8
390 1217 8
594 518 2
696 1168 2
443 1490 5
35 102 8
928 1563 2
495 1217 8
1291 272 7
978 1474 30
939 1298 7
368 723 2
808 850 2
707 980 2
128 689 2
927 1093 1
925 1352 2
315 1517 1
577 420 2
841 265 8
1052 1252 2
259 1371 2
1052 856 2
851 1371 30
1382 676 7
1152 536 2
337 1198 27
56 106 30
819 108 8
593 808 8
1466 57 1
278 893 14
881 663 62
1171 355 8
536 1567 1
425 1472 37
555 609 2
383 834 20
569 1419 8
819 40 8
442 475 2
233 908 8
406 1556 7
912 726 2
1449 584 53
92 1283 2
230 56 33
221 1495 2
438 831 2
973 697 1
761 568 7
69 1035 2
1022 1437 8
527 646 68
1550 1097 7
847 1310 7
1004 663 8
437 532 8
1548 1181 7
1176 491 1
841 1138 2
981 1446 7
499 1562 2
1310 568 7
494 858 12
399 729 2
806 726 30
980 1436 2
974 530 2
1209 594 7
1326 291 8
12 485 20
172 235 2
808 875 6
883 915 30
1329 37 8
191 834 8
902 1314 5
647 1062 8
266 1561 2
485 1075 2
1354 441 0
961 291 7
752 1062 8
655 1128 8
721 854 27
1446 39 8
281 873 55
485 1367 2
1271 950 33
537 1490 5
267 285 27
311 396 30
543 1448 30
1418 129 8
24 950 33
980 1073 30
1527 65 8
315 368 30
1524 1462 2
205 120 77
151 92 8
317 341 5
140 1418 8
478 108 8
1194 92 8
1466 753 1
1277 1304 7
770 958 5
1127 1418 7
21 540 2
1382 1304 7
823 789 7
823 393 7
1179 1345 71
1539 1315 5
1252 1082 2
255 297 8
478 40 8
914 393 2
1466 685 1
1053 102 8
584 626 8
613 856 20
939 588 8
139 676 30
672 497 2
757 1044 53
168 293 0
1474 1084 2
420 824 6
442 707 2
534 293 0
369 398 30
551 1097 7
454 808 8
1565 350 2
852 450 30
1003 1070 2
726 830 30
1140 367 2
1570 1457 8
919 978 3
553 595 2
315 1135 2
315 739 2
1014 338 3
350 1194 30
1450 488 2
1444 1288 2
387 899 5
165 812 1
658 140 8
303 1420 8
1014 1026 3
1207 1374 7
439 90 7
420 1031 2
619 1004 27
417 575 27
978 1198 2
1285 1014 0
420 1381 7
841 223 26
447 39 8
1084 381 33
474 417 5
278 1607 2
731 1197 7
1160 1170 0
1184 1418 7
267 981 27
347 915 30
347 519 30
1262 866 36
713 441 0
730 1345 2
88 1617 3
543 75 8
183 540 2
1317 856 2
1082 1007 2
818 441 0
847 163 7
1329 957 8
1330 974 29
395 1550 8
944 831 2
1110 102 8
1042 101 26
503 905 2
147 753 2
494 491 2
643 47 8
1076 393 2
514 528 2
879 873 14
514 1124 33
227 908 1
178 147 8
271 442 2
701 1037 2
25 812 2
719 226 3
191 899 5
208 1325 5
1403 3 7
88 658 0
580 1246 1
712 102 8
377 453 34
939 1243 7
1391 235 2
684 1299 2
1262 554 2
259 628 2
945 326 8
925 901 2
309 539 30
1035 433 7
459 1491 7
904 1561 84
101 1161 7
898 233 27
233 588 7
1140 771 2
1035 766 8
792 1395 7
56 51 30
905 661 2
1335 1314 7
1160 92 8
1319 1132 0
810 1296 8
64 117 30
1355 1428 2
221 1044 53
442 128 2
374 1187 0
221 1148 2
742 293 0
1459 684 2
333 83 8
396 1491 5
972 812 1
576 259 8
540 1525 2
880 1239 2
667 1128 8
1252 326 8
1317 514 27
1122 221 2
641 1035 2
1392 658 0
689 167 8
1120 376 3
1230 1321 55
328 833 8
197 47 8
980 693 2
677 68 24
721 575 27
476 513 30
874 102 8
1445 554 23
1304 1052 7
191 487 8
1404 732 7
303 273 8
1197 433 7
291 464 2
489 735 6
650 65 8
234 412 5
794 519 35
119 1168 41
391 540 2
789 1225 0
145 1418 7
16 47 21
315 381 30
208 915 30
1414 102 8
1322 191 14
273 536 2
999 789 77
978 384 3
605 476 2
155 397 2
522 1217 8
360 619 27
1055 1301 7
987 70 35
1343 910 5
925 853 12
719 808 8
1168 1255 2
527 293 66
495 83 8
102 493 6
102 97 6
584 798 38
155 329 2
568 119 6
471 663 8
240 1340 2
1115 779 5
118 554 2
337 168 27
1252 730 8
450 890 2
147 685 8
1378 701 2
301 789 77
672 150 2
905 1243 7
1328 75 5
1374 1453 2
1206 111 15
206 420 2
223 450 2
1044 83 8
442 360 2
907 687 2
317 1384 7
787 1239 7
677 762 2
83 854 27
882 1333 2
1541 1015 36
420 373 6
323 876 7
563 793 8
519 1354 1
838 1217 5
450 718 2
676 468 2
190 1358 2
797 568 7
534 1404 2
1330 594 1
768 770 2
1128 206 2
1000 1561 2
350 1139 30
1562 284 33
1316 1364 1
501 412 5
765 1550 8
182 1224 2
1232 92 48
1136 213 8
869 676 2
294 568 7
416 882 2
353 658 0
721 1495 27
578 1325 5
626 882 2
1131 1238 55
973 620 2
349 1014 0
606 1357 1
188 129 12
1163 233 27
1200 1086 8
1354 1014 0
139 1028 2
547 267 55
584 1598 38
514 381 33
1404 983 33
858 65 8
729 150 2
1279 701 2
594 1381 7
374 1046 12
155 1025 2
499 360 2
1296 1310 59
872 1131 20
1526 808 8
1177 1550 8
1493 1033 2
1226 225 5
856 891 8
178 191 14
601 568 7
1180 1296 8
485 206 54
468 1446 2
660 658 0
337 1127 6
1028 1133 2
263 282 23
90 1157 62
34 514 38
457 1304 2
1239 1381 7
255 479 2
40 244 8
3 789 2
442 638 27
387 36 8
905 606 2
913 672 2
980 1375 27
1337 757 2
1355 366 33
1283 1319 21
1382 102 7
515 658 0
1454 309 2
1444 1173 2
459 98 8
982 172 5
217 603 2
1564 629 2
273 1153 6
596 1239 30
651 239 38
318 1314 8
1223 882 2
867 730 2
405 108 1
870 39 1
1446 637 12
543 716 8
191 758 44
328 90 8
787 1217 8
996 937 8
625 1230 2
499 1160 2
293 848 7
726 1509 1
83 1578 3
863 603 6
1296 1381 7
982 1207 8
317 502 8
1303 276 7
736 663 8
974 24 2
1183 1301 7
729 778 2
489 284 6
841 168 2
1061 1114 2
153 629 2
831 1044 12
643 958 3
1327 65 8
1376 1118 1
191 830 30
931 1062 7
1160 446 2
1339 1675 5
1250 1101 12
1475 300 57
1472 1004 57
164 40 8
719 65 8
266 1086 8
999 374 77
73 1514 0
923 1266 2
291 1548 5
1447 925 10
145 841 2
517 873 14
314 1436 2
337 1424 27
1378 750 2
1172 83 8
233 1161 7
155 269 8
766 412 5
464 723 2
1138 770 2
1158 533 3
221 1393 2
56 624 30
701 231 2
1158 487 8
230 642 33
991 439 57
1355 2 2
1463 1396 8
1242 26 2
468 1086 8
437 831 2
240 1212 8
1236 1217 8
98 663 7
322 584 33
1230 1004 2
980 1042 2
1344 584 12
1247 254 12
1114 1574 2
1231 834 2
621 92 57
885 233 38
266 293 0
551 569 2
1407 1206 36
1316 913 1
308 1239 2
1227 789 8
861 1140 2
61 982 1
1439 102 2
1570 533 3
1084 590 2
1307 903 6
639 831 2
721 1148 27
1161 1070 5
1570 487 8
1084 1377 8
805 1314 5
934 338 5
270 1035 2
1404 1351 2
195 1550 8
534 554 23
409 1041 2
267 183 27
1129 939 15
387 1491 7
398 503 2
406 272 8
981 235 2
1139 309 16
841 1583 8
47 1062 8
1325 119 8
938 1418 2
488 233 27
1378 1446 2
1527 291 8
1448 841 30
183 65 8
738 90 8
1128 1118 5
1191 214 75
774 101 26
1374 1406 2
939 486 8
735 1482 8
1166 957 8
1526 393 8
1061 363 2
915 530 1
729 22 8
138 476 2
1028 1078 2
1502 874 2
56 960 30
442 1059 7
907 1328 2
912 1252 2
1493 514 2
1029 1358 2
1193 1179 30
210 1033 2
470 1239 2
1158 719 8
1466 1203 1
117 657 1
726 1124 30
575 393 2
28 83 8
558 363 2
650 345 0
125 314 2
226 1030 2
680 789 2
457 785 2
1239 1200 2
314 289 2
913 221 2
1035 296 8
1079 633 1
867 1291 16
1084 419 67
437 1355 2
1227 1403 6
417 869 27
679 40 8
272 813 15
592 152 50
1231 1457 8
873 893 2
820 1070 5
217 147 8
681 149 8
635 1446 1
450 1392 30
684 1439 14
1355 523 23
981 1035 2
843 859 2
363 53 35
737 565 2
272 588 7
300 26 2
1041 101 26
438 197 8
1372 420 5
309 1227 8
859 833 2
905 796 20
65 424 7
1230 455 55
936 1395 7
303 163 8
176 934 7
494 717 2
377 1061 2
252 233 27
553 704 35
380 672 2
271 1028 2
259 922 2
1525 350 2
150 882 2
514 68 24
1551 1114 4
726 1381 7
595 1587 38
543 199 30
1458 56 30
127 681 27
117 1061 1
573 619 2
26 210 2
155 883 33
205 1266 77
599 282 23
472 568 7
701 1555 2
1509 892 2
1355 1046 12
838 1086 8
915 1554 1
24 1140 2
1030 677 2
1056 1062 8
337 97 6
689 739 27
45 915 30
1161 1062 8
255 1052 2
377 611 34
1164 808 8
1029 383 2
849 934 15
1252 625 2
1252 229 2
982 521 5
298 856 6
1338 412 5
812 983 14
900 859 2
221 1338 2
349 514 2
240 78 2
270 609 30
555 442 7
1140 562 23
314 917 2
1354 910 2
1253 1296 8
1021 978 3
550 952 33
92 1454 2
313 838 7
645 1314 1
185 1133 27
1239 908 8
1449 651 53
230 519 33
200 1200 2
872 189 27
547 542 2
876 929 7
191 390 2
648 646 8
409 762 2
986 1290 38
624 1140 1
271 995 1
420 277 8
1317 672 27
84 459 2
1210 267 7
542 154 2
289 681 27
1570 140 8
611 973 58
1539 1388 7
906 471 8
906 75 8
287 1114 2
859 1169 2
37 377 6
1011 21 8
285 540 2
980 1310 8
863 1217 7
32 903 6
980 1211 2
995 766 8
137 412 5
270 980 2
152 684 2
1106 554 23
267 128 27
869 102 2
1461 102 30
291 685 8
1153 881 5
646 139 3
253 153 1
315 607 30
1404 622 34
950 1131 7
1084 462 8
374 248 12
562 1465 5
471 83 6
365 272 2
1296 908 59
26 150 2
1307 1550 8
721 1317 27
374 1124 33
934 1381 7
1148 1309 2
309 80 8
1458 976 30
205 687 77
677 327 1
1028 335 2
977 200 29
852 291 8
346 1418 7
458 808 7
907 585 2
912 905 2
915 912 2
271 272 8
677 1056 2
479 856 2
565 1405 2
806 872 2
1252 857 2
333 568 7
193 519 57
1495 1033 2
215 610 2
144 1457 8
1193 64 50
238 393 2
223 676 2
20 808 8
489 226 3
915 844 2
1372 267 7
563 1024 2
454 646 7
661 1395 7
167 950 30
442 878 2
230 259 2
437 1404 2
999 377 7
542 517 1
325 1176 7
210 514 2
43 903 52
789 1457 8
185 158 27
1307 856 6
501 684 0
530 1140 2
565 21 8
736 812 1
978 1041 2
873 942 2
112 646 8
1201 1395 7
974 1001 2
314 166 2
1019 387 8
945 686 67
147 794 41
945 3 10
1429 147 7
322 92 8
925 631 15
420 1156 7
156 519 1
83 384 3
391 1358 2
301 377 7
1284 441 0
678 485 30
847 42 7
147 1342 7
499 666 12
681 1180 0
183 315 2
856 1581 8
205 309 14
844 1376 2
1177 1035 27
738 1127 8
377 610 2
980 163 8
1007 961 35
722 882 2
915 507 21
255 773 2
445 1014 0
1247 925 10
866 631 15
713 1314 2
1561 533 5
309 418 30
1364 233 27
155 36 33
883 272 31
128 409 2
418 750 30
272 1401 55
148 226 3
568 1265 6
337 626 27
259 357 7
1158 1396 8
594 561 8
1035 937 8
1350 550 1
350 357 2
1424 1325 5
565 722 2
931 1217 8
584 1321 8
1495 350 2
1570 1491 7
945 1187 0
876 172 5
489 808 8
1449 681 27
1208 293 0
396 624 30
240 23 2
45 396 30
689 114 8
515 925 1
1346 1239 2
314 1258 2
718 286 15
451 609 2
498 412 5
1230 206 2
872 1298 7
450 261 2
83 1097 7
438 551 2
185 1078 27
71 1329 2
295 1274 12
441 338 3
681 326 8
1297 1114 1
291 411 2
317 796 8
241 642 30
1239 97 8
992 282 2
736 83 6
789 18 8
1191 822 74
133 293 66
1215 240 7
872 1568 2
790 793 8
600 1327 6
1317 221 27
1176 211 1
530 92 8
441 270 3
455 974 30
166 1309 2
272 1161 7
458 1070 5
805 412 5
716 1418 7
1394 603 27
245 441 0
712 532 7
849 856 2
270 565 2
541 191 14
162 1561 2
551 381 14
1144 903 6
503 393 2
273 603 2
957 147 8
255 1396 8
987 241 35
606 873 2
739 1062 3
1042 272 2
347 272 31
1124 226 5
240 823 2
374 113 2
1480 1329 2
1162 65 8
36 1418 8
1079 125 30
148 808 8
155 495 8
464 1345 2
348 411 2
450 1061 2
1296 97 8
325 233 27
905 1460 2
1284 387 8
1442 1084 1
1247 1328 2
155 787 8
20 65 8
272 47 8
348 1398 39
280 441 66
951 18 8
234 1550 8
1031 219 2
939 308 8
1266 63 8
368 83 8
692 92 8
311 550 1
65 991 5
49 441 0
1230 438 2
316 824 6
92 424 2
1252 1125 8
1023 80 8
499 1111 67
307 789 2
1458 954 7
534 1191 12
1019 40 8
1338 26 2
1446 1124 33
988 1230 2
922 934 15
1403 837 6
804 102 8
584 292 40
1554 1328 2
450 1282 30
4 813 15
734 417 2
646 838 8
1084 1207 8
168 1007 2
872 588 8
631 1395 7
642 803 2
1099 663 8
485 1124 16
241 1084 1
1539 341 3
318 393 8
1204 663 8
499 599 2
160 873 2
1427 1314 7
147 891 7
944 259 2
1301 848 7
1282 1357 1
168 980 3
53 254 2
780 976 30
950 1354 2
440 1274 10
176 870 2
77 65 8
945 1046 12
1176 1500 2
1090 59 7
167 568 7
609 1310 8
1179 750 7
1196 1217 8
1006 1314 5
267 90 7
183 291 8
147 765 2
32 476 2
255 322 2
117 263 1
1111 1514 66
235 1131 2
28 377 8
925 329 2
903 1536 7
139 1418 8
1191 669 76
786 1070 7
1259 1216 2
568 1210 6
720 226 3
256 1128 8
1176 116 8
841 326 8
27 83 8
255 249 8
233 308 7
1140 491 2
125 540 2
450 1585 2
1193 1074 51
244 1314 8
939 936 8
570 1086 8
791 417 2
489 65 8
849 102 30
934 908 8
31 50 14
447 1124 33
945 1132 0
88 1034 7
723 119 8
1463 881 3
314 411 2
25 519 35
459 269 8
185 335 27
1447 1090 2
315 1483 2
995 241 33
1128 1396 8
1329 690 2
750 399 2
27 309 30
297 1024 2
1196 1230 2
739 619 27
1179 1550 7
1178 293 0
115 483 15
1284 1014 0
102 513 30
665 1314 5
318 1274 80
592 1138 6
131 1240 67
724 291 7
259 373 6
843 1309 2
1397 1062 7
796 393 5
259 1148 2
247 226 5
48 854 2
393 834 2
1191 1428 75
1400 808 7
996 936 8
138 1357 1
988 976 30
155 1428 2
309 1455 30
126 681 27
663 933 5
841 730 8
4 779 6
957 92 8
1024 854 27
1507 13 2
28 568 7
157 1217 8
177 147 8
187 519 35
226 513 26
876 521 5
502 185 39
1171 424 8
976 1094 30
1035 1515 2
1337 412 5
602 1070 2
192 658 0
1252 455 2
1155 958 3
476 1000 2
907 79 2
1144 1550 8
233 936 7
1495 235 2
155 44 8
215 208 2
1479 1376 2
900 689 2
487 65 8
565 1295 2
905 1405 2
1166 36 8
277 925 10
99 1070 2
1114 637 12
434 377 6
643 493 6
643 97 6
442 471 8
383 347 30
592 463 30
464 1217 8
328 957 8
109 102 8
316 373 6
69 995 1
141 421 9
550 118 2
997 1197 7
971 812 1
1304 1572 7
671 259 8
842 1446 1
1344 651 12
974 599 2
1106 1191 12
905 21 8
595 851 5
281 841 27
403 770 2
974 1287 2
542 380 2
661 1550 8
643 321 6
789 533 3
1446 113 2
551 1126 14
502 1309 2
1314 1439 33
868 102 2
647 672 2
1128 249 8
739 974 2
1306 1217 7
249 658 0
658 75 3
1148 1166 1
750 39 8
844 974 2
784 876 77
1193 728 8
676 513 30
1042 1309 2
594 1543 2
127 642 2
35 1028 2
338 412 5
499 179 8
155 745 2
1239 1292 30
256 808 7
1502 717 2
1413 102 8
261 1070 2
604 476 2
480 1376 2
928 485 2
1518 102 8
309 301 14
361 750 2
366 594 73
1155 1212 8
1355 99 0
421 851 30
1078 663 8
40 32 8
575 1028 2
588 726 2
1039 681 27
271 102 8
568 863 6
689 1342 7
1082 309 30
442 1568 2
1468 147 7
594 159 8
337 516 27
18 1217 8
1367 219 2
852 915 30
852 519 30
672 498 2
280 1014 66
1340 1345 2
447 381 33
1075 950 30
274 146 5
905 722 2
1443 293 0
1210 856 6
738 813 15
551 1436 2
291 1342 7
383 1371 30
795 37 8
499 1392 67
49 1014 0
872 546 2
1468 808 8
634 603 6
768 1217 8
200 347 2
302 1446 7
530 1274 12
862 1395 7
1314 1575 2
988 200 2
650 1114 2
550 31 33
869 1024 2
140 976 5
543 45 2
117 1194 30
439 325 2
459 88 3
411 1418 7
1077 584 53
1402 1395 7
588 1070 5
309 611 2
854 387 8
252 735 6
369 770 2
317 222 8
738 957 8
976 318 2
980 68 24
1194 789 8
1400 65 7
575 995 1
673 1325 5
607 1314 2
291 228 8
632 663 8
939 875 6
729 498 2
377 452 12
85 1070 5
9 1090 1
737 663 8
1329 622 35
721 172 27
1119 915 30
336 903 6
124 226 1
0 293 0
722 1062 7
272 1420 8
278 125 2
1522 1062 8
387 119 7
418 976 30
825 1217 8
980 724 31
813 1070 7
1461 255 42
582 978 2
24 200 33
829 793 8
450 263 2
290 974 5
1564 562 57
1565 233 27
1314 1105 0
1431 1498 57
274 1066 5
107 789 2
1409 1015 36
1010 908 7
350 114 8
761 519 1
795 957 8
375 676 30
545 1450 2
219 471 2
101 116 8
1478 374 2
389 441 0
980 762 2
200 1371 2
528 309 33
647 393 2
658 1457 8
110 479 19
1496 154 40
147 1047 16
1223 1230 2
551 289 2
153 562 57
133 215 5
789 140 8
363 1289 36
913 1345 30
1221 291 8
1209 144 7
1323 387 8
1054 672 2
136 856 52
398 223 2
1475 1112 57
945 248 12
1416 974 2
1183 442 7
686 131 67
663 1110 5
155 2 2
191 782 30
1058 540 2
631 1550 8
126 689 2
1421 441 66
917 1418 7
933 808 7
463 1345 2
235 625 2
127 519 2
978 737 30
928 1217 8
1191 801 10
483 1062 8
1028 798 2
256 726 8
588 1062 8
101 421 2
963 658 0
1158 881 3
1140 89 2
810 619 2
1068 658 0
681 1253 2
667 519 2
1003 1084 2
334 1357 2
677 763 2
551 693 2
722 750 30
1022 80 8
672 1131 2
282 99 0
442 607 7
116 65 8
1084 1110 2
102 1384 8
1463 37 8
1444 546 2
1355 31 33
1536 1153 52
45 272 31
369 240 30
894 841 2
107 101 8
550 1087 2
963 1314 7
1340 1176 7
1340 1217 8
536 803 2
303 929 7
735 1138 52
981 651 53
530 200 33
65 1523 7
898 808 8
872 27 2
619 513 26
1166 338 5
265 293 0
1439 450 2
117 1139 30
907 412 5
889 1230 20
1084 998 29
154 350 2
274 920 74
1404 388 2
855 221 2
544 56 30
1556 611 35
913 1304 5
1127 1290 5
226 611 30
53 772 2
159 1358 2
1283 254 12
847 838 8
543 23 30
1376 491 1
215 369 5
772 1635 77
841 229 2
1284 1314 2
144 1199 7
729 834 8
1551 1230 4
762 1070 5
1451 485 30
978 1073 30
810 982 1
167 1419 8
1454 272 31
377 742 23
1466 1327 1
363 690 2
1214 412 5
1193 535 50
1166 1305 8
259 574 2
306 377 5
729 766 8
925 1047 33
543 573 15
511 1014 66
377 1396 8
381 750 30
1055 155 7
1166 194 39
506 856 20
337 693 27
912 393 2
1035 1108 8
1031 677 2
565 497 2
1155 114 8
903 33 2
217 672 2
1140 1009 2
1148 1062 3
851 1194 30
973 656 1
1358 1120 2
108 627 8
423 677 2
449 1062 8
773 681 27
59 646 5
1316 1578 5
452 808 8
1314 1482 7
867 36 16
393 88 5
763 1079 2
350 59 8
1035 936 8
540 1075 2
789 742 23
917 978 3
229 987 71
1230 273 2
997 795 7
576 101 8
1292 1608 46
1450 958 2
770 355 7
1315 284 52
409 1375 27
867 627 2
650 284 33
117 1371 30
1457 978 3
1045 873 16
54 1153 52
720 446 1
267 1555 27
859 889 2
154 978 2
750 1578 3
1404 236 12
1054 221 2
36 974 2
377 1409 2
498 1550 8
1047 831 2
291 743 3
544 976 30
500 26 2
841 857 2
476 606 2
337 1493 27
485 1258 2
1339 1676 5
1040 1395 7
599 1357 2
1007 53 35
147 308 2
1188 1239 50
978 390 30
982 937 5
699 1329 2
596 553 44
701 300 2
349 254 12
381 65 8
1383 1170 2
125 1358 2
918 1239 2
1098 345 0
325 735 6
240 890 2
674 1561 2
804 619 27
337 114 27
852 117 30
790 1395 7
1527 226 3
1160 1062 8
347 1418 7
805 1550 8
101 366 2
1163 808 8
848 1475 5
1166 158 8
689 855 3
142 108 8
463 1217 8
434 603 6
288 658 0
867 1381 7
878 393 2
383 230 41
92 199 2
663 378 7
334 191 33
65 1536 7
22 1239 30
389 1014 0
233 116 8
679 101 8
1160 441 0
286 453 1
404 790 2
80 182 7
722 272 31
85 543 8
1053 1325 5
1128 881 3
658 369 3
541 672 2
724 1114 1
420 922 2
303 1207 8
978 693 2
841 1553 2
913 315 30
233 1156 5
1515 259 2
383 652 2
1217 958 59
1211 26 2
618 1450 2
1303 1197 7
1461 1230 20
1397 255 2
191 88 3
847 54 7
45 255 2
143 1418 7
908 1325 5
1183 619 7
729 533 3
1148 619 27
1119 117 30
1016 225 5
499 743 3
311 915 30
222 83 1
772 1580 77
910 392 36
479 934 7
601 910 7
978 622 30
739 1419 8
1421 1014 66
364 663 8
713 254 12
641 543 20
65 1566 5
598 83 8
1145 789 2
899 1217 7
1561 704 35
340 1098 7
923 876 2
1035 662 2
1310 393 5
565 150 2
780 789 1
1570 1315 7
903 1243 7
226 1031 2
1220 83 6
627 1070 5
217 221 2
1358 773 2
315 1384 7
816 387 8
1136 167 8
14 92 8
980 546 31
867 1292 16
472 102 8
546 1355 1
851 1139 30
519 1008 7
735 41 9
915 1583 8
430 1516 2
119 92 8
712 1325 5
832 293 66
459 44 8
800 83 8
377 382 5
980 360 2
86 609 2
1539 433 7
184 182 57
1216 1199 7
66 729 2
83 759 2
185 798 27
1401 1062 6
398 1200 2
267 1568 27
995 704 33
681 46 8
1329 419 7
1340 83 8
1305 1395 7
864 1217 8
1405 1309 2
847 390 7
347 642 30
859 834 2
557 315 50
1303 910 7
873 60 44
485 136 6
1521 1062 8
259 877 7
267 97 7
263 499 2
374 893 33
255 1121 2
433 1314 5
758 519 35
894 1070 5
1561 881 5
117 1354 1
1459 284 16
125 1011 2
485 843 2
359 377 2
833 663 8
599 191 33
1173 1070 2
468 808 8
485 838 8
565 44 7
284 928 45
565 778 2
325 284 6
520 1170 0
1058 65 8
160 1608 46
233 711 7
543 477 41
638 856 20
540 1424 2
823 1062 8
316 320 6
1163 65 8
676 531 2
903 210 2
98 677 7
891 459 1
1447 1561 2
101 311 2
1158 37 8
584 462 8
446 741 2
978 1375 27
1036 259 2
681 747 2
1154 393 8
575 102 8
856 810 15
555 677 2
92 1455 2
316 252 6
202 667 2
1239 1305 8
1121 514 2
995 881 3
676 359 2
1317 1033 27
1008 83 8
185 1030 27
328 1420 8
409 763 2
1513 193 5
910 116 8
85 785 2
1329 178 2
166 619 27
1445 1404 2
1380 303 20
474 1564 5
1548 83 8
1087 282 2
278 714 1
271 619 27
272 1555 2
279 235 27
980 1207 8
1304 1571 7
1403 489 6
630 808 8
383 597 2
398 53 2
1525 233 27
1295 1450 2
357 499 2
772 1233 77
419 1170 66
486 315 2
999 1308 77
485 1097 7
150 200 2
568 706 6
729 36 8
1079 541 30
831 983 2
22 1550 8
948 355 7
316 637 10
997 1070 5
737 102 8
601 459 7
595 1593 38
26 1131 2
550 3 10
33 26 2
1166 507 8
173 976 30
417 881 5
1028 628 2
259 167 8
200 1499 10
823 903 2
907 1274 2
910 1102 37
350 1333 2
586 219 2
29 377 8
219 1393 2
774 1418 2
792 147 7
1258 350 2
347 726 2
435 272 59
722 976 30
905 497 2
1358 322 2
390 536 30
551 1211 2
584 416 40
383 265 15
769 808 6
987 1006 2
323 603 7
26 1456 30
197 929 7
692 1128 8
463 83 8
978 1042 2
592 98 50
1454 200 2
409 1391 2
1160 1014 0
905 424 8
140 459 5
592 390 50
264 293 0
1120 789 8
995 357 33
1561 728 7
1463 533 3
486 345 0
856 1213 7
1153 1578 5
1439 676 2
872 545 2
420 1495 2
313 129 8
1563 167 8
872 936 8
912 1296 0
1380 600 41
191 941 44
630 1395 7
277 284 33
813 293 0
74 672 2
876 908 8
178 387 8
1183 1296 7
1174 689 2
609 929 7
439 889 30
979 235 2
291 3 8
348 434 1
259 489 6
291 341 3
841 455 2
1108 412 5
1383 102 7
1271 1446 2
127 1395 7
255 774 2
138 681 1
750 840 30
181 65 8
255 769 8
1230 70 25
31 476 2
1110 1314 5
1239 1509 1
502 726 30
546 1325 5
980 458 30
1391 303 2
337 43 6
381 976 30
363 766 7
687 1212 8
1090 440 35
1485 1314 2
291 1335 5
1328 138 35
1084 1554 0
1040 1550 8
106 284 2
669 789 2
900 409 2
849 450 30
228 314 2
1326 1418 7
220 540 2
383 159 20
770 357 7
998 978 1
1454 536 2
1418 223 26
658 863 7
417 1047 27
435 1296 8
1259 226 3
650 974 33
418 789 1
83 1436 2
895 808 8
809 726 30
1131 56 33
671 83 8
1446 893 33
195 1217 8
1317 978 27
1304 896 7
1014 1384 8
988 603 2
713 925 10
1019 101 8
979 1035 2
1329 1388 7
750 1097 7
647 856 2
620 1033 2
1319 591 2
1191 1511 74
494 1359 2
514 1000 2
499 1283 2
906 21 8
399 450 2
1502 720 15
32 412 5
603 1295 2
721 1039 27
284 1606 2
69 980 2
385 1314 8
643 1207 8
843 619 27
1144 1090 35
499 1575 2
594 1331 2
603 189 27
102 861 30
1153 139 5
934 1004 1
267 74 27
273 672 2
1404 858 12
977 550 2
789 1397 0
1028 513 26
572 412 5
646 39 8
148 882 2
4 1127 6
674 293 0
1359 1170 0
285 314 2
241 681 1
938 1309 2
488 1230 2
1055 681 7
115 611 1
1383 1418 7
227 1 1
546 915 30
1551 377 4
726 685 8
856 39 8
994 1498 57
56 919 30
601 450 2
987 138 35
945 730 8
307 315 30
932 1086 8
235 796 2
1054 1062 8
1166 848 8
1526 226 3
322 1070 5
1372 677 7
259 112 8
1356 99 0
36 108 8
350 1377 8
1247 1329 2
255 18 8
1266 424 8
524 50 41
1024 533 2
450 183 6
256 793 8
499 1335 5
450 1354 2
905 150 2
1206 179 15
676 1000 2
311 447 1
777 568 7
182 1360 2
328 1305 8
107 272 8
315 460 2
1052 1325 5
559 1217 8
621 215 57
1128 769 8
88 677 2
502 619 27
1554 1329 2
1051 1356 1
74 393 2
1077 681 27
973 464 2
420 1148 2
325 226 3
873 779 8
750 460 2
317 114 8
297 689 2
155 99 0
66 259 2
83 289 2
938 950 16
620 350 2
978 1211 2
226 850 30
1533 1114 1
731 1314 7
584 8 5
291 1008 39
702 754 5
1461 676 30
1078 584 53
601 808 7
1459 102 30
1481 293 0
159 841 2
729 322 2
796 1084 21
867 97 8
317 1154 5
1299 514 2
1062 1491 7
1061 274 12
714 1608 2
1337 1176 15
1333 1070 5
159 1128 8
158 92 8
160 108 44
163 808 8
601 1136 7
1024 1333 2
1252 1161 7
1129 446 1
86 1070 5
1090 453 35
993 519 35
934 685 8
125 609 2
805 770 2
235 1424 2
558 274 12
880 485 30
1472 444 57
139 1419 8
363 419 7
945 47 8
1472 990 1
575 980 2
915 653 1
454 1230 2
80 735 6
543 22 30
1247 1561 2
485 728 8
556 1496 12
144 32 8
1015 1458 2
350 298 8
672 1242 2
272 724 25
272 1458 20
653 254 12
386 1014 0
88 1035 7
672 1138 2
125 543 24
428 1168 2
1406 393 5
1136 685 8
1079 1152 1
514 1554 0
481 772 19
1329 1109 7
1232 856 48
338 83 7
528 1140 2
307 1314 2
592 671 50
1252 47 8
1317 235 27
912 387 8
108 730 8
185 628 27
756 1418 7
576 272 8
995 37 8
69 701 2
217 1062 8
535 723 2
973 1488 2
443 278 74
961 945 1
374 1132 0
322 1062 8
1231 269 8
867 1194 2
514 653 2
13 1325 5
939 958 5
652 387 7
701 1102 5
459 1310 5
841 804 2
620 978 2
802 658 0
287 609 2
642 116 8
847 908 7
607 974 2
136 284 52
16 99 0
738 1305 8
398 1307 13
514 201 12
902 980 5
421 396 30
1537 147 8
729 1242 2
267 719 7
1394 841 27
772 435 77
1144 412 5
552 658 0
988 873 30
155 118 2
657 658 0
40 716 8
191 176 45
915 1373 21
1230 631 15
1515 26 2
1160 910 2
363 697 2
144 728 8
976 1455 30
1252 1417 27
189 1070 5
565 1364 2
311 750 30
980 1135 30
791 1114 2
126 409 2
108 1161 7
983 485 30
701 471 2
641 412 5
1446 1187 0
1035 1120 2
359 499 2
1463 1199 7
772 659 77
442 545 2
476 1001 2
925 523 23
233 937 7
102 506 6
907 476 2
1317 1325 5
581 255 27
350 535 2
221 1565 2
565 900 2
543 61 15
450 611 2
1463 1491 7
724 851 30
1155 855 3
739 1314 5
482 92 8
676 653 2
1148 1419 8
726 960 30
102 421 2
284 1122 52
1328 88 5
677 879 2
551 75 7
964 658 0
1145 259 8
1253 1419 8
1474 750 2
442 769 2
915 730 8
1259 65 8
85 1079 2
1093 865 6
1211 101 26
4 98 14
795 1305 8
870 1298 7
1203 735 6
1444 266 2
344 978 3
1031 92 8
1215 1570 7
676 877 2
388 441 0
995 957 8
191 863 7
1445 191 33
189 726 8
398 347 2
65 1243 7
1297 377 1
1329 3 8
897 226 3
1329 341 3
869 689 2
922 450 30
113 1475 5
416 603 2
1446 406 2
1119 646 8
390 609 2
1204 568 7
12 383 20
398 279 2
26 1133 2
267 647 27
856 1081 2
475 729 2
1183 102 7
908 412 5
867 88 3
315 730 30
867 42 8
731 795 7
586 221 2
115 1184 1
960 291 7
259 362 2
1376 211 1
147 711 2
1174 219 2
144 1315 7
693 1033 2
1284 254 12
36 1007 44
490 112 8
642 678 30
143 1062 8
701 1391 2
1110 412 5
34 235 38
916 1418 7
259 685 8
442 1523 7
1359 446 2
1133 808 7
1158 891 8
127 1550 8
1319 1554 0
789 1315 7
1155 1437 8
217 387 8
672 1479 2
1451 284 2
1100 1274 12
686 1014 66
757 27 53
897 147 7
1548 568 7
1232 1197 48
417 541 27
1487 102 8
880 1301 2
101 1384 8
877 1550 8
98 48 7
1449 235 2
183 272 7
59 735 6
1304 57 6
1447 1328 2
360 1015 36
641 701 2
398 1371 2
973 1037 2
211 101 8
197 1420 8
555 147 8
961 494 1
70 476 2
1098 363 2
1076 651 53
855 1033 2
211 393 8
632 1128 8
1499 514 10
993 808 8
686 934 5
1546 259 8
1563 685 8
1077 689 2
499 1173 2
35 619 27
721 533 27
227 111 15
514 530 2
126 1395 7
1166 1388 7
1183 1418 7
499 458 33
856 2 2
1303 726 8
235 667 27
1537 92 8
945 297 2
1193 384 3
945 893 33
30 26 2
575 619 27
721 69 27
476 722 2
1216 384 5
518 101 8
1082 185 39
439 1047 30
1339 1000 5
1035 1133 2
273 197 8
0 1023 1
135 21 8
81 939 15
573 646 1
1240 393 5
1193 883 50
485 618 2
409 68 24
1029 519 2
234 1217 8
173 519 30
418 873 30
701 20 2
999 387 77
945 958 3
988 750 30
56 53 30
122 314 2
147 59 8
233 486 7
314 1449 2
1451 1376 2
350 480 2
749 441 0
221 1510 2
792 233 27
316 95 6
311 272 31
170 309 30
1155 462 8
1252 693 2
373 101 8
849 676 30
674 554 23
274 1067 5
1357 297 2
492 1101 10
1258 226 3
54 1070 5
546 155 1
550 1124 33
216 726 2
102 366 2
540 1131 2
322 974 7
1316 323 5
789 214 2
643 43 6
546 447 1
420 39 6
1271 594 10
417 1565 27
221 1437 8
980 763 2
870 1243 7
163 646 5
676 530 2
1252 958 3
190 1024 2
244 1325 5
1084 1371 33
534 1070 2
24 594 10
1304 1081 6
1214 83 7
186 646 7
191 458 2
938 1062 52
841 981 2
328 1127 8
721 869 27
33 101 26
401 808 7
820 1266 1
267 300 27
619 1315 7
619 1653 2
297 219 2
26 1078 2
261 1084 2
1403 1389 7
266 1404 2
263 1274 12
43 1062 7
830 240 2
322 1014 0
39 1418 7
605 770 2
155 295 2
601 676 2
110 88 5
494 97 8
1039 1395 7
321 1070 5
40 1581 8
1472 438 57
945 852 8
116 1450 2
701 648 2
494 75 3
1037 1550 8
340 130 7
1193 596 50
974 1094 30
1137 793 7
1300 1472 5
723 1389 8
406 1325 5
365 663 8
1493 235 2
337 66 27
1145 1296 8
238 565 2
903 1405 2
324 1114 2
301 687 77
820 147 8
582 291 8
139 915 30
440 476 2
1258 808 8
1022 769 8
769 1358 2
4 671 14
1439 915 2
1439 519 2
897 92 7
998 808 7
1023 891 8
330 1086 8
1128 891 8
1128 495 8
59 284 6
1403 1315 5
973 586 2
359 1170 0
555 92 8
1264 441 0
1127 147 8
84 1155 2
368 536 30
855 978 2
1232 147 8
795 1315 5
516 856 2
315 1371 30
229 584 71
1376 560 1
977 1404 2
287 499 2
54 1062 8
52 92 8
527 663 8
380 393 2
45 603 2
1550 626 8
729 881 3
1166 937 7
191 926 15
162 709 2
162 313 2
486 1114 2
772 1636 77
1139 950 16
385 789 8
385 393 8
1259 1115 2
158 219 2
1028 1495 2
267 213 7
1158 1199 7
439 596 30
387 502 8
1230 241 25
164 102 8
1158 1491 7
20 1239 7
197 338 5
340 1154 7
1193 1224 50
519 531 30
485 563 2
1133 681 27
1355 1443 2
663 360 5
1036 1358 2
1035 322 2
145 903 2
1253 1090 2
915 1567 1
565 498 2
909 940 2
301 4 77
1230 938 33
1114 236 12
561 750 2
856 1310 5
532 1406 2
995 1224 33
1137 83 8
544 1070 7
1239 296 7
167 393 5
111 1062 8
540 1076 2
102 311 2
915 229 2
1062 1315 5
661 1217 8
1355 952 33
823 600 71
596 1608 46
190 677 2
83 1211 2
417 1510 27
185 854 27
328 848 8
576 102 8
915 958 3
27 536 30
789 1047 33
1284 925 10
859 958 2
528 1274 12
565 823 30
765 770 2
424 376 3
191 502 8
1144 1329 35
1316 183 1
145 646 1
197 390 8
1075 584 53
1199 1314 7
978 66 2
291 433 7
872 33 2
763 92 8
154 233 27
639 101 2
272 937 7
166 689 2
278 434 1
514 444 23
731 65 7
270 701 2
1505 1395 7
267 1305 7
409 707 2
147 39 7
983 772 14
109 1325 5
974 318 2
956 1070 7
978 68 24
439 1292 30
497 677 2
727 363 2
1217 39 8
162 1395 7
1054 514 2
1547 197 8
136 568 6
263 200 33
259 1184 6
1500 1345 2
191 1124 30
485 1213 7
101 983 16
1460 939 15
446 1005 36
780 56 30
702 603 7
782 543 1
978 724 31
978 287 30
856 1330 15
689 149 7
102 336 6
266 554 23
1483 1404 2
1132 1531 1
551 707 2
591 363 2
301 340 77
446 1111 7
1239 1330 2
1024 704 2
961 450 30
749 1014 0
390 1070 5
997 770 22
507 1514 0
1319 0 0
1258 65 8
1402 519 35
903 908 7
476 1224 30
1257 1581 8
1474 976 2
619 1145 62
1497 147 8
88 182 7
761 1093 1
309 1186 16
1518 1325 5
80 939 7
447 1310 8
210 235 2
744 1355 1
417 139 27
679 102 8
978 762 2
230 663 8
226 628 2
600 606 35
1144 1561 35
929 1114 0
1019 108 8
1221 1230 2
1314 732 7
441 1384 8
1455 200 2
869 915 2
869 519 2
1461 915 30
855 235 2
872 661 2
197 1310 8
1127 92 8
1045 191 16
1210 1304 7
1179 594 7
272 300 2
499 771 2
387 1097 7
83 59 8
1184 1252 2
1321 387 8
270 619 27
147 1005 2
1284 1328 2
1035 1004 27
144 1213 7
387 1389 7
176 646 2
293 1567 4
944 723 2
738 848 8
361 1395 7
1042 995 1
1496 498 38
377 727 2
374 201 12
536 678 30
552 1070 5
1556 453 35
1348 1296 0
155 1264 2
568 1491 7
272 128 2
365 1309 2
1079 889 30
915 520 21
117 727 1
439 145 30
439 541 30
847 716 8
1193 877 50
205 1328 77
444 441 0
301 1328 77
1569 658 0
925 397 2
125 676 2
126 1550 8
485 112 2
675 831 2
240 208 2
563 1395 7
1181 54 8
311 1314 1
852 642 30
442 189 27
1327 1153 6
672 667 27
250 393 8
1201 646 5
808 223 2
112 672 2
45 873 30
233 813 8
98 50 7
546 272 31
1565 1230 2
1031 519 2
1444 1480 2
1023 1578 3
1128 1199 7
314 979 2
322 514 2
1084 1109 67
632 594 1
102 355 8
417 1163 27
293 472 1
92 1120 2
540 625 2
922 976 30
211 291 8
293 863 7
190 226 2
462 83 8
1304 720 7
1338 1217 8
786 92 8
977 1357 2
479 1325 5
69 872 2
160 1345 2
1221 255 2
681 47 8
66 1418 2
891 92 8
624 514 1
528 200 33
317 80 7
1225 65 48
504 681 27
1515 101 26
1314 983 33
872 1243 7
255 461 1
272 928 2
499 1003 2
409 360 2
960 1114 1
721 759 27
152 350 2
934 724 1
315 167 8
828 417 2
756 147 8
915 1187 0
177 387 8
485 516 2
517 101 8
420 167 8
259 837 6
1180 925 2
359 446 2
145 1252 2
841 803 2
1514 1574 2
255 1122 2
594 249 7
981 278 9
476 844 2
1110 1015 36
1 83 6
1034 178 1
1212 412 5
26 504 2
1114 95 0
780 1114 21
1014 1243 7
64 309 30
519 1500 30
235 516 2
524 939 15
485 1131 8
677 722 2
1502 89 2
1145 102 8
1029 677 2
334 309 33
907 939 2
464 1358 2
1466 522 1
316 613 6
1215 643 5
450 678 2
185 1495 27
183 1153 6
991 282 57
420 265 6
442 148 2
542 620 2
1023 139 3
1506 1176 15
1570 502 8
978 707 2
1128 139 3
837 856 6
183 1418 7
1014 129 8
650 274 12
1125 873 14
995 22 33
317 1437 8
65 1414 7
1455 978 3
235 1152 26
841 1161 7
872 210 2
1445 282 23
1184 905 2
391 1024 2
35 872 2
880 276 2
1187 255 2
394 770 2
124 1062 5
494 596 33
390 676 2
40 1583 8
710 568 7
1461 396 30
938 619 27
629 65 8
996 75 3
1114 1187 0
1397 155 7
600 297 6
1397 551 7
1177 701 27
374 530 2
235 1417 27
619 167 8
636 197 8
945 1443 2
148 1230 2
998 1419 5
485 1436 2
729 37 8
579 1475 37
1130 910 1
21 677 2
945 1112 23
272 172 8
1024 1449 2
601 856 7
337 360 27
1024 1053 2
1155 1384 8
1448 684 30
205 585 77
1008 812 1
1283 65 2
1494 313 7
155 98 33
489 646 8
851 861 30
1112 115 15
672 1030 2
446 1392 7
483 789 8
337 292 27
939 1017 8
841 484 9
841 47 8
442 1298 7
792 882 2
328 1388 7
800 102 2
1254 1062 8
789 1428 2
592 167 50
905 498 2
995 1491 7
71 293 0
438 1550 7
652 1153 6
910 714 2
1357 1112 23
1391 291 8
686 65 8
1446 201 12
638 101 26
96 1550 8
533 1617 3
1304 228 6
1304 269 7
30 101 26
847 800 7
317 462 8
1156 1325 5
111 191 14
976 558 2
1170 124 1
731 974 7
867 518 2
724 377 1
867 1305 8
1394 337 27
1436 65 8
1295 102 7
717 982 7
1376 1078 1
980 129 8
183 609 2
1158 1097 7
450 1399 6
1459 450 30
439 890 30
847 628 7
599 309 33
1480 293 0
148 255 2
291 296 8
915 1132 0
485 1045 53
485 857 2
1207 793 8
873 1457 30
1230 986 55
930 1166 38
148 646 8
363 994 37
870 920 9
387 916 59
565 792 2
101 1298 7
737 1419 8
1245 663 57
28 726 8
302 1274 10
444 1014 0
91 135 5
1505 1550 8
849 915 30
849 519 30
939 1307 13
368 1128 8
1258 233 27
1354 925 2
584 239 38
1468 1239 7
557 1062 7
464 1011 2
1213 1325 5
565 620 2
447 201 12
676 81 2
185 1148 27
725 658 66
625 1070 5
1466 71 1
192 1062 6
435 568 7
774 1028 2
208 831 2
978 546 31
687 1437 8
1239 464 2
451 903 2
459 222 8
406 1570 7
631 446 1
540 1198 2
1105 1070 2
643 506 6
1324 543 1
978 360 2
1553 26 2
1230 891 8
1230 792 2
1563 1156 8
1304 1293 7
894 677 2
1376 719 15
462 1472 5
429 485 2
315 125 2
1019 102 8
738 1388 7
736 377 6
57 856 6
1283 1561 2
879 1252 2
1209 676 7
514 1001 2
117 287 30
663 143 2
1329 119 8
197 116 8
639 723 2
391 677 2
284 1607 2
1177 26 27
253 856 1
1216 39 8
1295 1418 7
1407 808 7
977 155 2
177 272 8
1323 950 14
780 350 30
1475 888 57
601 519 2
601 915 2
684 1294 0
739 1086 8
780 642 30
266 1191 12
1296 63 59
65 21 8
787 1070 5
1316 1468 24
241 677 7
377 617 2
568 652 6
155 466 2
1173 309 33
582 1450 2
726 983 2
1296 167 8
1079 883 30
831 533 2
1288 789 8
917 1153 6
1024 998 2
450 252 6
856 728 8
361 867 2
980 1483 30
357 377 2
948 593 7
701 423 2
200 1491 5
609 908 8
368 450 2
923 79 2
454 603 2
1137 568 7
1122 1450 2
361 1550 8
848 603 6
838 1062 5
309 362 31
925 883 33
795 1388 7
442 1243 7
546 1314 1
689 1396 8
1401 519 35
139 398 30
1364 882 2
677 189 27
1258 291 8
450 1251 2
221 206 2
676 1001 2
983 1376 2
903 1076 2
432 594 1
635 1114 1
368 377 8
1328 1310 7
789 617 2
221 34 53
1357 381 33
54 1084 21
790 226 3
1468 92 7
417 365 27
1093 1213 6
61 1611 2
112 197 8
619 311 31
928 101 45
141 666 9
189 1079 2
285 1079 2
1257 32 8
374 109 0
1209 1304 7
550 824 23
995 199 33
277 945 2
1546 83 8
852 1007 2
16 1208 21
600 938 6
330 793 8
377 637 12
374 1567 2
191 928 45
702 755 5
625 1062 8
1034 776 5
623 92 8
834 1079 2
628 808 8
365 1166 1
713 1329 2
657 1376 15
470 1166 1
424 1403 14
361 1563 2
499 562 23
901 1015 36
873 999 14
259 39 6
642 1094 30
42 1419 8
701 1515 2
603 545 2
581 191 30
26 667 27
752 101 8
284 460 2
90 1507 5
252 417 27
988 642 30
543 813 15
384 1062 48
377 1199 7
32 770 2
563 233 27
1522 387 8
255 616 2
1045 643 38
1193 311 50
101 1243 7
497 48 2
518 1325 5
1452 1507 1
25 1217 8
155 671 33
1552 412 5
249 393 8
772 32 77
1171 90 8
27 377 8
116 1230 2
569 1550 8
440 1239 2
1166 262 39
914 1035 2
314 1169 2
594 800 8
255 881 3
447 530 2
1350 789 1
1252 116 8
229 450 2
791 315 2
397 1507 5
903 497 2
98 568 7
346 259 8
849 396 30
1302 1070 5
1474 519 2
325 882 2
1329 1448 2
869 1062 6
879 973 2
787 1062 8
1563 855 3
420 739 27
551 78 2
790 808 8
316 39 6
503 681 27
101 129 8
425 808 7
519 1073 2
879 905 2
227 631 15
315 70 2
903 716 8
531 684 2
565 890 30
842 1404 1
182 610 2
303 355 8
870 936 8
255 1609 47
306 101 8
65 908 7
393 1196 2
165 872 2
1193 462 8
510 568 7
1075 651 53
659 147 8
720 910 1
270 872 2
713 1561 2
768 83 8
3 910 5
1301 167 7
485 930 53
26 798 2
864 65 8
841 1029 2
1383 1014 2
1404 753 23
723 890 2
140 1450 2
403 259 8
420 685 8
938 859 2
377 265 8
1516 667 2
22 1446 2
144 1125 8
976 1456 30
233 1298 7
543 1460 41
613 101 8
601 350 7
978 458 30
205 79 77
42 272 8
102 111 6
483 387 8
377 139 3
102 845 1
551 1375 27
408 412 5
721 972 9
1024 479 2
774 1309 2
1296 1548 5
206 101 1
470 383 8
226 575 2
453 254 2
218 540 2
226 471 2
716 147 8
721 904 9
1136 3 8
1079 470 1
77 1418 7
1136 341 3
1035 75 3
420 1162 2
1121 1033 2
540 168 2
416 672 2
850 272 31
222 939 15
995 917 7
1436 233 27
1128 220 2
494 890 33
528 950 33
298 663 8
1391 1325 5
463 584 71
1176 1078 1
494 1491 7
1437 350 33
267 648 27
267 252 27
1304 91 7
261 1140 2
384 1418 7
871 83 8
932 1395 7
1200 808 8
395 1217 8
1506 363 2
475 1418 2
470 377 6
297 859 2
1042 1166 1
471 603 6
102 1203 6
1408 135 2
988 191 30
831 34 12
586 514 2
1041 1309 2
1502 1407 2
582 420 2
337 878 27
1247 1191 12
1197 75 3
40 326 8
470 1376 2
418 642 30
849 117 30
544 1114 21
73 1296 0
449 856 2
449 1252 2
1153 833 8
1446 109 0
225 90 1
323 420 5
851 983 30
274 421 9
1153 1125 8
546 1153 6
1176 355 8
792 1062 7
795 3 8
795 341 3
1166 207 39
1480 554 23
914 980 2
217 393 2
304 1274 10
917 726 2
1450 455 2
226 1495 2
1102 439 57
1160 925 10
670 568 7
898 1230 2
269 412 5
555 221 2
82 255 2
950 573 15
790 65 8
1314 1541 2
233 916 8
789 1581 8
417 938 27
1114 248 12
744 155 1
1563 462 8
743 1374 7
540 796 2
546 1418 7
758 1168 2
557 1217 8
1138 83 8
1447 1329 2
1304 495 7
1337 56 33
112 1062 8
279 1450 27
592 513 50
429 83 2
190 689 2
633 603 6
1075 681 27
1304 787 7
499 858 12
315 114 8
183 903 2
1476 1170 30
514 599 2
417 269 2
177 235 2
65 957 7
1056 543 1
328 104 8
603 894 2
724 202 7
494 1250 2
1084 471 8
1551 1355 4
992 65 8
841 1042 2
1359 441 0
393 1141 2
1304 719 7
1141 856 6
494 523 23
499 732 7
659 92 8
23 309 2
487 1418 7
1459 676 30
1076 584 53
1327 147 8
1475 90 57
592 1377 6
40 730 8
995 1315 5
619 922 2
4 1122 6
1397 1301 7
603 722 2
157 1128 8
447 109 0
1101 669 76
485 979 2
329 1015 36
155 59 8
565 914 2
155 952 33
922 1450 2
233 1243 7
1044 337 38
699 1446 2
701 21 2
951 1581 8
1030 350 2
1028 172 2
240 611 2
678 1376 2
772 605 77
350 877 2
464 841 2
565 1242 2
259 3 8
383 362 30
51 476 30
259 341 3
875 903 6
430 677 2
337 127 27
450 453 2
219 833 2
676 599 2
1460 255 42
1357 590 2
272 325 20
218 485 2
681 1310 8
281 1252 27
1078 1314 5
1239 685 8
976 1480 2
435 1419 8
643 336 6
726 1548 5
1145 101 8
1380 147 20
894 903 2
347 197 8
958 340 5
514 189 27
1303 658 0
416 221 2
906 1004 8
676 823 2
286 174 1
350 806 30
135 1578 5
603 1377 52
931 1070 5
541 393 2
1211 1418 2
317 1212 8
934 432 15
658 44 8
718 441 0
979 1450 2
1035 1118 5
377 136 6
1047 101 26
861 1446 2
860 1062 8
499 491 2
505 1550 8
387 1213 7
684 1578 5
1303 1314 7
147 1121 2
1515 272 2
619 384 3
932 903 6
784 1115 77
183 147 8
213 1325 5
30 551 2
1404 942 33
167 793 8
741 309 14
476 1247 2
377 838 8
227 124 1
554 99 0
829 226 3
318 1325 5
499 22 8
940 753 7
974 1455 30
276 1125 8
450 1253 2
1478 1140 2
1352 1070 2
449 905 2
1025 274 12
1258 882 2
1033 1120 2
592 1396 8
1466 1681 1
1319 1208 0
663 25 5
457 867 2
737 1314 5
1024 1052 2
89 568 1
226 1148 2
672 1133 2
1090 1005 36
747 293 0
1469 1062 7
438 1325 7
1479 536 2
962 658 0
596 974 30
1463 39 8
672 1029 2
681 1112 23
987 1470 2
681 1124 33
1565 882 2
251 453 35
906 1236 8
1308 97 6
727 345 0
872 1077 2
387 743 5
1308 493 6
997 65 7
1443 191 33
681 163 8
1114 113 2
409 148 2
1151 1514 0
641 980 3
1084 25 2
1184 1496 53
1409 1070 2
655 65 8
643 355 8
272 648 2
623 219 2
1216 1581 8
318 374 80
377 1097 7
155 1342 7
69 420 2
721 479 27
1550 627 8
903 958 5
137 568 7
841 231 2
365 619 27
489 726 2
466 856 6
544 642 30
537 755 5
9 1329 1
721 411 27
1084 244 8
568 1402 6
753 1376 15
1256 1252 83
829 808 8
1044 1593 38
108 1624 48
1230 138 25
1039 259 2
808 639 2
28 793 8
925 745 2
125 1024 2
340 1447 7
334 1140 2
913 1035 2
980 922 30
835 102 2
337 111 6
910 1243 7
233 828 7
350 129 8
102 1 6
447 360 2
241 48 7
823 387 8
917 1007 2
1196 1070 5
21 92 8
763 1062 6
229 676 2
383 307 30
1090 1237 36
1188 1170 51
230 309 33
584 183 8
698 147 8
667 1395 7
1450 1424 2
1029 689 2
418 925 1
1297 1355 1
1478 681 2
672 54 2
665 1550 8
555 789 8
70 681 1
524 255 42
1121 235 2
316 265 6
375 915 30
459 685 8
293 815 7
322 147 33
519 1299 2
218 65 8
57 735 6
1570 222 8
1221 603 2
533 272 2
241 315 30
768 377 8
995 848 8
1503 1070 5
1404 702 12
638 663 8
1210 677 7
639 102 2
186 1217 8
1179 1570 7
729 1491 7
1359 1014 0
30 272 2
494 1381 7
1274 353 5
1516 920 1
1080 905 2
26 628 2
147 728 7
507 393 59
1301 685 7
1193 958 3
383 1006 2
1446 270 3
1540 808 8
706 603 6
1148 681 27
89 866 36
259 854 27
577 905 2
860 147 8
829 1395 7
116 1418 7
1033 1133 2
739 793 8
150 609 2
350 1122 2
873 899 5
127 1217 8
1395 1097 7
1024 773 2
1502 901 2
903 685 7
1166 228 8
470 974 2
154 226 3
932 1550 8
1354 1328 2
642 861 30
1358 1004 27
1025 284 33
643 685 6
1252 929 7
952 772 14
540 667 27
69 412 5
894 856 2
89 554 2
1214 293 0
1114 1541 2
1355 297 2
1317 1450 27
101 614 7
930 1252 40
745 1325 5
453 772 2
1304 1327 6
85 910 2
1549 812 1
157 1070 5
853 225 5
91 226 1
420 613 6
996 1491 7
417 140 27
681 381 33
643 1305 6
792 92 7
420 1342 7
21 1376 15
185 172 27
402 568 7
1308 438 6
926 939 15
200 531 2
254 832 5
686 441 66
872 662 2
841 1555 2
827 658 0
1301 1381 7
65 159 7
729 166 2
406 594 7
976 674 2
743 404 7
945 1567 2
867 634 2
359 1070 5
411 1252 2
374 666 12
1099 1128 8
1281 808 6
1404 1291 33
913 609 30
464 1070 5
373 903 52
1227 65 8
382 1070 7
859 104 2
470 603 6
945 1161 7
592 183 6
261 1274 12
514 25 2
485 577 2
814 568 7
1042 619 27
1256 905 83
391 92 8
792 1153 52
255 391 2
1129 910 1
1035 628 2
1133 1395 7
713 1328 2
808 292 2
290 934 5
279 851 50
820 789 8
820 393 8
125 677 2
340 1100 7
1374 390 2
905 914 2
226 1393 2
154 808 8
1037 26 2
363 91 7
309 724 30
913 980 2
1316 813 15
170 1168 71
1570 1213 7
172 412 5
238 1035 2
268 412 5
145 1230 20
1220 377 6
1138 377 8
138 1403 19
698 92 8
69 108 1
905 1138 2
1518 293 0
261 1314 5
770 766 7
626 1070 5
1181 1491 5
540 626 2
1552 1181 7
1446 933 2
281 350 27
1098 274 12
325 553 2
1230 220 2
1078 412 5
486 658 0
751 1608 2
18 1070 5
1114 790 2
438 565 2
83 1449 2
535 499 2
1449 26 2
57 284 6
95 1550 8
507 701 1
1570 167 8
1406 1564 1
859 1196 2
847 1148 7
370 856 20
939 338 5
657 309 33
917 485 30
1314 388 2
381 1418 7
1125 147 8
1221 543 8
789 32 8
736 872 2
417 787 2
1210 663 8
239 101 26
1176 913 1
419 226 3
52 1062 8
865 147 7
273 393 2
721 1052 27
436 309 14
55 808 8
450 1310 5
1475 1004 57
856 958 3
541 309 14
1458 315 30
784 317 77
1084 818 2
1054 856 2
363 891 7
159 226 2
225 1408 1
267 787 7
945 1207 8
1307 1217 8
374 591 2
921 954 7
860 92 8
370 551 2
1252 988 2
543 1235 41
1054 387 8
1362 1496 53
789 743 48
173 642 30
317 75 5
689 829 2
359 1062 8
357 92 8
938 1450 2
362 808 8
1252 524 2
110 686 1
447 933 2
1158 39 8
674 1404 2
1349 750 2
324 609 2
903 504 2
930 905 40
1138 568 7
106 925 2
1252 1207 8
951 32 8
241 1403 19
722 642 30
1001 309 33
672 231 2
915 803 2
286 364 1
442 936 8
882 1122 2
281 978 27
825 1070 5
1496 638 40
420 1333 2
878 1028 2
233 63 8
789 728 8
428 553 2
906 834 8
906 438 8
479 293 0
1444 334 2
387 341 5
372 293 66
83 78 2
905 90 8
303 763 2
699 594 10
995 23 33
828 1114 2
417 1415 2
1314 236 12
274 484 74
527 726 8
747 554 23
1555 514 2
729 1004 27
1179 144 7
499 717 2
267 423 27
66 272 2
115 1424 1
86 147 8
543 765 39
1547 83 8
1035 513 26
419 808 8
66 663 8
148 584 33
309 47 8
195 83 8
171 663 8
601 1217 7
261 200 33
1399 1418 7
176 884 2
536 624 30
315 1194 30
4 269 6
873 830 30
729 335 2
753 286 15
910 139 5
1124 948 15
503 1035 2
551 533 5
729 330 8
385 226 3
841 116 8
374 888 23
117 277 1
1458 286 15
934 307 2
891 1070 5
301 1274 77
672 1031 2
575 701 2
951 728 8
438 1619 7
561 417 2
4 97 6
1374 335 2
238 584 53
259 758 2
458 1395 7
102 1243 7
381 642 30
116 658 2
914 651 53
1156 255 2
337 981 27
1136 433 7
923 1115 2
1145 1419 8
463 450 2
1453 1507 1
1359 910 2
1133 876 7
101 936 8
897 387 7
1364 1230 2
316 1138 6
185 125 27
1140 901 2
238 980 2
1002 684 1
728 1472 5
995 1388 7
519 528 1
642 1243 7
650 1355 2
873 863 7
737 383 41
770 23 7
286 1388 1
286 992 1
322 856 2
420 1565 2
1316 246 1
463 377 8
1439 642 2
228 663 8
507 750 1
1215 663 7
1215 267 7
737 873 2
267 1515 27
1296 1342 7
399 681 27
1459 915 30
83 1389 8
463 987 71
859 1141 2
191 784 14
976 1247 2
1416 191 2
655 291 8
494 1025 2
158 514 2
623 841 2
729 1031 2
1058 1418 7
287 726 2
841 421 2
600 1228 1
1570 44 8
1539 937 8
1404 512 2
934 670 1
865 92 7
1515 1418 2
720 1062 8
278 262 2
72 387 8
45 726 2
939 1381 7
403 83 8
271 872 2
1193 114 8
328 1315 5
1403 433 7
726 59 8
494 848 8
1383 1084 7
1166 782 39
594 487 7
1084 1578 5
26 54 2
980 460 30
611 1403 19
1448 398 30
104 101 26
40 1125 8
982 1225 5
147 533 3
1158 52 8
338 568 7
487 147 8
646 1187 0
1171 42 8
592 881 3
383 917 20
102 606 2
1028 239 2
349 1114 2
1377 663 7
334 1274 12
233 1346 7
1266 90 8
710 83 8
101 258 2
396 919 30
1483 831 2
507 1446 1
903 1236 8
535 1140 2
651 1120 38
1554 293 0
550 992 2
980 189 27
325 1230 2
728 393 5
68 770 2
1351 543 2
643 111 6
681 1377 8
1145 272 8
1497 658 66
1317 980 27
671 377 8
996 1381 7
417 30 27
315 126 2
1023 39 8
535 676 2
390 1564 1
986 584 2
1120 108 8
17 934 15
1128 39 8
1221 387 7
315 855 3
1209 677 7
286 241 1
502 681 27
1289 441 0
910 355 8
398 464 2
420 855 3
750 126 2
784 1101 5
436 950 14
738 20 2
485 779 6
631 1062 7
541 950 14
721 1333 27
642 366 2
1084 444 23
419 65 8
309 1006 44
1551 447 4
829 233 27
982 21 8
702 420 5
147 896 2
679 1325 5
601 870 7
315 451 30
1054 1033 2
1520 1550 8
945 993 2
597 1168 2
315 347 30
33 729 2
259 479 2
1035 1491 7
348 774 2
925 952 33
259 433 7
1339 93 5
459 1342 7
238 409 2
373 532 7
1466 1164 1
439 36 30
88 441 0
335 770 2
910 436 2
880 600 41
774 619 27
915 1152 2
442 848 7
65 958 5
267 985 55
193 363 57
1233 56 1
1485 925 2
643 1203 6
442 1536 7
1040 770 2
1140 112 7
1358 269 2
995 1437 7
555 1252 2
671 974 2
88 701 7
423 514 2
672 804 2
750 93 1
314 78 2
905 1127 8
80 1062 7
1444 615 2
420 1510 2
84 1395 2
540 516 2
372 1062 5
307 1376 2
872 852 2
181 1418 7
846 83 6
880 976 7
253 1070 5
641 26 2
535 92 8
779 197 8
995 596 33
1429 387 7
463 1070 5
1197 1491 7
398 988 2
1443 282 23
393 569 2
543 54 8
1227 291 8
117 1500 30
1215 144 7
726 1342 7
348 741 1
30 1418 2
1230 37 8
90 1472 5
1329 704 35
594 208 7
1459 396 30
1458 309 30
48 125 2
603 150 2
1041 619 27
902 646 5
1230 761 15
485 595 53
276 1137 2
1193 59 8
252 314 27
583 1070 7
594 478 2
540 1152 26
20 619 7
923 1418 7
125 903 2
599 793 8
565 1030 2
1466 1688 1
1039 1217 8
1229 1062 6
1084 1105 0
1166 63 8
1314 1187 0
485 626 8
577 672 2
1035 1078 2
1454 1239 2
450 277 2
903 498 2
207 551 2
164 1314 5
215 167 2
905 1364 2
438 859 2
324 499 2
217 1033 2
270 398 30
1355 1112 23
322 1033 2
563 226 3
995 1292 33
551 475 2
1446 775 12
990 1496 12
1239 743 3
4 160 14
855 1450 2
906 36 8
49 345 0
328 916 8
300 219 2
1081 1550 7
886 291 8
476 596 30
1145 1325 5
611 1376 2
859 1026 2
1502 631 15
315 462 8
1154 1325 5
1291 226 5
974 558 2
974 162 2
524 83 2
306 102 8
1188 102 7
603 1242 2
170 459 7
870 833 8
287 903 2
399 689 2
1475 438 57
31 723 2
108 357 5
558 1170 0
1110 1206 36
23 1345 2
401 1550 8
1326 147 8
582 1418 7
43 387 7
99 393 5
444 934 15
1110 646 5
592 59 7
976 1457 30
818 543 2
1173 1274 12
1130 1197 1
151 808 8
253 1062 8
416 1304 5
272 63 8
382 441 7
64 536 30
1155 838 7
249 1418 8
701 369 2
361 808 8
1136 1342 7
1357 1110 2
1463 1097 7
907 770 2
907 374 2
494 88 3
551 833 7
337 183 27
939 908 8
923 317 2
36 50 14
442 1131 2
349 284 33
800 92 8
426 1236 52
551 1125 7
623 1070 5
337 475 27
272 719 15
1478 1084 2
728 1070 5
697 1403 14
125 147 8
753 1153 6
286 590 1
1180 412 5
234 83 8
1257 46 8
1225 884 48
420 1163 2
563 808 8
1439 240 2
951 1373 21
1357 998 29
1114 893 33
1415 1079 57
35 293 0
782 267 55
284 368 31
322 1238 33
1444 1248 2
647 1035 2
1090 990 37
185 239 27
1561 562 2
183 672 2
1289 1014 0
1114 270 3
195 377 8
945 666 12
1301 1156 7
1563 59 8
543 98 14
1193 1342 7
721 1510 27
831 883 2
147 1177 2
1487 412 5
1400 92 7
269 757 2
309 273 8
913 676 30
292 540 2
737 1086 8
46 1418 7
466 284 6
544 1514 0
701 1036 2
369 729 2
651 620 40
934 560 1
374 1445 2
507 1296 8
1166 1054 7
1183 1084 7
884 1578 5
337 1210 6
191 258 31
1383 682 7
1497 646 7
255 166 2
577 393 2
144 47 8
1472 391 57
392 147 8
701 1393 2
154 291 8
101 368 16
1301 88 3
266 374 2
1028 1148 2
913 651 53
1258 1230 2
1383 259 8
1450 1417 27
1274 342 74
421 272 31
463 676 2
1035 335 2
950 205 14
620 1230 20
542 1002 1
901 1395 7
92 1360 2
674 155 2
282 483 15
209 1070 2
588 393 8
185 1039 27
1338 1358 2
903 42 8
317 320 7
314 1047 2
555 514 2
1451 974 2
111 387 8
1476 1239 30
882 269 2
872 1133 2
1329 1389 8
185 575 27
581 609 30
643 1 6
350 464 14
1570 384 3
243 293 0
1547 568 7
859 1367 2
550 855 3
110 834 19
713 1191 12
1394 1252 27
996 848 8
1080 729 2
401 812 2
610 770 2
642 355 8
255 1258 2
925 99 0
494 36 33
343 412 5
759 65 8
145 1028 2
1496 1590 38
1054 235 2
266 1070 2
1019 1325 5
259 1342 7
359 910 2
151 65 8
1259 1418 7
171 102 8
631 1217 8
923 1641 2
1173 200 33
256 65 8
1502 329 2
255 1581 8
531 851 30
1252 763 2
475 272 2
1035 1381 7
106 476 2
1274 970 74
226 311 31
102 57 6
366 974 2
939 561 8
890 272 31
325 1128 2
899 603 7
267 187 55
457 240 2
912 1035 2
337 128 27
386 1507 5
707 197 8
259 296 8
219 834 2
774 859 2
442 1076 2
350 769 8
1201 135 5
1336 939 7
1158 502 8
215 344 2
1231 917 2
1025 646 8
226 21 2
847 1187 0
97 340 2
125 92 8
762 1395 7
681 1207 8
202 736 2
189 1238 33
230 92 8
769 1024 2
1563 1342 7
1050 293 0
542 292 2
417 256 27
1201 446 1
1210 1197 7
540 114 2
1446 25 2
458 476 29
505 412 5
178 1608 2
424 684 2
977 450 2
874 1550 8
1309 471 2
647 980 2
267 662 27
71 831 2
650 726 2
374 0 0
869 240 2
550 1437 8
147 31 16
269 770 2
981 26 2
876 21 8
403 568 7
945 1287 2
1103 393 8
925 761 15
527 793 8
950 1607 2
1313 789 2
1239 1204 30
290 1217 8
1011 1491 5
960 202 7
297 409 2
274 879 74
337 863 6
1527 1062 8
772 1302 77
945 888 23
1061 446 2
474 1070 2
940 358 7
974 1456 30
4 336 6
1252 1391 2
167 1086 8
1233 350 1
876 1389 5
1193 598 50
246 543 2
392 92 8
701 1338 2
716 101 8
899 939 7
1466 1682 1
575 872 2
584 1227 8
925 118 2
1372 1197 7
1020 1418 8
308 910 5
723 80 8
1319 1105 0
1468 387 7
228 219 2
417 223 26
594 341 3
238 651 53
238 859 2
112 393 2
551 638 27
726 1139 30
447 25 2
221 1121 2
934 743 3
62 1015 36
217 235 2
164 412 5
519 699 1
1483 374 2
905 957 8
1450 693 2
799 663 8
417 488 27
1239 341 3
872 1078 2
539 259 2
503 903 6
350 18 8
1496 1256 5
594 1335 5
1450 625 2
168 485 33
421 255 2
591 1170 0
83 1169 2
289 882 2
409 545 2
1014 825 8
976 334 2
678 915 30
526 255 2
519 1205 64
543 285 2
986 677 38
701 994 5
867 685 8
541 102 8
1084 21 8
277 1418 7
543 671 14
841 988 2
1510 681 27
505 873 2
1239 1335 5
829 882 2
272 1337 2
255 911 2
559 1070 5
374 1371 33
902 476 5
177 108 8
27 1587 38
808 766 7
335 876 5
841 524 2
468 499 2
663 1118 5
259 850 6
247 1181 7
1488 905 2
1245 439 57
1350 1084 1
841 1207 8
140 585 2
273 40 8
1058 147 8
610 980 3
217 1035 2
593 1062 8
1193 1518 50
1163 147 8
237 374 1
91 978 1
681 933 2
1237 1395 7
172 101 26
787 1316 7
102 381 2
925 31 33
1228 1593 1
1006 1168 2
790 1062 7
447 653 2
912 980 2
915 591 2
677 1131 2
1001 1140 2
749 721 1
688 255 2
101 424 8
438 689 2
1106 1140 2
742 568 15
584 80 8
1447 1191 12
653 274 12
995 1518 33
939 42 8
1474 642 2
847 1132 0
689 80 8
769 677 2
543 981 2
1308 1122 6
631 910 1
420 1053 2
1315 543 52
1104 102 2
1232 65 48
559 663 2
902 110 3
1436 1230 2
906 158 8
287 1197 2
37 856 6
551 983 14
300 795 7
921 873 30
304 1181 7
951 507 21
14 550 1
450 724 30
278 1525 2
71 976 33
1079 230 2
370 873 41
398 531 2
159 1231 17
199 1550 8
829 735 6
284 1337 7
619 854 27
603 1364 2
1183 750 7
1461 873 30
485 846 6
679 412 5
30 565 2
1539 75 3
750 270 3
155 602 2
479 1007 2
847 158 8
1183 682 7
1456 485 30
317 991 5
485 1553 2
1459 272 31
1324 267 55
1047 1418 2
584 1503 38
915 266 1
1328 611 35
1219 412 5
770 432 15
1171 1305 8
494 44 8
227 70 1
915 558 1
155 534 2
127 723 2
1402 1217 8
411 1230 20
1114 1132 0
1166 917 8
1036 677 2
899 884 7
344 1296 8
527 1314 5
1193 480 51
259 140 7
160 536 30
104 272 2
454 1062 8
124 147 8
334 950 33
457 808 8
1568 350 2
855 450 30
476 1518 30
727 417 5
1214 1023 1
1355 590 2
1450 930 53
1561 1310 7
808 671 14
974 1480 2
647 619 27
541 1035 2
76 1239 2
1329 888 2
102 21 8
417 829 27
922 642 30
92 390 2
56 596 16
1533 1355 1
986 987 2
1308 43 6
377 3 10
185 69 27
328 63 8
929 1070 5
859 569 2
1381 412 5
1187 1418 7
317 183 8
117 983 30
159 978 2
1404 1292 33
183 789 8
494 745 2
53 684 2
241 1446 1
239 1309 2
684 95 0
23 200 2
256 233 27
849 603 2
32 568 7
627 393 8
181 147 8
604 1357 2
514 21 8
154 882 2
380 1028 2
1357 1554 0
211 1325 5
457 1217 2
252 485 27
586 1033 2
551 881 5
348 1177 2
340 1065 7
491 65 8
255 1080 2
1188 851 50
976 1292 30
1564 523 57
217 980 2
925 1087 2
810 1550 8
1483 723 2
1163 92 8
1140 537 12
813 1296 8
1082 726 30
240 502 2
240 106 2
520 441 0
780 1084 1
322 934 7
102 722 2
681 1375 27
726 3 8
1225 1531 1
640 293 0
417 1525 27
464 1024 2
56 1292 16
1023 1097 7
592 1204 50
547 278 2
1128 1097 7
98 974 2
27 1239 30
622 272 31
191 80 7
102 258 2
613 255 20
1328 741 2
1474 191 2
442 210 2
770 1059 7
653 284 33
66 1024 2
849 1007 2
409 722 2
373 1325 5
1337 867 33
684 1187 0
278 741 1
278 782 2
1160 345 0
1211 1309 2
514 722 2
1372 1472 5
20 1472 5
1156 363 5
1516 178 1
829 284 6
1416 831 2
721 1053 27
35 101 1
1394 978 27
503 476 2
267 88 27
1330 808 8
601 240 2
484 543 1
828 315 2
938 681 27
387 1437 8
856 855 3
369 272 2
719 1062 8
738 63 8
50 187 2
599 950 33
928 1079 2
1461 750 30
677 751 1
718 254 12
909 808 6
30 442 2
498 83 8
259 199 2
1 377 6
766 721 5
446 1244 36
1014 1105 0
1313 309 14
1101 353 5
1448 350 30
135 833 8
1158 796 8
820 1314 8
337 685 6
722 315 30
681 1506 2
1253 1561 2
228 1024 2
259 34 69
689 1122 2
790 1239 7
420 627 6
19 92 8
255 32 8
101 606 2
311 925 1
417 154 27
1035 269 8
124 92 8
934 341 3
676 722 2
761 1395 7
717 1325 5
290 476 5
672 628 2
805 83 8
519 1557 12
551 878 2
595 255 40
1022 265 8
1003 1561 2
1231 1389 7
541 980 2
550 229 33
1570 796 8
92 335 2
1310 1395 7
906 1127 8
625 856 2
1216 852 8
108 116 8
633 485 1
326 92 8
934 1335 5
393 854 27
985 584 2
1197 1315 7
395 1358 2
676 1047 30
658 167 8
636 663 8
485 1127 6
922 519 30
618 1316 7
494 2 2
872 504 2
500 1358 2
285 1128 2
544 309 30
168 976 7
1230 428 55
721 78 27
617 1418 7
862 83 59
972 872 2
1304 159 7
1077 26 2
754 495 8
945 1445 2
439 160 30
438 1314 5
730 976 2
1380 757 2
181 92 8
1348 847 0
340 718 7
729 628 2
1500 609 2
1291 1007 44
838 663 8
272 763 2
586 978 2
1472 562 57
255 728 8
449 1028 2
144 114 8
340 650 7
590 554 2
1479 831 2
1083 278 9
6 789 2
145 102 8
363 433 7
670 808 7
1140 1262 2
485 54 8
849 873 30
789 1046 12
92 1135 2
812 596 14
540 1036 2
1040 1217 8
995 1389 7
593 92 8
212 987 2
144 1154 5
990 721 57
592 357 50
455 609 2
346 272 8
1474 240 2
876 1298 7
374 1214 0
1237 1550 8
789 46 8
1446 1567 2
718 934 15
623 514 2
65 697 7
1114 381 33
1304 959 7
1304 563 7
766 568 7
1223 672 2
737 1166 2
74 1035 2
1252 68 24
292 1011 2
961 1355 1
338 536 30
684 1132 0
82 646 8
357 1070 5
1354 293 0
393 917 2
284 877 2
462 1070 5
841 813 8
1315 568 7
399 409 2
1330 65 8
1173 1446 2
147 269 2
919 1507 1
55 259 2
449 995 1
1407 812 2
1019 412 5
267 33 27
370 565 2
569 101 26
480 831 2
856 462 8
1337 350 55
1500 841 2
281 553 55
278 999 19
1030 882 2
39 1197 2
1233 1496 1
115 174 1
1087 1325 5
867 1190 41
903 914 2
1166 119 8
925 1264 2
220 903 2
564 1345 2
520 1014 0
383 138 30
614 1514 66
1252 762 2
576 1086 8
338 793 7
343 1550 8
696 92 8
1020 101 8
903 1138 2
1333 1395 7
185 1338 27
797 808 8
550 993 2
447 444 23
1496 292 40
672 177 2
1106 1274 12
1554 1023 1
910 424 8
108 129 8
543 1161 7
1010 63 7
1232 291 48
416 393 2
1316 1500 2
27 851 5
1022 502 8
647 651 53
1463 167 8
1445 309 33
1359 925 10
396 596 16
541 565 2
945 0 0
102 1224 30
1164 1070 5
1338 377 8
108 877 5
550 1212 8
409 189 27
856 1163 2
1207 226 3
1516 751 1
1337 83 8
836 1418 2
661 1070 5
285 677 2
267 369 27
982 22 8
1376 1 1
863 147 7
1418 172 7
620 309 2
227 364 1
912 903 6
1455 485 30
553 622 35
163 147 8
1298 1062 7
945 347 33
267 661 27
56 1282 30
1000 1170 0
186 65 8
240 1479 2
259 480 2
592 1199 7
592 1578 3
446 533 5
252 83 27
580 994 1
586 235 2
127 1345 2
1081 393 2
4 111 6
858 92 8
686 1418 7
267 487 8
1174 233 2
295 345 0
1464 441 57
255 277 8
40 47 8
1259 884 2
357 1062 8
4 43 6
128 314 2
646 109 0
344 1418 8
267 986 55
1247 873 33
388 65 8
798 233 27
792 387 7
442 1479 2
1409 866 36
1121 1450 2
663 863 7
221 500 2
545 905 2
667 147 7
0 1070 2
905 737 2
797 1395 7
112 856 2
1340 1314 7
1003 1446 2
185 759 27
254 214 75
396 1292 16
286 938 1
1223 393 2
1022 838 8
189 1395 7
1179 412 5
718 925 10
1308 269 6
250 1325 5
294 1395 7
406 1181 7
406 785 7
1284 412 5
625 1033 2
355 1325 5
903 90 8
499 1359 2
1554 873 33
1304 508 7
86 789 8
519 1135 2
519 739 2
86 393 8
873 1371 2
1223 221 2
543 60 2
74 980 2
390 1314 8
1550 471 8
651 662 38
1199 1197 2
1397 658 0
485 97 6
557 609 51
1090 1111 7
106 117 30
841 763 2
1033 513 26
945 1371 33
594 943 2
740 789 2
627 182 7
273 284 2
1247 1514 0
1388 1418 7
1245 282 57
601 1395 7
1403 46 6
1140 445 0
383 154 2
33 1358 2
1141 101 26
770 1566 5
772 537 5
939 1322 13
536 1094 30
543 781 30
707 905 2
1439 1608 46
1496 1602 38
505 476 2
1028 854 27
594 433 7
155 77 2
1164 1062 8
565 1031 2
56 531 30
1079 98 30
363 656 2
1466 86 1
808 1161 7
1480 191 33
143 101 8
401 519 35
772 326 77
847 683 0
1148 1550 8
1466 378 1
581 1419 8
1110 226 1
1374 805 2
143 789 8
143 393 8
1481 867 33
383 1201 15
1357 1371 33
116 1128 2
442 504 2
104 1418 2
1239 433 7
770 957 7
102 844 2
915 366 2
692 65 8
925 98 33
1155 80 8
552 1314 8
383 428 41
1330 446 1
1252 702 8
83 638 27
362 701 30
1040 83 8
1316 45 5
421 726 2
1001 200 33
726 919 30
284 1081 52
1106 200 33
643 57 6
1093 824 6
330 226 3
513 272 2
1554 282 23
1101 821 75
550 474 2
1216 54 8
872 667 27
183 1252 2
871 1128 8
441 825 8
197 63 8
1128 277 8
650 446 2
1458 185 39
933 568 1
618 1252 2
176 551 2
841 1391 2
197 355 8
873 941 44
1084 716 8
1051 750 57
167 191 2
872 97 8
860 387 8
1237 1176 15
1296 766 59
256 882 2
116 499 21
562 939 15
278 1232 2
1516 1029 2
1338 1070 5
533 663 8
439 154 30
1460 750 30
163 92 8
601 420 7
618 450 7
14 945 1
1257 1161 7
908 808 6
701 834 2
619 59 8
160 377 8
915 0 0
116 1153 6
357 684 2
535 1239 30
227 241 1
1522 102 8
568 891 6
337 875 6
454 910 2
122 1024 2
420 88 5
470 750 2
956 197 8
350 1581 8
20 1062 8
701 662 2
988 115 15
590 147 8
563 882 2
1035 104 2
677 1138 2
314 488 2
348 548 2
1024 1169 2
913 420 2
1035 495 8
1230 1097 7
442 1424 2
1024 1461 2
1419 855 5
1035 787 8
667 92 7
1152 101 8
1257 47 8
978 189 27
917 387 8
1338 726 8
1120 646 8
1239 119 8
221 80 8
302 1114 7
872 798 2
325 92 8
330 808 8
1090 991 37
191 902 44
281 536 2
200 307 2
66 859 2
747 1404 2
350 223 26
398 1330 2
162 499 2
867 743 3
498 568 7
147 1132 7
980 21 8
267 3 7
227 937 1
871 377 8
729 917 8
761 939 15
1424 102 7
866 489 15
1303 393 8
1515 1309 2
1403 32 7
369 1418 2
595 1168 2
883 485 30
796 735 6
689 1310 7
255 563 2
988 485 30
109 293 0
1035 1196 2
741 950 14
1250 1561 2
1464 1014 57
337 1568 27
594 815 8
912 476 2
829 1217 8
1378 102 2
1467 910 1
226 1565 2
791 726 2
684 1656 2
982 324 5
1358 911 2
925 466 2
489 1062 8
591 309 33
240 277 2
723 32 8
823 108 8
420 1377 6
282 880 15
68 101 26
907 83 8
442 449 2
1231 1584 28
316 54 6
598 1239 30
1252 355 8
167 50 14
455 101 7
438 409 2
876 341 1
1408 153 5
905 1305 8
435 793 8
681 201 12
864 1418 7
265 1062 5
420 85 2
882 958 2
420 773 2
284 833 7
350 1578 5
960 1355 1
995 277 8
980 722 2
1184 619 27
1533 447 1
409 497 2
865 387 7
48 434 1
1209 568 7
1090 1392 7
619 1342 7
913 412 5
158 1033 2
393 1097 7
782 915 30
872 88 3
910 958 5
1536 313 52
829 1230 2
1058 672 2
55 147 7
872 42 8
739 191 2
1295 1252 2
55 485 2
255 1213 7
278 1177 2
147 391 2
387 1212 8
472 1395 7
14 494 1
374 367 2
298 1314 5
617 543 2
254 822 74
377 113 2
1265 735 6
191 1179 31
122 677 2
148 1062 8
167 459 8
780 1514 0
227 186 1
915 674 1
155 650 2
1079 671 30
694 1024 2
1382 1570 7
1044 235 38
528 594 10
1245 1079 57
1274 971 74
349 945 2
93 282 57
903 1036 2
1171 957 8
277 1514 0
910 327 2
672 471 2
590 92 8
446 833 7
1162 147 8
856 960 25
1206 432 15
1033 1078 2
337 1131 2
314 638 27
1207 646 5
695 92 8
65 1245 5
442 1077 2
447 1001 2
925 671 33
1035 44 8
450 747 2
1456 284 2
676 893 2
20 147 8
449 102 8
917 40 8
278 920 1
1424 101 26
882 898 2
905 231 2
664 1079 2
108 355 8
744 681 1
1128 626 8
684 1291 14
974 1200 2
658 114 8
303 1295 2
202 1029 2
147 597 41
47 345 0
369 200 30
330 65 8
322 291 8
1337 377 8
221 322 2
420 1396 8
172 108 1
404 805 2
98 1007 44
347 387 8
902 808 8
913 398 30
395 841 2
910 606 35
658 384 3
350 1392 30
859 289 2
168 459 7
981 377 7
183 514 2
856 1384 8
1314 753 23
285 903 2
841 1568 2
1230 203 55
1171 1388 7
1181 1578 7
643 21 8
30 1309 2
721 145 27
316 775 10
450 1236 6
140 26 2
490 1212 8
50 986 2
126 1345 2
604 681 2
928 1086 2
119 50 41
856 1212 8
729 502 8
1496 1584 28
291 75 3
374 1287 2
796 284 6
996 926 15
873 176 45
1496 804 38
383 239 39
476 334 2
255 112 2
336 808 6
882 223 26
309 513 30
840 1403 14
333 1395 7
1266 1305 8
1323 412 5
1140 745 2
934 433 7
302 278 9
442 667 27
1355 1110 2
905 1031 2
226 1510 2
672 1495 2
813 1062 3
934 766 8
1358 1148 2
752 1325 5
476 162 2
913 259 7
189 233 27
1450 986 53
1093 99 0
645 374 1
1102 282 57
1114 579 2
859 693 2
82 202 2
423 1033 2
1128 1213 7
847 109 0
945 1214 0
494 99 0
1289 934 15
459 59 8
1446 666 12
1355 998 29
311 48 7
328 119 8
85 240 2
770 820 8
1061 441 0
1317 420 27
301 808 7
192 1502 2
985 987 2
859 917 2
1316 287 2
555 387 8
738 433 7
928 1070 5
1080 1035 2
573 293 0
847 1161 7
939 1184 6
681 68 24
1477 684 0
603 1133 2
495 1395 7
1496 1604 38
391 514 2
514 833 8
1400 1062 7
158 978 2
1295 905 2
729 1495 2
514 1125 8
284 1340 2
721 773 27
1301 59 7
1570 112 8
1058 221 2
572 1206 36
605 450 2
238 412 5
285 215 8
387 32 7
311 315 30
1313 102 8
392 789 8
606 676 2
380 980 2
882 1578 5
1343 884 5
1176 607 2
978 22 30
348 1525 2
1132 1266 1
306 1325 5
265 663 8
34 553 2
411 1325 5
888 417 5
1328 1005 36
450 468 2
1114 109 0
1135 1345 2
900 233 27
1083 973 9
1028 411 2
179 412 5
905 1555 2
349 494 2
446 824 2
825 147 8
1463 1384 7
221 1004 27
1225 551 48
254 1428 75
463 808 7
1162 92 8
677 736 2
692 291 8
856 1284 21
447 666 12
442 626 2
1253 554 23
812 1291 14
316 627 6
995 189 7
1357 933 2
1020 272 8
112 102 8
664 1128 2
20 92 8
344 101 8
347 108 8
272 168 20
648 1418 8
409 1138 2
25 1070 5
765 1128 8
658 59 8
235 68 24
1446 367 2
1022 277 8
1003 554 23
347 40 8
902 65 8
721 1177 27
841 1243 7
303 880 2
905 1315 5
267 900 27
995 36 33
160 676 2
856 938 2
542 206 39
1555 235 2
867 3 8
636 383 8
629 147 8
291 1457 8
867 341 3
494 118 2
315 983 30
676 1455 30
600 758 2
1460 976 30
341 412 5
727 274 12
135 916 7
1114 484 9
154 255 2
780 315 30
856 1162 2
1193 216 50
1521 102 8
65 90 8
357 514 2
1283 980 3
486 726 2
976 320 19
1561 440 35
519 607 30
867 1335 5
101 730 2
524 584 41
915 1247 1
255 453 2
450 321 6
241 1376 2
1004 808 6
54 934 15
1028 1039 2
235 762 2
126 1217 8
206 1418 2
97 603 6
1008 1550 8
179 948 15
559 1418 7
396 1118 5
655 1418 7
417 898 27
238 701 2
1444 1147 2
550 1000 2
1502 453 34
112 235 2
350 32 8
1496 1270 5
1267 1403 14
759 1070 7
905 804 2
153 1499 57
555 108 8
658 250 7
200 893 2
795 119 8
552 789 8
552 393 8
417 1122 27
377 779 6
380 1230 20
657 789 8
1325 1199 7
1308 336 6
1080 584 53
1507 1504 57
1548 1086 8
66 689 2
950 368 31
921 191 30
524 1230 2
1309 1337 2
770 743 3
979 26 2
883 772 14
765 377 8
620 420 2
176 1301 2
729 1148 2
913 903 30
167 1395 7
603 1078 2
1250 293 0
721 30 27
255 857 2
543 624 30
152 309 2
291 18 8
230 841 41
26 239 2
246 789 2
40 1310 8
252 882 27
988 315 30
340 1066 7
485 475 2
998 658 66
898 1070 5
735 36 8
255 1081 2
170 1238 71
1181 21 8
760 1290 5
594 937 8
218 1418 7
917 976 7
1466 257 1
856 114 8
221 1367 2
468 377 2
56 598 30
143 272 8
395 1070 5
1568 233 27
434 284 6
472 1550 8
1407 519 35
256 226 3
658 1342 7
1480 282 23
228 689 2
447 599 2
674 1070 2
592 809 50
551 611 2
383 546 30
1230 582 2
550 25 2
1304 209 5
383 203 41
903 957 8
487 1304 5
550 713 2
796 226 3
555 1033 2
581 1418 8
867 1332 2
383 1200 15
643 228 6
202 627 2
80 155 7
334 200 33
1316 491 1
442 503 2
1061 1014 0
861 1114 2
641 867 33
295 363 2
273 651 53
721 1122 27
1132 92 8
1215 1304 7
974 334 2
550 244 8
303 429 2
1128 52 8
1274 660 5
303 820 8
303 424 8
367 1015 36
1326 387 8
1283 1191 12
30 219 2
1343 808 14
485 792 6
629 92 8
1047 995 1
929 658 0
634 808 8
1103 226 3
1541 554 2
1296 937 59
1296 650 2
557 1070 5
101 1291 16
1292 272 7
581 1166 1
627 1314 8
475 859 2
28 1395 7
1381 770 2
503 409 2
945 1110 2
956 40 8
154 200 2
700 549 48
673 101 26
138 450 2
1028 1052 2
907 568 7
524 476 30
259 492 2
778 101 26
377 626 8
316 201 10
101 675 2
958 226 3
1141 272 2
442 929 7
684 803 2
701 833 2
988 286 15
218 677 2
738 720 15
962 1014 0
864 1070 5
672 1047 7
1207 476 5
899 726 7
1469 1314 7
1328 1392 7
1093 1399 6
772 331 7
316 908 6
1098 1170 0
901 147 7
518 293 0
307 873 2
324 903 2
193 772 57
792 841 2
408 377 5
284 881 5
45 485 30
1227 1418 7
417 843 27
542 879 2
221 616 2
150 485 30
185 479 27
1226 973 74
1274 1064 5
200 546 2
905 848 8
200 942 2
80 387 7
796 808 8
898 1062 8
1000 309 33
515 550 1
254 801 10
253 441 0
1014 424 8
978 898 2
176 976 7
915 1094 30
1297 447 1
69 83 8
317 129 8
108 1225 5
52 1231 17
684 109 0
191 59 8
876 936 8
636 565 2
1404 246 2
738 1156 8
277 1355 2
981 499 7
603 335 2
474 153 5
729 796 8
1024 1609 47
54 856 2
1103 808 8
150 856 2
1287 1314 2
147 1199 7
543 173 30
584 368 16
227 1004 1
930 1589 38
928 974 7
1454 485 30
619 462 8
1226 376 5
381 903 2
485 128 2
1039 219 2
707 729 2
830 1345 2
24 1114 2
1153 929 7
923 789 2
1079 1525 30
208 315 30
1210 1314 5
1184 108 8
1505 1217 8
808 531 2
982 495 5
341 26 2
220 672 2
851 1448 30
1131 903 2
978 223 26
1128 1449 2
452 1062 8
126 83 8
1022 1213 7
383 199 30
1090 533 5
689 39 8
417 1075 27
786 108 8
1093 320 6
1308 1081 6
1308 685 6
1371 974 29
108 813 8
168 681 27
653 945 2
964 441 0
476 781 30
859 1211 2
1561 1384 7
111 950 14
258 701 30
1314 1226 12
789 47 8
1093 252 6
999 92 8
417 406 2
624 1114 1
9 102 8
199 1217 8
980 497 2
1570 114 8
729 1393 2
155 718 10
519 1483 2
639 750 2
762 808 8
327 284 14
350 539 30
499 596 33
1458 726 30
1153 855 5
634 65 8
197 471 8
1282 1446 1
503 26 2
27 1556 2
1307 1128 8
246 1070 2
756 387 8
945 367 2
442 1152 26
757 765 19
1355 1554 0
780 309 30
730 393 8
1458 950 30
59 92 8
1383 1086 7
1047 1309 2
677 697 1
128 1358 2
511 293 66
772 742 77
714 940 2
464 978 2
1253 1191 12
155 425 2
1035 1495 2
241 974 2
703 1550 8
447 1298 7
1247 1357 2
442 1417 27
1163 1062 8
235 360 2
217 1450 2
1304 1246 5
361 1217 8
1028 533 2
672 596 7
442 415 1
915 813 8
901 92 7
551 1184 2
870 1381 7
325 1150 7
383 1119 30
1101 904 74
420 865 6
170 903 6
501 658 0
732 1502 1
392 1014 0
530 1114 2
620 272 31
286 311 1
722 485 30
80 40 7
796 65 8
441 908 7
409 1364 2
945 81 10
191 1342 7
1014 437 8
1153 47 8
787 101 8
370 1168 41
1056 1325 5
534 1140 2
283 259 31
761 1611 2
563 1217 8
282 184 5
542 756 2
998 646 7
787 393 8
646 471 8
1084 1236 8
1161 1325 5
872 914 2
1502 99 0
406 450 7
960 447 1
183 393 2
398 362 2
641 83 8
607 374 2
543 116 8
1283 441 2
609 1298 7
950 1337 7
276 929 7
228 1314 5
115 1267 1
256 1230 2
267 119 7
610 1070 2
485 638 27
722 856 2
42 1086 8
657 939 15
1041 681 27
40 116 8
770 1335 5
1028 1333 2
729 277 8
337 1327 6
651 1029 40
1166 1108 8
259 773 2
192 974 30
494 167 8
1061 910 2
692 735 6
485 365 2
841 355 8
195 1070 5
374 347 33
1379 701 2
696 789 8
565 300 2
1525 1304 5
1250 554 23
1251 1561 2
558 910 2
681 81 2
934 937 8
563 1230 2
189 735 6
630 1070 5
220 221 2
383 1455 30
381 485 30
1383 272 8
747 1514 0
314 836 2
307 1446 2
459 298 8
941 259 8
233 561 7
464 519 2
1439 1345 2
900 314 2
820 1325 5
581 1062 3
1325 1097 7
441 1577 8
207 905 2
185 1052 27
298 603 6
988 284 2
1069 905 30
555 235 2
1421 980 1
264 568 15
370 420 20
581 726 30
1231 297 8
1098 446 2
99 1086 8
253 1014 0
981 1140 7
1570 59 8
530 363 2
191 241 2
1230 3 8
350 192 30
519 694 7
980 833 8
303 22 8
847 936 7
388 543 2
452 376 5
841 368 2
1061 1314 2
494 1264 2
1198 350 2
611 974 2
149 789 2
1075 26 2
255 979 2
1541 147 8
792 1070 5
374 1439 33
108 23 5
499 753 23
1383 681 2
707 568 7
836 272 2
1302 393 8
259 1401 2
1404 36 33
1496 1603 38
772 1226 5
543 1458 20
435 903 6
1035 1148 2
941 663 8
485 1384 8
1188 974 50
723 1578 3
273 108 8
808 1500 2
1247 568 7
1466 775 1
584 716 8
905 1388 7
677 178 1
396 830 30
681 1001 2
1010 1388 7
258 1446 30
1266 37 8
578 102 8
527 1150 5
789 297 2
276 47 8
1033 798 2
442 63 7
542 436 1
419 1418 7
968 658 0
1450 1493 2
774 872 2
98 1155 7
664 903 2
344 272 8
964 1014 0
551 769 2
206 393 2
420 54 6
291 576 1
713 1514 0
506 603 6
420 829 2
1231 1321 8
789 958 3
168 689 2
393 743 5
420 1121 2
1563 1396 8
1554 191 33
81 284 33
630 1062 8
1200 147 8
398 307 2
1131 987 55
638 1128 8
4 719 15
226 463 30
1295 1496 53
609 893 2
872 98 8
1516 697 1
784 1197 77
843 259 2
609 1243 7
912 412 5
872 390 8
722 1296 8
475 689 2
1054 980 2
32 450 2
928 910 2
144 1384 8
1527 387 8
159 350 2
1561 611 35
581 619 27
22 1345 2
704 873 2
974 781 30
4 57 6
923 387 2
668 135 5
772 1315 77
494 112 8
259 322 2
101 505 2
337 545 27
1176 90 8
543 620 82
442 1493 2
324 1197 2
1418 1491 5
524 651 41
125 514 2
218 903 2
951 958 3
454 1239 2
1478 1446 2
808 421 2
1137 808 7
1466 1695 1
913 83 7
553 985 2
551 1127 7
189 284 6
519 606 30
723 139 3
772 458 1
769 1062 6
1120 1070 7
1266 957 8
45 315 30
420 1525 2
1450 1375 27
1307 1070 5
1237 1217 8
979 101 26
417 673 27
337 769 27
1140 397 2
1181 1000 5
574 987 2
416 1035 2
238 872 2
565 177 2
1152 102 8
790 92 8
550 1567 2
387 533 5
1570 1342 7
519 24 1
313 907 32
1357 25 2
550 444 23
641 729 2
80 1301 7
370 1345 41
145 1325 5
872 1195 2
961 1314 1
1090 833 7
65 296 7
374 1105 0
867 433 7
869 1345 2
221 769 8
1443 309 33
159 735 6
1308 111 6
600 850 6
185 533 27
1304 454 7
377 846 6
872 1482 8
867 411 2
876 766 8
1080 651 53
1544 1217 8
718 1561 2
619 657 2
514 558 2
580 1344 1
297 1217 8
50 1006 2
1230 947 55
1131 1376 15
1076 377 7
1551 1314 4
1081 1035 2
287 514 2
222 910 1
49 274 12
1379 1446 2
278 154 2
554 483 15
350 1124 16
1541 92 8
494 98 33
1039 841 2
1028 1510 2
4 685 6
1477 1502 2
772 775 5
703 757 2
309 861 30
605 102 2
109 1023 1
446 392 36
565 581 2
191 844 31
1141 1418 2
155 18 8
646 683 0
1301 1548 5
584 265 8
681 666 12
1316 59 5
75 412 5
925 824 23
540 1555 2
726 904 9
1023 1310 8
895 1062 8
665 485 2
185 1333 27
437 476 2
167 1502 0
1261 1062 8
1308 1203 6
676 558 2
676 162 2
1046 1490 5
218 147 8
435 1086 8
1031 65 8
377 1187 0
859 1333 2
97 793 8
821 417 5
1447 873 33
872 1381 7
847 1577 7
623 1033 2
1114 888 23
420 769 8
409 498 2
1445 200 33
528 65 8
278 517 1
1221 221 2
631 1314 7
635 499 1
197 743 3
266 1140 2
1285 293 0
951 520 21
1200 92 8
841 1337 2
1210 1128 8
867 119 8
836 1309 2
117 368 30
102 1047 30
505 1217 8
34 1587 38
1264 543 2
721 1121 27
815 1239 2
958 233 27
147 1080 2
604 450 2
64 1239 30
830 200 2
601 658 7
575 314 2
980 1340 30
580 593 1
1312 102 8
205 387 77
723 1125 8
486 446 2
254 1511 74
468 1140 2
350 844 2
584 1120 38
729 167 8
568 837 6
1259 447 2
591 446 2
454 856 2
1510 689 2
1024 1183 2
594 75 3
702 910 7
903 1037 2
108 1298 7
689 898 2
660 721 1
579 982 7
1028 759 2
454 450 7
1193 160 50
551 722 2
798 1230 2
681 1574 2
65 1246 5
442 1078 2
317 1310 7
586 350 2
689 1581 8
484 267 55
417 618 27
812 36 14
416 980 2
1338 677 2
1055 1325 5
548 542 2
390 153 1
995 829 7
135 338 5
1555 651 53
172 568 7
719 441 0
1395 881 5
290 1314 7
995 160 33
165 1516 2
1447 282 23
824 115 15
1080 681 27
1314 1445 2
233 424 8
534 1274 12
1179 677 7
66 409 2
234 1070 5
1274 1063 5
1304 3 7
502 600 2
577 681 27
468 1170 0
601 1062 7
1236 147 8
651 1031 40
1081 584 53
616 1252 2
616 856 2
620 536 2
996 167 8
494 466 2
553 453 35
870 97 8
420 18 8
1311 770 2
841 258 2
689 223 26
603 798 2
272 269 7
530 226 3
255 577 2
291 694 39
161 92 8
550 1214 0
681 1208 0
154 603 2
1193 960 50
899 1301 7
541 412 5
629 772 19
663 388 5
1526 1062 8
494 685 8
912 26 2
217 701 2
993 1475 37
1242 681 27
673 272 2
464 808 8
1314 683 0
240 223 2
205 945 7
468 92 8
231 259 2
1337 1079 2
122 219 2
1232 543 1
368 1550 8
104 1309 2
982 581 1
770 848 7
1138 584 53
900 540 2
439 1391 2
101 90 8
108 588 8
1352 278 2
263 345 0
547 291 2
315 31 2
438 309 7
191 535 2
657 1502 2
390 735 6
973 909 1
1297 1314 1
1014 1583 8
641 568 7
1171 1315 5
218 92 8
936 1070 5
867 1052 2
377 1132 0
363 138 35
692 226 3
1417 1166 1
986 643 38
1084 388 2
895 147 8
151 1418 7
916 1325 5
318 1529 80
1304 631 7
995 119 8
737 1234 2
1052 101 26
724 447 1
847 766 7
1153 338 5
1355 1105 0
689 1578 5
158 233 27
514 1131 2
939 1081 6
1355 1397 0
176 442 2
1540 147 8
285 221 2
603 1030 2
721 774 27
594 728 7
102 596 30
488 1033 2
530 808 8
35 551 2
40 929 7
723 1097 7
1058 514 2
1350 1446 1
656 873 14
630 92 8
1163 514 2
128 841 2
978 23 30
719 387 8
492 609 2
232 812 1
416 1230 20
816 1418 7
377 54 8
594 1389 8
572 1472 37
1047 1376 2
1358 739 27
56 258 30
1252 606 2
1152 1376 2
27 1550 8
1466 605 1
1158 855 3
932 1217 8
219 1141 2
108 1243 7
453 903 2
862 658 0
584 838 8
102 675 2
677 1133 2
1316 236 5
259 581 3
967 658 0
1056 267 55
185 1510 27
980 1364 2
203 873 2
1323 770 2
903 1305 8
584 1586 5
1109 646 68
1101 971 74
1000 1140 2
905 177 2
550 1061 2
1056 412 5
1340 1150 7
823 976 30
543 937 7
541 701 2
1039 1070 5
4 576 14
303 1236 8
1084 236 12
978 722 2
1570 855 3
622 973 58
1459 200 2
863 387 7
534 200 33
524 603 2
102 1292 30
387 1125 7
913 240 30
616 905 2
189 808 8
74 420 2
499 1291 33
369 689 2
294 808 8
870 88 3
374 1009 2
676 1456 30
550 611 34
1341 92 8
284 366 2
61 65 8
53 350 2
737 191 2
870 42 8
471 856 6
30 859 2
273 1035 2
848 701 2
1398 1252 2
158 291 8
255 126 2
601 939 7
101 36 16
1460 873 30
1502 1264 2
1287 254 12
1466 1697 1
1567 1702 1
593 1231 17
642 1224 30
1391 551 2
1251 1404 2
925 425 2
255 454 2
806 812 1
442 1381 7
528 345 0
1133 1062 7
337 667 27
565 471 2
1201 1070 5
922 1007 2
1158 1437 8
20 789 8
125 240 2
1306 1070 5
501 663 8
551 1295 2
1240 226 1
591 200 33
205 494 7
672 1337 2
1483 681 2
551 189 27
359 393 8
789 1443 2
777 1395 7
677 54 2
1310 646 5
1454 284 2
665 83 2
185 139 27
778 905 2
1330 1197 1
789 1112 23
39 1325 5
823 291 8
293 891 7
514 1417 27
719 1014 0
770 37 7
658 1026 3
191 480 2
681 471 8
633 856 6
152 272 31
540 981 2
102 216 2
867 997 2
1438 1217 8
459 297 8
623 235 2
1207 215 7
895 92 8
993 1062 8
588 1325 5
1215 677 7
350 1126 16
404 68 2
1197 3 2
450 1499 10
227 761 15
514 388 2
45 1496 53
847 711 7
836 219 2
317 769 8
153 17 57
182 344 2
1299 945 2
1550 1227 8
1284 873 33
1061 1101 12
259 865 6
1151 1319 21
270 314 2
1540 92 8
1545 808 8
530 65 8
284 890 2
670 1015 36
999 709 77
278 380 2
988 676 30
945 1439 33
582 905 2
25 1418 7
1249 215 5
137 808 7
1238 883 16
251 347 16
582 1296 8
1406 226 3
111 903 52
40 1207 8
399 808 14
340 1359 7
1354 1404 2
4 1203 6
568 39 6
1359 1328 2
95 1153 52
488 514 2
790 681 7
321 903 52
772 858 77
780 1446 1
337 1295 27
155 244 8
1176 1236 8
1321 412 5
808 937 7
350 1125 8
301 313 77
701 206 2
1158 462 8
155 140 8
1372 65 7
934 75 3
478 197 8
317 908 7
770 1129 7
1179 350 71
583 197 8
325 974 7
1474 1345 2
1242 689 2
1090 881 5
162 1070 5
858 225 5
1349 417 2
1315 954 52
852 303 20
606 1239 30
1562 441 0
190 882 2
1247 282 23
1284 1514 0
756 543 1
1247 1296 8
1114 1445 2
350 1455 30
1506 1170 0
85 476 7
1357 444 23
869 200 2
514 1480 2
551 836 2
420 500 2
1570 462 8
884 47 8
729 739 27
1084 1253 2
420 891 8
1099 808 8
273 377 6
267 158 27
1204 808 8
363 88 5
189 65 8
1079 1198 54
1314 579 2
618 1028 2
14 789 1
183 108 8
395 1024 2
449 1325 5
251 1439 16
485 1568 2
176 619 2
500 1024 2
266 1274 12
841 1459 2
334 594 10
1177 729 27
148 1316 7
325 1014 0
726 728 7
1561 1388 61
293 743 3
273 980 2
819 568 7
502 26 2
1047 619 27
183 40 8
604 676 2
1406 417 2
1053 272 2
1109 293 66
934 1 1
155 853 12
642 877 30
240 1200 2
1496 403 38
1028 1053 2
1130 1266 1
524 873 30
21 1033 2
377 627 8
726 1389 8
1119 315 30
127 1358 2
1502 745 2
1472 228 57
135 1127 8
160 1239 30
1170 1575 4
220 1252 2
238 377 7
265 1239 30
1031 200 2
939 685 8
676 1480 2
177 412 5
1166 1156 8
903 1555 2
458 1062 7
485 116 8
1258 1062 8
542 1469 47
1035 172 2
1022 627 8
915 1161 8
1251 554 23
1035 167 8
905 458 2
459 18 8
789 381 33
291 1609 47
1132 789 8
447 209 2
519 591 1
1045 1024 40
286 1055 1
570 663 8
592 23 50
808 1335 5
3 532 8
27 1176 15
716 1325 5
681 25 2
847 0 0
650 1314 2
515 155 1
1196 233 27
945 1105 0
140 1176 5
1439 309 2
191 29 2
995 678 33
309 833 7
772 848 7
515 447 1
922 485 30
978 1295 2
867 942 2
848 1446 2
620 726 2
491 1418 7
519 460 2
1204 1395 7
1445 950 33
139 101 26
1525 393 2
284 611 2
722 1376 2
20 441 0
876 937 8
74 701 2
267 1078 27
1230 119 8
292 677 2
424 226 3
183 1033 2
543 172 8
876 833 8
291 32 8
1207 92 7
1230 722 55
701 1557 1
603 628 2
996 685 8
272 833 2
227 1005 1
1230 483 15
344 1507 1
631 726 8
241 374 1
1055 770 7
101 1623 1
1561 855 5
1193 1082 50
1197 167 8
980 883 30
1160 274 12
1299 1114 2
1266 1491 7
1259 1197 2
144 116 8
646 1214 0
362 92 8
1152 974 2
674 1084 2
900 1230 2
450 359 2
1155 265 8
1114 0 0
876 581 1
240 53 2
645 1357 1
1367 233 27
527 131 67
1140 1160 2
995 1082 33
77 441 0
632 903 1
1239 492 2
1093 321 6
1351 278 2
1535 259 20
1548 1395 7
447 936 8
439 1221 2
338 459 7
1093 613 6
363 724 35
592 1047 50
762 882 2
185 1004 27
295 377 2
1340 393 8
1287 925 10
1136 1389 8
599 594 10
1221 856 2
226 249 8
1550 1243 7
910 90 8
409 1029 2
1437 974 7
199 723 2
952 978 5
551 47 7
466 1472 5
1499 945 10
146 293 0
359 345 0
494 1342 7
84 726 2
933 866 36
372 393 5
302 499 7
859 1436 2
980 1577 8
941 377 6
828 726 2
315 80 8
395 677 2
303 766 8
739 723 2
1552 83 8
500 677 2
1404 160 33
1383 1155 7
514 1253 2
1084 833 8
1084 437 8
117 539 30
266 200 33
267 35 27
1376 63 1
600 649 2
642 424 8
1084 1125 8
727 945 2
543 1094 30
618 905 2
390 226 3
476 1445 2
135 848 8
1403 728 7
1035 854 27
808 1578 7
592 515 2
464 233 27
780 1319 21
470 831 2
609 936 8
267 428 55
279 476 50
1162 387 8
636 1314 5
386 973 9
193 494 57
255 47 8
463 1395 7
1024 958 2
337 661 27
923 795 2
867 883 16
468 200 33
1364 514 2
20 387 8
1166 58 39
374 53 34
348 1324 39
563 603 2
903 766 7
340 261 7
438 1231 7
206 1309 2
942 1239 30
795 1389 8
530 345 0
202 436 1
383 724 30
1521 1325 5
838 1314 5
1217 936 48
1035 112 8
56 160 16
221 166 2
420 1199 7
550 1287 2
1114 1371 33
662 677 2
917 108 8
1231 1377 8
684 671 14
1014 42 8
200 492 2
1014 730 8
867 199 2
1291 948 15
634 284 6
1022 796 8
1173 594 10
396 1315 7
777 1550 8
76 1418 8
499 1025 2
514 942 33
115 573 15
205 284 14
470 856 6
215 533 5
507 1086 8
728 417 2
191 297 8
1450 68 24
606 1507 12
77 387 8
498 726 8
277 1296 8
1081 651 53
944 873 2
377 201 12
408 83 8
603 177 2
252 841 27
915 1105 0
536 1224 30
89 441 0
841 424 8
594 213 2
730 1314 8
33 1024 2
592 1097 7
380 420 2
519 1126 30
519 730 30
723 222 2
259 769 8
543 51 30
678 831 2
1373 1502 2
1176 438 8
259 1457 8
1084 1132 0
1382 267 7
627 1325 5
135 97 8
594 828 8
221 1258 2
31 377 8
1274 397 75
220 514 2
446 264 2
1140 98 33
551 210 2
907 101 2
325 514 2
1021 65 2
446 614 7
1045 272 8
1456 1376 2
1337 808 7
1330 1418 7
185 1053 27
1402 1070 5
1212 568 7
172 1309 2
592 596 50
1450 762 2
1100 363 2
842 1140 1
981 808 6
920 873 14
1231 298 8
1271 658 0
859 1449 2
442 97 8
729 1047 2
194 348 2
1294 441 0
915 355 8
787 1314 8
1550 1125 8
720 646 1
24 658 0
535 684 2
65 1332 7
1216 116 8
147 1124 16
271 101 26
20 1014 0
847 937 7
834 233 27
1283 1070 2
455 485 30
274 41 74
728 1395 7
841 661 2
619 1396 8
197 21 8
1184 651 53
162 1140 2
638 793 8
999 935 77
148 856 2
285 387 8
877 83 8
258 726 2
494 1156 8
894 1325 5
476 1098 2
401 1217 8
239 619 27
491 554 2
565 1393 2
711 1239 2
1037 219 2
701 104 2
701 500 2
266 1084 2
309 432 15
784 398 77
1382 603 7
21 235 2
577 1035 2
1098 441 0
598 1550 8
276 116 8
293 1422 1
1561 1005 36
338 808 7
499 97 8
272 985 55
337 210 27
487 387 8
218 672 2
51 851 30
1028 479 2
259 18 8
1004 284 6
442 798 2
267 597 55
1319 95 0
677 804 2
1522 412 5
1061 925 10
101 97 8
1444 295 2
1090 392 36
1140 62 2
1561 355 7
645 155 1
162 1170 0
550 452 12
186 1418 7
1437 1496 69
200 437 2
1338 689 2
541 872 2
724 1314 1
77 982 7
1062 75 5
458 594 29
1463 114 8
1000 200 33
417 270 27
789 855 3
950 581 5
978 497 2
493 1153 6
1081 681 27
754 163 8
1395 533 5
617 982 7
1084 368 33
1304 119 7
684 0 0
1187 1197 2
479 101 26
183 235 2
945 1009 2
383 1144 2
925 483 15
50 379 2
1127 643 5
388 1418 7
377 530 2
1052 272 2
1496 593 38
1035 739 27
1174 540 2
263 363 2
1284 1355 2
1158 1384 8
117 530 1
944 750 2
162 92 8
819 1419 8
126 1358 2
1502 324 33
1496 921 38
945 21 8
272 1321 55
1259 1191 2
1259 795 2
255 229 2
1251 1191 12
442 1156 7
1252 1405 2
1316 719 15
1561 1237 36
1319 1187 0
681 983 33
28 226 3
934 533 3
489 40 8
154 646 8
1158 1212 8
1466 1696 1
553 986 2
905 648 2
618 910 5
1138 681 27
792 672 2
1474 200 2
859 1375 27
551 1362 2
552 254 12
980 1417 27
459 244 8
219 269 2
569 663 8
1382 144 7
168 903 6
1035 685 8
221 838 8
528 1114 2
1252 21 8
233 1236 8
293 1400 2
185 206 27
519 713 1
582 309 30
1567 363 2
317 716 8
102 90 8
876 1127 8
322 978 3
442 42 8
1304 59 7
363 546 35
147 381 16
47 1418 7
1548 1550 8
292 903 2
766 793 8
1509 282 57
958 442 7
1570 297 8
1223 856 2
162 793 2
1400 387 7
36 723 2
485 336 6
158 303 2
663 512 5
841 606 2
159 233 27
494 1106 2
1436 147 8
1303 646 7
117 1554 1
161 1128 8
618 102 8
1527 101 8
779 603 6
730 226 3
240 347 2
1461 191 30
923 1308 2
527 476 5
471 259 2
1358 1565 2
907 450 2
577 980 2
1024 556 2
499 88 3
1252 722 2
610 1472 5
106 831 2
592 1341 50
450 877 2
218 221 2
628 1070 5
876 324 5
992 1475 37
1483 1084 2
672 533 2
446 837 2
1140 671 33
437 873 2
721 481 9
996 1342 7
1328 991 37
551 1075 2
101 42 8
641 1358 2
191 883 2
647 377 7
396 160 16
281 420 27
971 1516 2
490 1118 5
765 808 7
1317 272 2
185 269 2
681 444 23
1294 1014 0
1314 818 2
1239 937 8
48 1525 2
197 766 8
328 1156 8
789 462 8
1266 1315 5
1084 1127 8
853 973 74
49 1355 2
1040 1070 5
387 75 5
267 1389 7
639 873 2
941 603 6
427 92 8
1407 1062 7
1298 1418 7
922 286 15
297 540 2
852 565 2
1082 251 2
471 284 6
369 409 2
315 704 30
255 1553 2
514 368 33
191 1500 30
790 1070 5
889 856 20
450 506 6
847 172 8
1172 1217 8
54 291 8
255 739 27
135 929 7
259 1224 33
1174 485 2
609 766 8
1348 684 0
956 108 8
322 1325 5
159 291 8
730 808 8
127 841 2
1033 1148 2
160 1403 14
53 393 8
65 1315 5
259 664 2
1561 453 35
677 1549 2
543 325 20
450 438 6
1098 1014 0
1176 36 8
398 911 31
127 1128 8
1367 882 2
903 1388 7
819 1296 8
903 1330 2
681 1575 2
112 420 2
925 77 2
206 1035 2
792 221 2
254 466 75
643 1388 6
966 658 0
619 961 31
267 1315 5
417 911 27
4 1388 14
141 920 9
978 1138 2
176 600 41
144 991 5
1450 360 2
1444 1160 2
550 1409 2
138 1239 30
633 284 6
671 1550 8
1552 568 7
1476 851 30
377 109 0
82 259 8
650 1101 12
1022 626 8
957 1418 7
520 925 2
170 1395 7
1506 658 0
317 265 8
70 450 2
486 441 0
1314 666 12
75 770 2
1447 191 33
872 1037 2
1308 57 6
591 441 0
877 1357 2
83 836 2
168 1550 8
1336 147 7
377 792 6
714 772 16
861 499 2
1390 1561 1
272 239 1
1080 409 2
1301 1396 7
710 1395 7
659 65 8
154 672 2
123 1524 1
45 1028 2
176 1418 2
939 850 6
934 472 1
291 104 2
1197 114 8
499 36 33
991 973 9
48 774 2
1436 92 8
988 396 30
1264 1418 7
27 996 2
543 241 30
205 1308 77
851 1292 30
1302 226 3
28 1217 8
544 1319 21
675 1166 1
309 85 45
1250 1404 2
101 1371 2
1252 375 2
569 1309 2
447 388 2
144 183 8
272 187 55
1220 856 6
653 789 2
172 1166 1
1455 1376 2
652 377 6
1474 377 2
1507 205 19
582 950 30
1305 1070 5
454 101 8
1132 1197 2
546 83 6
202 416 2
459 817 8
515 1314 1
1336 551 7
507 847 0
89 282 2
1215 1197 7
1380 1496 41
1304 1096 7
441 97 8
958 313 5
510 412 5
980 1029 2
736 284 6
543 648 2
446 714 2
143 1325 5
409 804 2
300 426 7
48 741 1
838 393 5
1019 197 8
546 348 7
729 1565 2
1176 704 1
420 616 2
408 568 7
603 1495 2
1563 891 8
1211 681 27
4 241 14
721 843 27
996 1156 8
992 1062 8
404 20 2
877 377 8
273 476 2
622 278 58
747 663 8
603 1031 2
514 1127 8
514 1424 2
836 859 2
139 272 2
4 1327 6
726 890 2
406 259 8
1283 873 33
1540 1128 8
1460 642 30
808 1020 6
525 822 9
1015 813 15
1448 536 30
1461 856 20
958 1239 7
115 311 1
1014 1187 0
980 890 30
1001 441 0
864 147 8
1112 293 0
772 518 77
381 387 8
267 203 55
1466 966 1
712 83 8
1028 773 2
479 251 33
999 200 1
383 671 30
1078 83 8
494 341 3
158 226 3
945 53 34
206 584 53
903 983 2
255 114 8
899 155 7
435 1395 7
903 937 7
1193 106 50
676 1200 2
1047 1007 44
442 628 2
555 1450 2
440 450 2
218 789 8
898 856 2
551 960 2
1266 848 8
437 1446 2
85 1230 2
439 21 2
789 1207 8
255 384 3
311 1376 2
417 168 27
804 663 8
1101 972 74
906 917 8
1337 293 2
84 1197 2
995 1212 8
1014 213 8
221 728 8
1561 523 2
978 1479 2
995 106 33
806 1239 30
1283 1514 0
415 982 7
650 254 12
531 255 2
124 658 66
751 940 2
1533 1314 1
872 685 8
55 1128 2
309 531 2
360 866 36
1284 1357 2
1200 1062 8
267 798 27
499 1292 33
874 83 8
676 1457 30
269 568 7
140 101 26
1045 1166 1
729 855 3
594 46 7
498 793 8
115 1335 1
722 1419 8
1412 226 2
166 259 2
160 600 44
656 191 14
1101 1063 5
978 1340 30
978 944 30
584 381 16
272 1236 8
317 1578 5
192 750 30
360 554 2
1301 341 3
951 1207 8
340 732 7
1148 272 2
271 551 2
1137 1395 7
432 1093 1
278 1324 39
735 98 8
417 152 30
772 666 5
568 1307 6
1225 1266 1
51 102 30
1141 1309 2
880 412 5
1330 1266 1
176 1345 41
903 300 2
796 1230 2
672 1338 2
645 681 1
315 1310 7
1139 240 2
672 1292 7
1114 845 1
687 1581 8
440 974 2
1451 831 2
646 1298 7
439 1337 2
190 255 2
265 1314 5
98 303 7
780 1376 2
1252 148 2
1014 800 7
207 973 2
1114 818 2
185 1120 27
441 42 8
344 108 8
974 68 2
851 1567 1
1550 1004 8
350 724 30
65 815 7
317 838 8
543 588 8
133 135 5
486 1014 0
876 1307 13
867 1389 8
1547 1550 8
1093 265 6
1098 910 2
1446 562 23
127 1070 5
1227 726 2
370 553 41
591 1014 0
729 1510 2
823 948 15
834 735 6
69 729 2
1082 1556 2
1405 233 27
349 1514 0
494 1016 12
83 139 3
1330 147 8
451 976 30
1214 663 8
303 90 8
1403 183 6
1404 264 23
735 502 8
1400 1301 7
706 284 6
729 1437 8
259 1199 7
500 689 2
1383 1563 7
721 616 27
162 200 33
1176 1305 8
499 44 8
1035 1342 7
155 610 2
155 214 2
1460 191 30
26 533 2
1114 520 0
297 65 8
1054 420 2
713 873 33
476 805 2
723 958 3
650 934 15
1028 322 2
479 551 2
921 856 2
1502 118 2
790 974 7
1058 387 8
442 641 2
1026 1252 2
1163 387 8
1328 1244 36
396 606 30
54 1325 5
462 808 8
1340 476 7
1253 873 33
651 1599 38
383 152 30
1316 957 1
1120 259 8
191 1131 7
272 692 55
383 840 30
313 1161 7
1563 1199 7
1296 1225 0
519 1567 1
883 1376 2
307 831 2
762 1230 2
226 206 2
829 1070 5
221 277 8
1080 903 6
1247 191 33
524 221 2
910 42 8
995 51 33
976 1562 2
622 340 1
417 45 27
646 588 8
168 757 2
1197 1342 7
872 239 2
514 667 27
116 303 20
1014 90 8
1406 153 1
499 745 2
293 37 7
973 145 2
1284 568 7
519 521 2
780 726 30
117 199 30
856 1177 2
309 471 8
1183 594 7
226 531 30
186 147 8
159 882 2
729 462 8
259 183 6
313 47 8
374 1247 2
216 1325 5
377 993 2
628 92 8
227 670 1
215 581 5
377 1384 8
25 282 2
435 1157 62
718 1329 2
81 115 15
106 1357 2
1001 1014 0
866 222 15
369 859 2
713 282 23
710 1550 8
248 278 74
102 938 6
713 1296 8
753 934 15
1391 393 2
668 978 1
158 65 8
1176 158 8
1479 102 2
101 527 7
155 1457 8
462 1395 7
726 1392 30
854 101 26
570 1128 8
1457 1507 1
905 423 2
898 1033 2
1232 709 48
698 65 8
770 51 7
1354 550 2
789 993 2
969 99 0
1566 1496 12
233 719 8
646 1243 7
978 1364 2
1568 882 2
217 420 2
185 773 27
1304 298 7
980 231 2
200 840 2
903 172 8
1114 367 2
1037 1070 5
519 879 7
1304 590 7
1463 855 3
70 676 2
821 1564 5
641 459 7
414 326 2
1231 18 8
618 619 27
211 197 8
281 255 27
619 1394 27
729 1163 2
592 1207 5
494 657 2
1304 522 7
502 723 2
834 284 6
216 915 30
216 519 30
977 1550 8
1177 1358 27
1330 92 8
842 1084 1
145 101 1
191 249 8
1177 757 2
485 111 6
704 1345 2
155 823 33
50 1470 2
506 1086 8
841 381 2
829 1062 8
32 808 7
685 1325 5
35 442 2
181 387 8
518 197 8
380 872 2
976 1204 30
1009 1015 36
1042 259 2
750 1094 30
808 1243 7
825 1314 8
980 780 30
650 925 10
673 859 2
128 1024 2
1266 1388 7
772 408 77
419 345 66
102 296 7
430 543 1
124 646 7
1252 497 2
1466 100 1
1479 1418 2
876 495 5
373 197 8
670 1395 7
540 189 27
126 377 8
1474 499 2
442 122 2
1446 858 12
551 116 7
1181 93 5
1252 820 8
1252 424 8
906 119 8
676 334 2
324 514 2
447 833 8
1304 489 6
1210 603 7
416 420 2
1223 1035 2
1124 987 44
80 102 7
409 1030 2
1166 1118 5
886 1062 8
905 63 8
939 1335 5
65 1388 7
934 631 15
303 1127 8
499 2 2
1304 1546 7
980 1479 2
594 1315 7
1051 982 1
267 792 27
499 890 33
244 83 6
450 513 30
1496 1470 2
108 836 5
1080 1550 8
1404 837 23
727 910 2
836 689 2
841 1405 2
1538 92 8
497 1516 2
127 684 2
267 1388 7
843 272 2
95 1170 0
217 412 5
831 958 2
1058 1033 2
119 1418 7
147 460 2
259 1004 27
829 584 33
823 1296 7
1163 1033 2
1258 393 2
1472 242 57
317 384 5
279 873 50
1275 377 7
563 672 2
235 722 2
486 514 2
609 833 8
360 147 8
568 1342 7
841 21 8
1131 1084 21
591 910 2
689 1384 7
316 440 10
1514 1567 4
233 3 7
125 235 2
72 412 5
1102 1498 57
840 851 30
101 1305 8
1358 693 2
315 908 7
218 974 7
1026 514 2
980 70 31
672 890 7
432 519 1
323 974 7
1257 129 8
784 676 7
460 609 2
314 502 2
540 648 2
291 1384 7
240 54 8
213 789 2
1230 1449 2
649 584 2
530 1070 7
185 30 27
183 651 53
318 789 2
905 3 8
307 1404 2
286 605 1
1114 20 2
83 1075 2
789 998 29
108 424 8
399 309 16
185 322 27
1570 1396 8
1355 444 23
1446 491 2
468 1014 0
995 624 33
1236 387 8
62 568 1
1463 462 8
439 471 2
515 789 1
981 514 7
787 291 8
76 1419 8
1239 75 3
279 442 27
531 377 2
1308 228 6
1442 293 2
49 155 2
581 684 30
620 672 2
494 602 2
1309 833 2
814 412 5
49 447 2
641 377 8
1525 235 2
191 298 8
1221 101 8
619 378 2
1183 1563 7
552 1325 5
592 1125 6
486 1314 2
226 1500 30
724 278 7
494 534 2
893 915 30
952 940 2
712 568 7
623 350 2
81 1514 0
350 1567 1
255 1041 2
940 1184 7
450 1305 6
1516 464 2
499 523 23
1460 115 15
1485 1357 2
216 396 30
1025 1101 12
1180 83 8
561 726 2
1472 766 57
1163 350 2
128 677 2
154 1062 8
240 463 2
796 1128 2
1537 65 8
1171 119 8
928 240 2
157 808 8
340 1250 7
1252 150 2
314 1198 2
882 1417 27
350 625 2
29 65 8
925 229 33
1029 200 2
1201 1589 5
219 289 2
905 704 2
982 338 5
135 390 8
221 1213 7
316 136 6
106 155 2
592 1457 50
1252 437 8
880 191 16
1124 568 7
1025 101 8
1338 1395 7
1239 438 2
1025 789 8
1399 1325 5
895 387 8
1487 83 8
540 1568 2
1024 104 2
1081 412 5
202 879 2
1453 770 2
1499 1355 10
550 209 2
519 1061 1
980 804 2
623 735 6
1223 980 2
438 377 7
476 624 30
874 568 7
856 657 21
519 1056 7
126 1070 5
728 735 6
110 917 19
1314 246 2
603 1125 52
976 1160 2
1274 224 5
401 1472 37
847 1298 7
291 971 2
65 937 7
313 1420 8
841 1126 2
972 1516 2
197 90 8
84 276 2
514 929 7
721 618 27
1443 950 33
1079 90 7
1254 1325 5
1437 147 33
1404 821 2
761 1217 8
1562 254 12
980 1127 8
829 974 7
1303 770 7
1077 1358 2
837 603 6
267 341 27
973 35 2
982 390 8
1303 1062 7
527 226 3
137 1395 7
48 1177 2
945 732 7
1306 808 7
869 315 2
1461 315 30
291 502 8
274 771 75
638 1086 8
723 1310 8
445 1514 0
1196 65 8
270 729 2
267 273 27
754 52 8
208 393 5
796 1418 7
1193 53 50
784 795 77
325 441 0
1240 1062 5
581 681 27
362 1062 8
583 789 2
36 83 8
360 92 8
361 1128 8
153 999 19
365 808 8
350 857 2
272 986 55
834 226 3
450 158 6
56 722 30
674 1274 12
238 314 2
1364 856 2
1483 1140 2
1024 1196 2
575 259 2
582 40 8
206 859 2
135 1310 8
489 101 8
226 500 2
684 591 2
1375 272 2
689 911 2
726 1282 30
502 568 15
446 1243 7
563 841 2
447 368 33
1136 32 8
939 868 8
681 189 27
551 1131 2
722 396 30
489 393 8
457 646 8
300 233 27
1087 1475 37
267 743 5
1210 884 7
416 701 2
1184 412 5
293 39 7
330 147 8
233 213 8
343 83 8
1230 1389 8
404 1283 2
1022 54 8
200 730 2
920 191 14
1095 1314 7
1439 200 2
1084 1480 2
995 173 33
1314 1562 2
62 554 2
1177 1024 27
417 563 27
1090 837 2
642 675 2
176 1206 2
399 1345 2
1405 882 2
102 484 9
622 1191 2
754 852 8
419 1062 8
737 723 2
1281 903 6
398 601 2
779 1314 5
519 305 7
774 272 20
543 63 8
867 369 2
527 808 8
1265 1153 6
847 588 8
1081 409 2
1239 1118 5
1085 398 13
770 1246 5
940 837 7
586 543 2
115 1110 1
1517 892 2
831 1135 2
721 159 27
613 1550 8
653 1514 0
1033 854 27
1238 31 16
601 1345 2
934 124 1
52 65 8
40 355 8
1461 286 15
441 1187 0
830 841 2
157 65 8
415 459 5
543 719 15
642 1292 30
1056 532 8
442 1495 2
363 686 7
1316 720 15
266 793 8
235 189 27
505 83 8
792 1033 2
569 1128 8
148 789 8
522 1325 5
215 1451 2
1442 377 1
29 1217 8
1367 1230 2
774 259 2
1140 1447 2
913 377 7
383 813 15
286 483 15
325 856 2
314 1075 2
879 551 2
409 1152 26
769 233 27
1122 272 8
1252 22 8
514 1152 26
402 1395 7
293 959 7
768 1395 7
409 628 2
1304 816 7
1014 908 8
871 808 8
446 434 2
1209 303 7
550 149 8
728 284 6
315 39 8
847 1243 7
1084 401 2
841 675 2
178 940 2
880 1550 8
83 206 54
960 1314 1
721 563 27
1170 1400 2
1570 298 8
471 519 25
1453 980 3
590 441 0
102 781 30
1201 65 7
1304 1040 7
1306 65 7
45 1376 2
45 980 2
853 278 74
512 278 2
544 726 30
841 607 2
345 1528 1
784 120 77
150 1376 2
729 1212 8
1035 1163 2
784 412 77
915 1348 21
1058 235 2
362 684 2
1516 1037 2
393 1389 8
140 272 2
1527 102 8
1163 235 2
164 83 8
551 1417 27
461 1619 2
565 897 7
468 514 2
978 36 30
888 115 15
126 676 2
535 851 30
314 1479 2
575 272 2
595 147 8
56 375 30
940 28 2
259 32 8
110 93 1
761 910 1
625 1325 5
1176 908 8
446 1415 37
1024 849 2
1024 453 2
1485 155 2
1037 92 8
550 558 2
215 768 2
1332 1328 1
438 726 7
218 514 2
673 1309 2
876 1491 7
903 1391 2
1312 412 5
1225 565 48
778 1309 2
761 446 1
1328 833 7
551 1076 2
61 1197 1
1454 1376 2
202 327 1
459 769 8
1098 1101 12
442 1036 2
1125 646 8
437 770 2
1227 1296 8
1035 3 8
777 1217 8
202 1056 2
61 1093 1
459 1457 8
1505 1070 5
902 147 8
651 1598 38
747 1084 2
303 957 8
524 684 2
1050 982 1
417 112 27
1563 32 8
1084 1420 8
880 476 2
731 442 7
642 620 2
117 730 30
872 743 3
995 1156 8
292 221 2
980 97 8
261 1114 2
1128 855 3
398 546 2
111 412 5
267 914 27
527 65 8
398 150 2
676 781 30
108 958 5
945 1247 2
485 1298 7
787 1325 5
337 891 6
536 823 30
294 1217 8
560 658 66
1361 293 0
875 83 8
1383 1570 7
1376 186 1
199 1070 5
22 1314 7
133 226 1
167 723 2
1551 925 4
155 617 2
756 267 55
1052 568 7
115 1055 1
1304 1542 5
479 976 7
241 1516 7
81 286 15
901 866 36
1505 726 8
980 31 30
1284 1296 8
910 690 2
586 420 2
1028 1121 2
316 666 10
506 551 20
284 697 14
284 301 14
221 1045 53
53 396 30
1562 925 10
792 978 2
1364 1033 2
255 462 8
1138 1395 7
590 387 8
825 789 8
825 393 8
849 303 20
849 315 30
1451 259 2
901 554 2
1217 1243 7
435 770 2
910 1305 8
439 369 2
658 728 7
417 912 27
417 516 27
1439 841 2
221 289 2
192 945 2
273 412 5
383 1588 41
1014 957 8
519 263 1
650 1090 2
1014 899 3
279 1028 27
189 1230 2
256 1070 5
418 550 1
1314 1447 2
519 654 7
908 663 8
619 143 62
409 177 2
856 156 15
361 1070 5
1446 1009 2
1219 83 8
1548 808 8
658 1389 8
265 1403 6
1539 1578 3
34 851 5
1084 942 33
1304 297 7
639 191 2
745 1070 2
834 1230 2
172 1419 8
1283 1357 2
145 272 1
226 1330 30
514 401 2
485 661 2
867 937 8
563 1070 5
1084 273 8
259 1315 7
1484 110 1
598 1217 8
914 1358 2
255 1163 2
915 501 21
261 363 2
1516 586 2
1339 1663 5
817 1419 8
259 938 33
1031 1418 7
363 909 2
309 1204 30
140 905 2
22 609 2
1140 1016 12
876 338 5
335 1507 1
928 65 8
287 750 30
140 1296 8
314 1424 2
1176 957 8
350 455 2
699 309 33
1155 437 8
219 911 2
1233 1230 1
841 428 19
1201 1419 5
51 450 30
442 23 7
973 1609 47
450 823 2
1247 1090 2
672 479 2
220 1033 2
454 102 8
624 1355 1
978 1417 27
325 1033 2
125 65 8
447 1009 2
85 603 2
551 625 2
190 603 2
519 1287 1
995 148 7
980 1030 2
1562 1328 2
1114 1562 2
750 1298 7
550 727 2
441 390 8
1304 1389 7
1225 442 48
902 92 8
635 514 1
543 941 2
189 646 8
409 1493 2
116 600 55
1156 446 5
658 18 8
550 53 34
45 619 27
869 609 2
1076 1358 2
995 855 3
641 485 33
1101 610 75
16 780 21
1546 1550 8
980 957 8
1104 750 2
719 83 6
318 259 8
699 658 0
594 1486 7
731 387 7
754 54 8
12 303 20
868 315 2
727 789 2
398 199 2
163 1231 17
35 1309 2
929 735 6
856 163 7
1180 568 7
140 1309 2
1134 658 0
600 46 6
485 1243 7
377 25 2
117 607 30
139 565 2
315 546 30
973 205 19
945 1583 8
273 701 2
151 1062 8
772 1275 77
623 226 3
112 1325 5
256 1062 8
525 1511 9
1252 1364 2
492 903 2
490 32 8
1478 1114 2
701 623 2
338 1395 7
1466 1363 1
1466 967 1
191 881 5
216 272 31
939 433 7
735 1511 9
392 65 8
1251 1070 2
536 596 30
939 766 8
1084 338 5
652 1325 5
620 856 20
524 543 41
1466 899 1
1024 1026 2
347 476 2
1261 102 8
438 1345 2
226 1122 2
855 519 31
1304 1315 5
600 704 35
1566 721 57
208 1217 7
1258 387 8
343 377 8
1082 1176 15
551 961 2
980 241 31
1008 1217 8
563 1062 8
1183 412 5
643 938 6
540 423 2
1471 663 59
872 759 2
499 99 0
417 857 27
1565 856 2
545 1035 2
279 681 27
101 908 8
1444 1106 2
192 494 2
1131 221 2
809 536 30
325 1238 33
1046 754 5
536 675 2
143 293 0
81 476 33
507 102 1
269 1079 2
1297 925 1
1110 92 8
727 1101 12
869 841 2
646 936 8
82 101 8
763 646 8
197 1236 8
503 808 6
872 937 7
279 905 27
737 553 2
409 54 2
1301 1342 7
510 770 2
831 1045 12
272 914 2
514 54 2
263 274 12
45 974 2
1506 910 2
1126 948 15
317 435 8
191 464 14
1480 387 62
377 1445 2
252 221 27
485 210 2
726 1415 2
49 550 2
1176 287 2
841 497 2
21 1450 2
603 641 2
752 197 8
1283 191 33
337 1133 27
1460 286 15
270 272 2
1101 1064 5
290 147 8
713 1357 2
1244 1176 15
719 102 8
155 1581 8
1141 603 6
117 1445 1
363 562 2
1053 1309 2
387 769 8
980 604 30
980 208 30
642 1518 30
603 1198 54
267 1124 55
68 1564 1
340 1025 7
519 1194 30
1354 1070 2
424 272 31
221 930 53
707 1035 2
1253 1357 2
814 1550 8
1271 309 33
1479 450 2
247 1419 8
565 369 2
1442 499 1
1216 1298 7
919 1550 8
417 1553 27
1495 393 2
1272 92 8
1126 259 7
343 568 7
782 551 2
808 936 8
905 433 7
472 1217 8
903 296 8
1025 272 8
957 1290 5
1014 1161 7
1567 274 12
220 978 2
876 1381 7
1208 1502 2
681 833 8
1454 974 2
922 185 39
1316 622 1
649 987 2
992 789 2
560 646 7
447 558 2
279 1309 27
202 654 2
903 228 8
1568 1230 2
185 1121 27
295 494 2
329 554 2
921 950 30
750 1243 7
651 1196 38
1225 387 48
183 1450 2
191 769 8
1128 183 8
1403 252 6
1230 1139 55
922 303 20
959 1197 2
551 596 14
420 166 2
731 40 7
906 63 8
634 147 8
259 1227 6
1176 546 1
721 1081 27
383 292 2
1239 830 30
490 1315 7
346 412 5
609 730 2
159 255 2
606 542 7
374 236 12
350 804 2
1262 1418 7
565 1169 2
982 97 8
601 200 2
476 1562 2
293 1225 0
23 684 2
450 1 6
374 552 2
701 172 2
818 278 2
673 1166 1
151 147 8
1127 1181 7
856 1201 15
53 226 3
322 1153 6
893 272 31
348 58 2
56 893 30
923 120 2
574 600 2
61 658 0
65 1102 5
1364 235 2
232 1024 2
1466 448 1
1258 40 8
447 1307 13
450 1000 2
455 982 7
701 891 8
681 732 7
85 884 2
390 272 31
514 338 5
492 485 30
452 101 8
1496 667 40
769 882 2
420 1362 2
446 1310 7
170 50 71
658 326 7
417 114 27
416 872 2
333 1217 8
101 957 8
420 1258 2
197 957 8
528 274 12
4 883 14
508 412 5
978 1029 2
519 1517 12
880 770 2
905 119 8
545 980 2
1019 83 8
303 792 2
404 1454 2
83 399 2
1424 619 27
979 1309 2
377 0 0
398 840 2
406 568 7
277 1090 2
391 1450 2
867 608 2
156 903 1
173 974 2
221 502 8
519 126 2
859 78 2
1301 891 7
191 18 8
629 387 8
996 59 8
864 393 8
784 1266 77
841 150 2
999 1631 77
1496 765 38
553 241 35
551 958 5
486 254 12
1184 1550 8
1491 1325 5
115 1281 1
1098 925 10
1284 793 7
1055 144 7
32 915 2
32 519 2
591 254 12
623 65 8
255 365 2
594 325 8
713 568 7
1446 53 34
118 1418 7
1055 40 7
701 1196 2
101 1330 2
254 129 7
1238 98 16
536 877 30
1258 1033 2
792 1496 53
713 191 33
457 726 2
542 909 1
454 934 7
543 64 30
1253 568 7
301 1631 77
1564 824 57
1041 26 2
221 979 2
1299 485 30
789 347 33
278 1610 56
220 235 2
516 101 26
592 781 50
980 1152 26
1358 1333 2
108 1236 8
208 83 7
812 160 14
584 1031 40
1446 1303 2
221 911 2
383 880 15
763 954 7
686 387 8
442 183 2
1496 380 40
185 774 27
654 1252 2
646 1577 8
980 628 2
1539 1097 7
759 1252 2
318 1093 80
1502 483 15
1225 40 48
565 347 30
716 412 5
1476 974 30
377 623 6
303 104 8
731 1296 7
1179 1197 7
870 685 8
1084 572 2
76 65 2
35 219 2
179 1296 8
1436 387 8
1296 1199 7
1052 995 1
409 231 2
1304 815 7
1216 129 8
938 309 16
721 1026 27
303 36 8
447 53 34
573 519 1
1475 582 57
1085 1197 13
1061 1328 2
1403 462 7
772 1016 5
692 1153 6
609 675 2
22 903 2
1298 102 7
525 421 9
431 658 0
259 1483 2
393 1169 2
1322 350 14
514 1310 8
642 90 8
988 915 30
554 156 15
750 1455 30
1516 416 2
565 1510 2
26 479 2
1039 514 2
255 1384 8
147 958 3
1274 481 74
411 856 20
287 976 30
1166 881 3
519 1371 30
1179 83 8
808 1577 8
677 656 1
709 183 2
1252 498 2
114 1033 2
1266 119 8
101 287 2
272 706 55
256 92 8
565 1338 2
450 653 2
235 423 2
789 1371 33
1344 663 57
338 1217 7
1232 1418 7
315 223 2
284 573 15
383 820 15
223 609 2
565 1439 30
551 455 2
583 40 8
383 390 30
230 291 8
796 92 8
259 369 3
65 1457 7
632 1093 1
420 136 6
420 911 2
1561 991 37
357 396 30
144 139 5
418 1404 1
1317 905 27
1444 704 2
409 1031 2
591 934 15
312 701 2
1340 646 7
1503 1325 5
1547 1395 7
1014 104 8
1570 769 8
1452 770 2
642 463 2
195 1395 7
1316 1127 1
226 881 3
535 1011 85
153 264 57
420 843 2
658 244 8
1062 88 5
951 657 21
420 838 8
140 1166 1
1536 847 52
267 1457 7
721 1258 27
383 865 2
390 646 8
309 21 8
108 1129 5
601 795 7
1459 485 30
117 437 30
536 598 30
498 689 2
222 4 1
887 1514 0
476 1447 2
603 239 2
1081 83 7
841 90 8
1304 1317 5
646 1477 21
1045 337 38
701 1141 2
390 976 30
125 200 2
83 1417 27
841 22 8
980 98 30
1445 594 10
1155 1583 8
459 1199 7
1035 479 2
213 83 6
582 393 2
457 1062 8
246 278 2
1251 873 33
1335 1418 7
550 1253 2
672 833 2
650 1329 2
303 1491 7
905 1156 8
551 1479 2
689 47 8
772 863 7
233 269 8
654 905 2
540 545 2
1308 297 6
233 957 8
610 393 5
368 701 30
75 568 7
417 979 27
83 1076 2
536 505 2
980 177 2
200 390 2
932 1070 5
1561 1392 7
611 340 1
298 1395 7
1128 1384 8
317 437 8
974 1562 2
1384 412 5
434 147 8
876 848 8
359 1325 5
403 1395 7
988 197 7
240 1491 5
65 706 7
328 249 8
1563 39 8
796 1376 15
1324 551 2
1405 1230 2
281 1239 2
1570 18 8
267 1317 27
25 982 7
48 154 2
119 584 41
485 57 6
514 572 2
718 1191 12
607 1357 2
497 542 2
267 18 7
34 681 38
1251 1514 0
377 1567 2
309 1047 30
536 1518 30
494 443 12
1052 1309 2
543 809 30
27 1168 2
1497 1418 7
148 476 7
1166 756 39
359 274 12
255 938 2
623 1128 20
238 1358 2
258 684 2
192 873 30
117 1567 1
421 315 30
1274 822 74
701 166 2
1238 671 16
340 1251 7
905 1461 2
813 1550 8
978 152 30
418 915 30
1483 873 2
523 441 0
22 676 2
144 355 8
577 701 2
637 755 5
491 147 8
337 1479 27
155 32 8
464 882 2
1466 46 1
1024 569 2
900 677 2
905 1393 2
396 893 30
903 423 2
207 872 2
576 663 8
463 646 7
1137 226 3
696 65 8
551 504 2
1474 841 2
442 464 2
750 1479 2
446 908 7
878 259 2
789 355 8
1211 233 27
1446 1480 2
730 272 31
551 796 2
450 530 2
202 484 2
486 925 10
18 1325 5
996 1396 8
978 231 2
191 604 2
302 514 7
296 1314 7
980 1493 2
441 899 3
823 417 30
48 517 1
974 983 2
873 28 2
616 619 27
557 536 50
291 972 2
759 514 2
1455 65 2
1076 795 7
170 1176 7
170 1217 8
721 911 27
978 455 2
980 1420 8
1330 1062 8
623 233 27
606 377 1
1452 980 3
876 97 8
26 1120 2
864 387 8
890 772 14
1183 485 7
790 441 0
1516 656 1
867 75 3
568 627 6
909 1062 6
1033 1333 2
1187 102 8
270 1418 2
1045 1593 38
450 623 6
974 1204 30
1155 908 8
960 278 7
85 584 41
819 793 8
341 1358 2
539 1239 30
155 728 8
1466 742 1
95 1403 6
919 770 2
951 355 8
978 780 30
1258 235 2
903 1515 2
126 1024 2
240 988 2
652 412 5
458 1418 7
139 663 8
753 417 5
1239 1135 2
303 338 5
568 455 6
939 937 8
454 870 2
992 441 0
447 1480 2
673 619 27
348 972 2
337 504 27
459 1581 8
292 1304 5
778 619 27
312 1446 2
720 1325 5
557 646 7
1037 1128 8
653 1101 12
1153 63 8
825 1325 5
1257 75 8
108 438 8
108 42 8
672 778 2
1214 1217 7
1153 355 8
1035 59 8
68 1176 63
1314 81 10
551 1424 2
532 424 2
1541 441 0
1463 80 8
1084 1445 2
156 1197 1
889 1252 2
418 374 1
1554 950 33
519 82 7
1090 1415 37
1304 189 7
221 796 8
83 958 3
1274 669 76
84 1301 2
658 817 8
303 1305 8
434 92 8
82 272 8
503 1358 2
868 1114 2
499 1264 2
49 789 2
913 309 30
977 1446 2
721 228 27
1082 996 2
1082 600 2
154 393 2
1080 26 2
810 1093 1
278 577 2
939 863 6
790 1419 5
209 1015 36
1496 1283 38
1383 315 7
623 291 8
834 882 2
988 117 30
485 673 2
577 26 2
594 452 2
301 1529 77
155 1315 7
396 112 8
439 638 30
704 772 2
1045 514 38
482 1070 7
1479 689 2
855 1345 30
1283 282 23
699 1140 2
298 646 5
1163 291 8
368 1345 2
980 671 30
910 1388 7
1287 284 33
114 235 2
1232 1296 48
1428 1475 5
1035 1052 2
1328 392 36
295 1170 0
491 92 8
447 401 2
282 1200 15
1357 388 2
905 1338 2
978 70 31
424 1418 7
548 1252 2
1014 936 7
1148 663 8
621 554 5
314 1076 2
435 1217 8
177 101 26
322 1007 2
551 53 2
1253 663 8
790 387 8
82 973 2
102 848 8
718 1514 0
377 1214 0
903 3 8
1014 1305 8
1338 1314 8
997 442 7
27 974 30
1304 817 7
641 1024 2
681 936 8
519 1398 7
976 1106 2
1287 1191 12
85 255 2
303 330 8
291 958 3
938 1153 52
514 537 12
1436 514 2
420 728 8
102 782 30
829 1316 7
841 1364 2
434 1403 14
285 303 2
1323 83 8
643 1420 8
917 412 5
518 789 2
32 1395 7
26 773 2
856 716 8
601 393 7
945 236 12
1009 1206 36
367 568 1
27 1345 2
35 565 2
115 428 1
350 929 7
1238 952 16
241 831 2
667 1070 5
928 476 7
126 677 2
925 1518 2
470 723 2
1466 1083 1
980 1299 30
234 1395 7
276 63 8
1166 269 8
1483 1446 2
350 803 2
523 1014 0
915 675 2
276 355 8
439 1471 7
980 338 5
1304 743 5
337 449 27
1140 77 2
1052 102 8
341 1230 8
206 409 2
346 1550 8
550 1247 2
699 92 8
689 857 2
919 980 3
553 597 2
340 49 7
667 65 7
551 1077 2
1316 1421 1
546 374 1
442 1037 2
856 1200 15
689 852 8
1346 770 2
70 1507 12
1084 1098 2
494 718 10
889 905 2
1444 534 2
417 577 27
978 804 2
416 543 2
238 83 8
424 609 2
334 65 8
974 1160 2
867 91 2
872 411 2
1557 892 2
1006 92 8
551 1291 14
1075 1358 2
140 619 27
915 1224 30
514 1126 33
1200 387 8
401 554 2
292 514 2
980 390 8
619 269 2
179 83 8
1459 315 30
847 97 7
176 1084 2
934 138 1
1199 255 2
1056 551 2
790 1014 0
533 974 30
494 425 2
403 1550 8
139 1309 2
252 337 27
1179 568 7
726 1135 2
1007 724 35
508 1550 8
926 4 1
138 542 7
255 140 2
348 1321 2
934 70 1
701 1367 2
1284 191 33
1193 919 50
1028 1122 2
4 297 6
980 324 30
520 293 0
271 663 8
913 729 2
675 873 2
543 464 82
1500 240 2
193 910 57
1250 1070 2
284 1415 5
417 981 27
551 667 27
337 1077 27
594 324 8
657 945 2
1070 298 5
98 92 7
548 905 2
593 291 8
447 942 33
1343 1314 7
1450 722 2
995 919 33
337 116 2
808 1047 14
550 368 33
314 625 2
13 102 8
189 584 33
1253 282 23
350 47 8
233 787 8
253 1325 5
1093 54 6
328 881 3
450 24 2
665 92 8
973 576 1
438 314 2
628 1033 2
997 387 7
937 1062 5
1065 441 0
550 433 3
1394 101 26
367 866 36
1316 607 2
411 26 2
345 1105 0
655 387 8
252 1033 27
611 831 2
1133 1070 5
350 1152 26
510 1217 8
435 135 5
26 322 2
1475 753 57
787 293 0
1183 83 7
573 982 1
856 265 8
148 651 69
594 733 2
1317 102 8
1053 619 27
347 412 5
160 553 44
377 86 2
367 554 2
241 542 7
841 1236 8
707 1550 8
584 1196 38
565 889 2
543 535 30
350 1417 27
1296 32 8
1028 1004 27
227 159 1
155 326 8
140 568 7
125 1450 2
106 450 2
856 139 3
235 662 2
34 873 2
259 1581 8
1374 1455 2
1372 147 7
1035 1333 2
240 878 2
1139 1345 2
915 620 2
900 903 2
1324 812 1
840 284 14
1155 730 8
1252 961 2
1158 80 8
545 681 27
696 291 8
1029 1011 2
905 1515 2
476 919 30
1247 1086 8
421 543 1
226 391 2
572 808 7
526 543 1
681 1577 8
551 626 2
1120 272 8
442 586 2
658 46 7
1562 1329 2
540 88 2
1015 524 2
458 450 29
1047 50 14
980 1381 7
722 1325 5
295 446 2
766 1395 7
417 126 27
218 387 8
1338 226 3
317 1583 8
1274 801 10
79 183 2
981 584 53
1283 1274 12
1084 579 2
995 64 33
1461 185 39
165 1024 2
1306 1395 7
377 111 6
485 875 6
1084 929 7
388 982 7
929 345 0
270 1024 2
872 648 2
499 466 2
267 172 27
293 533 3
642 957 8
147 1096 2
395 350 2
55 789 8
398 492 2
267 464 27
535 226 3
973 158 2
54 603 2
1183 315 7
1151 293 0
373 404 7
1090 264 2
976 341 3
1403 824 6
738 881 3
592 273 6
470 309 16
148 934 7
381 1007 44
741 284 14
119 1153 6
53 309 2
707 681 27
1296 848 59
546 412 5
858 291 8
115 605 1
110 1131 1
1160 1355 2
565 1471 7
155 1251 2
688 543 1
810 519 1
1259 687 2
873 844 31
565 34 53
102 1388 7
1015 3 62
1319 683 0
543 168 20
1024 1423 2
221 595 53
1357 942 33
594 269 8
401 1070 5
238 729 2
1358 365 2
218 646 7
1570 1199 7
519 277 1
659 1418 7
1117 1550 8
890 1376 2
789 1110 2
980 138 31
722 915 30
1120 1296 8
769 1230 2
1128 1227 8
233 44 8
1176 1315 5
420 1227 6
36 536 30
1225 1197 2
872 1052 2
459 32 8
485 1291 16
145 856 20
330 1062 8
1090 1245 37
979 619 27
997 40 7
1046 755 5
221 626 8
900 147 8
404 1406 2
1317 393 27
289 856 2
810 658 0
863 646 7
309 893 2
650 1328 2
1338 808 8
1223 420 2
747 1274 12
1515 233 27
729 488 2
870 743 3
717 1070 2
1227 387 8
623 882 2
291 1398 39
1296 1315 7
451 642 30
902 450 5
535 808 8
635 92 8
291 384 3
259 136 6
1359 293 0
841 498 2
31 191 2
145 551 2
1329 440 35
252 514 27
259 824 6
4 938 6
271 1309 2
222 658 0
1375 1217 7
681 1477 21
1230 159 20
220 651 53
565 834 2
1230 1284 21
978 31 30
1403 114 7
415 978 5
240 531 2
945 437 8
1025 254 12
726 32 8
1062 881 3
673 872 2
941 793 8
1201 969 5
51 396 30
1474 684 2
1082 1496 41
350 693 2
1304 341 5
584 158 8
646 501 21
565 1058 2
459 728 8
244 102 8
1106 1114 2
584 54 8
203 553 2
102 287 2
856 1578 5
208 873 2
396 960 30
514 445 0
681 1131 2
442 239 2
689 54 8
1450 189 27
191 1135 2
439 897 7
1550 929 7
281 672 27
499 527 67
1317 729 27
185 1122 27
1093 627 6
1252 833 8
1308 1388 6
190 841 2
797 92 8
1376 761 15
1065 1014 0
191 671 2
1128 85 2
450 1094 30
1546 808 8
1128 80 8
303 848 8
82 1418 8
65 1005 7
603 1338 2
1533 925 1
872 296 8
1011 1118 5
147 307 7
35 859 2
119 987 41
318 101 8
1329 139 3
383 981 2
1539 3 8
601 619 7
272 1224 33
839 417 2
796 499 21
856 838 8
872 228 8
377 367 2
391 646 8
191 1392 30
406 102 8
503 729 2
494 18 8
917 903 6
1519 568 7
479 1309 2
1253 1274 12
147 531 7
317 501 5
373 619 2
1272 789 8
601 447 7
1275 494 7
651 416 40
944 191 2
1166 891 8
97 284 6
259 160 2
689 813 7
1028 616 2
551 975 2
199 393 5
199 1564 1
551 929 7
677 1337 2
445 681 2
337 279 27
1480 950 33
450 1001 2
1252 1138 2
383 1255 41
255 68 24
1026 235 2
671 723 2
582 108 8
218 1033 2
1206 222 15
286 394 1
291 714 1
1340 1062 7
108 213 8
424 903 2
286 686 1
991 1496 12
532 199 2
69 681 27
1411 903 1
228 65 8
619 1232 27
540 661 2
978 1030 2
1446 572 2
420 1213 7
144 487 5
404 1455 2
902 1062 8
1323 568 7
1106 363 2
900 92 8
278 1002 1
284 1186 16
565 1118 5
1450 148 2
1292 226 5
624 550 1
108 437 8
1304 256 7
655 1296 8
1110 376 3
852 757 2
1231 80 8
867 213 2
618 681 27
398 737 2
531 494 2
729 829 2
609 1381 7
620 393 2
226 893 30
402 808 8
519 764 64
267 1141 27
1058 1450 2
1329 453 35
535 65 8
831 595 12
267 1037 27
1404 602 2
1163 1450 2
464 272 31
934 364 1
820 4 1
1174 677 2
137 92 7
592 846 6
601 1539 7
607 681 2
340 747 7
1237 658 0
1377 1403 6
1397 770 7
374 1541 2
1458 350 30
1110 974 5
927 1266 1
377 1287 2
915 1160 1
255 762 2
348 714 1
336 1062 6
272 792 2
255 366 2
1176 228 8
631 393 8
841 834 8
841 438 8
602 554 2
451 519 30
117 599 1
584 1482 8
1393 1418 7
1326 412 5
1343 442 5
707 689 2
117 1287 1
1403 59 7
1214 1314 5
1377 65 7
53 915 30
53 519 30
909 757 2
419 441 0
950 697 14
1382 677 7
588 197 8
982 59 5
447 572 2
519 558 1
92 1456 2
1181 1430 5
1024 289 2
592 782 50
450 318 2
1140 443 12
524 115 15
978 241 31
185 739 27
681 388 2
997 681 7
750 907 2
658 559 7
714 950 14
1136 728 8
826 293 0
690 873 14
172 681 27
789 75 8
598 974 30
551 516 2
1252 90 8
1064 441 0
438 540 2
233 1305 8
915 437 8
846 856 6
995 80 8
1104 417 2
530 446 2
191 324 2
1393 101 26
1544 1314 7
862 808 59
988 987 2
980 916 8
657 284 33
1274 3 10
1449 689 2
179 568 7
531 726 2
847 1019 7
1217 424 8
17 1316 15
84 393 2
1383 412 5
454 1325 5
498 1395 7
980 848 8
841 1139 2
559 1325 5
518 663 8
278 292 2
158 1128 2
436 284 14
508 770 2
647 83 8
934 992 1
290 789 8
290 393 8
1461 420 20
1071 465 2
1052 619 27
43 532 7
177 259 8
980 850 30
738 37 8
772 478 77
750 1456 30
485 1076 2
127 350 2
315 437 30
63 92 8
551 1152 26
479 83 6
934 1315 7
1502 425 2
978 208 30
91 658 66
1140 1581 7
373 663 8
805 1395 7
147 855 3
1028 269 2
681 1480 2
1503 646 8
772 702 77
140 1419 8
463 1062 7
1024 229 2
375 1239 30
1555 101 26
1493 393 2
1024 917 2
661 233 27
903 433 7
265 851 30
341 568 7
1001 284 33
905 138 2
290 450 5
902 387 8
584 627 8
315 912 2
890 974 2
551 852 2
722 117 30
1392 1514 0
672 160 7
441 936 7
85 726 2
1093 908 6
28 1070 5
314 168 2
757 1045 53
442 766 7
1357 368 33
458 676 29
641 681 27
792 350 2
158 1153 6
380 856 20
540 210 2
1215 1217 7
642 464 2
897 291 8
108 90 8
995 1396 8
1460 185 39
642 1152 2
524 856 2
303 1030 2
398 390 2
289 350 2
957 1197 2
297 677 2
226 942 30
168 600 2
867 158 2
870 3 8
391 954 7
197 1127 8
870 341 3
1075 795 7
277 1328 2
330 92 8
158 1418 7
259 99 0
419 387 8
399 1358 2
387 1310 7
115 1295 1
244 377 6
166 219 2
759 789 8
1404 151 2
1275 447 7
14 925 1
157 255 2
271 219 2
1098 101 8
829 1238 33
1352 1015 36
446 958 5
698 1418 7
609 1200 2
360 514 2
380 551 2
494 533 3
255 707 2
255 311 2
337 628 27
870 1335 5
1004 1062 6
562 658 0
1356 61 15
263 377 2
255 702 8
594 167 8
485 33 2
155 366 33
1139 200 2
925 610 2
925 214 2
915 1474 2
320 1153 6
315 1567 1
1339 743 5
259 728 8
546 903 6
1114 1348 21
345 1574 2
340 1307 13
855 309 30
485 716 8
756 412 5
882 1375 27
298 735 6
479 102 8
411 101 26
1450 497 2
905 662 2
83 1041 2
719 1325 5
460 903 2
303 1388 7
314 796 2
85 147 2
1451 723 2
1114 732 7
221 857 2
1120 1418 8
1329 1097 7
439 833 2
993 982 7
1176 761 15
1446 1541 2
614 1176 5
63 1197 2
516 1418 2
1317 619 27
519 430 7
185 616 27
185 220 27
519 727 1
69 689 2
860 1418 7
499 1284 2
652 83 7
318 935 80
317 730 8
199 376 3
543 777 2
1239 369 3
724 348 7
211 40 8
600 865 6
1563 728 8
377 1298 7
434 1128 8
433 92 8
514 933 2
865 108 8
270 859 2
862 393 8
856 45 2
261 499 2
108 51 5
154 1033 2
913 92 5
841 719 8
1391 995 1
1184 26 2
1383 663 7
1078 92 8
1465 1509 5
723 877 2
901 1070 5
1225 1475 5
663 818 5
144 424 8
476 1057 2
144 716 8
366 723 2
1251 568 7
515 1514 0
1479 619 27
272 652 55
231 689 2
221 1553 2
450 599 2
1354 1101 12
350 1310 8
1014 1388 7
1352 812 2
883 940 2
1252 1127 8
218 235 2
226 166 2
1138 1217 8
1283 393 5
221 739 27
102 805 2
1217 908 48
942 851 30
677 471 2
551 63 7
595 92 8
867 31 16
1225 974 48
420 857 2
191 1315 7
551 355 7
1215 870 7
1064 1014 0
1247 793 8
307 723 2
210 393 2
85 1062 8
1114 983 33
417 297 27
642 805 2
873 29 2
1328 824 2
419 108 8
647 729 2
291 577 2
1304 1457 7
363 341 5
736 1024 2
859 638 27
1550 1420 8
1156 910 5
324 750 30
852 251 2
869 677 2
117 451 30
419 40 8
872 423 2
737 92 8
285 646 8
573 1093 1
1138 1153 52
267 239 27
856 1069 2
1140 718 10
501 1231 17
1177 226 27
1284 1090 2
843 219 2
42 663 8
928 1230 2
1205 772 19
1299 447 2
1176 1388 7
584 1599 38
841 36 8
494 140 8
255 256 2
459 1213 7
1079 1047 30
1193 347 50
819 1086 8
145 26 2
40 21 8
934 222 8
449 551 2
36 377 8
102 1122 6
267 564 55
575 1309 2
1024 1198 2
348 577 2
1153 424 8
1101 832 5
551 1493 2
101 419 7
255 183 8
1125 1418 7
883 1230 7
800 315 2
681 942 33
1140 425 2
347 940 2
464 200 2
671 1345 2
1258 856 2
282 573 15
1450 150 2
631 939 15
298 284 6
1140 717 2
796 1062 8
177 1309 2
374 445 0
151 441 0
1003 309 33
872 1223 2
58 543 1
439 44 7
447 97 8
406 1155 7
982 260 1
900 219 2
592 208 50
872 1515 2
754 386 1
267 1039 27
651 344 38
318 1419 8
1403 1399 6
641 689 2
701 743 5
1537 1418 7
646 1004 8
867 731 2
460 485 30
1548 1217 8
551 36 14
267 32 7
377 1243 7
502 219 2
1077 677 2
721 625 27
382 1563 7
385 1296 8
777 83 8
934 590 1
290 387 8
155 1046 12
1304 706 7
139 619 27
1174 903 2
833 603 2
873 1267 14
1042 219 2
222 1266 1
1035 829 2
191 539 30
1055 267 7
505 450 2
1035 1121 2
127 240 2
387 149 8
582 1035 2
1152 831 2
135 743 3
1481 1556 2
978 98 30
609 97 8
406 393 5
340 1489 7
1443 594 10
1035 1053 2
255 1207 8
369 1376 30
347 1230 7
912 729 2
272 597 55
282 1201 15
1152 1550 8
1344 554 57
1527 412 5
903 369 2
1333 1418 7
576 568 7
334 1114 2
1114 1351 2
98 1128 7
908 643 7
856 573 15
86 1418 7
544 1550 8
199 684 2
383 269 20
1093 506 6
821 153 5
1328 837 2
872 1455 2
459 435 8
202 430 2
539 240 2
442 743 3
1336 565 7
328 891 8
328 495 8
744 374 1
4 31 14
978 177 2
318 1216 80
494 1199 7
300 882 2
221 114 8
854 973 2
973 1315 7
762 1062 8
130 658 66
1314 89 2
197 37 8
541 83 8
259 1399 6
16 501 21
721 857 27
12 420 20
594 1149 2
49 1314 2
1131 600 55
494 742 23
318 272 8
1301 39 7
956 1550 8
479 377 6
1404 1352 2
1303 1301 7
501 1502 2
363 1384 7
593 1070 7
226 368 30
1237 1070 5
872 3 8
872 341 3
241 499 1
151 387 8
772 1392 77
1191 421 9
476 942 2
1176 937 7
1395 1243 7
256 387 8
393 80 8
276 424 8
836 974 30
605 1446 2
1024 1211 2
91 976 5
396 1139 30
240 1330 2
1526 102 8
446 384 5
159 646 8
220 1450 2
1319 507 0
563 1252 2
563 856 2
460 1496 12
1035 78 2
555 1153 6
699 950 33
1400 1140 5
872 1335 5
551 1042 2
1040 393 8
903 1393 2
808 75 3
1140 32 7
548 278 2
316 1399 6
1258 108 8
701 959 8
438 1358 2
441 766 7
672 1120 2
770 1491 7
951 1348 21
555 1418 7
357 915 30
357 519 30
447 88 3
221 54 8
1439 903 2
790 393 8
1164 1325 5
763 1128 2
447 42 8
519 366 2
141 879 9
978 1493 2
1124 1007 44
435 259 59
880 442 2
52 1418 7
1314 717 2
974 1057 2
1211 92 7
309 1004 8
872 704 2
1550 390 8
1499 155 10
406 240 7
168 1176 7
996 533 3
259 320 6
244 603 6
1499 447 10
293 881 3
642 1305 8
1084 888 23
499 1106 2
945 1541 2
518 102 8
551 338 5
441 1156 5
259 930 69
271 1128 8
519 983 30
841 213 8
907 1395 7
1256 551 83
48 1324 39
914 1024 2
255 829 2
167 1403 14
582 980 2
1039 350 2
290 976 5
982 298 5
609 88 3
925 452 12
1383 485 7
456 1314 7
772 245 77
609 42 8
311 1357 1
337 1078 27
274 1068 5
994 565 57
101 1388 7
763 1153 6
197 1388 7
233 815 7
1035 1389 8
1140 602 2
435 663 59
221 1047 2
226 1367 2
83 929 7
1413 393 5
98 723 2
1126 272 7
1128 1184 2
1326 1181 7
687 1199 8
87 1239 2
1224 770 2
543 675 2
542 35 2
1447 950 33
1216 1243 7
144 1578 5
978 122 2
409 471 2
1553 681 27
1328 714 2
514 471 2
432 92 8
971 1024 2
939 1213 6
1176 1213 7
729 836 2
65 433 7
1025 1325 5
581 808 30
1416 684 2
983 987 44
514 763 2
1550 1310 8
978 54 2
707 412 5
514 775 12
841 914 2
603 1058 2
166 677 2
789 1578 5
270 689 2
841 1305 8
102 624 30
1544 147 8
1055 1304 7
273 831 2
821 1070 2
595 681 38
619 1581 8
297 147 8
1197 1389 8
634 92 8
259 1213 7
701 854 27
505 726 8
739 92 8
476 1283 2
543 1224 30
110 796 1
929 1062 7
701 289 2
1158 149 8
575 219 2
932 808 7
1374 1456 2
978 671 30
701 581 2
1496 82 38
899 182 7
534 345 0
661 735 6
939 828 8
1344 439 57
514 81 10
328 1199 7
674 1446 2
542 690 1
1035 18 8
1252 957 8
789 1439 33
447 929 7
903 942 2
328 1491 7
1187 1325 5
991 721 57
958 1014 0
967 1014 0
291 434 1
147 279 41
619 223 26
1371 65 8
1098 1328 2
951 1578 5
541 729 2
253 293 0
420 979 2
1232 387 48
417 127 27
681 368 33
124 65 8
491 441 0
53 272 31
409 1495 2
1131 553 55
110 1437 19
83 516 2
88 102 7
650 701 2
974 1106 2
489 1325 5
759 1033 2
182 1451 2
993 102 8
750 223 2
324 976 30
867 32 8
322 197 8
945 1262 2
251 1126 16
981 689 2
399 841 2
702 225 5
594 1384 7
731 681 7
385 102 8
446 960 35
1539 59 8
241 1140 1
168 56 33
591 345 0
66 314 2
256 1033 2
913 200 30
584 937 7
147 1384 8
944 315 2
65 119 8
50 564 2
642 960 30
479 619 27
1131 934 15
131 668 67
609 1371 2
139 859 2
729 80 8
315 840 30
833 92 8
1337 939 15
838 808 8
483 1296 8
750 152 30
523 934 15
841 158 8
21 1070 7
1207 1316 5
982 1554 5
101 1109 7
1230 261 21
701 917 2
441 683 0
584 1161 7
594 734 8
1117 412 5
978 1299 30
278 98 14
808 675 2
808 279 2
1137 1062 7
689 1161 7
1100 1170 0
677 1393 2
563 1033 2
1181 88 3
463 200 2
1358 1122 2
369 974 30
468 65 8
245 120 2
1176 172 8
1310 1070 5
900 221 2
719 412 5
185 563 27
519 674 1
917 980 3
1338 882 2
286 1138 1
876 260 1
108 957 8
185 855 27
43 1325 5
442 341 3
148 1325 5
107 663 8
654 973 2
221 627 8
867 1025 2
880 723 2
479 50 70
870 433 7
185 391 27
1014 1575 4
1184 101 26
1296 1384 7
519 497 7
750 455 2
1547 1217 8
847 1135 7
1004 92 8
589 1475 5
847 739 7
395 233 27
1477 658 0
1224 980 3
442 1335 5
926 646 1
562 115 15
1186 793 7
656 950 14
45 872 2
1544 92 8
684 1105 0
1194 1296 8
136 735 52
485 900 2
485 504 2
309 60 44
873 1500 30
789 1105 0
297 92 8
505 676 2
772 198 77
729 1396 8
259 1554 7
543 877 30
772 886 77
491 387 8
543 930 41
23 350 2
350 762 2
642 1315 5
499 341 3
163 226 3
925 1409 2
1466 578 1
1014 1528 1
1421 412 5
235 504 2
143 197 8
102 269 6
1106 345 0
335 681 27
563 350 2
1502 77 2
795 1578 3
941 1086 8
1355 893 33
459 1125 8
233 1388 7
183 412 5
932 726 8
220 980 2
1258 102 8
1044 1252 40
910 178 2
672 322 2
441 743 3
72 568 7
681 1127 8
286 59 1
325 934 7
417 845 1
54 499 21
296 658 0
1210 284 6
311 155 1
1502 1554 0
824 417 5
846 808 6
1539 1342 7
29 1070 5
880 40 2
1063 441 0
541 314 2
535 1114 2
404 1120 2
263 1170 0
823 485 30
806 851 30
1031 147 8
82 1419 8
392 1418 7
551 890 14
1084 537 12
1084 916 8
872 297 8
403 1217 8
213 102 8
1436 1033 2
1399 1181 7
1237 1376 15
30 540 2
1081 314 2
721 1375 27
721 979 27
318 102 8
1341 65 8
479 603 6
1051 996 1
973 104 2
490 47 8
147 938 2
613 663 8
961 348 7
784 1328 77
259 229 2
140 1502 7
1191 113 75
838 65 8
485 1424 2
726 1125 8
1062 1578 3
256 514 2
707 26 2
772 1118 77
586 672 2
1024 1041 2
763 191 30
710 1217 8
1438 1070 5
186 658 66
808 620 2
259 453 2
563 978 2
494 1397 0
546 1357 1
1266 1156 8
1456 831 2
185 112 27
1247 950 33
446 1307 13
1180 847 0
1314 1407 2
795 139 3
1014 813 8
1232 272 48
314 516 2
869 1252 2
540 662 2
551 1492 2
872 998 2
569 793 8
596 226 5
144 384 5
859 148 2
83 693 2
895 65 8
734 1114 2
69 409 2
886 101 8
1144 519 35
74 729 2
309 834 8
624 447 1
317 54 8
495 1418 7
850 476 2
1550 908 8
285 1450 2
729 1122 2
374 1226 12
144 1482 7
726 1384 7
543 883 14
977 1217 8
974 341 3
594 250 7
701 1517 1
1380 1079 2
486 1328 2
1472 1102 1
643 104 8
270 219 2
271 859 2
663 246 5
1376 998 1
1307 65 8
316 858 10
494 881 3
718 873 33
309 1456 30
917 600 2
689 638 27
726 384 3
484 551 2
295 1014 0
40 820 8
40 424 8
933 282 2
278 671 14
170 536 30
1031 1252 2
1062 139 3
233 341 27
287 642 30
1171 75 3
471 92 8
1355 942 33
294 1070 5
1090 958 5
945 1491 5
800 1114 2
1181 1431 5
464 603 2
92 1457 2
147 114 8
83 1493 2
438 609 2
519 1247 1
900 789 8
455 197 7
978 138 31
98 903 7
997 974 7
750 1200 2
1100 446 2
1283 847 0
641 1556 2
718 568 15
532 1120 2
1008 377 8
651 1503 38
1084 246 2
658 1581 8
878 272 2
202 497 2
1308 938 6
311 153 12
878 663 8
1333 1062 8
995 769 8
1570 435 8
722 873 16
541 259 2
759 235 2
468 345 0
153 1205 2
233 743 5
287 945 2
30 485 2
957 393 59
1330 387 8
49 1101 12
606 494 1
528 92 8
259 739 27
1355 1187 0
543 1518 30
944 309 2
638 808 8
902 1316 5
1160 1314 2
1030 1496 53
485 1077 2
1193 1125 8
718 282 23
248 789 2
39 1181 7
377 209 2
923 135 2
524 450 30
64 974 30
1379 102 2
163 65 8
361 459 2
934 384 3
701 411 2
619 32 8
650 293 0
1316 1265 1
1207 450 5
259 2 2
83 1375 27
1035 244 8
681 667 27
1145 663 8
1230 1184 2
1304 1207 5
1104 1114 2
623 1153 6
1357 1480 2
438 795 7
1404 1225 0
272 761 15
409 1393 2
335 689 2
25 1325 5
69 1395 7
1358 256 2
1126 1418 7
1003 1140 2
687 54 8
1357 753 23
789 1001 2
1136 384 3
1137 1217 8
1463 139 3
808 883 14
690 191 14
721 1618 5
4 434 14
643 1122 6
1213 603 6
1084 1562 2
797 1062 8
251 611 35
980 239 2
934 1310 5
46 903 6
321 197 8
267 759 27
934 926 15
189 1062 8
641 409 2
867 159 2
309 779 8
872 479 2
805 284 30
294 1062 8
277 1329 2
1179 808 7
872 433 7
377 1009 2
348 436 1
259 95 6
66 540 2
674 594 10
486 945 2
227 686 1
485 667 27
915 1292 30
1475 1504 57
1550 97 8
847 269 7
263 446 2
592 792 6
736 92 8
127 233 27
1085 120 13
186 387 8
439 823 30
1330 976 29
393 488 2
1110 1316 5
145 442 2
40 437 8
603 533 2
915 1106 1
1259 1274 2
1522 83 8
1028 1258 2
1047 259 2
1251 1274 12
584 344 38
582 651 53
938 219 2
1221 412 5
1045 235 38
238 1024 2
258 350 2
1014 433 7
371 65 8
1128 1131 2
1140 853 12
910 1109 7
1274 821 75
388 387 8
1039 808 8
787 785 7
144 21 8
998 980 1
1035 773 2
1044 1128 8
213 377 6
1144 808 8
314 1553 2
548 973 2
185 1081 27
83 1042 2
108 787 8
873 1131 7
172 1395 7
303 1389 7
1357 401 2
1567 446 2
197 1491 7
228 540 2
552 945 2
789 21 8
551 66 2
70 542 7
1336 681 7
1121 393 2
980 471 2
925 453 34
1499 1314 10
360 441 0
550 163 8
176 1556 2
370 50 41
1008 1070 5
317 627 8
277 1561 2
1210 147 7
1436 235 2
65 896 7
721 577 27
357 272 31
1424 83 7
1176 433 7
555 485 30
934 938 1
399 676 2
0 1531 1
1015 719 15
147 140 2
1355 1132 0
834 584 33
1034 1394 27
898 1325 5
374 512 2
606 772 2
1403 1097 7
928 603 2
309 1341 30
914 681 27
240 722 2
812 777 2
772 1112 77
278 206 39
365 147 8
795 1097 7
1000 345 0
341 1024 2
1291 987 44
344 770 2
951 21 8
349 1090 2
880 950 16
1398 646 8
982 1389 5
77 412 5
1375 65 7
314 1493 2
1446 1509 1
1316 435 5
51 519 30
259 384 3
1252 737 2
738 1315 5
65 994 5
1144 1395 7
915 787 8
551 424 7
550 572 2
1252 1420 8
719 293 0
1247 1550 8
1287 1514 0
409 1338 2
641 1395 7
1328 1243 7
314 114 2
1153 21 8
695 65 8
1116 701 2
534 1114 2
980 1495 2
322 40 8
384 412 5
528 446 2
872 492 2
295 910 2
295 514 2
1542 1314 7
424 726 2
980 1391 2
309 437 2
221 462 8
439 779 7
177 568 7
876 167 8
856 1138 2
472 1070 5
750 97 8
191 1581 8
395 882 2
514 1562 2
226 492 30
1179 65 7
527 147 8
452 1325 5
1468 1014 66
600 183 6
1183 847 7
620 284 2
503 1024 2
557 1325 5
1563 384 3
377 558 2
494 214 2
1062 1097 7
499 534 2
421 267 55
960 348 7
292 235 2
526 267 55
582 681 27
1550 42 8
978 850 30
34 1345 2
584 1600 38
1028 911 2
551 454 5
1185 83 8
61 92 8
252 350 27
915 1447 1
568 1213 6
1176 119 8
162 808 8
393 32 8
631 226 3
972 772 19
40 22 8
1329 1005 36
530 1014 0
1372 551 7
713 793 8
314 1375 27
713 1090 2
689 936 7
20 551 7
925 556 2
1039 65 8
939 835 8
707 476 2
420 779 6
441 1578 7
457 910 2
542 697 1
337 798 27
221 475 2
1090 611 35
900 387 8
1014 211 1
676 1562 2
221 1163 2
286 913 1
1358 829 2
189 974 7
867 508 2
1355 368 33
36 1314 5
1506 345 0
550 381 33
867 800 2
688 267 55
872 1120 2
487 412 5
293 230 7
981 1114 7
620 980 2
642 1388 7
377 875 6
167 1564 1
642 1330 2
83 1310 8
1197 728 48
619 1082 2
16 1477 21
1328 434 2
1207 387 8
584 983 16
614 226 1
534 363 2
26 1004 27
1210 92 7
705 658 0
1394 551 27
1199 1418 7
1084 63 8
861 514 2
996 881 3
1084 360 2
841 1030 2
972 1024 2
454 873 16
333 1070 5
721 126 27
902 226 5
1084 355 8
995 533 3
270 409 2
1404 329 2
939 865 6
1192 101 8
125 1239 2
291 114 8
26 335 2
841 269 8
1475 766 57
784 79 77
1545 147 8
449 101 26
829 856 2
252 978 27
683 1023 1
723 823 2
841 957 8
1035 1122 2
494 1457 8
1329 1237 36
1459 1166 1
476 1003 2
261 377 2
476 607 2
155 47 8
1339 1677 5
365 92 8
751 309 14
387 838 8
808 1474 2
475 259 2
240 307 2
945 213 8
1026 1450 2
1158 265 8
1466 749 1
1466 353 1
737 1239 30
1316 88 5
1131 1450 2
1358 1525 2
446 527 7
646 958 5
1023 1298 7
276 21 8
442 433 7
661 1230 2
1315 757 52
42 750 50
1158 139 3
1328 1415 37
1215 884 7
438 393 7
1232 1252 2
903 662 2
185 1258 27
344 980 3
315 803 2
176 396 41
217 1296 8
546 873 2
770 1156 7
1001 1114 2
322 1496 69
557 1239 50
700 658 66
1084 1160 2
420 320 6
1506 939 15
639 609 2
1570 265 8
874 808 7
484 812 1
995 891 8
441 1575 4
191 838 8
519 31 2
735 792 52
398 281 2
424 1062 8
769 646 8
69 1550 8
603 1510 2
658 32 8
303 916 8
1403 613 6
743 215 7
131 560 67
527 92 8
420 626 8
872 369 2
676 1204 30
267 581 27
1252 338 5
1301 728 7
1395 1307 13
928 884 2
494 1047 33
618 1550 8
42 568 7
606 1345 2
498 226 3
772 997 77
568 470 6
337 850 6
784 1395 77
162 65 8
524 676 30
239 259 2
1351 412 5
568 1199 7
401 147 8
974 1047 30
1448 1239 30
1505 789 8
1505 393 8
490 46 8
101 433 7
301 1140 77
510 83 8
1367 514 2
377 53 34
676 1283 2
575 859 2
535 272 31
1028 1080 2
852 1176 15
1153 766 8
923 585 2
202 690 1
1082 536 30
447 1381 7
1116 1446 2
855 200 30
1024 1436 2
417 647 27
1252 1305 8
265 974 30
258 553 71
550 1541 2
780 831 2
672 1121 2
49 925 10
1561 1002 2
1128 557 2
1066 658 0
833 499 21
770 222 8
1003 1274 12
284 373 52
995 877 33
872 1169 2
872 773 2
330 387 8
102 63 8
374 683 0
168 808 6
417 475 27
1305 735 6
187 584 2
516 1309 2
75 793 8
205 147 8
1216 908 7
750 675 2
1304 428 7
1304 32 7
1570 1581 8
1549 1516 2
847 563 7
847 167 7
1550 292 2
325 291 8
985 729 19
945 1226 12
259 321 6
420 47 8
992 102 8
858 278 74
841 287 2
1268 770 5
1304 360 7
328 37 8
272 298 7
53 726 2
30 233 27
1076 689 2
255 606 2
272 636 2
158 672 2
945 1291 33
259 613 6
154 1028 2
554 61 15
390 1062 8
1110 658 66
1404 670 2
33 882 2
1472 727 57
865 291 8
1303 619 7
514 63 8
470 950 16
360 1033 2
291 59 8
498 808 8
938 841 2
359 550 2
1545 92 8
1373 1418 7
170 987 71
305 872 2
1176 296 8
760 643 5
681 1152 26
476 552 2
1090 960 35
441 1468 1
486 284 33
363 576 2
937 92 8
630 1325 5
939 1116 8
350 1375 27
922 987 2
591 284 33
1140 1359 2
1354 1084 2
213 603 6
1359 1404 2
502 1231 41
197 1389 7
1317 412 5
550 1126 33
322 976 7
646 1381 7
540 1133 2
681 1417 27
102 368 2
1023 1243 7
1337 1062 7
1252 330 8
122 540 2
1232 905 2
1252 231 2
1459 1376 2
887 925 2
135 179 8
185 911 27
1478 377 2
346 770 2
1014 487 7
316 321 6
1114 901 2
438 676 2
1289 568 15
108 1305 8
988 831 2
1154 102 8
70 377 1
572 812 2
1136 796 8
446 742 2
750 929 7
624 1314 1
281 393 27
1021 980 3
915 213 8
850 568 6
643 269 6
1514 1421 1
530 910 2
1209 147 7
49 1328 2
1056 812 1
876 1322 13
619 1655 2
514 1160 2
266 1114 2
729 1525 2
458 485 30
641 1550 8
116 412 5
1177 185 27
84 65 2
1084 933 2
1099 92 8
1176 560 1
792 1325 5
167 65 7
1204 92 8
278 756 2
199 851 30
155 297 2
982 179 8
751 950 14
334 658 0
808 1381 7
1160 1101 12
1561 1578 5
503 450 2
581 101 26
167 376 3
468 1114 2
1039 233 27
276 766 8
259 241 2
227 453 1
475 540 2
338 1062 7
155 958 3
337 68 27
702 884 7
381 50 14
221 638 27
830 398 2
78 101 26
595 387 8
1463 1310 7
684 844 2
259 173 2
442 1052 2
770 1505 7
1024 693 2
738 761 15
551 988 2
450 722 2
420 273 6
85 1316 7
104 259 2
222 393 8
222 789 8
221 365 2
676 1160 2
664 1450 2
647 1024 2
226 289 2
852 348 41
995 1199 7
1338 646 8
995 1578 3
80 532 7
681 753 23
389 934 15
417 128 27
1003 200 33
872 322 2
387 384 5
656 1608 2
979 681 27
1561 879 2
1570 838 8
404 1468 2
83 908 8
1561 833 7
1184 1309 2
205 92 8
450 1047 30
1304 373 7
867 330 2
876 685 8
398 458 2
1314 1351 2
619 1177 27
307 1239 30
976 266 2
852 1166 2
634 789 8
622 1376 2
0 345 0
1261 1325 5
651 541 40
191 32 8
483 568 7
266 363 2
1287 1355 2
735 1437 8
374 1262 2
155 1253 2
729 769 8
259 531 7
1500 255 2
145 905 2
247 1550 8
565 500 2
1172 147 8
1561 139 5
233 433 7
543 595 41
218 1450 2
519 861 30
1479 873 2
48 1610 56
62 441 0
1319 1373 0
314 1036 2
468 363 2
814 1217 8
1166 421 39
1474 350 2
1468 551 7
1232 1084 48
1009 554 2
540 1078 2
900 514 2
905 834 2
229 609 2
108 562 8
381 412 5
541 1358 2
796 789 8
1328 436 2
184 532 57
281 442 27
681 401 2
689 116 8
194 255 2
808 890 14
162 345 0
1093 1 6
1022 1227 8
459 326 8
981 565 11
325 978 3
1446 537 12
1239 167 8
363 1237 36
995 139 3
1081 1358 2
1252 1315 5
447 908 8
599 658 0
1304 605 7
281 1376 2
1065 721 1
278 436 1
315 270 3
1209 92 7
1328 264 2
862 1217 59
348 1469 47
338 974 30
191 728 8
999 65 8
205 1403 14
235 513 26
543 1236 8
463 750 30
455 976 30
643 916 8
711 750 2
278 305 2
945 512 2
934 1005 1
987 311 35
40 1236 8
1024 1375 27
480 873 2
148 987 2
841 787 8
240 893 2
374 579 2
377 424 8
110 54 1
912 1024 2
350 763 2
1313 4 14
241 723 2
1037 350 2
1301 533 3
897 1418 7
1030 1252 2
1475 627 12
272 428 55
551 1037 2
551 641 2
790 934 7
524 102 30
913 1550 7
233 1389 7
761 658 0
649 191 16
915 463 2
1328 1245 37
447 537 12
1252 507 8
1252 804 2
576 1128 8
347 83 8
980 1338 2
1212 1395 7
1000 1114 2
765 1062 7
317 1161 7
1225 750 48
1231 1125 8
681 1420 8
148 293 0
381 948 15
761 1418 7
153 742 57
1526 1325 5
84 1206 2
901 65 7
978 300 2
1439 398 2
1101 481 74
1444 718 2
463 1446 30
928 584 41
83 66 2
768 646 8
586 1304 5
1561 824 2
938 1403 6
1446 1126 33
505 1395 7
409 1337 2
267 479 27
514 1337 2
383 947 2
435 1070 5
83 68 24
1329 59 8
483 982 1
197 848 8
1288 568 7
552 1514 0
167 684 2
267 411 27
313 75 8
1314 622 34
1515 882 2
917 101 26
349 1561 2
632 92 8
359 1355 2
1397 40 7
701 1223 2
160 976 30
1561 311 35
138 772 2
340 705 7
1485 1140 2
1079 823 30
1279 770 2
982 1500 5
337 641 27
337 1037 27
1384 770 2
235 1133 2
819 1550 8
1172 92 8
108 242 7
575 689 2
1090 1388 61
442 891 7
383 1204 30
910 433 7
1472 991 1
255 355 8
314 981 2
1472 1044 12
512 1015 36
1482 1217 8
420 846 6
1084 1111 67
459 47 8
789 637 12
417 769 27
1040 808 8
144 1245 5
447 1126 33
1483 191 2
1128 1075 2
420 1553 2
83 986 53
1446 1262 2
363 453 35
156 1266 1
569 1086 8
594 1548 5
1337 1217 8
398 739 2
1000 363 2
641 757 2
1061 293 0
1220 1403 14
850 873 2
303 167 8
1539 1389 8
309 1127 8
847 685 7
65 324 7
1437 978 3
303 63 8
494 617 2
1230 80 8
611 723 2
841 805 2
1061 1355 2
721 693 27
721 297 27
1162 1418 7
1570 32 8
558 293 0
450 1388 6
72 83 8
152 284 2
954 421 2
1230 1200 15
4 489 6
222 646 1
1391 757 2
901 441 0
20 1418 7
591 974 33
478 1550 8
836 808 8
309 1457 30
259 1500 7
726 47 8
19 1070 7
1322 309 14
1468 1296 7
464 672 2
144 833 8
866 810 15
1250 1274 12
250 1419 8
1120 1507 1
1461 551 82
355 1419 8
140 793 8
235 54 2
1463 908 7
1357 537 12
856 813 15
22 393 8
551 586 2
1090 855 5
457 101 8
437 676 2
889 619 27
391 191 30
814 83 8
1252 848 8
482 197 8
668 646 7
421 872 2
421 476 2
1478 499 2
425 1475 37
919 83 8
326 1070 7
438 856 7
551 122 2
281 619 27
910 119 8
85 450 7
429 1230 2
542 158 2
720 293 0
420 95 6
1429 1418 7
1104 315 2
1394 1418 27
1058 108 1
958 441 0
1221 83 7
411 568 7
1408 1157 62
1101 822 74
102 919 30
1570 728 8
350 861 30
160 200 2
200 112 8
646 97 8
626 672 2
634 387 8
1480 594 10
30 882 2
1216 424 8
739 684 2
399 1024 2
115 961 1
982 743 3
613 568 7
1461 726 30
628 65 8
369 540 2
651 35 40
810 83 1
681 338 5
99 1170 0
1180 1086 8
1302 1062 8
228 1418 7
256 856 2
357 726 2
1166 1398 39
772 1460 77
993 1325 5
281 1168 55
1259 939 2
155 747 2
718 191 33
259 462 8
605 1217 8
154 102 8
447 1562 2
101 942 2
337 586 27
385 1325 5
1140 214 2
266 226 3
449 272 2
235 1078 2
742 1465 5
238 689 2
1355 579 2
905 104 2
1358 325 2
71 1176 15
485 90 8
1357 1445 2
454 884 2
441 1298 7
910 1112 2
914 584 53
1084 81 10
542 854 2
1357 1126 33
307 1140 2
226 911 2
1329 990 37
233 296 8
978 1337 2
880 682 2
1444 1359 2
1197 881 5
796 387 8
1000 284 33
873 796 7
303 1054 7
191 1606 2
468 226 3
945 683 0
140 1150 5
322 393 2
99 92 8
681 390 8
758 584 2
540 504 2
1176 719 15
622 1274 2
273 1358 2
1230 139 3
880 568 7
261 1170 0
281 974 2
528 789 8
1418 68 1
479 412 5
285 1418 7
722 191 16
876 474 7
267 1052 27
535 377 2
1301 1199 7
747 1446 2
395 1230 2
852 996 2
226 840 30
867 452 2
309 1072 8
45 831 2
211 102 8
211 1314 5
376 90 1
841 458 2
543 438 8
48 577 2
150 831 2
1084 179 8
291 298 8
1295 770 2
420 114 8
506 663 8
980 63 8
1303 102 7
263 447 2
101 909 1
255 673 2
155 1443 2
1166 1097 7
475 1358 2
1141 233 27
40 438 8
619 1125 8
155 1112 23
309 999 14
1537 197 8
836 65 8
271 409 2
1166 1389 7
1556 960 35
1193 47 8
670 866 36
138 1345 2
729 891 8
620 950 14
144 90 8
1184 83 8
1500 377 2
672 513 26
518 1314 5
42 642 50
932 393 8
1374 208 2
229 903 2
261 92 8
397 1564 5
910 1448 2
266 808 8
135 22 8
1466 469 1
584 569 38
1446 445 0
1217 1381 7
420 1127 6
1084 1392 67
592 80 8
681 1291 33
912 450 2
787 682 7
1145 377 8
202 178 1
1454 831 2
459 958 3
217 729 2
1035 1457 8
873 1470 2
810 92 8
362 396 30
676 307 2
418 1084 1
762 856 2
373 1314 5
263 441 0
1552 1395 7
446 517 2
1450 1479 2
1128 45 2
661 882 2
1457 770 2
1328 908 7
551 21 7
187 987 2
1458 600 2
1446 36 33
110 189 19
1415 439 57
768 978 3
1211 1230 2
837 735 6
287 1355 2
582 412 5
393 1207 7
55 303 2
535 609 2
183 1239 2
721 938 27
1258 1325 5
303 641 2
65 1293 7
535 519 85
833 974 7
1114 622 34
1230 1616 55
858 973 74
399 677 2
829 934 7
494 1581 8
1015 720 15
391 903 2
958 750 7
272 1389 7
1174 1252 2
503 689 2
910 389 36
759 108 8
419 1014 66
657 286 15
539 974 30
1404 742 23
1200 65 8
682 1482 7
1037 540 2
619 46 8
1144 735 6
1305 65 8
226 381 30
447 445 0
1296 685 59
308 393 5
110 193 5
800 1418 7
524 396 30
393 139 3
329 441 0
1304 533 5
101 199 2
1519 793 8
425 441 0
337 239 27
276 833 8
1029 1252 2
244 1086 8
235 335 2
750 338 5
364 92 8
991 565 57
1466 1097 1
1401 789 8
1401 393 8
1028 112 2
676 1003 2
681 1381 7
1008 1024 2
1319 520 0
677 833 2
856 606 25
1140 1047 33
1153 90 8
551 763 2
450 893 2
383 1094 30
323 551 7
858 376 5
1116 770 2
416 729 2
1045 255 40
447 36 33
667 808 59
530 1101 12
397 417 5
441 487 7
548 291 2
642 433 7
1328 848 7
191 1213 7
872 889 2
408 1395 7
420 1047 2
83 292 2
1067 658 0
1395 958 5
806 974 30
636 485 2
267 1393 27
667 1230 20
1090 63 7
945 1388 7
1563 47 8
176 770 2
1090 355 7
406 1086 8
706 1062 6
722 831 2
377 1247 2
1551 1404 4
1081 729 2
115 1138 1
1376 957 1
52 197 8
499 443 12
147 1457 2
158 387 8
601 1035 7
590 543 2
159 672 2
876 1500 5
1458 568 15
155 381 33
701 1449 2
48 58 2
701 1053 2
713 1550 8
519 704 30
923 709 2
259 265 6
841 330 8
544 350 30
772 1637 77
24 254 12
735 297 8
1061 554 23
233 312 7
450 1210 6
594 114 8
1350 499 1
1252 1388 7
528 441 0
582 701 2
887 1319 21
808 451 2
266 65 8
337 1555 27
713 1086 8
42 191 50
1128 1077 2
1206 810 15
581 272 2
1358 898 2
1481 1176 7
359 197 8
282 179 15
251 961 35
42 519 50
1253 1086 8
657 1355 2
774 219 2
387 855 5
905 1396 8
220 420 2
111 83 8
1136 958 3
681 572 2
199 350 2
516 619 27
229 485 30
1239 384 3
872 1121 2
176 1570 2
147 60 41
182 216 2
540 1077 2
277 1191 12
267 1333 27
1198 393 2
322 251 33
350 68 24
135 1335 5
1570 326 8
837 284 6
875 1550 8
269 1395 7
1314 151 2
867 728 8
1259 412 5
628 233 27
179 793 8
750 1310 8
1457 980 3
841 1031 2
267 326 7
162 1114 2
870 766 8
572 519 35
729 1199 7
393 1125 8
173 476 2
446 53 35
872 75 3
1087 102 8
32 1062 7
909 684 1
958 1033 2
261 446 2
154 980 2
727 755 59
1275 1314 7
939 1199 7
1448 284 30
752 663 8
374 62 2
701 78 2
380 1418 2
945 579 2
939 1491 7
300 873 30
80 1325 5
978 460 30
421 915 30
1537 1062 8
1144 284 6
703 1079 2
337 1495 27
1460 551 82
1041 219 2
276 90 8
256 350 2
3 1150 7
1216 958 5
447 1160 2
210 681 27
779 856 6
982 1335 5
108 1388 7
125 1418 7
653 1561 2
672 166 2
91 934 5
272 203 55
192 915 21
1037 808 8
23 915 30
420 97 6
761 1266 1
551 766 7
925 366 33
202 751 1
1230 1075 2
878 859 2
855 681 27
1129 255 2
1355 401 2
438 1024 2
82 872 2
1461 987 2
530 254 12
317 936 7
657 476 33
894 1252 2
263 1014 0
1031 387 8
531 1314 2
420 321 6
138 536 30
334 92 8
996 1199 7
721 1509 5
978 471 2
278 1469 47
1062 341 5
841 1389 7
545 26 2
1444 97 2
980 1337 2
35 663 1
978 763 2
1476 476 30
925 61 15
876 743 3
159 393 2
450 1455 30
507 568 7
1124 50 14
1179 303 7
348 327 1
267 582 27
543 31 14
941 856 6
1196 1062 8
1081 377 8
381 476 2
127 1230 2
1174 514 2
1284 1329 2
601 980 7
159 221 2
1028 857 2
205 709 77
729 139 3
912 681 27
259 693 2
162 363 2
1518 1086 8
838 92 7
823 1086 7
940 742 7
568 763 6
1246 282 57
1288 1296 8
272 228 8
915 1330 2
1101 801 10
683 1070 2
594 59 8
1567 987 1
676 1284 2
550 1226 12
1028 1081 2
191 1567 1
913 584 53
1467 446 1
905 622 2
259 958 3
1120 1086 8
780 499 1
170 584 71
314 360 2
1481 56 33
250 102 8
841 1315 5
1568 393 2
197 1054 7
624 873 30
789 1583 8
158 1304 5
337 1036 27
540 798 2
823 40 8
459 114 8
27 1376 15
189 1316 7
191 229 2
1297 1404 1
759 1450 2
277 412 5
154 1230 20
189 147 33
459 384 3
265 1472 7
328 502 8
786 197 8
978 1391 2
872 1457 8
1179 1395 7
623 672 2
195 646 8
75 1086 8
370 272 20
1284 1395 7
976 718 2
817 412 5
476 911 31
847 460 7
77 543 2
498 882 2
53 973 58
26 513 26
1416 350 2
1552 1550 8
1563 958 3
284 347 2
369 1358 2
1084 743 3
1262 441 0
603 1120 2
980 685 8
1394 393 27
374 671 33
255 1295 2
1081 568 7
729 1581 8
1177 200 2
1407 282 2
499 1016 12
3 393 5
1284 1561 2
1028 739 27
32 1345 2
1054 272 2
278 421 2
1193 1282 50
387 852 8
1265 83 6
359 155 2
145 565 2
1472 1566 1
157 1062 8
777 1070 5
485 913 2
707 1217 8
841 507 8
1540 65 8
1124 412 5
543 598 30
1120 681 27
359 447 2
164 92 8
485 908 8
1090 961 35
568 80 6
726 114 8
528 1014 0
282 820 15
852 1496 41
876 298 5
747 594 10
1037 65 8
482 40 8
1166 277 8
108 937 7
681 537 12
532 1360 2
672 1004 27
61 441 0
1251 793 8
457 272 8
1442 514 1
417 1568 27
1402 1325 5
1450 667 27
29 147 8
584 172 8
646 515 21
464 1062 8
997 750 7
499 718 10
1304 1125 7
1024 68 24
438 235 7
1020 259 8
23 396 30
535 903 2
681 848 8
647 689 2
409 833 2
1100 910 2
672 335 2
1555 1309 2
808 31 14
27 1231 41
1446 62 2
420 1041 2
1075 350 2
416 551 2
49 1329 2
1317 1035 27
1444 42 2
737 1556 2
1080 1358 2
1201 1062 7
1217 97 8
229 251 71
1411 221 1
1303 1316 7
324 642 30
1306 1062 7
383 667 2
1391 412 5
731 789 2
527 376 3
315 678 30
226 675 30
1516 909 1
836 1617 3
577 1358 2
408 1550 8
1184 568 7
1376 159 1
594 1342 7
1160 1090 2
155 590 2
1438 147 8
1200 291 8
847 88 3
701 1047 2
928 726 2
1348 658 0
847 438 8
1033 1122 2
115 668 1
772 839 77
494 32 8
144 1236 8
39 83 8
1024 762 2
73 847 0
337 69 27
586 393 2
115 960 1
285 856 20
267 249 8
34 1168 2
1250 950 33
542 656 1
256 1314 8
1367 856 2
934 114 8
1020 663 8
501 65 8
808 44 8
1114 1557 1
191 61 15
20 442 7
3 750 2
575 409 2
550 775 12
1028 1026 2
126 808 8
328 1097 7
89 543 2
530 441 0
447 1322 13
1242 1358 2
324 945 2
369 536 30
681 1126 33
1031 272 8
346 83 8
670 92 8
671 1128 8
1136 114 8
254 1285 5
950 836 5
1562 873 33
598 1070 5
1177 882 27
1232 681 48
1446 685 8
1436 1450 2
411 1309 2
144 501 5
425 282 2
880 681 2
267 1223 27
681 97 8
1314 1352 2
961 374 1
1138 1070 5
601 1329 7
527 1062 8
750 908 8
939 824 6
729 843 2
603 773 2
303 179 8
1394 442 27
1179 876 7
1514 1400 2
1101 421 9
729 838 8
168 350 33
841 228 8
115 1364 1
247 412 5
494 728 8
1307 646 8
1141 735 6
1515 1230 2
1322 102 8
944 609 2
360 233 27
618 26 2
263 910 2
263 514 2
604 1345 2
1163 1418 7
1033 1004 27
573 594 1
514 743 3
536 960 30
145 568 7
810 1611 2
116 770 2
421 117 30
723 21 8
485 957 8
1181 112 8
255 380 2
309 781 30
1047 723 2
1502 1518 2
161 291 8
246 812 2
808 281 2
1152 723 2
1055 789 2
508 83 8
923 1181 7
780 1140 1
1562 1514 0
912 689 2
189 441 0
61 939 15
1378 315 2
40 833 8
945 104 8
672 1367 2
361 240 2
905 1195 2
143 259 8
452 278 74
851 1094 30
258 519 30
350 360 2
383 241 30
1252 177 2
783 701 2
350 355 8
185 857 27
1333 856 2
576 793 8
758 987 2
1316 186 1
1070 1245 1
976 1359 2
981 945 7
1210 387 7
650 976 33
534 274 12
867 160 16
291 774 2
1446 1226 12
840 272 31
514 732 7
21 286 15
1215 603 7
729 1097 7
404 390 2
1258 412 5
292 1450 2
1376 720 15
303 119 8
876 3 8
1217 42 8
729 1075 2
415 197 8
712 1395 7
729 1367 2
200 1500 29
494 1315 7
852 83 8
721 1041 27
605 1114 2
663 1351 5
144 957 8
866 1330 15
594 1333 2
1551 155 4
820 646 1
441 1335 5
324 519 30
1510 677 2
485 986 53
1193 1459 50
485 798 2
1114 899 5
597 584 2
1287 873 33
1166 626 8
357 550 2
772 888 77
609 685 8
1371 1418 7
876 1335 5
1548 1070 5
476 1126 2
1035 1199 7
124 1418 7
582 1550 8
1101 3 10
552 1101 12
185 1553 27
1505 226 3
460 1376 2
278 281 55
111 568 7
934 59 8
1372 387 7
235 798 2
1316 211 5
102 942 2
915 464 2
974 911 31
259 114 8
1122 1550 8
61 1014 0
442 894 2
878 689 2
1460 987 2
337 238 27
1217 685 48
676 1106 2
570 65 8
800 147 8
141 443 9
200 241 2
667 291 8
874 1395 7
189 856 2
905 881 3
1136 59 8
1084 1283 2
1444 719 2
1084 1575 2
307 1084 2
1239 1194 30
859 210 2
759 980 2
619 230 2
514 983 33
424 789 8
106 1239 30
628 882 2
1314 901 2
317 116 8
45 551 2
30 1230 2
939 373 6
790 1325 5
1563 114 8
721 66 27
36 191 2
623 197 8
912 847 0
787 1475 5
499 602 2
350 301 16
1296 1156 59
980 179 8
1141 284 6
1230 573 15
1284 1550 8
205 935 77
1173 446 2
380 565 2
309 830 30
369 1617 3
1037 233 27
1295 26 2
813 568 7
752 102 8
233 87 7
255 325 2
568 1281 6
806 1516 2
1453 1564 1
829 291 8
992 1325 5
118 982 7
209 568 1
808 622 2
1233 856 1
255 716 8
684 730 2
40 90 8
1291 377 8
117 558 1
219 638 27
1367 1033 2
1152 663 8
1272 65 8
1140 1250 2
485 42 8
770 80 7
1472 1045 12
1122 681 27
80 1570 7
1454 259 2
1140 523 23
1355 888 23
540 628 2
1015 1460 2
795 59 8
144 1246 5
219 365 2
1144 1217 8
1274 474 75
1128 1076 2
455 259 7
1220 603 6
1008 147 8
309 863 7
70 309 2
258 396 30
1117 83 8
1231 47 8
995 604 33
1550 937 7
1253 793 8
1329 1111 7
641 1217 8
641 1176 7
199 417 2
251 960 35
1114 753 23
1106 274 12
46 856 6
199 808 8
913 1239 30
530 108 8
995 39 8
1024 269 20
1186 808 7
404 335 2
519 736 7
478 412 5
974 266 2
850 770 2
1303 1206 7
1176 159 1
955 770 2
48 1321 2
620 1376 2
870 937 8
420 462 8
594 590 2
1218 663 8
599 910 2
1525 543 2
834 974 7
363 1344 37
915 1151 21
411 102 8
1245 721 57
945 62 2
267 21 27
435 658 0
1123 412 5
934 1342 7
584 693 38
1540 291 8
1039 1230 2
30 83 2
374 129 2
1171 891 8
1451 393 5
533 476 30
916 568 7
1451 1564 1
1307 808 19
370 485 2
1252 922 2
783 1446 2
727 754 59
1035 1581 8
1024 256 2
455 663 7
1037 291 8
978 167 30
135 766 8
140 1086 8
545 101 26
279 102 50
1340 450 7
872 513 26
1110 131 67
1367 350 2
1357 818 2
915 805 2
569 226 3
1236 1418 7
259 59 8
383 418 30
248 1490 5
74 681 27
1341 1418 7
834 1014 0
447 775 12
221 256 2
98 1197 7
903 1126 2
555 905 2
550 201 12
986 1587 38
286 298 1
555 1296 8
1297 155 1
420 475 2
303 1156 8
311 831 2
1549 1024 2
724 1355 1
367 441 0
1502 1397 0
592 362 30
1570 1125 8
221 183 8
189 40 8
1063 721 1
402 92 8
395 603 2
1326 259 8
514 1283 2
932 735 6
973 411 2
847 3 7
176 594 2
1183 568 7
686 412 5
4 761 15
1090 517 2
1547 377 8
514 1575 2
922 56 30
453 976 30
996 32 8
117 861 30
841 1388 7
973 1398 39
1417 272 2
313 21 8
679 1314 5
494 823 33
1247 594 10
1240 658 66
550 683 0
316 537 10
701 1169 2
701 773 2
1328 958 5
556 1166 1
540 513 26
1174 221 2
880 553 41
1450 1152 26
1459 259 1
950 382 8
895 1418 7
1461 1166 2
81 1472 1
449 565 2
648 101 26
396 1500 30
167 851 30
514 1335 5
322 83 6
913 859 2
442 1129 7
420 792 6
1294 1514 0
569 808 8
1329 991 37
1451 808 7
914 689 2
772 891 7
1468 442 7
1451 750 2
978 1338 2
221 488 2
1568 856 2
1090 1102 37
786 40 8
873 1135 2
208 92 7
383 97 15
856 1555 2
859 455 2
1140 453 34
504 233 27
766 255 2
23 272 31
1355 381 33
125 485 30
199 65 8
503 1062 6
1176 720 15
620 701 2
646 1482 8
910 704 35
996 728 8
960 374 1
1388 412 5
641 56 33
267 1449 27
267 1053 27
651 358 38
147 1243 7
750 347 2
1201 255 2
1418 798 2
1570 46 8
176 1176 7
1101 113 75
729 569 2
600 824 6
398 1322 13
486 1239 2
1193 116 8
166 514 2
39 568 7
574 1564 1
259 1456 2
21 499 21
1249 135 5
623 1062 8
255 1362 2
833 221 2
55 291 8
1403 75 7
387 627 8
873 1392 30
357 1355 2
888 293 0
40 1127 8
1556 961 35
1383 726 7
125 1252 2
1033 269 2
468 274 12
255 898 2
594 462 8
109 1502 2
577 729 2
565 623 2
450 334 2
817 1550 8
293 341 5
1166 1008 39
820 1296 8
805 1345 2
1197 1578 5
346 568 7
287 485 30
1122 757 2
361 65 8
1230 1459 33
915 458 2
362 291 8
233 1321 8
446 936 7
1304 130 5
1121 651 53
551 90 7
316 97 6
454 197 8
900 1033 2
450 162 2
450 558 2
185 1375 27
185 979 27
633 1450 1
542 464 2
141 41 9
859 1479 2
54 1550 7
1329 1392 7
281 565 27
344 259 8
515 1446 1
619 1161 7
770 877 7
878 219 2
1124 1550 8
476 1341 30
905 37 8
551 360 2
1029 1230 20
1316 704 1
437 450 2
197 119 8
1446 129 2
1084 1173 2
620 619 27
647 584 53
1541 543 2
170 808 7
980 1156 8
1304 1520 7
510 1314 7
1216 42 8
273 676 2
163 1418 7
1372 1290 5
441 813 8
255 223 26
1128 265 8
383 838 2
16 515 21
841 983 2
1404 823 33
941 284 6
723 1298 7
999 1257 77
834 1496 69
841 937 7
834 1238 33
365 514 2
359 1314 2
377 236 12
721 1163 27
508 568 7
594 1554 8
499 533 3
1296 462 8
567 658 0
619 47 8
455 191 16
317 358 5
1547 1070 5
856 627 8
692 83 6
1110 135 5
127 882 2
923 770 2
923 374 2
325 1153 6
465 80 7
1252 1495 2
1382 1217 7
913 681 27
101 492 2
1519 1086 8
1090 53 35
1024 829 2
932 1314 8
1367 235 2
235 628 2
579 1070 2
301 1153 77
1355 537 12
390 485 30
925 222 2
677 834 2
441 848 7
442 1120 2
569 65 8
337 464 27
996 997 22
1456 723 2
226 857 2
829 1325 5
383 1044 41
1140 46 7
542 1488 2
1237 808 8
1447 363 2
416 1418 2
315 1152 2
56 823 16
635 945 1
621 282 5
303 1338 2
371 658 0
995 598 33
1323 1550 8
391 1496 53
1563 116 8
540 54 2
618 101 26
255 1578 5
185 228 27
318 1086 8
373 735 52
1395 855 5
267 1394 27
1230 39 8
347 536 30
110 958 5
1283 417 2
1180 1395 7
398 922 2
852 1234 2
226 1474 30
818 412 5
252 420 27
870 972 9
158 393 2
737 684 2
159 1033 2
980 743 3
1502 1361 2
716 568 7
770 1207 5
23 255 2
125 905 2
1193 606 50
1230 311 25
259 307 7
1185 377 8
689 1298 7
498 1217 8
259 1333 2
143 102 8
233 605 7
255 843 2
226 1553 2
1121 681 27
903 500 2
903 104 2
1359 1101 12
249 1062 3
1355 1445 2
905 1366 2
673 314 2
240 265 2
142 1550 8
226 739 27
383 796 20
435 808 7
849 348 41
22 226 3
1124 1230 7
1446 683 0
202 165 2
152 396 30
1024 78 2
1568 1033 2
1450 1133 2
1298 1325 5
1102 721 57
1014 937 8
1240 646 7
1000 274 12
710 1070 5
1231 273 8
476 598 30
541 219 2
859 1424 2
97 92 8
1482 65 8
565 893 30
915 330 8
1176 453 1
420 365 2
602 441 0
84 646 2
995 265 8
272 1449 2
849 1166 2
350 64 30
300 841 2
1274 130 5
1404 1087 2
498 1230 2
48 714 1
191 796 8
179 1086 8
377 1480 2
514 1173 2
557 1170 51
723 893 2
485 1037 2
676 911 31
494 1428 2
476 1073 2
594 1108 2
191 1194 30
499 140 8
876 1214 5
31 1345 2
145 1309 2
1037 882 2
126 309 2
590 1418 7
99 619 5
695 1418 7
1244 658 0
1362 995 1
1296 47 8
520 1296 0
115 388 1
1110 476 5
227 174 1
726 462 8
565 1196 2
1378 1114 2
1155 813 8
1252 648 2
1106 1170 0
550 109 0
1158 163 8
101 437 2
1483 1114 2
584 588 8
343 1395 7
1567 1101 12
54 303 20
1328 384 5
1117 568 7
1056 102 8
1561 1245 37
1161 102 8
1468 40 7
1371 147 8
1035 32 8
515 1319 21
1444 958 2
215 1021 2
1449 882 2
1358 148 2
542 1037 2
872 1004 27
1140 329 2
261 441 0
341 1086 8
676 1173 2
1444 1250 2
533 677 2
154 1325 5
684 883 14
200 704 2
658 836 3
1217 1305 8
744 1357 1
233 119 8
622 873 2
639 903 2
922 350 30
420 1384 8
915 960 30
1304 94 7
616 259 2
1295 101 26
115 97 15
756 905 2
727 1561 2
450 1456 30
980 22 8
480 1345 2
796 934 15
867 384 3
847 521 7
1397 676 7
1183 1086 7
1184 1358 2
374 1447 2
170 147 8
1127 910 5
147 715 2
477 873 2
1055 1550 7
604 377 2
582 377 7
847 98 8
216 315 30
1025 1404 2
770 1548 5
449 859 2
1197 32 8
1166 1321 8
689 1243 7
1443 658 0
568 1056 6
974 1341 30
1439 226 5
841 172 8
996 810 15
603 765 19
1329 1244 36
1210 1472 5
1035 728 8
820 102 8
144 273 8
192 226 5
1214 1531 1
932 226 3
1076 284 30
341 681 27
913 689 2
286 1220 1
551 1337 2
673 259 2
286 61 15
1359 1070 2
1017 701 2
440 723 2
745 1015 36
778 259 2
900 235 2
350 471 8
185 577 27
447 743 3
812 1047 14
1450 1078 2
651 256 38
185 869 27
873 1315 7
183 568 7
110 148 19
658 730 8
411 619 27
1212 1217 8
689 129 8
70 772 2
406 1395 7
763 1418 8
958 417 7
729 1213 7
309 1200 2
510 808 7
181 259 8
659 387 8
499 742 23
1404 1428 2
1397 1304 7
1137 1070 5
603 1121 2
1496 1592 38
789 1187 0
543 952 14
1176 622 1
191 451 30
214 1475 5
721 365 27
476 622 2
115 401 1
147 27 8
40 957 8
945 129 2
1330 948 15
485 914 2
366 684 2
95 903 52
945 916 8
1274 972 74
772 1043 5
816 1550 8
609 743 3
1354 1446 2
1253 1395 7
569 233 27
447 1106 2
1035 1315 7
1146 65 7
256 291 8
565 1141 2
903 1073 2
240 546 2
135 937 8
1274 904 74
361 291 8
1098 293 0
681 1214 2
1567 254 12
59 1290 5
442 322 2
446 766 7
677 1120 2
730 485 30
804 65 8
790 551 7
1316 998 1
1251 1086 8
494 3 10
437 1140 2
878 409 2
1371 92 8
1098 1355 2
882 189 27
1252 916 8
362 915 30
362 519 30
1123 1550 8
206 314 2
409 834 2
1304 1377 6
550 360 2
701 904 9
1314 397 2
420 1042 2
810 939 15
450 781 30
85 856 2
1128 163 8
789 437 8
658 47 8
1209 1197 7
978 21 2
190 1252 2
190 856 2
627 404 7
995 838 8
880 450 2
1230 1578 3
1314 329 2
1341 147 8
136 1153 52
99 1014 0
1177 83 27
277 374 2
893 772 14
663 1407 5
870 75 3
162 377 2
1170 186 1
152 1376 2
144 1305 8
155 591 2
35 543 23
912 1395 7
1158 908 8
573 1611 2
599 393 8
642 919 30
126 882 2
733 925 8
609 1330 2
1180 1550 8
1475 1044 12
655 412 5
729 39 8
823 974 2
524 915 30
524 519 30
543 541 82
259 535 2
907 1345 2
457 870 2
1352 568 1
770 1145 22
1026 26 2
450 1480 2
565 166 2
980 1335 5
117 674 1
1100 441 0
226 1047 2
1025 554 23
1225 1563 48
1455 723 2
910 888 2
108 296 8
440 772 2
68 1230 2
189 934 7
1145 1128 8
442 1242 2
502 50 41
627 726 5
510 1070 5
1140 610 2
265 658 0
101 937 8
226 979 2
950 813 15
390 83 6
768 1418 7
528 254 12
995 1097 7
315 936 7
185 126 27
1106 446 2
261 1014 0
978 1405 2
905 891 8
890 940 2
541 1024 2
1450 231 2
532 610 2
1114 512 2
1075 233 27
808 952 14
658 634 7
1309 1393 2
624 925 1
872 616 2
437 92 8
1009 147 8
328 52 8
620 872 2
363 70 35
55 1450 2
704 1239 30
1081 1024 2
761 789 8
761 393 8
66 677 2
613 603 6
267 1120 27
847 406 7
628 1230 2
147 1310 7
1409 568 1
1090 920 2
813 1093 1
27 1589 38
1056 377 6
858 259 8
393 625 2
514 766 8
841 917 8
1404 617 2
1101 1489 5
543 216 30
215 958 5
155 888 23
31 1556 44
606 609 2
205 115 5
380 1309 2
309 782 30
1193 1124 50
1500 945 2
359 789 2
610 226 3
255 1069 2
110 116 1
605 315 2
1153 1305 8
464 393 2
1181 743 3
144 158 8
1495 26 2
88 1166 1
1452 1564 1
387 626 8
1357 246 2
1039 882 2
673 540 2
905 1196 2
872 1609 47
1304 661 5
1466 537 1
446 419 7
782 872 2
551 703 2
325 1007 2
228 677 2
1496 464 40
1200 272 31
804 1217 8
102 607 2
1266 533 3
681 775 12
1140 883 33
848 1472 5
75 1395 7
230 536 33
641 882 2
191 803 2
648 663 8
492 1274 10
876 1342 7
206 259 2
651 829 38
325 584 33
281 1028 27
1317 689 27
70 1345 2
1336 750 7
629 1418 7
650 873 33
1198 1496 53
494 1046 12
1546 1128 8
1304 1295 7
594 1402 2
647 859 2
398 173 2
267 541 27
267 145 27
298 92 8
363 75 5
497 973 2
514 1003 2
626 393 2
160 609 2
322 50 70
1383 1197 7
721 1042 27
1352 866 36
485 1555 2
663 1352 5
1237 939 15
1404 890 33
47 925 2
359 1101 12
539 750 30
218 108 1
1502 1500 33
297 387 8
91 345 66
1160 1328 2
945 1098 2
609 983 2
1053 259 2
873 810 15
396 1392 30
1538 65 8
42 793 8
357 447 2
701 889 2
1556 53 35
485 1482 8
160 642 30
170 251 71
1105 1170 0
527 1316 5
1145 808 7
247 770 2
272 119 8
446 1566 37
324 1355 2
723 1340 30
53 315 30
1315 1070 5
922 251 2
215 919 2
1249 226 1
279 450 50
1357 1562 2
1140 823 33
489 197 8
1445 658 0
255 21 8
314 647 2
675 723 2
907 1217 8
1035 159 2
1084 1352 2
1230 1198 2
552 102 8
81 1561 2
780 723 2
347 377 8
216 284 2
978 1058 2
1533 1357 1
112 663 8
302 945 7
727 293 0
796 108 8
419 543 2
550 933 2
848 393 5
877 1345 2
1561 848 7
1436 1418 7
81 450 33
398 869 2
596 750 30
650 282 23
314 475 2
485 1184 6
168 1079 2
1552 1217 8
411 859 2
1009 92 8
83 355 8
267 1169 27
267 773 27
244 856 6
1304 216 7
191 47 8
856 1161 7
1438 393 8
159 1496 53
1211 219 2
14 1404 1
1090 527 7
1409 554 2
840 903 2
162 274 12
1546 377 8
486 1355 2
1 1062 6
586 1035 2
276 1305 8
591 1355 2
1155 1298 7
267 495 8
227 1388 1
227 992 1
374 458 33
154 420 2
101 596 16
1177 383 2
26 172 2
20 1084 7
1287 191 33
1110 934 5
609 3 8
371 147 8
255 722 2
609 341 3
259 1207 8
584 358 38
1500 494 2
250 793 8
678 873 2
148 197 8
255 618 2
976 830 30
855 684 30
117 1247 1
1140 1251 2
449 1309 2
658 196 1
905 1578 3
905 1141 2
646 445 0
440 1345 2
340 1322 13
65 88 5
104 1230 2
999 1418 7
698 387 8
592 139 3
199 153 1
1015 1461 2
878 65 7
609 1335 5
210 1550 8
661 1062 8
221 836 2
595 872 40
1253 1550 8
202 232 2
256 1325 5
1114 397 2
344 83 8
312 102 2
221 1227 8
476 320 19
581 663 8
1223 729 2
155 1554 0
1450 804 2
281 681 27
1068 441 0
701 881 5
1239 114 8
1173 441 0
1227 701 2
417 790 2
1316 861 2
1548 1314 7
308 750 2
377 1381 7
1314 883 33
284 1330 2
1098 554 23
45 101 26
858 1296 8
859 1131 2
37 735 6
535 726 2
150 101 26
127 272 31
842 1114 1
35 540 2
995 728 8
919 1564 1
670 441 0
856 128 2
618 272 2
197 167 8
638 147 8
1061 1357 2
563 1325 5
1177 1079 2
514 552 2
609 704 2
938 1033 2
294 393 8
642 119 8
1084 424 8
58 255 2
48 206 39
261 910 2
261 514 2
1177 1011 2
135 881 3
707 1345 2
197 1207 5
1520 808 8
1459 873 16
928 221 2
485 1036 2
1028 693 2
1358 223 26
704 1507 12
524 117 30
689 390 7
996 61 15
1352 1472 37
442 616 2
350 606 2
144 1127 8
357 387 8
565 1367 2
1296 114 8
499 1397 0
383 883 30
1201 1570 5
453 278 58
1 603 6
1158 730 8
1140 1437 7
648 1309 2
249 1419 8
447 1578 7
912 1550 8
572 1062 7
1266 80 8
555 974 2
761 646 1
1001 1355 2
1355 933 2
1231 1437 2
551 880 2
360 65 8
1496 1037 40
737 50 41
499 1225 0
1023 97 8
695 147 8
226 577 2
894 1028 2
919 377 8
417 380 27
1014 75 3
773 882 2
272 720 15
1444 1025 2
137 1070 5
900 65 8
606 925 1
974 1359 2
429 1128 2
176 663 2
1354 594 10
391 1028 2
238 284 30
1570 730 8
600 265 6
1216 390 8
273 1024 2
734 726 2
355 978 5
487 568 7
839 726 2
309 347 2
108 1554 5
945 1447 2
847 296 7
391 1252 2
269 1217 8
503 642 2
377 572 2
553 611 35
568 1399 6
536 919 30
841 119 8
594 304 2
600 489 6
167 1314 8
158 108 8
479 1176 7
915 73 21
499 881 3
814 808 7
1155 1243 7
1448 1376 30
475 1024 2
922 600 2
316 1226 10
317 1102 5
813 519 1
1085 79 13
1025 1191 12
1193 722 50
337 1315 6
729 265 8
1303 789 8
1036 1252 2
259 365 2
323 594 5
454 191 16
735 18 8
945 63 8
158 40 8
216 1507 1
371 92 8
823 1550 7
569 882 2
255 271 2
348 1056 2
1181 341 3
1176 75 3
582 26 2
1316 761 15
1304 1174 5
101 840 2
894 995 1
1570 1161 7
192 1319 21
1152 568 7
112 1309 2
728 1475 5
217 859 2
672 1258 2
1472 595 12
168 658 0
1120 1550 8
323 1296 7
995 722 33
893 1376 2
915 1388 7
1266 1396 8
420 1568 2
859 1417 27
1153 1127 8
202 1488 2
878 1217 7
1454 101 2
1181 1335 5
1252 63 8
995 258 33
535 447 2
519 854 7
1502 61 15
1338 1062 8
980 498 2
1357 360 2
377 1227 52
713 594 10
1114 296 7
867 522 2
961 1357 1
85 102 8
976 1250 2
1239 59 8
867 1210 2
494 248 12
1570 47 8
1324 872 2
1081 808 7
1144 363 35
1533 155 1
1101 474 75
859 1076 2
37 284 6
722 101 26
519 1416 2
183 905 2
277 873 33
191 958 3
533 92 8
986 337 38
1056 603 6
183 1296 8
870 533 3
393 455 2
603 500 2
638 92 8
53 1191 2
1394 565 27
1551 1357 4
148 551 2
729 1258 2
1176 1 1
938 978 2
707 1358 2
841 648 2
391 272 8
834 1316 7
721 140 27
514 562 23
1061 191 33
973 1008 39
56 192 30
1301 114 7
549 413 62
945 341 3
1028 1553 2
274 397 75
834 147 33
1296 59 59
40 1420 8
796 1450 2
1537 387 8
22 309 2
259 1384 8
419 412 5
840 191 14
95 345 0
233 1349 7
1045 663 8
1350 1140 1
232 255 2
127 646 8
29 387 8
108 1109 7
1478 514 2
1503 259 8
1140 1428 2
447 1173 2
778 1418 2
507 1070 5
854 412 5
106 873 2
547 812 1
581 1309 2
527 450 5
418 1446 1
1139 684 2
446 937 7
102 437 2
284 1138 52
446 879 2
442 51 7
981 757 11
1496 586 40
1104 726 2
417 33 27
78 1309 2
1023 42 8
226 126 2
1114 1262 2
681 916 8
102 1156 8
1173 1014 0
541 859 2
168 677 2
814 1070 5
1563 1384 8
1084 732 7
190 1418 8
1170 133 1
674 658 0
1196 856 2
1014 1118 5
1438 387 8
321 101 8
1180 1502 2
1002 191 14
1026 101 26
391 905 2
226 451 30
468 1355 2
309 941 44
500 841 2
406 315 7
374 771 2
1288 793 8
999 1550 77
241 973 7
259 1375 27
145 619 27
1527 83 8
1052 259 2
1021 1507 1
475 677 2
227 590 1
1174 235 2
1396 102 7
453 340 1
1475 1408 57
1193 375 50
1252 1460 2
479 56 33
20 682 7
1466 1063 1
988 568 15
1516 694 39
1162 259 8
915 718 1
1372 974 7
217 681 27
1166 1437 8
259 706 2
27 50 2
1316 810 15
1383 377 8
337 533 27
974 1457 30
276 1127 8
1252 1054 7
852 536 30
1155 1161 8
383 1456 30
193 658 57
596 646 8
279 676 50
1355 818 2
1082 1376 15
270 1376 30
1300 1475 5
1340 1316 7
311 1140 1
334 514 2
913 409 2
383 111 15
1239 1342 7
197 1212 8
1135 65 2
383 1045 41
417 661 27
1351 1070 2
399 284 16
108 3 8
185 297 27
1326 568 7
1450 798 2
596 976 30
88 532 7
70 200 2
872 1183 2
155 0 0
228 147 8
1108 1217 8
442 75 3
377 938 6
156 1153 7
363 241 35
553 960 35
1215 147 7
623 393 2
25 1475 37
1304 46 7
1541 1418 7
147 368 16
843 233 27
362 272 31
859 625 2
464 485 30
519 627 7
1084 983 33
409 150 2
980 766 8
1550 743 3
768 147 8
494 113 2
729 911 2
1302 102 8
867 1082 8
226 1371 30
514 937 8
1400 770 7
721 189 27
377 1541 2
1537 108 8
1084 22 8
255 620 2
554 179 15
259 627 6
259 1402 2
35 65 8
1244 1376 15
1050 272 1
148 450 7
255 912 2
439 667 30
272 1338 2
1460 56 30
52 387 8
1396 1418 7
1383 276 7
1537 40 8
696 1418 8
712 808 8
157 387 8
737 974 30
240 730 2
1383 568 7
1339 1344 5
841 916 8
127 200 2
1359 1090 2
565 569 2
1130 4 1
115 53 1
1250 1446 2
530 925 10
1468 1084 7
316 111 6
1023 929 7
905 1367 2
903 59 7
1321 903 6
320 83 6
1140 366 33
208 676 2
1075 284 30
1377 147 7
1257 1420 8
1225 259 48
1082 1231 41
915 3 8
770 891 7
915 341 3
316 43 6
202 854 2
1184 1403 6
524 272 31
219 488 2
101 75 3
1215 1239 7
550 179 8
859 1029 2
1297 1357 1
845 554 57
862 1062 59
1304 1138 7
86 1419 8
258 915 30
995 626 8
40 338 5
300 514 2
315 366 2
1200 1418 7
502 233 27
409 1242 2
420 762 2
1125 272 8
49 1446 2
1446 671 33
872 104 2
514 858 12
841 1393 2
170 1150 7
4 720 15
871 1062 8
1415 282 57
1562 282 23
1570 958 3
1295 1309 2
279 26 27
858 1418 8
1201 387 7
69 1217 8
1475 837 57
409 778 2
297 235 2
1306 387 7
155 1371 33
176 485 2
393 1424 2
1183 459 7
503 240 2
485 1388 7
139 314 2
100 1014 0
594 1500 8
167 417 2
1519 808 8
66 92 8
390 101 8
1337 1070 5
1448 974 30
40 1305 8
685 603 6
1515 219 2
171 92 8
450 493 6
1351 1472 37
601 646 7
738 119 8
718 1090 2
228 1252 2
138 609 2
340 146 7
224 721 1
348 654 2
1316 743 5
689 908 7
925 1112 23
470 684 2
304 254 10
925 1124 33
803 1345 2
284 432 15
450 1200 2
791 1239 2
1079 952 30
226 475 2
997 1563 7
1158 852 8
344 568 7
726 861 30
502 939 15
106 1446 2
600 453 35
1140 2 2
670 282 2
563 420 2
1479 259 2
1355 367 2
928 1062 8
681 1562 2
598 147 8
317 1298 7
672 1148 2
1561 1246 37
684 952 14
1140 890 33
540 172 2
707 83 8
452 197 8
85 934 7
1114 1292 33
430 1252 2
417 210 27
978 833 2
870 1491 7
530 1328 2
1444 1251 2
995 1213 7
536 424 2
410 750 2
140 646 5
1223 272 2
305 255 2
951 912 21
555 1419 8
646 685 8
1084 1351 2
98 600 44
228 92 8
1090 766 7
117 1448 30
144 1388 7
1215 92 7
285 1252 2
229 600 71
642 937 8
172 1217 8
338 1070 5
527 387 8
45 723 2
555 40 8
16 109 0
1110 65 8
729 168 2
1477 441 0
191 114 8
1355 81 10
1271 945 2
704 377 1
712 92 7
369 1024 2
365 651 1
939 837 6
357 1314 2
915 1359 1
255 961 2
834 856 2
24 945 2
158 235 2
945 458 33
507 1419 59
52 40 8
40 330 8
499 1457 8
266 377 2
142 485 2
1275 925 7
33 841 2
126 1230 2
20 1296 8
592 1310 7
1466 1636 1
699 1114 2
255 497 2
309 176 45
225 386 1
259 883 2
102 1327 6
240 279 2
1035 1125 8
21 1418 8
581 219 2
217 689 2
338 393 7
221 1075 2
808 685 8
737 851 30
957 643 5
1274 610 75
752 1314 5
151 412 5
1153 957 8
643 1315 6
1124 1217 8
1481 350 33
83 189 27
323 1418 7
1377 92 7
1454 723 2
459 116 8
82 551 2
233 1212 8
1451 873 2
350 863 14
49 293 0
1319 1348 21
550 129 2
960 1357 1
980 1120 2
903 269 8
805 873 30
863 1418 7
750 1330 2
317 588 8
48 436 1
721 1057 57
392 441 0
867 1040 2
23 750 30
1328 742 2
531 925 2
1316 298 7
616 101 26
557 851 50
701 1344 5
1317 409 27
1314 62 2
999 147 8
1394 859 27
874 65 8
1317 701 27
894 102 8
841 942 2
86 1296 8
101 1118 5
246 568 1
1077 882 2
1080 1024 2
859 1198 2
1475 386 57
558 1514 0
947 1168 2
816 412 5
1197 1125 8
499 1047 33
1399 568 7
1340 485 30
784 387 77
721 762 27
609 433 7
485 937 7
1153 1388 7
577 1024 2
1551 272 4
155 360 2
543 960 30
726 877 2
380 619 27
721 1054 27
1382 884 7
1007 70 35
147 325 2
1265 377 6
739 808 8
928 450 7
772 213 77
345 124 1
377 88 3
916 682 2
980 877 30
873 926 15
726 116 8
126 646 8
306 1314 5
276 37 8
240 907 2
945 813 8
772 505 77
485 1161 7
226 606 31
377 42 8
1259 83 8
499 18 8
1035 1258 2
651 1586 5
925 381 33
702 551 7
447 1003 2
464 1033 2
337 423 27
346 1128 8
270 974 30
689 97 7
653 1404 2
375 974 30
80 267 7
420 336 6
317 1243 7
125 387 8
543 1389 7
430 905 2
992 770 2
772 39 7
1266 881 3
1472 34 12
92 216 2
1145 793 8
202 1031 2
911 383 2
101 607 2
1067 1014 0
978 778 2
880 519 2
545 729 2
550 653 2
81 554 23
40 1389 7
600 622 35
1160 412 5
1555 584 53
179 1395 7
429 903 2
303 932 8
541 689 2
281 980 27
1516 1609 47
424 974 8
789 730 8
251 53 35
404 1135 2
253 982 1
285 905 2
1216 957 8
1058 568 7
603 1004 27
398 125 2
267 889 27
35 233 27
1084 622 34
1421 83 8
601 995 7
159 1028 2
369 677 2
395 1062 8
65 881 3
1271 494 2
403 1128 8
1132 1514 0
365 1033 2
391 1418 8
259 604 2
802 441 0
252 603 27
144 1161 7
24 494 2
978 639 30
805 619 7
580 1154 1
519 596 30
1193 893 50
1550 1335 5
209 866 36
392 387 8
349 1191 12
494 326 8
440 404 1
276 957 8
1114 1151 21
851 1224 30
255 833 8
453 831 2
155 1207 8
894 1166 1
1468 682 7
789 1161 7
551 1305 7
1322 412 5
674 499 2
372 147 8
1485 1446 2
341 1395 7
905 569 2
28 393 8
1483 377 2
784 377 7
717 1015 36
377 445 0
872 1081 2
209 554 2
1474 309 2
350 21 8
279 950 16
185 127 27
593 197 8
1450 628 2
1284 594 10
346 377 8
1317 26 27
1090 1566 37
650 1357 2
519 530 1
258 117 30
441 75 3
867 297 2
535 514 2
681 63 8
847 871 7
88 1446 7
976 1025 2
177 681 27
79 1482 7
432 65 8
1540 1418 7
686 1176 5
420 256 2
463 485 30
227 61 15
494 699 2
158 980 2
267 1121 27
276 1388 7
1314 1291 33
619 929 7
867 958 3
1477 1014 0
429 543 8
551 1335 5
519 1292 30
277 83 8
841 423 2
721 707 27
1394 1028 27
255 1138 2
439 893 30
750 1204 30
929 789 2
1249 978 1
982 607 5
739 65 8
1367 1450 2
125 1028 2
237 377 1
234 1418 7
126 200 2
1503 102 8
368 1496 2
226 638 27
699 284 33
1035 911 2
383 311 30
449 619 27
772 846 77
102 297 6
233 728 7
350 722 2
135 533 3
1567 251 1
1079 154 30
314 189 27
903 623 2
233 1457 8
891 476 1
1158 54 8
1483 609 2
170 1239 30
438 646 7
676 840 2
178 412 5
681 1160 2
383 535 30
152 915 30
152 519 30
1242 677 2
85 870 2
1458 795 7
792 197 8
1444 453 2
519 1554 1
946 762 62
80 144 7
519 1549 7
653 554 23
1397 1514 0
189 476 7
1403 533 5
133 658 66
928 251 41
462 1475 5
39 603 6
403 808 7
830 272 31
1250 594 10
841 1515 2
865 102 7
1496 8 5
1303 867 7
854 1550 8
982 533 3
233 1118 5
960 155 1
1403 506 6
382 738 7
1539 32 8
501 1418 7
398 70 2
267 834 27
267 438 27
1312 92 8
176 315 2
307 851 30
324 485 30
738 855 3
226 622 30
945 771 2
139 540 2
939 39 6
507 793 8
852 377 8
494 47 8
155 933 2
514 622 34
27 1496 2
122 1252 2
987 606 35
722 663 8
1505 255 2
1160 1329 2
437 1239 30
601 872 7
26 1148 2
142 83 2
1357 81 10
381 259 8
1087 1015 36
279 915 50
279 519 50
1171 1578 3
1028 1041 2
1166 1212 8
1207 1325 5
1044 291 8
649 950 16
485 172 8
568 1384 7
348 380 2
841 63 8
1155 936 8
819 1217 8
301 1325 77
1372 681 7
372 92 8
1442 681 21
20 681 7
85 1206 2
68 1376 63
435 393 8
534 1170 0
233 18 8
1308 46 6
1450 1198 54
1450 177 2
1114 62 2
1216 1161 7
650 568 7
389 293 0
519 912 2
55 1418 7
191 116 8
286 1335 1
867 638 2
1517 282 57
961 681 1
65 59 7
543 228 8
284 307 2
650 191 33
267 774 27
1239 904 9
980 249 8
750 464 2
519 844 2
86 102 8
980 150 2
619 524 2
74 689 2
865 1418 7
592 875 6
497 291 2
259 506 6
603 616 2
1394 681 27
284 531 2
235 854 27
626 102 8
255 395 2
663 670 5
267 59 7
1488 812 1
721 256 27
623 387 8
144 172 8
442 513 26
102 911 31
40 848 8
592 1536 7
478 1217 8
1188 750 50
1042 350 2
380 859 2
266 499 2
340 1000 7
663 602 5
240 505 2
317 139 5
476 49 2
569 1230 2
918 750 2
1271 284 33
213 856 6
1172 387 8
350 766 8
745 1206 36
1188 723 51
1006 1070 7
24 284 33
1102 565 57
108 433 7
856 1156 5
403 1070 5
746 476 5
143 1314 5
689 424 8
907 144 2
314 1568 2
555 1035 2
1239 480 2
551 545 2
1252 119 8
790 442 7
766 1418 7
221 1525 2
594 308 5
903 495 8
789 893 33
906 502 8
22 750 30
1316 133 1
409 1121 2
1114 702 12
980 1242 2
1223 1418 2
684 31 14
646 228 8
393 929 7
287 681 2
1133 1325 5
754 1577 8
849 1234 2
982 140 8
505 1345 2
273 689 2
108 531 5
1547 147 8
601 197 7
1314 512 2
1394 1309 27
179 1550 8
1404 824 23
1180 1217 8
841 1054 7
374 491 2
486 873 33
163 197 8
543 1082 30
565 1436 2
694 1252 2
1301 462 7
99 441 0
1106 1014 0
932 1062 7
951 104 8
690 1608 2
1114 1517 1
88 1325 5
240 737 2
527 1170 66
772 1127 77
772 731 77
259 129 8
454 619 2
1563 1243 7
1329 392 36
138 676 2
1493 26 2
900 1450 2
391 950 30
903 1196 2
855 398 30
1487 1217 8
279 396 50
1126 1550 7
81 1191 12
226 938 2
681 1337 2
507 1314 5
386 1564 5
707 1070 5
259 68 24
442 1133 2
323 565 7
789 1420 8
540 239 2
202 1549 2
756 812 1
108 119 8
1128 390 8
200 480 2
541 519 2
724 1357 1
350 1224 30
1152 1314 5
736 1062 7
799 92 8
1231 54 8
530 284 33
173 1345 2
1114 1291 33
197 1156 8
277 1357 2
35 1128 1
1090 879 2
494 297 2
499 617 2
298 1062 8
722 1309 2
159 83 6
77 83 8
939 320 6
739 233 27
928 976 7
135 1491 7
258 272 31
867 114 8
434 65 8
374 443 12
315 1094 30
271 540 2
1405 856 2
393 516 2
623 40 8
483 1550 8
494 958 3
729 626 8
155 1110 2
93 1498 57
227 938 1
1140 99 0
951 1420 8
1047 219 2
663 151 5
543 761 15
259 716 7
133 646 7
363 728 7
1141 1230 2
442 1491 7
42 309 50
565 289 2
51 315 30
576 65 8
917 459 7
1035 796 8
906 1389 7
1355 1562 2
1374 167 2
894 619 27
261 925 10
155 998 29
819 83 8
1234 1416 2
1128 1482 8
552 681 2
1483 499 2
435 1550 59
322 377 6
641 841 2
343 1217 8
140 1513 5
853 1490 5
1136 702 8
1253 808 8
1454 102 2
70 278 7
152 117 30
1232 873 48
812 823 14
459 183 8
1442 684 2
185 1041 27
1304 88 5
995 54 8
722 950 16
676 266 2
1304 1254 7
1128 1310 8
334 789 8
988 565 2
976 1251 2
183 974 2
867 815 2
1328 517 2
514 670 2
847 1389 7
157 543 1
437 215 8
515 1404 1
534 446 2
79 1307 13
731 1563 7
641 350 33
769 789 8
503 233 27
1304 790 7
1216 104 8
938 284 16
642 75 3
550 1335 5
627 532 7
458 1325 5
1194 1550 8
1054 409 2
1162 1496 53
45 1418 2
618 568 7
543 1124 14
619 1384 8
150 1418 2
772 452 77
1084 766 8
255 1364 2
322 412 5
856 35 23
726 355 8
241 684 2
873 928 45
1307 1062 8
721 829 27
35 314 2
977 147 8
362 726 2
572 866 36
464 1376 2
784 925 5
945 296 8
701 488 2
279 117 50
1153 1491 7
887 293 0
478 83 8
723 833 8
981 831 5
915 424 2
73 684 0
1023 1381 7
974 830 30
1079 380 30
1252 1156 8
1129 4 1
847 1361 0
1466 660 1
203 1496 2
1140 118 2
1481 553 2
653 1191 12
1452 417 2
939 167 8
274 224 5
420 111 6
211 770 2
721 920 9
102 1126 2
102 730 2
383 1437 20
856 961 25
259 298 8
202 806 2
187 191 16
1355 1371 33
1213 284 6
226 127 2
846 1062 6
109 808 8
995 641 7
726 513 30
48 1469 47
594 881 5
642 438 2
178 903 6
32 1070 5
976 1483 2
57 1153 6
859 667 27
266 1170 0
388 412 5
796 291 8
65 1260 7
502 255 42
1546 1314 7
1128 627 8
540 116 2
75 226 3
76 663 8
996 47 8
1119 663 8
855 26 2
277 568 7
66 221 2
148 101 26
382 568 7
1514 472 1
504 882 2
40 1388 7
616 272 2
977 1140 2
601 1166 7
939 265 6
1171 1097 7
867 59 8
1299 476 2
117 704 30
922 348 41
525 920 9
271 485 2
600 39 6
370 1128 2
1288 1086 8
1058 905 2
1561 960 35
102 1557 1
940 824 7
255 285 2
465 838 7
1252 1461 2
702 1418 7
1114 1361 0
677 513 26
1024 189 27
1518 808 8
163 1062 8
337 865 6
4 46 6
1360 1166 1
259 311 2
266 92 8
838 147 8
271 808 8
449 872 2
1028 1163 2
383 1457 30
910 686 7
420 1203 6
1252 1393 2
686 83 8
599 789 8
623 303 20
900 420 2
112 859 2
903 166 2
1459 831 2
217 409 2
1314 99 0
218 450 7
593 40 8
696 1015 8
115 1468 24
1358 857 2
254 113 75
1140 31 33
995 960 33
47 412 5
1411 1450 1
790 40 7
1446 443 12
658 1207 8
1468 681 7
1126 1007 44
1339 1315 7
778 272 2
614 1150 5
872 1148 2
1421 226 1
98 65 7
1176 631 15
1106 910 2
1304 511 7
383 27 41
1211 514 2
1550 433 7
197 1437 8
464 1230 20
199 309 2
1550 766 8
872 1080 2
377 1226 12
685 1314 5
846 603 6
502 540 2
834 934 7
499 1581 8
514 151 2
1393 681 27
724 155 1
350 418 30
181 272 8
48 421 2
191 462 8
309 1307 14
276 1491 7
4 1138 6
565 930 53
1173 254 12
1500 789 2
393 693 2
1496 1605 38
374 89 2
1193 355 8
1295 568 7
255 913 2
1328 53 35
56 138 30
1472 742 57
261 108 8
977 92 8
805 1418 7
147 45 2
23 945 2
1188 976 50
945 246 2
334 441 0
1100 925 10
1472 1430 57
905 1436 2
205 144 77
135 330 8
173 536 30
1358 1553 2
255 1236 8
350 497 2
350 893 2
442 1004 27
1024 148 2
565 1258 2
56 362 30
746 1062 5
447 443 12
1398 259 8
1450 1495 2
581 859 2
235 239 2
91 980 1
1017 1446 2
665 1230 2
1503 101 8
1258 197 8
551 433 7
551 37 7
551 375 2
281 872 27
442 335 2
542 411 2
316 336 6
978 206 2
341 856 8
906 728 8
1555 681 27
345 1567 4
1239 1389 8
417 271 27
995 627 8
1404 3 10
777 808 8
978 498 2
519 1324 7
116 350 55
1314 118 2
1098 1404 2
311 723 2
249 293 0
541 409 2
55 903 2
862 1418 7
867 1342 7
503 309 2
416 565 2
167 153 1
622 831 2
273 519 2
290 549 2
273 915 2
1144 1070 5
1468 1475 5
178 1550 8
1562 191 33
398 241 2
387 833 7
386 135 2
1240 1014 66
40 937 7
852 553 2
636 92 8
131 124 67
1013 658 0
117 357 30
872 32 8
847 228 8
374 717 2
772 1421 77
1131 286 15
592 355 7
1407 982 7
1405 350 2
1413 65 8
494 114 8
1510 350 2
155 1000 2
32 676 2
345 472 1
1496 166 38
271 65 8
157 101 8
501 147 8
1391 259 2
494 46 8
494 384 3
905 854 27
772 81 5
368 291 8
337 479 27
1004 954 7
1252 1338 2
903 1026 2
311 1446 1
696 272 8
905 289 2
550 1173 2
1358 114 2
957 412 5
558 789 2
28 1325 5
72 1395 7
667 387 7
1022 390 8
1266 891 8
1232 867 48
551 957 7
550 458 33
1035 326 8
359 101 8
347 450 2
1451 642 2
1439 536 2
1090 994 37
417 503 27
1023 908 8
547 48 2
1216 936 7
27 939 15
1128 908 8
658 355 7
281 831 2
524 1007 2
286 1110 1
393 1375 27
681 179 8
77 278 2
1563 355 8
976 349 2
447 341 3
191 183 8
872 728 8
929 1514 0
1179 1062 7
996 958 3
1264 412 5
276 338 5
913 284 30
1216 1305 8
1230 949 55
1296 1506 2
1247 1170 0
494 419 2
272 664 2
377 775 12
584 596 16
1301 1384 7
266 446 2
159 980 2
729 857 2
145 259 1
1416 309 2
494 747 2
485 648 2
858 272 8
447 1335 5
85 1325 5
191 513 30
377 1482 8
281 50 55
450 1122 6
577 689 2
531 915 30
23 494 2
1301 384 3
1398 272 8
340 1067 7
468 446 2
1039 1062 8
22 200 2
558 1101 12
672 739 27
790 785 7
1144 1062 8
696 1296 8
316 57 6
221 1076 2
56 307 30
1152 1128 8
1155 424 8
905 917 2
350 833 8
1358 1138 2
322 603 6
1231 189 2
1316 372 1
787 867 7
417 296 7
1337 1418 7
228 789 8
420 1 6
1446 1016 12
377 1184 6
1254 102 8
643 297 6
906 277 8
913 1376 30
185 1163 27
409 500 2
300 856 2
650 102 2
876 1396 8
550 813 8
303 206 2
77 568 7
584 1292 16
981 1355 7
191 1207 8
684 98 14
646 341 3
729 1553 2
494 1443 2
870 1511 9
208 1239 30
263 1328 2
995 796 8
494 1112 23
514 753 23
401 1062 7
514 1120 2
292 1418 7
183 1419 8
1475 1075 57
262 543 1
945 491 2
4 1315 6
1313 92 8
1446 718 10
723 1127 8
1382 1619 2
872 269 8
646 1335 5
1139 284 16
155 653 2
1130 646 1
1054 859 2
494 59 8
341 882 2
101 1292 16
1398 905 2
317 250 5
381 83 8
125 1376 2
928 393 2
1003 345 0
771 1507 5
601 592 7
148 251 33
876 661 5
903 1039 2
88 1496 5
48 281 55
681 1284 2
1148 233 27
575 540 2
915 650 2
1357 1351 2
1373 345 2
1028 365 2
904 446 84
442 1080 2
528 925 10
787 1563 7
316 685 6
316 1081 6
447 1016 12
512 866 36
695 387 8
903 1367 2
193 945 57
3 417 2
1481 383 2
1567 1328 2
340 24 7
570 147 8
808 341 3
1408 1472 5
1375 147 7
769 1028 2
1358 455 2
1357 1575 2
1336 1563 7
104 219 2
1451 191 2
1145 1086 8
880 83 1
221 325 2
1230 1310 8
1190 950 16
283 383 31
328 1389 8
83 545 2
1198 619 27
550 666 12
221 716 8
677 694 39
141 853 9
303 834 2
769 1252 2
1314 1087 2
805 191 30
1274 1065 5
1403 881 5
869 536 2
1153 1315 5
652 1550 7
847 140 7
919 1239 30
726 845 1
1177 841 27
503 882 2
447 718 10
293 855 3
982 881 3
727 1404 2
601 996 7
74 409 2
1239 1500 30
939 95 6
1244 939 15
842 499 1
1550 588 8
45 565 2
1197 47 8
784 1308 77
65 3 7
1098 197 8
139 1617 3
940 654 7
162 1062 8
522 102 8
1545 65 8
1015 222 15
396 32 8
1474 272 31
337 1120 27
1313 1403 14
866 265 15
762 1325 5
808 704 2
137 65 7
40 172 8
1466 1582 1
816 770 2
479 867 33
213 284 6
938 350 2
259 829 2
598 789 8
598 393 8
1266 1199 7
1383 459 7
1166 157 39
1266 1578 3
586 980 2
337 1052 27
1475 27 12
302 254 10
1073 485 30
1440 383 20
543 106 30
282 432 15
122 221 2
677 1004 27
350 90 8
1407 1325 5
592 531 50
315 1298 7
1140 1264 2
1304 327 5
519 599 1
859 1152 26
1019 1217 8
857 619 27
472 808 8
1025 259 8
1045 851 5
528 1328 2
545 1358 2
390 377 6
98 291 7
417 1076 27
1354 554 23
812 890 14
27 102 30
269 1153 52
200 883 2
264 658 0
1221 272 2
1080 350 2
421 551 2
1000 446 2
526 551 2
429 221 2
476 782 30
867 590 2
769 272 8
65 1578 3
125 1230 20
514 1133 2
331 658 66
824 83 6
390 1376 2
1230 1126 55
1176 241 1
21 303 20
1314 1292 33
721 380 27
1446 458 33
494 381 33
16 683 0
616 1418 2
1174 1450 2
806 476 30
273 409 2
1204 65 8
466 1153 6
383 675 2
383 279 2
738 1389 8
1330 200 29
505 309 2
590 982 7
271 233 27
770 88 5
259 1187 7
0 1266 1
686 568 7
35 485 2
1028 1375 27
625 102 8
594 1391 8
708 1652 2
123 414 1
140 485 2
980 531 30
1467 1090 1
14 374 1
702 565 7
606 903 2
930 219 38
948 37 7
278 1047 14
980 823 30
235 533 2
939 114 8
1025 663 8
1383 1128 8
317 487 5
102 1073 2
144 848 8
1239 1000 2
568 320 6
709 621 2
1131 499 21
383 604 30
1242 350 2
873 1567 1
688 551 2
550 771 2
220 905 2
1266 139 3
217 1550 8
396 1282 30
674 309 33
681 1156 8
570 92 8
1535 303 20
555 1086 8
882 1138 2
498 1070 5
276 1315 5
323 681 7
147 941 41
325 1496 69
47 293 0
81 831 2
417 497 27
416 859 2
978 1120 2
512 1472 37
437 1374 8
609 911 31
1047 1239 30
550 599 2
300 1033 2
1570 1207 8
221 265 8
447 458 33
880 757 2
1328 920 2
724 681 1
398 535 2
147 477 41
205 65 8
84 770 2
1210 974 7
922 568 15
833 1450 2
72 1550 8
736 1516 2
787 102 8
872 623 2
1176 1265 1
267 1207 7
1548 393 8
84 1062 2
417 325 27
1084 858 12
714 684 1
1075 882 2
996 114 8
83 21 8
241 1114 1
1296 891 59
1303 1556 7
1515 514 2
1489 1686 1
160 903 2
309 63 8
618 1309 2
255 1417 27
151 543 2
850 101 2
1179 92 7
53 284 2
544 681 21
996 384 3
729 54 8
370 903 2
642 830 30
543 119 81
277 282 23
600 985 2
417 484 9
1098 1296 0
586 701 2
1351 866 36
1284 1217 8
594 312 8
106 1345 2
805 903 2
1372 750 7
45 442 2
978 877 30
1214 658 0
701 787 2
976 1310 5
20 750 7
259 436 7
442 1315 7
1035 625 2
555 681 27
452 789 2
1025 873 33
789 1445 2
906 1213 7
829 646 8
344 1128 8
672 979 2
472 65 8
315 1243 7
1128 1161 7
1221 1550 7
314 545 2
463 101 8
770 39 7
1153 848 8
1446 602 2
1044 808 8
420 1243 7
383 179 15
439 244 7
228 387 8
168 1062 6
714 284 14
625 1166 1
221 898 2
377 683 0
1215 387 7
1216 766 7
417 1417 27
185 365 27
1500 485 30
177 1395 7
1530 770 2
1314 1264 2
681 743 3
971 255 2
297 1450 2
300 350 2
852 1079 2
48 327 1
398 1455 2
1209 65 7
543 917 8
592 1236 6
1304 218 7
721 33 27
53 1376 2
1176 186 1
409 322 2
1304 510 7
721 325 27
356 441 0
344 393 5
1081 1217 7
1481 658 0
648 1314 5
684 683 0
1025 1514 0
26 739 27
945 89 2
712 215 7
498 1062 8
1193 1139 50
729 979 2
1383 808 7
148 663 8
1400 442 7
1084 90 8
720 619 2
259 1132 7
577 519 2
270 540 2
841 1156 8
0 1170 0
1120 101 26
101 1315 7
699 945 2
776 808 57
820 1086 8
363 434 2
125 974 2
484 872 2
905 1211 2
941 1128 8
1163 393 2
849 536 30
221 223 26
584 256 38
1035 857 2
116 568 7
1377 387 7
1463 936 7
265 147 8
907 609 2
167 226 3
464 1028 2
447 602 2
102 622 2
976 1124 30
909 1079 2
702 442 7
903 569 2
135 37 8
1024 611 2
905 1097 7
592 1500 50
349 374 2
396 539 30
1124 1345 2
681 1106 2
1503 272 8
575 65 8
1332 1090 1
613 551 20
1114 1447 2
551 546 2
551 150 2
546 676 2
1010 1389 7
603 1236 52
923 83 8
1215 619 7
202 526 2
1296 1554 0
344 377 8
859 1493 2
883 1403 14
1561 63 7
420 142 2
69 1358 2
1328 527 7
974 1025 2
295 274 12
557 974 50
1538 1418 7
841 1169 2
1067 441 0
303 719 8
861 945 2
720 982 1
117 596 30
287 974 2
30 514 2
1385 1356 22
158 1450 2
112 1314 5
982 37 8
601 536 2
383 852 2
945 717 2
836 677 2
155 1439 33
252 1496 53
873 784 14
609 1389 8
1058 729 2
1514 124 1
499 214 2
359 1328 2
127 672 2
789 0 0
726 1000 2
1042 233 27
227 311 1
737 65 8
450 269 6
350 205 16
701 836 2
997 1325 5
834 291 8
155 444 23
349 1070 2
27 681 38
1206 265 15
1114 1373 0
1398 1418 8
259 31 2
160 485 30
1162 272 8
789 1098 2
276 848 8
551 1242 2
907 1529 2
702 973 74
1304 1236 5
316 1203 6
582 83 8
905 460 2
769 83 6
1557 282 57
1140 466 2
1206 489 15
432 903 1
1451 417 2
392 934 15
409 1004 27
945 614 67
614 974 5
619 724 31
1337 903 2
800 387 8
514 1004 27
996 1303 22
880 642 2
1014 369 3
144 358 5
347 1403 14
635 1355 1
739 1070 7
657 254 12
536 492 2
1570 1384 8
507 315 1
267 1080 27
995 216 33
973 774 2
876 881 3
317 424 8
869 1450 2
43 1550 7
1446 771 2
483 412 5
606 1564 12
117 1224 30
285 1028 2
390 974 2
863 102 7
588 412 5
1304 163 7
1314 98 33
494 590 2
155 1575 2
504 1230 2
980 487 8
750 743 3
730 1376 2
721 270 27
619 424 7
381 568 7
1184 681 27
704 945 1
939 613 6
1183 1155 7
603 166 2
813 485 1
1383 65 7
377 1262 2
729 627 8
485 423 2
939 1342 7
707 1024 2
761 1325 5
227 1335 1
1266 1097 7
720 663 8
81 1502 0
494 855 3
268 1217 8
255 1029 2
486 191 33
337 513 26
1456 393 5
574 1168 2
1500 1197 2
595 185 38
52 108 8
841 758 19
34 50 2
337 1242 27
487 1419 8
980 421 30
1056 872 2
684 1330 2
240 451 2
485 647 2
265 92 8
1252 138 2
228 1033 2
565 244 7
982 275 67
316 228 6
565 582 2
383 98 30
329 543 2
259 1448 30
1031 1450 2
322 757 2
206 219 2
1474 536 2
442 159 2
677 165 2
1482 147 8
324 155 2
341 226 3
447 433 7
1116 102 2
447 771 2
952 980 5
1121 26 2
155 1105 0
447 766 8
185 938 27
863 1153 6
980 891 8
410 1446 2
1562 1090 2
278 690 1
867 816 2
859 1042 2
318 1257 80
1068 721 1
1217 3 8
543 1099 2
619 1458 2
514 1359 2
539 609 2
182 919 2
603 1258 2
978 150 2
861 494 2
1099 291 8
76 1062 3
267 1097 7
618 219 2
721 898 27
703 1230 2
1403 1 6
1200 197 8
584 1291 16
191 1305 14
499 823 33
833 934 7
1009 519 35
176 102 2
1217 1335 5
841 1338 2
360 1418 7
50 428 2
999 1216 77
1337 115 15
554 820 15
491 543 2
1252 834 2
1007 138 35
233 1315 7
808 1454 2
455 1309 2
900 1418 7
1028 140 2
340 263 7
240 1371 2
1079 381 30
1554 658 0
402 1014 0
454 565 2
534 441 0
155 355 8
1292 772 14
588 701 2
111 1550 8
348 667 2
1101 130 5
790 1084 7
1252 662 2
350 1236 8
540 854 27
792 393 2
931 102 8
1035 114 8
934 244 8
221 168 2
676 1359 2
226 488 2
531 272 31
681 1283 2
1120 770 2
1003 1114 2
108 75 3
789 579 2
286 606 1
672 823 7
550 562 23
435 226 3
889 259 2
430 973 2
619 756 27
1232 191 48
1035 46 8
646 433 7
416 689 2
646 37 7
1035 384 3
1207 1418 7
978 1242 2
530 945 2
1079 1044 53
1209 974 7
372 1419 5
596 642 30
1323 1217 8
939 1220 15
303 1396 8
769 1418 8
1399 603 6
872 453 2
1090 91 7
1069 651 53
981 447 7
592 438 6
867 524 8
983 108 44
374 853 12
353 293 0
293 1026 3
503 1345 2
115 111 15
818 1472 37
292 259 8
727 1191 12
1183 808 7
108 1397 5
730 925 2
145 83 1
177 1550 8
628 1062 8
27 255 42
704 494 1
271 882 2
259 1 6
681 1335 5
707 677 2
1078 646 8
162 446 2
1400 40 7
1561 961 35
543 833 20
551 379 5
568 846 6
1081 689 2
543 53 30
494 462 8
1333 1325 5
930 677 38
1356 432 15
372 387 8
1287 1090 2
917 519 2
582 729 2
479 350 33
86 1325 5
485 300 2
808 433 7
980 366 30
825 1296 8
1479 676 2
925 201 12
1472 1245 1
672 1565 2
199 272 31
221 504 2
702 40 7
605 147 8
1468 750 7
314 1131 2
1565 1418 2
626 1325 5
594 1578 5
216 476 2
1040 1062 8
286 179 15
665 603 2
1253 363 2
238 1217 8
274 749 5
739 272 31
205 550 7
442 104 2
515 293 0
102 881 3
485 1335 5
641 1079 2
363 311 35
623 651 53
1482 92 8
1216 1388 7
207 48 2
1336 259 7
823 50 14
1132 1296 8
316 1 6
396 1124 16
1135 646 8
318 910 80
409 616 2
625 619 27
63 1418 7
980 1133 2
147 1126 16
303 322 2
528 284 33
1064 293 0
1316 357 2
292 1252 2
246 866 36
328 855 3
179 1217 8
1307 789 2
514 512 2
907 1070 5
1314 671 33
148 83 6
1394 872 27
49 1404 2
611 873 2
303 249 8
439 1029 30
437 851 30
420 355 8
1472 1499 57
735 265 8
374 486 2
480 676 2
255 914 2
1196 102 8
315 357 30
191 861 30
797 1325 5
1468 1550 7
23 550 2
1460 350 30
387 471 8
1230 606 25
1472 1431 57
147 0 7
363 614 7
948 249 8
1188 873 50
189 1325 5
1146 147 7
56 1119 30
143 793 8
903 759 2
1463 766 7
294 1325 5
1140 1112 23
350 498 2
127 197 8
873 258 31
1325 958 5
1106 441 0
470 350 2
446 848 7
158 412 5
221 1424 2
982 899 5
330 1418 7
817 83 8
1364 393 2
470 642 2
899 259 7
81 1070 2
454 442 2
1251 808 8
284 1377 52
314 88 2
1140 952 33
80 676 7
458 200 29
930 1024 40
881 92 7
300 1496 53
1082 255 42
547 1024 2
880 240 2
419 83 8
535 1314 2
226 365 2
17 1176 15
550 1161 8
1153 743 5
395 856 2
1124 83 8
876 37 8
872 2 2
500 1252 2
500 856 2
176 847 2
47 770 2
922 309 30
823 412 5
915 919 30
399 882 2
750 341 3
739 1230 2
398 138 2
903 743 5
470 735 6
1245 1498 57
619 355 8
1041 233 27
813 83 1
357 1376 2
259 325 2
1376 174 1
588 1446 2
915 1025 1
255 231 2
155 1001 2
348 620 2
56 1455 30
543 720 15
147 1461 8
1262 543 2
829 197 8
1337 1376 15
490 75 8
594 87 8
307 646 5
450 1562 2
944 684 2
750 1335 5
1380 83 2
215 1452 2
432 1197 1
707 450 2
534 1014 0
672 1510 2
457 884 2
369 723 30
627 267 55
923 568 7
450 1098 2
349 873 33
101 686 7
112 409 2
433 1418 7
934 817 8
1045 1252 40
206 1024 2
851 877 30
662 856 2
67 441 0
648 619 27
1391 83 8
787 240 7
359 102 8
80 1304 7
325 393 2
464 102 8
417 900 27
417 504 27
1487 65 8
1563 424 8
568 114 8
576 226 3
420 1310 7
1216 937 7
83 497 2
1333 197 7
185 140 27
859 1036 2
292 905 2
542 1008 39
856 1298 7
850 676 2
867 706 2
872 1026 2
603 1044 53
1090 1002 2
543 296 8
503 1230 2
1239 581 3
981 1358 2
377 1160 2
1084 37 8
996 855 3
158 701 2
272 665 2
502 882 2
1119 1239 30
619 988 2
499 1428 2
123 1513 1
1031 412 5
847 816 7
1550 936 8
45 1309 2
246 1472 37
1455 393 5
537 376 5
1510 233 27
1291 1230 7
1061 1090 2
150 1309 2
838 789 8
595 1418 7
1181 533 3
485 545 2
707 808 7
263 925 2
1055 476 2
485 936 8
582 568 7
237 494 1
138 1507 12
1039 672 2
40 916 8
702 681 7
340 1068 7
1146 92 7
468 447 2
641 658 0
893 1230 7
221 1077 2
1359 1329 2
18 102 8
790 682 7
383 324 30
1474 726 2
907 676 2
350 438 8
1296 1105 0
674 1140 2
565 1199 8
1227 568 7
220 729 2
903 298 7
902 1418 7
550 491 2
713 1170 0
361 646 8
653 1070 2
446 433 7
855 584 5
867 347 16
681 1173 2
1137 393 8
550 983 33
1328 766 7
1028 68 24
623 995 1
1308 1138 6
247 83 8
539 903 2
576 808 8
1067 721 1
417 217 27
69 841 2
49 1357 2
630 619 2
447 562 23
83 210 2
261 345 0
646 296 8
468 441 0
872 384 3
115 472 1
1084 957 8
525 879 9
267 555 27
267 159 27
1475 1076 57
510 1395 7
856 588 8
26 1333 2
444 1176 15
30 221 2
735 838 8
527 1014 66
14 1181 7
337 824 6
127 1239 2
1538 147 8
357 925 2
240 1269 2
997 412 5
1160 1446 2
272 206 2
46 568 7
808 1342 7
720 102 8
1466 955 1
1357 1352 2
321 1325 5
1028 762 2
949 519 35
939 462 8
825 102 8
126 841 2
1028 1054 2
1024 722 2
348 497 2
867 1439 16
219 1131 2
193 550 57
127 1062 8
1567 1329 2
438 995 7
648 603 6
667 1062 59
282 97 15
684 805 2
1047 600 44
1117 808 7
200 324 2
1345 1470 2
264 1376 15
980 1004 27
1110 1418 7
1371 387 8
197 1396 8
83 150 2
417 449 27
185 189 27
411 1395 7
124 387 8
302 1355 7
872 1039 2
779 92 8
424 976 8
880 808 8
1274 1066 5
1541 982 7
46 603 6
83 833 8
398 883 2
951 1151 21
1054 412 5
1156 1062 5
976 295 2
856 1243 7
1136 1578 5
750 936 8
847 433 7
374 1359 2
620 831 2
996 462 8
684 507 0
613 1395 7
721 45 27
796 293 0
1053 677 2
810 910 1
33 856 2
642 1282 30
592 929 7
486 681 2
544 1314 5
1461 568 15
514 37 8
643 249 8
873 1194 30
1500 284 2
259 898 2
227 1110 1
255 804 2
988 726 30
337 1121 27
562 417 5
988 383 41
930 1591 38
1055 83 7
164 65 8
1384 808 7
553 1228 1
1039 221 2
928 102 8
836 92 8
903 854 27
851 1518 30
941 92 8
637 225 5
1338 1496 53
450 68 2
122 514 2
1355 983 33
903 289 2
1565 101 26
1459 191 16
71 658 0
499 3 10
1128 1555 2
1480 309 33
903 581 2
334 254 12
882 178 1
67 1014 0
1403 1578 5
1328 419 7
459 355 8
1114 160 33
958 293 0
447 937 8
1371 976 29
880 1395 7
635 155 1
441 369 3
507 1114 1
191 366 2
1452 226 3
1211 1033 2
417 116 2
973 1177 2
635 447 1
974 349 2
847 1457 7
870 728 8
303 881 3
1262 412 5
534 910 2
841 889 2
170 646 7
333 1325 5
494 993 2
1570 116 8
291 1125 8
1500 1376 2
1404 229 33
494 1384 8
721 673 27
1301 355 7
384 1374 7
539 485 30
1160 293 0
419 197 8
903 1548 5
237 447 1
267 104 27
1480 658 0
913 585 5
98 851 30
50 203 2
1112 1176 15
514 957 8
1084 834 8
167 309 2
841 1108 8
155 599 2
1185 1550 8
1225 1514 0
1261 982 1
1079 620 30
475 514 2
1460 856 20
1301 958 3
912 1345 2
1447 1170 0
596 259 8
1026 1309 2
938 233 27
270 1617 3
940 264 7
565 1449 2
919 240 2
876 607 5
157 267 55
1000 441 0
240 458 2
1028 707 2
1037 1062 8
442 1026 2
609 937 8
194 543 1
689 1138 2
1045 1128 8
915 492 2
568 613 6
789 818 2
211 92 78
1461 553 2
1561 1102 37
81 1296 2
101 622 2
1466 832 1
1328 1566 37
1421 1062 5
447 858 12
390 1325 5
324 1314 2
205 1404 7
344 793 8
1100 345 0
203 1168 2
495 1325 5
265 603 52
266 1014 0
551 894 2
551 498 2
910 891 8
1217 433 7
670 65 8
551 848 7
314 210 2
1080 233 27
154 856 20
723 338 5
24 1514 0
1124 377 8
259 1578 5
1444 351 2
1444 747 2
1210 939 7
272 1118 5
1217 937 48
278 697 1
1403 139 5
350 1341 30
1450 239 2
1123 83 8
873 80 7
43 1374 7
1508 377 5
635 1070 7
1211 350 2
1219 65 8
945 853 12
1341 387 8
818 1206 36
1281 1062 6
311 1239 30
1404 297 2
847 18 7
45 219 2
377 666 12
876 533 3
1295 619 27
147 1260 2
154 551 2
1287 1329 2
297 646 8
841 138 2
317 1184 5
600 986 2
1061 1084 2
915 1251 1
859 68 24
1101 705 5
594 318 2
697 1608 2
1288 1550 8
227 1055 1
591 1314 2
590 278 2
934 324 2
729 692 19
817 568 7
701 1184 2
69 1070 5
689 1078 2
558 1084 2
925 360 2
1242 233 27
320 903 6
519 1499 10
1355 1351 2
1457 1564 1
1208 441 0
808 942 2
707 676 2
192 976 30
1316 483 15
418 726 30
440 684 2
1391 377 8
253 102 8
445 1296 2
337 894 27
1252 249 8
889 1418 2
1444 1443 2
593 108 8
994 584 12
1355 1575 2
673 147 8
1329 1243 7
689 90 8
555 701 2
1181 1057 5
681 766 8
219 325 2
774 350 2
70 291 7
185 762 27
1506 115 15
981 1314 7
1315 553 52
447 491 2
634 1418 7
1196 619 27
144 1102 5
426 421 2
499 1046 12
1570 129 8
867 932 2
191 311 2
876 891 8
1200 1296 8
398 1456 2
859 762 2
1217 119 8
308 417 2
183 1086 8
248 754 5
1110 554 2
1550 834 8
884 1307 13
434 873 14
980 881 3
284 893 2
721 722 27
1295 808 7
21 681 27
1376 1388 1
959 770 2
719 340 2
23 789 2
573 903 1
1287 1561 2
1085 789 13
485 433 7
796 1153 6
1127 412 5
379 873 2
255 981 2
1561 53 35
1224 1239 30
42 726 50
479 553 2
792 1550 7
1232 412 5
640 658 0
347 1395 7
780 681 21
172 1070 5
446 1246 37
1564 1112 57
1148 1230 2
1467 1328 1
235 479 2
1025 568 7
1028 256 2
1001 1090 2
359 925 2
454 681 2
1463 833 7
1454 915 2
442 575 2
1364 272 2
1191 1285 5
901 1418 7
789 367 2
912 1217 8
139 476 30
301 144 77
519 1173 1
1561 178 2
627 293 0
1421 215 5
1199 856 5
952 1608 46
550 1009 2
681 1003 2
997 1296 7
1357 732 7
1266 39 8
78 681 27
1460 600 2
1001 1314 2
652 1217 7
183 681 27
1106 1314 2
653 873 33
141 452 9
416 409 2
1015 737 2
906 796 8
642 555 2
792 40 8
350 598 30
729 638 27
476 960 30
524 551 2
847 1342 7
371 441 0
1303 1570 7
1219 1217 8
1446 581 3
1124 1070 5
723 1381 7
155 552 2
514 596 33
1187 568 7
1515 856 2
739 609 2
1084 753 23
883 1239 30
618 859 2
1458 905 30
584 36 16
891 412 5
1510 882 2
551 203 5
159 420 2
359 1329 2
33 350 2
498 677 2
928 934 7
1004 1153 6
668 980 1
163 387 8
866 156 15
978 823 30
1000 1014 0
1472 523 57
689 685 7
40 63 8
641 1070 5
126 1062 8
104 514 2
772 627 7
148 50 70
841 1118 5
247 568 7
1329 1415 37
1179 701 30
624 676 30
1035 462 8
1340 1376 2
218 905 2
221 516 2
441 863 7
1220 284 6
1114 77 2
88 1114 7
205 374 7
218 1296 8
1069 1024 30
673 92 8
274 469 5
540 533 2
1357 983 33
439 86 7
1178 441 0
1317 314 27
406 1197 7
809 750 30
789 888 23
519 463 2
514 1292 33
267 1081 27
750 433 7
750 37 7
819 393 5
1304 524 7
191 355 8
463 553 71
750 766 8
65 298 7
507 1395 7
626 619 27
284 942 2
494 591 2
303 37 8
514 628 2
315 1456 30
1310 255 2
1296 1574 2
1061 1329 2
721 667 27
722 1166 1
721 271 27
1404 474 2
616 1309 2
1055 377 7
278 620 2
266 910 2
266 514 2
607 1345 2
348 690 1
271 1230 2
259 1124 2
603 855 2
454 950 16
505 200 2
813 1611 2
1520 92 8
255 1030 2
1084 36 8
726 21 8
259 1416 2
267 298 7
1376 1265 1
241 350 2
101 1162 1
1507 93 2
617 278 2
384 404 7
543 454 41
814 1395 7
803 903 2
565 1047 2
925 933 2
371 387 8
905 1449 2
1208 1014 0
1166 80 8
908 420 6
267 27 55
322 1176 7
468 910 2
915 49 1
565 979 2
852 1231 41
365 65 8
388 1206 36
903 411 2
54 412 5
837 441 0
1225 377 48
876 1199 7
674 200 33
551 492 2
1022 1482 8
1037 1304 5
1506 1514 0
563 197 8
199 726 2
1328 937 7
855 651 5
1446 1468 2
247 1070 5
996 1384 8
285 619 27
861 1355 2
1444 241 2
135 1315 5
862 789 2
1570 702 8
383 574 2
1564 93 2
1197 929 7
623 1035 2
1179 155 7
600 273 6
768 101 8
273 240 2
721 1295 27
1548 226 3
1184 808 8
1058 1035 2
546 1239 30
43 404 7
369 514 2
723 1200 2
609 840 2
468 1314 2
34 1589 38
1502 401 2
259 45 2
216 412 5
272 80 8
823 1230 7
163 40 8
1024 961 2
1053 147 8
29 646 8
361 726 2
658 1528 1
596 772 14
1375 387 7
555 903 6
1284 282 23
917 681 27
434 1153 6
1028 829 2
974 1124 30
913 540 2
675 684 2
442 1148 2
267 947 55
193 721 57
780 684 2
1239 1415 2
438 770 7
903 1097 7
307 1114 2
878 233 27
262 267 55
1023 743 3
1459 101 2
1216 433 7
1358 231 2
1561 751 2
438 1062 7
903 1389 7
1082 939 15
329 1418 7
759 568 7
88 663 7
1346 417 2
434 1418 7
1035 47 8
286 1295 1
634 1062 2
514 513 26
417 620 27
1084 1491 7
185 256 27
1304 177 7
1014 269 8
183 689 2
208 376 3
769 1419 8
532 344 2
371 1014 0
267 1026 27
1114 246 2
859 360 2
62 543 2
847 650 2
1002 950 14
1126 50 14
1446 717 2
770 533 3
1179 387 7
1438 646 8
1316 80 7
1110 147 8
621 1304 7
592 1127 6
168 1556 2
747 309 33
870 167 8
1184 1395 7
83 936 8
267 958 27
1249 1419 5
790 1475 5
1376 590 1
980 37 8
1304 401 7
0 441 0
1515 1033 2
382 1550 7
1404 419 2
159 701 2
162 447 2
603 112 2
1380 603 2
1299 374 2
1085 387 13
485 369 2
259 1069 2
1193 21 8
721 148 27
252 672 27
816 568 7
938 882 2
808 480 2
424 412 5
1033 739 27
1188 642 50
1479 677 2
1505 1062 8
1472 1246 1
485 296 8
1483 514 2
278 883 14
322 293 0
65 1548 5
485 588 8
1176 269 8
216 873 2
1479 609 2
350 158 8
185 223 26
889 101 26
450 531 2
774 540 2
1123 568 7
347 1550 8
1409 441 0
1302 1325 5
281 101 26
1550 1133 2
308 315 2
718 1502 0
162 441 0
1307 83 6
1093 493 6
718 1176 15
1093 97 6
1445 254 12
1178 1014 0
681 562 23
199 1062 8
22 642 30
631 646 1
819 1070 5
559 102 8
1304 805 7
1570 355 8
202 1008 39
1304 1097 7
315 424 8
681 820 8
420 424 8
420 325 2
1416 726 2
1191 920 74
623 980 2
420 716 8
502 1230 2
873 902 44
374 1047 33
1570 183 8
147 511 2
933 1475 37
152 831 2
49 282 23
934 809 1
26 365 2
150 619 27
1412 978 2
273 873 2
373 215 7
1515 350 2
145 1395 7
980 1459 30
1062 318 2
1496 1503 38
1042 1230 2
723 848 8
928 870 2
377 129 2
1181 881 3
1454 393 5
582 1358 2
276 119 8
1539 139 3
255 1161 7
278 823 14
56 724 30
978 421 30
1358 1555 2
1 856 6
1053 92 8
435 735 6
143 1086 8
1206 156 15
1535 147 20
335 677 2
689 179 7
361 1062 8
1354 1357 2
337 145 27
1316 702 5
530 293 0
551 1133 2
1025 1419 8
551 737 2
897 1550 7
1315 1079 52
1351 808 7
494 1554 0
238 540 2
1000 1314 2
665 1128 2
837 1014 0
1080 735 6
80 677 7
206 689 2
555 1550 8
908 92 8
789 916 8
1565 272 2
265 441 0
906 626 8
1357 622 34
954 1227 52
1084 702 12
447 75 3
929 910 5
1337 393 8
642 1073 2
533 1033 2
409 1141 2
982 728 8
1066 721 1
1561 920 2
318 663 8
1329 264 2
55 1296 8
872 399 2
1090 433 7
514 1491 7
1563 21 8
620 259 2
499 113 2
30 1033 2
600 846 6
735 1213 7
1084 1305 8
155 732 7
754 390 8
224 377 5
387 1127 7
928 1206 2
439 347 30
1151 1502 2
374 1407 2
226 983 30
261 284 33
388 83 8
870 481 9
568 792 6
519 678 30
454 1166 1
162 387 8
150 974 2
499 728 8
272 1616 55
450 1184 6
255 128 2
1035 365 2
189 293 0
772 1640 77
215 1453 2
1188 191 50
951 916 8
917 757 2
1039 40 8
1481 1150 7
723 97 8
1319 1518 0
915 1250 1
337 773 27
502 476 30
609 75 3
907 1314 7
873 1179 31
1035 693 2
325 83 6
425 1325 5
569 1062 8
1364 1418 2
1382 147 7
1329 1245 37
546 1507 12
314 1077 2
1140 297 2
221 1138 2
41 1252 14
1358 804 2
1128 937 7
208 684 2
673 219 2
441 1381 7
1114 991 2
681 249 8
1225 267 48
555 476 2
778 219 2
540 759 2
543 370 2
446 436 2
1552 1314 7
23 485 30
1114 1283 2
624 1404 1
368 915 30
368 519 30
997 83 7
377 850 6
1093 438 6
766 1197 2
528 945 2
720 594 1
809 476 30
185 829 27
409 166 2
1321 1217 8
419 1296 8
1223 859 2
874 92 8
1084 1291 33
939 75 5
65 524 7
603 1045 53
543 297 8
655 83 8
913 974 30
199 147 8
721 497 27
494 713 2
1084 330 8
255 928 2
1539 1125 8
173 450 2
0 1014 0
178 770 2
1055 603 7
1301 75 7
1404 992 2
303 533 3
155 983 33
48 1056 2
603 1081 2
303 487 8
1039 1033 2
128 1252 2
335 1564 1
265 387 8
191 85 45
1382 551 7
751 284 14
543 919 30
1111 345 66
148 1419 8
42 226 3
350 1200 2
565 1227 7
820 1550 8
584 269 8
565 1565 2
1155 390 8
978 366 30
702 974 7
1008 255 2
45 1239 30
772 860 77
899 565 7
552 1561 2
689 899 3
721 484 9
770 1199 7
447 670 2
677 1148 2
681 858 12
646 544 21
583 663 8
219 796 2
657 1561 2
350 1127 8
1304 280 5
1315 1024 52
63 1290 5
27 915 30
1128 300 2
939 59 8
185 1525 27
550 388 2
737 272 31
361 543 8
657 450 33
847 1581 7
325 976 7
651 1600 38
162 1014 0
417 218 27
844 701 30
1006 197 8
1413 1418 7
170 1062 7
1216 296 8
155 1578 5
1092 701 2
1128 128 2
642 622 2
603 739 27
387 848 7
1561 527 7
931 1325 5
543 1321 8
619 1243 7
303 891 8
1451 226 3
177 1217 8
343 1070 5
1476 450 30
398 152 2
252 377 6
1265 808 6
855 314 2
1176 590 1
514 702 12
420 898 2
406 276 7
485 863 6
277 793 8
30 978 2
1507 824 57
726 844 2
721 1417 27
1515 235 2
727 1070 2
381 450 2
439 292 30
553 53 35
340 162 7
315 535 30
916 1395 7
377 743 3
255 177 2
255 172 8
722 974 2
381 377 8
1024 1479 2
659 412 5
696 584 2
903 1333 2
619 129 8
1466 1644 1
689 798 2
71 1376 15
934 435 8
1030 26 2
454 1084 2
99 1531 1
723 42 8
337 322 27
981 40 5
789 1562 2
219 1424 2
565 126 2
41 905 14
324 974 2
735 481 9
832 441 66
1382 92 7
786 1550 8
1459 723 2
783 102 2
417 914 27
1181 845 5
112 309 7
420 223 26
665 197 8
185 154 27
54 293 0
269 658 0
857 681 27
228 108 8
265 1014 0
545 1024 2
872 1436 2
479 658 0
981 259 11
417 1138 27
191 1144 44
1014 495 8
328 80 8
855 568 7
613 735 6
279 1358 27
595 551 40
592 421 50
1184 233 27
1131 1168 55
805 485 30
318 1197 80
1329 837 2
1014 787 8
765 101 8
269 1418 7
750 150 2
363 1578 5
871 291 8
1326 1086 8
867 256 2
398 780 2
681 22 8
750 937 8
1183 1395 7
498 856 2
1227 83 8
1179 1301 7
494 325 1
309 1267 14
377 1106 2
117 1292 30
600 627 6
514 1291 33
387 97 7
1303 594 7
117 1106 1
1271 789 2
599 274 12
381 974 2
45 859 2
140 219 2
195 1230 20
1458 50 41
24 789 2
1035 1042 2
420 958 5
1506 476 33
917 642 2
411 272 20
720 1419 8
321 293 0
1177 789 8
594 1349 8
170 974 30
661 83 6
396 724 30
95 808 52
346 808 8
658 1462 7
435 1062 7
625 412 5
982 739 67
1196 1325 5
459 716 8
334 284 33
51 676 30
1284 83 8
565 1437 8
1458 426 7
1260 663 8
689 88 3
681 443 12
613 272 20
651 857 38
1316 611 1
689 42 8
1114 837 23
729 1568 2
632 1197 1
1001 254 12
878 314 2
1092 750 2
411 259 2
167 272 31
328 1396 8
1304 1323 7
829 101 26
872 854 27
1128 172 8
1212 147 8
102 960 30
876 32 8
951 73 21
65 1097 7
1437 976 7
719 377 6
1328 936 7
84 40 2
979 1358 2
939 1377 6
1084 512 2
65 1389 7
106 536 30
1541 278 2
30 235 2
622 723 2
768 272 8
514 1381 7
676 1124 30
39 1395 7
350 98 16
479 677 2
1554 309 33
508 808 8
259 880 33
1448 831 30
738 80 8
148 1309 2
836 789 8
723 1371 2
485 1515 2
787 412 5
1275 550 7
729 116 8
127 393 2
348 178 1
468 1101 12
374 901 2
115 246 1
259 216 2
723 929 7
227 428 1
1365 995 1
499 326 8
255 122 2
1052 92 8
1037 672 2
42 65 8
1158 813 8
1024 1424 2
458 831 2
337 335 27
1053 219 2
450 1057 2
1075 873 30
1327 412 5
346 1395 7
552 1446 2
925 25 2
1044 646 8
976 1268 5
737 476 30
836 723 30
844 1446 30
1024 960 2
442 877 7
1164 102 8
421 812 1
1092 1446 2
1031 543 2
906 1212 8
344 1086 8
303 1199 7
157 1325 5
661 102 8
569 92 8
417 395 27
1232 259 48
869 1239 2
901 387 7
95 197 8
986 1345 2
409 1367 2
1545 1418 7
1014 44 8
281 723 2
270 255 27
613 284 6
494 1371 33
759 905 2
913 536 30
289 393 2
426 86 2
756 1550 8
842 514 1
191 75 8
922 536 30
937 1418 7
759 1296 8
1446 533 3
1031 856 20
99 65 8
872 958 3
870 384 3
867 988 8
592 506 6
462 459 5
252 619 27
377 1447 2
843 677 2
195 101 8
318 282 80
1304 176 7
508 1395 7
115 179 15
102 1315 5
464 1325 5
396 47 8
382 1325 7
849 565 2
1404 590 2
594 283 2
607 377 2
387 42 7
899 663 62
1472 647 57
945 1457 8
155 1583 8
1510 1230 2
1025 1274 12
4 183 6
642 1124 30
259 844 2
162 910 2
162 514 2
377 937 7
534 925 10
688 812 1
939 1396 8
565 475 2
40 119 8
605 387 8
383 1169 39
255 1042 2
834 978 3
219 667 27
101 160 16
988 1314 5
135 167 8
1403 47 7
918 417 2
125 536 2
565 595 53
905 1169 2
1022 937 7
240 464 2
540 1053 2
144 63 8
577 409 2
442 1505 7
502 651 41
832 1014 66
1166 688 39
903 27 53
550 942 33
1357 151 2
1114 821 2
438 200 2
1180 1170 0
22 485 30
978 1004 27
1108 1418 7
945 1118 5
300 420 2
23 315 30
1114 717 2
1289 1176 15
1025 102 8
552 1086 8
442 172 2
200 1581 8
447 533 3
1315 554 52
789 63 8
867 1293 2
650 950 33
442 167 8
875 1062 8
1223 689 2
1144 446 35
859 763 2
318 1374 80
292 1028 2
441 269 8
591 925 10
69 1024 2
401 1418 7
974 295 2
82 663 8
979 219 2
862 1296 8
1392 646 68
162 1314 2
603 979 2
1317 92 8
1400 1304 7
197 533 3
53 1274 2
388 568 7
674 441 0
173 676 2
1043 870 57
915 1180 21
1084 848 8
1522 1217 8
1163 651 53
1261 996 1
1015 761 15
535 200 85
684 1373 0
716 1395 7
950 1099 2
1391 1079 2
651 125 40
14 681 1
735 1125 8
1193 424 8
772 862 77
1160 282 23
552 293 0
377 341 3
976 1194 30
1176 1578 3
1166 1488 39
85 396 41
476 1100 2
1173 284 33
111 735 52
1467 1329 1
1037 221 2
527 441 66
701 502 2
1466 846 1
278 890 14
951 63 8
1552 1070 5
903 1223 2
454 682 2
205 1418 7
1166 32 8
915 438 2
350 957 8
916 1550 8
193 441 57
377 1335 5
1408 1014 0
1296 1578 5
1317 1358 27
1283 1170 0
1000 1101 12
774 233 27
982 139 1
1316 1184 1
308 1114 2
655 568 7
1019 377 8
804 147 8
813 939 15
76 750 2
197 891 8
980 1199 7
420 796 2
84 681 2
671 291 8
681 622 34
980 1491 7
1009 65 8
88 315 7
1376 926 15
995 1384 8
1301 601 7
395 1028 2
183 409 2
1424 1217 7
698 412 5
847 32 7
250 646 5
317 90 8
1177 337 27
747 1140 2
183 701 2
66 235 2
506 65 8
374 1250 2
434 191 14
1314 160 33
147 914 2
41 543 7
1179 795 7
350 671 16
1239 1392 30
374 523 23
998 200 29
367 1418 7
108 1118 5
945 1407 2
628 387 8
681 718 10
847 256 7
292 272 8
847 297 8
271 603 2
701 1198 2
483 1217 8
180 592 30
142 1079 2
831 844 2
1001 925 10
227 605 1
1307 101 8
337 616 27
1106 925 10
917 240 2
684 704 2
442 854 27
1355 901 2
808 492 2
453 1376 2
28 646 8
197 88 5
925 598 2
1383 293 2
1117 1395 7
442 1554 7
454 1206 2
408 1070 5
148 102 8
1468 867 7
282 1000 5
238 646 8
383 148 20
852 1239 30
860 412 5
1252 533 3
83 1133 2
417 1036 27
185 380 27
212 553 2
395 995 1
550 858 12
80 684 7
1252 487 8
1536 1325 5
264 1014 0
226 1525 2
893 940 2
83 1029 2
228 235 2
27 750 30
200 1135 2
1231 21 8
375 476 30
1122 377 8
357 412 5
981 485 11
1446 853 12
1296 139 5
980 166 2
1395 1335 5
1203 83 6
528 1070 7
519 1152 2
1138 1325 5
69 677 2
737 1128 2
665 543 8
1058 681 27
770 881 3
117 1518 30
315 1457 30
1176 133 1
1078 1418 7
841 780 2
893 147 45
442 1548 5
377 1578 7
154 729 2
847 1321 8
55 221 2
747 92 8
40 1156 8
443 225 5
1340 1325 5
1238 1124 16
1275 1355 7
829 251 33
856 424 8
601 101 7
91 459 5
661 377 6
603 1148 2
494 1207 8
1322 284 14
945 719 8
514 848 8
1246 1231 17
139 92 8
976 1139 30
56 152 30
610 376 3
1 284 6
1468 1563 7
594 783 8
1541 387 8
917 1556 2
106 609 2
56 840 30
592 1119 50
1455 1564 1
520 684 0
99 345 0
876 739 67
621 1062 5
349 681 2
1154 663 8
442 917 2
155 21 8
551 119 7
1001 1328 2
231 677 2
790 750 7
202 541 2
1252 724 2
1106 1328 2
178 684 1
1304 55 5
109 147 8
980 1258 2
1252 719 8
1002 1608 2
317 685 7
269 1070 5
1332 1329 1
1000 254 12
291 1029 2
1022 172 8
878 540 2
1098 1090 2
804 92 8
531 1355 2
978 616 2
291 1321 2
1336 1296 7
409 569 2
877 903 2
417 285 27
721 1364 27
737 1418 7
266 441 0
1404 1567 2
524 101 2
1217 881 59
398 31 2
267 399 27
848 284 6
719 603 6
309 28 2
1437 651 69
327 873 14
824 603 6
306 808 8
176 568 2
450 1204 30
406 92 8
721 900 27
1253 1170 0
1555 26 2
978 881 3
872 114 8
674 1014 0
579 1015 36
368 272 31
1030 101 26
499 958 3
387 1243 7
267 623 27
1413 147 8
1458 851 30
1550 75 3
945 1352 2
565 638 27
154 442 2
1518 147 8
601 729 7
272 938 33
568 908 6
1028 898 2
271 147 8
259 0 7
1145 1062 7
477 553 2
1183 476 29
1052 219 2
1171 1389 8
32 398 2
316 443 10
613 808 8
374 453 34
1373 1170 2
348 1029 2
708 465 2
450 1283 2
455 1166 1
447 1491 7
701 1075 2
899 676 7
1025 1084 2
1152 191 2
1481 974 7
672 893 7
1355 858 12
1472 230 17
1239 1416 2
494 1214 0
1316 1050 5
1035 116 8
858 1490 5
1450 34 53
193 1014 57
678 723 2
950 720 15
594 32 8
1327 903 6
889 1309 2
1332 1561 1
672 1163 2
185 325 27
997 267 7
536 1299 2
1355 732 7
313 923 32
1126 83 7
1537 412 5
189 1007 2
108 719 8
258 315 30
1232 485 48
540 479 2
867 495 2
872 1211 2
650 1550 8
704 750 30
515 1084 1
233 495 8
468 925 10
417 913 27
1239 32 8
1563 833 8
922 726 30
1084 1388 7
299 1619 2
1093 158 6
1011 1212 8
192 550 2
147 1555 2
641 677 2
1056 284 6
1316 23 2
609 1199 7
867 719 2
463 1325 5
176 1150 7
53 476 2
284 492 2
692 808 6
291 273 8
609 1491 7
721 217 27
377 1173 2
255 648 2
737 609 2
488 681 27
651 638 40
284 779 8
980 330 8
616 859 2
1158 1298 7
23 284 2
1275 1404 7
1238 381 16
377 458 33
1197 116 8
48 380 2
117 1173 1
1259 808 7
340 1253 7
485 662 2
1206 1200 15
259 1362 2
247 1314 7
267 244 7
457 1301 2
594 436 8
350 628 2
582 726 8
442 739 27
696 987 2
1039 393 2
1502 607 33
269 115 15
240 294 2
108 686 7
135 685 8
681 670 2
314 1133 2
221 986 53
1359 1446 2
1035 1041 2
1316 75 5
1474 447 2
1155 88 3
925 444 23
1304 104 5
216 770 2
1179 1070 5
1155 42 8
219 516 2
552 554 23
22 315 30
681 602 2
1284 1070 5
479 663 8
565 1212 8
833 293 0
191 606 2
1518 1170 0
401 1475 37
531 1404 2
499 686 67
878 147 7
686 1514 66
295 550 2
441 495 8
1304 1098 7
127 485 30
958 793 7
980 1031 2
721 913 27
304 1314 7
1421 808 7
303 220 2
350 781 30
516 272 2
441 787 8
1188 65 7
1314 77 2
200 32 8
62 1418 7
255 1469 47
836 1033 2
403 291 8
1200 108 8
148 377 6
1058 689 2
379 1168 2
872 59 8
1176 1097 7
259 223 26
178 1217 8
1176 998 1
1012 99 0
255 1568 2
594 1487 7
1176 1389 7
602 1418 7
1200 40 8
1239 1282 30
128 1496 53
49 191 33
1520 1062 8
503 200 2
925 1575 2
945 901 2
1518 92 8
658 1105 0
663 1087 5
1131 303 20
908 1062 6
167 476 8
915 295 1
271 92 8
337 837 6
729 183 8
127 856 2
1079 292 30
722 793 8
907 1093 2
1442 1355 1
232 1252 2
917 1395 7
1379 315 2
450 57 6
903 1449 2
25 102 8
903 1053 2
555 412 5
453 974 2
1466 968 1
672 488 2
1319 99 0
689 1305 8
368 646 8
542 774 2
314 54 2
337 438 27
70 1564 12
551 1030 2
450 1160 2
1535 1128 20
1031 26 2
1561 1566 37
52 412 5
1128 252 2
1479 219 2
1214 1197 2
157 412 5
1450 479 2
728 1325 5
816 83 8
1451 309 2
913 314 2
323 750 7
1336 1181 7
1563 90 8
168 882 2
144 250 5
419 278 2
856 865 52
1241 1014 66
873 986 2
1562 950 33
398 604 2
194 267 55
701 384 5
880 1217 8
81 873 33
731 770 2
603 126 2
981 1024 2
284 437 2
1084 596 33
191 692 44
766 789 8
227 1295 1
1139 272 31
267 1196 27
1158 1243 7
1000 925 10
1306 101 8
980 381 30
484 1561 84
486 1090 2
349 1274 12
489 701 2
563 101 26
191 1578 5
1494 1155 7
591 1090 2
1035 762 2
396 46 8
255 916 8
316 1016 10
450 1081 6
81 568 15
27 646 8
36 1556 44
565 938 2
1160 83 8
502 873 30
80 1374 7
1120 1309 2
1128 1298 7
104 1033 2
314 1078 2
674 514 2
1138 646 48
122 235 2
1570 1243 7
540 1120 2
880 1230 2
1128 880 2
258 1168 71
185 898 27
681 151 2
27 976 30
1483 684 2
903 297 8
1114 1284 2
1231 148 2
99 978 3
205 789 7
441 112 8
442 384 3
200 1315 7
540 1052 2
1093 43 6
634 1153 6
855 1358 2
809 873 30
263 293 0
872 1342 7
69 903 2
1337 1314 8
1525 519 2
144 1566 5
1081 1062 7
313 1322 13
83 1479 2
1084 1292 33
441 44 8
501 441 0
854 568 7
1231 471 8
317 1236 8
898 102 8
1108 147 8
592 1305 6
1282 945 1
494 1110 2
913 770 5
162 1101 12
445 1170 0
1213 147 8
115 138 1
1322 83 8
1283 200 33
270 677 2
1404 993 2
514 36 33
1475 742 57
834 1070 7
395 102 8
863 40 8
507 226 3
361 393 2
836 514 2
1024 1417 27
374 329 2
488 689 2
171 65 8
1391 808 7
581 233 27
367 543 2
139 219 2
1540 387 8
1404 611 34
1296 21 8
772 929 77
1110 450 5
476 1271 2
147 285 2
350 805 2
1024 852 2
1041 882 2
494 998 29
1155 787 8
746 974 5
982 1310 5
1252 622 2
596 272 8
912 1358 2
900 1252 2
31 553 44
1037 387 8
793 183 2
184 1374 57
701 569 2
907 282 2
1259 340 2
563 393 2
269 1376 15
1155 719 8
790 976 7
442 1039 2
889 219 2
447 1359 2
878 1230 2
101 384 3
187 1166 1
307 609 2
350 1420 8
226 380 2
672 365 2
934 32 8
315 675 2
651 1601 38
1357 858 12
1180 658 0
1274 421 9
153 888 57
1128 588 8
1232 83 48
712 1070 5
452 102 8
1285 658 0
1443 254 12
1444 468 2
817 1070 5
638 233 27
800 948 15
91 215 3
424 934 8
267 917 27
995 53 33
1509 1498 57
759 1062 3
309 546 2
183 476 2
945 1250 2
609 1135 2
731 377 7
847 495 7
176 1086 2
872 241 2
374 1025 2
35 903 2
503 841 2
377 433 7
379 1345 2
1181 1581 8
167 726 2
747 200 33
377 771 2
1539 47 8
499 747 2
315 1292 30
148 619 27
155 236 12
69 147 8
147 981 2
1054 1217 8
978 1459 30
14 1084 1
939 54 6
1472 763 57
738 32 8
195 1325 5
154 663 8
592 158 6
575 903 2
380 314 2
519 624 30
315 1224 30
729 365 2
907 1374 2
220 681 27
789 81 10
138 377 1
829 40 8
101 1097 7
677 739 27
855 536 30
1158 1161 8
973 1578 5
501 387 8
874 1070 5
1166 1227 8
226 1076 2
837 934 15
934 728 8
314 335 2
455 619 27
309 844 31
565 127 2
428 987 2
540 773 2
9 1217 8
1536 412 5
1447 910 2
519 266 1
598 750 30
185 843 27
1014 815 7
317 269 8
653 681 2
555 26 2
1523 646 5
681 487 8
872 1041 2
459 21 8
1355 622 34
704 976 30
70 350 2
872 1333 2
211 663 8
1548 1062 7
1223 409 2
737 903 2
487 1395 7
499 1443 2
317 97 8
1303 663 7
603 595 53
182 68 2
541 65 8
125 412 5
850 915 2
850 519 2
1329 1125 8
836 235 2
297 1418 7
620 729 2
1282 494 1
1299 1357 2
860 1550 8
1436 393 2
1213 92 8
1397 1570 7
208 851 30
26 256 2
343 658 0
145 540 2
489 603 6
536 1282 30
261 274 12
541 284 14
1404 998 29
476 528 2
703 603 2
729 1384 8
1516 125 2
1460 568 15
350 458 2
1176 861 2
337 39 6
1155 44 8
1078 147 8
900 905 2
1152 1395 7
343 1314 7
119 770 2
106 676 2
575 147 8
1114 853 12
316 297 6
551 628 2
383 167 30
632 1266 1
725 293 66
1024 625 2
217 1217 8
322 867 33
185 1075 27
392 412 5
315 620 2
16 776 5
441 685 8
102 959 8
147 212 41
658 21 8
1106 284 33
126 485 30
380 272 20
1308 1377 6
1446 329 2
421 450 2
1502 820 15
182 1452 2
1304 928 7
278 1488 2
72 1217 8
466 1475 5
514 1428 2
1354 658 0
398 98 2
148 603 6
197 881 3
1359 594 10
151 278 2
1314 264 23
617 808 7
350 338 5
147 1030 2
739 726 2
402 65 8
507 65 8
1160 1357 2
1162 651 53
1275 155 7
359 1446 2
1037 1033 2
873 513 30
357 476 2
126 856 2
126 1252 2
642 893 30
772 1210 77
21 757 2
592 936 7
1402 789 2
380 259 2
498 789 8
689 766 7
930 514 38
163 108 8
1024 1029 2
1035 256 2
1252 1195 2
1044 1166 38
3 387 7
449 314 2
235 1120 2
349 1084 2
1316 533 5
278 31 14
1358 763 2
440 350 2
104 235 2
348 736 2
267 52 8
440 642 2
233 46 8
417 464 27
805 101 8
540 322 2
570 387 8
1135 259 8
905 78 2
1221 1217 7
80 404 7
314 504 2
531 155 2
620 450 2
253 412 5
906 1437 8
355 1062 5
872 1377 8
293 825 8
267 1198 27
865 1550 7
1084 890 33
164 1418 7
750 492 2
929 1325 5
750 533 3
143 1157 62
341 1070 5
847 718 2
317 438 8
317 42 8
151 568 7
681 1518 0
976 534 2
1194 568 7
1135 485 30
471 1153 6
1090 848 7
101 1190 41
841 104 2
345 1421 1
499 248 12
1061 1446 2
1210 291 8
494 1000 2
385 663 8
272 849 2
594 680 2
1539 958 3
374 883 33
1033 1375 27
476 700 32
630 102 8
1193 806 50
939 627 6
538 92 8
205 1257 77
145 485 2
1403 116 7
594 612 2
1054 83 8
267 852 8
707 642 2
602 543 2
1322 4 14
666 376 5
1382 442 7
255 647 2
551 513 26
594 607 8
127 102 8
865 40 8
808 944 2
703 543 8
233 1097 7
140 92 8
582 793 8
1039 856 2
1075 191 30
690 940 2
673 514 2
1123 808 7
1358 1391 2
334 945 2
1357 512 2
787 770 2
383 216 30
869 101 26
446 685 7
1035 1207 8
1454 873 2
1155 213 8
1252 881 3
1131 101 33
641 856 2
191 381 2
676 349 2
633 1153 6
281 314 27
1474 550 2
1449 350 2
48 690 1
905 1389 8
658 1574 2
1093 269 6
551 167 7
83 667 27
82 1128 8
1550 863 7
1316 453 1
542 145 2
927 568 15
39 284 6
1215 974 7
906 462 8
1499 1357 10
409 289 2
978 628 2
1079 34 53
1080 882 2
393 189 27
303 391 2
1120 83 8
603 1127 52
543 1212 8
1137 1325 5
420 497 2
606 550 1
278 1037 2
1403 875 6
1100 274 12
454 1314 5
544 851 30
359 293 0
551 823 14
721 620 27
226 199 30
731 267 7
1186 1062 7
270 903 2
446 546 35
1390 363 1
829 976 7
721 912 27
573 1197 1
454 553 41
1184 1217 8
387 1004 8
26 829 2
369 235 2
205 282 77
1031 101 26
876 1310 5
337 320 6
1414 147 8
735 626 8
1383 1395 7
377 296 8
750 1341 30
144 1156 8
1160 191 33
423 101 26
1193 823 30
1344 721 57
167 147 8
110 614 1
377 588 8
447 1315 7
155 437 8
450 228 6
316 938 6
337 281 27
344 417 2
1155 1305 8
235 773 2
450 1003 2
1037 514 2
834 646 8
701 399 2
344 808 8
1466 743 1
372 65 8
340 277 7
218 1035 2
653 1274 12
449 259 2
551 909 2
442 531 7
1110 982 7
442 869 2
406 1472 5
101 173 2
1468 240 7
623 412 5
1219 1314 7
162 925 10
1242 882 2
226 210 2
436 255 2
506 272 20
1258 663 8
315 505 2
53 117 30
226 898 2
226 502 2
736 1153 6
185 45 27
1550 1491 7
217 83 8
995 347 33
440 519 2
1536 905 52
974 1284 2
417 341 27
642 453 2
192 374 2
1314 229 33
530 1355 2
642 1578 3
1264 1206 36
273 1345 2
736 1418 7
750 437 2
519 421 2
108 1187 5
191 21 8
113 1507 5
43 1217 7
398 671 2
514 2 2
856 1077 2
315 830 30
374 1251 2
1139 873 16
252 565 27
872 462 8
1314 837 23
514 890 33
315 1518 30
883 1608 46
406 1128 8
486 1329 2
910 622 35
1388 808 7
1551 1446 4
1502 1110 2
591 1329 2
978 893 30
934 298 1
599 945 2
377 562 23
29 1418 7
487 1550 8
380 540 2
1166 1125 8
735 47 8
1307 102 8
252 393 27
643 37 8
1181 32 8
255 300 2
368 726 2
393 471 8
1391 689 2
1166 806 39
1329 611 35
250 663 8
20 594 7
596 1418 8
1358 648 2
456 1181 7
1570 1482 7
355 663 8
737 1376 15
910 1097 7
432 1266 1
974 1268 5
772 443 5
550 596 33
551 1491 7
1153 1156 8
334 494 2
1471 1239 59
898 619 27
792 1035 2
417 1037 27
464 536 2
1132 1086 8
1239 453 2
507 345 0
598 976 30
905 1047 2
83 1030 2
665 221 2
185 673 27
572 282 2
1180 1070 5
1329 1127 8
281 259 27
77 812 2
632 4 1
515 1140 1
1438 1418 7
74 1358 2
1454 750 2
872 1163 2
281 551 27
884 1322 13
506 284 6
272 1198 2
267 1375 27
317 719 8
303 39 8
1114 264 23
1029 856 20
98 519 30
1303 1181 7
1303 785 7
1404 452 12
1546 291 8
945 397 2
158 770 2
646 75 3
347 1608 46
841 1073 2
867 1458 8
1376 1335 1
486 1561 2
958 841 7
462 1325 5
747 950 33
281 584 55
1058 409 2
491 278 2
485 1078 2
1507 264 57
1047 233 27
108 436 5
147 524 2
147 128 2
439 1439 30
945 329 2
601 102 7
671 272 31
1037 235 2
317 52 5
337 265 6
30 350 2
1414 92 8
912 841 2
241 202 7
1519 92 8
228 954 7
702 750 7
235 322 2
903 1169 2
903 773 2
1358 1568 2
1122 1079 2
441 250 7
916 808 8
111 1217 8
524 303 20
915 780 2
1001 1329 2
337 489 6
551 458 2
440 240 2
1561 994 37
1024 455 2
337 158 27
314 667 27
1456 417 2
1355 151 2
221 231 2
1444 311 2
805 387 8
773 856 2
1221 757 2
541 200 2
1008 646 8
320 770 2
689 957 8
1014 3 8
1471 92 59
213 92 8
1023 341 3
165 1252 2
221 158 8
830 485 30
270 1252 2
1446 1047 33
409 1258 2
309 29 2
1489 1647 1
398 324 2
290 1419 8
1314 821 2
1314 425 2
108 1132 5
945 1025 2
226 480 30
706 1153 6
1181 1315 7
485 1327 6
1023 1335 5
661 1325 5
127 1376 2
1128 1335 5
479 1150 7
766 1325 5
439 464 30
499 855 3
387 1577 8
273 1217 8
1053 514 2
1258 689 2
135 1437 8
1283 376 3
592 766 7
20 315 7
915 747 1
380 485 2
1028 1295 2
155 368 33
707 240 2
267 54 8
701 1436 2
689 1388 7
818 808 7
102 1517 1
681 1004 27
276 1156 8
582 584 53
442 1510 2
1158 936 8
337 854 27
449 540 2
684 942 2
792 584 53
244 974 29
1354 499 2
1036 1450 2
699 789 8
1120 1128 8
569 387 8
309 911 31
314 798 2
981 108 5
383 432 15
792 980 2
624 915 30
185 722 27
1487 147 8
216 831 2
447 1047 33
1217 1578 59
1252 37 8
226 1075 2
550 1480 2
185 618 27
750 390 2
1446 787 2
398 1416 2
550 753 23
1297 1446 1
651 693 38
1237 1062 8
1565 1309 2
620 676 2
646 1457 8
1084 1389 7
1439 1239 2
144 994 5
502 672 2
1417 233 27
1570 21 8
1539 1310 8
1114 581 3
470 1153 6
543 18 8
1326 1550 8
867 720 2
759 1419 8
205 873 14
1476 750 30
847 502 7
420 90 8
1120 393 5
852 1556 2
594 510 2
1237 115 15
841 622 2
505 903 2
721 114 27
1329 960 35
365 1418 7
255 1337 2
23 681 2
957 83 8
1054 314 2
759 40 8
1472 1458 57
36 1062 8
39 808 8
582 1024 2
674 254 12
1350 1114 1
1292 1007 44
221 1555 2
359 554 23
170 750 30
56 390 30
763 101 26
128 905 2
20 1563 7
244 726 8
808 1457 8
1374 768 2
1028 148 2
422 554 57
1025 793 8
264 934 15
681 1359 2
907 398 2
406 1070 5
913 1358 2
442 462 8
907 393 8
383 338 30
1061 594 10
442 759 2
350 848 8
1304 438 6
221 1482 8
894 259 2
995 322 7
592 893 50
1357 670 2
653 1084 2
220 1035 2
1355 388 2
535 945 2
551 335 2
847 1302 7
624 1357 1
1140 998 29
1120 377 8
988 1166 2
362 1168 71
563 40 8
527 1418 7
1550 1381 7
978 166 2
168 255 2
729 1298 7
291 929 7
417 1337 2
614 135 5
147 675 41
721 914 27
1527 1395 7
1446 596 33
350 782 30
295 447 2
338 676 30
834 1153 6
1214 789 8
1214 393 8
1404 1409 2
573 658 0
808 1118 5
862 1419 8
392 1181 7
1183 92 7
1446 369 3
222 1514 0
485 596 16
1253 1070 5
374 745 2
406 726 8
721 1138 27
377 491 2
917 735 6
1484 808 1
584 1601 38
290 1296 8
267 569 27
1507 837 57
1338 1325 5
226 357 30
499 462 8
170 1446 30
1296 1125 8
1439 485 30
701 693 2
360 393 2
1030 1418 2
320 808 6
974 1139 30
1101 146 5
1376 133 1
689 937 7
442 1163 2
457 619 2
272 220 2
1041 1230 2
1024 804 2
1252 1366 2
722 1086 8
903 1054 2
226 504 2
701 625 2
470 609 2
195 255 20
914 677 2
1024 1492 2
449 485 2
1039 102 8
676 1271 2
596 726 30
102 1097 7
457 551 2
553 947 2
311 1114 1
83 1152 26
789 1283 2
551 1031 2
980 311 31
1481 147 33
440 417 2
85 1301 2
1449 1496 53
551 1381 7
1121 1358 2
316 1388 6
789 1575 2
282 111 15
990 282 57
101 1082 8
217 314 2
315 685 7
185 271 27
1487 92 8
642 1097 7
536 453 2
447 596 33
735 1184 52
1023 936 8
1120 568 7
344 1550 8
108 269 8
1128 936 8
658 820 8
658 424 8
291 1161 7
191 216 2
1284 658 0
328 139 3
634 1296 8
410 315 2
434 387 8
872 1053 2
442 3 8
485 1292 16
293 559 7
293 163 7
915 1282 30
264 441 0
390 831 2
1090 1246 37
846 284 6
980 52 8
912 1070 5
1304 20 7
873 883 2
494 1439 33
867 373 2
876 728 8
1525 681 27
890 1403 14
370 259 20
638 1619 2
1461 1239 30
1251 1170 0
867 269 2
531 550 2
870 114 8
437 65 8
377 443 12
738 1578 3
366 272 31
1299 681 2
284 730 2
1076 677 2
950 269 7
499 699 2
945 883 33
1424 65 7
611 485 2
1176 357 2
584 160 16
1303 315 7
681 1225 0
721 455 27
494 444 23
1181 222 8
439 1037 30
239 233 27
635 197 8
164 147 8
1158 1577 8
291 47 8
388 278 2
1219 1070 5
148 793 8
569 1033 2
1101 1066 5
1378 65 2
1517 772 19
982 287 5
792 619 27
505 485 30
226 1424 2
798 272 2
1250 309 33
305 543 1
463 536 2
796 1296 8
994 554 57
346 1217 8
88 101 26
1474 789 2
1251 92 8
334 1070 7
540 1121 2
220 584 53
1446 1428 2
1024 53 2
221 1036 2
592 546 50
459 437 8
417 1555 27
185 1295 27
576 147 8
101 3 8
681 881 3
458 102 7
1496 145 40
555 770 2
1328 433 7
1292 978 5
65 886 7
317 1305 8
801 278 9
867 1460 8
197 39 8
1093 336 6
859 189 27
729 1243 7
66 1450 2
318 1150 80
273 200 2
1144 910 35
934 1220 1
1025 1314 5
934 61 15
49 309 33
655 377 8
189 197 8
524 284 2
514 1148 2
251 883 16
383 758 2
925 97 15
3 738 10
176 459 2
841 1299 2
294 197 8
1404 347 33
603 1047 2
1156 393 5
721 395 27
926 982 1
510 1062 7
601 328 7
1039 1035 2
508 1217 8
126 284 2
738 139 3
580 159 1
1028 497 2
1026 681 27
88 1524 5
499 47 8
707 1395 7
348 232 2
726 833 8
729 129 8
1037 393 2
75 1070 5
447 1428 2
1146 387 7
192 1514 0
869 485 30
226 449 2
32 226 3
101 704 2
361 910 2
782 812 1
438 1418 7
1028 325 2
340 52 7
1316 253 5
329 982 7
1463 1298 7
454 750 2
546 377 1
1557 876 57
228 1450 2
1316 265 15
672 1122 2
996 1243 7
494 1105 0
606 915 30
804 387 8
450 1106 2
1357 596 33
34 872 40
872 1375 27
679 147 8
438 954 7
56 347 16
651 1602 38
226 673 2
1031 259 8
530 191 33
534 1328 2
420 1364 2
650 1446 2
428 584 2
981 350 2
1101 920 74
322 551 2
404 768 2
1399 856 6
809 191 30
978 1031 2
404 1456 2
754 743 3
489 1314 5
191 706 44
536 622 2
303 1581 8
945 1251 2
867 318 2
624 155 1
317 158 8
600 1 6
620 102 2
592 623 6
1403 1186 16
870 59 8
848 1114 2
772 1626 77
1119 851 30
1481 441 0
1058 1550 8
147 936 7
91 1514 66
134 789 2
1044 1290 38
154 565 2
439 586 30
1163 1550 8
373 1374 7
873 861 30
716 1217 8
718 1296 2
772 1558 77
736 147 8
494 355 8
271 1062 8
73 1170 0
542 1609 47
631 102 8
1495 681 27
594 332 2
259 857 2
1082 873 30
735 114 8
772 247 77
255 763 2
337 1080 27
591 1328 2
565 488 2
226 1077 2
1024 667 27
106 1314 7
543 187 41
934 1125 8
220 409 2
286 432 15
116 293 2
1319 1361 0
314 628 2
1329 929 7
459 90 8
1076 191 30
1442 550 1
1093 57 6
1033 68 24
83 863 7
1247 393 8
576 92 8
1014 816 7
1136 833 8
880 309 16
74 841 2
1044 905 40
148 1314 5
1136 1125 8
147 983 16
532 1224 2
695 412 5
1199 1304 7
757 230 2
583 1314 5
401 789 2
1499 681 10
368 1446 30
1304 989 7
1077 1252 2
284 1371 2
83 1420 8
417 471 2
847 728 7
738 1125 8
765 291 8
191 716 8
1550 848 8
377 1016 12
1376 1110 1
620 1418 2
873 794 44
1525 689 2
35 221 2
1298 568 7
290 102 8
1313 65 8
897 412 5
815 750 2
1527 1550 8
1039 980 2
978 381 30
205 398 77
925 732 7
945 495 8
309 1500 30
64 750 30
923 1550 2
677 434 1
19 1550 8
784 585 77
945 787 8
21 26 2
22 1296 8
750 1457 30
159 197 8
242 974 79
155 162 2
170 976 30
1264 278 2
1274 879 74
101 357 2
1466 567 1
1313 284 14
186 215 5
903 1340 2
849 1239 30
915 555 2
1567 282 23
795 833 8
789 89 2
847 1118 5
1122 808 7
1463 1243 7
377 718 10
552 1404 2
770 1438 7
1266 855 3
1093 1081 6
795 1125 8
1252 891 8
1252 495 8
657 1404 2
1349 726 2
372 441 66
326 1550 8
679 92 8
1446 890 33
528 873 33
226 618 2
658 22 8
736 1252 2
721 1430 5
701 152 30
317 1482 8
182 1453 2
1093 1305 6
311 873 2
869 905 2
870 1342 7
61 1266 1
1553 350 2
1006 40 8
1164 412 5
4 1267 15
926 568 15
278 656 1
147 703 2
76 1550 8
490 68 1
524 565 2
957 568 7
181 1550 8
730 831 2
261 1355 2
183 26 2
618 1395 7
1475 1280 57
1550 269 8
1329 47 8
1177 350 27
1184 882 2
1402 83 6
377 717 2
1045 1168 2
1337 1325 5
499 297 2
115 1004 1
227 394 1
1140 1554 0
1155 1388 7
1172 1418 7
1284 808 7
263 550 2
601 1193 7
1538 387 8
592 833 7
701 1211 2
1382 1418 7
1098 1314 5
925 983 33
537 225 5
1252 1196 2
907 1216 2
377 936 8
1166 526 39
593 1550 8
1090 546 35
1479 514 2
290 459 5
1481 646 7
575 677 2
218 1086 8
447 890 33
485 75 3
259 833 8
420 938 6
1082 750 30
792 651 53
792 859 2
789 1009 2
1023 433 7
1062 958 5
1242 1230 2
1454 642 2
185 497 27
1344 1496 12
176 1238 41
1023 766 8
665 40 8
418 499 1
266 925 10
1304 273 6
1148 92 8
1561 1112 2
303 1097 7
286 1364 1
681 37 8
197 1199 7
1457 226 3
441 3 8
867 959 2
1162 412 5
867 563 2
398 1483 2
277 1395 7
1198 259 2
686 1150 5
1304 246 7
880 1345 2
1446 523 23
338 1325 5
507 726 1
868 1239 2
499 993 2
519 93 12
287 374 2
69 789 8
20 412 5
226 883 30
392 770 2
417 20 2
424 197 8
48 620 2
717 568 1
345 1422 1
603 1041 2
391 26 2
1394 314 27
494 1001 2
1199 1181 7
177 377 8
1166 836 27
1237 286 15
1376 1055 1
1028 223 26
77 519 35
721 285 27
834 1007 2
727 225 59
1481 1014 0
273 314 2
1031 1309 2
205 1550 77
876 287 5
910 743 5
137 1062 7
638 65 8
1193 90 8
240 138 2
945 44 8
218 681 27
1005 441 0
498 1314 8
519 1094 30
568 1 6
1402 102 8
238 1418 7
1354 1274 12
240 70 2
185 1152 26
1495 689 2
891 450 1
278 952 14
244 793 8
470 543 8
903 889 2
240 362 2
395 1325 5
205 1084 7
1225 459 48
446 686 7
1429 412 5
483 83 8
790 867 7
202 262 2
878 387 7
588 83 8
1563 1305 8
601 485 30
646 1491 7
1304 172 5
1317 1024 27
185 1417 27
226 271 2
447 523 23
672 256 2
1215 939 7
903 1212 8
1019 147 8
1114 1407 2
1316 850 1
1457 417 2
338 915 30
1561 91 7
1230 122 33
1210 259 7
189 450 7
1444 359 2
915 719 8
824 293 0
1239 728 8
1210 551 7
109 92 8
1570 820 8
1570 424 8
929 293 0
279 226 27
309 758 44
1570 716 8
1445 284 33
1549 255 2
756 770 2
573 1266 1
191 1388 14
489 412 5
1204 1062 8
606 447 1
636 291 8
945 745 2
1516 434 1
117 160 30
858 1550 8
483 519 1
603 1565 2
1295 1395 7
311 851 30
255 1298 7
1376 372 1
750 75 3
23 1376 2
1321 1070 5
754 1335 5
26 1122 2
1398 1550 8
1550 88 3
117 266 1
1401 1296 8
830 284 2
468 1328 2
337 613 6
1296 728 59
325 903 6
1025 1561 2
916 65 22
127 1419 8
138 309 2
445 684 2
1024 975 2
1173 974 33
841 37 8
1252 1199 7
1413 92 8
790 1563 7
122 1450 2
1252 1141 2
701 796 2
155 730 8
1372 259 7
1251 200 33
648 856 6
190 101 26
238 677 2
905 488 2
753 856 6
658 330 7
1028 843 2
360 387 8
551 1156 7
1035 129 8
459 1583 8
867 1124 16
1404 1214 0
1454 191 2
226 503 2
372 1014 66
1176 483 15
592 381 50
1135 101 8
387 958 5
295 1314 2
363 1388 61
1017 102 2
96 789 2
1100 1355 2
108 44 8
717 866 36
429 1450 2
283 1617 1
867 216 2
614 934 5
1476 642 30
197 1581 8
497 101 26
1314 853 12
770 277 8
125 856 20
1415 1231 17
1035 68 24
95 40 8
1084 1447 2
185 270 27
318 1128 8
750 438 2
267 1436 27
1404 209 2
856 1078 2
903 881 5
730 1404 2
727 1274 12
502 684 2
1090 444 2
17 227 15
996 355 8
619 394 2
1211 882 2
607 684 2
635 40 8
1556 724 35
717 554 2
830 1376 2
1394 259 27
643 502 8
1084 167 8
270 221 2
938 672 2
89 412 5
255 661 2
439 416 30
562 286 15
856 90 8
177 1070 5
814 1062 7
241 309 2
255 588 8
1252 166 2
347 1345 2
221 937 7
315 1557 1
141 1511 9
1252 458 2
1358 1337 2
1253 446 2
917 1217 8
274 832 5
856 70 25
472 1062 8
1166 39 8
746 450 5
479 92 8
202 207 2
442 479 2
903 78 2
1317 677 27
658 1583 8
350 172 8
915 44 8
437 609 2
221 1161 7
606 750 30
598 873 30
83 1381 7
676 295 2
1565 619 27
1304 846 6
110 641 19
1003 446 2
1019 92 8
1114 1352 2
442 114 8
9 65 8
1108 387 8
619 88 27
620 1024 2
1498 1415 5
316 453 7
1539 929 7
202 35 2
96 101 8
267 833 7
197 502 8
284 863 7
873 692 44
980 1148 2
721 1030 27
61 1296 8
886 663 8
932 83 6
338 396 30
974 534 2
108 109 5
303 728 8
606 153 12
420 42 8
841 678 2
450 911 31
133 980 1
594 858 2
945 702 12
1193 1127 8
1249 658 66
565 1072 7
267 289 27
1448 723 30
263 1355 2
1024 1152 26
1520 387 8
64 976 30
374 397 2
1005 1014 0
650 1176 15
584 857 38
586 259 2
155 388 2
568 178 6
795 1127 8
1502 360 2
256 393 2
229 831 2
685 284 6
1304 521 5
823 793 7
1024 524 2
479 689 2
1505 101 8
676 699 2
1009 1418 7
1014 1342 7
1087 866 36
1126 1128 7
905 638 27
782 1024 2
563 565 2
446 909 2
903 728 7
762 101 26
1355 512 2
1316 424 5
226 516 2
1357 702 12
910 753 2
915 1073 2
550 537 12
337 159 27
789 1003 2
459 1236 8
383 1082 30
506 1418 7
1315 1093 52
1210 1296 7
1093 1203 6
681 596 33
35 441 0
1439 284 2
1000 1328 2
1444 1000 2
3 147 8
77 1395 7
991 584 12
182 1283 2
1329 742 2
374 99 0
4 368 14
618 233 27
1084 1100 2
836 1450 2
801 973 9
84 1316 2
417 183 27
1402 377 6
734 701 2
499 591 2
267 693 27
995 1227 8
530 1296 8
238 191 30
534 284 33
1401 83 6
1476 519 30
452 1314 5
1054 1358 2
271 514 2
910 1005 36
417 342 9
158 83 8
1176 1342 7
155 1480 2
594 175 2
584 1389 7
155 753 23
601 1023 7
1029 101 26
819 1395 7
701 1041 2
1025 1446 2
514 167 8
1372 1296 7
348 1031 2
923 1093 2
594 107 2
770 810 15
1079 1037 30
1480 254 12
193 1084 57
337 855 27
1188 309 50
1472 930 12
282 631 15
582 689 2
135 59 8
681 1292 33
919 1345 2
791 701 2
851 960 30
672 1525 2
1140 444 23
361 101 8
59 412 5
435 1128 59
1451 726 2
1044 1062 8
323 1563 7
197 1097 7
692 1296 8
1035 702 8
1239 399 2
823 83 8
1093 228 6
1357 1291 33
1152 808 8
51 117 30
1442 658 2
1317 226 27
347 1217 8
504 441 0
678 1403 14
519 334 1
1126 377 7
1450 1120 2
903 18 8
101 119 8
1128 1243 7
297 1496 53
185 54 2
668 393 59
102 3 8
1397 1023 1
983 1556 44
606 272 31
528 1355 2
49 1140 2
318 1266 80
980 796 8
1498 1000 5
849 757 2
550 97 8
350 51 30
1153 75 5
317 957 8
303 277 8
870 462 8
1166 270 27
1176 372 1
393 722 2
603 1163 2
478 1395 7
374 118 2
829 1309 2
417 970 9
1383 1062 7
1329 961 35
252 1035 27
494 727 2
1173 1355 2
35 387 8
1216 1118 5
546 851 30
278 464 2
23 974 2
499 1112 23
593 770 2
258 1376 2
489 1446 2
1329 338 5
638 291 8
590 1550 8
701 66 2
22 284 2
455 903 6
366 726 2
596 1007 44
1382 565 7
483 377 8
268 147 8
1024 177 2
476 1284 2
373 147 8
543 986 41
272 947 55
337 172 27
774 903 2
217 1358 2
270 723 30
1418 1118 5
856 631 15
279 315 50
1466 634 1
1374 1457 2
578 65 8
581 1617 3
1025 1086 8
728 663 5
317 1388 7
102 704 2
942 750 30
915 622 2
552 1191 12
882 1337 2
1250 92 8
307 726 2
101 59 8
657 1191 12
900 1296 8
1253 200 33
681 891 8
845 876 57
3 92 8
1512 377 5
1209 551 7
303 582 2
281 729 27
1477 1514 0
437 1114 2
1098 1329 2
432 789 8
619 1337 17
584 125 40
1446 397 2
951 1294 21
267 638 27
856 239 1
504 856 2
750 369 3
395 420 2
977 1114 2
1140 1397 0
937 1197 2
117 678 30
22 1376 2
584 1602 38
843 514 2
1397 267 7
686 1395 7
227 961 1
910 991 37
147 1098 2
374 31 33
727 1084 2
974 1500 30
1252 1097 7
492 974 2
135 1342 7
421 1239 30
32 309 2
205 1093 77
259 285 2
772 1278 77
1556 546 35
102 1125 6
90 978 5
1259 1153 2
340 468 7
1502 933 2
681 513 26
867 1126 16
1079 586 30
1252 1367 2
167 1062 8
267 1255 55
812 28 2
215 1120 2
1024 1493 2
594 47 8
557 592 2
238 903 2
20 485 7
179 1070 5
894 101 26
673 350 2
658 848 7
189 976 7
1035 355 8
442 1342 7
565 140 2
554 732 7
1454 417 2
1152 65 8
1230 1295 2
1307 1325 5
995 1243 7
433 1419 8
35 1014 0
42 56 50
81 1274 12
1023 937 8
592 607 50
1249 646 7
1450 773 2
391 101 26
1228 185 1
185 168 27
309 671 2
27 642 30
1217 1133 2
753 770 2
1062 957 5
855 1024 2
872 1054 2
1329 1310 8
1304 21 7
485 513 26
192 789 2
83 848 8
550 88 3
502 514 2
1323 147 8
154 689 2
850 240 2
550 42 8
369 1450 2
632 259 8
934 489 1
1110 387 8
1394 485 27
303 222 8
179 726 8
1537 83 8
291 116 8
471 499 21
829 83 6
707 882 2
1299 974 2
1174 442 2
252 980 27
518 92 8
1339 991 5
1197 355 8
155 942 33
980 675 30
26 269 2
20 1181 7
898 412 5
1162 1550 8
841 891 8
735 462 8
148 1086 8
102 46 6
464 831 2
565 836 2
101 1342 7
258 1238 71
265 56 30
20 1550 8
848 1290 5
558 1446 2
230 750 33
108 971 2
584 228 8
415 980 5
673 978 2
102 357 2
1114 1250 2
459 438 8
317 937 7
744 377 1
85 619 2
447 1025 2
1098 1446 2
606 976 30
459 730 8
487 646 5
309 1299 2
596 978 5
238 147 8
647 677 2
575 92 8
902 108 8
191 1236 8
85 551 2
303 626 8
1081 1153 52
190 551 2
197 728 8
1563 908 8
928 396 41
1077 1496 53
1227 793 8
1324 1024 2
307 499 2
782 1239 30
295 789 2
902 40 8
35 1033 2
1301 42 7
876 384 3
1303 1304 7
1283 1564 1
719 770 2
1407 1475 37
77 1550 8
980 1371 30
568 139 5
841 1196 2
262 905 2
784 709 77
1183 726 7
1414 387 8
374 1087 2
1383 1239 7
1193 957 8
1078 272 8
226 704 31
1084 917 8
255 1515 2
872 298 8
912 658 0
597 987 2
543 1282 30
266 284 33
1325 1335 5
726 803 2
115 724 1
147 647 2
657 1514 0
42 147 8
550 445 0
549 1649 62
609 728 8
856 1236 8
1098 684 0
116 1395 7
1397 144 7
99 1266 1
432 441 0
21 770 2
930 235 38
915 534 1
1155 685 8
829 102 8
1562 594 10
941 226 3
1024 1042 2
125 26 2
1028 722 2
265 976 30
135 1156 8
540 1004 27
1358 88 2
1239 912 2
772 366 1
681 1491 7
1474 1314 2
442 1333 2
210 677 2
1225 1550 48
1084 527 67
542 576 1
550 36 33
1230 1298 7
307 903 2
897 83 7
112 314 2
267 881 5
639 1239 2
1210 1418 7
233 59 8
185 217 27
536 399 2
272 479 20
880 841 2
1450 322 2
617 1015 36
1570 1583 8
303 1213 7
1232 377 48
27 191 30
295 1101 12
1326 1217 8
541 1011 2
409 739 27
779 808 8
973 577 2
1022 588 8
872 311 2
872 707 2
1110 108 8
1156 1090 5
1402 603 6
404 1457 2
1058 412 5
328 39 8
620 859 2
356 293 0
1163 412 5
499 713 2
267 1211 27
915 1124 30
504 1033 2
234 1325 5
519 547 7
750 505 2
871 646 8
183 770 2
398 1135 2
48 736 2
603 365 2
772 1627 77
285 1550 8
1081 646 8
138 447 1
663 419 5
594 401 2
543 307 30
227 1138 1
594 355 7
595 1591 38
1053 1033 2
1109 658 66
1505 1419 8
810 1266 1
205 1374 77
1472 1057 57
340 749 7
825 1550 8
1348 1170 0
514 685 8
1383 92 7
772 248 77
1239 1567 1
750 830 30
348 1549 2
723 743 3
1176 626 8
58 267 55
114 681 27
476 486 2
912 677 2
934 730 8
726 484 9
825 1086 8
581 882 2
1247 363 2
80 1217 7
905 1183 2
978 311 31
957 910 5
45 851 30
1382 387 7
1442 155 1
85 272 2
1239 229 2
759 681 27
823 987 71
1442 447 1
907 226 3
190 272 2
185 449 27
982 836 1
329 278 2
1132 1550 8
1325 1578 7
981 233 27
948 743 5
543 1006 2
882 471 2
1316 174 1
1563 957 8
171 1418 7
629 1550 8
936 1325 5
961 1507 12
526 872 2
906 183 8
1456 226 3
769 197 8
65 728 7
551 855 5
1114 453 34
197 277 8
454 50 41
494 637 12
1304 886 7
381 1395 7
1459 1239 30
856 269 8
155 1291 33
1337 553 55
162 1328 2
841 453 2
1403 929 7
124 412 5
259 779 6
22 974 2
841 1141 2
241 447 1
1015 483 15
721 1029 27
35 514 2
617 812 2
476 890 2
147 300 2
543 114 39
127 420 2
544 345 0
140 514 2
229 594 73
227 59 1
259 1235 33
856 97 8
808 1315 7
763 309 30
713 393 8
1114 1225 0
42 92 8
770 61 15
738 39 8
1030 1309 2
359 1404 2
116 903 6
1461 383 41
806 543 1
697 940 2
1252 569 2
350 648 2
135 855 3
976 1500 30
823 568 7
170 873 30
56 513 30
919 200 2
648 284 6
686 1550 8
1505 272 8
346 1062 7
1333 101 26
226 395 2
701 516 2
1304 588 5
726 781 30
120 1307 13
1367 393 2
688 872 2
934 47 8
1340 1181 7
85 1296 2
942 976 30
681 702 12
551 922 2
147 574 41
563 1419 8
878 677 2
789 732 7
84 867 2
1570 1236 8
945 99 0
750 1491 7
779 65 8
665 101 8
138 750 30
88 793 7
420 914 2
182 1454 2
315 1305 8
1329 517 2
1230 470 33
1403 855 5
1136 47 8
1039 1325 5
398 460 2
872 256 2
450 1341 30
1127 83 8
1144 1325 5
53 340 1
731 684 7
849 1611 2
404 610 2
1084 160 33
191 652 44
982 855 3
756 1217 8
200 453 2
1169 681 27
410 102 2
1395 1491 7
215 270 5
687 1491 5
1429 83 7
226 944 30
374 1264 2
841 166 2
1376 428 1
1314 611 34
503 684 2
147 928 2
1085 585 13
499 590 2
594 346 2
903 533 5
267 149 7
980 167 8
729 428 19
263 155 2
90 1564 5
387 1307 13
117 718 1
479 1556 2
934 311 1
271 221 2
925 388 2
363 523 2
348 806 2
536 893 30
563 995 1
699 254 12
250 92 8
432 1014 0
259 803 2
915 47 21
337 1026 27
178 1070 5
941 65 8
684 718 2
1329 1102 37
73 681 21
1031 568 7
42 350 50
679 789 8
1564 444 57
630 412 5
1190 519 35
1206 573 15
1201 1325 5
441 1342 7
1358 661 2
1250 200 33
446 59 7
1306 1325 5
604 915 30
790 240 7
1355 596 33
1474 284 2
368 1062 8
1468 485 7
721 41 9
322 459 7
251 724 35
540 616 2
1062 855 5
795 47 8
592 437 50
447 222 8
762 272 2
1436 681 27
1333 789 2
205 681 7
528 191 33
1553 233 27
641 476 7
1276 377 5
514 419 2
681 330 8
979 350 2
619 192 17
420 231 2
743 1418 7
789 22 8
499 419 67
729 1076 2
848 1418 7
913 831 30
829 377 6
972 1252 2
377 1327 6
278 411 2
1550 502 8
859 722 2
982 1437 8
216 536 30
1174 1028 2
745 812 2
49 200 33
303 52 8
945 118 2
704 925 1
812 904 58
1056 1024 2
736 789 8
603 938 2
1084 119 8
586 1358 2
663 992 5
707 1062 7
440 254 10
259 1161 7
394 65 2
792 412 5
259 1499 2
525 41 9
598 1418 7
1164 770 2
273 315 2
739 40 8
1058 26 2
627 551 2
255 1405 2
1339 1509 5
1370 995 1
980 505 30
856 88 3
1163 26 2
1120 1564 1
880 1070 5
1193 1392 50
856 42 8
1112 1465 5
463 831 2
1493 681 27
191 596 30
784 135 77
535 642 30
235 1004 27
1336 92 5
1341 412 5
749 658 0
1355 1292 33
135 462 8
27 1062 8
218 409 2
672 325 2
1014 1400 2
995 1392 33
939 312 8
451 1345 2
551 575 2
750 1509 1
259 47 8
162 1325 5
323 259 7
576 1062 8
749 1314 7
1296 1187 0
923 404 8
805 108 8
402 1418 7
191 675 2
350 1307 14
1101 879 74
1230 833 8
409 1047 2
1455 240 2
27 115 15
1198 101 26
1076 1496 53
905 80 8
638 543 2
292 681 27
796 40 8
76 417 2
1314 610 2
1239 1125 8
277 363 2
741 1472 7
485 824 6
614 978 1
471 441 0
671 646 8
1075 856 2
1075 1252 2
95 101 8
849 1556 2
398 45 2
138 272 31
69 1314 8
591 293 0
982 462 8
191 597 44
387 929 7
784 935 77
4 1186 16
168 646 8
153 1091 2
915 99 0
729 28 8
729 424 8
945 31 33
191 1292 30
729 325 2
983 1239 30
895 412 5
1329 53 35
350 1393 2
259 1417 27
54 83 8
702 1563 7
1037 980 2
619 90 8
374 98 33
20 770 2
40 533 3
468 1329 2
919 841 2
536 546 30
1343 110 5
259 60 2
704 903 2
1271 254 12
1262 278 2
910 990 37
1233 101 1
101 535 2
1152 309 2
923 808 8
337 575 27
852 974 30
582 409 2
793 1625 48
563 1309 2
1117 1062 7
1306 978 5
934 958 3
792 409 2
429 1181 7
1307 412 5
789 1351 2
540 269 2
551 1495 2
857 101 26
1225 808 7
112 540 2
558 554 23
197 1213 7
420 1555 2
494 1578 5
723 1335 5
435 92 59
631 1325 5
286 622 1
68 233 27
459 273 8
598 642 30
417 1391 27
447 167 8
1247 226 3
880 1062 8
1114 329 2
82 348 2
1128 1004 8
1090 909 2
297 1028 2
1355 753 23
74 1024 2
1253 726 8
872 829 2
102 119 8
216 83 8
972 905 2
1127 1472 5
620 689 2
377 1359 2
267 1041 27
1081 841 2
1145 1070 5
1257 1118 5
568 573 15
241 272 31
1174 681 2
175 925 8
1527 1217 8
1564 784 19
864 1086 8
147 1523 7
729 661 2
1303 847 7
297 1252 2
119 600 41
756 83 8
813 910 1
43 200 7
1506 1444 2
1376 605 1
721 231 27
255 1058 2
255 662 2
1119 974 30
750 1124 30
1047 609 2
1295 259 2
270 514 2
393 833 8
391 259 8
1174 905 2
1384 1062 7
1403 63 7
40 719 8
381 1550 8
1177 646 8
1403 355 7
1472 986 12
1382 681 7
1171 32 8
923 1395 7
1090 724 35
1106 293 0
588 102 2
1502 25 2
790 485 7
233 1377 8
118 278 2
424 772 16
221 1568 2
396 513 30
876 836 1
249 663 8
689 3 8
689 341 3
1354 1140 2
1239 455 2
459 213 8
555 568 7
311 202 7
383 1131 20
450 546 2
163 412 5
1357 36 33
324 476 2
1023 75 3
894 272 2
1210 565 7
1135 1418 8
1124 553 44
532 1451 2
1128 75 3
1247 808 8
308 726 2
1231 1004 8
289 619 27
514 992 2
847 1315 7
750 1381 7
452 755 5
306 147 8
420 804 2
514 1342 7
494 1247 2
514 1284 2
416 314 2
632 1418 8
499 1567 2
385 1166 1
841 1097 7
404 208 2
1176 1184 1
424 83 8
1184 841 2
1084 1156 8
1258 1314 5
829 619 27
856 792 2
1329 42 8
618 540 2
606 789 1
200 46 8
1253 441 0
945 1087 2
372 1418 7
527 197 8
485 1080 2
841 1367 2
30 420 2
297 272 8
796 303 20
374 466 2
125 101 26
999 1641 77
701 1375 27
269 101 8
582 1395 7
454 396 41
1460 726 30
237 925 1
808 1483 2
1029 1309 2
85 600 41
269 789 8
1460 383 41
269 393 8
636 65 8
64 873 30
1003 441 0
454 594 2
223 974 2
697 770 2
1496 207 38
458 1376 2
818 812 2
1373 441 2
568 471 6
337 228 27
459 1305 8
1035 148 2
1505 102 8
65 1344 5
834 197 8
470 726 2
101 480 2
991 554 57
1493 689 2
1227 1395 7
1357 1087 2
866 61 15
226 913 2
891 1316 1
865 412 5
672 898 2
1069 309 30
939 489 8
551 1148 2
882 1393 2
498 1325 5
206 772 2
457 663 8
1225 1325 48
193 681 57
878 903 2
829 50 70
1468 83 7
643 1125 6
726 338 5
1444 1001 2
704 485 30
417 648 27
789 622 34
138 976 30
980 739 27
1455 417 2
1216 685 7
584 577 40
1223 314 2
74 677 2
876 855 3
1463 424 8
197 1131 8
1511 377 5
658 833 8
658 437 8
1193 1491 7
981 476 7
869 1028 2
107 92 8
1446 745 2
731 910 7
1437 396 33
189 251 33
83 1198 54
229 350 71
471 1014 0
1183 1197 7
395 872 2
872 769 8
1443 284 33
759 793 8
611 274 2
217 1070 5
1124 519 35
1274 1489 5
115 432 15
297 905 2
1547 646 8
464 856 20
451 536 30
192 1296 8
754 1161 8
1000 278 9
154 409 2
334 1514 0
647 92 8
1219 147 8
176 1155 2
159 729 2
483 1093 1
1450 765 19
1404 1439 33
157 551 2
297 1296 8
729 210 2
736 387 8
603 140 2
752 92 8
53 831 2
643 52 8
109 441 0
729 898 2
370 1450 2
115 1127 1
227 913 1
499 1207 8
46 1395 7
444 658 0
126 1376 2
701 1042 2
1447 345 0
820 568 7
72 1070 5
380 383 2
415 476 5
922 1556 2
1039 420 2
31 309 2
454 1176 7
259 1420 8
941 291 8
476 261 2
594 791 8
337 1148 27
1176 297 8
464 551 2
1479 1033 2
517 1314 5
903 488 2
361 102 8
116 757 2
70 550 1
658 800 7
1292 50 14
913 1024 2
942 519 30
1102 584 12
1357 1292 33
995 1282 33
459 158 8
1127 568 7
185 620 27
981 735 6
447 745 2
1121 584 53
56 1439 16
1098 770 2
643 46 6
1232 568 7
1518 441 0
1114 610 2
98 387 7
185 912 27
185 516 27
312 315 2
1304 833 7
642 1342 7
183 1345 2
718 1170 0
726 152 30
140 1316 5
1200 1550 8
1328 888 2
1207 404 7
1128 1577 8
1496 158 40
563 102 8
1554 254 12
259 1122 6
306 92 8
829 603 6
1304 765 7
1210 442 7
1514 1422 1
411 92 8
1376 483 15
678 1239 30
590 412 5
266 345 0
550 390 8
1136 338 5
1475 824 57
277 226 3
417 971 9
1458 584 41
403 646 8
154 619 27
514 1156 8
721 804 27
476 1061 2
147 471 2
594 1154 7
872 18 8
241 514 1
26 325 2
1055 910 7
420 1458 20
40 1396 8
158 1296 8
1284 393 8
613 92 8
618 808 8
808 1486 7
148 396 33
978 53 30
377 89 2
155 334 2
1028 114 2
90 293 0
772 943 77
442 829 2
1176 1321 8
912 684 2
138 200 2
29 259 8
565 1184 2
1502 598 2
235 269 2
499 1214 0
1442 1314 1
1155 743 3
648 1230 2
1135 1376 2
301 398 77
575 221 2
316 1122 6
1357 1428 2
1355 62 2
681 1315 7
309 899 5
546 494 1
997 1550 7
317 1389 7
442 365 2
653 1446 2
1140 47 7
672 843 2
770 1214 7
1145 147 8
442 1053 2
1193 338 5
1140 25 2
1419 88 5
604 750 30
1404 1105 0
210 689 2
1335 568 7
559 1550 8
599 1514 0
1114 883 33
1561 656 2
627 812 1
735 850 52
1553 882 2
939 1578 5
1039 412 5
409 1565 2
409 1169 2
83 586 2
88 568 7
806 976 30
658 90 8
1117 1217 8
281 1418 27
1446 2 2
74 226 2
420 981 2
795 338 5
322 663 8
777 1062 8
1084 1437 8
1006 108 8
1327 1217 8
731 459 7
1278 1561 1
58 872 2
241 1314 1
285 551 2
83 122 2
980 114 8
880 785 2
1438 259 8
398 167 2
273 795 7
759 1035 2
49 950 33
676 1194 30
172 808 8
1253 1014 0
945 1264 2
641 226 3
177 1128 8
45 314 2
277 808 8
191 1518 30
939 136 6
1193 1305 8
424 950 30
999 254 5
1264 808 7
737 221 2
1413 387 8
594 121 2
1296 1127 8
1439 772 14
1176 23 2
772 1639 77
1252 1436 2
1336 910 5
863 735 19
594 116 8
808 453 2
1112 658 0
1502 287 33
1496 488 38
1003 1014 0
784 200 1
810 1418 8
271 387 8
125 442 2
563 1166 1
340 469 7
1193 539 50
1028 1138 2
130 721 1
454 1563 2
1472 1069 57
1497 568 7
812 29 2
485 269 8
586 729 2
1373 1014 2
1035 424 8
923 935 2
1035 325 2
1250 789 8
101 1111 7
453 873 2
905 611 2
1355 702 12
672 1075 2
218 1550 8
1346 726 2
27 315 30
913 677 2
220 26 2
447 2 2
770 531 7
1333 272 2
812 347 14
838 1128 20
1337 1450 2
350 63 8
328 163 8
192 83 6
665 108 8
447 685 8
108 959 8
318 884 80
1329 920 2
86 663 8
769 26 2
199 284 2
869 1309 2
1486 92 8
973 1321 2
616 233 27
259 338 5
291 586 2
738 1310 8
1376 1295 1
528 1296 8
155 1388 7
659 83 8
619 621 2
982 1212 8
183 1217 8
736 272 8
108 0 5
847 741 7
1197 424 8
738 1097 7
1458 476 30
263 1314 2
841 569 2
841 173 2
226 36 30
1295 147 7
999 447 77
1181 958 3
109 1014 0
594 1145 2
784 374 77
374 952 33
923 1631 2
577 1011 2
976 1392 30
618 65 8
490 1420 8
817 1395 7
1000 293 0
929 1181 7
986 1252 40
274 214 75
499 611 34
998 293 66
377 75 3
1028 455 2
1252 289 2
907 309 2
800 1239 2
673 233 27
812 1439 14
917 1345 2
795 1310 8
925 368 33
450 840 2
581 1230 2
112 1358 2
324 374 2
778 233 27
1036 26 2
458 568 7
399 485 30
617 519 35
438 1084 7
733 441 66
939 87 8
1114 1251 2
423 1309 2
162 412 5
68 153 1
1237 102 8
1124 1395 7
1145 92 8
459 1127 8
78 1230 2
1355 1291 33
546 772 2
980 1047 2
502 115 15
1518 1014 0
322 485 33
3 376 3
27 286 15
315 296 7
736 973 2
409 1510 2
48 1488 2
416 540 2
604 272 31
824 856 6
1230 936 8
170 1418 7
417 74 27
1522 1314 7
1084 264 23
396 347 16
1040 1325 5
399 1252 2
399 856 2
172 65 8
856 914 2
983 1403 14
676 1139 30
856 1305 8
117 624 30
139 978 2
726 1200 2
625 83 8
1496 501 38
147 648 2
1247 345 0
150 259 2
268 789 8
155 579 2
1158 68 1
945 98 33
26 898 2
507 663 59
1030 619 27
159 551 2
1193 192 50
1494 79 7
1025 1395 7
335 153 1
899 1325 7
494 21 8
150 191 2
1287 282 23
348 526 2
726 1127 8
939 783 8
239 882 2
335 882 2
1233 272 1
255 33 2
551 1396 7
221 423 2
247 808 8
1478 1355 2
255 424 8
1395 97 8
1357 2 2
101 1389 8
905 556 2
70 1355 1
315 1388 7
441 1400 2
315 1330 2
563 980 2
485 88 3
420 1388 7
437 1418 7
895 1550 8
1357 890 33
792 872 2
1023 533 3
447 384 3
906 1227 8
221 647 2
995 1481 7
185 114 27
978 1393 2
396 1439 16
1223 540 2
1325 1243 7
322 553 2
74 903 2
398 912 2
1329 527 7
1314 1409 2
651 189 38
317 228 8
191 158 8
208 147 7
26 223 26
1114 891 8
847 462 7
729 504 2
581 476 30
1497 215 5
1250 441 0
499 1110 2
859 150 2
519 548 7
1187 1395 7
502 856 2
721 74 27
1327 83 8
1166 929 7
1461 259 20
166 1033 2
191 382 8
619 957 8
380 677 2
251 98 16
635 108 8
271 1033 2
200 861 29
377 1457 8
855 793 8
723 433 7
1295 92 7
1339 937 5
1545 387 8
530 40 8
737 789 8
1055 450 2
154 859 2
125 723 2
986 905 40
387 390 8
848 92 8
137 387 7
499 998 29
609 384 3
923 1216 2
577 200 2
1463 685 7
677 638 27
325 293 0
1193 1315 5
745 519 35
787 910 7
428 191 16
1035 898 2
247 1395 7
170 642 30
1155 3 8
1155 341 3
282 1430 5
819 226 3
674 1114 2
649 309 16
101 23 2
1024 360 2
284 176 45
1358 1405 2
98 681 7
298 1153 6
743 663 62
1253 910 2
507 1170 0
334 1355 2
629 412 5
856 138 25
789 151 2
939 32 8
430 108 1
85 565 2
547 255 2
1354 200 33
190 565 2
83 1495 2
185 1138 27
550 397 2
997 684 7
1570 213 8
1080 672 2
421 873 2
418 1140 1
859 1242 2
1446 952 33
1155 1335 5
409 1163 2
1209 442 7
417 833 2
1280 1507 5
65 1125 7
1319 650 2
906 80 8
411 219 2
287 723 2
729 1424 2
279 1345 2
1570 437 8
147 369 2
355 393 5
971 1252 2
1282 789 1
54 272 2
1204 387 8
1403 493 6
1035 223 26
945 466 2
1076 1252 2
26 911 2
452 754 5
183 83 8
1183 276 7
514 264 23
267 1125 7
115 670 1
772 1237 77
147 593 2
446 1289 36
978 675 30
579 568 1
834 40 8
873 1578 5
1139 191 16
1235 191 16
1160 309 33
1056 92 8
681 1213 7
357 831 2
689 433 7
28 101 8
563 701 2
340 359 7
939 728 8
1252 1258 2
1024 988 2
1436 412 5
1133 982 7
819 808 8
1003 1314 2
1566 1079 57
447 952 33
733 1014 66
1316 1267 1
506 1153 6
1358 722 2
555 1309 2
440 309 2
315 937 7
314 239 2
1136 116 8
221 300 2
546 1345 2
420 937 7
792 83 7
1568 272 2
446 1322 13
226 620 2
417 423 27
911 646 8
226 912 2
83 416 2
671 1062 8
1084 229 33
809 102 30
988 83 2
905 32 8
1120 793 8
1075 1496 53
420 1161 7
1156 1328 5
390 723 2
620 409 2
983 600 44
977 945 2
1035 1578 5
1084 837 23
1539 355 8
516 689 2
387 1381 7
62 278 2
1218 92 8
463 417 30
309 390 2
108 1201 5
1301 908 7
1550 167 8
45 540 2
978 1371 30
154 872 2
856 1482 8
497 278 2
138 789 1
271 978 2
259 97 6
595 987 2
843 1033 2
259 493 6
938 393 2
741 873 14
1545 40 8
602 278 2
32 536 2
255 778 2
945 671 33
1500 550 2
233 1375 27
1061 282 23
272 1199 8
40 881 3
993 1015 36
999 412 5
485 104 2
205 1216 77
707 309 2
780 345 0
1181 46 8
1206 1330 15
726 97 8
240 492 2
265 278 9
563 619 27
350 362 2
41 772 19
932 102 8
170 191 30
261 197 8
3 974 7
1232 812 1
982 75 5
1358 662 2
698 83 8
391 309 30
592 1194 50
910 1111 7
849 1176 15
689 119 8
460 974 2
1171 80 8
446 690 2
649 1345 2
763 1309 2
185 395 27
437 726 2
1102 651 12
1439 1376 2
375 851 30
592 730 50
450 266 2
192 1084 2
1313 1418 7
1304 608 7
419 1550 8
1570 158 8
1231 36 8
973 714 1
205 974 7
971 973 2
172 233 27
300 672 2
191 1127 8
1239 836 3
527 1296 8
1209 387 7
1114 742 23
77 1217 8
729 1077 2
190 442 2
338 873 30
102 904 9
1359 658 0
976 1585 2
420 524 2
542 104 2
1250 1014 0
127 1325 5
1570 90 8
499 1287 2
168 584 33
514 1016 12
502 1033 2
721 647 27
401 982 7
1080 841 2
1180 808 59
267 78 27
828 701 2
438 485 30
251 671 16
485 1196 2
667 1325 5
663 993 5
1176 877 2
285 26 2
1193 848 8
913 851 5
816 1395 7
1458 651 41
362 476 2
594 929 7
147 246 2
486 1191 12
268 387 8
577 841 2
860 83 8
1328 546 35
565 1131 2
241 726 2
293 1187 0
355 603 6
1023 1491 7
701 93 1
1158 390 8
361 870 2
357 83 8
686 808 8
1239 929 7
155 104 8
766 643 5
1450 513 26
102 1340 2
155 401 2
348 416 2
230 873 33
1466 410 1
674 284 33
396 861 30
438 1252 2
1123 1395 7
286 63 1
681 1428 2
575 387 8
555 1358 2
810 789 8
1239 803 2
438 1206 7
810 393 8
939 605 8
434 1608 2
459 957 8
420 928 2
197 627 8
789 719 8
697 808 14
295 1084 2
312 1114 2
170 1316 7
979 233 27
980 1565 2
57 903 6
659 568 7
530 1090 2
547 1516 2
315 464 2
729 667 27
642 480 2
818 519 35
570 291 8
1333 102 8
627 1374 7
1084 821 2
1454 226 3
417 300 27
4 381 14
303 1437 8
1090 178 2
221 172 8
1451 376 3
1084 1212 8
546 1217 8
1047 272 31
147 1338 2
147 942 2
23 1446 2
1516 1525 2
977 494 2
499 1000 2
390 663 8
1296 929 7
166 235 2
226 890 30
996 21 8
877 915 30
1550 112 8
46 65 22
271 235 2
148 1176 7
592 848 7
371 1418 7
603 256 2
274 1428 75
1363 293 0
1160 950 33
459 1388 7
313 1118 5
1314 453 34
737 387 8
1230 111 15
594 287 8
361 1206 2
487 1217 8
876 1209 5
1193 418 50
1381 1418 8
701 762 2
1304 1626 5
841 39 8
1472 994 1
457 1084 2
1171 139 3
1153 891 8
769 101 26
792 770 2
301 1197 77
1070 193 5
155 1420 8
914 350 2
144 36 8
676 1340 2
592 451 50
789 1352 2
1446 99 0
1266 1384 8
658 957 8
540 958 2
545 882 2
872 461 1
1006 584 2
763 83 6
259 1458 20
419 812 2
368 1114 30
416 1358 2
592 279 50
1002 940 2
797 102 8
409 365 2
309 1135 2
519 784 2
88 1309 2
867 510 2
1209 40 7
951 95 21
638 1418 7
420 177 2
1239 47 8
869 1376 2
514 657 2
872 1122 2
420 172 8
494 236 12
637 973 74
702 1490 5
603 911 1
980 855 3
721 300 27
731 1550 7
1304 777 7
865 83 7
834 976 7
1158 1381 7
380 903 2
1246 1498 57
1153 88 5
191 999 14
1546 646 8
867 1125 8
603 488 2
153 13 2
643 796 8
568 1578 5
263 1101 12
945 952 33
536 1139 30
485 1141 2
1036 101 26
1265 603 6
392 1296 8
393 1131 2
1500 831 2
999 910 77
703 856 2
1496 737 2
1516 774 2
866 813 15
543 722 30
565 1076 2
261 447 2
918 726 2
64 642 30
1391 646 7
1180 789 8
1180 393 8
808 1544 2
978 606 31
1404 53 34
713 226 3
701 475 2
1042 514 2
476 713 2
921 426 7
909 1450 2
1382 974 7
1252 460 2
637 376 5
856 724 25
628 412 5
438 905 2
903 836 2
108 1097 7
584 296 8
592 1371 50
903 1227 8
322 1079 2
676 657 2
108 1389 7
689 296 8
1223 1358 2
442 39 7
442 773 2
437 903 2
417 21 27
416 383 2
1230 1076 2
226 114 2
980 1510 2
1570 1127 8
535 1355 2
859 1364 2
409 889 2
65 955 7
657 873 33
1437 1230 7
1446 118 2
841 1436 2
197 796 8
922 1176 15
1201 476 2
1415 721 57
1487 226 5
1516 741 1
1198 1418 2
200 47 8
508 1062 8
436 873 14
876 114 8
541 873 14
1054 1024 2
604 945 2
601 1153 7
524 1176 15
939 252 6
843 235 2
790 412 5
1171 1125 8
737 40 8
1522 147 8
726 929 7
568 936 6
56 1204 30
276 891 8
374 824 23
138 278 7
601 689 7
808 1438 7
455 856 6
135 1396 8
808 173 2
701 707 2
710 1062 8
40 37 8
689 1393 2
575 1033 2
713 808 8
646 99 0
102 1138 6
445 1319 2
999 676 7
337 125 27
459 1161 7
28 259 8
563 859 2
808 59 7
1001 873 33
139 974 30
1450 166 2
922 757 2
681 2 2
795 42 8
1463 97 8
233 627 8
681 890 33
4 1126 14
1451 684 2
416 1011 2
442 1396 8
1439 974 2
872 843 2
1444 898 2
185 285 27
191 947 44
1209 1296 7
524 757 2
1553 1230 2
770 229 2
657 282 23
857 1418 2
1371 485 30
317 3 8
821 1472 5
582 284 30
759 1550 8
1193 1388 7
1090 751 2
469 441 0
226 1135 30
31 272 31
192 568 7
46 735 6
437 147 8
163 770 2
544 476 30
980 462 8
377 863 7
502 235 2
619 737 2
774 1304 5
1424 147 7
934 606 1
42 974 7
808 99 0
572 1325 5
470 1450 1
514 534 2
1550 685 8
543 368 14
357 1357 2
377 853 12
747 65 8
841 289 2
34 643 38
619 1420 8
1194 1086 8
721 177 27
180 1193 30
252 701 27
915 1361 0
1001 1514 0
4 1125 6
543 375 30
52 83 8
193 1446 57
396 129 8
35 350 2
255 900 2
543 428 41
934 929 7
241 278 7
776 441 0
140 350 2
565 625 2
205 274 5
259 675 33
64 191 30
340 817 7
191 813 15
876 75 5
9 1418 7
1166 54 8
735 183 8
1176 298 8
238 1252 2
170 417 30
219 648 2
147 63 8
447 80 7
1478 155 2
108 692 2
900 1035 2
192 603 6
808 728 8
1252 796 8
1200 412 5
596 50 14
217 1024 2
205 976 7
185 981 27
1478 447 2
70 155 1
1136 929 7
1153 1396 8
1228 1290 1
551 70 2
70 447 1
744 494 1
878 221 2
823 377 8
1568 1418 2
420 43 6
869 619 27
185 913 27
997 459 7
1121 689 2
980 1163 2
676 534 2
190 1028 2
318 1628 80
719 284 6
69 882 2
126 1325 5
850 1345 2
1409 1418 7
925 179 15
1201 83 7
603 1525 2
406 65 8
256 681 27
625 272 2
437 485 30
862 1086 8
618 882 2
1054 677 2
699 1561 2
599 1101 12
856 296 7
876 59 8
925 111 15
1112 1376 15
391 442 2
604 494 2
999 1191 77
646 269 8
999 795 77
1500 1404 2
35 978 2
476 1354 2
1522 92 8
823 808 7
602 982 7
1155 433 7
601 284 2
484 1024 2
701 360 2
856 957 8
698 568 7
639 485 30
873 573 15
108 1342 7
1031 619 27
575 978 2
457 682 2
208 1418 7
272 949 55
563 872 2
340 530 7
795 929 7
442 1122 2
948 732 60
426 1227 52
1024 763 2
494 1187 0
347 609 2
951 249 8
737 303 20
190 995 1
98 1084 7
575 514 2
449 147 8
696 259 8
1082 191 30
550 1160 2
1358 497 2
1563 1388 7
1450 1004 27
1463 88 3
428 770 2
869 750 2
1035 21 8
102 1389 8
1253 393 8
1355 36 33
1463 42 8
569 291 8
787 663 8
1084 1407 2
399 1376 2
808 368 14
1014 581 3
172 882 2
1450 335 2
806 267 55
958 681 27
869 974 2
151 812 2
1211 108 7
856 1388 7
824 808 6
961 542 7
600 875 6
1436 1550 8
1337 646 8
46 284 6
860 568 7
387 1156 7
265 1418 7
281 750 2
1211 40 7
727 1446 2
1424 92 7
847 114 7
601 1376 2
317 172 8
503 1252 2
381 1217 8
506 147 8
228 101 26
494 833 8
910 1244 36
494 437 8
286 1468 24
1233 396 1
721 122 27
385 793 8
401 102 8
39 92 8
701 638 27
1465 1415 5
218 412 5
590 770 2
291 281 55
1206 813 15
1197 21 8
1166 1310 8
261 40 8
145 219 2
592 1298 7
20 847 7
323 412 5
1355 1447 2
276 1396 8
1035 722 2
457 1206 2
411 1070 5
565 502 2
1155 119 8
459 172 8
1329 1566 37
217 677 2
863 412 5
1304 77 5
116 56 33
900 980 2
960 1239 30
980 606 31
774 514 2
558 1404 2
869 603 6
619 338 5
1283 345 0
208 609 2
1454 315 2
1487 387 8
978 1449 2
867 1096 2
1252 277 8
95 925 2
978 739 27
1304 779 7
471 934 15
328 852 8
285 101 26
1092 102 2
1190 309 16
842 945 1
291 879 2
584 883 16
325 980 3
393 1133 2
469 1014 0
1081 1418 7
550 44 8
600 1399 6
35 303 2
907 272 31
849 996 2
667 412 5
499 347 33
1313 147 8
1458 873 30
1404 637 12
619 1305 8
1271 1561 2
45 233 27
1326 83 8
1062 292 2
1383 1301 7
35 235 2
476 611 2
24 1561 2
609 462 8
1181 855 3
365 393 2
408 808 8
315 624 30
595 337 38
890 1608 46
484 677 2
1028 1417 27
739 108 8
1041 514 2
56 1094 30
1037 420 2
533 240 30
575 235 2
337 54 6
1316 384 5
454 485 2
357 155 2
925 753 23
746 934 5
265 973 9
911 543 2
350 1156 8
1158 97 8
215 335 2
29 101 8
337 411 27
265 642 30
676 883 2
1381 789 8
205 1153 7
1358 150 2
125 83 8
449 92 8
747 345 0
850 1153 52
99 1296 8
1003 254 12
551 1039 2
1474 1376 2
672 347 7
1125 568 7
420 703 2
191 1161 7
376 99 66
1096 770 2
370 987 41
190 1309 2
878 789 8
1336 1550 7
534 1355 2
550 745 2
420 1391 2
542 971 2
1570 957 8
1289 658 0
1505 1325 5
1231 1127 8
541 677 2
524 251 2
1084 992 2
306 1062 8
499 1439 33
197 626 8
303 1212 8
1403 1305 6
388 1395 7
856 937 7
53 102 2
1084 1284 2
267 189 27
250 1231 17
83 63 8
499 1371 33
497 1309 2
383 949 2
1461 851 30
1438 101 8
847 59 7
315 960 30
1521 147 8
726 805 2
41 278 7
915 1000 1
365 584 1
1131 945 21
506 92 8
1058 1217 8
1500 374 2
199 1325 5
36 291 8
1181 1437 8
1046 973 74
613 1062 8
255 498 2
235 911 2
1079 893 30
1230 277 21
392 83 8
364 272 8
763 950 30
658 472 1
259 524 2
1098 594 10
925 401 2
502 450 30
27 259 8
852 750 30
450 1073 2
672 1439 7
582 226 3
337 1039 27
70 272 31
1261 808 8
808 326 8
226 1036 2
1172 910 5
1090 1289 36
315 1389 7
355 793 8
905 849 2
1540 412 5
847 99 0
655 1395 7
221 648 2
307 1197 2
1046 376 5
980 365 2
809 450 30
713 345 0
86 568 7
362 117 30
1221 259 2
988 723 2
317 917 8
361 1325 5
1446 1264 2
393 1078 2
972 973 2
731 1325 7
369 255 27
1385 770 22
721 763 27
1251 1014 0
864 1550 8
291 63 8
494 368 33
199 519 30
189 50 70
297 1419 8
910 533 5
434 950 14
592 1210 6
1437 980 3
1403 158 6
1322 92 8
291 355 8
594 695 2
408 65 8
1239 152 30
191 781 30
294 101 8
926 594 1
790 293 0
815 417 2
258 476 2
543 893 30
627 663 8
387 292 2
164 387 8
40 891 8
117 1359 1
594 1378 8
1284 226 3
1042 393 2
1466 302 1
591 976 33
693 681 27
1114 99 0
240 152 2
849 974 30
992 1015 36
934 1384 8
228 442 2
877 272 31
1374 1021 2
840 350 14
1488 1516 2
240 840 2
114 770 2
253 83 8
282 1431 5
1158 88 3
565 1075 2
499 1105 0
51 309 30
1158 42 8
1466 130 1
1192 1314 5
218 26 2
763 619 27
1082 115 15
442 256 2
325 600 2
942 642 30
677 262 2
643 273 6
1550 1342 7
882 833 2
281 689 27
1474 925 2
420 269 6
1239 1310 8
420 648 2
1304 623 6
141 201 9
307 514 2
619 138 31
762 1309 2
1106 1355 2
1406 1507 1
1214 255 2
1312 1418 7
206 540 2
905 139 3
291 327 1
182 1120 2
1128 97 8
1274 705 5
398 126 2
291 1056 2
1176 960 1
841 1211 2
406 291 8
485 837 6
1390 446 1
285 442 2
52 568 7
493 903 6
147 324 7
721 1391 27
318 79 80
347 1070 5
1424 233 27
1188 147 7
601 974 2
391 663 8
374 534 2
772 1634 77
503 350 2
945 824 23
1516 1177 2
499 355 8
440 272 31
729 437 8
974 1392 30
565 1479 2
1322 1403 14
85 1168 41
1244 115 15
118 808 7
147 886 2
155 916 8
1395 1381 7
1193 138 50
701 878 2
28 102 8
309 810 15
380 219 2
1028 1029 2
337 627 6
235 1148 2
259 172 8
595 584 2
772 1462 77
1316 573 15
780 447 1
551 1342 7
925 942 33
1351 568 1
221 369 2
438 1496 53
922 240 2
47 684 0
923 1217 8
55 412 5
221 661 2
1231 1481 2
226 981 2
108 626 8
1357 824 23
581 92 8
532 216 2
1114 118 2
670 387 8
1329 879 2
833 303 20
550 671 33
362 50 71
978 1047 2
1230 1479 2
201 278 74
690 950 14
233 298 8
221 588 8
880 684 2
295 1328 2
995 362 33
535 155 2
1330 1550 8
961 377 1
191 104 8
673 65 8
850 200 2
867 626 2
770 296 2
1219 387 8
176 1395 2
1156 1329 5
981 882 2
274 1511 74
192 681 2
729 1138 2
284 983 2
721 416 27
871 197 8
350 1047 16
619 116 2
122 101 26
267 1054 27
1213 65 8
1409 543 2
1303 568 7
701 845 1
592 863 6
902 412 5
651 1525 40
1003 925 10
1506 1561 2
162 939 2
841 460 2
1266 1243 7
252 872 27
363 1102 37
544 1296 21
148 259 2
586 1024 2
270 235 2
267 47 7
543 546 30
800 568 7
1506 450 33
1152 726 2
1465 1245 5
543 203 41
155 1445 2
287 1472 5
199 396 30
934 605 1
1343 459 5
565 796 2
1058 83 8
1194 793 8
582 1217 8
856 104 8
254 342 74
1163 83 8
663 590 5
543 1200 15
834 251 33
980 463 30
1028 54 2
905 1198 2
672 223 26
772 91 77
1520 65 8
140 808 8
219 423 2
763 603 6
1454 609 2
1127 808 7
907 200 2
1468 847 7
552 1084 2
1230 239 1
778 1230 2
1480 284 33
657 1084 2
77 1472 37
424 1507 1
1014 728 7
71 925 0
896 770 2
905 1125 8
564 987 2
681 796 8
551 241 2
309 1213 7
1008 101 8
1355 890 33
555 726 8
1014 1457 8
317 433 7
194 551 2
334 1296 8
1321 1395 7
1093 297 6
774 672 2
146 441 0
9 147 8
863 903 6
1114 31 33
995 97 8
723 911 31
651 763 38
1023 88 3
463 1114 30
1014 1389 8
877 255 2
1437 600 2
650 315 2
867 1254 2
1128 88 3
951 47 21
191 1420 8
1497 393 5
148 284 6
186 1550 8
179 1314 8
1326 377 8
173 309 2
1196 272 2
267 1243 7
1546 1062 8
873 706 44
1156 646 5
514 1396 8
4 483 15
35 92 1
721 648 27
287 1357 2
273 677 2
40 1199 7
119 553 41
1421 65 8
468 293 0
26 857 2
1337 396 55
1188 92 7
651 154 40
833 976 7
1367 681 27
945 1100 2
1391 1062 7
167 284 2
377 329 2
729 90 8
704 1564 12
494 1583 8
273 609 2
388 1550 8
565 1424 2
115 908 1
227 298 1
539 976 30
1158 787 8
254 970 74
609 958 3
120 1322 13
779 1418 7
1544 1325 5
454 315 2
1503 663 8
171 147 8
907 536 2
276 881 3
70 1314 1
267 696 55
1084 91 67
551 891 7
124 83 8
450 1359 2
676 713 2
190 1166 1
903 1184 2
226 238 2
347 676 2
449 219 2
672 911 2
1232 337 48
643 846 6
565 206 54
442 1121 2
368 772 14
420 1221 2
328 1310 8
417 369 27
643 1138 6
1230 1127 8
404 1021 2
1230 1424 2
226 899 3
894 1309 2
941 1153 6
1014 18 8
541 903 2
343 1325 5
398 803 2
995 307 33
1100 1314 2
14 1114 1
317 119 8
1283 153 1
1374 958 5
1446 466 2
117 919 30
655 1550 8
391 1309 2
167 1376 2
499 1001 2
83 685 8
1460 851 30
267 707 27
721 1568 27
402 1062 8
876 462 8
762 102 8
1033 223 26
350 596 16
507 1062 8
852 646 8
181 83 8
619 848 8
1127 1070 5
48 232 2
1131 1176 15
259 43 6
33 672 2
393 504 2
1397 1070 2
162 884 2
21 1358 2
255 724 2
543 479 20
155 1098 2
925 1291 33
523 1176 15
1562 1170 0
85 1345 41
301 1266 77
808 229 2
596 1550 8
1561 88 5
337 1333 27
1275 1084 7
820 726 8
1054 92 8
945 52 8
125 568 7
1403 21 7
140 65 8
502 676 30
1206 880 15
561 701 2
1166 1377 8
442 1187 7
551 1565 2
383 1500 30
873 61 15
1035 497 2
442 1525 2
1358 1364 2
259 986 70
240 438 2
1259 1217 8
337 869 27
1176 18 8
144 37 8
577 383 2
359 663 8
565 673 2
505 1325 5
1335 603 6
817 808 8
551 1584 28
447 534 2
593 83 8
230 191 33
417 17 57
905 1075 2
844 553 71
1069 950 30
555 676 2
770 307 7
1114 1087 2
417 1393 27
867 929 7
447 466 2
1239 116 8
216 450 2
789 37 8
909 646 8
1215 259 7
1252 52 8
1184 1070 5
774 221 2
9 92 8
809 676 30
543 678 43
829 293 0
995 42 8
1570 104 8
1215 551 7
681 277 8
859 1133 2
66 1252 2
281 219 27
647 514 2
988 553 2
441 581 3
183 1358 2
1418 1544 2
543 794 2
531 1084 2
1554 255 2
291 654 2
85 383 8
471 303 20
226 1483 30
1570 36 8
485 39 6
1388 735 6
623 729 2
1400 1570 7
1385 996 22
573 441 0
820 594 1
26 114 2
263 1090 2
392 568 7
541 147 8
1421 1217 8
387 936 7
388 812 2
31 726 2
1054 689 2
374 528 2
393 1127 8
594 1213 2
543 1119 30
1502 491 2
675 272 31
476 678 2
102 183 6
377 269 8
1439 978 5
684 1315 7
1111 441 66
1296 116 8
364 1418 8
951 37 8
1357 821 2
1028 231 2
1377 259 7
102 890 2
674 945 2
1001 1357 2
340 250 7
127 536 2
1079 368 30
383 421 30
836 642 30
365 387 8
29 272 8
584 297 8
1566 282 57
696 83 8
1020 92 8
762 1166 1
112 219 2
950 176 45
1053 65 8
672 168 2
300 1418 2
1481 978 3
551 80 7
1567 1090 2
1000 1355 2
442 436 7
442 774 2
440 200 2
85 1084 2
442 728 7
146 1014 0
147 758 41
1336 1325 7
1230 1077 2
1216 59 7
1383 1070 5
854 1395 7
309 453 2
1570 1420 8
278 909 1
315 743 3
355 980 5
1209 565 7
1114 39 8
143 387 62
145 1070 5
872 148 2
747 1114 2
494 1541 2
294 1419 8
1177 603 27
702 412 5
513 1230 2
267 256 27
618 1230 2
604 550 2
495 568 7
226 440 30
565 667 27
1438 272 8
1404 113 2
1283 363 2
867 47 8
927 485 1
1184 1062 8
277 1217 8
1397 677 7
858 83 8
1405 393 2
259 763 2
1187 808 8
227 183 1
150 723 2
568 1229 6
1313 873 14
594 134 2
1252 1449 2
81 1475 1
438 1556 7
1056 215 8
944 726 2
707 200 2
925 572 2
712 65 8
337 126 27
551 1510 2
1122 233 27
442 1132 7
817 65 8
703 101 8
1329 994 37
1171 39 8
1035 833 8
1035 437 8
32 646 8
1014 326 7
851 919 30
1300 153 5
208 387 7
383 54 20
322 689 2
375 450 30
1380 1230 20
447 114 8
168 1316 7
978 1565 2
978 1169 2
880 910 2
1284 345 0
657 568 7
528 1090 2
590 1206 36
986 1496 2
78 219 2
256 412 5
1230 97 8
1317 185 27
66 905 2
69 255 2
172 1230 2
932 1325 5
681 222 8
505 393 8
859 1078 2
891 663 8
1506 293 0
961 499 1
658 1127 8
1114 959 8
636 1128 2
770 855 3
913 723 30
544 873 30
376 386 1
603 898 2
1314 366 33
179 808 8
893 1239 30
934 211 1
977 1418 7
43 147 7
16 445 0
1301 116 7
1085 709 13
563 412 5
1085 313 13
1403 766 7
1197 833 8
374 77 2
1271 554 23
1173 1314 2
476 727 2
729 1583 8
1035 1138 2
565 626 2
24 554 23
337 1510 27
155 63 8
756 1070 5
27 1418 8
1519 65 8
56 418 30
905 1424 2
349 363 2
143 92 8
240 719 2
108 1111 7
520 658 0
681 699 2
609 114 8
340 1506 7
415 1062 5
915 24 1
723 766 8
228 905 2
790 770 2
1391 1217 8
912 350 2
221 1515 2
459 916 8
789 883 33
330 1550 8
1140 1420 7
836 191 30
1158 213 8
1421 135 5
350 1267 14
1082 286 15
226 128 2
68 115 63
1114 1264 2
551 759 2
459 848 8
1380 255 20
878 514 2
420 423 2
894 219 2
979 1230 2
906 716 8
1304 1127 7
1404 1541 2
1217 855 59
157 812 1
806 642 30
619 1388 7
636 1418 7
40 1097 7
873 382 8
535 1296 8
395 551 2
1217 167 8
450 782 30
1319 718 2
626 1309 2
527 108 8
841 1377 8
1216 269 8
273 903 2
293 270 3
233 881 5
319 1430 5
605 1239 2
573 1014 0
393 667 27
398 229 2
244 284 6
928 1296 2
1163 568 7
527 40 8
544 1170 0
780 476 30
261 1101 12
1550 3 8
1312 147 8
1550 341 3
140 233 27
393 97 8
1264 812 2
1183 450 29
1244 286 15
772 1305 77
476 1251 2
1044 677 38
1495 882 2
722 723 2
1570 338 5
1111 1014 66
978 347 30
1114 1294 0
713 363 2
922 83 2
1158 1305 8
159 663 8
1028 804 2
396 1448 30
1463 1381 7
1035 90 8
514 1225 0
551 1455 2
440 841 2
780 514 1
337 759 27
1052 808 8
934 116 8
1045 551 40
247 1217 8
545 841 2
737 934 15
421 1345 2
1152 92 8
1008 1252 2
436 1197 2
808 384 3
1225 876 48
1358 498 2
190 619 27
502 102 30
111 147 8
80 603 7
1564 764 2
1316 1335 1
1447 274 12
681 824 23
1309 1375 27
369 642 30
767 789 2
1351 1062 7
357 536 30
463 259 8
185 1337 2
995 893 33
447 59 8
293 196 1
185 231 27
1296 0 0
1445 873 33
1014 244 8
978 1510 2
1570 1305 8
387 747 5
285 1309 2
859 335 2
519 675 2
856 1389 7
867 401 2
681 167 8
847 183 7
501 1114 21
84 1556 2
641 646 8
1090 697 2
916 1070 5
53 450 2
747 284 33
872 716 8
761 102 8
497 619 27
393 798 2
1376 961 1
620 873 2
483 1395 7
834 1309 2
138 925 1
499 727 2
1295 219 2
847 511 7
195 197 8
227 1220 1
263 1084 2
728 619 2
936 643 5
179 393 8
381 723 2
1197 90 8
606 48 7
1461 272 20
259 648 2
1384 1314 7
988 476 30
595 1550 8
142 1230 2
368 1376 2
841 626 8
707 841 2
598 1296 8
494 730 8
1545 108 8
1015 265 15
396 75 8
385 1086 8
780 1314 1
594 410 8
337 1163 27
124 568 7
577 677 2
273 147 8
711 417 2
917 1079 2
1229 603 6
1180 226 3
899 1570 7
1445 1514 0
609 59 8
816 808 8
658 815 7
519 1224 30
463 663 8
836 240 30
455 92 7
112 1024 2
77 1206 36
1442 925 1
902 1550 8
1359 309 33
212 1496 2
1128 863 7
326 568 7
856 1315 5
1008 272 8
108 1321 8
1183 1070 5
70 789 1
1230 1235 33
85 682 2
216 676 2
543 692 2
614 1419 5
1253 1314 8
281 409 27
555 793 8
417 1515 27
1217 59 48
1308 1125 6
1436 108 1
906 265 8
22 117 30
409 488 2
315 341 3
876 1384 8
847 1207 7
550 743 3
980 1396 8
291 484 2
151 1395 7
759 26 2
397 1070 2
181 568 7
1128 213 8
1328 685 7
485 265 6
370 584 41
271 1450 2
1210 681 7
1198 1309 2
267 1310 7
298 197 8
1238 983 16
303 855 3
387 766 7
910 881 5
1055 1217 7
586 681 27
1183 393 7
443 376 5
315 1335 5
485 489 6
533 309 30
927 83 1
483 393 8
980 1330 30
434 412 5
27 219 38
565 470 1
374 650 2
915 1208 21
1561 546 35
322 1314 5
1339 1578 5
393 42 8
847 139 3
355 1446 2
1481 543 2
229 1376 2
702 1296 7
126 536 2
135 891 8
1283 226 3
1042 1033 2
916 1062 8
590 83 8
309 926 15
677 741 1
677 782 2
340 80 7
1153 39 8
792 314 2
447 992 2
29 102 8
348 484 2
1052 65 8
579 554 2
438 1028 2
447 1342 7
185 1555 27
255 90 8
1408 1564 5
1008 905 2
1304 998 5
269 1325 5
49 594 10
438 1419 8
218 770 2
1230 929 7
286 527 1
550 1106 2
441 728 7
1225 1217 48
854 233 27
762 619 27
1128 914 2
441 1457 8
1357 160 33
369 191 30
1093 1388 6
542 972 2
789 787 8
39 1070 5
978 1163 2
258 50 71
600 611 35
491 412 5
974 727 2
857 1309 2
1079 627 7
1100 1101 12
867 346 2
50 1045 2
50 649 2
867 737 8
16 1383 21
267 878 27
600 321 6
616 882 2
1333 1314 5
485 854 27
834 83 6
309 502 8
750 167 8
346 1070 5
475 1252 2
1160 1395 7
89 1206 36
729 97 8
485 289 2
65 32 8
222 485 1
441 1118 5
609 1342 7
818 1062 7
485 581 2
267 163 7
996 813 15
167 974 8
1230 179 15
148 867 33
951 495 8
696 568 7
565 178 7
980 287 30
565 516 2
192 726 30
195 856 20
418 476 30
1029 619 27
820 793 8
519 877 30
619 557 30
440 726 2
913 646 7
314 1052 2
1164 83 8
634 903 6
1568 689 2
193 1561 57
226 1037 2
112 677 2
244 226 3
519 295 1
221 1405 2
80 884 7
135 140 8
355 1086 8
799 259 8
68 1316 63
13 65 8
383 222 15
778 882 2
540 1026 2
418 514 1
685 92 8
439 917 2
185 804 27
508 1070 5
1322 1395 7
83 1156 8
441 18 8
1184 1231 17
1332 770 2
300 393 2
162 293 0
565 1152 26
867 578 2
82 808 8
1459 974 30
729 798 2
377 1428 2
1372 1475 5
291 424 8
1436 26 2
1084 602 2
843 1450 2
1271 1191 12
506 789 8
782 851 30
858 568 7
1376 1138 1
162 1355 2
1394 689 27
255 1195 2
55 83 7
917 658 0
1239 513 30
48 1031 2
23 831 2
189 102 8
303 462 8
704 1376 2
189 1314 5
856 228 8
939 1399 6
980 983 30
796 903 6
294 102 8
772 1046 5
406 226 3
1460 259 20
1516 154 2
1094 1239 30
584 763 38
1035 1364 2
582 882 2
276 39 8
594 1379 8
1041 856 2
173 750 30
1158 507 8
125 1309 2
117 49 1
570 1418 7
1357 992 2
1461 50 41
1567 600 1
591 873 33
1359 950 33
1078 108 8
1382 750 7
899 144 7
658 1388 7
552 1140 2
533 519 31
1162 83 8
1179 1325 5
375 976 30
686 1217 8
293 1132 0
1035 1583 8
872 223 26
1247 274 12
244 808 8
20 83 8
272 159 20
643 462 57
1355 246 2
323 377 7
311 609 2
190 859 2
139 450 30
420 1337 2
1253 226 3
1415 565 57
1570 507 8
238 387 8
906 838 8
928 600 41
716 1070 5
1561 444 2
178 1395 7
986 1589 38
837 1153 6
102 1282 30
290 1181 7
1516 517 1
1216 495 8
870 32 8
1539 21 8
290 1550 8
83 743 3
828 1446 2
292 26 2
135 907 7
147 955 2
494 893 33
847 46 8
847 384 3
135 1199 7
603 206 54
855 409 2
1265 903 6
729 438 8
729 42 8
4 273 6
406 808 8
1144 1153 6
737 108 8
360 543 2
586 689 2
568 1004 6
729 730 8
155 818 2
337 365 27
1393 808 7
1155 1389 8
1172 1419 8
702 1181 7
486 282 23
1472 273 57
1510 856 2
591 282 23
1028 1030 2
1014 174 1
417 1408 57
340 653 7
502 396 30
681 739 27
80 856 6
259 762 2
179 939 15
1567 950 33
542 1321 2
222 1086 8
27 101 8
442 1199 7
221 662 2
112 284 7
259 35 23
676 1061 2
666 278 74
1330 412 5
600 960 35
401 1325 5
653 363 2
286 704 1
550 1283 2
108 523 8
83 778 2
314 533 2
1439 750 2
1446 590 2
995 1119 33
1463 957 8
87 750 2
634 1550 8
872 911 2
295 1329 2
406 1239 7
809 396 30
309 460 2
1304 670 7
519 505 2
995 158 8
393 1152 26
147 596 16
74 350 2
391 619 27
770 338 3
550 341 3
499 637 12
893 1403 14
1231 390 8
303 183 8
636 903 2
681 685 8
847 1097 7
1198 219 2
393 628 2
867 1310 8
301 676 7
603 673 2
162 1404 2
721 21 27
1373 1296 0
700 441 66
1295 841 2
1176 174 1
463 315 30
1204 102 8
439 1291 30
1459 851 30
381 1345 2
477 1345 2
145 514 2
1230 820 15
945 77 2
514 602 2
1117 1070 5
383 212 2
140 882 2
594 245 2
151 1550 8
841 357 2
235 739 27
1403 833 7
594 199 7
519 1518 30
1056 1374 8
577 903 2
285 83 8
726 63 8
359 1084 2
988 651 41
1155 18 8
915 1098 21
1052 233 27
109 1531 1
1193 1455 50
229 974 2
694 905 2
240 98 2
28 1419 8
1042 235 2
1338 101 26
363 714 2
1153 1199 7
19 663 8
939 47 8
240 390 2
723 937 8
485 685 8
447 590 2
1084 1118 5
322 1556 2
789 62 2
1308 1127 6
244 65 8
388 519 35
87 1446 2
173 272 31
1364 259 2
1014 1125 7
301 274 5
774 1033 2
905 1423 2
91 646 68
1008 102 8
1004 651 53
1538 412 5
441 326 7
1128 1381 7
856 761 15
519 1160 1
555 1024 2
1120 226 3
322 1150 7
147 1292 16
68 286 63
551 138 2
769 568 7
447 855 3
543 1606 2
1001 282 23
1203 856 6
1304 1298 7
69 1450 2
1570 848 8
880 398 2
671 772 14
177 350 2
1304 1194 7
441 533 3
873 116 7
1209 681 7
905 39 8
281 859 27
686 135 5
197 855 3
629 83 8
841 1449 2
1404 893 33
1554 284 33
147 1004 2
147 608 2
190 1419 8
382 276 7
494 942 33
23 1404 2
226 160 30
873 813 15
1177 255 27
357 450 2
1028 647 2
359 309 33
1284 363 2
1041 1033 2
1378 1239 2
1252 1565 2
1252 1169 2
1037 543 2
931 568 7
183 1070 5
1188 56 50
934 355 8
442 898 2
457 750 2
675 726 2
454 1296 2
792 494 7
101 890 2
524 348 41
1104 1090 1
417 438 27
421 1516 2
295 1446 2
995 1482 8
185 74 27
189 377 6
1020 1128 8
1136 63 8
551 1162 2
1120 808 8
1329 91 7
389 1176 15
1136 355 8
1062 129 10
872 960 2
1253 65 8
1114 952 33
1442 441 2
233 244 8
417 662 27
1402 856 6
416 1024 2
978 889 2
980 256 2
279 882 27
1009 387 8
995 1310 8
1502 111 15
681 384 3
155 81 10
536 480 2
750 70 2
524 1166 2
524 770 2
859 798 2
309 796 8
297 1086 8
905 1152 26
506 387 8
35 1450 2
841 78 2
831 942 2
603 618 2
836 255 27
1191 771 75
754 487 8
553 961 35
309 728 8
611 684 2
642 1389 8
797 412 5
750 685 8
4 158 6
590 568 7
575 1450 2
1394 219 27
377 1250 2
1403 90 7
1306 197 8
485 411 2
259 336 6
543 381 14
4 846 6
1376 960 1
276 1578 3
695 568 7
1193 63 8
926 485 1
721 190 27
377 523 23
337 938 27
144 502 8
688 1516 2
446 990 37
874 1325 5
387 183 2
117 1250 1
241 291 7
1041 350 2
652 1070 5
663 1644 2
614 1170 66
464 565 2
855 414 5
795 355 8
219 661 2
905 1076 2
226 1555 2
897 568 7
1252 855 3
610 1564 5
702 278 74
774 978 2
789 1291 33
27 676 30
386 1157 62
284 792 52
1223 1024 2
1061 658 0
999 83 8
1081 1496 53
546 609 2
1232 1024 2
447 462 8
333 102 8
1232 1550 48
540 1148 2
789 330 8
980 488 2
841 1375 27
1304 1243 7
1525 1011 2
69 603 2
985 1496 2
737 1450 2
228 950 30
1080 1252 2
859 1030 2
318 1641 80
441 140 8
542 1398 39
565 1291 30
360 412 5
1221 377 8
463 1168 71
979 882 2
197 462 8
873 652 44
735 335 7
404 167 2
988 1239 30
900 412 5
152 873 2
387 937 7
91 293 66
388 808 8
485 1039 2
580 358 1
978 531 30
543 724 30
240 1135 2
374 425 2
374 821 2
992 1206 36
772 733 77
485 1389 7
1352 1475 37
592 63 7
770 990 5
841 1321 8
309 928 45
348 35 2
1502 388 2
569 1418 7
1460 50 41
1138 1496 53
83 1335 5
978 463 30
1252 1510 2
1398 663 8
240 671 2
701 769 2
495 102 8
108 1401 2
1518 65 8
1259 144 2
1028 128 2
143 1128 8
1316 452 5
259 63 8
1122 1062 7
325 808 6
790 1176 7
1541 1206 36
1207 412 5
866 3 62
442 843 2
1125 808 7
446 891 7
552 1274 12
901 83 7
259 355 8
564 873 2
1242 856 2
1009 982 7
381 536 30
301 412 77
657 1274 12
499 1578 5
1252 1437 8
903 1125 8
27 1024 40
1404 1187 0
1333 619 27
138 315 30
1264 519 35
672 857 2
315 433 7
191 937 7
1014 32 8
1316 1055 1
420 433 7
1022 98 8
1100 1328 2
1230 1078 2
1084 452 12
681 160 33
314 423 2
494 1132 0
1451 350 2
416 677 2
221 88 2
112 147 8
1444 960 2
894 859 2
610 417 5
530 1329 2
625 689 2
158 681 27
1329 743 3
808 381 14
303 1384 8
1549 1252 2
183 676 2
512 568 1
1563 63 8
867 116 8
617 568 1
658 1567 4
159 377 6
925 820 15
1179 770 7
285 565 2
259 57 6
841 23 2
1296 1214 2
1058 1358 2
1314 31 33
381 1556 44
917 1070 5
144 1389 7
159 584 53
1550 59 8
1163 1358 2
309 277 8
562 293 0
1284 1062 7
380 514 2
171 789 8
1271 550 2
1162 568 7
916 770 22
485 59 8
514 533 3
586 519 2
568 834 6
1081 677 2
971 267 55
1230 338 5
491 1550 8
40 39 8
1176 32 8
1488 1024 2
193 1404 57
3 934 7
20 568 7
796 757 2
905 693 2
672 1553 2
542 714 1
1355 837 23
675 903 2
1482 1418 7
479 65 8
1035 730 8
1570 1388 7
338 102 7
63 412 5
889 233 27
1450 1044 53
101 1458 8
1252 462 8
774 235 2
905 625 2
185 647 27
553 1255 2
314 759 2
1326 1314 7
1223 677 2
1450 1148 2
208 726 2
205 934 7
281 233 27
1000 873 33
439 796 2
1329 1002 2
515 1114 1
1110 543 2
867 817 2
624 1446 1
1442 1014 2
869 681 27
437 514 2
499 1247 2
648 92 8
341 1325 5
1304 792 7
317 297 8
980 1121 2
315 119 8
847 1323 7
1230 597 55
1429 568 7
377 824 6
26 1417 27
1084 80 8
259 1081 6
173 200 2
841 1047 2
873 597 44
514 891 8
838 1296 8
255 1366 2
309 212 44
48 806 2
1141 1153 6
856 3 8
873 1292 30
1496 1594 38
1253 345 0
723 840 2
723 881 3
1153 1097 7
330 412 5
945 264 23
147 75 3
293 683 0
674 1355 2
199 915 30
1041 235 2
1313 191 14
982 1059 5
1291 553 44
1466 370 1
1024 497 2
1028 177 2
94 770 2
681 992 2
1014 1315 7
1031 681 27
677 898 2
799 1418 8
462 663 8
883 903 2
423 681 27
552 200 33
834 50 70
459 813 8
903 1075 2
108 1377 8
1317 882 27
997 1217 7
672 114 2
89 278 2
1404 1132 0
167 396 30
617 866 36
1357 264 23
789 512 2
292 101 26
538 1070 7
311 676 2
1565 259 2
641 584 33
1446 425 2
112 92 8
302 374 7
1173 925 10
409 836 2
441 817 8
1304 1420 7
995 908 8
1128 269 8
1549 905 2
756 1024 2
254 660 5
303 938 2
769 663 8
306 387 8
750 59 8
1188 387 7
514 452 12
911 485 30
974 1135 2
485 613 6
512 554 2
1069 584 53
485 1342 7
1084 1396 8
147 438 2
319 1431 5
912 345 0
285 568 7
270 1450 2
22 1404 2
1390 910 1
256 770 2
261 1090 2
147 730 2
780 873 30
856 928 2
1134 293 0
928 459 7
701 722 2
1035 1417 27
317 654 5
226 678 30
345 133 1
142 603 2
729 213 8
978 1500 30
1360 393 5
533 1345 30
36 309 2
568 779 6
1109 441 66
605 1418 7
110 1557 1
1401 1086 8
594 471 8
449 514 2
1521 92 8
1355 821 2
912 233 27
170 600 71
347 903 2
1181 991 5
27 272 8
1230 1381 7
565 168 2
438 1376 2
255 438 8
185 300 27
447 425 2
1132 568 7
1570 937 7
384 1070 5
973 327 1
501 1514 0
558 1070 2
108 298 8
417 1557 1
395 101 26
629 568 7
584 1177 40
500 101 26
623 584 53
442 32 8
872 1082 2
185 128 27
377 837 6
834 603 6
524 996 2
1215 442 7
859 628 2
957 1395 7
1321 808 8
191 172 8
1326 1128 8
867 298 2
986 681 38
595 412 5
729 914 2
65 511 7
328 54 8
469 721 1
377 373 6
131 1497 67
158 689 2
729 1305 8
350 823 16
276 1097 7
1468 293 66
960 542 7
616 1230 2
159 619 27
721 88 27
678 851 30
278 145 2
1541 83 8
45 609 2
820 485 1
1303 240 7
518 808 8
27 1591 38
618 92 8
237 550 1
1176 318 2
259 1337 2
494 1127 8
480 609 2
476 277 2
692 903 6
546 1070 5
95 293 0
164 108 8
702 377 7
780 1170 0
913 1062 7
464 859 2
804 1418 7
144 228 8
917 684 2
1475 264 57
125 1128 8
879 543 1
856 172 8
1028 122 2
662 101 26
1120 233 27
638 1304 5
277 1170 0
551 39 7
9 387 8
1206 3 62
447 657 2
487 1070 5
27 185 39
1250 65 8
455 723 2
101 32 8
1340 568 7
57 808 6
1214 102 7
208 903 2
995 1126 33
750 1342 7
442 269 2
770 1118 7
147 649 41
1444 162 2
420 661 2
1210 750 7
1227 1217 8
147 1291 16
1328 686 7
400 421 2
1200 83 8
1538 1181 7
420 296 8
176 92 2
617 1472 37
450 1124 30
257 293 0
177 808 8
626 859 2
420 588 8
485 1333 2
393 1381 7
829 1176 7
620 191 2
514 742 23
1239 861 30
903 384 5
438 950 30
266 1355 2
771 1564 5
1448 873 30
1329 1335 5
363 1243 7
592 685 7
171 387 8
65 139 3
1237 1325 5
377 397 2
155 246 2
240 1315 7
729 158 8
127 831 2
1033 1138 2
125 619 27
259 258 2
945 837 23
586 409 2
779 1153 6
903 1424 2
458 873 2
340 81 7
80 284 6
1122 1230 2
1358 116 2
417 899 5
1028 1042 2
999 568 7
271 291 8
723 75 3
489 663 8
1357 229 33
1082 102 30
453 485 2
324 1357 2
1478 1314 2
1003 1328 2
125 377 8
859 513 26
1079 930 53
1316 1281 1
147 985 41
769 1309 2
83 34 53
1214 1418 7
1357 837 23
1555 350 2
200 604 2
1326 808 7
377 99 0
1444 790 2
197 1384 8
84 1570 2
185 177 27
530 1550 8
1304 390 7
909 873 14
995 375 33
1211 393 2
988 92 8
859 177 2
292 442 2
1329 824 2
638 1296 8
118 1015 36
1403 1203 6
850 609 2
159 603 6
847 817 7
1283 274 12
1312 789 8
284 704 2
192 793 8
385 808 8
1130 568 15
684 99 0
518 65 8
934 394 1
338 191 30
701 1295 2
344 1564 1
1372 1550 7
125 750 2
291 21 8
445 345 0
729 390 8
340 1173 7
485 582 2
259 111 6
701 189 27
1262 812 2
486 1357 2
396 21 8
170 1345 71
255 792 2
155 1562 2
591 1357 2
144 277 8
1109 1014 66
565 913 2
282 489 15
1104 1561 1
117 1025 1
912 309 2
771 417 5
581 514 2
1036 1309 2
922 1345 2
373 65 8
735 75 8
340 1001 7
998 393 5
334 1090 2
463 568 7
62 412 5
1468 568 7
692 1550 8
1251 363 2
167 412 5
479 291 8
1045 92 8
36 915 30
36 519 30
1519 226 3
1152 1062 8
402 441 0
390 393 5
836 519 31
1140 1253 2
507 441 0
763 681 27
1360 376 3
1122 83 2
689 75 3
218 83 8
1463 1305 8
323 83 8
1496 411 40
981 1357 7
1309 638 27
606 485 30
1114 824 23
1429 1550 7
1570 172 8
1230 908 8
404 406 2
291 430 2
1304 1310 7
182 390 2
541 387 8
417 891 8
850 841 2
1403 228 6
514 1122 2
704 1404 1
177 65 8
750 1156 8
841 877 2
721 369 27
729 1482 8
318 226 3
259 1203 6
565 880 1
554 1431 5
768 259 8
721 661 27
854 808 8
273 398 2
630 83 8
829 56 33
216 1239 30
999 687 77
945 425 2
945 821 2
601 594 7
140 1230 2
980 880 30
597 600 2
366 1376 2
359 1140 2
938 1035 2
945 1212 8
24 1404 2
428 950 16
118 812 2
64 315 30
450 373 6
337 30 27
1326 1070 5
1328 1289 36
321 1403 6
1448 750 30
982 1577 5
701 148 2
455 309 16
1443 1514 0
928 619 2
1466 888 1
1483 1355 2
689 834 2
361 884 2
91 1176 5
220 1358 2
1114 743 5
1179 396 71
442 618 2
228 1028 2
1348 925 2
915 480 2
348 430 2
228 1419 8
790 847 7
255 36 8
900 1550 8
1252 1212 8
996 787 22
1023 167 8
178 735 6
905 168 2
226 647 2
995 1161 7
1217 1389 48
1561 909 2
578 147 8
274 280 5
681 1437 8
1022 269 8
1472 645 2
420 1338 2
878 1033 2
684 1124 14
303 1227 8
216 376 3
211 1217 8
1230 848 8
1444 339 2
768 663 8
534 191 33
880 350 2
642 890 2
1335 1086 8
756 808 7
1326 726 8
83 766 8
267 1184 27
1550 298 8
88 1086 8
961 772 2
65 109 7
50 595 2
374 1000 2
852 1128 2
1171 929 7
284 357 2
259 228 6
281 642 2
402 387 8
155 1283 2
859 54 2
848 646 7
1084 453 34
507 387 8
658 1315 5
278 35 2
713 274 12
237 1355 1
1235 950 16
159 859 2
847 298 7
179 226 3
485 27 53
978 1330 30
939 321 6
1506 831 2
33 393 2
21 1079 2
772 1532 77
1561 724 35
999 4 77
1028 1391 2
471 1450 2
419 1206 36
167 1316 8
1021 1564 1
907 1641 2
337 1054 27
316 1315 6
355 417 2
565 66 2
40 502 8
1152 684 2
584 1457 8
650 658 0
1193 724 50
1316 855 5
290 1176 5
591 191 33
267 1045 55
1191 353 5
634 412 5
1084 1225 0
420 863 6
210 882 2
789 1388 7
1181 1509 5
1350 514 1
592 861 50
550 1284 2
1359 200 33
681 71 2
462 102 8
677 1324 39
995 724 33
681 462 8
1355 160 33
1231 63 8
531 873 2
872 912 2
895 83 8
419 1217 8
861 374 2
390 603 6
647 235 2
1405 619 27
45 903 2
951 109 21
689 1118 5
182 335 2
1404 201 12
363 139 5
202 1610 56
291 766 8
158 519 2
1081 1252 2
729 1036 2
595 191 16
377 891 6
1197 848 48
255 1141 2
922 1496 41
1339 1245 5
1084 881 3
978 249 8
945 474 2
43 215 7
350 911 31
4 506 6
796 412 5
1193 119 8
1173 1090 2
148 553 2
750 1139 30
533 200 30
901 412 5
485 759 2
565 986 53
938 980 2
543 840 30
191 624 30
735 716 8
772 849 77
524 1496 41
1176 1227 8
1350 1314 1
90 153 5
1035 1305 8
889 272 20
539 642 30
594 1221 8
1245 565 57
912 882 2
541 1304 5
561 1446 2
1163 377 8
905 1492 2
102 611 2
1377 272 7
1454 903 2
442 563 2
296 293 0
464 1309 2
102 1299 2
584 18 8
1123 1062 7
226 300 2
1126 808 7
344 376 3
507 1014 0
438 873 7
191 1099 2
1421 978 1
80 147 7
409 1075 2
397 153 5
374 1554 0
147 187 41
300 1035 2
1128 112 8
543 1607 2
578 92 8
684 381 14
869 191 2
1209 750 7
303 1177 2
228 1296 8
910 32 8
681 264 23
369 519 31
417 35 27
1215 1296 7
1080 1496 53
279 255 27
603 223 26
1001 191 33
872 229 2
971 872 2
877 945 2
1014 80 8
1106 191 33
1541 568 7
286 246 1
181 1128 8
200 129 8
1547 101 8
524 831 2
226 229 30
646 114 8
856 433 7
636 221 2
1197 1305 8
213 65 8
1329 21 8
1463 1315 5
676 1392 30
721 1338 27
981 155 7
999 1328 77
318 65 8
117 877 30
279 83 27
812 1606 2
293 338 3
958 1114 7
281 191 2
1140 1132 0
237 1404 1
1194 226 3
978 983 30
126 831 2
1396 568 7
226 453 30
309 784 14
1271 374 2
609 883 2
468 1357 2
1028 648 2
240 1483 2
21 1024 2
75 1325 5
455 950 16
1353 382 5
24 374 2
163 83 8
543 483 15
1035 231 2
1158 685 8
1120 153 1
1215 1290 5
128 26 2
737 56 30
194 812 1
910 837 2
489 102 2
108 204 7
1466 1065 1
672 981 2
673 1418 7
340 599 7
309 368 31
514 1397 0
209 1475 37
441 1315 7
485 3 8
542 434 1
961 974 30
1176 80 8
1035 455 2
36 117 30
905 53 2
792 729 2
255 213 8
855 284 30
783 315 2
504 293 0
1090 389 36
98 284 2
719 658 0
1213 1418 7
676 1299 2
808 114 8
189 757 2
742 441 0
1294 1170 0
185 763 27
1138 272 8
1232 235 48
314 479 2
1124 1556 44
779 1062 8
1200 568 7
1399 1070 5
552 726 8
420 1515 2
1251 226 3
770 265 7
177 233 27
144 743 5
1308 273 6
872 857 2
248 755 5
844 272 31
86 793 8
183 1024 2
1230 88 3
1520 1418 7
1271 1070 2
731 1217 7
494 579 2
1230 42 8
729 981 2
600 1236 6
980 80 8
582 841 2
847 958 3
181 377 8
1194 808 8
383 158 2
1275 1446 7
582 795 7
663 209 5
1258 1358 2
642 1392 30
267 390 7
603 843 2
240 112 2
945 18 8
514 881 3
1383 684 2
255 622 2
1028 1568 2
729 908 8
1388 1062 7
841 298 8
525 342 9
726 743 3
362 83 8
117 1251 1
517 284 14
428 1166 1
976 1126 30
1564 753 57
387 179 8
56 535 30
53 1239 30
876 193 5
246 554 2
255 1305 8
855 1376 30
135 39 8
1516 1324 39
1466 90 1
723 533 3
106 200 2
925 537 12
737 976 30
383 471 20
219 662 2
873 362 31
70 925 1
1468 1086 7
1232 1619 48
442 112 2
1058 1070 5
300 584 53
1357 419 2
1135 1550 8
187 309 16
789 1292 33
676 324 2
185 1391 27
550 650 2
559 568 7
1304 875 6
519 1106 1
212 1168 2
1140 368 33
503 272 31
1231 641 2
859 1495 2
80 92 7
1316 428 1
1336 303 7
300 980 2
878 235 2
1315 426 52
85 750 2
898 272 2
531 1446 2
557 976 50
420 57 6
267 384 5
1304 848 7
1456 376 3
859 1031 2
1304 1536 7
877 494 2
565 1292 30
395 272 2
177 291 8
65 1310 7
500 272 2
858 1128 8
782 974 30
619 633 27
494 1161 7
1193 1156 8
147 158 2
58 551 2
115 527 1
108 758 5
1515 393 2
101 1124 16
226 106 30
699 1191 12
444 939 15
1398 1128 8
1183 65 7
1139 1166 1
619 63 8
770 991 5
1446 1554 0
30 672 2
525 970 9
259 429 2
772 1422 77
831 88 2
722 147 8
119 903 6
377 167 8
337 256 27
468 191 33
1112 441 0
1481 1007 2
919 350 2
677 517 1
142 255 2
218 568 7
1357 1407 2
769 377 6
925 1126 33
696 377 8
907 1062 8
278 1609 47
1000 1357 2
540 739 27
598 1325 5
1023 685 8
1221 1079 2
1455 841 2
1329 433 7
635 1357 1
1100 1329 2
930 851 5
108 18 8
623 681 27
1128 685 8
536 890 2
156 485 1
1337 441 2
283 543 31
639 974 2
1210 1153 7
406 442 7
643 1377 6
1003 284 33
872 1198 2
1444 1253 2
519 58 7
499 236 12
183 677 2
1416 272 31
200 311 2
1011 1199 8
779 147 8
35 1418 7
903 855 5
747 1070 7
54 757 2
974 1483 2
168 856 2
440 1191 10
1211 856 2
514 269 2
600 493 6
151 1217 8
1304 97 7
377 489 6
447 1554 0
377 1264 2
872 1125 8
1394 233 27
1539 936 8
158 409 2
1194 65 8
152 191 2
159 689 2
1303 793 8
360 770 2
266 447 2
1238 368 16
1372 1325 7
259 661 2
543 322 20
450 1227 6
1259 1529 2
1047 514 2
477 1168 2
1052 1230 2
1035 804 2
841 692 19
1216 743 5
914 1450 2
181 1070 5
147 90 8
1398 377 8
502 519 30
502 915 30
592 88 3
468 155 2
789 1264 2
795 743 3
607 915 30
856 720 15
592 42 8
816 1217 8
282 1268 5
314 1120 2
1035 1127 8
841 904 9
42 536 50
1140 381 33
1450 1045 53
439 819 7
325 459 7
1155 75 3
1317 255 27
185 648 27
880 934 7
326 726 8
592 983 50
1325 1381 7
903 47 8
396 418 30
1404 109 0
742 1014 0
844 396 71
1483 726 2
1236 568 7
872 1138 2
1251 65 8
243 658 0
1239 355 8
646 1342 7
584 1525 40
1341 568 7
187 553 2
71 476 33
978 256 2
1308 846 6
293 936 7
1101 41 74
1317 83 27
809 915 30
197 80 8
1314 1124 33
980 1122 2
547 677 2
1123 1217 8
318 1191 80
1216 3 8
618 221 2
842 1355 1
420 21 2
768 102 8
191 916 8
1274 146 5
642 32 8
303 702 8
455 476 30
274 129 7
1008 1325 5
191 1307 14
1176 401 1
551 347 14
1076 1450 2
1084 769 8
485 1053 2
1084 670 2
124 215 5
446 70 35
841 1340 2
30 393 2
1184 350 2
622 485 2
278 889 2
178 808 8
1045 1290 38
754 88 3
1527 147 8
263 1329 2
1053 1418 7
108 307 5
903 1417 27
1197 1127 8
808 1456 2
1296 355 59
421 536 30
1288 393 8
999 1150 77
554 1430 5
24 1191 12
1442 1446 1
722 92 8
359 200 33
232 551 2
1024 498 2
595 643 38
235 693 2
1158 179 8
101 453 2
736 412 5
613 1230 20
903 1436 2
908 1418 7
790 726 7
240 909 2
1082 551 82
1139 1376 2
606 1403 19
1450 739 27
447 713 2
309 258 31
1562 658 0
551 1121 2
122 905 2
442 1081 2
895 568 7
1201 519 1
958 414 5
656 684 1
933 1206 36
1456 684 2
324 681 2
447 1396 8
185 1568 27
441 53 7
726 1204 30
550 443 12
681 1212 8
1411 757 1
1336 876 7
1000 191 33
978 488 2
584 154 40
144 341 5
1540 568 7
872 455 2
420 1405 2
551 1439 14
995 1305 8
158 1395 7
1215 1418 7
1327 808 7
286 472 1
841 638 27
36 272 31
409 1525 2
267 667 27
138 485 30
621 404 57
519 341 2
873 1072 8
945 1000 2
147 36 16
619 21 2
83 937 8
472 1325 5
1183 1206 7
1079 244 7
307 976 30
836 1252 2
65 176 7
691 1157 62
600 438 6
497 681 27
723 1491 7
1353 1072 5
284 424 2
284 28 2
1284 274 12
604 789 2
831 741 12
154 314 2
1550 297 8
1193 671 50
939 929 7
271 420 2
145 350 2
1042 1450 2
830 831 2
440 182 1
377 745 2
122 1309 2
259 606 2
899 1304 7
923 1062 8
823 1395 7
594 76 8
337 829 27
56 1340 30
1155 1457 8
1112 1014 0
20 910 7
255 507 8
40 277 8
855 974 30
1304 1415 5
117 349 1
320 1062 6
722 1403 14
519 598 30
1483 155 2
960 974 30
974 1567 1
1082 1230 20
314 773 2
313 1259 32
1483 447 2
1310 412 5
1082 450 30
147 1401 41
337 1053 27
330 770 2
350 533 3
540 1211 2
769 619 27
789 98 33
1090 1344 37
396 1126 16
83 1242 2
799 272 8
74 882 2
383 631 15
872 1479 2
202 58 2
1337 1014 2
459 63 8
705 293 0
528 1329 2
623 689 2
267 1295 27
1414 1418 7
950 823 31
565 98 30
1328 59 7
1153 341 5
939 792 6
437 387 8
855 1231 7
291 833 8
729 1161 7
536 1392 30
1424 387 7
1500 1084 2
1301 63 7
934 1138 1
1214 1514 0
237 155 1
1129 568 15
138 1564 12
1153 1236 52
1039 729 2
392 793 8
145 978 2
977 387 8
1177 1296 8
945 244 8
770 193 5
1208 1296 0
363 908 7
485 1321 8
1460 272 20
1036 619 27
841 1212 8
568 97 6
1166 854 39
1249 980 1
1337 286 15
350 891 8
135 265 8
572 1475 37
301 79 77
1031 1395 7
565 819 7
144 917 8
905 929 7
565 1553 2
903 355 7
903 693 2
1274 920 74
1122 603 2
1304 732 5
274 466 75
852 115 15
925 36 33
673 903 2
126 197 8
551 774 2
1463 1388 7
442 0 7
770 1187 7
102 678 2
1024 375 2
551 728 7
433 770 2
265 309 30
903 625 2
1093 1122 6
980 1075 2
600 53 35
203 584 2
1252 932 8
1254 92 8
159 1314 5
118 519 35
1079 595 53
483 939 15
1455 376 3
631 519 1
543 1377 8
420 662 2
1290 802 57
658 63 8
542 638 2
1271 1514 0
1259 1070 5
406 40 7
65 1500 7
190 872 2
168 476 7
158 903 6
1570 916 8
966 619 2
37 1153 6
1217 114 8
865 568 7
982 265 8
1128 507 8
1151 441 0
277 494 2
1547 272 8
836 905 2
1550 18 8
267 916 7
1548 102 8
606 1376 2
503 536 2
636 387 8
836 1296 8
686 978 1
739 476 2
128 101 26
267 148 27
721 1405 27
1490 99 0
499 437 8
144 1321 8
155 1003 2
1011 1499 10
46 1062 8
261 1328 2
1251 345 0
315 919 30
1171 1310 8
150 219 2
457 594 2
565 1493 2
239 514 2
36 646 8
543 1588 41
594 21 8
337 774 27
321 1314 5
1193 152 50
135 1581 8
301 1395 77
255 848 8
1503 1128 8
20 459 7
315 728 7
1421 1070 5
502 117 30
240 1581 8
211 532 78
769 603 6
737 519 30
314 322 2
565 114 2
763 426 7
293 211 1
4 983 14
357 1239 30
978 1525 2
707 485 30
176 987 41
880 870 2
435 291 59
905 516 2
108 244 8
550 1016 12
1403 1335 5
343 646 8
1355 264 23
1039 197 8
305 551 2
951 1208 21
995 840 33
1114 1124 33
1290 1430 57
417 834 27
1537 1395 7
463 102 8
795 1335 5
897 377 8
552 793 8
950 761 15
692 519 35
991 701 27
928 1345 41
809 117 30
519 622 2
657 793 8
1502 179 15
1272 377 5
524 1234 2
1393 233 27
500 1418 2
912 272 31
982 1581 8
543 626 8
291 90 8
1307 663 8
1525 383 2
834 377 6
192 1086 8
450 1125 6
866 719 15
594 326 2
719 147 8
40 626 8
915 887 21
1033 1417 27
601 1570 7
380 1033 2
550 718 10
369 1252 2
1237 293 0
1397 1197 7
20 1155 7
1162 1128 8
1181 129 8
309 1194 30
1084 533 3
442 223 26
116 1079 2
624 1239 30
137 789 2
464 409 2
1061 309 33
897 808 7
370 221 2
1140 1322 2
1026 1358 2
1250 284 33
254 397 75
270 642 30
334 1086 8
787 870 7
913 882 2
558 309 33
454 92 8
1062 1335 5
375 642 30
840 309 14
1463 937 7
383 258 30
277 1070 5
783 1114 2
915 244 8
770 1132 7
450 349 2
789 671 33
1453 153 1
421 609 2
633 903 6
662 1418 2
1555 233 27
550 425 2
1106 1090 2
681 419 2
1304 1087 7
300 859 2
1215 1084 7
286 138 1
550 717 2
745 1418 7
1294 658 0
498 101 26
1011 54 8
1341 1419 8
724 772 2
162 1357 2
1119 92 8
721 1058 27
721 662 27
110 99 0
1084 891 8
1035 1388 7
1052 1418 7
382 393 7
1325 97 8
204 441 66
1015 1200 15
1313 387 8
40 1213 7
324 536 30
978 307 30
1002 309 14
266 1296 8
928 1084 2
226 173 30
1496 114 38
650 1376 15
377 384 3
22 831 2
1098 658 0
22 1181 7
236 278 74
350 1073 2
1024 724 2
806 905 2
982 1578 5
701 545 2
1158 743 3
951 502 8
1367 26 2
1028 300 2
774 1450 2
396 1340 30
1505 197 8
1166 471 8
464 619 27
1162 377 8
782 1516 2
1239 845 1
1258 377 8
73 345 0
1316 1295 1
555 1395 7
442 911 2
468 1296 8
350 1396 8
255 37 8
101 611 2
1545 412 5
923 92 8
1121 882 2
852 1376 15
417 159 27
1451 153 1
1015 849 2
226 648 2
301 876 77
550 657 2
295 293 0
453 723 2
347 393 8
1301 338 5
565 54 8
66 619 27
937 412 5
286 766 1
167 519 30
291 690 1
769 859 2
976 1567 1
1274 1068 5
311 903 2
718 345 0
427 1062 3
32 485 30
185 833 2
584 380 40
1197 1388 7
80 65 22
70 48 7
4 464 14
1295 1070 5
869 831 2
107 291 8
279 603 27
910 440 35
156 1339 7
391 681 27
398 421 2
1160 594 10
847 75 7
1409 278 2
115 631 15
1151 1014 0
172 1062 8
1301 936 7
191 63 8
277 1062 8
1550 533 3
1177 672 27
168 1418 8
1546 101 8
514 39 8
1179 442 7
1327 92 8
393 685 8
122 1166 1
1295 65 7
154 540 2
619 471 2
1004 101 26
369 905 2
930 1593 38
135 1097 7
719 92 8
928 1316 2
704 550 1
309 451 30
1047 393 2
584 82 38
1554 1514 0
457 1563 2
1030 259 2
663 617 5
939 1384 8
923 793 2
841 18 8
228 619 27
359 950 33
1233 873 1
255 296 7
170 1325 5
1035 929 7
350 390 2
1204 412 5
144 119 8
238 1450 2
501 259 8
581 856 2
240 160 2
1120 1230 2
419 1472 37
1082 676 30
974 1310 5
1355 229 33
869 856 6
1468 910 7
334 1328 2
540 1041 2
897 726 8
185 423 27
540 1333 2
812 893 14
519 534 1
286 998 1
284 844 31
880 284 16
226 1568 2
387 1335 5
651 498 38
108 817 8
750 883 2
599 293 0
1031 1550 8
1212 1418 7
1217 1342 7
375 519 30
758 1345 2
1429 808 7
718 939 15
1316 877 2
1084 617 2
313 1581 8
65 1098 7
761 1086 8
102 891 8
643 230 17
110 322 19
528 1550 8
183 684 2
1215 565 7
611 1101 2
976 1253 2
833 757 2
309 1437 8
1457 376 3
841 823 2
303 769 8
446 241 35
1298 147 7
374 214 2
162 191 33
750 1500 30
355 735 6
350 31 16
355 1114 2
1131 350 55
684 1361 0
14 377 1
255 1388 7
494 888 23
507 101 8
205 412 5
920 684 1
613 291 8
820 1395 7
1061 950 33
424 50 14
601 144 7
1028 21 2
638 387 8
1403 1127 7
772 850 77
388 1217 8
485 1052 2
1373 293 2
1044 514 38
350 622 2
1035 1161 7
1224 284 16
46 92 8
219 1078 2
905 1493 2
185 1515 27
1304 958 5
928 565 2
575 420 2
934 21 8
449 350 2
563 314 2
903 1211 2
737 117 30
463 1376 2
1024 601 2
882 1141 2
1015 502 2
1349 701 2
323 684 7
1127 1395 7
1460 553 2
417 104 27
919 398 2
1232 1395 7
547 1252 2
512 1475 37
550 602 2
409 1076 2
298 83 6
325 485 33
1014 149 8
141 801 9
315 492 2
438 1166 7
317 1457 8
635 681 1
658 685 8
502 272 31
1136 21 8
950 743 5
551 1120 2
604 485 30
951 1098 21
634 770 2
607 272 31
515 499 1
768 568 7
877 550 2
980 1525 2
1084 1199 7
367 412 5
424 459 8
859 172 2
472 412 5
1404 1226 12
318 387 80
1046 225 5
842 155 1
1079 1045 53
1547 102 8
618 974 7
398 366 2
309 462 8
45 221 2
195 102 8
939 43 6
655 1217 8
842 447 1
745 554 2
435 1325 5
1537 1550 8
620 314 2
1084 742 23
628 83 8
241 945 1
204 1014 66
1376 298 1
167 934 8
147 1194 2
871 101 8
619 119 8
454 1168 41
1352 441 0
154 485 2
380 235 2
159 409 2
978 880 30
595 600 2
357 1140 2
350 1004 27
873 781 30
1138 619 27
317 1118 5
195 420 20
340 1064 7
551 88 5
1028 1337 2
543 880 15
907 1191 2
910 1415 37
1497 808 8
677 223 26
905 1375 27
442 1214 7
247 1062 8
1466 1066 1
1188 350 50
449 978 2
218 1358 2
696 793 8
438 1570 7
77 1070 5
206 1252 2
546 925 1
1179 1446 30
1114 93 1
796 770 2
383 1459 30
910 1125 8
34 1024 40
1468 459 7
671 1376 2
900 26 2
795 21 8
83 1121 2
360 1206 36
592 307 50
903 163 8
240 32 8
441 1581 8
1228 677 1
88 1395 7
661 272 2
988 684 2
621 646 5
641 450 7
661 663 8
790 83 8
289 1418 2
1316 489 1
65 355 7
803 485 30
377 613 6
202 125 2
600 1305 6
409 325 2
463 726 30
1525 677 2
1570 63 8
1401 856 6
973 1056 2
65 287 7
86 1086 8
1330 83 8
145 92 1
1053 1252 2
514 617 2
1373 847 0
847 1377 8
403 102 8
1084 139 3
1230 1006 55
267 63 7
158 757 2
858 793 8
1298 92 7
267 355 7
499 1583 8
780 1014 0
642 80 8
23 723 2
355 284 6
934 913 1
1163 584 53
1497 1395 7
1173 1328 2
800 750 2
560 215 5
1446 881 5
1339 1415 5
912 536 2
144 796 8
577 350 2
565 1036 2
115 124 1
1193 463 30
1252 488 2
982 384 5
147 88 3
710 102 8
1158 3 8
1158 341 3
581 1033 2
349 377 2
1257 1199 8
341 603 2
135 728 8
1247 910 2
681 713 2
71 115 15
563 259 2
1450 1565 2
1428 1507 5
852 286 15
383 810 15
836 309 30
102 453 2
677 911 2
1024 150 2
1024 546 2
1145 291 8
774 980 2
1317 603 27
98 867 7
1247 446 2
377 1268 5
102 1578 3
550 151 2
1158 1335 5
681 932 8
627 200 1
1517 1498 57
631 982 1
417 273 27
1436 568 7
978 500 2
281 309 2
278 576 1
54 1395 7
1404 775 12
200 75 8
687 1118 5
395 565 2
398 311 2
117 531 30
295 554 23
52 1550 8
106 750 30
1538 83 8
514 1199 7
61 1550 8
999 1274 77
291 1236 8
1179 40 7
804 101 26
600 158 6
977 102 8
1058 1024 2
1395 1342 7
616 219 2
227 606 1
492 723 2
829 867 33
830 259 2
584 1283 38
876 1578 5
607 255 2
25 568 7
701 1131 2
1025 1140 2
1383 101 8
350 1299 2
417 743 5
945 229 33
138 284 2
145 65 8
1035 177 2
494 116 8
1090 70 35
1024 1242 2
56 1456 30
450 1271 2
819 1062 8
1122 1153 52
1304 1135 5
235 1333 2
755 99 0
890 903 2
454 847 2
581 350 2
142 543 8
1201 92 5
112 514 2
1140 401 2
1570 1054 7
645 494 1
151 1472 37
1019 646 8
1201 1550 7
1210 1550 7
25 866 36
102 139 3
1453 65 2
686 1070 5
763 1550 8
913 750 30
390 873 2
32 83 6
606 1446 1
1025 1170 0
46 770 22
292 568 7
729 239 2
976 747 2
728 701 2
284 480 2
494 129 2
546 147 8
33 980 2
603 857 2
494 916 8
1210 108 8
36 726 2
252 729 27
255 636 2
1539 833 8
138 1376 2
1376 1267 1
42 934 7
278 158 2
1403 37 7
1303 1086 8
259 662 2
1110 1176 5
689 1315 7
381 1128 8
592 1381 7
22 374 2
841 244 8
795 433 7
1382 259 7
594 424 8
763 856 6
1021 417 2
109 1418 7
155 22 8
464 872 2
851 1282 30
733 293 66
1025 92 8
1090 75 5
314 1121 2
896 982 1
102 106 2
1354 1114 2
463 974 2
1316 63 5
205 1296 7
661 1309 2
1474 831 2
689 269 8
1516 1610 56
350 881 3
1035 1420 8
540 1163 2
557 1193 2
221 1078 2
219 504 2
324 450 2
1216 1342 7
681 590 2
1304 862 7
1304 384 5
905 1310 8
421 676 2
550 533 3
1137 102 8
1225 603 48
309 1340 2
543 706 2
527 1550 8
420 778 2
279 856 2
976 1443 2
474 1475 5
84 663 2
678 976 30
499 1541 2
1101 771 75
1295 1033 2
938 568 6
602 412 5
409 898 2
409 502 2
806 309 30
272 261 21
849 1079 2
618 514 2
278 854 2
1518 1418 7
417 959 8
945 1061 2
557 750 50
485 1054 2
411 350 2
729 1555 2
279 684 2
494 1445 2
1058 677 2
271 1418 7
872 47 8
374 452 12
309 902 44
34 1591 38
1055 939 7
1187 92 8
395 442 2
479 1128 2
856 297 8
544 441 0
56 781 30
1296 424 8
14 499 1
27 337 38
252 584 53
40 1321 8
1383 1316 7
1403 957 7
377 118 2
876 1523 5
551 461 1
907 789 2
360 83 8
491 770 2
945 611 34
51 1239 30
982 957 5
453 274 2
71 1514 0
1466 1060 1
872 1152 26
1052 147 8
876 1059 5
1028 471 2
903 1041 2
490 21 8
489 92 8
301 1115 77
919 646 7
677 796 2
578 387 8
1028 763 2
551 1122 2
409 223 26
234 102 8
813 393 8
383 1337 20
104 393 2
1252 1384 8
1439 259 2
226 423 2
101 678 2
1210 1563 7
995 937 7
872 1417 27
553 574 2
647 1450 2
1014 230 7
658 119 8
74 255 2
1439 191 2
177 1230 2
277 910 2
417 158 27
1403 1388 6
981 450 7
867 428 2
731 884 7
1454 376 3
1545 1181 7
910 611 35
479 1153 6
1179 681 7
1404 129 2
1304 403 7
980 39 8
1274 1067 5
183 519 2
592 373 6
1480 1514 0
867 360 2
864 568 7
1329 936 8
116 1070 5
1090 656 2
867 355 8
603 114 2
620 540 2
1114 904 9
284 29 2
704 789 1
1539 90 8
265 1419 8
831 1126 2
147 1420 2
721 150 27
479 1418 7
155 1351 2
939 97 6
317 1344 5
1561 341 5
888 1465 5
363 327 2
729 507 8
1061 1140 2
148 92 8
1372 1563 7
485 298 8
454 1150 7
259 957 7
1500 681 2
1082 915 30
792 1024 2
265 40 8
1266 1310 8
530 594 10
337 1122 27
905 1036 2
581 235 2
226 1515 2
903 66 2
551 1004 27
558 1140 2
1014 634 7
1355 1407 2
673 672 2
1084 1397 0
125 1086 8
309 1179 31
13 147 8
1253 274 12
420 1327 6
1450 595 53
438 651 53
442 399 2
992 554 2
1446 1415 2
1338 1309 2
459 820 8
399 873 16
1392 345 0
303 325 2
1289 939 15
291 178 1
738 1298 7
427 1419 8
420 35 2
494 0 0
1099 1550 8
1308 792 6
1230 238 2
981 974 7
946 533 62
628 568 7
849 1128 2
728 603 6
441 32 8
317 932 8
958 726 7
1328 690 2
309 1212 8
862 663 8
1412 980 2
603 930 53
603 1138 2
704 1516 7
494 1098 2
945 610 2
870 1125 8
750 983 30
1035 338 5
1295 514 2
1087 65 8
841 890 2
1056 1516 2
1317 147 8
1076 954 7
721 778 27
145 233 27
446 704 35
387 433 7
387 37 7
1055 884 7
854 1217 8
699 1070 2
549 655 62
601 315 7
808 627 6
1540 83 8
580 250 1
769 1314 5
392 1086 8
488 677 2
240 1027 2
457 1570 2
718 363 2
480 903 2
485 1223 2
1028 88 2
265 272 8
125 681 27
1502 572 2
1044 185 38
230 676 33
349 499 2
396 1456 30
939 116 8
240 855 2
1463 1389 7
742 934 15
218 459 7
903 1377 8
459 1156 8
383 606 30
1474 1404 2
978 502 2
362 536 30
1404 683 0
233 149 8
381 1070 5
659 808 8
1452 153 1
302 681 7
676 1135 2
80 215 7
1197 338 5
110 1481 19
1330 568 7
833 412 5
526 812 1
311 973 7
1570 917 8
854 1230 2
642 611 2
1080 980 2
872 693 2
267 217 27
83 533 3
1570 813 8
1200 377 8
859 239 2
651 292 40
730 873 2
1394 1230 2
873 1305 14
1176 1267 1
374 1409 2
996 116 8
150 684 2
58 278 2
507 108 8
261 1329 2
499 730 8
390 1086 8
544 1014 0
1312 387 8
27 514 38
307 750 30
900 101 26
361 1301 2
159 872 2
1277 738 22
1193 513 50
265 1296 8
524 536 30
1376 401 1
716 808 8
720 92 8
255 458 2
754 99 0
841 187 19
117 295 1
1024 1364 2
934 820 8
905 981 2
1449 101 26
20 793 8
1069 1252 30
1355 1352 2
673 221 2
1082 396 30
995 513 33
250 65 8
878 1450 2
770 109 7
789 1447 2
1213 1153 6
1454 684 2
350 37 8
519 650 1
659 1395 7
911 1418 8
905 908 8
200 606 2
184 215 57
1404 0 0
153 1504 57
1290 1431 57
997 377 7
77 282 2
27 117 30
1136 424 8
540 693 2
532 919 2
872 1029 2
1538 568 7
1479 485 30
1191 971 74
411 1619 2
657 1086 8
1215 681 7
1539 1127 8
859 471 2
543 627 8
850 903 2
303 139 3
1090 891 7
1550 881 3
246 1475 37
1299 1345 2
721 35 27
834 757 2
831 627 12
1015 573 15
272 1184 2
1516 577 2
465 1649 2
441 1413 5
1112 934 15
417 822 9
237 789 1
403 101 8
980 942 30
978 368 30
772 174 77
24 1070 2
594 650 8
1288 226 3
1047 1033 2
777 1325 5
56 311 30
1155 32 8
301 1628 77
450 39 6
1034 183 2
244 147 8
217 882 2
301 317 77
701 210 2
71 286 15
220 1024 2
1316 668 1
689 495 8
1140 888 23
446 728 7
447 1000 2
85 594 2
551 616 2
480 485 30
420 297 6
293 1528 1
328 1161 8
377 1043 5
577 1230 20
388 866 36
438 536 2
528 1191 12
409 796 2
902 83 8
1449 393 2
254 224 5
1554 789 2
291 751 1
701 1245 5
974 699 2
416 514 2
789 341 3
391 426 7
84 785 2
485 865 6
315 581 3
1014 139 3
411 540 2
584 1124 16
487 1231 17
628 272 2
623 1550 8
1338 102 8
750 581 3
1403 1210 6
734 102 2
251 1047 16
872 273 8
117 598 30
852 789 8
852 393 8
958 1231 7
406 147 8
594 1305 7
754 269 8
1062 1243 7
336 83 6
309 114 8
1172 1550 8
987 622 35
1037 729 2
1174 26 2
1158 433 7
919 153 1
1028 369 2
876 957 5
128 1418 2
1166 936 8
1472 300 57
551 1609 47
808 193 37
555 735 6
716 65 8
1556 70 35
689 1196 2
1028 661 2
454 1086 2
259 497 2
1082 117 30
1288 808 8
1364 677 2
1090 241 35
316 1377 6
1025 200 33
1081 1325 5
903 929 7
1193 98 50
396 1341 30
1040 663 8
565 128 2
588 1217 8
1252 1183 2
540 1375 27
1235 1166 1
340 320 7
1193 390 50
442 912 2
1108 789 2
804 259 8
259 424 8
789 1100 2
417 1517 1
1176 139 3
85 1176 7
92 805 2
978 1075 2
279 672 27
459 22 8
226 545 2
791 102 2
3 978 3
185 88 27
151 1206 36
1132 793 8
553 696 2
978 1367 2
518 1418 7
1327 1395 7
189 770 2
1223 514 2
779 387 8
3 973 9
995 390 33
1114 474 2
759 1358 2
108 482 8
309 883 2
87 417 2
614 976 5
82 92 8
905 68 24
824 1062 6
197 1227 8
1079 1227 7
116 1376 15
565 1491 5
531 831 2
980 265 8
750 480 2
863 568 7
349 1170 0
1329 766 8
730 1446 2
373 1418 7
604 1376 2
1552 1062 8
98 948 15
835 1446 2
607 726 2
126 101 26
841 488 2
267 179 7
360 568 7
514 728 8
960 772 2
1163 681 27
255 411 2
1404 579 2
855 873 30
205 1641 77
272 122 33
980 199 30
191 720 15
808 604 2
592 1156 7
148 219 2
1229 856 6
1391 1128 2
575 1418 7
233 1131 2
387 296 8
565 360 2
209 441 0
982 104 5
447 617 2
220 677 2
387 588 8
244 92 8
1355 853 12
278 205 19
334 1329 2
558 1274 12
770 728 2
1236 808 7
823 226 3
417 1080 27
878 420 2
1351 282 2
450 295 2
903 516 2
98 191 7
1078 101 26
230 102 33
300 409 2
598 915 30
418 1114 1
681 657 2
1542 1181 7
1309 189 27
199 831 2
867 886 2
183 1395 7
1445 1090 2
915 18 8
980 898 2
906 54 8
859 1148 2
1434 156 2
1441 1050 2
907 485 30
388 1472 37
980 1581 8
292 1309 2
1241 441 66
670 412 5
619 1460 2
297 26 2
729 1388 7
499 893 33
1540 377 8
176 276 2
945 452 12
1073 1376 2
145 1128 1
926 903 1
721 1004 27
923 1070 5
485 1121 2
815 726 2
16 544 21
1551 514 4
408 1062 8
493 808 6
255 1389 7
929 603 6
411 808 8
893 1608 46
144 1212 8
888 658 0
314 513 26
1177 1419 8
205 1101 5
1391 1418 7
485 1449 2
915 162 1
235 829 2
646 1554 0
772 1143 77
1288 65 8
457 485 2
1176 1125 8
760 1472 5
699 873 33
1486 1070 7
1548 1325 5
101 229 2
106 945 2
592 1455 50
951 52 8
235 365 2
447 1199 7
1160 1217 8
226 662 2
1357 452 12
681 1061 2
980 223 26
334 1561 2
452 92 8
442 857 2
744 925 1
85 1563 2
770 1310 7
383 1124 30
592 844 30
221 269 8
187 950 16
172 393 2
447 742 23
1140 75 7
1100 1446 2
185 33 27
1014 46 8
536 611 2
1014 384 3
303 1075 2
1114 419 2
872 231 2
681 611 34
1281 377 6
1050 658 0
255 1315 5
722 1033 2
269 551 2
582 1070 5
279 841 27
862 102 59
1304 178 7
659 1550 8
395 1309 2
699 1514 0
1406 770 2
45 514 2
500 1309 2
483 446 1
939 336 6
784 1257 77
1230 379 55
1283 446 2
604 925 2
150 514 2
600 506 6
579 441 0
1227 1070 5
350 952 16
261 1550 8
1230 432 15
698 1395 7
40 855 3
125 642 2
485 78 2
1236 1403 6
701 1479 2
704 153 12
752 65 8
1047 235 2
594 149 2
239 1033 2
1391 677 2
449 233 27
282 1057 5
70 485 30
1035 916 8
310 340 62
234 568 7
238 954 7
696 1086 8
220 226 2
980 368 30
737 642 30
1474 259 2
1014 1097 7
31 772 14
1035 848 8
558 200 33
645 550 1
185 369 27
221 798 2
592 704 50
1252 80 8
476 1499 10
662 1309 2
185 661 27
997 603 7
74 1450 2
398 1459 2
1316 531 2
1315 92 52
557 642 50
910 39 8
420 498 2
620 1011 2
1400 910 7
860 1395 7
849 903 2
318 1308 80
292 1358 2
502 1007 2
315 75 3
55 377 8
1550 769 8
499 942 33
1458 676 30
420 75 3
435 293 0
747 446 2
869 26 2
1550 1457 8
729 937 7
485 774 2
306 65 8
49 1114 2
329 1206 36
999 939 77
147 220 2
411 65 8
858 1086 8
102 375 30
155 151 2
1458 934 15
599 1561 2
865 377 8
550 1225 0
441 1243 5
263 1446 2
1447 1514 0
911 619 27
302 1191 10
26 762 2
1163 689 2
366 476 2
40 1437 8
205 254 5
701 504 2
1173 1329 2
877 485 30
213 1153 6
565 641 2
362 377 8
151 83 8
337 1525 27
127 663 8
144 297 8
1271 873 33
823 92 7
316 183 6
256 83 8
239 350 2
1158 296 8
1140 1445 2
1466 384 1
823 1217 8
661 619 27
106 494 2
24 873 33
441 634 7
1100 293 0
1266 42 8
755 1408 1
1140 1126 33
213 1418 7
83 1004 27
1025 1128 8
383 381 30
101 106 2
1357 742 23
499 1187 0
1023 59 8
990 1231 17
978 569 2
191 942 2
421 1024 2
438 1450 2
1407 1015 36
1316 1118 1
501 1296 0
108 80 8
1561 697 2
526 1024 2
491 1206 36
1314 201 12
442 1125 8
534 1090 2
1282 1404 1
291 1305 8
906 627 8
1337 102 8
1084 1087 2
519 11 64
1570 588 8
221 438 8
55 568 7
267 1076 27
177 882 2
289 272 2
592 489 6
945 1409 2
619 34 2
1459 476 30
1264 1472 37
905 269 20
671 915 30
729 341 3
148 1150 7
603 230 2
377 534 2
514 823 33
770 573 15
506 291 8
772 1388 77
81 1170 0
940 444 7
1258 677 2
713 446 2
40 462 8
117 534 1
125 191 2
142 221 2
701 1424 2
772 1320 77
523 1465 5
1271 282 23
485 18 8
56 1457 30
1485 945 2
255 228 8
596 663 8
1335 284 6
1466 1408 1
24 282 23
993 866 36
125 519 2
1357 1409 2
688 1024 2
282 222 15
1206 97 15
1442 1319 21
808 129 8
905 360 2
215 1454 2
902 568 7
1031 1217 8
773 101 26
737 348 41
1481 1496 69
286 957 1
240 46 8
1125 1395 7
87 315 2
102 167 2
673 387 8
442 1384 7
1565 677 2
1261 147 8
545 1252 2
545 856 2
101 1125 8
258 584 71
1355 453 34
1230 1337 2
1329 1246 37
270 101 26
86 808 8
555 226 3
993 554 2
410 1114 2
74 603 2
303 45 2
872 804 2
1239 21 8
581 676 30
1451 978 3
1439 831 2
365 412 5
1390 1328 1
872 1492 2
58 812 1
557 191 50
65 593 7
65 989 7
1304 63 7
281 1230 2
272 1131 2
1544 1181 7
110 1268 5
271 108 1
48 145 2
543 298 8
1191 970 74
721 206 27
494 818 2
1084 39 8
155 1407 2
494 813 8
721 498 27
252 1418 27
1181 265 8
594 848 7
988 851 30
219 513 26
1140 0 0
465 1482 7
478 1418 7
590 808 7
805 1376 2
1028 1515 2
876 104 5
707 856 2
707 1252 2
934 1583 8
1383 1319 2
903 1375 27
143 808 8
27 987 2
661 603 6
565 586 2
115 70 1
1233 600 1
1166 971 39
766 603 6
674 1314 2
1023 1342 7
565 878 2
919 65 2
1448 191 30
905 988 2
1123 1418 7
1442 1404 1
98 485 7
1128 1342 7
230 396 33
425 1015 36
913 1450 2
527 412 5
1110 568 7
442 455 2
334 1550 8
1338 619 27
1259 147 8
770 908 7
102 399 2
677 857 2
1514 1187 0
649 1496 2
1429 1395 7
328 936 8
383 379 41
192 856 6
499 1132 0
421 677 2
1317 841 27
101 46 8
98 709 7
726 911 31
507 1239 1
859 1338 2
555 808 8
65 929 7
641 1316 7
1128 296 8
303 627 7
322 65 8
641 251 33
769 1086 8
13 772 19
284 1131 7
1201 450 2
926 1197 1
1058 350 2
872 116 8
1098 309 33
102 724 30
1176 1055 1
820 903 1
865 726 8
938 873 16
1128 228 8
1403 297 6
647 646 8
267 625 27
505 831 2
307 642 30
252 1358 27
636 108 8
415 282 8
925 432 15
267 929 7
554 720 15
382 65 7
391 1550 8
127 1309 2
419 1070 5
115 766 1
1272 568 7
636 40 8
155 719 8
653 1170 0
1421 147 8
1461 584 41
735 1236 8
402 948 15
1526 147 8
701 1077 2
1556 241 35
377 114 8
830 101 2
560 393 5
1547 1325 5
1446 1397 0
340 163 7
729 172 8
350 1199 7
350 1141 2
1140 1371 33
1485 494 2
688 677 2
265 726 30
820 226 3
314 1004 27
350 1491 7
349 200 33
903 1042 2
1487 1418 7
142 197 8
325 681 27
613 1128 20
1316 296 5
894 233 27
847 1554 0
317 1315 7
698 1550 8
770 1536 7
563 729 2
56 98 16
442 979 2
1156 92 8
417 623 27
1261 92 8
307 945 2
789 160 33
83 616 2
995 834 7
272 917 20
200 722 2
903 54 8
1418 1375 27
1455 684 2
1463 3 8
1463 341 3
395 1166 1
981 393 2
805 950 30
289 1309 2
65 246 7
102 39 8
406 681 7
620 609 2
843 905 2
83 881 3
411 233 27
565 160 30
507 925 2
1082 987 2
737 1007 2
267 857 27
1404 818 2
1329 937 8
980 728 8
928 1556 2
518 147 8
259 297 6
1463 1335 5
1230 501 55
926 446 1
829 553 2
447 1397 0
668 293 66
494 367 2
155 1352 2
255 582 2
470 272 31
701 667 27
1247 1014 0
278 104 2
450 1138 6
32 1419 8
1166 1298 7
1458 102 30
31 284 2
739 197 8
1146 1418 7
519 960 30
1193 861 50
368 940 2
143 65 8
418 851 30
780 441 0
712 1062 8
594 766 8
357 1550 8
1036 681 27
923 1257 2
817 1062 8
491 83 8
543 230 41
508 1325 5
98 476 2
820 808 8
897 1217 7
774 543 2
813 1418 8
849 1376 15
1131 1079 2
533 681 27
455 808 7
126 259 8
813 1314 8
1025 726 8
1360 417 2
1316 388 1
233 833 8
836 200 30
795 936 8
219 54 2
297 101 26
190 314 2
233 1125 8
494 81 10
1315 282 52
995 296 8
226 33 2
409 516 2
710 1325 5
69 1252 2
69 856 2
543 652 2
721 845 5
315 369 3
70 348 7
652 646 7
322 1217 8
1554 1197 2
16 95 21
872 66 2
35 291 1
39 735 6
290 568 7
618 856 2
1404 666 12
303 149 8
1042 108 1
380 1450 2
266 1090 2
291 736 2
1062 321 2
31 1376 2
1156 1197 2
291 1127 8
139 672 2
1244 293 0
1233 1345 1
1078 259 8
1516 1321 2
726 848 7
487 393 8
618 387 8
256 377 8
978 424 30
606 974 2
307 519 30
266 1314 2
1461 476 30
126 663 8
374 610 2
1526 92 8
1253 1355 2
701 626 2
377 59 8
917 233 27
1062 936 8
468 1090 2
565 1555 2
923 282 2
1130 594 1
1252 611 2
702 568 7
1024 1133 2
1024 737 2
945 453 34
396 1457 30
1166 588 8
1364 689 2
977 1325 5
1314 109 0
1140 360 2
681 452 12
1355 329 2
383 607 30
1358 471 2
1003 1355 2
218 793 8
849 1231 41
1161 65 8
915 890 2
648 1033 2
1445 1561 2
226 369 2
1380 856 20
417 172 27
880 536 2
545 350 2
350 1119 30
651 1590 38
550 670 2
399 191 16
726 1047 30
309 311 2
627 1516 2
544 101 8
647 954 7
550 1457 8
1098 950 33
398 606 2
138 396 30
993 147 8
974 1443 2
1177 565 27
1126 553 44
251 70 35
43 1403 6
1553 393 2
30 995 1
946 1058 62
259 911 31
731 726 7
295 1404 2
309 535 2
616 514 2
168 651 69
160 974 2
1357 1397 0
1404 367 2
607 550 2
147 1388 7
939 111 6
1177 393 27
48 35 2
581 102 30
609 1416 2
870 47 8
870 484 9
726 1126 2
727 309 33
841 208 2
1394 417 27
1329 546 35
1259 1093 2
729 813 8
155 901 2
256 568 7
594 388 2
195 1314 5
1567 594 10
100 293 0
805 974 2
1357 1225 0
676 1567 1
1229 284 6
922 684 2
808 324 2
259 949 2
915 1253 1
1028 1405 2
337 1399 6
923 910 2
980 607 30
796 568 7
904 1090 84
609 32 8
805 568 7
29 1550 8
1339 855 5
820 65 8
221 1141 2
1039 272 2
645 789 1
217 255 2
653 446 2
1039 663 8
20 1086 8
88 1239 7
205 499 7
228 651 53
85 1570 2
460 723 2
314 616 2
220 689 2
56 671 16
269 286 15
995 806 33
99 980 3
1023 855 3
325 689 2
1459 609 2
550 1047 33
417 1196 27
778 514 2
912 200 2
774 420 2
1444 1445 2
1287 345 0
190 259 2
1230 252 2
1304 753 7
189 1176 7
1215 750 7
1232 1217 8
438 259 7
903 627 8
1203 603 6
1561 1109 7
441 46 8
241 396 30
441 384 3
1326 1395 7
641 1252 2
629 808 7
1093 373 6
543 597 2
191 777 2
501 1319 21
520 1502 2
1499 377 10
600 1081 6
1387 1325 5
1429 1217 7
179 1062 8
1215 682 7
550 18 8
982 1583 8
322 56 33
913 873 30
318 687 80
834 1176 7
721 792 27
1438 1550 8
292 1128 8
599 1404 2
841 148 2
677 1610 56
833 770 2
1039 995 1
377 1342 7
97 948 15
377 77 2
1035 1054 7
139 221 2
841 1227 8
315 598 30
115 364 1
711 726 2
374 823 33
476 877 2
396 782 30
40 1212 8
441 1310 5
735 438 8
125 1395 7
1403 848 7
772 175 77
380 1619 2
361 619 2
485 1169 2
933 278 2
415 1316 5
485 773 2
726 37 7
651 1256 5
286 720 15
907 284 2
1191 1063 5
1471 1698 59
568 336 6
726 766 8
348 165 2
677 714 1
56 604 30
56 208 30
442 307 7
1252 556 2
216 1345 2
679 1418 7
361 551 2
1258 147 8
438 663 7
1020 291 8
689 59 7
1483 1314 2
1355 670 2
789 77 2
206 1033 2
228 1086 8
790 910 7
1251 274 12
152 536 30
1316 961 1
442 577 2
1496 774 40
792 219 2
514 3 10
1219 1418 7
681 742 23
534 1329 2
279 284 16
1436 808 7
1000 1090 2
1077 101 26
701 1246 5
728 412 5
1225 726 48
1314 360 2
88 92 7
535 1550 8
200 216 2
681 1396 8
1550 1199 7
1022 228 8
993 92 8
1210 594 7
1232 309 48
816 1070 5
1446 214 2
213 147 8
1176 1281 1
399 831 2
3 278 9
390 417 2
318 147 8
1326 393 8
524 553 2
267 455 27
309 183 8
392 1395 7
618 1033 2
318 4 80
226 639 30
1337 1168 55
772 1267 77
731 603 7
1437 485 33
580 1184 1
110 743 5
115 992 1
350 1097 7
701 178 1
575 108 1
244 465 12
1502 818 2
292 377 8
601 831 2
1193 167 50
978 601 30
155 858 12
1123 1070 5
684 877 2
20 870 7
701 1303 2
279 536 50
830 723 2
1259 282 2
1028 662 2
1028 1058 2
205 910 77
1166 833 8
259 498 2
772 1491 77
36 197 8
907 1308 2
721 1511 9
543 159 20
337 325 27
841 80 8
228 681 27
1497 1217 8
255 3 8
1090 138 35
255 341 3
584 728 8
1052 1062 8
825 726 8
1355 610 2
878 1418 7
672 1391 2
424 1345 2
1140 933 2
512 441 0
555 233 27
908 272 8
551 1199 7
1136 834 8
540 707 2
906 1161 7
1023 462 8
144 533 5
775 278 74
1444 1098 2
552 808 8
1021 226 3
510 1325 5
417 1141 27
542 1177 2
447 214 2
1014 836 3
221 914 2
295 1357 2
1329 444 2
254 669 76
200 844 2
641 905 2
172 1033 2
995 287 33
535 476 2
847 437 7
189 56 33
70 284 2
1555 882 2
872 929 7
546 387 8
729 433 7
58 1024 2
78 350 2
395 619 27
318 340 80
982 1137 2
929 1314 5
819 441 0
500 619 27
147 160 16
834 293 0
922 1231 41
915 1392 30
267 1479 27
108 1523 5
183 642 2
1170 1574 2
526 48 2
619 833 2
291 37 8
847 265 7
54 1217 8
847 661 7
834 56 33
852 1418 8
888 1376 15
618 350 2
1458 396 30
592 1184 6
1271 1084 2
1259 1374 2
98 915 30
870 958 3
594 669 2
721 273 27
476 530 2
1084 502 8
384 182 7
255 704 2
24 1084 2
337 1417 27
642 139 3
258 450 2
1111 293 66
1472 929 57
255 1054 7
619 1156 8
699 1357 2
486 950 33
1350 945 1
157 872 2
980 492 30
599 554 23
856 75 3
143 291 8
591 950 33
240 126 2
945 32 8
1274 484 74
816 1062 8
85 50 41
649 284 16
1024 335 2
1539 338 5
459 719 8
800 1550 8
1355 883 33
1029 259 2
455 684 2
233 1378 7
793 296 48
293 1105 0
1495 677 2
458 92 7
1258 92 8
1114 1567 2
893 1345 2
661 689 2
908 1197 2
344 65 8
87 1114 2
563 272 2
795 766 8
662 619 27
701 484 9
551 166 2
790 459 7
70 1376 2
563 663 8
909 1418 8
613 1325 5
653 200 33
688 48 2
438 144 7
773 272 2
610 1475 5
185 1405 27
797 83 8
1106 1329 2
1304 493 6
894 314 2
1450 1510 2
206 514 2
1340 1086 8
420 158 2
1550 1581 8
986 1166 38
1153 533 5
514 1046 12
595 950 16
622 726 2
1268 65 5
861 1357 2
1176 929 7
411 882 2
701 1152 26
267 504 27
958 808 6
1128 3 8
318 92 8
23 1140 2
619 1461 2
1128 341 3
769 793 8
1475 921 57
618 978 2
1458 1024 30
1085 1140 13
1197 1322 13
1084 838 8
424 808 14
291 957 8
718 274 12
747 789 8
603 1553 2
772 1212 77
1516 714 1
377 650 2
605 974 2
1225 1472 5
701 1417 27
1180 1062 59
568 685 6
1460 476 30
115 937 1
147 522 7
491 568 7
484 1516 2
978 942 30
1397 65 7
64 915 30
340 334 7
235 1122 2
1461 651 41
193 499 57
144 1437 8
568 909 6
450 613 6
311 945 1
337 270 27
240 1437 8
106 550 2
974 1194 30
1252 1525 2
89 812 2
287 646 5
450 1284 2
218 1024 2
340 266 7
221 239 2
1152 291 8
1272 1296 8
684 650 2
899 677 7
440 284 2
726 1341 30
447 823 33
722 851 30
552 65 8
328 1298 7
789 1437 8
655 1314 7
540 256 2
291 1388 7
1439 723 2
539 1376 2
1001 950 33
1561 753 2
1570 1108 8
900 83 8
1014 47 8
281 726 2
491 866 36
286 1005 1
303 1076 2
3 1356 10
1314 933 2
108 32 8
750 98 2
517 1070 7
872 524 2
359 594 10
1084 1097 7
1497 135 5
1321 646 8
642 1125 8
454 1238 41
267 1424 27
837 83 6
961 278 7
1058 1395 7
976 468 2
297 551 2
592 837 6
850 398 2
470 873 16
1163 1395 7
856 1457 8
494 246 2
377 590 2
176 1197 2
1207 83 8
784 1550 77
729 648 2
53 873 2
1193 533 3
498 1419 8
1295 350 2
729 696 19
721 218 27
272 1075 2
934 183 1
205 1191 77
642 1455 30
699 568 7
707 284 2
298 412 5
440 1376 2
1144 83 6
337 898 27
1176 47 8
1459 903 2
780 945 1
1468 1217 7
476 699 2
594 833 8
1140 818 2
917 476 7
391 284 30
415 450 5
1252 149 8
396 604 30
672 1568 2
1140 1110 2
215 199 2
1332 363 1
555 309 2
1019 1418 7
1447 1101 12
1228 643 1
1463 433 7
125 1550 8
1090 88 5
546 1564 12
417 1026 27
1224 153 1
85 485 2
192 284 6
230 1550 8
583 92 8
190 485 2
185 1058 27
1336 726 7
185 662 27
1239 833 8
454 867 45
980 516 2
1065 658 0
1539 1381 7
322 350 33
191 607 2
82 1062 8
903 68 24
281 540 27
409 979 2
686 1419 5
1098 1140 2
867 1520 2
363 606 35
995 341 3
499 1262 2
102 152 30
1230 743 3
1114 229 33
115 810 15
1307 377 6
270 905 2
1080 420 2
550 140 8
1217 139 59
409 911 2
618 235 2
728 1446 2
48 889 2
1329 75 3
1085 793 13
303 716 8
539 726 30
1214 101 8
278 971 2
514 911 2
113 417 5
177 646 8
1314 474 2
646 18 8
33 619 27
909 377 6
115 590 1
1009 412 5
995 1335 5
124 1395 7
26 763 2
1448 315 30
978 199 30
1301 424 7
233 667 27
363 685 7
701 68 1
22 723 2
392 1550 8
128 1309 2
329 1472 37
350 569 2
186 393 5
56 830 30
259 487 8
184 1498 57
334 1191 12
1382 1296 7
276 855 3
311 494 1
1451 272 31
244 1062 8
903 762 2
550 617 2
438 785 7
747 441 0
952 948 15
328 1243 7
1144 102 8
610 153 5
1076 101 26
996 1298 7
4 424 14
789 264 23
642 455 2
592 22 50
978 1258 2
530 1357 2
516 677 2
398 381 2
16 1225 0
441 796 8
1463 119 8
181 1395 7
137 1325 5
641 102 8
869 723 2
168 987 2
117 893 30
1400 1296 7
1536 735 52
600 228 6
330 83 8
622 903 2
877 789 2
84 1304 2
1553 856 2
499 579 2
267 1077 27
982 730 8
395 859 2
491 1472 37
183 240 2
490 178 1
439 125 30
973 667 2
864 726 8
500 859 2
606 1404 1
739 1296 8
1098 92 8
603 231 2
927 910 1
729 296 8
98 117 30
30 1035 2
544 102 30
603 127 2
102 1236 6
1373 412 5
118 568 1
729 588 8
1393 1062 7
1527 789 8
1527 393 8
468 950 33
1396 808 7
1158 1389 8
596 1128 8
374 366 33
927 446 1
446 881 5
122 681 27
696 808 8
199 315 30
1133 101 26
701 1029 2
267 1006 55
1485 550 2
1336 884 5
1383 291 8
101 803 2
1468 870 7
282 607 5
594 90 8
337 843 27
594 486 8
406 441 0
1035 763 2
565 647 2
53 851 30
62 1206 36
215 1455 2
1014 355 7
272 1437 20
900 729 2
155 622 34
922 1079 2
673 393 2
903 475 2
1180 1514 0
633 808 6
670 543 2
189 350 33
1474 101 2
1232 1231 48
417 1367 27
1239 90 8
540 829 2
102 460 2
1253 1062 8
439 382 7
499 109 0
447 435 8
1230 27 2
519 718 1
980 857 2
1260 92 8
524 1079 2
592 942 50
1223 1033 2
390 856 6
1114 993 2
658 1156 8
867 777 2
13 92 8
872 1493 2
442 47 8
281 485 27
1084 113 2
514 248 12
910 960 35
494 1283 2
1337 1419 8
76 393 8
858 808 8
1057 1498 57
1176 428 1
1114 611 34
409 168 2
32 377 6
494 1575 2
877 101 8
498 1309 2
1140 81 10
1137 412 5
186 568 7
303 265 8
599 1191 12
154 1024 2
152 450 2
1323 873 14
841 611 2
162 1090 2
383 678 43
1282 550 1
617 282 2
554 489 15
750 1392 30
1339 1430 5
1328 70 35
258 676 2
829 459 7
255 1321 8
32 1376 2
35 672 2
160 1007 44
110 269 1
1330 1070 5
140 672 2
1296 90 8
1458 450 30
1151 925 2
701 54 2
706 770 2
584 498 38
592 743 3
1035 1391 2
1176 958 3
702 684 7
455 514 2
406 1419 5
173 485 30
450 486 2
235 256 2
396 781 30
3 1418 7
903 707 2
912 1062 8
344 291 8
507 1325 5
555 882 2
280 658 66
1028 33 2
595 83 8
83 513 26
1000 1329 2
661 1166 1
1283 1014 0
770 1201 7
314 104 2
551 1080 2
219 798 2
1316 1424 1
49 658 0
101 47 8
894 540 2
978 911 2
750 1299 2
995 936 8
823 701 30
449 65 8
976 1445 2
1128 297 8
659 1217 8
1316 960 1
872 122 2
68 856 2
603 1555 2
118 866 36
1565 219 2
867 94 2
814 1325 5
406 387 8
398 258 2
267 626 27
1239 1340 30
650 789 8
650 393 8
674 925 10
450 1139 30
119 1496 41
183 226 3
251 823 16
601 1128 7
609 844 2
727 1140 2
1476 56 30
1550 32 8
978 840 30
944 476 2
1193 1396 8
867 21 8
584 1590 38
589 1314 7
1173 1191 12
30 980 2
772 1334 77
261 1446 2
1396 65 7
138 550 1
568 1203 6
1287 363 2
1052 514 2
27 235 38
1252 1423 2
1460 651 41
701 1078 2
928 757 2
1348 293 0
1114 881 5
186 1070 5
607 494 2
1028 833 2
1166 1004 8
1556 138 35
737 309 30
494 63 8
360 278 2
913 102 7
551 1438 7
671 940 2
1247 1101 12
988 50 41
170 56 30
139 1345 30
934 437 8
1045 872 40
1040 1419 8
825 793 8
550 1581 8
211 1418 7
1120 1062 8
335 856 2
851 893 30
1496 1177 40
108 326 8
1266 908 8
747 1014 0
1355 742 23
392 1176 15
388 1070 5
406 750 7
789 837 23
880 884 2
592 199 50
727 1170 0
1450 365 2
1444 1165 2
1380 873 41
1209 1563 7
541 1450 2
286 1127 1
1309 1131 2
291 1488 2
576 191 14
1058 233 27
406 682 7
1446 617 2
1550 728 8
847 504 7
872 1042 2
1316 318 2
992 147 8
406 974 7
721 220 27
272 1077 2
1539 848 8
1081 1450 2
1304 697 7
625 1217 8
154 677 2
514 113 2
45 1033 2
1262 1472 37
387 167 7
1197 119 8
183 808 8
738 833 8
562 568 15
603 804 2
736 259 8
581 450 30
536 1455 30
1230 794 55
268 1418 7
1144 377 6
1084 277 8
901 1206 36
1230 1335 5
387 140 8
689 854 27
1448 309 30
1040 995 1
531 536 30
828 102 2
140 221 2
980 704 31
40 932 8
34 584 2
735 158 8
655 1070 5
340 1480 7
1176 273 8
485 889 2
1028 150 2
1035 648 2
772 583 77
913 1418 7
907 4 2
1371 1550 8
594 1059 8
153 205 19
588 315 2
109 1266 1
406 1014 0
565 90 7
726 90 8
47 1070 5
56 324 30
903 360 2
900 568 7
124 1550 8
1220 1153 6
1154 147 8
519 1359 1
85 315 2
934 1468 24
787 884 7
795 937 8
202 421 2
1184 1325 5
1064 658 0
420 59 7
1225 910 48
885 689 38
770 1583 8
438 315 7
83 1199 7
167 772 16
997 726 7
490 776 5
441 836 3
584 1256 5
163 1395 7
191 437 2
83 1491 7
112 65 8
847 1574 2
1550 1315 7
416 235 2
291 863 7
340 1578 5
1207 568 7
1307 603 6
391 485 2
1290 230 17
717 1418 7
1176 605 1
267 279 27
246 441 0
1424 646 7
26 661 2
106 642 30
833 1176 7
14 514 1
387 1133 2
318 120 80
303 838 8
780 450 30
159 314 2
1045 584 2
391 808 8
784 1093 77
772 1383 77
118 1472 37
102 438 6
150 350 2
377 425 2
1047 1450 2
155 670 2
1539 97 8
127 859 2
1502 246 2
396 1420 8
281 987 55
350 1213 7
1495 856 2
601 609 7
803 1376 2
106 789 2
88 1513 5
317 163 5
689 917 2
1516 206 39
483 646 8
1028 778 2
1259 398 2
498 102 8
1521 65 8
325 1062 6
357 873 2
1207 1062 5
1125 1062 7
1259 393 8
1210 412 5
903 638 27
337 45 27
823 1345 2
259 213 8
447 637 12
511 658 66
41 1024 14
1315 412 5
255 119 8
301 1101 5
1024 1030 2
934 90 8
1129 976 2
939 410 8
689 1141 2
789 821 2
789 425 2
1131 293 2
1383 1325 5
84 910 2
789 1212 8
804 272 8
978 796 2
393 1335 5
383 849 41
83 166 2
233 47 8
863 65 7
1075 1418 2
917 226 3
272 1201 15
1223 235 2
779 108 8
550 1359 2
309 604 2
1128 433 7
1014 114 8
1214 1419 8
1224 65 2
1136 90 8
291 1491 7
936 393 5
939 139 5
494 89 2
870 116 8
992 92 8
913 642 30
63 568 7
502 551 2
859 533 2
147 1389 7
651 586 40
233 1152 26
45 978 2
483 910 1
607 447 2
315 1282 30
784 1325 77
729 423 2
259 622 2
772 1615 77
1283 910 2
377 657 2
988 450 30
1185 646 8
1393 1230 2
627 65 8
32 974 2
624 974 30
1101 1068 5
771 153 5
642 1126 30
925 443 12
772 236 77
337 673 27
1153 1384 8
678 903 2
506 1128 20
1252 325 2
723 685 8
110 91 1
233 410 7
1304 52 5
792 1217 7
565 769 2
278 368 14
270 309 30
696 1550 8
171 412 5
592 840 50
1357 617 2
699 1296 8
1154 92 8
1010 833 7
350 39 8
1003 873 33
1093 46 6
686 1170 66
1328 990 37
795 90 8
144 881 5
872 1391 2
1087 1418 7
330 568 7
447 265 8
1190 284 16
147 1315 5
389 658 0
441 47 8
1341 1550 8
834 808 6
1158 776 5
651 1584 28
979 393 2
651 804 38
291 854 2
1314 25 2
1283 1314 2
867 1295 2
736 905 2
729 1515 2
313 1199 8
894 65 8
639 476 2
1079 265 7
980 911 2
214 1507 5
494 1009 2
1084 626 8
861 681 2
971 551 2
383 692 2
238 101 26
152 676 2
42 1418 7
910 855 5
690 684 1
590 1395 7
