961 58 7
346 1342 7
1215 300 7
317 59 7
997 269 7
958 563 7
958 167 7
1396 1156 7
373 1310 7
910 1392 7
329 63 7
52 433 7
157 433 7
98 779 7
601 1025 7
1215 75 7
1215 403 7
487 1342 7
599 732 7
300 377 7
1146 1310 7
1210 377 7
1215 697 7
1304 992 7
847 1419 7
601 508 7
1429 1062 7
1325 1342 7
601 330 7
923 1342 7
1140 732 7
1215 21 7
1164 433 7
129 1156 7
491 686 7
1275 499 7
1375 75 7
1215 362 7
847 792 7
601 1252 7
601 1544 7
1055 442 7
65 663 7
89 433 7
1262 686 7
65 608 7
43 1227 7
1055 285 7
997 461 7
590 1062 7
43 1349 7
325 1129 7
1532 1164 7
43 32 7
1463 59 7
997 462 7
1215 662 7
601 522 7
579 1310 7
1200 433 7
601 761 7
325 324 7
1055 1207 7
655 1342 7
170 63 7
55 433 7
1304 556 7
199 433 7
847 581 7
1304 850 7
687 1070 7
434 433 7
293 487 7
1275 1502 7
1567 591 7
1373 1156 7
512 1310 7
1232 1342 7
795 1342 7
601 372 7
1572 1314 7
510 63 7
634 433 7
1424 1310 7
1158 1342 7
479 450 7
1275 718 7
640 732 7
1192 1070 7
1182 732 7
1447 732 7
997 155 7
1446 732 7
1215 1087 7
43 1379 7
601 1239 7
311 526 7
325 531 7
365 433 7
858 129 7
1009 433 7
124 1342 7
847 104 7
533 1342 7
961 1488 7
847 677 7
529 1314 7
98 671 7
601 1253 7
601 1547 7
1144 433 7
311 430 7
1275 747 7
439 795 7
1055 914 7
1489 732 7
673 433 7
98 337 7
172 433 7
595 1342 7
1084 433 7
755 732 7
961 547 7
534 1314 7
804 1342 7
1078 1342 7
601 306 7
243 732 7
576 433 7
601 483 7
109 433 7
211 433 7
1275 1506 7
1275 1000 7
1351 686 7
145 433 7
1291 269 7
98 886 7
420 63 7
961 971 7
749 732 7
847 94 7
1275 1357 7
98 1131 7
1359 732 7
658 793 7
733 1624 7
1275 558 7
170 1132 7
1399 433 7
350 433 7
601 819 7
1317 1342 7
601 294 7
1304 955 7
601 179 7
1207 1346 7
601 28 7
601 29 7
958 1360 7
961 973 7
98 34 7
581 661 7
1055 107 7
601 1258 7
195 433 7
601 1552 7
997 1614 7
601 126 7
958 1042 7
1469 1062 7
1275 1271 7
1275 295 7
490 1070 7
439 426 7
22 1314 7
1494 7 7
733 242 7
373 868 7
19 1070 7
1245 11 7
396 1070 7
1392 8 7
1275 1355 7
660 732 7
448 732 7
826 732 7
270 661 7
958 1456 7
443 129 7
98 709 7
1134 732 7
632 377 8
161 377 8
503 663 8
145 1412 8
175 718 8
55 1460 8
145 4 8
66 28 8
1405 661 2
1258 1141 2
910 920 2
1029 601 2
616 350 2
590 812 2
1029 150 2
21 882 2
126 1309 2
1299 1359 2
577 311 2
1474 675 2
923 1149 2
1140 1575 2
590 656 2
1483 1567 2
1078 798 2
923 644 2
923 1334 2
938 798 2
295 397 2
324 1345 2
923 1580 2
34 600 2
634 1611 2
564 595 2
1567 466 2
513 1131 2
21 2 2
327 28 2
1460 1007 2
923 407 2
920 1607 2
948 1611 2
1442 847 2
477 600 2
1507 11 2
923 1320 2
1394 269 2
923 1635 2
923 612 2
1557 11 2
1270 179 2
573 1611 2
923 1631 2
923 1229 2
923 1632 2
923 1639 2
923 1640 2
227 63 1
1085 325 1
927 992 1
658 1531 1
1489 1678 1
1270 1475 1
755 386 1
1567 1702 1
1567 1703 1
365 651 1
64 1567 1
1270 1344 1
324 1268 5
124 1178 5
386 1618 5
1304 1589 5
746 324 5
1202 533 5
5 997 5
8 1579 5
958 1558 5
1508 779 5
1498 1000 5
1511 779 5
549 746 62
136 850 52
32 493 6
28 405 16
1083 1511 9
801 1511 9
1551 534 4
34 1594 38
34 1599 38
1440 1460 20
352 129 12
362 1616 71
10 1580 18
1089 1580 18
325 1584 28
725 658 66
1385 65 22
503 148 2
140 1258 2
1062 559 2
95 1227 52
852 59 8
1156 1097 7
694 656 1
1394 1338 27
164 21 8
1115 377 5
804 667 27
241 430 7
127 804 2
23 1084 2
1158 140 8
601 158 7
349 910 2
590 1322 13
1421 658 66
1357 637 12
718 602 2
925 1351 2
677 756 2
337 321 6
673 1211 2
568 337 6
661 1122 6
1300 1000 5
746 1201 5
83 1070 5
1252 849 2
98 1004 7
1478 599 2
696 179 8
126 833 8
98 1296 7
651 1604 38
1360 991 2
1225 795 48
563 719 8
1000 775 12
558 1292 33
563 620 2
434 875 6
950 533 5
1227 1135 2
1474 1247 2
1225 124 1
539 1200 2
1004 1131 2
437 1000 2
761 1364 1
995 433 7
623 850 6
433 568 7
1330 124 1
187 671 16
1541 697 2
728 850 6
894 662 2
1447 113 2
667 663 8
421 1488 2
524 914 2
945 1253 2
89 519 35
1476 350 30
579 1244 36
151 686 7
1078 568 7
1570 1156 8
620 104 2
503 844 2
1084 1213 7
1547 116 8
1084 824 23
195 116 8
996 63 8
1552 728 8
205 697 14
271 673 2
600 623 6
938 88 2
1078 833 8
999 1635 77
503 672 2
36 167 2
747 31 33
377 602 2
1390 992 1
336 377 6
241 1355 1
524 1239 30
1078 1125 8
1055 148 7
304 858 10
1194 533 3
491 1307 13
713 910 2
126 1138 2
701 804 2
533 1135 30
1251 1355 2
1271 681 2
28 424 8
28 820 8
418 450 30
1246 651 12
595 568 7
357 1446 2
248 971 74
1025 890 33
337 618 27
870 1325 5
1129 861 2
976 513 30
829 663 8
301 1635 77
362 158 8
557 1156 7
688 1488 2
109 1197 2
55 338 5
673 168 2
387 1070 5
314 958 2
1030 150 2
782 104 2
334 599 2
234 1310 8
790 269 8
1565 1141 2
771 1070 2
1252 139 3
503 101 26
27 64 30
140 1182 5
279 1258 27
859 882 2
270 519 31
961 699 1
1321 1062 8
1401 938 6
309 1131 7
65 765 7
65 369 7
420 219 2
48 677 2
732 81 1
1562 466 2
530 89 2
843 1424 2
628 798 2
958 618 7
462 1102 5
269 1583 8
1226 801 10
145 502 1
518 1062 8
55 390 8
372 833 7
172 384 3
403 116 8
1399 80 7
197 958 5
252 798 27
1144 603 6
157 936 8
21 233 27
909 493 6
865 98 8
488 533 2
739 28 8
958 1617 3
683 1531 1
998 1062 5
285 404 8
479 569 2
1355 1225 0
1029 724 2
1039 914 2
627 971 9
1188 1456 50
1503 65 8
928 300 2
698 433 7
501 1310 8
128 1029 2
126 158 8
126 455 2
1474 676 2
918 1456 2
1337 179 15
483 140 8
454 697 2
1201 1253 5
233 1379 7
1140 1562 2
1493 104 2
1121 958 2
435 1227 59
170 806 30
581 1047 2
673 796 2
126 90 8
875 1399 6
272 179 15
344 462 8
232 973 2
1253 823 33
57 1062 6
759 513 26
551 563 2
1127 1062 7
1154 269 8
442 127 2
555 1345 2
744 591 1
601 911 31
377 990 5
368 75 8
1215 928 7
1456 855 3
80 107 7
43 1236 52
1502 719 15
759 677 2
300 1391 2
48 576 1
1160 658 0
1019 32 8
1360 904 9
327 1047 14
546 958 3
85 1156 8
1210 936 7
179 1199 7
254 755 5
595 1586 5
177 1062 8
979 1258 2
322 75 3
512 753 2
144 75 5
1399 735 6
1281 43 6
865 65 7
1087 554 2
941 779 6
530 1009 2
1110 961 35
285 808 8
199 1518 30
632 1468 24
860 433 7
183 59 8
1438 21 8
601 507 7
601 903 7
784 923 77
269 1296 8
126 859 2
604 591 2
167 606 2
357 433 7
784 1215 77
471 1131 2
115 938 1
938 33 2
600 947 2
999 1580 77
227 724 1
1144 1127 6
377 646 8
1007 606 35
720 52 8
365 936 8
1069 377 7
479 1496 69
362 1482 8
567 293 0
1271 334 2
487 808 8
349 1087 2
672 671 7
907 858 2
533 684 30
1466 1489 1
1375 796 2
704 157 7
457 779 2
753 1268 5
325 1184 6
524 324 30
1456 93 1
1468 590 7
1367 662 2
27 75 8
512 1005 36
124 743 3
238 270 2
101 1310 8
1158 937 8
854 1070 5
813 462 8
1210 903 6
1326 1062 7
512 341 5
116 167 8
792 689 2
761 37 7
1327 1342 7
1047 948 15
3 920 9
55 1381 7
886 92 8
464 576 14
920 205 19
243 441 0
401 1245 37
211 147 8
620 677 2
285 1395 7
1215 177 7
267 1029 27
599 1003 2
616 1033 2
1570 22 8
850 399 2
1262 1206 36
862 104 8
1375 384 5
1547 1377 8
145 488 2
450 272 31
499 888 23
270 210 2
4 875 6
595 1255 2
544 450 30
267 22 7
1394 540 27
913 491 5
270 502 2
1024 513 26
464 662 2
155 309 33
56 167 30
361 510 2
211 1017 78
1140 1191 12
994 386 57
907 175 2
1104 1351 1
823 533 3
819 101 8
1284 32 8
98 940 2
230 513 33
1023 1396 8
570 1310 8
167 1455 30
657 1351 2
1199 129 5
1025 502 8
98 498 7
1304 903 6
907 107 2
916 462 8
673 1033 2
750 1483 2
563 213 8
170 623 6
797 75 3
551 462 7
487 1430 57
1230 433 7
324 68 2
474 1557 5
69 1424 2
300 648 2
1533 534 1
372 412 5
1098 98 33
281 145 27
183 1342 7
69 1419 8
311 460 2
327 596 14
1552 102 8
65 942 7
841 1131 2
179 1581 8
626 662 2
1399 284 6
295 552 2
854 1062 8
1424 1213 7
270 1198 2
52 1217 8
606 43 6
1537 433 7
136 903 52
601 452 7
1271 1274 12
1357 441 0
483 453 1
1302 1156 8
65 338 3
731 98 7
22 1480 2
285 685 8
1390 590 1
1500 1446 2
34 1605 38
138 311 2
450 627 6
601 384 7
1148 1131 2
1000 683 0
34 987 2
1329 1070 5
701 798 2
64 861 30
468 1262 2
1446 1514 0
126 1127 8
1193 350 50
325 837 6
406 1475 5
442 872 2
668 581 1
231 1424 2
420 489 6
1233 34 1
1561 1344 37
900 1309 2
1026 172 2
324 1160 2
638 1469 47
800 21 8
550 910 2
910 742 2
502 573 15
23 1239 30
1100 1357 2
420 1196 2
440 126 2
1084 3 10
1035 63 8
1351 753 2
804 47 8
707 1325 5
1253 435 8
1253 39 8
22 1341 30
1449 1309 2
1210 1181 7
778 350 2
917 59 8
189 324 7
1424 743 5
597 961 35
285 1058 2
300 1568 2
756 1062 7
269 83 6
435 129 8
74 269 2
1212 958 3
267 1042 27
805 671 30
1198 34 53
1177 1029 27
1084 1101 12
512 1384 7
867 442 2
167 81 0
1179 403 7
1196 433 7
634 568 7
824 850 6
1164 1315 5
1314 444 23
1207 97 8
729 662 2
447 32 8
1156 1541 5
35 1424 2
960 295 1
804 1152 26
49 397 2
601 1126 2
338 98 30
479 1500 7
613 1227 8
1080 129 8
309 697 14
271 503 2
1461 21 20
393 479 2
145 829 2
360 798 2
514 958 3
159 1405 2
923 1150 2
49 329 2
256 1078 2
938 210 2
858 743 3
705 732 7
926 63 1
1174 150 2
804 1417 27
1144 97 6
337 912 27
573 53 1
591 1160 2
1052 1258 2
543 362 30
582 350 2
126 1364 2
988 483 15
91 59 5
205 1429 77
1025 1389 7
1039 804 2
1335 938 6
34 166 38
126 53 2
39 462 8
595 1127 8
468 579 2
790 522 7
369 1483 30
792 1388 7
450 255 2
686 685 8
819 46 8
1442 674 1
645 1253 1
233 1310 8
270 480 30
1495 172 2
819 384 3
653 910 2
208 21 7
1252 387 8
455 529 7
452 466 75
1008 21 8
1474 102 2
1346 1457 2
1314 1191 12
1098 466 2
306 1418 7
173 1567 1
325 23 7
442 116 8
325 757 2
350 502 8
98 83 7
766 493 6
98 421 2
1282 513 30
127 1314 5
144 1344 5
1135 663 8
35 1304 5
503 223 26
43 438 52
1304 1217 7
109 39 8
555 479 2
69 577 2
737 1424 2
167 784 16
266 109 0
535 599 2
591 432 15
59 1395 7
243 1014 0
563 90 8
526 1031 2
726 1557 1
170 833 7
1376 179 15
1394 889 27
270 455 2
49 1025 2
1087 147 8
150 739 27
290 330 8
52 37 7
1087 881 3
166 1131 2
1295 1342 7
261 491 2
1117 1325 5
618 531 7
271 1131 2
183 1156 8
263 1357 2
693 513 26
391 533 2
55 908 8
35 673 2
577 1450 2
577 1054 2
803 1200 2
1382 1310 7
1382 914 7
699 1084 2
144 1396 8
917 1456 2
1029 1242 2
235 325 2
1257 1070 7
1166 377 8
1177 1207 8
596 600 44
622 104 35
1483 1554 2
575 673 2
709 413 2
454 923 2
383 396 30
1009 1002 2
450 883 2
746 976 5
1040 104 8
81 1087 2
1126 1062 7
581 1565 2
1355 446 2
1017 1360 2
1474 1126 2
20 179 8
151 1070 5
1455 126 2
85 663 2
377 1554 0
386 1472 5
1451 32 2
901 327 2
442 1041 2
503 1578 5
1210 834 7
1451 324 2
1215 1550 7
421 971 2
704 22 30
295 901 2
330 97 8
501 847 0
417 581 27
300 1221 2
1098 671 33
651 1603 38
138 513 30
1544 568 7
747 355 7
796 1070 5
309 324 2
317 39 8
1328 1062 7
1309 796 2
1439 150 2
1066 732 7
634 559 2
450 1500 30
491 909 2
270 1479 2
855 677 2
58 464 2
1239 1341 30
897 1268 5
54 32 7
686 974 5
913 362 30
434 36 14
616 235 2
411 1396 8
1456 904 9
854 32 8
297 150 2
507 591 2
642 958 3
43 1097 7
1460 1459 30
1200 787 8
155 702 12
269 730 8
484 992 84
297 442 2
1547 183 8
503 551 2
43 1389 7
601 1421 7
1357 1014 0
159 662 2
1183 1062 7
503 843 2
823 1131 7
138 155 1
595 848 8
479 930 69
718 742 23
373 791 7
490 92 8
1037 798 2
1284 910 2
337 857 27
486 98 33
1188 311 50
246 576 2
154 269 8
1075 1291 30
1229 297 6
847 1578 5
1467 491 1
632 568 15
686 384 3
337 393 27
675 877 2
707 462 8
1145 1227 8
1505 663 8
402 293 0
548 576 1
923 918 8
337 1081 27
491 724 35
1481 651 69
507 293 0
1126 29 2
226 1078 2
805 1310 8
1226 1511 74
1221 1342 7
673 235 2
502 477 41
228 179 8
1253 617 2
459 533 3
1351 1384 7
552 89 2
1232 1177 48
551 2 2
1568 662 2
889 1141 2
1178 683 0
333 21 8
559 167 8
1009 543 2
98 366 2
576 139 3
528 1357 2
285 233 27
1215 471 7
917 477 70
581 855 3
78 882 2
648 462 8
958 1004 27
217 533 3
1304 766 7
1160 1070 5
765 172 8
135 1325 5
183 882 2
661 848 8
1483 3 29
42 1310 7
581 915 30
546 59 8
854 269 2
632 1004 8
287 534 2
761 424 8
491 1491 7
655 787 8
391 150 2
1385 916 22
1394 834 27
462 877 5
535 179 8
499 1445 2
847 833 7
1407 327 2
1087 92 8
862 330 8
618 126 2
1323 32 8
1303 269 7
145 277 1
1141 1127 6
1192 92 8
704 1084 1
573 298 1
576 1186 16
847 1125 7
602 1245 37
21 1510 2
1156 863 2
686 310 1
815 167 2
403 183 8
577 707 2
322 658 0
1440 524 20
241 155 1
865 269 8
1055 551 7
372 936 7
577 603 2
1460 541 82
1035 1405 2
703 1460 8
722 65 8
373 149 8
779 846 6
673 1035 2
128 804 2
784 294 77
346 838 7
1463 728 7
495 21 8
782 971 2
350 460 2
912 325 2
1253 637 12
595 97 8
1399 808 8
591 62 2
442 762 2
1451 1310 7
565 779 7
220 350 2
218 172 2
418 1355 1
361 663 8
653 1087 2
218 167 8
1126 1345 2
503 485 30
773 804 2
80 346 7
205 1140 7
1316 1078 1
258 1239 30
170 57 6
85 608 2
1439 1474 2
1447 893 33
77 1342 7
499 982 67
907 958 3
1317 1184 27
430 484 2
780 126 2
330 88 3
534 666 12
1424 341 5
259 1314 5
1317 1080 27
330 42 8
1100 491 2
1291 881 5
1117 462 8
179 1416 2
647 958 2
1200 112 8
574 311 35
747 254 12
253 269 1
1491 533 5
1156 743 5
1497 1178 5
958 1021 7
721 1141 27
281 98 2
1078 230 2
1196 1156 8
270 1028 2
285 880 2
1507 444 57
101 1325 5
1544 90 8
384 1342 7
54 269 7
642 671 30
928 433 7
486 466 2
157 1298 7
167 381 2
770 1245 5
500 1042 2
858 341 3
377 817 8
336 493 6
292 98 8
852 513 30
1488 255 2
32 639 2
1160 1359 2
601 902 7
919 1000 2
125 479 2
1503 1156 8
1271 401 2
1156 112 2
1473 294 1
703 21 8
170 574 71
586 662 2
1252 1296 8
858 1335 5
1158 1108 8
194 1469 47
338 21 7
19 112 8
645 747 1
1003 1253 2
1246 595 12
563 1364 2
804 273 8
551 1258 2
1253 265 8
1232 726 48
546 1342 7
432 1419 8
1187 372 1
192 499 2
499 0 0
168 1132 7
1111 8 7
533 1513 59
1215 20 7
1203 269 6
1297 534 1
1304 711 7
1399 1138 6
1207 719 8
1317 1097 7
976 1000 2
655 44 8
1227 495 8
179 728 8
58 1037 2
499 1098 2
1304 247 7
494 732 7
324 646 5
150 233 27
498 804 2
1352 1325 5
1396 1395 7
392 433 7
724 58 7
1295 126 2
1405 1337 2
1078 1577 8
145 555 2
167 1004 8
735 172 8
1162 1156 8
360 920 2
252 914 27
365 1298 7
330 39 5
577 256 2
55 88 3
522 808 8
32 929 7
52 296 8
510 702 8
914 1496 53
610 270 3
915 847 21
450 1377 6
486 671 33
1201 761 15
157 296 8
1475 238 57
347 1131 7
157 588 8
673 980 2
1250 1355 2
1259 1314 8
907 346 2
1216 533 5
1084 925 10
595 42 8
464 1156 8
350 796 8
623 1131 20
46 167 8
673 516 2
206 595 53
178 136 6
1025 277 8
576 838 8
1014 1207 8
1200 1395 7
126 102 8
1122 462 7
1188 1207 5
1474 620 2
1009 824 2
1309 667 27
1210 432 7
1254 65 8
1562 590 2
1210 770 2
1253 1581 8
325 937 7
199 908 8
528 858 12
992 690 2
880 1412 7
300 423 2
754 1342 7
1215 648 7
519 1232 7
961 1443 1
971 620 2
681 1062 8
1424 930 53
133 433 5
1084 248 12
53 1345 2
1084 627 8
1173 858 12
873 1144 44
806 98 30
36 1607 2
656 893 14
178 1062 8
1006 961 35
484 576 1
1141 681 27
119 595 41
261 1009 2
1068 732 7
601 623 7
780 396 30
558 594 10
606 547 7
1317 387 8
599 983 33
626 1156 8
1042 1076 2
731 269 7
208 533 5
663 1328 5
1551 528 4
479 625 2
244 136 6
1078 102 8
494 22 8
253 433 7
1447 1187 0
1264 686 7
479 917 2
601 555 7
18 1156 8
237 1084 1
792 854 27
1004 493 6
601 893 2
1258 514 2
1284 462 7
1272 793 8
558 77 2
782 1252 2
1029 1364 2
126 803 2
847 1514 0
442 647 2
377 298 8
563 689 2
155 881 3
434 1381 7
450 713 2
897 1396 7
665 1078 2
193 512 57
301 612 77
255 65 8
898 433 7
1371 21 8
671 831 2
449 365 2
819 796 8
1000 1160 2
1507 784 19
910 517 2
662 471 2
823 1392 30
672 661 2
300 1515 2
816 32 8
502 22 30
910 908 8
546 1000 1
555 1396 8
34 411 40
102 1310 8
662 763 2
687 112 8
1346 208 2
1084 1328 2
1357 31 33
1144 1541 35
1327 1062 7
773 1309 2
779 54 8
1123 59 7
973 178 1
642 1310 8
270 667 27
1039 1314 5
1200 685 8
1516 1469 47
1177 804 27
279 563 27
792 1548 5
1375 1152 26
281 671 2
1460 893 30
491 1381 7
472 1494 1
1000 41 9
42 1132 7
297 663 8
374 1253 2
1472 663 57
706 1210 6
858 226 3
592 850 6
704 677 7
138 43 6
699 1291 33
1173 491 2
126 1161 7
27 600 2
145 500 2
1307 172 8
1383 94 7
32 524 2
365 1243 7
917 311 2
582 958 3
227 1364 1
1055 45 7
1158 1457 8
1160 32 8
914 857 2
154 792 2
575 1131 2
1160 329 2
1367 1078 2
581 488 2
415 531 5
95 373 52
193 1140 57
631 761 15
337 911 27
565 377 7
301 1532 77
982 63 5
98 322 7
1359 229 33
1009 837 2
1306 1314 5
27 145 40
1025 222 8
997 685 7
658 959 7
718 1397 0
563 37 8
325 928 2
350 277 8
610 1245 5
996 65 22
600 1388 6
1247 958 3
1100 89 2
880 1299 2
1215 989 7
1447 1046 12
37 779 6
616 1449 2
603 850 52
17 632 15
718 1225 0
526 806 2
466 1184 6
531 1126 2
211 495 8
632 834 8
616 739 27
1217 32 8
543 1227 8
434 890 14
1210 205 7
623 433 7
494 1351 2
747 1124 33
1322 32 8
737 1131 2
634 97 8
270 626 2
938 1077 2
728 433 7
172 47 8
625 75 3
759 269 8
601 276 7
290 793 8
267 66 27
52 937 8
1163 479 2
747 163 8
1056 576 1
225 658 0
145 836 2
40 1227 8
441 1325 5
507 129 8
992 622 35
533 229 30
1163 433 7
1552 384 3
359 718 2
625 65 8
126 1417 27
577 829 2
256 269 8
116 1342 7
132 732 7
912 136 6
539 671 30
820 1396 8
737 1456 30
135 1207 8
819 855 3
545 1375 27
1372 377 7
673 1553 2
479 147 33
746 459 5
155 92 8
632 111 15
907 1310 8
265 167 30
1413 958 5
1442 1514 2
479 789 8
900 1029 2
1355 617 2
558 246 2
325 1556 2
182 1456 2
1084 201 12
314 172 2
1215 929 7
202 1232 2
604 513 30
411 556 2
1304 1620 7
796 75 3
677 206 39
880 324 2
983 1299 2
285 778 2
1078 1417 27
157 909 1
1100 1009 2
787 65 8
84 1025 2
910 53 35
743 1062 2
58 1031 2
1152 1325 5
625 662 2
365 568 7
670 311 35
707 1375 27
1131 1006 55
178 32 8
32 158 6
86 22 8
295 622 34
601 1196 7
601 800 7
632 83 8
1275 789 2
1177 577 27
162 579 2
323 346 5
927 527 1
1191 397 75
795 1491 7
487 855 3
256 798 2
0 109 0
263 89 2
24 1291 33
1262 685 7
992 1315 5
1561 75 5
558 650 2
205 1149 77
1375 355 7
1025 824 23
483 1457 8
961 607 30
1451 503 2
923 698 2
22 53 2
577 78 2
1164 3 8
420 837 6
1164 341 3
221 533 2
167 1224 30
456 732 7
726 1239 30
346 646 8
689 52 8
882 80 7
590 519 35
726 1070 5
1253 387 8
78 365 2
1090 1475 37
63 863 7
1121 104 2
1284 686 67
1215 246 7
995 75 3
74 325 2
1252 39 8
1499 1025 10
973 751 1
1262 546 35
1304 937 7
317 46 8
555 199 2
591 594 10
641 651 69
718 156 15
847 676 7
77 462 8
65 711 7
297 1309 2
162 109 0
503 1418 2
381 1342 7
747 381 33
65 607 7
534 421 2
145 808 1
294 90 8
1016 801 10
1084 855 3
1404 491 2
1295 1062 7
154 1141 2
497 547 2
1483 1499 10
420 92 8
862 793 8
752 32 8
1056 1349 8
1538 1310 8
580 52 1
909 43 6
591 861 33
1250 1253 2
150 1393 2
1460 471 20
914 1138 2
573 401 1
302 858 10
577 774 2
137 601 7
1042 210 2
601 90 8
1171 21 8
915 503 2
186 59 5
925 858 12
99 793 7
974 513 30
840 167 14
350 626 8
1251 910 2
155 37 8
447 1253 2
63 393 5
923 114 8
692 98 8
900 1078 2
932 663 8
1029 498 2
285 272 20
724 1239 30
77 1344 37
22 782 30
192 938 6
564 1255 2
563 219 2
1312 533 5
317 1097 7
1110 920 2
1000 666 12
981 779 6
85 779 2
1446 1101 12
1239 1127 8
362 1238 71
170 957 7
63 1491 7
1098 1502 2
1324 1252 2
1317 855 27
857 882 2
315 59 7
109 387 8
1338 63 8
55 641 2
591 1176 15
441 462 8
535 961 85
586 513 26
1497 661 5
72 1062 8
1188 32 7
841 1424 2
736 1419 8
493 824 6
281 269 2
739 675 2
731 167 7
12 479 20
1541 812 2
479 441 0
155 514 2
1087 891 8
1055 1418 7
161 1550 8
45 126 2
750 32 8
1506 62 2
1183 94 7
126 805 2
277 958 3
1212 1325 5
1405 88 2
374 747 2
772 1055 77
598 22 8
737 28 8
1551 650 4
158 75 3
1527 59 8
491 848 8
1037 914 2
1373 848 7
479 1097 7
1493 350 2
1146 908 7
1148 1424 2
106 1253 2
170 1448 30
479 428 33
1303 22 8
1025 1100 2
279 324 50
125 150 2
126 1420 8
1430 1498 57
792 411 2
1429 1335 5
1309 1152 26
1253 113 2
514 1325 5
27 21 8
1149 789 2
878 1310 7
817 52 8
878 1252 2
576 1296 8
89 1109 7
325 1190 33
226 798 2
1460 794 2
1221 1062 7
553 1345 2
1131 757 2
1124 958 3
1454 126 2
769 1405 2
1309 1417 27
1210 1578 7
1232 897 48
1232 501 48
530 1359 2
307 1355 2
622 1511 58
1253 728 8
919 1392 30
912 32 8
823 1446 30
433 1420 8
1447 248 12
74 270 2
398 675 2
317 387 8
616 1047 2
211 139 3
303 1310 8
981 595 53
1438 663 8
74 958 2
652 32 7
514 590 2
1295 365 2
1207 390 8
358 1210 57
1058 1342 7
1078 1420 8
616 979 2
1170 1070 2
269 1479 2
883 948 15
1298 65 7
48 104 2
850 241 2
28 719 8
1403 65 7
97 1210 6
357 1345 2
544 396 30
145 1122 2
21 1230 2
1173 1009 2
1383 658 2
158 662 2
126 619 27
998 661 5
1061 443 12
1145 1310 7
568 1494 1
711 167 2
914 1479 2
627 75 3
1041 325 2
1029 219 2
108 1144 2
650 483 15
1036 1405 2
1007 1228 1
792 1039 2
1245 629 7
723 65 8
792 1389 7
1035 661 2
1474 463 2
819 47 8
1252 393 2
491 97 8
185 677 27
470 32 2
479 387 8
373 139 3
1483 463 2
1284 1132 0
285 1335 5
438 442 2
217 616 2
957 1070 5
270 1152 26
1483 359 2
1187 1531 1
920 893 14
386 845 5
126 273 8
1114 1355 2
325 758 2
534 0 0
420 514 2
852 483 15
439 1072 7
211 789 8
1446 1046 12
75 1583 8
462 1397 5
659 533 3
437 1227 8
1078 619 27
952 170 31
519 1345 2
270 1417 27
759 172 2
1525 882 2
1287 718 10
1214 75 7
724 534 1
986 662 38
1129 720 15
189 663 8
1077 1309 2
768 63 8
462 1225 5
546 513 30
399 663 8
166 1424 2
1245 888 57
43 366 7
658 1225 0
271 1424 2
1275 49 7
501 1506 2
277 466 2
1357 3 10
718 446 2
617 576 2
503 216 2
928 491 2
1258 854 27
1030 1141 2
14 1314 7
270 1076 2
1460 368 30
1502 363 2
772 1396 77
1078 273 8
479 692 2
795 1381 7
771 1245 5
591 874 2
1505 104 8
1258 289 2
1245 1112 57
1364 479 2
1510 325 2
361 1084 2
879 920 1
1328 533 5
125 199 2
373 789 8
126 974 2
1359 1047 33
270 1073 30
1357 1101 12
154 330 8
206 1375 27
716 533 3
457 269 8
916 1396 8
825 167 8
324 1106 2
98 1072 7
3 109 7
672 98 7
341 1131 8
1258 112 8
441 1207 8
737 199 30
563 787 8
1207 1381 7
1445 1575 2
1108 1310 8
311 1056 7
1210 1127 7
84 923 2
1254 1156 8
1456 978 3
1087 1199 7
330 390 8
181 1342 7
367 958 5
1128 533 3
126 338 5
779 855 3
1084 284 33
686 287 5
434 42 8
62 63 7
847 566 7
724 1507 12
600 863 6
1053 1375 27
503 912 2
620 172 2
462 250 5
447 1132 0
1062 1381 7
871 63 8
232 1469 47
499 818 2
763 663 8
932 938 6
45 595 53
1404 89 2
977 1000 2
499 813 8
1080 75 8
1424 80 7
656 381 14
266 129 2
847 102 7
1355 441 0
1520 1310 8
592 1062 7
838 179 8
1394 139 27
936 1446 2
1295 34 53
1537 75 3
368 675 2
1271 537 12
514 462 8
138 547 7
563 158 27
588 1360 2
367 327 2
1485 1253 2
591 1106 2
373 1125 8
1055 216 7
531 598 30
29 1236 8
126 1305 8
170 418 30
145 603 2
699 793 8
195 502 20
999 32 77
468 129 2
359 89 2
792 646 7
558 837 23
1026 350 2
1354 1087 2
1359 1407 2
1010 1310 7
217 269 2
558 1100 2
447 747 2
98 831 2
1321 136 6
997 168 7
903 21 8
346 39 7
185 914 27
519 1025 1
657 858 12
641 1042 2
80 1614 7
1105 211 1
867 792 2
624 1025 1
61 124 1
281 104 27
325 703 2
863 373 6
867 1084 2
1252 265 8
49 747 2
997 392 7
863 269 6
63 1381 7
880 1132 7
978 126 2
651 921 38
455 450 30
847 1194 7
43 87 7
595 338 5
65 833 7
1474 320 19
1087 139 3
1076 1424 2
1436 167 8
1516 327 1
907 1325 5
506 1227 8
510 1181 7
462 1566 5
594 1156 7
1404 1009 2
387 65 7
424 1070 5
172 114 8
1042 504 2
59 341 3
582 1342 7
601 343 7
658 1170 0
155 1292 33
1042 796 2
476 599 2
1232 1609 47
270 625 2
1055 844 7
531 830 30
722 462 8
1245 765 57
1271 1126 33
479 1033 2
1164 1217 8
209 533 5
531 1518 30
205 4 77
25 167 8
126 231 2
270 726 30
173 396 30
106 747 2
677 436 1
1357 1046 12
1382 792 7
442 763 2
59 1335 5
377 18 8
242 976 79
179 3 10
1140 983 33
450 54 6
211 1097 7
790 992 7
1009 1298 7
330 1381 7
1317 857 27
1250 433 3
464 1405 2
338 601 7
107 1418 8
1493 172 2
438 677 7
362 960 30
535 1345 2
322 938 33
559 1156 8
1025 917 8
1239 957 8
658 92 8
434 929 7
823 1616 71
1132 226 3
1061 718 10
1317 1081 27
1304 1395 7
928 350 41
1449 804 2
697 863 14
281 167 2
1309 54 2
1392 1225 0
399 1309 2
55 1217 7
55 1555 2
432 1062 3
1200 743 3
165 1029 2
961 521 2
555 75 3
503 565 2
787 1344 5
58 806 2
285 485 2
66 26 2
697 684 1
1439 779 8
503 857 2
1058 882 2
657 22 8
1539 63 8
727 1087 2
499 367 2
311 976 30
1162 34 53
1163 882 2
1448 1299 30
912 1399 6
261 1357 2
55 1482 8
55 1086 8
381 462 8
1000 594 10
439 309 30
733 183 2
601 575 7
847 47 7
373 1097 7
64 1448 30
880 477 41
1494 428 7
858 296 8
695 433 7
510 471 8
385 330 8
780 558 1
1379 216 2
163 179 8
1567 1374 1
362 1550 8
350 739 27
195 551 20
558 821 2
478 958 3
1367 798 2
1056 32 8
1389 1544 2
28 833 8
457 847 2
723 59 8
563 1037 2
675 823 2
238 442 2
359 75 3
836 1483 30
1315 1669 52
1082 477 41
433 1381 7
338 22 7
1456 890 2
307 1253 2
324 1283 2
897 433 7
657 499 2
98 42 7
672 1405 2
499 81 10
359 65 8
661 471 2
449 1396 8
533 189 27
540 325 2
403 1243 7
211 387 8
228 21 8
325 648 2
1446 248 12
1336 167 7
1132 808 8
997 45 7
471 179 15
279 1375 27
324 341 3
66 722 2
972 1029 2
281 1483 2
297 792 2
300 88 2
1080 325 2
1200 1330 2
616 1565 2
616 1169 2
641 1310 8
145 291 1
1429 92 7
512 1111 7
850 535 2
179 1125 8
777 21 8
1084 297 2
190 150 2
761 766 8
162 1446 2
620 1141 2
150 1340 2
1139 1291 16
927 631 15
808 938 52
1055 565 7
1275 1250 7
1355 1014 0
338 513 30
395 63 8
1271 1098 2
380 958 2
595 1381 7
1180 958 3
938 729 2
277 59 8
1259 1342 7
158 487 8
1468 1062 7
411 533 3
1264 59 7
62 961 35
1053 1310 8
1350 1355 1
581 836 2
1375 1550 7
1029 1133 2
716 1396 8
1029 737 2
373 387 8
1483 653 2
804 929 7
1319 109 0
1481 675 33
18 65 8
1377 21 7
1001 443 12
1188 170 30
795 848 8
763 938 6
1242 325 2
990 1498 57
911 75 8
939 21 8
1414 958 5
65 412 5
899 63 7
1225 461 48
1239 907 2
311 263 1
62 958 5
634 1491 7
531 1250 2
775 920 74
281 677 27
420 298 7
325 880 2
1336 795 7
420 636 2
311 654 7
801 970 9
81 910 2
1232 44 48
1084 993 2
1317 1026 27
22 781 30
958 1035 7
183 1456 2
1221 479 2
1392 1170 0
1397 1531 1
1421 1342 7
1076 1309 2
1415 651 12
1526 1342 7
36 1567 1
739 450 2
493 891 6
75 326 8
941 792 6
1141 1305 6
1321 32 8
395 300 2
285 1217 8
601 228 7
864 167 8
42 109 7
549 1652 62
200 1314 5
1042 1077 2
1283 270 3
601 916 7
663 1329 5
855 104 2
1405 259 2
729 75 3
642 513 30
488 882 2
21 773 2
723 1342 7
1124 362 31
144 1227 8
336 43 6
960 58 7
720 65 8
479 476 7
914 230 2
29 834 8
825 65 8
1478 1357 2
980 1325 5
20 433 7
215 1360 2
28 90 8
818 576 2
231 804 2
1044 663 8
598 21 8
70 1357 1
1242 661 2
457 792 2
923 80 7
29 766 8
1025 160 33
1391 59 8
923 855 3
1164 119 8
1413 910 5
350 1321 8
226 677 2
1133 1309 2
627 658 0
582 1325 5
98 1590 7
1450 325 2
158 513 26
563 1305 8
1307 850 6
221 581 2
795 97 8
325 296 8
75 730 8
35 1227 1
293 800 7
398 450 2
995 350 33
992 3 8
765 63 8
295 309 33
327 1292 14
1384 533 5
1200 937 7
82 52 8
961 756 7
520 718 2
1550 958 3
1529 1580 18
686 1201 5
277 992 2
1357 925 10
1429 37 7
1085 247 13
850 480 2
462 476 5
277 1342 7
784 1632 77
1042 667 27
1239 484 9
377 1418 7
839 1446 2
387 59 7
32 506 6
373 1378 7
1 1399 6
1174 1078 2
591 1016 12
599 236 12
155 890 33
973 784 19
1078 1127 8
1054 104 2
1383 491 7
483 1581 8
584 403 38
1055 46 7
337 980 27
344 1070 7
373 40 8
575 1424 2
945 433 3
1258 1389 7
913 1252 2
1062 97 8
634 338 5
1357 1124 33
241 311 2
95 1062 52
790 590 7
1349 102 2
1252 168 2
869 513 26
780 1355 1
1359 853 12
900 798 2
420 854 27
46 1325 5
1252 163 8
1135 1200 2
819 114 8
1009 833 8
241 697 14
270 152 30
900 793 8
1483 530 2
220 533 2
1567 901 2
1025 119 8
335 65 2
1336 52 7
420 289 2
300 729 2
1224 1000 2
307 155 2
1230 533 3
1109 8 7
1215 594 7
1011 28 8
616 1450 2
995 377 8
451 1392 30
627 677 2
526 411 2
66 189 27
55 757 2
847 1420 7
1200 3 8
65 1059 7
48 971 2
581 642 30
43 605 7
76 462 8
632 1127 8
1084 474 2
717 1310 7
262 812 1
1548 21 8
503 455 2
634 390 8
161 937 7
1460 607 30
1239 781 30
1131 379 55
1552 47 8
601 569 7
932 377 6
747 852 8
483 174 1
145 1525 2
928 324 7
1403 1156 7
1128 1070 5
1031 513 26
718 617 2
1042 1418 2
468 1447 2
22 805 2
337 336 6
892 658 0
21 322 2
63 97 8
1336 442 5
150 138 2
577 1122 2
1407 1070 2
155 62 2
1132 1421 1
423 513 26
1215 296 5
450 727 2
1172 663 8
0 211 1
579 543 2
982 1156 5
54 75 3
470 503 2
774 1424 2
713 958 3
317 743 5
750 1567 1
792 27 53
592 433 7
150 70 2
563 1031 2
960 104 35
673 1450 2
239 365 2
952 697 14
1082 22 30
1347 156 2
440 311 2
499 594 10
1239 1152 2
714 1291 14
222 330 8
574 150 8
671 777 2
907 1207 8
1000 1106 2
210 958 3
301 850 77
290 59 5
547 1177 2
696 22 8
1444 732 7
1355 118 2
281 958 27
226 914 2
311 877 2
491 1289 36
1056 1399 6
1329 812 2
1210 1298 7
1144 116 8
107 265 8
279 577 27
894 1396 8
829 1314 5
534 458 33
69 66 2
86 533 3
86 487 8
269 929 7
1514 211 1
718 637 12
847 341 7
961 305 7
1177 1042 27
772 1575 77
1546 75 8
1001 718 10
1191 466 75
124 1335 5
1249 1156 5
66 148 2
1547 355 8
558 345 0
601 1197 7
195 355 8
601 1139 2
491 1322 13
77 59 8
945 1419 8
145 154 2
499 554 23
377 945 2
380 556 2
393 533 3
716 1062 8
707 311 2
1479 1375 27
227 622 1
1394 206 27
499 916 8
914 470 1
388 167 8
923 767 2
531 320 19
167 1187 8
1252 1492 2
1488 774 2
1250 1314 2
32 366 2
88 34 5
1129 1127 1
1421 1325 5
582 462 8
932 104 8
238 1424 2
387 269 8
484 104 2
69 1325 5
1544 338 5
157 83 8
673 475 2
240 129 8
910 1550 8
792 759 2
143 533 3
686 114 8
1154 52 8
253 65 8
1253 852 8
1116 1456 2
350 291 8
576 437 8
1140 1173 2
98 606 2
890 1607 2
1023 1062 8
544 591 2
1357 113 2
349 2 2
618 1325 5
463 362 2
1180 1132 0
662 1337 2
22 51 30
1225 59 48
558 160 33
779 1384 8
325 140 7
295 950 33
915 433 3
1210 323 7
634 1381 7
1215 247 7
856 1084 21
293 685 7
1317 228 27
971 178 1
576 265 8
1314 873 33
300 314 2
1424 259 7
1304 834 7
1392 275 67
555 533 3
736 63 7
191 269 8
619 1141 2
388 576 2
306 197 8
1399 54 6
1314 209 2
306 139 3
581 983 30
1210 588 8
442 68 24
1078 667 27
599 901 2
1488 741 1
424 75 3
721 581 27
1141 903 6
190 663 8
55 238 2
611 1299 2
311 519 30
590 891 7
232 327 1
192 1239 30
1471 1227 52
265 179 8
1173 1357 2
847 1340 30
254 971 74
1460 810 15
63 88 3
1440 988 20
479 516 2
127 300 2
337 1553 27
155 502 8
335 1375 27
46 462 8
29 36 8
205 175 77
269 47 8
1321 1399 6
899 65 7
220 882 2
524 761 15
567 732 7
334 858 12
661 1393 2
1314 1514 0
277 1325 5
1036 150 2
584 1584 28
365 83 8
1239 805 2
1253 1101 12
301 107 77
1458 1007 2
104 638 27
329 808 7
301 795 77
997 1259 7
1321 1227 6
1283 1132 0
1231 1062 8
1258 228 8
66 101 26
527 1494 1
1474 1139 2
311 484 7
563 507 8
741 1475 7
643 779 6
411 461 1
792 341 3
1210 1243 7
1215 1563 7
279 126 27
1144 1328 35
736 1029 2
641 66 2
327 890 14
269 524 2
1323 1291 14
145 1437 1
262 697 1
1183 955 7
277 590 2
1131 489 15
1253 1187 0
1078 986 53
98 1455 30
1446 836 3
1124 1325 5
499 246 2
503 1028 2
623 75 3
1396 147 7
272 21 7
183 199 2
871 75 8
172 855 3
1013 293 0
914 1417 27
14 1271 1
357 718 2
162 129 2
486 534 2
1239 393 5
1266 433 7
150 23 2
377 494 2
337 1305 6
923 816 2
211 404 78
145 391 2
34 296 38
362 1330 2
1307 63 8
1522 32 8
923 1108 2
923 712 2
1479 651 53
623 55 20
126 1030 2
922 126 2
450 1213 6
1188 324 50
599 437 8
673 128 2
641 1325 5
558 1284 2
1139 150 2
157 424 8
658 230 7
311 789 1
810 1419 8
787 442 7
530 658 0
1082 199 30
1468 433 7
158 1070 5
512 1244 36
820 533 3
221 479 2
98 213 7
510 1578 5
124 936 8
581 702 8
334 491 2
1338 661 2
595 411 40
1421 270 1
1359 453 34
1329 697 2
799 21 8
658 891 8
1232 502 48
314 350 2
981 493 6
322 677 2
1227 344 2
889 1258 2
325 423 2
1009 264 2
576 309 14
865 1396 7
66 497 2
997 112 7
300 259 2
1212 1310 8
74 563 2
338 64 30
581 240 30
227 568 15
434 390 8
514 591 2
769 22 8
534 367 2
425 327 2
1394 555 27
462 994 5
823 1070 5
623 662 2
109 1187 0
49 295 2
32 336 6
1525 479 2
499 1161 8
934 491 1
1258 1333 2
747 54 8
796 373 6
59 119 8
466 903 6
938 504 2
1262 909 2
1299 976 2
704 1488 7
1078 42 8
281 477 55
261 89 2
605 531 2
1295 882 2
238 1309 2
189 658 0
148 1156 8
1179 1360 30
1164 937 8
618 462 8
1152 1227 8
1456 272 31
126 347 2
341 577 2
240 311 2
28 1236 8
723 462 8
1156 808 2
59 763 5
1025 855 3
463 269 7
1354 747 2
269 820 15
396 1204 30
1236 1062 7
1245 584 12
1474 464 2
127 172 8
219 533 2
1155 59 8
1127 1314 7
665 914 2
1121 350 2
265 350 30
1102 663 57
1247 1207 8
438 1131 2
676 591 2
98 737 7
390 1557 1
22 624 30
961 1287 1
1251 433 3
57 850 6
1031 98 8
535 1357 2
872 1460 2
616 638 27
534 771 2
510 139 5
434 1482 8
4 36 14
804 54 8
927 810 15
442 702 8
641 675 33
156 124 1
247 1325 5
713 1132 0
1570 269 8
1075 804 2
584 1270 5
55 937 7
961 1564 12
607 1567 1
1438 377 8
673 412 5
1437 1007 2
606 1084 1
626 1396 8
365 68 1
543 1456 30
1405 498 2
958 1034 7
411 1062 8
1031 1070 5
761 1468 24
601 1133 2
1396 92 7
1042 415 1
573 1335 1
1180 1419 8
933 812 2
876 1156 5
662 1566 5
277 462 8
996 658 0
1025 1114 2
913 1399 6
167 97 8
1239 338 5
483 728 8
479 693 2
228 1210 6
362 937 7
858 832 5
1460 1337 20
350 1169 2
673 638 27
29 568 7
646 1373 21
1350 155 1
591 771 2
1505 793 8
1000 1016 12
309 573 15
125 533 3
126 929 7
143 1396 8
1025 1437 8
368 663 8
337 455 27
1568 104 2
29 833 8
464 150 2
729 513 26
438 1025 7
648 1070 7
100 732 7
234 63 8
1019 958 3
116 59 8
1319 1506 2
1230 595 33
311 999 2
922 396 30
718 115 15
1124 462 8
1401 961 35
420 1389 7
763 795 7
1215 183 2
417 479 27
722 75 5
81 2 2
873 269 7
880 109 7
373 1122 52
912 1132 0
1227 226 3
1207 3 7
325 341 3
686 976 5
494 499 2
761 90 8
1078 929 7
960 534 1
1394 500 27
1146 384 5
1502 1352 2
1405 1418 2
1135 1314 5
1544 1127 8
1230 1070 5
269 1420 8
1129 646 5
1146 1550 7
1129 1421 1
291 167 8
1000 1280 5
392 487 8
145 672 2
1085 246 13
1271 818 2
28 957 8
910 1566 37
1259 1062 7
1144 336 6
923 1384 8
674 599 2
1262 808 7
1129 957 1
27 663 8
696 1345 2
170 23 30
147 65 8
720 1156 8
710 21 8
825 1156 8
673 701 2
1502 861 33
905 961 2
1037 172 8
1025 363 2
917 1062 8
658 1199 7
228 150 2
936 63 8
1537 1070 5
145 891 8
856 311 25
420 1315 5
724 104 35
88 513 26
350 80 7
658 1491 7
217 270 2
350 855 3
124 1217 8
450 494 2
1133 63 7
98 390 7
386 441 0
1304 358 5
54 658 0
747 925 10
1474 3 7
576 950 14
644 789 2
70 43 6
346 769 8
798 116 2
550 466 2
441 129 8
632 246 1
300 504 2
454 65 8
442 355 8
872 1405 2
317 1321 8
559 65 8
1215 765 7
1215 369 7
433 292 2
192 1140 2
1198 677 2
350 451 30
550 2 2
1214 21 7
1541 433 7
69 1207 8
65 834 7
655 789 8
655 393 8
961 1509 12
850 883 2
497 697 1
704 1446 1
331 293 66
505 1200 2
872 21 8
841 1310 8
387 462 7
32 1305 6
618 420 2
390 533 3
977 21 8
1042 68 1
266 1446 2
960 1507 12
1224 1392 30
43 312 7
372 1298 7
914 619 27
1458 362 30
168 75 8
1552 114 8
485 1252 2
1225 1310 5
22 976 2
96 1314 5
1393 269 2
1058 479 2
1245 766 57
150 309 2
804 681 27
586 104 2
1179 958 3
533 1335 5
170 1047 30
579 714 2
321 658 0
138 157 7
1284 958 3
381 59 8
1401 330 8
361 634 2
917 1299 2
487 249 8
98 1482 7
126 128 2
1025 264 23
430 909 1
199 1330 2
102 1000 2
780 155 1
1232 1199 7
450 726 2
393 1070 5
247 462 8
1152 129 8
576 1583 8
902 167 8
222 793 8
1232 1491 7
706 961 35
1261 65 8
1000 1173 2
647 1424 2
116 675 55
478 1325 5
432 793 8
882 1169 2
1446 401 2
420 646 7
307 558 2
1380 420 20
1000 458 33
552 533 3
428 600 2
311 1340 2
1305 433 7
1446 297 2
403 908 7
657 533 3
1505 1314 5
801 1651 10
1078 1152 26
759 350 2
950 170 31
1304 85 7
1274 749 5
647 1252 2
293 899 3
747 1328 2
1156 745 5
590 1335 5
280 386 1
179 102 8
847 116 7
159 677 2
503 83 6
1075 1309 2
119 1227 6
373 603 52
1253 925 10
1551 945 4
616 78 2
382 1062 7
938 667 27
401 63 7
157 35 2
724 11 64
1174 798 2
1131 939 15
1355 3 10
154 581 2
1028 1141 2
536 671 30
1521 32 8
1207 213 8
308 958 5
858 297 8
595 696 2
555 1070 5
145 221 2
21 1121 2
1383 211 7
729 377 8
25 697 2
833 75 3
1039 300 2
851 513 30
279 1239 50
489 199 2
1177 75 8
672 1078 2
28 834 8
28 438 8
558 1114 2
1140 236 12
563 1388 7
315 1342 7
1346 1021 2
1232 796 48
337 1028 27
823 32 8
1253 248 12
238 1131 2
1568 677 2
877 1446 2
997 114 7
98 381 2
269 338 5
167 1292 30
796 793 8
864 1342 7
228 22 8
1443 1575 2
1447 888 23
1232 1020 48
1476 1456 30
459 330 8
1317 399 27
1021 533 3
1271 81 10
185 792 27
447 958 3
90 971 9
1210 390 7
1121 172 2
1539 1156 8
761 1127 8
1444 94 2
1304 1005 7
627 59 7
850 536 2
655 384 3
347 1392 30
157 690 1
162 1447 2
486 1456 2
1156 62 5
1239 1315 5
434 908 8
167 1371 2
1179 1215 7
377 1416 2
61 330 8
445 1132 0
136 808 52
1207 1305 8
124 135 5
287 377 2
729 1078 2
1087 39 8
1077 804 2
737 1144 2
756 145 2
1413 1310 8
421 1270 5
1544 97 8
618 365 2
1303 508 7
880 32 8
1461 483 15
1518 1310 8
266 599 2
836 179 8
1351 241 35
484 971 2
366 675 2
1448 513 30
145 849 2
1042 1138 2
271 1310 8
1391 1207 8
634 42 8
483 326 8
145 1199 7
4 1236 6
145 1578 3
1488 1177 2
1526 65 8
1253 1328 2
22 916 8
411 1304 5
170 596 30
1215 412 5
450 447 2
482 32 8
104 189 27
34 428 2
330 1395 7
126 177 2
1158 495 8
1372 98 7
581 1525 2
568 4 6
1029 1030 2
673 878 2
686 855 3
1024 350 2
867 671 16
897 1062 7
1252 516 2
323 433 7
377 1072 5
923 182 8
1336 1156 7
1478 558 2
550 747 2
992 1448 2
635 534 1
555 671 2
1258 3 8
756 576 1
988 1070 7
551 577 2
555 1062 8
1437 1062 7
172 638 27
736 493 6
300 1077 2
85 847 2
1209 792 7
789 329 2
1445 732 7
951 847 21
483 810 15
1445 1070 2
84 1210 2
21 241 25
1541 656 2
868 335 2
534 562 23
1380 34 41
671 716 8
630 433 7
1401 373 6
747 201 12
83 65 8
1232 694 39
1329 167 8
145 1212 1
617 1344 37
297 798 2
168 325 2
1401 269 6
1099 377 8
961 421 7
503 803 2
977 599 2
167 292 2
1551 494 4
729 98 8
479 987 2
913 150 30
373 355 7
23 1447 2
32 258 2
439 255 30
601 917 7
237 1446 1
599 681 2
34 1124 2
126 873 2
718 1361 2
359 1359 2
205 1334 77
784 1229 77
1207 974 5
145 166 2
1291 706 44
523 1268 5
89 1472 37
586 677 2
1025 229 33
1129 159 1
1029 1366 2
1473 997 1
1304 1335 5
337 1041 27
29 1127 8
145 139 3
899 1156 7
478 462 8
910 879 2
1355 254 12
1251 1314 2
1028 914 2
202 920 1
463 150 2
1359 610 2
1359 214 2
1025 837 23
878 1424 2
1152 311 2
914 455 2
817 958 3
428 1345 2
844 1360 30
116 1584 28
452 1156 8
1562 718 10
1047 697 14
1216 1310 7
1026 533 2
673 127 2
558 264 23
1025 226 3
334 558 2
804 908 8
661 808 8
69 1375 27
1399 1153 6
1341 433 7
1227 114 8
848 663 5
55 1395 7
937 958 5
1211 661 2
172 1384 8
65 770 2
850 877 2
840 1345 2
1399 1377 6
864 1156 8
62 920 2
291 65 8
434 952 14
479 1236 6
252 533 27
551 1325 5
190 487 8
1069 795 7
270 292 2
49 466 2
372 505 1
32 111 6
926 992 1
1141 623 6
439 883 30
601 1545 7
1172 63 7
704 971 7
1259 1334 2
1176 531 2
1154 1342 7
1112 1200 15
658 619 5
119 462 7
337 1 6
860 75 3
1448 98 30
1335 1070 5
503 47 8
122 150 2
820 1062 8
1229 1213 6
415 533 5
1054 32 8
957 1310 5
992 990 37
217 1252 2
1158 44 8
1354 1314 2
401 961 35
357 75 3
108 1207 8
772 372 77
479 163 8
311 277 1
895 433 7
1442 1180 2
185 1141 27
81 487 1
329 178 2
911 21 8
1252 852 8
438 172 7
362 851 30
324 546 2
98 908 7
1106 1357 2
632 472 1
555 616 2
446 576 2
551 126 2
1025 808 8
661 1337 2
552 1396 8
1291 61 15
1239 848 8
85 792 2
818 1325 5
777 663 8
1099 98 8
1098 443 12
313 1070 7
65 1420 7
190 792 2
889 350 2
43 111 52
493 613 6
1210 1004 8
69 1042 2
503 1417 27
913 1474 30
1209 377 7
399 804 2
32 1203 6
562 761 15
35 1375 27
1552 116 8
1200 296 8
1282 1084 1
1497 1070 5
1460 934 15
634 787 8
294 1127 8
493 837 6
1216 32 8
3 958 5
318 52 8
55 685 8
1247 293 0
1200 228 8
617 1062 7
484 1252 2
618 938 2
1183 211 7
928 663 2
573 1110 1
64 1047 30
139 66 2
595 1600 38
498 63 8
1124 581 5
1460 849 41
151 167 8
484 329 84
1451 1507 1
377 214 2
921 1227 7
22 1098 2
300 883 30
1132 1422 1
365 504 2
191 1239 30
1405 497 2
60 961 35
199 412 5
1446 152 30
350 1340 2
556 930 12
1505 172 8
1252 1553 2
696 533 3
834 663 8
1025 821 2
28 36 8
696 487 8
454 992 2
1025 1212 8
910 824 2
1035 150 2
897 32 7
548 58 2
805 63 8
1254 1396 8
582 59 8
909 75 8
178 1399 6
849 483 15
300 1358 2
650 1000 2
886 1389 7
727 634 5
1445 1351 2
1232 222 48
541 1252 2
998 581 1
76 1456 2
522 1418 7
1009 83 8
497 513 26
804 68 24
217 32 8
671 1388 14
1499 295 10
318 709 80
317 108 8
528 793 8
1547 424 8
658 881 3
601 1266 7
531 49 2
1411 1078 1
195 424 8
1515 1131 2
1547 716 8
485 1399 6
1550 462 8
66 545 2
1087 1578 3
1230 75 3
503 1376 2
503 980 2
526 1008 39
655 228 8
721 350 27
1391 1375 27
1084 183 8
138 1084 1
163 433 7
161 296 8
477 986 2
1058 1396 8
350 638 27
1396 891 7
32 831 2
72 32 8
155 824 23
651 667 40
33 661 2
910 412 5
922 938 2
145 843 2
466 623 6
360 812 2
692 373 6
1193 1456 50
4 438 6
577 148 2
359 329 2
1252 1493 2
1472 1344 1
1402 167 8
1144 111 6
988 531 30
718 823 33
1350 558 1
602 63 7
238 1029 2
193 1447 57
983 573 15
855 675 30
218 1342 7
1026 882 2
404 958 5
579 1418 7
256 172 8
1029 628 2
737 671 30
82 434 1
346 716 8
590 1217 8
458 65 7
361 172 8
853 801 10
558 229 33
1357 474 2
565 662 2
792 1052 2
632 485 1
1132 1400 2
1317 297 27
576 730 8
1283 109 0
220 479 2
1338 1405 2
651 765 38
1392 441 0
1558 907 32
1078 338 5
199 805 2
629 1062 7
1305 850 6
979 1042 2
961 1398 7
70 547 7
1317 625 27
1566 34 12
187 595 2
1215 936 7
530 397 2
287 671 2
761 957 8
173 311 2
988 938 2
1446 1112 23
325 56 33
1221 32 7
1146 855 5
287 1359 2
55 703 2
865 433 7
736 793 8
1355 925 10
599 1274 12
71 450 33
1076 804 2
403 424 8
247 581 5
1394 903 27
703 914 2
403 716 8
574 1507 1
145 1097 7
406 462 8
32 1459 2
1460 833 20
595 857 38
662 994 5
1056 1252 2
145 1075 2
971 784 19
1507 764 2
928 608 2
64 596 30
1551 24 4
651 380 40
646 1132 0
145 1367 2
204 293 66
126 763 2
563 854 27
1078 390 8
419 658 66
486 199 2
474 52 1
1164 1389 8
1460 381 30
923 85 2
852 350 30
1448 671 30
1344 1079 57
476 1355 2
350 1384 8
917 1132 7
170 1114 30
32 471 8
927 70 1
1355 248 12
1401 793 8
1258 297 8
311 162 1
337 506 6
1355 1124 33
437 1357 2
101 531 2
1328 1475 37
1001 858 12
190 1141 2
350 1212 8
792 369 2
226 172 2
1217 1310 48
210 462 8
810 1062 3
1008 663 8
209 434 2
846 1399 6
625 513 26
1456 366 2
1253 102 8
1463 147 8
1336 1314 7
420 759 2
780 591 2
1210 848 7
1497 1419 5
1035 22 8
530 1025 2
285 1121 2
880 563 2
625 677 2
246 1325 5
181 1396 8
606 1140 1
269 438 6
277 591 2
295 200 33
514 1567 2
89 704 35
1397 442 7
1382 958 5
1546 21 8
554 1200 15
150 488 2
731 461 7
1179 362 7
270 1493 2
158 104 2
632 390 8
858 140 8
273 1239 2
115 850 1
600 1255 2
502 285 2
1037 1469 47
1394 220 27
377 1251 2
268 1310 8
155 1100 2
1129 453 1
45 420 2
32 1 6
1177 22 8
1271 246 2
601 1039 7
660 441 0
271 66 2
126 1391 2
1375 766 7
1262 282 2
1299 349 2
927 766 1
780 293 0
486 443 12
145 387 8
1155 1207 8
958 44 8
923 1104 8
29 957 8
1447 0 0
1183 1474 29
819 1384 8
1442 1348 21
479 722 33
20 556 7
737 324 30
914 1041 2
28 213 8
269 1458 20
1258 1321 8
816 958 3
581 672 2
1502 622 34
575 1310 8
346 265 8
1239 1388 7
148 65 8
418 531 30
1359 452 12
592 75 3
590 138 35
792 1393 2
408 1325 5
761 246 1
786 32 8
112 1227 8
144 1475 5
1252 54 8
98 506 7
863 850 6
997 181 7
1483 421 2
83 1342 7
1253 730 8
211 163 8
295 1292 33
1429 728 7
581 309 30
1001 491 2
1207 815 7
66 498 2
1106 491 2
713 109 0
1215 485 7
1446 381 33
973 1031 2
503 619 27
837 293 0
318 886 80
1078 681 27
1296 1502 2
1570 330 8
850 707 2
74 1252 2
531 622 2
55 252 2
961 879 7
939 938 6
450 539 30
1101 397 75
270 122 2
306 39 8
420 3 8
267 330 7
434 678 14
1307 1156 8
166 798 2
61 793 8
1488 1609 47
627 104 2
1460 102 30
1055 633 7
737 1310 8
365 667 27
1245 554 57
1240 59 5
1039 433 7
366 450 2
28 1305 8
1271 1562 2
483 101 8
1253 1161 7
265 21 8
365 97 8
823 462 7
155 349 2
601 37 8
34 203 2
373 163 8
173 513 30
1025 419 2
641 293 0
905 1309 2
108 1392 7
270 1135 30
1139 675 2
334 1084 2
1357 1443 2
661 856 6
1236 1396 8
814 21 8
325 1120 2
1496 577 40
800 75 3
1232 1315 7
906 377 8
1355 113 2
305 1469 47
1040 63 8
762 1141 2
1114 1253 2
1392 1014 0
297 513 26
317 1377 8
602 961 35
281 1141 27
872 150 2
425 686 7
419 59 8
190 914 2
992 1109 7
1201 433 7
829 850 6
493 735 6
880 508 2
1424 1125 7
55 880 2
54 59 7
1124 59 8
1507 562 57
579 1415 37
294 957 8
391 792 2
168 450 7
503 974 2
1084 1384 8
269 35 23
1551 1061 4
1460 730 30
285 894 2
504 804 2
1515 661 2
1025 345 0
64 877 30
1084 611 34
888 483 15
1265 1062 6
157 88 3
1025 1407 2
167 390 8
252 300 27
914 986 53
674 1575 2
95 1314 5
599 388 2
195 272 20
364 377 8
1464 658 57
576 1608 2
594 63 8
105 293 0
218 882 2
1567 1428 2
699 63 8
195 168 20
672 798 2
28 158 8
707 129 8
420 1125 6
1087 441 0
1104 512 1
1456 611 2
226 1141 2
295 1264 2
52 1118 5
1009 278 2
1187 75 5
965 658 0
657 512 2
1518 109 0
821 1475 5
981 43 6
227 1468 24
74 577 2
211 108 8
317 298 8
503 603 6
216 32 8
646 1419 8
1087 1097 7
865 1342 7
1138 21 8
1304 37 7
1314 368 33
1418 1131 2
317 626 8
346 1578 5
842 599 1
981 1042 2
601 1388 7
1000 970 9
1085 320 7
170 90 8
581 519 31
1210 83 8
1271 1283 2
158 677 2
804 412 5
510 789 2
834 798 2
866 761 15
199 624 30
1055 974 7
1055 578 7
1265 779 6
1160 466 2
660 1014 0
601 9 7
22 349 2
599 753 23
921 420 2
145 569 2
468 491 2
485 958 3
798 854 27
1399 147 8
1399 881 3
362 296 8
329 994 37
907 32 2
39 1062 8
1304 135 5
365 42 8
659 1070 5
487 18 8
1029 458 2
373 108 8
1359 366 33
1272 179 8
928 75 3
64 418 30
1503 533 3
913 1424 2
808 1419 8
1567 745 2
1481 396 33
205 1271 7
362 228 8
270 684 30
325 773 2
442 33 2
761 527 1
551 365 2
442 424 8
219 479 2
1474 1098 2
1482 21 8
98 391 7
75 1161 7
1009 568 7
479 626 8
419 1342 7
1215 834 7
657 1140 2
418 1314 1
1025 291 8
1289 573 15
108 1310 8
1357 248 12
1284 1325 5
1110 812 2
1258 119 8
1140 622 34
388 1344 37
550 462 8
651 1283 38
1309 681 27
1215 766 7
486 718 10
1099 269 8
247 59 8
863 1396 7
978 420 2
1215 1058 7
1337 21 8
150 272 31
1309 116 2
285 219 2
424 324 8
745 1392 7
183 1131 7
534 282 23
739 531 2
704 1447 1
747 993 2
1394 1525 27
503 231 2
291 1156 8
731 59 7
543 1291 14
1176 961 1
391 795 7
1087 387 8
30 661 2
476 1357 2
912 377 6
172 116 8
311 642 30
601 287 2
1200 341 3
1284 590 2
573 1281 1
381 29 2
26 1309 2
1394 856 2
1506 246 2
468 443 12
324 911 31
329 1289 36
927 364 1
22 873 2
568 420 6
1162 533 3
1502 602 2
1405 272 2
904 491 84
668 59 5
723 1396 8
1078 116 8
1045 1227 8
170 1340 30
1367 172 2
591 717 2
1133 1156 7
25 65 8
392 75 3
1357 1328 2
563 411 2
1200 1335 5
1025 1284 2
1358 104 2
555 1483 2
1346 790 2
434 1395 7
1316 958 5
1351 714 2
1132 255 2
34 889 40
1253 297 2
439 54 2
233 179 8
1210 1538 7
542 1029 2
772 377 7
1253 893 33
4 678 14
337 297 27
464 533 3
1261 462 8
438 1309 2
312 1239 2
671 1236 8
894 1141 2
27 311 30
961 550 1
1232 393 48
718 61 15
867 403 2
98 987 44
718 3 10
517 1607 2
617 75 5
1106 89 2
1215 83 7
859 269 2
997 3 7
747 933 2
270 681 27
577 223 26
1424 638 27
565 513 26
1460 1371 30
59 1389 8
503 859 2
629 433 7
1251 1132 0
853 1511 74
601 1333 7
377 789 2
445 109 0
718 1101 12
176 1396 2
500 1405 2
655 3 8
634 1086 8
255 556 2
447 1325 5
491 1395 7
522 881 3
32 606 2
186 167 8
377 366 33
290 179 8
443 1285 5
1044 1599 38
1506 874 2
510 1125 8
145 618 2
20 850 7
1275 1307 13
1271 1160 2
252 581 27
626 533 3
923 939 2
663 367 5
191 761 15
1446 0 0
899 1572 7
150 834 2
150 1230 2
464 104 2
577 611 2
477 985 2
1129 903 1
238 804 2
18 533 3
931 1396 8
605 21 8
464 792 2
581 898 2
735 63 8
28 1127 8
558 1407 2
59 654 5
349 534 2
840 4 14
228 487 8
792 1223 2
1382 403 7
515 1000 1
658 1041 7
1468 556 7
761 472 1
127 63 8
634 1184 6
595 638 40
1029 335 2
1442 1296 2
368 1239 30
912 958 3
850 856 52
564 696 2
1474 287 2
808 1291 14
65 848 7
1336 461 7
65 1582 2
199 476 2
1336 65 7
898 75 3
1210 391 7
577 856 20
1215 711 7
1215 315 7
720 850 1
1436 479 2
1106 1009 2
295 62 2
300 44 7
958 701 7
1436 433 7
978 365 2
1406 1557 1
98 1388 14
1211 1405 2
973 1549 2
160 28 2
898 65 8
769 150 2
1071 655 2
380 1424 2
724 718 1
626 104 2
157 1024 2
1180 591 2
603 1405 2
1416 531 2
938 36 16
1383 1304 7
493 265 6
933 433 7
270 1036 2
4 1305 6
1119 1392 30
479 273 6
372 848 7
21 1004 27
55 743 3
601 290 7
479 652 2
171 28 8
1447 1214 0
928 779 2
1461 450 30
380 1252 2
601 582 7
498 179 8
337 57 6
471 914 2
599 942 33
1253 1329 2
281 600 55
119 373 6
915 599 1
577 843 2
960 11 64
1502 151 2
746 937 5
855 1474 30
579 264 2
1144 1243 7
491 685 8
1245 1004 57
1373 685 7
1350 1253 1
1313 697 14
579 614 7
564 1496 2
1029 1031 2
1031 2 2
1357 201 12
575 66 2
877 513 30
592 533 3
934 63 8
1025 932 8
1474 983 2
1087 990 37
440 32 2
761 704 1
816 59 8
1232 114 48
434 903 6
551 938 2
211 1377 8
512 392 36
761 1491 7
992 1111 7
22 851 30
792 540 2
1487 1310 8
89 888 2
952 362 31
779 86 2
1340 1129 7
544 75 8
999 433 7
1567 523 23
837 1210 6
452 65 8
526 1516 2
557 65 8
311 890 2
380 1304 5
1533 1000 1
1084 1287 2
420 1321 8
285 500 2
503 97 6
1210 1311 7
817 1325 5
872 663 8
411 1258 2
285 891 8
393 513 26
365 1152 26
292 479 2
616 488 2
395 662 2
269 988 2
387 1396 7
359 658 0
730 1140 2
729 104 2
641 129 8
1090 576 2
870 21 8
718 1046 12
858 214 75
191 600 44
1517 11 2
1394 391 27
737 124 7
192 330 8
914 1152 26
862 75 59
522 92 8
1279 1239 2
167 976 8
350 1418 7
681 1132 0
1291 116 7
1510 1309 2
601 814 7
487 891 8
1372 795 7
1258 773 2
155 160 33
927 937 1
1085 137 13
150 883 2
73 1132 0
1025 853 12
536 513 30
923 884 2
1375 833 7
167 908 8
193 1271 57
1158 728 8
476 155 2
1303 533 3
29 1128 8
31 1144 44
1221 533 5
1180 59 59
1479 531 2
1503 1396 8
218 1062 7
1483 368 2
211 800 78
1163 75 3
1291 772 14
1358 677 2
558 1352 2
148 477 70
1019 1207 8
787 510 7
211 1092 78
901 812 2
634 837 6
1455 1299 2
1154 65 8
875 43 6
1193 1207 5
1424 881 5
396 1047 16
170 138 30
645 591 1
576 54 8
462 90 8
759 1342 7
273 1399 6
961 727 1
1355 824 23
322 1141 2
211 626 8
916 573 15
1499 747 10
151 1342 7
1408 293 0
590 866 36
1544 1381 7
377 1046 12
32 139 5
1304 555 7
698 1070 5
599 702 12
439 952 30
1424 272 7
847 1086 7
1262 1289 36
183 1062 8
1303 522 7
1127 1475 5
603 662 2
655 226 3
499 983 33
858 881 3
488 269 2
737 793 8
1394 623 27
29 1491 7
442 1578 5
938 1036 2
1055 408 7
932 43 6
33 1405 2
1141 189 27
1323 1325 5
126 191 2
1162 1396 8
483 272 8
228 795 7
201 755 5
816 1342 7
464 677 2
1313 350 14
565 1078 2
1215 358 5
1079 145 30
1037 300 2
564 1045 2
581 1075 2
688 145 2
1131 1230 2
463 675 2
1371 75 3
1137 663 8
442 551 2
22 1086 8
1304 585 5
718 1330 15
311 611 2
547 551 2
860 1070 5
1009 1127 8
1317 1041 27
483 1220 15
98 909 7
1352 434 2
1338 150 2
514 293 0
1100 1140 2
165 656 1
736 43 6
1346 216 2
1360 891 8
1153 958 5
1506 719 15
311 497 7
1210 568 7
434 1550 8
643 792 6
514 1355 2
1023 32 8
1499 1271 10
12 269 20
761 1305 8
550 958 3
285 841 2
17 927 15
721 1394 27
1128 32 8
766 22 8
1310 936 7
410 167 2
140 63 5
269 641 2
1200 297 8
913 910 5
494 1291 33
626 677 2
612 789 2
167 296 7
150 208 2
723 1299 2
155 528 2
399 1029 2
273 563 2
127 671 7
595 1601 38
159 104 2
164 1310 8
1284 1207 8
475 1131 2
670 958 5
263 512 2
25 656 2
64 1340 30
601 1155 7
1288 433 3
847 272 8
1264 576 2
543 179 15
145 112 2
907 886 2
150 36 2
661 1327 6
18 1396 8
1047 325 2
791 1456 2
1500 150 2
904 1009 84
579 837 2
1262 690 2
65 1415 5
447 1567 2
372 83 8
1467 329 1
910 91 7
434 1184 6
541 1029 2
145 39 8
1210 1327 6
1568 172 2
1076 98 30
325 212 2
914 693 2
703 1314 5
1447 818 2
107 627 8
670 327 2
192 373 6
1131 83 2
997 297 7
713 293 0
1447 1110 2
297 373 6
787 32 8
1253 54 8
1443 732 7
1443 1070 2
778 365 2
1314 1307 13
534 552 2
743 1379 7
183 324 2
1215 205 7
29 338 5
628 433 7
883 697 14
1313 1310 7
54 462 7
324 1500 30
183 616 2
850 31 2
487 1199 7
1200 1217 8
671 1292 30
729 677 2
498 661 2
1375 412 5
145 516 2
503 981 2
446 1325 5
1394 672 27
252 479 27
420 119 8
477 987 2
265 1475 7
938 689 2
32 57 6
590 1472 37
601 1491 7
630 65 8
401 920 2
55 341 3
263 1140 2
720 1396 8
28 296 7
917 136 6
573 428 1
825 1396 8
140 420 2
357 1359 2
1056 958 3
1125 1070 5
692 1062 6
851 1392 30
252 34 53
914 1493 2
543 34 41
917 1239 2
1567 187 1
112 1252 2
1358 958 2
573 355 7
270 68 24
55 1335 5
558 853 12
905 1029 2
673 769 2
661 284 6
240 324 2
745 533 5
362 341 3
804 1550 8
1016 129 7
790 433 7
1474 873 2
761 594 1
199 770 2
1215 1005 7
854 434 1
1447 666 12
1000 717 2
207 1232 2
324 492 2
455 882 2
576 627 8
765 269 7
1304 863 6
3 270 3
392 658 0
945 109 0
270 724 31
1474 805 2
988 1299 2
300 1364 2
437 558 2
543 1144 2
958 99 0
1215 541 7
530 2 2
1219 1310 8
641 396 33
66 1242 2
362 1335 5
106 513 30
1536 136 52
158 373 6
1215 833 7
210 59 8
1198 1141 2
66 1138 2
350 519 30
850 1451 2
172 355 8
439 1525 30
40 1144 2
974 155 2
977 558 2
327 160 14
1438 98 8
392 1314 7
170 848 7
391 616 2
28 1388 7
1009 960 35
285 322 2
145 1436 2
1507 282 57
1405 219 2
125 513 26
1394 1196 27
1460 1230 20
1460 834 20
270 762 2
127 662 2
1353 779 5
435 938 6
235 804 2
718 460 2
362 704 2
91 1062 5
1028 581 2
365 54 2
891 1062 6
325 865 6
1291 597 44
1314 53 34
442 900 2
155 796 8
63 1548 5
350 890 2
586 172 2
961 287 30
479 706 2
1188 362 30
795 1395 7
746 1059 5
267 28 8
34 947 2
1396 37 7
1483 1173 2
810 793 8
1258 298 8
563 582 2
349 992 2
438 1210 7
454 938 2
98 1550 7
699 179 8
1008 1029 2
114 882 2
910 770 2
672 914 2
555 1258 2
320 373 6
923 310 2
1035 533 3
546 1253 1
634 39 6
248 466 75
1035 487 8
804 471 8
1553 661 2
1442 47 2
1140 388 2
1447 367 2
1014 21 8
1020 1062 8
983 1607 2
759 882 2
430 694 39
869 373 6
816 1325 5
530 671 33
1207 1395 7
420 1052 2
289 662 2
1144 355 8
1156 881 5
627 1252 2
416 958 2
253 658 0
279 420 27
1084 1409 2
623 104 2
78 269 2
865 1062 7
544 129 8
1227 297 8
1321 958 3
172 488 2
868 750 2
671 1341 30
86 330 8
601 1108 7
159 1141 2
667 1131 20
294 1305 8
162 491 2
1007 519 35
1271 1003 2
1062 1395 7
479 1127 6
1124 513 30
1394 221 27
494 512 2
1500 499 2
167 1161 7
1123 1325 5
761 1315 5
263 397 2
268 1207 8
582 1375 27
29 1381 7
439 774 30
601 1436 7
601 1040 7
126 1054 7
1458 573 15
1055 298 7
145 393 2
1197 533 3
317 990 5
549 465 62
704 1200 2
590 444 2
337 1203 6
856 52 8
1144 57 6
337 872 27
242 138 79
1176 21 8
1122 1375 27
817 1207 8
1329 1344 37
917 450 7
170 36 30
905 1078 2
673 26 2
910 1002 2
1140 1480 2
1042 114 2
242 70 79
1140 753 23
1463 1578 3
658 816 7
1446 1561 2
795 685 8
439 807 7
1568 1141 2
1076 671 30
848 958 5
997 578 7
519 747 1
230 22 33
438 63 7
1360 139 3
1443 1351 2
285 1004 27
1223 958 2
590 204 5
1180 1325 5
886 297 8
1114 1314 2
317 646 8
362 454 71
425 59 7
592 1070 5
197 172 8
547 1324 39
159 1062 6
531 983 2
1215 90 7
77 1062 8
557 513 50
1101 466 75
63 1395 7
995 269 8
1394 917 27
1215 778 7
847 916 7
318 1575 80
160 199 2
958 768 7
747 25 2
655 114 8
189 330 8
850 604 2
1207 685 8
177 958 3
306 40 8
1475 444 57
28 937 7
494 1140 2
503 347 2
626 1062 8
1352 311 35
1278 89 1
858 1457 8
860 32 8
124 978 1
1241 293 66
263 1025 2
1569 761 15
912 493 6
577 1082 2
932 269 6
525 971 9
163 75 3
718 113 2
601 357 7
606 677 7
747 244 8
735 971 9
1013 732 7
1480 1575 2
1062 685 8
239 325 2
1252 360 2
1058 533 3
337 189 27
1024 882 2
581 905 2
1344 921 57
1163 533 3
1505 63 8
555 136 6
1355 474 2
1122 938 2
451 1483 2
301 346 77
576 908 8
1459 126 2
556 1045 12
1232 181 48
450 1135 2
218 479 2
535 1359 2
438 1029 2
1317 1163 27
116 396 55
736 269 6
917 32 8
886 1321 8
1037 1131 20
1100 1262 2
84 590 2
1338 663 8
1445 858 12
1436 882 2
230 377 8
528 397 2
420 1393 2
542 973 2
1210 1086 7
417 145 27
800 1070 5
1563 65 8
1295 1310 7
124 899 5
279 365 27
1252 412 5
1084 347 33
863 433 7
1424 1418 7
1192 1199 8
355 1207 5
43 1125 7
1082 285 2
1131 296 8
512 543 2
833 1156 7
747 945 2
734 199 2
157 1381 7
89 546 35
360 479 2
360 433 7
150 726 2
1394 166 27
437 1456 30
439 31 30
395 1156 8
52 147 8
546 1392 30
269 1086 8
155 1437 8
591 853 12
317 643 5
1078 1198 54
179 47 8
161 83 8
157 48 2
297 793 8
126 1337 2
1303 330 8
1283 590 2
388 59 8
1252 638 27
563 1223 2
595 808 8
923 659 2
377 728 8
158 269 8
255 104 2
1079 1291 30
808 63 7
722 1396 8
1493 882 2
667 433 7
1550 1325 5
501 21 8
101 1460 8
1352 1310 7
1359 31 33
361 63 8
816 462 8
314 365 2
654 434 1
80 1349 7
247 1207 8
350 183 8
433 1395 7
98 102 2
558 453 34
1446 1110 2
1325 1418 7
293 1041 7
791 199 2
1330 1342 7
1216 1419 8
662 833 2
83 938 2
185 581 27
1396 88 5
1314 1480 2
524 1345 2
636 1131 2
864 1396 8
434 743 3
65 568 7
330 685 8
1546 663 8
960 1000 1
1163 513 26
1215 35 7
1308 779 6
58 1516 2
623 677 2
600 1122 6
761 848 8
350 117 30
292 882 2
1304 726 7
865 32 7
1424 47 7
671 1518 30
557 98 50
1446 998 29
1073 1345 2
381 1131 7
365 681 27
1085 1108 13
1085 712 13
1271 1284 2
395 150 2
494 397 2
979 365 2
500 150 2
171 1419 8
926 372 1
365 1381 7
270 360 2
47 59 8
522 891 8
741 1291 14
829 433 7
914 1391 2
181 533 3
372 568 7
263 1262 2
381 1396 8
1292 29 2
1458 477 41
595 1395 7
988 362 30
483 47 8
300 823 30
1039 1405 2
505 793 8
1253 1445 2
772 612 77
476 558 2
350 488 2
1382 1215 7
819 355 8
167 0 8
63 646 5
450 460 2
779 1243 7
349 590 2
1009 929 7
98 752 7
658 1097 7
1332 910 1
641 1405 2
1357 993 2
184 1349 57
503 484 9
1567 31 33
442 722 2
1232 1437 48
910 264 2
695 75 3
208 1310 7
1140 942 33
325 1457 8
499 614 67
34 158 40
702 923 8
878 75 7
656 904 58
311 736 7
81 992 2
107 1377 8
1215 1127 7
736 656 1
601 1315 5
362 919 30
309 1567 1
186 1342 7
311 318 2
563 341 3
85 522 7
1314 401 2
1394 1198 27
1451 270 3
416 556 2
420 1437 8
98 652 44
318 1460 80
347 32 8
1087 753 2
55 92 7
876 63 8
915 513 30
125 1070 5
1251 109 0
618 1132 7
1540 433 7
176 373 2
993 65 8
162 89 2
706 269 6
503 524 2
503 128 2
388 1342 7
1399 1199 7
1132 1225 0
227 527 1
373 76 7
766 21 8
1 493 6
1174 172 2
1396 39 7
385 65 8
285 835 8
337 101 26
601 638 7
1037 433 7
1246 300 57
510 102 8
1025 1061 2
693 882 2
155 264 23
157 92 8
595 758 2
750 1325 5
533 883 30
22 1562 2
673 189 27
586 2 2
337 74 27
1373 683 2
211 588 78
29 848 8
337 762 27
455 1070 7
986 8 5
1031 350 2
903 1309 2
1087 1005 36
238 819 7
1258 1212 8
595 685 8
908 21 8
1316 179 15
563 1054 7
1463 384 3
799 377 8
1025 611 34
442 908 7
250 52 8
763 373 6
915 1207 8
1152 324 2
416 1252 2
1284 293 0
1132 881 3
392 1070 5
997 72 7
900 179 8
613 779 6
541 1424 2
634 489 6
211 54 8
961 447 1
1557 1205 2
1447 554 23
317 244 8
119 1007 55
981 718 7
581 200 30
1119 1227 8
1110 21 8
941 1210 6
581 492 30
107 626 8
1341 487 8
608 770 2
279 938 27
47 1342 7
1404 397 2
555 32 8
616 836 2
912 1325 5
1303 346 7
871 663 8
533 1577 8
178 462 8
944 1474 2
25 1344 37
581 424 30
466 863 6
1253 0 0
873 1239 30
1042 681 27
162 1009 2
32 228 6
1394 739 27
32 607 2
708 732 7
1522 958 3
590 728 7
154 479 2
938 584 53
1039 662 2
145 911 2
1399 139 3
457 1210 2
923 1628 2
913 1042 2
22 191 2
359 397 2
1307 136 19
161 588 8
1373 0 2
1258 1449 2
565 798 2
373 54 8
217 577 2
28 1128 8
479 244 8
346 789 2
479 978 3
386 1431 57
676 155 2
661 834 2
551 311 2
70 1084 1
1232 1382 48
878 66 2
447 591 2
895 533 3
253 479 19
1227 1224 2
1324 325 1
547 667 2
1454 1299 2
190 581 2
1138 663 8
653 992 2
671 158 8
20 75 3
495 1070 5
995 1456 33
372 215 5
859 1258 2
1211 1078 2
420 303 2
183 1483 2
199 873 2
526 889 2
66 667 27
1502 1225 0
34 35 40
1317 693 27
619 172 27
1314 942 33
1210 684 7
179 1384 8
1446 888 23
1456 139 3
717 1392 7
522 1199 7
671 382 8
522 1578 3
55 37 7
599 1388 7
1029 1337 20
557 671 50
1283 1567 2
619 104 27
297 167 8
55 766 8
1394 1075 27
1403 1342 7
636 28 8
266 1357 2
573 1295 1
98 1292 30
606 971 7
294 848 8
297 63 8
1394 1367 27
1131 222 15
447 293 0
1047 1424 2
22 1283 2
285 92 8
1132 1170 0
365 689 2
525 801 9
111 938 52
1156 1418 7
484 973 2
115 686 1
674 858 12
227 472 1
681 109 0
479 607 7
815 1456 2
124 1491 7
269 189 2
658 1014 0
890 948 15
33 150 2
533 536 30
956 32 8
1180 1207 8
673 1298 7
1259 372 2
73 109 0
359 1025 2
128 1405 2
1144 1203 6
150 152 2
127 1156 8
1258 78 2
701 533 2
1158 789 8
365 908 8
1158 393 8
98 1371 2
118 697 2
337 707 27
106 591 2
673 1568 2
1114 1507 1
891 1544 2
1087 991 37
902 433 7
1082 420 20
551 601 7
442 957 7
1004 426 7
910 936 8
442 1295 2
1511 784 19
1561 1475 37
1351 614 7
104 210 2
454 1396 8
789 1087 2
1456 898 2
545 325 2
761 1388 7
559 1396 8
533 178 1
1003 1262 2
476 1456 30
68 227 63
1444 1084 2
344 1062 8
228 75 3
541 577 2
434 341 3
824 658 0
1436 1062 7
503 873 2
872 961 2
439 178 7
1210 1307 13
1507 753 57
52 1315 7
625 1141 2
657 330 8
1476 311 30
651 82 38
958 854 27
238 671 30
436 1291 14
1547 833 8
381 671 2
176 1342 2
847 355 7
750 462 8
661 1118 5
541 1291 14
747 444 23
1314 191 33
1496 798 38
503 701 2
522 139 3
466 808 6
285 1116 8
824 1314 7
434 1335 5
30 1131 2
244 792 6
1078 1550 8
938 409 2
505 63 8
227 704 1
158 167 8
722 1299 2
1287 910 2
246 434 2
145 168 2
155 837 23
145 460 2
707 325 2
1348 1132 0
850 1578 5
337 647 27
1382 21 7
491 3 8
548 434 1
338 330 7
125 616 2
155 226 3
1355 1328 2
238 1042 2
1193 170 30
1502 357 33
218 1396 8
176 1616 41
1084 1214 0
792 1169 2
1110 433 7
856 483 15
325 664 2
1136 1156 8
540 1029 2
359 269 8
1342 770 2
539 150 2
81 590 2
1447 1562 2
592 350 50
66 1030 2
98 178 7
88 1042 7
441 21 8
632 138 1
1214 22 8
1163 1070 5
747 1191 12
211 627 8
552 1062 8
388 325 1
634 1395 7
1084 209 2
1081 1309 2
1502 1170 0
65 1086 7
66 1358 2
639 450 2
927 939 15
632 1550 8
1144 818 35
267 1405 27
1424 273 7
1536 59 7
820 372 1
769 533 3
381 1299 2
1326 32 8
1404 1262 2
329 519 35
455 531 30
503 122 2
497 526 2
632 1482 8
629 75 3
270 586 2
938 1037 2
488 958 2
666 755 5
508 833 8
362 492 2
29 1388 7
439 1177 30
367 812 2
270 878 2
285 37 8
577 857 2
1055 1097 7
508 1125 8
599 200 33
1042 689 2
856 59 8
26 804 2
1037 661 2
701 150 2
1144 856 6
362 424 2
673 1243 7
1259 317 2
498 21 8
454 330 2
442 620 2
819 86 2
1158 384 3
584 75 8
581 1076 2
341 1042 2
155 808 8
1304 550 5
1483 893 2
1138 1309 2
1258 18 8
1567 1264 2
396 877 30
1357 888 23
1001 1359 2
95 1502 2
170 603 6
1106 1359 2
931 533 3
1082 34 41
697 1220 14
1447 1439 33
324 840 2
226 581 2
550 590 2
295 1100 2
671 1127 8
1449 661 2
805 21 8
635 377 1
300 1024 2
1031 167 8
491 519 35
756 1252 2
80 32 7
1120 462 8
914 68 24
1506 720 15
879 1607 2
1447 1371 33
1549 1029 2
35 1469 47
804 1335 5
1516 812 1
534 1482 7
971 1549 2
1323 1310 8
576 412 5
1547 90 8
601 932 7
387 1342 7
512 714 2
973 416 2
195 90 8
277 1000 2
168 663 8
503 750 2
928 1025 2
1179 479 7
205 671 14
634 685 8
237 1357 1
784 1640 77
761 743 5
1460 1194 30
499 552 2
595 1602 38
1129 174 1
1058 1062 8
273 1252 2
862 21 59
996 761 15
912 792 6
1044 1594 38
32 893 2
854 59 8
155 1212 8
64 1341 30
847 273 8
470 779 6
475 1424 2
729 269 8
477 584 2
1440 27 20
907 1575 2
138 677 7
915 1506 2
1485 591 2
259 1156 8
582 129 8
442 101 26
1382 362 7
914 762 2
558 610 2
1258 646 8
713 1207 8
170 152 30
1488 1324 39
581 393 2
905 798 2
555 1227 6
747 1214 0
449 1258 2
926 732 60
730 1239 30
430 159 2
210 1207 8
293 816 7
665 300 2
950 362 31
997 298 7
238 1310 8
653 590 2
1544 1395 7
881 868 7
757 34 53
999 75 3
78 325 2
294 1388 7
765 663 8
1177 1405 27
133 59 5
499 1352 2
722 1310 7
1144 367 35
1316 450 2
618 325 2
145 80 1
1437 533 3
856 1342 7
403 90 8
944 1200 2
823 1567 1
1477 847 0
1394 569 27
1537 167 8
39 136 6
718 893 33
1036 513 26
239 1424 2
1055 750 7
756 32 8
55 296 8
656 347 14
266 491 2
920 904 58
1458 199 30
1177 663 8
259 350 33
55 588 8
1447 1105 0
913 493 6
388 462 8
730 330 8
452 973 74
145 1033 2
1402 65 8
1025 500 2
22 808 8
253 32 8
483 114 8
300 890 30
533 776 5
823 958 3
1201 1227 5
531 960 30
702 433 7
63 817 5
558 883 33
1029 922 2
1252 471 8
581 625 2
1505 179 8
847 338 5
270 460 30
1401 63 8
696 98 8
1266 75 3
483 384 3
442 497 2
1317 881 5
111 1291 14
718 880 15
906 98 8
623 373 6
1215 1298 7
409 1405 2
1304 1197 7
635 718 1
389 483 15
834 1314 5
736 327 1
647 819 7
546 157 7
420 46 6
1314 572 2
850 1416 2
168 285 2
420 1212 8
285 391 2
208 1456 30
158 1062 6
11 193 5
1460 519 30
671 999 14
759 479 2
181 1062 8
28 1389 7
880 958 3
656 1439 14
98 1518 30
1552 355 8
1180 1506 2
1071 732 7
1458 1291 30
262 656 1
747 1061 2
1253 412 5
724 1232 7
468 1359 2
577 1138 2
1502 446 2
1236 1070 5
1405 116 2
256 479 2
1009 338 5
1058 616 2
1341 1070 5
1460 347 30
256 433 7
258 1345 2
227 594 1
1403 1396 7
1547 259 8
1321 1325 5
361 433 7
533 366 30
1510 804 2
1146 936 7
1025 452 12
392 269 8
259 22 2
21 166 2
252 21 27
563 902 1
1502 670 2
709 789 2
491 808 8
1224 1567 1
1373 808 7
961 976 30
1481 600 2
324 1585 2
518 533 5
696 330 8
265 1456 30
910 766 8
1120 1207 8
769 1141 2
1471 75 59
383 1392 30
420 1138 6
1144 424 8
837 1000 5
650 1239 2
420 1449 2
1262 519 35
1329 656 2
879 577 2
168 1309 2
510 916 48
330 743 3
503 1391 2
499 901 2
858 502 8
83 882 2
485 1375 27
263 466 2
1515 1078 2
20 658 0
601 1505 7
62 812 2
483 1110 1
158 2 2
1295 325 2
393 462 7
938 239 2
1394 514 27
61 63 8
109 412 5
1456 384 5
52 495 8
475 1309 2
602 812 2
997 1548 5
117 1253 1
1111 109 66
1025 1418 7
20 1314 7
195 981 20
558 1251 2
988 1200 15
1042 183 2
483 163 8
177 1325 5
21 1581 8
707 1239 2
958 963 60
325 183 6
170 1401 71
350 604 2
674 1009 2
588 59 8
1245 444 57
903 63 7
648 136 6
1085 139 5
1131 1121 2
1025 80 8
1566 242 57
753 136 6
1239 417 2
632 724 1
1239 808 8
647 1375 27
285 899 5
590 724 35
1215 555 7
1253 1384 8
442 833 8
430 1024 2
172 1243 7
209 1310 7
1215 1243 7
886 298 8
1446 347 33
1329 1342 7
420 78 2
563 119 8
432 179 8
1210 459 7
4 432 15
311 726 2
505 19 67
869 362 2
506 1310 8
642 21 8
1249 293 66
1452 270 3
43 102 7
868 68 2
728 938 6
958 1457 7
638 377 8
590 1199 7
1391 533 5
485 1042 2
270 416 2
4 1081 6
780 199 30
1168 1345 2
265 487 8
590 1491 7
856 1584 28
1058 269 2
255 1252 2
263 671 33
998 1317 5
577 1479 2
155 419 2
365 27 1
938 1555 2
591 214 2
1055 1323 7
739 179 8
347 1567 1
671 813 15
1527 32 8
1055 1615 7
1398 1062 8
489 1360 2
126 314 2
269 355 8
151 59 8
992 704 35
928 847 2
647 671 30
271 172 8
1551 263 4
1193 324 50
1312 910 5
454 556 2
849 1392 30
21 507 2
362 942 2
362 546 2
377 101 8
646 1325 5
337 190 27
211 308 78
442 1138 2
1009 1381 7
1470 1083 7
1247 1575 2
1304 776 5
71 1502 0
914 360 2
210 1375 27
1372 167 7
1258 244 8
564 1168 2
163 1070 5
1029 1495 2
903 1029 2
825 533 3
1258 932 8
913 66 2
595 743 3
437 1200 2
942 1456 30
1210 863 7
4 399 14
293 1621 7
199 1298 7
1047 1456 30
22 919 30
607 513 30
894 1258 2
790 75 3
255 1304 5
855 1375 27
396 883 16
550 1207 8
1446 1371 33
647 1042 2
1180 293 0
1437 1131 7
1330 1345 2
427 487 8
172 898 2
88 1314 8
579 611 35
606 1447 1
391 1258 2
1232 406 48
107 54 8
880 510 2
1179 377 7
155 345 0
58 889 2
30 1078 2
600 891 6
639 1200 2
686 607 5
373 1081 52
311 1455 30
579 384 5
628 662 2
1321 462 8
43 1418 7
601 1054 7
629 533 3
1544 1550 8
1292 1131 7
1397 285 7
325 203 70
503 872 2
913 1325 5
704 43 6
1250 109 0
1131 241 25
33 1309 2
1405 689 2
228 513 26
599 62 2
829 581 3
138 971 7
623 269 8
1551 1251 4
266 89 2
1541 75 3
1505 1156 8
588 1342 7
1187 1396 8
126 1338 2
1055 244 7
1283 591 2
479 638 27
1025 1409 2
912 1375 27
145 235 2
591 23 33
377 1125 8
28 916 8
916 997 22
594 65 8
211 936 78
22 307 2
1101 749 5
1207 1335 5
978 677 2
1379 919 2
854 1325 5
593 32 8
674 558 2
325 1004 27
909 663 8
1206 761 15
1190 311 35
1258 1169 2
1252 366 2
1160 59 8
28 848 8
1566 1498 57
468 89 2
581 911 2
910 1298 7
1358 1141 2
681 591 2
552 910 2
1232 1206 48
540 804 2
442 90 8
790 324 7
907 21 8
1355 284 33
1317 189 27
1230 2 2
761 485 1
192 1271 2
903 377 8
217 958 3
183 136 6
1283 293 0
1253 998 29
1140 1307 13
322 958 3
1211 798 2
1360 39 8
1029 833 20
179 421 2
1025 249 8
528 671 33
557 167 50
842 1357 1
976 1084 2
182 167 2
581 944 30
1210 112 7
1227 183 8
21 115 15
636 1424 2
117 1392 30
1215 432 7
769 330 8
66 1133 2
863 1062 7
581 840 30
873 600 44
493 54 6
356 658 0
1547 1236 8
1436 487 8
526 541 2
847 1154 7
72 958 3
43 47 7
618 109 7
836 662 2
145 1035 2
31 675 2
252 1394 27
177 462 8
1299 1284 2
602 697 2
330 415 5
912 43 6
63 341 3
22 1003 2
577 1028 2
596 29 2
490 1437 8
343 293 0
694 697 1
147 32 8
507 52 59
982 1062 5
919 1567 1
266 1009 2
125 1483 2
1401 65 8
91 661 5
601 303 7
779 875 6
796 1342 7
591 1047 33
205 32 77
1042 360 2
485 1310 8
145 1213 7
577 960 2
1253 666 12
213 533 5
1494 156 7
503 116 8
148 1396 8
723 1062 8
464 1141 2
912 1042 2
316 792 6
479 597 2
1029 1148 2
903 1078 2
63 1335 5
106 311 2
878 1375 27
1140 1274 12
491 70 35
98 1045 7
1359 952 33
1474 1100 2
1474 704 2
194 677 2
70 1140 1
632 1005 1
105 732 7
142 129 8
997 790 22
563 369 2
539 1345 2
1497 167 8
1210 808 7
238 66 2
302 377 7
1215 1420 7
200 362 2
1209 910 7
999 533 3
868 417 2
409 1131 2
295 160 33
1360 959 8
1446 360 2
1314 1090 2
695 1070 5
704 324 30
595 1047 16
330 3 8
330 341 3
1139 1239 30
287 1483 2
992 1389 8
285 909 2
1539 533 3
66 54 2
494 671 33
601 707 7
530 98 33
373 833 7
1192 1437 8
1271 602 2
601 999 7
403 1236 8
626 1141 2
176 1062 2
273 1131 2
544 22 30
1144 1327 6
503 421 2
1394 112 27
1278 1351 1
385 462 8
144 1310 8
1172 1156 7
897 1070 5
330 1335 5
910 1246 37
155 1284 2
29 917 8
1146 766 7
601 931 7
1264 1062 7
361 997 2
688 576 1
944 675 2
1037 1460 2
1442 912 21
317 881 5
1466 1689 1
117 747 1
150 604 2
563 1565 2
563 1169 2
599 1086 8
24 534 2
128 150 2
697 909 2
494 330 8
569 661 2
337 763 27
576 1550 8
1258 817 8
1522 1325 5
298 938 6
593 269 8
563 1393 2
1483 381 2
406 293 0
460 34 12
91 581 1
1567 952 33
792 889 2
558 742 23
761 138 1
812 309 14
1444 1140 2
993 1344 37
1009 517 2
1009 908 8
1547 957 8
920 347 14
526 262 2
981 661 2
1144 606 35
1200 1457 8
1443 858 12
867 697 2
156 992 1
624 534 1
1188 1310 7
972 656 1
1394 516 27
285 1199 7
590 546 35
872 1309 2
1081 1029 2
858 728 8
1304 276 7
377 1443 2
365 1395 7
285 1491 7
535 450 2
877 21 8
616 1525 2
52 393 8
1352 958 5
369 1309 2
27 1594 38
729 1141 2
145 980 2
841 531 2
655 297 8
167 1330 2
359 466 2
448 441 0
819 1243 7
115 59 1
854 462 8
433 1335 5
1129 1265 1
630 75 3
1184 958 3
145 912 2
1502 877 33
719 32 8
1123 533 5
658 341 5
4 903 6
1200 1118 5
922 1299 2
796 850 6
591 596 33
1009 1102 37
1480 1070 2
1259 1640 2
337 1391 27
1153 1310 8
1354 1000 2
726 65 8
1253 1287 2
1317 101 26
350 726 2
912 591 2
804 189 27
232 430 2
104 148 27
285 471 20
265 311 30
819 197 8
1272 22 8
742 179 15
220 616 2
1140 200 33
383 573 15
1377 377 7
82 1232 2
223 362 2
442 272 2
552 1087 2
920 1439 14
199 942 2
795 808 8
1349 805 2
77 1475 37
1253 888 23
1317 762 27
437 793 8
878 21 7
1009 848 8
430 854 2
980 1405 2
1282 1456 30
530 534 2
1317 1054 27
997 1389 7
769 616 2
1291 855 5
886 1212 8
789 433 3
728 1611 2
617 1475 37
1156 425 5
1210 685 7
1162 1070 5
530 466 2
595 1335 5
531 1106 2
285 166 2
858 822 74
1156 717 5
1184 1029 2
124 739 67
493 627 6
834 1062 6
1394 1436 27
912 293 0
1080 1309 2
267 150 27
875 75 8
1330 433 7
20 1070 5
387 1062 7
671 781 30
1409 327 2
864 533 3
617 434 2
1468 1344 5
1271 151 2
1179 199 7
159 581 2
634 743 3
1033 1141 2
600 696 2
503 762 2
476 1200 2
362 840 2
1526 32 8
365 685 8
727 992 2
311 485 30
601 922 2
686 1199 7
1256 577 83
1114 847 0
126 540 2
261 1262 2
64 1457 30
601 876 7
1372 461 7
838 75 3
1029 1393 2
718 248 12
1397 107 7
195 524 20
1348 109 0
1480 491 2
1446 1214 0
1140 1292 33
796 1584 28
1004 850 6
829 65 8
1402 1156 8
442 1364 2
579 908 7
746 1523 5
1164 147 8
9 1310 8
1503 1062 8
1131 1224 33
1170 1567 4
1330 910 1
925 2 2
315 1000 2
1355 993 2
707 21 8
346 102 8
563 1437 8
429 1314 7
85 1210 2
541 1042 2
1227 1457 2
910 833 8
1242 1309 2
1116 1239 2
233 22 8
1210 1381 7
1468 167 7
168 377 6
1025 453 34
512 1415 37
1247 21 8
373 412 5
1136 65 8
641 600 2
86 179 2
598 671 30
1312 63 7
961 789 1
945 1575 2
1084 1243 7
850 216 2
686 345 66
434 296 8
847 424 7
1009 97 8
66 335 2
65 459 7
345 1132 0
895 75 3
377 321 6
434 588 8
284 311 2
611 858 2
66 231 2
406 1227 8
958 855 27
1124 311 35
54 958 3
1547 438 8
191 52 8
618 1310 7
122 513 26
195 438 8
1538 433 7
736 179 8
718 1328 2
1025 1225 0
1009 53 35
961 1008 7
1551 789 4
176 1239 2
841 179 8
4 228 6
377 248 12
544 199 30
267 167 7
171 1310 8
167 937 7
1540 75 3
486 1360 2
1299 486 2
1394 289 27
150 849 2
1144 297 6
1084 197 8
703 300 2
1460 265 15
276 1310 8
829 324 7
1172 167 8
768 1070 5
508 102 8
1245 391 57
487 1581 8
25 1396 8
499 622 34
1163 104 2
145 857 2
1162 1062 8
1031 1342 7
1156 318 2
104 178 1
670 812 2
21 1315 7
1054 59 8
1375 1127 7
1377 98 7
772 107 77
1460 489 15
804 1298 7
170 604 30
170 208 30
1447 81 10
812 950 14
295 594 10
1483 266 2
558 1250 2
507 1132 0
661 297 6
634 735 6
1025 147 8
228 330 8
689 32 8
462 92 8
1317 707 27
506 779 6
66 1031 2
76 167 2
997 646 7
295 77 2
1160 1325 5
71 1351 2
1126 462 7
264 1000 5
547 905 2
819 1578 5
728 52 5
300 689 2
850 844 2
1328 576 2
177 365 2
534 901 2
1108 21 8
162 1359 2
655 646 8
168 63 7
869 533 2
1198 1258 2
1278 329 1
1207 1217 8
409 661 2
170 929 7
618 673 2
1271 1407 2
403 438 8
306 108 8
403 42 8
145 1553 2
374 599 2
976 1239 30
1541 533 3
858 1428 75
792 1118 5
285 335 2
448 1014 0
1055 702 7
161 834 8
155 486 2
591 877 33
1037 662 2
470 531 2
329 568 1
361 491 2
677 690 1
1029 1338 2
1001 658 0
498 22 8
1217 1325 5
377 272 8
1322 1325 5
350 611 2
629 1070 5
155 855 3
18 1062 8
746 1176 5
36 129 8
442 913 2
227 246 1
1442 1106 1
207 920 1
1497 65 8
632 432 15
186 75 5
1164 92 8
455 1299 2
903 804 2
329 891 7
903 1200 2
270 808 30
797 433 7
154 65 8
259 65 8
286 372 1
1044 172 8
1225 1062 48
753 1227 6
1443 512 2
104 156 2
311 468 1
804 588 8
1439 22 2
550 591 2
430 1031 2
74 1375 27
1210 1326 7
1449 662 2
69 1405 2
592 64 50
809 64 30
1084 191 33
185 21 27
1080 779 6
1232 1398 39
306 908 8
1253 116 8
483 606 1
368 761 15
420 1169 2
1156 602 5
541 1310 8
852 1131 2
1429 114 7
322 59 8
1232 384 3
503 336 6
958 1568 7
273 1029 2
373 856 52
1227 18 8
69 21 8
1515 798 2
479 189 27
592 136 6
601 829 7
435 1314 5
1357 1214 0
1550 129 8
961 999 2
421 1392 30
503 647 2
150 502 2
252 145 27
531 341 3
445 293 0
337 1388 6
522 39 8
41 812 7
61 179 8
155 1114 2
1252 1578 7
205 886 77
475 1029 2
1380 300 2
365 1550 8
508 47 8
1194 462 8
1340 1070 5
581 667 27
98 813 15
1275 1100 7
599 916 8
369 1131 2
485 66 2
825 1062 8
1343 420 5
357 1025 2
1207 1214 5
102 1210 6
440 675 2
923 727 2
211 711 78
259 324 7
923 1123 2
941 28 8
914 763 2
428 98 16
900 479 2
1327 1399 6
911 1309 2
221 958 2
178 1325 5
982 433 5
98 296 7
347 1419 8
1014 793 7
900 433 7
633 850 6
719 1399 6
1031 1156 8
222 1314 8
677 272 2
1446 845 1
201 971 74
557 1396 8
462 37 8
823 1325 5
1567 118 2
330 1217 8
1317 256 27
1447 1404 2
1445 1291 33
894 350 2
1003 129 2
886 18 8
74 1042 2
334 793 8
406 779 7
1183 1567 1
199 368 2
531 1100 2
531 704 2
632 808 8
1304 502 7
1227 646 8
559 533 3
1394 638 27
1570 52 8
138 1447 1
55 370 2
1084 1439 33
1131 60 55
167 1578 7
295 246 2
958 885 7
1077 661 2
1141 1327 6
1525 958 2
659 167 8
372 808 7
853 129 7
145 769 1
31 450 2
590 1315 7
28 1054 7
1271 1352 2
999 1070 5
634 3 8
22 486 2
634 341 3
991 971 9
1141 863 6
1351 1578 5
877 75 8
1500 1140 2
510 1307 13
1405 177 2
1249 433 5
828 199 2
1177 961 2
1042 239 2
125 1258 2
601 119 8
1229 1125 6
1163 677 2
982 1129 5
880 1325 5
533 31 30
1162 32 8
1035 1141 2
674 1357 2
434 863 6
634 1335 5
170 781 30
122 1078 2
766 938 6
617 311 35
810 63 8
491 241 35
98 820 7
183 1399 6
441 663 8
563 540 2
692 59 8
80 442 7
317 1418 7
1232 298 48
311 1091 64
642 150 2
858 1213 7
324 390 2
657 2 2
295 650 2
980 1131 2
886 646 8
218 533 3
1355 419 2
897 269 8
664 792 2
1266 1070 5
429 1078 2
1552 424 8
468 658 0
384 663 62
1357 611 34
499 670 2
285 1080 2
30 798 2
463 1239 30
1075 377 7
269 880 2
1200 140 8
195 36 8
1262 990 37
616 672 2
867 167 8
1192 1212 8
512 614 7
818 1475 37
1476 98 30
22 1114 2
77 32 8
939 269 6
867 63 8
503 988 2
167 873 2
24 377 2
498 663 8
591 1250 2
883 573 15
944 450 2
462 1388 7
1042 1555 2
1177 377 8
988 573 15
1146 833 7
1351 139 5
591 523 23
1030 34 53
1229 46 6
675 730 2
451 1567 1
34 256 38
1317 1578 5
1251 1567 2
104 68 1
595 1217 8
1215 829 5
913 1375 27
1367 533 2
287 1310 5
53 104 35
526 1609 47
1039 75 3
1455 503 2
805 663 8
789 1314 2
673 83 8
652 1399 6
397 1472 5
267 1070 5
821 1557 5
416 1424 2
98 1124 44
1502 441 0
503 685 6
406 792 7
362 584 71
997 244 7
1531 1306 1
1395 1325 5
1555 595 53
65 685 7
686 1059 5
1281 938 6
1081 804 2
617 1310 7
977 1084 2
166 533 2
175 789 2
533 88 3
971 416 2
577 1417 27
510 929 7
1396 1199 7
32 1139 2
17 483 15
601 1402 7
1506 1407 2
466 1327 6
41 697 7
21 1213 7
1141 808 6
372 685 7
1262 891 7
155 284 33
599 1098 2
957 59 8
1458 145 30
913 43 6
64 604 30
64 208 30
581 1035 2
1375 957 7
145 979 2
1025 446 2
907 150 2
476 675 2
170 1006 71
692 1342 7
1446 81 10
901 1062 7
792 1418 7
673 1076 2
1252 26 2
1442 1100 1
63 763 5
81 52 1
428 671 16
106 531 2
170 726 30
1252 813 8
779 568 7
1140 702 12
396 476 30
1121 1375 27
903 798 2
108 663 7
1364 104 2
592 32 8
555 577 2
1253 347 33
1025 769 8
98 1161 7
1054 1325 5
383 22 30
1474 424 2
533 241 31
116 1062 8
325 1079 2
889 311 2
1093 1227 6
311 399 2
1215 848 7
535 1025 2
1317 829 27
1080 377 6
1223 1252 2
499 883 33
1445 512 2
1237 63 8
186 1396 8
663 92 8
847 1570 7
458 531 29
199 936 8
1184 804 2
1394 1211 27
1562 910 2
355 581 5
285 728 8
440 858 10
58 158 2
372 1381 7
269 429 2
43 791 7
601 823 7
311 724 30
176 94 2
483 428 1
634 226 3
942 1200 2
1540 533 3
269 424 8
1547 273 8
261 98 33
525 973 9
294 916 8
1397 346 7
1042 1568 2
388 1396 8
754 32 8
601 359 7
858 44 8
167 813 8
1216 1325 5
917 1399 6
601 255 7
167 808 14
903 1156 7
126 607 2
484 910 84
899 1062 7
533 604 30
1483 1480 2
716 958 3
1235 671 16
186 661 5
563 889 2
568 434 6
597 1345 2
576 937 7
726 1156 8
1138 63 48
324 1135 2
217 66 2
1253 1371 33
681 1567 2
855 961 31
699 22 8
591 453 34
108 21 8
563 1212 8
913 21 7
799 98 8
1232 183 48
220 104 2
306 1161 7
323 795 7
563 1108 8
170 1122 6
780 503 2
1232 871 48
778 325 2
1035 330 8
1023 958 3
285 1033 2
1128 958 3
739 1345 2
435 104 8
346 101 8
636 63 7
864 1062 8
325 369 3
1098 32 8
503 1337 2
1322 1207 8
311 1403 19
1337 663 8
1215 97 7
315 1392 30
600 1184 6
380 1375 27
1304 392 7
1058 1258 2
596 1131 7
1146 412 5
957 1342 7
217 1325 5
651 1024 40
713 1575 2
444 293 0
842 558 1
171 793 8
195 703 20
558 99 0
1053 1131 2
369 1029 2
1506 1352 2
1207 296 8
157 806 2
33 914 2
291 533 3
1299 657 2
1210 42 8
1085 670 13
1351 384 5
1259 1532 2
1551 856 4
270 26 2
582 325 2
1497 1342 7
1345 911 31
441 433 5
32 620 2
1008 1469 47
148 938 33
699 443 12
155 229 33
531 919 30
1362 651 53
381 1062 8
1257 21 7
28 917 8
599 36 33
462 743 5
1372 1156 7
72 1325 5
244 1299 29
4 623 6
876 433 5
646 293 0
34 829 38
577 229 2
677 667 27
934 1156 8
1541 1070 5
581 516 2
893 1607 2
1507 301 19
1258 1457 8
698 167 8
907 22 8
1137 104 8
632 670 1
824 1200 15
1210 181 7
1446 1404 2
228 793 8
1502 1014 0
1009 527 7
1261 1396 8
293 1231 7
424 59 8
1304 1088 7
834 850 6
555 350 2
1415 300 57
541 66 2
195 1305 8
54 1342 7
45 1424 2
981 1359 7
450 451 30
370 600 41
49 1000 2
1087 419 2
494 1447 2
462 1199 5
1103 65 8
1080 1029 2
270 722 2
285 277 8
591 631 15
1475 391 57
808 293 0
1156 77 5
45 1252 2
440 443 10
1475 1079 57
926 1062 1
1551 277 4
58 35 2
1375 101 26
269 743 3
155 657 2
155 261 2
1119 199 30
209 958 5
1109 109 66
699 1351 2
478 21 8
829 350 33
1493 269 2
64 781 30
19 1581 8
772 510 77
377 47 8
1552 1578 5
450 83 6
563 834 2
858 3 10
579 278 2
1158 114 8
542 327 1
1355 25 2
324 684 2
1461 1007 2
1458 819 7
558 446 2
1090 1325 5
323 52 7
259 477 70
744 1084 1
170 338 5
368 172 8
222 65 8
1456 223 2
116 32 8
1253 355 8
168 493 6
1299 272 31
818 311 35
273 493 6
1019 129 8
762 65 8
295 837 23
489 1399 6
867 65 8
1100 98 33
512 908 7
168 804 2
62 433 7
403 1305 8
374 732 7
285 514 2
600 837 6
503 111 6
374 1070 2
1084 1296 8
1541 1062 8
634 1217 8
155 1061 2
616 898 2
577 619 27
1547 158 8
499 787 8
1476 324 30
45 673 2
879 98 14
483 605 1
369 1078 2
604 1084 2
743 793 8
1085 323 13
261 671 33
1399 1097 7
1506 901 2
323 442 5
150 569 2
737 179 8
499 719 8
24 499 2
127 1474 2
1436 75 3
312 958 5
475 804 2
1055 190 7
192 450 30
1252 189 27
155 611 34
484 1087 84
348 1232 2
750 513 30
1355 1409 2
211 486 78
435 43 6
813 1419 8
565 172 2
598 793 8
1181 75 8
551 1310 7
546 1399 6
27 172 8
558 31 33
850 485 30
1029 70 2
897 462 7
369 1299 30
1487 21 8
431 732 7
673 210 2
424 1342 7
88 1227 7
1003 1575 2
563 1389 8
1232 756 48
1483 674 2
581 852 8
1451 531 2
661 891 8
515 1355 1
658 1437 8
199 607 2
540 1042 2
503 1203 6
406 1310 7
651 207 38
1449 150 2
636 1078 2
217 462 8
22 911 31
847 1214 2
86 1314 8
1283 1009 2
70 677 7
211 244 8
686 1577 5
652 958 3
563 1118 5
434 936 8
747 873 33
1446 554 23
1230 167 8
599 1100 2
1055 594 7
1385 787 22
55 140 8
917 377 6
911 513 26
656 983 14
199 536 30
499 309 33
592 1227 6
747 209 2
655 298 8
218 1070 5
1047 798 2
403 158 8
22 261 2
537 660 5
1141 667 27
323 1070 5
1394 1033 27
362 609 2
1522 1310 8
138 1446 1
1084 149 8
1129 1266 1
227 138 1
1272 533 3
601 191 2
945 75 8
718 297 2
263 98 33
64 726 30
673 568 7
581 1553 2
454 109 7
1037 377 8
359 1087 2
1399 387 8
434 684 1
661 1196 2
362 437 2
1224 1507 1
63 593 5
479 980 3
900 882 2
1310 1335 5
450 803 2
1247 732 7
1133 372 7
301 306 77
1247 1070 2
1564 1498 57
450 699 2
396 598 30
1000 1250 2
1474 650 2
988 1144 2
142 75 8
491 704 35
126 424 8
1114 1506 2
1025 891 8
651 1591 38
1474 942 2
442 565 2
769 581 2
420 665 2
1340 1156 7
307 531 2
295 821 2
295 425 2
958 627 6
534 537 12
854 1232 2
297 34 53
756 577 2
756 973 2
172 497 2
530 443 12
295 717 2
591 1376 15
898 32 8
603 1227 52
961 162 1
974 1084 2
1554 732 7
1554 1070 2
779 40 8
889 365 2
420 889 2
1380 325 20
170 1381 7
1329 533 3
923 1578 5
54 1584 28
437 1310 8
522 1097 7
860 958 3
503 831 2
1058 1252 2
192 65 8
270 1295 2
269 259 2
1460 983 30
74 66 2
504 661 2
671 782 30
86 167 8
270 189 27
291 1396 8
1438 63 8
1372 52 5
1054 1207 8
1050 1131 1
1037 1078 2
65 97 8
1253 1214 0
718 993 2
118 1344 37
503 763 2
377 297 2
1460 915 30
350 368 16
479 947 2
1424 206 54
812 1608 2
631 533 3
227 766 1
122 98 16
138 1200 2
1252 1298 7
1275 528 7
533 830 30
871 1314 5
28 119 8
125 350 2
340 377 7
501 377 8
1253 1578 7
1207 934 5
230 350 2
519 104 35
314 325 2
923 447 2
477 597 2
1457 1567 1
1252 1568 2
792 903 2
1364 958 2
339 421 2
1359 254 12
1026 269 2
372 97 8
98 1619 7
581 114 2
1502 23 33
1087 1244 36
796 479 2
185 145 27
917 958 3
507 109 0
1085 1578 5
796 433 7
1351 908 7
104 504 2
990 651 12
901 433 7
804 936 8
1001 397 2
99 179 8
1127 462 8
503 856 6
1106 397 2
285 1213 7
1215 391 7
330 937 8
1216 1207 8
318 1227 8
69 442 2
868 1283 2
995 671 33
1409 686 7
1312 793 8
65 460 7
246 311 35
236 755 5
1100 671 33
111 1325 5
979 325 2
557 350 50
199 83 8
66 628 2
993 1396 8
503 1459 2
287 350 2
616 1075 2
1138 1314 5
1547 1127 8
290 533 3
385 1396 8
847 1482 8
879 671 14
290 487 8
374 1575 2
195 1221 20
581 704 31
505 362 2
1363 658 0
577 231 2
522 387 8
543 167 30
895 1070 5
227 998 1
1173 98 33
1055 763 7
1448 126 30
71 718 0
1258 1418 7
590 909 2
22 138 2
983 948 15
1025 617 2
577 455 2
1399 728 8
1540 1070 5
1058 32 8
1154 32 8
569 1131 2
1271 622 34
982 293 66
285 743 5
1442 1208 2
1495 269 2
576 813 8
220 958 2
810 179 8
1258 80 8
217 1207 8
418 1567 1
337 272 2
58 1609 47
1137 330 8
572 1070 2
199 492 2
162 658 0
1271 1170 0
1001 1025 2
1006 1345 2
442 213 8
362 987 71
311 232 7
581 1135 30
510 338 5
1232 18 48
433 249 8
1210 303 7
911 377 8
396 31 16
1502 810 15
533 226 2
997 939 7
1215 1311 7
910 83 8
1128 59 8
434 1217 8
211 817 8
499 950 33
420 834 2
285 112 2
24 718 10
1210 527 7
55 322 2
1201 167 7
267 1156 7
875 21 8
493 865 6
1077 1405 2
3 590 5
206 1245 5
601 598 7
759 533 3
386 310 2
1461 362 30
1251 293 0
376 732 7
45 167 2
145 1450 2
784 910 77
1356 293 0
999 1275 77
151 533 3
147 556 2
22 1126 2
241 599 1
628 75 3
1084 53 34
724 1392 30
685 779 6
167 588 8
34 737 2
491 1389 8
475 798 2
499 213 8
450 273 6
246 1310 7
1000 1408 57
1252 1243 7
873 761 15
36 1144 44
1166 433 7
118 1062 7
126 778 2
619 65 8
1078 743 3
1029 233 27
142 325 2
208 1507 1
673 1479 2
1025 1199 7
119 1342 7
1497 462 8
595 937 8
450 1376 2
442 1305 8
792 114 7
32 90 8
1571 1314 7
491 1217 8
923 783 8
372 42 8
218 616 2
285 1337 20
570 377 8
840 1239 30
381 573 15
501 1070 5
1303 1207 5
799 269 8
581 54 8
1025 742 23
194 1488 2
205 377 7
1232 646 48
1232 250 48
528 534 2
36 64 30
1454 167 2
531 700 32
1305 938 6
347 958 3
641 150 2
1446 1439 33
995 324 33
635 1359 1
1314 537 12
1209 1325 7
83 1062 8
747 1577 8
483 1295 1
852 1424 2
420 1457 8
195 92 8
66 177 2
69 22 8
86 52 8
1284 1575 2
1446 444 23
158 479 2
859 350 2
45 503 2
14 1355 1
601 1518 7
999 443 5
369 804 2
862 487 8
145 475 2
486 910 2
21 979 2
1394 235 27
497 533 2
1141 178 1
122 671 16
1055 20 7
81 1506 0
170 794 71
29 1395 7
586 882 2
23 377 2
590 562 2
1129 1197 2
301 1575 77
530 718 10
1379 1451 2
1146 1181 7
988 199 30
454 1310 7
468 329 2
419 1475 37
673 504 2
591 883 33
125 1314 8
604 1239 30
99 487 7
666 971 74
350 716 8
812 1292 14
671 1330 2
464 581 2
112 1310 8
1338 1141 2
865 1070 5
1025 139 3
572 327 2
1163 269 8
203 477 2
208 63 7
770 324 7
1200 1315 7
1253 813 8
1008 63 8
1454 503 2
88 1349 7
1014 1419 8
172 223 26
199 437 2
654 1232 2
70 971 7
1446 1191 12
995 59 8
1215 568 7
1106 1262 2
997 884 7
625 1342 7
555 958 3
300 239 2
1329 1396 8
53 1511 58
145 838 1
352 316 10
434 766 8
73 591 2
329 138 35
658 226 3
1054 1375 27
499 1250 2
913 1483 30
938 1052 2
595 883 16
1507 17 57
1314 1126 33
1077 662 2
462 974 5
1424 908 7
1080 804 2
1475 562 57
601 147 7
1521 1310 8
306 54 8
1283 1355 2
1404 98 33
200 21 8
1538 75 3
631 1396 8
468 1025 2
673 384 5
1055 648 7
766 1070 5
747 53 34
577 1492 2
1173 671 33
1055 1336 7
579 517 2
702 795 7
681 293 0
601 371 7
1039 1078 2
928 522 7
126 723 2
479 122 33
1110 581 1
1446 1105 0
73 293 0
223 1345 2
325 824 6
36 75 8
442 859 2
534 445 0
447 1575 2
778 1424 2
29 685 8
1359 1112 23
450 925 2
258 1616 71
218 269 2
104 667 27
791 1360 2
579 741 2
1359 1124 33
453 671 2
25 533 3
491 138 35
1085 384 5
472 63 8
397 845 5
125 167 8
563 932 8
179 1243 7
1242 804 2
1357 347 33
423 479 2
569 28 8
1144 90 8
1210 876 7
1534 1619 2
1533 1253 1
221 104 2
1317 1177 27
1304 1491 7
1333 65 8
1291 978 5
1438 65 8
399 1405 2
833 1342 7
86 65 8
1337 487 8
1179 98 7
1476 167 30
1373 222 0
285 1081 2
1131 810 15
65 292 2
167 942 2
167 546 2
355 533 5
102 1456 30
290 1396 8
195 37 8
66 122 2
155 452 12
1007 546 35
1304 112 7
601 1171 7
145 128 2
1271 670 2
1081 63 7
1275 1114 7
642 1456 30
718 888 23
533 1416 30
915 1084 1
1562 1132 0
1460 156 15
1129 809 1
1413 21 8
591 1251 2
292 533 3
462 1389 7
450 846 6
380 66 2
1275 650 7
349 1355 2
43 139 3
392 167 8
170 379 71
340 499 7
217 1375 27
1229 735 6
577 53 2
322 1375 27
1468 462 7
804 834 8
671 983 2
998 958 1
1357 1439 33
1506 622 34
453 1299 2
671 937 7
995 1342 7
1362 595 53
820 948 15
849 362 30
1138 172 8
1436 513 26
1253 367 2
804 766 8
1140 36 33
451 126 2
1337 792 2
264 179 15
333 167 8
350 197 8
658 1212 8
1059 1310 5
1239 37 7
1565 958 2
350 139 3
107 471 8
823 59 8
1499 1000 10
333 63 8
797 65 8
1239 766 8
377 908 6
657 1314 8
341 129 8
1304 808 7
69 663 8
736 433 7
1093 136 6
762 1156 8
826 441 0
190 350 2
75 813 8
1176 124 1
867 1156 8
922 1392 30
1210 125 7
1394 980 27
1092 167 2
858 796 8
926 850 1
462 1315 5
377 888 23
958 1169 2
619 651 2
350 1186 16
195 957 8
1355 1214 0
1299 713 2
91 450 5
707 1309 2
735 269 8
663 1480 62
1407 697 2
601 70 2
1055 593 7
1488 543 1
377 1112 23
362 676 2
573 668 1
581 1036 2
1193 362 30
399 576 14
108 732 7
876 293 66
891 324 1
495 167 8
1466 386 1
673 1077 2
1480 858 12
687 1315 7
1009 1566 37
114 958 2
350 898 2
360 75 3
792 1315 7
840 434 14
219 958 2
325 1148 2
783 1239 2
217 1042 2
1040 533 3
193 377 57
914 26 2
576 940 2
1146 83 7
337 148 27
450 95 6
438 426 7
1505 22 8
217 938 2
1317 898 27
1567 376 12
805 377 8
1547 1388 7
89 690 2
449 126 2
1019 21 8
195 1388 7
145 412 5
308 1446 2
1078 1335 5
420 836 2
1429 1384 7
981 1483 7
311 359 1
804 83 8
547 736 2
442 1127 8
292 513 26
420 1128 2
1210 1217 7
1087 543 2
1443 1291 33
1160 533 5
747 388 2
298 634 2
82 1227 8
420 664 2
655 769 8
1232 72 48
981 104 7
503 314 2
1076 1405 2
39 779 6
1084 637 12
158 1342 7
503 606 2
1075 661 2
534 309 33
147 850 2
367 1062 7
513 796 2
634 937 8
145 638 27
1023 1325 5
1405 423 2
395 792 2
1128 1325 5
258 1314 7
573 1364 1
601 720 7
403 957 8
1357 1105 0
369 798 2
985 66 19
1404 671 33
686 980 1
150 393 2
155 713 2
568 503 6
806 697 1
1454 1507 1
370 1078 2
1402 1396 8
102 1507 1
673 667 27
1493 325 2
1141 68 1
1029 1565 2
34 1255 2
1187 1062 8
510 116 8
576 1298 7
699 533 3
454 850 2
457 992 2
360 662 2
483 1377 8
1259 733 2
337 88 27
420 1153 6
1201 491 5
301 709 77
569 377 8
337 380 27
1322 533 5
1330 686 1
1367 479 2
416 1042 2
533 1148 2
3 868 8
1314 445 0
108 22 8
338 63 7
1483 102 2
1567 77 2
910 568 7
415 1144 2
1346 701 2
1237 1156 8
200 675 2
546 1488 7
403 1388 7
420 1418 7
1442 683 2
1296 75 5
978 1131 2
221 677 2
285 1384 7
66 471 2
1262 70 35
702 1070 5
183 577 2
868 1454 2
661 147 8
661 881 3
651 219 38
281 126 27
750 1000 2
641 663 8
1547 929 7
850 284 2
1390 1262 1
1355 611 34
420 80 8
761 119 8
1304 393 7
731 1062 7
737 600 2
155 1409 2
1081 1042 2
1304 685 7
52 114 8
1174 882 2
604 1140 2
847 820 7
157 411 2
297 1156 8
145 701 2
1013 1245 5
603 792 2
655 18 8
1348 1373 0
1085 275 13
1537 59 8
1053 1424 2
938 140 7
595 309 16
396 92 8
150 917 2
838 793 8
52 384 3
1084 265 8
569 1078 2
1259 1429 2
450 1127 6
591 1428 2
668 1062 5
1488 1321 2
1166 973 39
195 928 20
23 499 2
170 344 30
883 362 31
581 981 2
455 136 6
1042 26 2
1163 167 8
383 420 20
673 626 2
1474 438 2
1253 1404 2
1442 650 1
523 658 0
324 453 2
1037 75 3
350 838 8
155 249 8
576 588 8
917 1419 8
1483 730 2
1483 334 2
344 270 3
265 324 30
98 711 7
1360 406 2
1202 88 5
636 1156 7
305 812 1
1207 728 7
1442 915 2
534 745 2
976 1446 2
1132 1581 8
328 433 7
958 14 5
1393 1325 5
66 1495 2
930 577 40
1341 1156 7
1215 1086 7
805 1070 5
659 462 8
1533 747 1
1304 1381 7
1131 251 55
1547 1161 7
1561 576 2
269 945 21
66 681 27
1225 487 59
432 22 8
826 1014 0
1207 1389 8
958 904 58
1394 1553 27
126 911 31
503 259 2
739 199 2
1390 579 1
285 575 2
756 958 3
1460 307 30
273 819 7
890 697 14
492 671 2
1177 150 27
269 766 8
261 1447 2
503 191 2
157 1389 7
91 1419 5
544 1132 0
973 301 19
1177 442 27
790 658 0
167 368 2
1062 1389 8
499 92 8
1024 461 1
393 59 8
1078 936 8
155 274 12
64 782 30
591 745 2
1029 1510 2
347 362 31
662 1472 5
648 779 6
218 563 2
1460 584 41
346 1161 7
576 1243 7
1493 958 2
753 779 6
361 955 2
1253 1298 7
270 1340 30
862 1070 5
150 166 2
29 119 8
337 33 27
1035 52 8
1351 742 2
790 1314 7
210 325 2
98 1047 7
501 75 3
792 623 2
671 873 2
450 1443 2
125 2 2
362 1282 30
1230 1342 7
1346 750 2
295 853 12
502 64 30
628 513 26
1447 236 12
995 167 33
1000 883 33
898 1141 2
752 533 5
1317 568 7
1460 1006 2
314 269 2
380 269 20
1456 912 2
403 937 7
992 1418 7
897 59 7
285 979 2
447 21 8
141 858 9
302 1359 7
279 673 27
346 47 8
1417 1375 27
1128 462 8
395 1141 2
27 167 30
534 950 33
297 882 2
661 92 8
98 947 44
500 1141 2
555 59 8
1317 833 8
1025 1014 0
1537 1342 7
850 229 2
403 1161 7
992 80 8
729 479 2
1317 1125 8
118 75 5
284 324 2
1179 1304 7
1394 78 27
41 656 7
350 784 16
1246 663 57
492 1299 2
1538 533 3
269 1295 2
558 441 0
466 93 5
179 355 8
1029 272 20
471 850 6
790 1344 5
600 1045 2
560 1419 5
938 423 2
923 1259 2
104 1152 26
565 533 2
677 681 27
372 1305 8
343 732 7
914 189 27
546 1446 1
921 325 2
1375 848 7
609 21 8
913 663 7
170 501 71
578 1310 8
1483 347 2
923 1191 2
359 59 8
852 1456 30
45 1291 30
109 1298 7
1436 1070 5
1080 1314 5
63 654 5
581 899 3
418 599 1
1009 879 2
997 435 7
519 1000 1
1483 279 2
1357 209 2
624 1000 1
1474 315 2
1225 155 48
57 373 6
641 1309 2
882 911 2
330 1389 8
632 908 1
311 348 7
894 126 2
1210 419 7
737 1345 2
1297 1253 1
98 588 7
1201 59 7
318 1140 80
295 486 2
1337 595 33
902 75 3
1231 462 8
62 1062 7
837 938 6
1207 605 7
503 1515 2
391 126 2
273 1375 27
927 265 15
861 377 2
39 377 6
1545 433 7
158 882 2
393 1342 7
446 311 35
14 155 1
937 433 7
601 318 7
1062 255 2
294 119 8
1461 1200 15
391 350 2
495 65 8
127 104 2
329 866 36
486 2 2
594 1396 8
499 37 8
268 21 8
450 97 6
365 648 2
601 250 7
170 1021 30
126 206 2
361 608 2
1029 1455 2
285 833 20
228 373 6
126 498 2
1036 350 2
1481 63 7
1391 1460 8
483 183 8
568 325 6
1253 1243 7
1082 167 30
556 994 2
442 1030 2
70 1447 1
119 1062 7
1304 668 5
558 952 33
311 653 1
1539 1070 5
1252 936 8
676 450 2
255 52 8
852 34 41
98 1330 2
653 1355 2
592 1456 50
1235 98 16
208 1200 2
292 1070 5
421 1252 2
651 1592 38
575 21 8
920 999 19
269 519 25
1136 533 3
420 183 6
84 1239 2
257 658 0
168 43 6
437 1379 8
872 300 2
273 43 6
295 1114 2
409 1078 2
1176 179 15
1204 433 7
657 65 8
404 1446 2
1124 21 8
116 477 55
747 568 7
1100 1447 2
922 573 15
869 882 2
917 1325 5
43 1378 7
661 37 8
1084 1247 2
1314 1329 2
847 90 7
503 57 6
852 1144 2
747 191 33
1087 1384 8
285 1148 2
493 1213 6
504 662 2
273 1042 2
55 1457 8
1077 150 2
199 1457 30
439 284 30
713 732 7
1527 958 3
713 1070 2
162 329 2
226 961 31
850 106 2
361 1304 2
159 479 2
729 59 8
271 661 2
1078 1217 8
359 1342 7
1079 1252 30
505 22 8
167 936 8
599 246 2
341 1460 2
688 1252 2
590 282 2
819 1583 8
25 1062 8
1442 1151 21
126 1126 2
145 127 2
701 792 2
28 808 8
157 228 8
1039 269 8
211 828 78
155 453 34
709 1307 13
923 839 8
1232 770 48
804 568 7
1471 608 59
792 1196 2
1144 957 8
350 40 8
109 1243 7
1447 901 2
362 1459 30
1031 882 2
900 533 3
1444 1447 2
1459 1299 2
98 309 7
205 433 7
1128 1207 8
1230 1584 28
512 384 5
1001 2 2
323 1314 7
881 1346 7
423 882 2
443 484 74
745 1245 37
804 833 8
1568 479 2
960 1253 1
1215 684 7
906 172 8
1080 300 2
1122 75 8
1333 1156 8
59 824 6
1438 1156 8
417 65 2
1314 1561 2
99 1575 4
745 1310 7
65 357 7
65 753 7
503 1081 6
686 1523 5
277 1314 2
162 1025 2
1497 75 5
252 958 27
631 59 7
287 747 2
701 513 26
616 1076 2
1394 1047 27
329 546 35
673 1152 26
1570 65 8
1475 282 57
1547 1420 8
655 244 8
558 1014 0
303 28 8
81 1200 15
263 443 12
914 101 26
603 914 2
784 718 5
927 1197 1
222 1070 7
270 545 2
577 524 2
663 572 5
300 284 30
1440 737 20
1488 714 1
1172 65 8
531 750 30
367 433 7
593 958 3
1229 846 6
472 433 7
263 1447 2
1042 648 2
1026 1258 2
925 992 2
1258 1315 7
698 462 8
1229 1138 6
699 858 12
205 1129 7
1171 63 8
981 556 5
677 689 2
126 834 8
259 533 3
1349 424 2
98 983 2
220 563 2
106 599 2
29 743 3
459 1396 8
1025 149 8
98 937 7
111 1310 8
238 21 8
662 1004 27
882 796 2
174 1494 1
368 63 8
233 75 3
761 1437 8
75 1243 7
1336 1062 7
369 98 30
1087 714 2
829 658 0
1215 916 7
1223 1424 2
1120 129 8
360 513 26
391 595 53
55 1079 2
65 1381 7
833 1062 7
515 591 2
913 1334 5
629 59 7
729 1342 7
1552 833 8
512 741 2
406 109 7
721 958 27
1460 917 20
1084 1583 8
503 381 2
281 311 2
872 172 8
287 1271 2
1551 468 4
860 462 8
295 264 23
863 167 7
616 393 2
347 1325 5
163 167 8
601 495 7
601 891 7
836 1078 2
1287 590 2
651 464 40
450 1194 30
324 1124 30
373 1017 7
533 844 30
1240 1178 5
150 168 2
127 677 2
1502 460 2
707 63 7
353 386 1
1078 766 8
145 140 2
150 460 2
726 1396 8
273 1310 8
1129 133 1
1032 1394 27
341 1405 2
327 684 1
1252 1577 8
1567 1190 1
479 470 33
337 259 27
1003 858 12
453 973 58
337 551 27
1025 31 33
671 1099 2
27 63 8
1229 95 6
545 1029 2
1253 1439 33
124 685 8
286 1062 1
667 167 7
1355 452 12
515 558 1
658 978 3
1022 462 8
872 581 2
311 1549 7
1144 42 8
658 932 8
1132 728 8
396 952 16
1178 445 0
528 443 12
1262 241 35
650 1253 2
886 80 8
1297 747 1
289 677 2
255 1375 27
466 824 6
1330 1474 29
85 65 8
737 433 7
747 368 33
1436 32 8
401 656 2
393 882 2
292 616 2
1304 460 7
616 625 2
502 661 2
601 1123 7
573 560 1
599 1283 2
599 264 23
499 200 33
555 1325 5
154 1227 8
736 22 8
1085 446 13
150 796 2
372 766 7
915 1140 1
22 152 2
4 863 6
890 573 15
1169 269 2
707 1029 2
265 269 8
1084 40 8
336 938 6
1177 330 8
1379 1452 2
573 388 1
479 502 2
877 1245 5
673 68 1
195 1391 20
1009 994 37
1479 1424 2
675 1371 2
960 1392 30
1140 160 33
1481 595 33
1455 1567 1
1474 609 2
772 346 77
836 32 30
577 693 2
221 1252 2
256 75 3
686 728 8
417 1375 27
836 324 30
1483 505 2
1547 338 5
361 75 3
936 533 3
1117 63 7
581 980 2
897 1314 8
673 729 2
1000 745 2
632 446 1
1003 491 2
1136 1396 8
810 21 8
563 206 2
1020 462 8
97 179 8
910 97 8
1474 437 2
325 1196 2
317 1125 8
792 139 3
915 21 8
1125 462 8
199 1126 2
199 730 2
1239 723 2
1227 716 8
416 66 2
1325 1384 7
1230 462 8
1357 53 34
1304 1260 7
639 362 2
1210 937 7
823 513 30
861 1359 2
388 1475 37
865 462 7
420 488 2
427 269 8
850 1479 2
590 511 5
303 377 8
381 1607 2
1037 513 26
1552 90 8
392 1342 7
259 658 0
450 915 30
450 519 30
84 269 2
1161 533 5
270 894 2
411 420 2
957 372 59
261 534 2
382 634 7
818 1245 37
43 116 7
601 148 7
278 1252 2
719 958 3
1131 115 15
1537 462 8
917 792 6
1240 1227 5
1253 1105 0
772 1146 77
503 258 2
686 1137 2
760 1475 5
663 1541 5
577 1493 2
34 1593 38
1405 471 2
265 793 8
479 833 8
1384 63 7
1344 1004 57
1455 1507 1
876 1129 5
202 1469 47
1538 1070 5
19 46 8
102 1200 2
365 743 3
1485 599 2
325 1554 7
695 167 8
579 742 2
1009 1395 7
193 329 57
1201 211 5
558 118 2
57 1227 6
303 1078 2
82 1252 2
311 806 7
1468 59 7
1210 877 7
508 338 5
1351 741 2
1084 1541 2
889 556 2
425 1062 7
1000 950 33
369 671 30
763 882 2
655 1581 8
1079 779 7
536 150 2
1553 1309 2
1444 1269 2
246 958 5
1304 181 7
86 462 8
59 1197 2
658 855 3
1498 417 5
1090 434 2
1397 372 1
1555 365 2
503 1058 2
1314 775 12
177 1227 8
1078 1120 2
403 936 7
634 1389 8
374 858 12
1076 150 2
1264 533 5
285 978 2
1177 1309 27
1075 1405 2
623 59 8
1119 671 30
373 1298 7
227 957 1
98 432 15
704 499 1
1275 719 7
847 144 7
1224 513 30
651 1037 40
1127 1325 5
363 59 7
699 512 2
923 742 2
858 393 8
577 122 2
1302 65 8
124 310 1
259 677 2
150 1033 2
337 900 27
602 433 7
543 350 30
1055 258 7
1497 1396 8
1039 104 2
195 648 20
1146 1127 7
925 590 2
218 1258 2
1180 21 8
32 1420 8
673 54 2
306 412 5
1166 75 3
1176 377 8
71 179 15
259 1396 8
790 510 7
792 1026 2
408 958 5
552 992 2
804 1127 8
592 311 50
917 651 69
1252 83 8
657 992 2
1029 138 2
293 728 7
438 533 2
1371 531 29
671 1230 7
1128 938 2
1051 1245 5
641 792 2
1567 425 2
300 854 27
1131 1080 2
223 199 2
1025 39 8
1474 486 2
718 1214 0
910 1307 13
614 1156 5
1360 855 3
417 1252 27
437 531 2
377 1305 6
535 295 2
407 1307 13
1080 43 6
29 1335 5
1287 1567 2
769 52 8
555 462 8
535 601 85
1404 443 12
315 32 8
671 1608 46
462 1316 5
1465 1557 5
411 365 2
170 1550 8
1055 1058 7
1396 1097 7
1291 940 2
601 489 7
599 837 23
269 90 8
918 1446 2
1326 1325 5
1500 1483 2
35 661 2
388 1062 8
21 739 27
601 25 7
365 423 2
241 531 2
595 763 38
599 226 3
167 83 8
528 718 10
1478 534 2
650 1132 0
693 269 2
361 779 2
1479 1309 2
1029 834 2
104 681 27
819 730 8
205 1355 7
1360 93 1
681 1009 2
269 70 25
563 159 2
661 489 6
534 340 62
689 958 3
761 903 1
375 1456 30
879 1469 47
333 1156 8
1291 794 44
1317 1295 27
863 1070 5
576 936 8
1316 346 5
195 1389 7
1474 1114 2
20 167 8
847 1208 0
997 1526 7
551 673 2
80 285 7
323 461 7
70 1446 1
360 1070 5
369 324 30
980 1078 2
1132 326 8
1424 384 5
1084 1090 2
307 599 2
83 270 2
1227 1581 8
623 1342 7
362 830 30
1424 1550 7
343 21 8
55 909 2
724 1253 1
671 1307 14
1554 858 12
88 882 2
606 718 1
650 747 2
922 22 30
1264 1475 37
938 1377 52
483 394 1
285 235 2
347 513 30
503 228 6
761 226 3
503 607 2
1179 732 7
167 492 2
377 933 2
285 626 8
279 325 27
726 1299 2
591 99 0
913 350 30
858 114 8
503 1295 2
285 918 8
601 1117 7
1550 21 8
601 1455 2
1146 848 7
747 1296 8
607 155 2
784 1429 77
1151 1506 2
888 1200 15
97 850 6
145 366 2
192 531 30
495 1156 8
907 1140 2
834 34 69
1337 1084 21
596 1062 8
302 443 10
125 126 2
599 808 8
555 792 6
112 1375 27
157 3 8
463 350 2
152 1392 30
1375 568 7
690 29 2
335 1309 2
267 269 8
914 259 2
505 21 8
170 45 30
790 59 7
792 1367 2
156 483 15
897 958 3
844 1456 30
820 462 8
442 619 27
68 761 63
347 1207 8
997 551 7
790 32 8
1355 347 33
228 167 8
1014 1310 8
233 487 8
1232 769 48
277 686 67
641 1029 2
867 779 2
437 179 8
1317 148 27
978 1424 2
55 1199 7
1098 1087 2
1215 459 7
868 1455 2
971 35 2
317 259 8
55 1491 7
647 21 8
1198 595 53
136 265 52
1457 270 3
77 576 2
981 1025 7
391 34 53
1191 973 74
1085 740 13
377 1561 2
777 63 8
704 1140 1
595 1199 7
1084 42 8
761 808 8
1416 675 2
659 59 8
1084 730 8
1527 1419 8
594 793 2
55 158 2
1087 80 8
32 603 6
145 265 1
279 1392 50
177 129 8
1039 1141 2
833 433 7
9 1351 1
1540 98 8
1052 1131 2
602 656 2
1015 179 15
122 350 2
273 66 2
362 622 2
1188 531 50
350 516 2
487 47 8
237 499 1
1239 911 31
591 118 2
1039 677 2
126 322 2
1158 244 8
756 1325 5
1042 423 2
1146 97 7
1277 487 7
1037 98 8
1377 167 7
661 917 2
658 1125 7
658 1422 1
563 500 2
311 81 1
365 341 3
21 114 8
1164 1578 3
228 426 7
1355 1439 33
388 311 35
447 732 7
1121 325 2
1330 4 1
1215 863 7
1214 124 1
329 728 7
1225 211 48
555 420 2
203 600 2
1215 1155 7
1567 602 2
939 63 8
555 1207 8
961 1554 1
971 690 1
1003 1009 2
976 1447 2
85 992 2
526 972 2
432 487 8
761 1212 8
1444 179 2
197 377 8
81 556 2
301 1164 7
84 563 2
365 1335 5
1009 1550 8
1446 983 33
43 603 52
409 798 2
172 213 8
590 341 5
1458 1252 30
1305 59 7
1326 462 8
1025 3 10
919 513 30
34 1595 38
926 1424 1
1394 1450 27
629 167 8
712 1379 7
167 437 2
577 1391 2
279 270 27
155 727 2
877 663 8
1460 704 30
499 62 2
605 1156 7
616 168 2
233 513 26
64 851 30
1240 661 5
718 1110 2
593 1342 7
1042 1515 2
673 1381 7
847 471 8
1162 958 3
349 1314 2
1277 65 22
116 1399 6
30 914 2
442 338 5
357 534 2
1376 124 1
917 1375 27
494 65 8
150 235 2
912 1405 2
373 770 2
337 498 27
350 381 16
157 1008 39
31 600 44
702 1314 7
720 732 60
701 616 2
1090 311 35
218 1252 2
613 1131 20
1025 637 12
126 1242 2
669 923 32
591 31 33
195 142 20
125 462 8
1404 718 10
880 396 41
206 1042 2
598 63 8
744 1446 1
104 689 2
311 1001 1
29 808 8
337 722 27
718 998 29
545 804 2
1444 1271 2
657 590 2
912 21 8
1140 246 2
1181 1245 5
346 116 8
796 533 3
59 320 6
311 974 2
167 71 0
311 1324 7
1210 1395 7
109 936 8
1215 112 7
59 252 6
269 297 6
1424 667 27
581 160 30
1437 2 2
1483 320 19
1219 21 8
847 834 7
1081 300 2
600 735 6
77 958 3
686 1243 5
506 179 8
841 662 2
1546 172 8
595 31 16
732 622 2
1394 475 27
466 891 6
377 1110 2
1436 104 2
1405 1393 2
980 663 8
616 796 2
499 702 12
958 326 7
1547 848 8
168 675 33
917 43 6
1053 1078 2
266 397 2
1275 945 7
195 848 8
392 462 8
1461 573 15
28 932 8
98 624 30
852 1419 8
259 1299 2
145 543 2
707 804 2
707 1200 2
930 1584 28
476 531 2
508 116 8
337 1418 27
780 1132 0
384 958 3
1313 98 14
582 1252 2
377 998 29
684 1506 2
1177 793 8
287 396 30
563 1418 7
1328 1325 5
468 397 2
1240 581 1
1506 453 34
170 1190 71
277 1132 0
483 244 8
350 393 2
1354 1355 2
787 886 7
1317 1166 1
634 1213 6
442 357 7
795 881 3
1252 210 2
324 399 2
1317 497 27
1483 676 2
886 259 8
1258 139 3
1381 21 8
1025 265 8
651 569 38
997 728 7
1447 1541 2
441 104 8
555 365 2
1554 512 2
442 231 2
1183 1325 5
515 1253 1
430 125 2
999 167 8
547 627 2
219 677 2
641 595 33
1090 1310 7
1262 881 5
1424 986 53
84 508 2
300 411 2
218 32 8
462 1214 5
1080 269 6
1144 901 35
849 1424 2
66 1337 2
227 720 15
1301 32 7
724 747 1
43 355 7
1156 384 5
1085 1313 13
434 1230 8
634 140 8
176 346 2
164 433 7
1270 1415 1
503 497 2
384 1379 7
1058 126 2
383 285 2
199 830 30
390 462 8
902 1070 5
756 462 8
590 1384 7
718 367 2
291 1062 8
38 732 48
1406 581 3
237 1140 1
836 798 2
128 1141 2
999 1392 77
362 903 2
503 33 2
933 686 7
836 793 8
150 284 2
268 22 8
139 503 2
577 872 2
1259 4 2
595 593 38
1078 90 8
1252 568 7
581 1555 2
285 1230 20
479 1296 8
64 624 30
581 1550 8
592 958 3
390 396 30
1527 1325 5
1266 167 8
1469 646 7
923 113 2
910 527 7
1357 191 33
1082 64 30
792 569 2
761 1421 1
304 443 10
337 271 27
901 167 7
570 98 8
1317 1417 27
1507 772 19
464 65 8
88 442 7
974 1446 2
712 958 5
552 462 8
233 377 8
981 295 7
328 75 3
657 462 8
1298 1310 7
779 42 8
295 1407 2
533 471 2
1114 129 2
1508 382 5
1536 1062 7
1084 893 33
334 179 8
1177 792 27
503 833 2
89 1237 36
600 284 6
63 881 3
727 1355 2
754 958 3
828 1360 2
129 473 1
871 172 8
385 1062 8
154 556 2
81 573 15
271 662 2
269 1236 8
971 301 19
1110 1070 5
150 516 2
139 1131 2
255 66 2
157 297 8
1358 1375 27
1494 696 7
1132 196 1
938 369 2
668 661 5
831 1299 2
626 65 8
1259 1320 2
23 98 2
1262 728 7
565 479 2
1055 429 7
1544 88 5
117 591 1
1350 599 1
1258 1125 8
1045 677 38
670 433 7
298 850 6
1140 1283 2
1140 264 23
244 1483 29
80 1207 7
442 1555 2
1164 384 3
1329 1475 37
1382 377 7
1009 91 7
576 83 8
479 149 8
698 59 8
651 514 38
1474 261 2
300 86 7
1232 995 48
410 1239 2
543 600 2
386 607 5
531 890 2
211 259 8
194 526 2
1443 1446 2
1215 685 7
997 605 7
1227 728 8
1253 53 34
285 739 27
55 114 7
850 803 2
154 1252 2
514 1084 2
531 1114 2
1295 651 53
311 13 64
638 179 8
1085 862 13
1436 677 2
216 513 30
502 1405 2
175 1307 13
1055 833 7
1398 577 2
573 908 1
1055 1125 7
662 743 5
738 75 3
497 882 2
266 1262 2
775 755 5
938 1393 2
1461 477 41
374 558 2
350 1138 2
860 59 8
1164 1097 7
19 1437 8
1130 938 1
325 613 6
601 138 2
1000 99 0
1135 1299 2
1245 582 57
1313 671 14
1442 73 21
126 881 3
899 107 7
915 150 2
1258 46 8
446 1070 2
218 350 2
357 59 8
661 1097 7
1355 873 33
899 795 7
1004 795 7
819 437 8
792 514 2
369 167 30
347 21 7
1215 1381 7
547 872 2
676 1084 2
1355 209 2
98 1230 7
1025 838 8
416 1375 27
1291 50 14
1392 1214 0
997 1301 7
652 493 6
300 1052 2
1128 129 8
1082 325 20
1031 533 3
442 507 8
1488 267 55
534 1264 2
1283 1507 1
450 998 29
1170 1531 1
433 881 3
1454 270 3
534 1160 2
133 1062 5
1304 1212 7
1132 393 8
900 75 3
528 533 3
55 1080 2
192 377 2
820 1424 1
635 1025 1
89 453 35
512 742 2
1188 75 7
1156 957 5
1183 601 7
730 718 2
503 778 2
1337 104 8
270 1242 2
98 1608 46
961 688 7
905 1131 20
1359 1554 0
479 875 6
241 1357 1
237 1025 1
847 743 3
834 324 7
1025 441 0
829 938 33
601 1184 7
140 1424 2
21 1041 2
1171 1156 8
1299 494 2
1383 172 8
1251 1357 2
1125 75 5
252 104 27
661 1315 5
938 314 2
248 973 74
930 798 38
1250 1009 2
1373 891 7
1158 702 8
479 1577 8
365 1217 8
914 498 2
337 620 27
1480 1291 33
591 1264 2
1252 1479 2
1303 65 8
154 32 8
698 1342 7
155 742 23
689 1424 2
558 254 12
595 881 3
1025 1097 7
689 1419 8
45 98 30
460 671 2
1232 716 48
789 1000 2
594 533 3
1164 387 8
1084 1187 0
1223 1375 27
800 65 8
116 958 3
780 599 1
233 330 8
914 722 2
1424 855 5
95 847 2
290 1070 5
1232 774 2
1000 118 2
1287 293 0
702 397 75
576 424 8
1069 1029 30
577 68 24
673 97 8
172 995 1
1253 83 8
1506 1376 15
641 804 2
1454 65 2
1009 743 3
997 258 7
151 1475 37
921 145 30
430 1398 39
1435 1315 7
747 1480 2
526 1398 39
69 285 2
1329 1062 8
652 75 7
961 925 1
297 1396 8
1292 1607 2
736 487 8
581 678 30
494 992 2
138 718 1
1230 59 8
145 796 1
858 855 3
434 823 14
620 958 2
502 662 2
1416 450 2
1488 436 1
1075 150 2
1339 1207 5
285 114 8
1405 1515 2
599 1284 2
1475 228 57
1303 32 7
1055 778 7
1085 447 13
1541 167 8
910 338 5
1085 739 13
357 1342 7
1391 1424 2
1540 269 8
21 1565 2
666 660 5
294 1118 5
999 886 77
1379 1453 2
23 671 2
1025 1124 33
1354 1253 2
577 762 2
1271 596 33
1271 200 33
1327 1325 5
1375 667 27
1467 590 1
1232 741 1
702 461 7
1252 504 2
914 1418 2
947 961 35
479 836 3
487 114 8
220 577 2
170 1204 30
1401 533 3
288 293 0
1037 269 8
897 1342 7
126 92 8
1140 837 23
899 52 7
325 99 0
460 1299 2
145 1384 8
1138 1156 48
686 1125 8
923 102 8
902 32 8
1424 1152 26
1223 1042 2
810 22 8
74 1405 2
66 233 27
576 1047 14
1025 387 8
915 22 8
300 1393 2
1460 154 2
61 910 1
65 1395 7
1317 551 27
503 1327 6
889 325 2
420 849 2
1380 285 20
1087 264 2
109 83 8
311 809 2
980 798 2
546 1310 8
1215 862 7
1308 1210 6
1317 843 27
1541 576 2
1396 743 5
69 1309 2
1321 21 8
278 1029 2
381 1567 1
747 401 2
395 581 2
850 1376 2
1207 1457 8
500 581 2
329 724 35
503 723 2
958 1122 2
1460 1201 15
419 32 8
858 1437 8
731 155 7
1281 269 6
1172 1062 7
372 1395 7
1271 1292 33
321 65 8
601 441 7
261 443 12
770 658 0
1506 446 2
1274 1511 74
171 179 8
893 948 15
1146 568 7
1062 728 7
381 958 3
22 1073 2
498 330 8
779 1305 6
205 858 77
784 1149 77
33 300 2
1556 311 35
718 554 23
425 533 5
337 273 27
841 28 8
365 766 8
1024 1258 2
337 565 27
450 908 6
696 462 8
450 1287 2
235 661 2
183 1325 5
563 903 2
489 59 8
1300 1507 5
792 399 2
752 377 5
434 1491 7
337 497 27
231 1309 2
1456 1152 2
774 21 2
627 533 5
311 1517 12
438 1405 2
172 689 2
711 958 5
1294 1132 0
205 324 7
254 1489 5
673 42 8
140 1129 5
707 1314 5
1253 424 8
1232 489 48
362 251 71
1446 790 2
211 149 8
285 1047 2
1232 255 2
45 1375 27
1304 578 7
71 512 2
55 1315 7
1227 326 8
46 779 6
859 365 2
628 1141 2
616 1035 2
502 675 2
172 908 8
847 213 7
483 1138 1
1029 116 20
607 675 2
391 1227 7
1409 812 2
1177 914 27
1230 675 55
534 62 2
420 139 3
543 21 8
603 581 2
377 506 6
63 728 7
36 450 2
1084 158 8
61 533 3
628 677 2
1304 406 7
491 1199 7
451 513 30
1162 1342 7
377 554 23
252 1141 27
270 504 2
167 1523 8
1303 373 7
263 718 2
317 1415 5
830 1299 2
125 938 2
821 52 1
1259 858 2
20 1342 7
252 677 27
568 1144 6
543 1131 20
536 1456 30
1055 259 7
1152 531 2
337 1152 26
446 1245 37
1479 1078 2
453 1511 58
1180 22 8
128 616 2
1252 53 2
710 63 8
1025 113 2
1083 421 9
167 1457 30
804 1133 2
126 37 8
910 1381 7
527 531 5
1025 108 8
661 1033 2
1474 555 2
45 671 30
311 1404 1
804 1128 8
823 129 8
99 330 7
726 533 3
325 39 6
325 476 7
1349 315 2
362 375 30
1131 1081 2
1025 40 8
1031 1396 8
1304 837 6
1332 590 1
102 450 2
677 116 2
1447 309 33
1166 1070 5
333 65 8
1437 531 7
635 295 1
420 502 2
563 147 8
199 676 2
383 34 41
328 533 3
546 526 7
1554 579 2
761 891 7
330 1457 8
328 487 8
749 1181 7
433 37 8
1215 411 7
409 914 2
292 1258 2
992 1578 3
1214 63 7
1106 98 33
197 75 3
1407 1344 37
1538 1314 7
558 925 10
1329 32 8
279 1200 2
450 861 30
479 1417 27
1183 199 7
1394 878 27
1214 1567 4
646 21 8
1084 390 8
872 167 8
1278 910 1
157 1516 2
1468 658 66
391 882 2
872 63 8
491 562 2
285 291 8
737 75 3
820 850 1
32 1388 7
977 63 8
1151 109 0
108 324 5
992 440 35
754 59 8
355 1310 7
1045 1599 38
1200 44 8
700 733 32
272 595 33
26 662 2
1391 1309 2
345 211 1
362 678 2
804 1491 7
1259 175 2
602 1062 7
527 1227 5
938 1515 2
1130 372 1
95 658 0
1402 1062 8
337 218 27
390 65 8
1163 958 3
819 1127 8
693 958 2
483 355 8
1275 261 7
1259 107 2
1129 357 2
1258 272 8
648 792 6
1229 54 6
1258 569 2
847 1335 5
687 47 8
753 792 6
673 929 7
558 1124 33
810 663 8
1239 1073 2
595 37 8
126 957 8
1354 155 2
546 493 6
459 1227 8
860 1325 5
325 1500 7
598 179 8
230 479 2
1035 65 8
792 298 7
570 269 8
1210 1183 7
1295 1325 5
449 420 2
808 21 8
1230 1396 8
1114 1575 2
295 1250 2
1003 1357 2
1144 37 8
514 1132 0
635 1314 7
1355 53 34
420 1026 2
170 1081 6
1156 855 5
503 297 6
1087 837 2
671 917 8
1009 341 3
1084 1482 8
1289 293 0
1502 345 0
877 1084 2
1055 881 5
863 462 7
395 1258 2
868 1120 2
45 651 53
671 919 30
988 126 2
59 1097 7
676 1239 30
547 206 39
531 261 2
1236 167 8
499 118 2
201 397 75
374 1084 2
992 139 3
503 900 2
620 556 2
1341 167 8
1400 59 7
270 1364 2
1460 1448 30
365 1120 2
167 1176 8
1009 1335 5
616 516 2
227 903 1
373 848 7
1245 1504 57
738 533 3
601 1014 7
1053 798 2
1275 1061 7
1031 461 1
944 362 2
335 270 5
33 581 2
183 462 8
373 1577 8
162 397 2
590 80 7
1394 127 27
1252 667 27
1197 65 8
938 540 2
592 1342 7
360 686 7
594 52 7
718 347 33
1296 1396 8
577 360 2
227 1127 1
337 1138 27
1359 444 23
581 647 2
1483 464 2
442 1388 7
95 136 52
334 443 12
1439 1299 2
350 108 8
124 808 8
80 1310 7
261 718 10
116 1345 55
1359 284 33
1474 36 2
997 844 7
1232 1166 48
415 1392 7
1438 1396 8
1001 466 2
634 865 6
1227 216 2
362 428 71
1106 466 2
563 92 8
300 27 53
1215 460 7
437 868 8
1317 45 27
244 958 5
895 167 8
620 1252 2
1396 341 5
462 934 5
37 938 6
1210 72 7
850 974 2
145 626 1
1545 533 3
804 338 5
55 159 2
1540 167 8
599 1114 2
1323 21 8
273 531 2
499 1388 7
181 958 3
718 1439 33
270 1077 2
393 1396 8
774 1131 20
601 39 7
759 32 8
1055 1296 7
1055 900 7
531 1282 30
298 172 8
1125 1325 5
172 102 8
1005 658 0
1221 1325 5
1461 199 30
1180 663 8
391 462 8
126 287 2
151 32 8
533 284 30
718 1371 33
89 990 37
577 988 2
1052 1424 2
256 32 8
565 882 2
601 309 2
800 1342 7
53 65 8
1144 1388 7
350 908 8
34 574 2
1037 104 2
1245 753 57
479 287 7
1141 116 2
468 98 33
126 219 2
928 59 8
372 1550 8
325 320 6
917 675 33
432 124 1
406 958 5
658 1418 7
269 704 25
1239 622 2
311 374 1
795 891 8
228 1156 8
648 377 6
792 289 2
1230 658 2
1315 1029 52
1253 191 33
843 513 26
503 911 31
1338 350 2
421 973 2
1000 1264 2
347 129 8
1415 663 57
1346 20 2
1469 298 7
651 1605 38
658 39 7
658 80 8
869 671 2
531 1585 2
1215 1088 7
1446 388 2
359 533 5
992 1125 8
592 170 30
420 1367 2
921 1291 30
1553 804 2
46 377 6
1131 941 55
1106 671 33
269 737 2
1200 789 8
1200 393 8
512 517 2
1312 179 8
295 453 34
1278 1087 1
285 869 2
167 730 2
377 1371 33
1522 21 8
115 1062 1
847 81 2
1 1210 6
1042 1120 2
927 394 1
1510 662 2
361 1025 2
366 1345 2
1330 450 29
486 747 2
641 1314 5
900 513 26
598 533 2
360 677 2
271 377 8
127 1141 2
1377 1156 7
77 1325 5
1079 577 30
1078 834 8
36 663 8
599 363 2
1252 1358 2
866 658 0
337 395 27
688 973 2
324 1443 2
392 59 8
939 1156 8
699 330 8
1303 1344 5
885 1375 38
552 591 2
1210 735 6
998 75 5
789 1567 2
442 937 7
1442 261 1
914 497 2
109 568 7
464 22 2
226 616 2
233 793 8
997 497 7
384 1325 5
343 663 8
910 848 8
555 129 8
317 273 8
1042 776 5
718 1105 0
458 533 3
869 1299 2
792 1578 3
1446 236 12
325 636 2
1336 155 7
98 341 3
107 259 8
285 1565 2
651 166 38
1014 1567 4
1550 663 8
483 1364 1
289 1141 2
616 1553 2
183 1207 8
317 101 8
1317 1127 8
166 1078 2
1131 1330 15
581 453 30
604 1447 2
850 919 2
981 1309 2
1179 910 7
514 804 2
847 1127 7
271 1078 2
65 766 7
1506 1264 2
294 249 8
1105 1575 4
1436 59 7
720 372 1
399 150 2
582 1029 2
98 1335 5
1396 1384 7
829 1141 2
470 1210 6
983 697 14
784 4 77
933 59 7
468 466 2
834 350 33
1271 702 12
1173 443 12
598 1156 8
1156 355 7
1488 872 2
594 1062 8
804 1381 7
568 59 6
373 83 8
1468 1342 7
1304 402 5
1479 1200 2
1029 1121 2
730 65 8
591 952 33
223 98 2
1503 462 8
361 269 8
22 881 3
677 806 2
1447 1226 12
116 1419 8
325 265 6
907 330 8
362 495 8
1025 626 8
1474 1073 2
216 1000 2
540 1405 2
1093 792 6
377 1105 0
219 350 2
800 1156 8
1381 22 8
997 1125 7
1158 18 8
1214 65 7
992 1097 7
1017 1239 2
270 883 30
592 1325 5
191 1227 8
305 1488 2
303 914 2
1360 978 3
1317 722 27
898 59 8
165 697 1
377 991 5
894 420 2
1213 63 7
173 1200 2
66 1338 2
1317 618 27
133 1178 5
1304 932 7
1214 330 8
591 939 15
1200 384 3
958 1315 7
1455 270 3
747 572 2
58 1398 39
916 293 0
145 1298 7
595 952 16
1492 1567 1
406 663 8
118 1475 37
503 498 2
1084 908 8
503 102 2
270 1358 2
309 1144 44
155 277 2
1325 114 8
285 855 3
616 114 2
1460 942 30
1460 546 30
601 216 7
961 48 7
455 779 6
145 1568 2
978 324 30
1037 1141 2
480 1200 2
999 997 77
856 1227 8
377 360 2
1494 465 7
377 355 8
457 556 2
1162 462 8
479 568 7
1373 657 2
795 1199 7
1037 677 2
1201 55 5
365 937 8
534 594 10
579 936 7
468 671 33
570 167 8
454 346 2
20 462 8
1003 1359 2
1251 1009 2
673 1493 2
1356 997 22
1025 1213 7
335 804 2
1355 637 12
104 239 2
1259 958 3
445 1070 2
852 671 30
886 789 2
1317 1418 27
1232 728 48
325 854 27
1132 855 3
545 1042 2
1008 1156 8
167 536 30
419 576 2
662 1148 2
902 686 7
185 104 27
997 46 7
974 1447 2
28 1118 5
1424 681 27
1124 779 8
270 241 31
21 960 25
1236 65 8
856 499 21
1227 101 8
642 1200 2
159 462 57
1223 66 2
499 1100 2
1051 1392 1
285 1510 2
992 387 8
1304 249 7
183 365 2
483 913 1
65 23 7
162 1087 2
581 398 30
503 1126 2
466 837 6
634 1457 8
1062 1199 7
860 1207 8
843 1078 2
875 663 8
1052 798 2
960 747 1
328 1070 5
737 487 8
231 513 26
150 877 2
285 1437 8
518 28 8
1295 420 2
1527 1310 8
227 1421 1
1055 102 7
1356 573 15
32 873 2
701 1258 2
877 1239 30
55 44 8
157 298 8
519 513 30
973 772 19
1506 745 2
262 145 2
1526 958 3
577 586 2
707 1042 2
911 663 1
259 1141 2
1250 1357 2
506 1131 20
914 1242 2
1210 1335 5
337 1364 27
42 396 50
1184 129 8
18 462 8
905 882 2
1058 59 8
1039 172 2
1140 1284 2
1163 59 8
270 208 30
1357 236 12
569 798 2
22 92 8
898 1342 7
889 1424 2
1474 622 2
632 527 1
504 658 0
107 1004 8
786 129 8
595 905 40
1253 1583 8
819 102 8
1009 1217 8
270 536 30
917 1207 8
555 311 2
533 854 27
126 36 8
1380 1345 41
520 1506 2
961 1445 1
442 177 2
325 917 2
1443 1447 2
1239 147 8
1239 881 3
600 1377 6
1317 667 27
1317 271 27
420 569 2
170 228 6
63 1199 7
894 365 2
1227 1125 8
487 1431 57
1436 350 2
49 1253 2
1084 1126 33
69 1029 2
177 28 8
1217 21 8
177 325 2
391 365 2
1085 1259 13
1322 21 8
1252 1152 26
145 1243 7
30 581 2
671 720 15
938 1358 2
32 1122 6
797 1070 5
441 1314 5
475 533 2
278 973 2
992 611 35
601 557 7
309 75 8
718 209 2
1144 489 6
362 453 2
1259 346 2
661 1125 6
1078 36 8
155 149 8
726 1062 8
450 336 6
889 1304 5
155 446 2
382 958 3
321 533 5
34 696 2
361 847 2
278 1291 14
1206 658 0
1258 47 8
205 510 77
1381 663 8
223 671 2
126 737 2
738 1070 5
592 462 8
1375 54 2
563 623 2
126 1128 8
949 311 35
551 1309 2
1474 1250 2
573 1468 24
337 217 27
230 1584 28
1349 1406 2
992 982 7
330 1491 7
98 1231 7
576 1004 8
300 1053 2
886 1125 8
687 46 8
298 433 7
747 537 12
306 936 8
1173 718 10
792 384 3
170 856 6
1460 1190 2
251 311 35
156 910 1
43 1122 52
285 1163 2
21 1284 21
504 677 2
43 929 7
915 1456 30
847 37 7
195 119 8
292 350 2
324 1194 30
1277 1000 5
1552 1127 8
795 382 5
944 601 2
913 126 30
406 403 7
1546 63 8
65 743 3
1078 1133 2
377 1001 2
178 21 8
1078 1128 8
599 657 2
491 1315 7
32 922 2
900 1070 5
754 462 8
850 53 2
1460 1119 30
45 66 2
819 1161 7
1055 47 7
181 59 8
1163 1342 7
1372 1062 7
1028 958 2
126 1491 7
155 31 33
222 686 1
1375 808 7
1154 1419 8
961 1403 19
939 1346 8
210 1309 2
337 913 27
1479 798 2
372 743 3
223 1299 2
581 26 2
910 751 2
485 21 8
125 882 2
186 1419 5
1247 1291 33
1314 594 10
1354 558 2
435 269 7
658 174 1
1374 199 2
463 22 2
1355 191 33
686 102 8
22 37 8
322 450 7
804 848 8
792 1097 7
209 812 2
98 256 7
662 1033 2
433 1491 7
1035 1156 8
230 167 33
334 534 2
592 324 50
774 661 2
1009 766 8
438 150 2
98 548 7
31 761 15
1136 1062 8
558 824 23
362 203 71
815 958 5
867 847 2
1337 1156 7
590 1237 36
1215 631 7
1554 1291 33
503 1388 6
1078 1491 7
747 1126 33
596 1607 2
1292 1567 1
183 938 2
1210 226 3
847 957 7
769 65 8
500 350 2
434 1220 14
606 499 1
1317 42 8
579 392 36
1279 1446 2
1330 32 8
768 167 8
958 449 7
1141 891 6
1424 471 7
491 282 2
932 59 7
689 1375 27
601 152 2
747 97 8
1229 1153 6
661 341 5
126 458 2
1171 433 7
913 1210 6
945 1062 3
1371 1342 7
595 1491 7
1156 919 2
658 1266 1
577 763 2
479 504 2
311 1499 10
362 393 8
1253 1541 2
1392 1455 30
638 1131 20
416 269 20
1041 661 2
170 809 30
483 471 8
1229 1377 6
919 32 2
810 487 8
396 851 30
1245 627 12
1025 852 8
325 95 6
211 568 7
1474 903 2
1360 980 3
637 749 5
774 601 2
325 1162 2
875 938 6
900 1062 8
507 1373 0
696 59 8
1220 1210 6
1317 912 27
931 65 8
635 747 1
1271 1014 0
211 833 8
563 891 8
563 495 8
420 454 2
542 430 2
804 97 8
222 533 3
211 1125 8
417 1000 2
1407 75 5
782 1456 30
98 60 44
534 1106 2
295 610 2
295 214 2
686 459 5
1084 1161 7
837 1062 6
293 369 3
324 451 30
514 1262 2
55 922 2
727 1314 2
1188 21 7
747 1090 2
391 938 2
1079 377 7
324 1139 30
867 533 3
466 39 6
139 798 2
434 88 3
841 1309 2
267 1396 7
1207 147 8
35 1078 2
486 590 2
503 620 2
9 512 1
377 550 2
1178 321 1
1405 833 2
1172 1396 8
601 780 2
750 21 8
599 602 2
34 1045 2
373 568 7
945 1357 2
443 754 5
479 485 33
269 1127 8
432 658 0
575 1078 2
923 408 2
1185 75 8
1207 1187 5
1252 1133 2
717 434 2
673 681 27
1514 1575 4
834 581 3
923 700 2
1367 269 2
442 1176 7
579 766 7
1258 625 2
193 1087 57
808 150 2
1304 1548 5
518 958 5
533 414 5
32 1086 8
167 830 30
1375 685 7
1137 433 7
737 311 30
1274 466 75
1346 1283 2
1319 847 0
311 1173 1
563 1196 2
213 63 7
1044 377 8
686 47 8
148 52 8
901 686 7
671 942 2
258 600 71
1330 992 1
1019 663 8
635 1271 1
1000 952 33
1506 441 0
536 1200 2
630 1342 7
325 114 8
1317 929 7
877 1140 2
824 483 15
295 883 33
880 886 2
287 311 2
330 726 8
172 1305 8
530 32 8
754 1207 8
737 1078 2
652 21 7
317 272 8
65 249 7
1303 442 7
145 54 1
514 579 2
531 609 2
626 365 2
1405 1169 2
335 686 5
1526 1310 8
958 102 7
167 1133 2
712 868 7
1436 172 2
594 910 2
973 694 39
582 804 2
118 1310 7
162 98 33
1192 197 8
490 1581 8
747 42 8
604 1446 2
796 658 0
36 675 2
157 1212 8
1148 798 2
1428 1245 5
1375 1381 7
128 581 2
909 373 6
1383 997 7
1383 601 7
923 1328 2
914 1364 2
88 595 5
594 1129 8
241 547 7
696 1342 7
582 1419 8
270 830 30
458 671 2
920 950 14
563 221 2
1001 590 2
673 1036 2
1399 855 3
1070 743 5
1482 167 8
878 662 2
107 834 8
692 32 8
900 616 2
907 793 8
1482 63 8
9 21 8
1058 1325 5
98 829 7
270 366 30
1317 565 27
185 958 27
797 32 8
997 900 7
1341 1342 7
109 97 8
1215 876 7
1163 1325 5
206 651 53
1474 780 2
226 104 2
1392 1105 0
739 513 26
191 1299 2
736 697 1
1237 533 3
514 109 0
724 591 1
405 902 1
300 897 7
133 661 5
197 98 8
377 1203 6
838 1342 7
732 657 1
1215 808 7
1337 167 8
404 199 2
1078 1004 27
1536 403 52
1216 21 8
172 231 2
1303 1070 7
441 1567 4
1214 793 8
327 823 14
403 296 8
655 728 8
999 1632 77
270 1133 2
403 588 8
982 330 8
1539 167 8
256 1141 2
599 151 2
784 407 77
718 831 2
297 533 3
601 679 7
297 487 8
346 1243 7
126 1031 2
360 59 7
999 1460 77
483 716 8
806 656 1
256 677 2
761 1265 1
737 1070 5
372 3 8
218 577 2
819 1420 8
895 1342 7
195 259 20
89 1111 7
28 249 8
590 114 8
218 531 7
747 445 0
323 531 7
761 1197 1
658 163 7
211 1095 12
211 561 78
325 1397 7
238 150 2
324 699 2
442 1391 2
1317 1152 26
1253 42 8
203 1345 2
1140 363 2
773 1141 2
667 59 7
590 70 35
307 1357 2
217 21 8
295 1251 2
1087 1415 37
108 377 8
1214 1156 7
1231 1227 8
372 1335 5
286 850 1
1232 435 48
107 83 8
978 798 2
1050 958 5
795 1072 5
201 466 75
666 397 75
406 697 7
1227 272 8
462 307 5
872 1156 8
1215 125 7
977 1156 8
616 981 2
508 1243 7
659 1396 8
745 63 7
269 1481 2
925 1506 0
850 347 2
1552 957 8
72 21 8
629 958 3
847 159 7
862 52 8
581 173 30
162 466 2
850 639 2
159 1070 7
981 1029 2
864 1314 8
978 1483 30
271 798 2
910 1289 36
958 47 7
133 581 1
1394 488 27
1141 489 6
285 1212 8
168 396 33
270 54 2
1249 59 5
1055 273 7
479 667 27
1271 514 2
601 1307 7
487 1384 8
1275 1354 7
142 914 2
1197 462 8
957 32 8
1158 1581 8
24 910 2
113 1070 2
34 857 38
1055 205 7
522 855 3
1233 269 1
1009 1246 37
772 306 77
464 938 2
1004 513 26
581 648 2
1055 497 7
792 1333 2
605 63 8
1481 1156 7
181 1325 5
228 34 53
140 663 8
80 1379 7
208 362 2
673 689 2
1025 54 8
910 1322 13
563 166 2
1456 1330 2
673 981 2
124 855 3
341 150 2
375 671 30
547 416 2
1135 1062 8
66 1230 2
645 1084 1
997 449 7
1304 824 7
533 233 27
1221 21 7
1106 443 12
563 139 3
886 272 8
438 330 7
1447 1274 12
1506 1014 0
325 692 2
1304 1116 7
263 658 0
199 622 2
673 908 8
1460 45 2
526 638 2
634 1199 7
531 1354 2
272 658 0
1336 107 7
1210 37 7
408 634 2
1215 753 7
1215 357 7
1144 622 35
1081 1405 2
535 534 2
199 1305 8
768 65 8
1394 1184 27
69 804 2
1291 139 5
163 1342 7
762 1396 8
1080 661 2
43 76 7
847 787 7
150 638 27
157 774 2
867 1396 8
145 627 1
541 21 8
1497 1310 7
893 1392 30
917 293 0
599 1407 2
938 1133 2
503 213 8
557 1207 5
699 1087 2
162 671 33
108 270 5
52 1389 8
1303 1239 7
128 1258 2
116 377 6
126 684 2
701 350 2
213 958 5
784 644 77
21 85 2
377 471 8
450 111 6
1562 293 0
482 75 8
1058 462 8
632 631 15
1163 462 8
782 920 1
581 1568 2
218 126 2
1327 533 5
1505 330 8
716 129 8
1122 1309 2
813 63 8
991 386 57
558 474 2
126 507 8
546 43 6
80 300 7
1359 25 2
695 59 8
442 648 2
1202 743 5
563 789 8
721 1557 5
564 1470 2
1541 1344 37
1232 1525 2
1317 1138 27
506 1210 6
878 1131 2
958 669 5
1458 779 7
1158 1578 5
1330 590 1
534 1016 12
1258 384 3
672 662 2
154 1304 5
1309 1004 27
934 761 15
233 98 8
1555 325 2
646 663 8
861 1483 2
1552 929 7
661 119 8
1084 1329 2
1184 1405 2
819 338 5
171 433 7
269 1030 2
1240 1419 5
179 90 8
466 265 6
983 1456 30
503 1242 2
870 63 8
1119 167 30
285 1162 2
1296 910 59
1502 993 2
843 798 2
155 637 12
1515 533 2
450 1203 6
98 720 15
350 347 16
628 167 8
573 1 1
1252 1381 7
713 1084 2
52 18 8
373 1127 8
269 957 8
510 424 8
466 489 6
599 719 8
157 18 8
663 62 5
603 300 2
34 114 38
1383 199 7
1239 899 5
252 172 27
1545 75 3
1138 34 53
702 1511 74
125 365 2
1271 36 33
1359 1409 2
528 658 0
32 916 8
290 1310 5
1177 63 8
117 1000 1
563 1026 2
334 377 2
808 663 8
1557 1112 57
686 215 3
1253 236 12
350 54 8
1138 65 8
997 102 7
430 255 2
1024 2 2
1450 661 2
418 558 1
1544 1199 7
1009 937 8
651 235 38
208 531 2
1447 200 33
306 1298 7
1544 1491 7
269 1388 7
167 657 0
634 1581 8
531 903 2
1215 406 7
979 804 2
211 272 8
992 47 8
686 1209 5
895 1325 5
639 199 2
1502 489 15
167 1381 7
1304 993 7
502 798 2
1456 1204 30
1340 65 8
300 369 2
850 524 2
350 1439 16
398 1474 2
533 296 8
1025 925 10
65 808 8
1424 584 53
1282 499 1
655 326 8
1394 769 27
470 1291 16
377 1404 2
1009 866 36
1271 824 23
1460 303 20
1461 179 15
119 136 6
1339 1671 5
1204 75 3
285 182 8
266 295 2
1460 315 30
1328 311 35
599 1352 2
252 595 53
137 433 7
181 462 8
157 646 8
601 277 7
479 1235 33
1391 804 2
779 412 5
745 961 35
818 63 7
386 421 9
1500 1271 2
695 1342 7
812 940 2
155 265 8
63 621 5
450 831 2
1567 284 1
1029 1122 2
627 973 9
396 730 30
1442 1250 1
185 1252 27
1478 718 2
317 159 5
1367 104 2
1357 572 2
1567 1409 2
1025 627 8
1474 678 2
317 929 7
70 718 1
1114 858 12
1391 1419 8
126 848 8
551 1029 2
325 1333 2
792 235 2
1239 959 8
657 1070 7
1317 1479 27
210 1062 3
139 98 30
997 1418 7
329 909 2
653 1314 2
1121 1252 2
300 1169 2
300 773 2
420 625 2
1239 891 8
170 284 6
1435 80 7
483 1578 5
435 22 8
211 1296 8
1439 98 2
420 917 2
1259 1325 5
1215 1326 7
513 757 2
1533 591 1
279 285 27
499 77 2
1333 533 3
205 75 3
1317 54 2
973 165 2
1438 533 3
864 958 3
183 129 8
485 1210 6
1394 796 2
420 1578 3
30 533 2
1538 167 8
603 21 2
1058 420 2
167 676 2
199 1124 30
138 499 1
601 217 7
858 298 8
958 1581 8
1078 848 8
292 2 2
377 716 8
441 59 5
479 929 7
1003 658 0
601 905 7
1459 199 30
1129 611 1
1106 718 10
1506 118 2
1042 1358 2
221 1375 27
1025 1328 2
1087 611 35
317 855 5
371 1156 8
28 147 8
377 653 2
595 728 8
923 183 2
223 1483 2
442 1393 2
588 1239 2
1029 1004 27
914 219 2
337 341 27
579 879 2
341 1419 2
941 172 8
922 285 2
980 1314 5
155 789 8
424 591 0
679 63 7
579 833 7
837 1268 5
373 1296 8
1131 297 2
698 1396 8
85 1239 2
563 1367 2
1020 1227 8
833 1070 5
1351 936 7
1232 1125 48
293 174 1
1446 296 7
634 824 6
1213 1156 7
905 479 2
1461 1144 2
997 47 7
491 341 5
238 663 8
107 273 8
994 651 12
302 1271 7
1114 491 2
99 581 3
295 366 33
463 65 8
1314 1016 12
1525 1375 27
306 1243 7
1236 462 8
1389 910 5
179 340 2
829 1399 6
747 1561 2
406 923 7
1084 1226 12
723 1325 5
869 1141 2
402 433 7
516 1131 2
878 28 8
1304 646 7
1304 250 7
69 793 8
317 47 8
1148 513 26
1085 236 13
944 1345 2
1294 591 2
1271 1100 2
988 350 30
577 259 2
668 1419 5
494 1396 8
531 485 30
1291 777 2
1527 1207 8
273 21 8
475 1405 2
796 136 6
1271 1428 2
372 1217 8
544 293 0
300 347 30
992 1005 36
1009 1472 37
915 1446 1
913 1309 2
213 493 6
754 293 0
508 355 8
1052 1310 8
36 1239 30
1398 462 8
1317 338 5
1483 983 2
581 1161 8
662 739 27
297 1070 5
1202 341 5
1110 697 2
85 556 2
1145 28 8
383 513 30
1446 1274 12
350 627 8
895 462 8
1050 325 19
1247 579 2
436 28 2
170 297 6
1304 613 6
329 562 2
98 546 2
98 942 2
1458 377 7
341 663 8
1317 1028 27
919 75 8
65 1116 7
362 947 71
197 269 8
84 59 2
294 500 2
1227 730 8
1324 920 1
514 1446 2
158 461 1
162 1342 7
647 150 2
285 140 2
294 495 8
21 657 21
1077 1141 2
995 325 7
678 1456 30
591 489 15
479 1152 26
869 98 2
847 1305 7
1200 226 3
48 1252 2
1183 663 7
852 63 8
179 1583 8
1127 487 5
139 914 2
300 1439 30
763 533 3
35 798 2
1058 365 2
1398 434 1
140 798 2
59 114 8
1146 685 7
601 454 7
1025 201 12
1029 1367 2
359 1000 2
396 1371 30
1183 491 7
992 1237 36
1078 37 8
533 803 30
1271 349 2
921 819 7
683 211 1
155 447 2
1551 359 4
1399 1384 8
143 1227 8
479 852 2
1502 419 2
360 167 8
447 1262 2
1041 1405 2
336 269 6
450 1404 2
1155 1310 8
579 824 2
863 1207 5
441 211 1
1367 677 2
671 730 2
1357 1541 2
142 285 2
676 1446 2
546 269 6
228 1342 7
1036 882 2
1474 1251 2
323 306 7
1239 1199 7
1154 958 3
457 330 2
1239 1578 3
13 1310 8
1232 382 48
1469 1619 2
306 568 7
1317 1364 27
1253 213 8
505 1070 5
1239 1491 7
909 63 8
139 671 30
1140 92 7
837 761 15
1014 63 8
917 129 8
886 1418 8
211 1577 8
166 513 26
34 638 40
1100 1359 2
420 1198 2
1338 1156 8
4 823 14
512 766 7
271 513 26
747 1226 12
1159 377 5
1439 671 2
1253 437 8
293 46 7
65 37 7
1084 775 12
981 534 7
1429 39 7
1084 1550 8
1227 47 8
155 441 0
499 650 2
1380 595 41
938 1292 16
183 311 2
601 1254 7
295 523 23
195 808 8
45 531 2
730 1070 7
349 1132 0
297 1062 8
1230 396 55
999 1639 77
503 676 2
1085 181 13
981 804 2
527 487 8
607 1084 2
241 1359 1
1207 495 8
205 1275 77
897 1325 5
718 1256 7
761 249 8
841 450 2
1314 458 33
503 1364 2
150 823 2
579 412 5
267 433 7
616 980 2
1303 94 7
1174 616 2
510 213 7
1177 65 8
1194 433 3
1129 1184 1
1567 1553 1
927 809 1
1156 292 2
126 1388 7
841 377 8
109 472 1
584 337 38
1176 63 8
127 52 8
581 423 2
1201 1317 5
780 1357 1
164 1070 5
558 1328 2
576 47 8
819 116 8
903 150 2
427 1342 7
334 499 2
912 150 2
675 1330 2
116 1310 8
795 39 8
1131 1162 2
792 1436 2
1454 531 2
311 1516 7
417 1042 27
102 531 2
786 75 8
1239 458 2
1252 97 8
774 662 2
238 75 3
1317 681 27
230 64 33
1341 1062 7
834 658 0
886 47 8
317 355 7
1304 891 7
429 479 2
999 59 8
434 502 8
1317 217 27
631 372 1
434 893 14
620 1424 2
629 1342 7
365 776 5
923 412 5
596 1567 1
1373 1225 0
1333 1396 8
66 833 2
1424 936 7
573 527 1
877 172 8
86 1396 8
632 1457 8
155 1124 33
841 1078 2
420 384 3
713 1291 33
35 55 2
849 1144 2
522 1384 8
1055 676 7
1141 1184 6
1446 484 9
1541 65 8
161 808 8
1460 437 30
747 390 8
263 1359 2
971 772 19
810 124 1
992 453 35
266 98 33
772 709 77
800 1456 2
1359 1191 12
479 459 7
1271 890 33
138 362 2
24 2 2
1041 662 2
487 116 8
127 581 2
56 450 30
1004 373 6
746 1150 5
1511 772 19
1304 921 5
337 231 27
779 903 6
341 1309 2
324 883 2
215 1239 2
899 346 7
1355 236 12
1483 1160 2
1266 59 8
1357 1090 2
563 569 2
1028 104 2
434 824 6
1085 412 5
910 419 7
442 423 2
437 1345 2
869 136 6
901 59 7
34 255 40
1317 913 27
98 1177 7
139 324 30
620 1304 5
627 199 5
600 138 35
1447 62 2
654 577 2
1215 1620 7
80 403 7
234 167 8
796 32 8
317 1420 8
1114 89 2
1162 1325 5
265 792 52
1253 90 8
804 390 8
978 914 2
747 775 12
634 728 8
420 1097 7
117 513 30
1545 1314 7
1156 1264 5
639 1345 2
20 1325 5
382 997 7
285 1104 8
172 183 2
1390 1009 1
311 1204 30
856 1131 2
768 1156 8
702 749 5
1304 140 7
277 579 2
297 616 2
1461 671 30
269 805 2
1320 183 2
601 1199 7
747 1086 8
486 591 2
150 476 2
1207 44 8
1405 834 2
265 1156 8
365 1133 2
601 1073 2
920 1608 2
384 129 8
513 1204 30
1472 439 57
128 350 2
145 380 2
248 920 74
432 992 1
533 1376 30
1568 661 2
1262 562 2
442 1515 2
479 1420 8
377 444 23
1468 886 7
923 1092 8
337 859 27
1367 958 2
244 1310 8
501 167 8
217 442 2
135 63 8
736 1070 5
849 98 30
675 983 2
1552 338 5
673 409 2
792 693 2
108 793 8
999 1342 7
719 948 15
662 233 27
1252 88 3
333 533 3
804 1482 8
1181 1314 5
880 955 2
1215 249 7
1252 42 8
1447 702 12
617 1325 5
241 576 14
270 31 30
997 565 7
1031 1062 8
1204 1314 7
997 169 7
438 487 8
681 663 8
535 718 2
1114 1009 2
1474 49 2
1100 329 2
420 168 2
1239 376 3
650 450 33
925 1200 15
531 678 2
1215 181 7
211 47 8
199 296 7
277 1567 2
551 98 14
1446 753 23
21 156 15
528 1359 2
155 1014 0
365 1496 1
1145 958 5
287 1000 2
913 1456 30
66 778 2
269 1491 7
493 95 6
300 540 2
266 534 2
1056 920 1
162 1210 2
736 330 8
655 101 8
1340 1344 5
686 88 1
847 1236 8
420 387 8
22 460 2
377 1191 12
145 1076 2
958 395 7
1141 837 6
1394 836 27
1173 1359 2
1295 601 7
620 1291 14
519 1392 30
499 824 23
488 1375 27
1393 1310 7
155 113 2
595 498 38
66 758 19
627 920 9
1284 63 7
739 269 8
367 686 7
1061 1580 18
170 823 30
116 493 6
1266 1342 7
599 453 34
485 663 8
495 533 3
468 534 2
22 684 2
1440 922 20
479 54 2
552 1355 2
207 1469 47
1313 167 14
450 606 2
800 1396 8
1507 629 2
1140 1407 2
1129 23 2
673 1037 2
205 1314 7
917 396 33
1474 453 2
228 882 2
782 973 2
787 955 7
1239 739 2
563 514 2
551 804 2
1463 1418 7
447 1084 2
107 1127 8
1215 877 7
1023 21 8
418 1357 1
981 1424 11
199 1388 7
98 726 7
101 63 8
599 1225 0
1304 735 6
88 325 2
547 1056 2
779 1550 8
1230 1062 8
541 150 2
43 1081 52
142 1314 5
658 139 3
1566 595 12
1359 1514 0
267 350 27
330 44 8
1080 1405 2
647 663 8
1401 136 6
868 390 2
1056 1210 6
1200 114 8
1357 445 0
1314 771 2
1134 441 0
655 1125 8
148 779 6
869 616 2
453 1567 83
927 183 1
89 241 35
872 65 8
267 1342 7
795 1236 52
1317 116 8
75 90 8
150 421 2
270 1030 2
1551 653 4
58 411 2
277 1207 8
170 1451 30
1275 727 7
334 718 10
263 329 2
145 33 2
470 1474 2
171 22 8
1042 1133 2
1080 21 8
956 129 8
629 1325 5
673 1395 7
271 98 8
697 904 58
266 671 33
1130 1062 1
145 424 8
1185 21 8
21 829 2
1154 1310 8
1239 1097 7
1482 1156 8
1252 975 2
210 804 2
1133 1141 2
106 1084 2
192 847 21
195 1177 72
3 63 7
798 856 2
792 930 53
1177 179 8
421 1344 7
442 1054 7
769 1070 7
1084 683 0
689 1207 8
1144 3 8
1451 675 2
1144 341 3
1242 1405 2
1536 533 5
1330 938 1
210 1419 8
411 1424 2
1544 1315 7
309 675 2
658 825 8
582 671 30
641 300 2
1438 1062 8
1297 1000 1
651 643 38
1110 167 8
534 77 2
199 287 2
479 338 5
600 1213 6
761 147 8
972 697 1
761 881 3
960 591 1
737 686 7
1310 1381 7
502 914 2
108 1314 5
1090 1070 2
466 613 6
499 837 23
514 129 2
847 848 7
1548 1156 8
65 91 7
145 729 2
595 1496 2
30 21 2
21 1525 2
227 1197 1
703 792 2
1541 59 8
1271 160 33
582 1042 2
550 1132 0
1275 1251 7
22 728 8
502 1239 30
1446 393 5
923 1274 2
941 179 8
607 1239 30
1382 910 7
109 1381 7
479 390 8
591 77 2
1172 487 8
849 671 30
1140 1352 2
55 1548 5
220 365 2
787 608 7
742 1000 5
91 958 1
532 1456 2
337 471 2
125 1396 8
440 1446 2
599 622 34
1137 75 3
284 1062 52
1239 684 2
1535 55 20
442 808 8
1456 20 2
1084 0 0
311 93 12
912 663 8
199 983 2
377 1514 0
592 1239 50
886 273 8
591 1554 0
270 604 30
809 1239 30
409 533 2
599 1170 0
1137 65 8
269 1403 6
769 365 2
300 889 2
997 20 22
628 1342 7
65 891 7
531 1251 2
551 671 14
84 522 2
1210 726 7
1424 766 7
1080 662 2
302 295 7
1446 942 33
46 43 6
285 603 2
396 1212 8
407 183 2
365 1004 27
26 677 2
839 199 2
796 1399 6
262 576 1
557 170 30
575 513 26
4 631 15
503 219 2
485 1309 2
841 1200 2
358 462 57
374 1291 33
865 958 3
476 1345 2
479 357 7
601 333 7
858 18 8
1544 37 8
1123 910 5
443 353 5
1226 1489 5
653 1132 0
601 625 7
1364 1375 27
599 92 8
455 792 6
796 1227 6
145 1576 8
527 1070 5
1252 628 2
350 1161 7
491 728 8
1373 728 7
914 335 2
900 1258 2
29 881 3
790 1342 7
1258 516 2
1247 1446 2
295 99 0
914 231 2
563 399 2
1039 52 8
825 462 8
211 215 78
990 300 57
234 65 8
728 1344 5
600 724 35
747 683 0
211 1420 8
634 252 6
1242 662 2
442 1337 2
333 1396 8
462 1212 8
614 293 66
233 167 8
1210 1526 7
104 648 2
1357 893 33
112 21 8
330 393 8
478 1314 5
1291 836 5
868 1135 2
647 1309 2
300 1471 7
651 296 38
423 269 2
1329 576 2
636 433 7
512 937 7
678 150 8
156 686 1
1442 192 2
4 890 14
1570 1227 8
499 821 2
499 425 2
419 958 3
418 155 1
761 92 8
504 1141 2
292 126 2
1541 1342 7
1031 1304 5
74 442 2
807 1227 52
1134 1014 0
641 172 8
657 1200 15
629 462 8
62 686 7
601 1321 7
159 958 2
116 1325 5
1265 1399 6
1050 1507 1
772 1631 77
503 1139 2
838 433 7
1141 39 6
494 329 2
1310 92 8
858 646 8
1232 1578 5
543 311 30
902 109 5
390 1396 8
1193 531 50
1112 1000 5
290 167 8
1521 21 8
373 1420 8
307 1456 30
1458 64 30
1380 792 2
145 606 2
495 1396 8
145 210 2
28 891 8
28 495 8
449 1131 2
1004 1227 6
145 898 2
220 1375 27
1125 1310 7
1382 167 7
1270 719 2
337 689 27
1419 776 5
913 1029 2
1485 1084 2
42 513 50
238 792 2
1179 1239 30
1035 1396 8
1258 1436 2
1039 581 2
673 239 2
1346 1406 2
314 1029 2
502 324 30
383 325 20
192 109 21
661 46 6
792 1211 2
1474 739 2
1545 1070 5
325 706 2
558 284 33
1227 919 2
757 595 53
1253 908 8
702 466 75
576 97 8
329 282 2
27 531 30
1104 199 2
937 1070 5
286 1424 1
547 654 2
1567 214 2
589 1245 5
344 129 8
441 63 8
269 1389 7
555 324 2
563 39 8
300 834 2
1096 65 2
1409 1062 7
211 273 8
199 959 8
534 650 2
1305 1342 7
870 1156 8
325 1321 8
1215 303 7
116 961 25
190 104 2
285 256 2
823 573 15
493 321 6
273 150 2
929 75 5
395 126 2
318 1392 80
1283 1262 2
113 1000 5
862 1314 8
1042 1004 27
294 147 8
852 179 8
421 513 30
1085 876 13
294 881 3
1197 1396 8
270 628 2
285 183 8
1055 1243 7
35 914 2
167 44 8
788 377 5
55 393 8
1460 1330 15
630 59 8
577 1295 2
140 914 2
36 600 44
475 150 2
490 101 8
577 189 27
601 570 7
22 514 2
170 1341 30
1372 155 7
661 846 6
784 590 77
864 1325 5
1382 795 7
1245 1205 7
1025 993 2
533 960 31
1341 75 5
661 1138 6
325 627 6
122 882 2
1442 1251 1
912 1309 2
1204 1070 5
29 92 8
170 877 30
591 650 2
753 293 0
601 881 3
903 1345 2
98 1020 7
1335 136 6
1003 1025 2
220 938 2
673 1555 2
1300 1344 5
1225 1207 48
193 167 57
1506 934 15
563 298 7
1292 948 15
673 1550 8
107 1307 13
1232 394 48
1215 1395 7
1144 1264 35
997 1315 7
157 1609 47
109 908 8
381 1325 5
1014 179 8
261 658 0
55 1162 2
573 631 15
417 66 27
295 31 33
1084 937 7
512 824 2
285 488 2
1313 433 7
941 850 6
1193 1310 8
350 412 5
910 519 35
384 1346 7
926 573 15
0 1575 4
16 1373 21
47 1419 8
1539 462 8
324 915 30
1552 848 8
1312 22 8
487 230 17
211 338 5
1283 579 2
151 576 2
1314 562 23
770 761 15
912 938 6
952 779 8
1515 479 2
150 543 2
1460 840 30
244 779 6
862 63 59
522 80 8
599 670 2
1442 887 21
205 1070 5
32 539 2
591 274 12
20 491 7
195 158 20
1357 1187 0
1479 150 1
1550 1314 5
457 850 2
125 671 2
563 1436 2
586 958 2
337 1030 27
238 795 7
1129 877 2
1258 693 2
462 1457 8
1344 1231 17
1148 269 8
679 793 8
447 1291 33
274 660 5
139 1483 30
779 770 2
346 424 8
1232 730 48
1351 937 7
446 63 7
512 412 5
901 462 7
614 1062 5
323 1342 7
1253 957 8
878 1309 2
83 651 53
869 1227 6
787 1227 8
63 163 5
576 88 3
1439 1483 2
528 910 2
1252 213 8
779 743 3
576 438 8
576 42 8
98 607 2
373 338 5
1292 581 5
747 1562 2
277 1446 2
469 658 0
1019 1419 8
1099 1062 8
1207 182 7
895 59 8
420 235 2
516 1424 2
819 412 5
492 1567 1
1525 311 2
745 920 2
607 1140 2
557 311 50
32 856 6
1303 510 7
655 272 8
466 735 6
380 961 2
98 536 30
1540 59 8
392 1062 8
841 798 2
294 92 8
634 44 8
841 793 8
270 177 2
55 384 3
938 1024 2
290 52 8
508 424 8
679 1156 7
1277 52 7
157 889 2
170 598 30
125 1299 2
1171 533 3
1166 167 8
678 1200 2
1371 1396 8
1030 1258 2
1344 391 57
479 908 8
891 59 1
1510 150 2
29 37 8
601 92 8
774 1078 2
126 502 8
341 1029 2
633 1227 6
689 21 7
1025 474 2
555 673 2
449 28 8
810 104 8
563 289 2
311 266 1
1345 1496 2
993 1392 7
1210 728 7
923 116 8
661 1389 8
61 992 1
1338 34 53
717 958 5
98 897 7
569 172 8
12 325 20
43 856 52
600 546 35
1561 434 2
869 167 2
1194 1567 1
792 108 8
836 882 2
736 1156 7
311 823 2
433 502 8
1087 278 2
37 1062 6
285 829 2
1338 65 8
759 958 3
390 671 2
349 109 0
638 433 7
518 1310 8
577 101 26
226 601 30
847 36 8
864 462 8
30 479 2
1177 300 27
269 916 8
599 883 33
772 1229 77
717 327 2
503 737 2
151 958 3
167 622 2
90 533 5
268 330 8
729 32 8
256 958 3
1007 622 35
135 433 7
479 438 6
1041 1078 2
1490 732 7
698 686 1
51 1392 30
944 199 2
713 579 2
1506 460 2
269 848 8
65 341 3
1158 1125 8
271 269 8
125 324 2
325 908 6
1207 908 5
1357 1226 12
442 902 1
1496 662 38
1291 382 8
1445 718 10
32 119 8
910 994 37
430 1525 2
710 1156 8
449 661 2
880 1291 16
1355 572 2
676 1447 2
1565 1375 27
1100 658 0
1525 269 20
558 993 2
1214 1396 7
563 917 2
80 1215 7
910 808 8
65 1335 5
284 1245 5
277 293 0
1451 450 2
541 1309 2
789 1355 2
1084 412 5
240 75 8
1456 770 2
199 1395 7
1123 63 7
1442 49 1
882 638 27
902 971 2
1101 1511 74
880 675 2
326 129 8
229 477 71
1172 1070 5
1000 77 2
519 157 7
309 450 2
842 534 1
334 533 3
1200 1377 8
1232 1324 39
632 70 1
869 1483 2
1540 1342 7
632 502 8
66 206 2
328 269 8
1321 663 8
861 295 2
1144 62 35
287 324 2
390 1299 2
934 372 1
971 165 2
373 1381 7
1082 675 2
179 213 8
1037 1342 7
145 900 2
162 534 2
145 504 2
533 1500 30
704 973 7
4 891 6
294 37 8
124 393 1
594 923 2
577 497 2
114 1375 27
157 542 2
499 160 33
1412 369 2
1055 737 7
1055 341 7
219 1375 27
380 442 2
1028 1252 2
126 1389 7
1452 1557 1
1180 104 8
1343 346 5
1039 479 2
1380 914 2
340 1271 7
577 33 2
524 483 15
330 108 5
1014 1156 8
910 1395 7
1131 1163 2
1156 908 8
681 1084 2
1474 173 2
1391 1310 8
447 512 2
1451 1474 2
1471 1141 59
434 489 6
795 728 8
1474 861 2
632 766 1
1247 129 2
430 774 2
576 719 8
98 492 2
1215 993 7
547 484 2
450 550 2
1252 390 8
1231 325 2
324 480 2
307 450 2
919 21 8
1341 1396 8
278 327 1
1552 1388 7
1114 1357 2
370 1131 20
905 75 3
993 1310 8
420 516 2
620 1029 2
85 330 2
311 476 2
1009 724 35
179 1305 8
109 88 3
724 1000 1
311 321 64
189 938 33
199 685 8
167 1509 1
513 252 2
1278 992 1
1424 937 7
446 961 35
195 1437 8
642 63 8
218 1325 5
1140 1225 0
1424 833 7
507 75 3
177 663 8
136 627 52
501 1342 7
306 83 8
942 1345 2
747 360 2
1253 445 0
503 390 2
1047 1345 2
834 938 33
718 236 12
369 150 2
1126 1392 30
267 1062 7
115 211 1
1541 462 8
1176 1156 8
22 1100 2
601 108 7
1141 854 27
948 296 7
701 126 2
1160 1253 2
1437 293 0
157 1457 8
159 32 8
483 437 8
483 833 8
818 920 2
1343 59 5
1357 775 12
199 1517 1
483 1125 8
322 1399 6
430 741 1
24 295 2
316 493 6
686 1384 8
341 914 2
1352 433 7
805 65 8
106 1200 2
782 1029 2
671 676 2
1252 1086 8
89 728 7
796 2 2
578 21 8
55 1190 41
1210 1301 7
104 423 2
844 1239 30
792 68 24
108 98 8
1092 1239 2
910 685 8
1022 75 8
1566 651 12
399 671 16
820 573 15
747 1160 2
658 149 8
540 150 2
1078 1044 53
74 285 2
925 573 15
531 447 2
872 882 2
420 1436 2
929 533 5
1075 1141 2
1191 129 7
731 1310 7
731 914 7
1456 980 3
355 958 5
279 804 27
83 577 2
862 65 59
155 3 10
350 983 16
1080 150 2
856 1424 2
741 28 2
779 1335 5
471 658 0
1177 581 27
145 116 1
512 936 7
856 1419 8
1271 699 2
377 552 2
847 568 7
1029 471 20
1409 433 7
145 449 2
1551 1001 4
292 958 3
1055 390 7
1271 264 23
462 1418 7
367 59 7
450 875 6
357 1000 2
1252 681 27
91 75 5
923 702 2
925 910 2
1468 491 7
483 1468 24
913 804 2
211 1374 78
792 716 7
792 1450 2
792 1054 2
914 1030 2
576 44 8
447 129 2
1201 483 15
900 350 2
1039 59 8
1355 1541 2
1029 166 2
1502 611 34
1557 888 57
314 804 2
572 697 2
208 433 7
322 1131 2
234 1156 8
1253 787 8
1474 514 2
443 342 74
772 1164 7
85 109 7
1232 852 48
1232 1248 48
998 1310 7
479 42 8
952 270 5
61 590 1
907 63 8
78 661 2
657 556 2
1242 150 2
1317 231 27
98 437 2
894 325 2
350 624 30
591 156 15
74 1309 2
27 651 41
574 961 35
534 425 2
311 421 2
1173 658 0
1499 1253 10
1483 366 29
1317 455 27
534 717 2
1502 265 15
409 581 2
946 563 62
1394 905 27
54 1419 7
424 32 8
1174 1258 2
1204 269 8
655 102 8
850 988 2
145 1077 2
315 98 30
266 443 12
1156 118 5
668 658 66
692 1399 6
485 1029 2
1460 813 15
577 778 2
265 433 7
804 854 27
199 960 30
570 1342 7
1394 272 2
1502 974 33
443 469 5
23 1271 2
501 1156 8
951 28 8
83 1325 5
560 75 5
56 396 30
211 3 78
1355 1126 33
637 660 5
1121 804 2
337 177 27
53 1392 30
591 425 2
202 812 1
396 1194 30
223 167 2
550 579 2
470 675 2
329 753 2
1466 243 1
1483 1106 2
1258 627 8
810 330 8
126 228 8
80 21 7
270 1416 30
443 970 74
442 369 2
236 397 75
655 929 7
1346 102 2
1232 273 48
1098 1506 2
1040 52 8
325 1401 2
1317 859 27
1468 32 7
1344 1044 12
491 440 35
1424 412 5
533 773 2
1225 914 48
218 462 8
1447 1292 33
284 362 31
327 893 14
647 1029 2
323 462 8
420 693 2
450 1224 30
1232 101 48
614 433 5
1337 65 8
619 958 27
533 1231 48
1084 666 12
270 1495 2
145 667 27
875 172 8
616 647 2
659 1062 8
172 916 8
166 172 2
154 66 2
601 1145 7
1019 1314 5
171 533 3
309 663 8
730 1299 2
747 1329 2
171 487 8
961 764 64
917 1396 8
544 64 30
167 406 7
1394 154 27
491 753 2
1551 550 4
1539 65 8
601 681 7
170 1452 30
155 254 12
329 341 5
490 108 8
261 1359 2
805 373 7
751 1291 14
1146 808 7
162 59 8
191 573 15
1503 1227 8
563 1211 2
595 796 8
1183 324 29
907 1392 2
350 1550 8
792 707 2
311 1480 1
29 891 8
1082 651 41
337 409 27
804 808 8
1250 793 8
101 1156 8
1026 365 2
28 881 3
1355 1090 2
581 210 2
1025 116 8
563 1097 7
650 1575 2
70 499 1
632 364 1
228 533 3
1171 1070 5
614 1129 5
877 1447 2
98 44 7
576 213 8
328 167 8
111 21 8
415 663 7
88 804 7
441 179 8
303 300 2
855 1029 2
581 535 30
1305 1062 7
284 1200 2
434 685 8
1295 661 2
1084 367 2
66 1120 2
482 377 5
32 735 6
1304 318 7
756 21 8
535 533 3
877 63 8
867 1062 8
655 47 8
1085 700 13
1009 546 35
1131 960 25
1192 108 8
759 59 8
300 191 30
53 1070 7
417 920 9
1310 3 7
1460 36 30
1488 517 1
32 942 2
1158 1583 8
1271 837 23
100 658 0
653 109 0
1192 40 8
573 246 1
1180 330 8
599 742 23
1460 1588 41
395 65 8
3 1156 7
396 519 30
1314 1170 0
324 272 31
58 1008 39
21 147 2
605 65 8
804 1395 7
350 476 2
798 739 27
766 129 5
170 701 30
450 552 2
1344 562 57
1252 689 2
865 1325 5
907 709 2
373 97 8
912 1029 2
1350 1357 1
519 1084 1
565 795 7
316 779 6
337 122 27
450 844 2
126 277 8
645 1446 1
576 1305 8
900 1314 8
672 104 2
483 259 8
102 362 2
879 812 1
757 651 53
325 716 7
661 1169 2
813 21 8
991 651 12
981 1078 11
442 314 2
293 1266 1
1451 1200 2
1227 929 7
1393 958 5
878 63 7
761 1199 7
43 735 52
1252 908 8
1404 658 0
1444 499 2
647 1078 2
1294 293 0
563 387 8
156 59 1
16 1132 0
801 972 9
534 602 2
880 150 2
1103 433 3
846 1210 6
1131 212 55
1087 741 2
427 59 8
55 80 7
997 139 3
533 249 8
837 850 6
603 34 53
59 255 2
157 1418 7
743 533 3
62 59 7
1357 683 0
1540 462 8
294 891 8
315 671 30
843 172 2
1282 1140 1
738 167 8
1131 265 15
1314 282 23
503 507 8
239 662 2
377 833 8
377 437 8
1284 579 2
268 793 8
601 626 7
479 988 2
1351 1015 36
419 1325 5
1215 817 5
1275 277 7
1448 850 30
702 1342 7
1245 1408 57
510 90 8
20 211 7
956 75 8
237 1447 1
157 80 8
1567 1046 12
677 1516 2
202 697 1
1247 1447 2
52 1057 57
914 628 2
699 2 2
1253 950 33
1104 910 1
556 986 12
218 420 2
329 1384 7
1478 1359 2
575 798 2
28 92 8
218 1207 8
1140 670 2
1044 269 8
442 1338 2
70 1359 1
266 718 10
752 958 5
915 1200 2
804 685 8
1291 813 15
323 1062 7
34 774 40
569 179 8
1315 1616 52
1442 657 2
800 533 3
107 390 8
671 1126 2
362 1139 30
192 136 6
900 172 2
144 958 5
307 1200 2
905 533 3
671 1220 14
1247 63 8
1262 440 35
576 158 8
297 136 6
900 167 8
1304 39 7
324 998 29
1397 293 0
1317 471 2
211 42 8
269 1054 7
172 1161 8
761 139 3
869 1258 2
850 258 2
673 1335 5
590 241 35
1215 72 7
325 298 8
726 1567 1
1317 1550 8
581 480 30
502 172 2
1417 1131 2
499 1114 2
32 284 6
479 1305 6
269 928 2
1000 904 9
601 1322 7
1211 662 2
43 83 7
713 1446 2
1129 265 15
265 1342 7
1383 269 7
303 172 8
1271 821 2
291 462 8
729 1227 8
31 269 7
1185 663 8
499 1437 8
138 1140 1
29 1199 7
1129 960 1
1055 116 7
261 32 8
855 1299 30
1087 960 35
261 329 2
805 1342 7
1146 1381 7
497 269 2
1047 28 2
1448 167 30
143 28 8
173 64 30
449 1424 2
1495 1375 27
388 958 3
505 330 8
1138 1062 48
746 298 5
907 362 2
1026 1042 2
350 421 2
1325 881 5
229 671 2
373 42 8
98 393 7
591 998 29
59 643 5
582 1207 8
1483 704 2
1003 2 2
1031 1258 2
774 798 2
779 1217 8
98 685 7
849 513 30
992 991 37
1346 1303 2
334 1359 2
1460 60 2
1253 1305 8
442 259 2
1009 881 3
447 579 2
1009 444 2
880 1474 2
324 255 2
43 284 52
155 925 10
576 390 8
1008 533 3
409 479 2
519 1253 1
555 325 2
624 1253 1
37 850 6
194 145 2
1108 167 8
514 433 7
531 1197 2
156 4 1
734 1456 2
1156 412 5
158 136 6
372 135 5
195 1212 8
372 1306 1
1025 0 0
1310 685 8
43 711 7
601 347 7
267 533 27
1399 111 6
48 973 2
261 1025 2
1390 89 1
784 1055 77
362 535 2
377 90 8
731 285 7
905 513 26
577 900 2
479 641 2
391 1062 8
484 920 1
1448 503 30
1335 1475 5
1382 1156 7
281 1345 55
205 443 5
625 32 8
155 248 12
1041 798 2
945 793 8
1386 732 7
1042 628 2
533 524 30
927 298 1
483 1004 8
1275 514 7
1374 1360 2
677 773 2
923 245 2
194 576 1
155 163 8
912 914 2
1253 1226 12
229 1299 2
819 916 8
829 52 8
1291 652 44
295 441 0
1304 593 5
914 177 2
923 532 8
558 25 2
218 365 2
596 948 15
576 1482 8
558 713 2
672 677 2
28 37 8
698 1062 8
1105 1531 1
449 673 2
340 295 7
1258 68 24
337 1337 2
211 929 7
228 1396 8
281 1424 27
878 1078 2
430 1177 2
627 938 52
1140 151 2
1084 1298 7
1019 104 8
172 423 2
55 1163 2
768 1396 8
1314 670 2
1297 599 1
976 377 2
541 961 2
808 1314 5
420 1211 2
437 75 3
531 514 2
192 433 3
399 1141 2
66 322 2
115 1078 1
1230 477 55
827 293 0
1436 1342 7
1322 1419 8
1424 1236 7
43 1339 7
1287 1070 2
810 992 1
69 63 8
670 1070 5
1271 474 2
747 1550 8
205 1392 77
1183 1304 7
833 59 7
145 183 1
498 1156 8
222 372 1
1174 337 2
557 75 5
499 264 23
161 297 8
601 1578 3
1258 762 2
373 929 7
483 1236 8
847 1004 8
1258 1450 2
1377 1396 7
841 98 8
632 810 15
1084 594 10
1239 1517 1
337 1031 27
1047 661 2
1453 1557 1
324 1287 2
1488 380 2
229 324 2
1104 1087 1
558 653 2
350 366 2
109 1214 2
127 65 8
545 1405 2
1381 98 8
805 1156 8
558 945 2
681 512 2
856 179 15
1321 377 6
1258 1377 8
420 1236 6
1122 172 8
686 116 8
325 652 2
1308 373 6
792 1449 2
357 1392 30
997 341 7
540 1309 2
1046 660 5
596 581 5
1000 425 2
997 633 7
486 293 0
850 539 2
1316 124 1
988 1007 2
961 1404 1
77 434 2
295 952 33
1100 397 2
1497 104 5
850 831 2
1179 1614 7
502 1141 2
995 32 8
1394 1076 27
1084 588 8
158 1252 2
487 1243 7
862 1156 59
298 75 3
179 957 8
1056 1029 2
870 971 9
1516 145 2
485 804 2
668 1317 5
707 1405 2
852 21 8
362 480 2
554 573 15
1407 59 7
1460 880 15
1350 1359 1
804 233 27
573 472 1
1262 1384 7
26 104 2
1110 1344 37
1272 462 8
1158 102 8
575 172 2
1029 1033 2
1139 1299 2
254 973 74
1451 1557 1
434 613 6
1252 519 2
151 1325 5
556 584 12
584 63 8
919 150 2
450 674 2
1029 569 2
1359 873 33
1138 1396 8
470 450 2
1158 326 8
442 540 2
85 850 2
1232 48 48
179 1388 7
434 837 6
259 52 8
632 1213 7
1317 1030 27
1496 1029 40
915 793 8
792 78 2
1562 1575 2
416 442 2
664 938 2
802 1475 5
1005 11 64
647 804 2
1340 1396 8
850 1459 2
1424 189 27
1419 178 1
1119 21 8
1329 462 8
579 1206 36
620 66 2
922 513 30
861 1271 2
172 341 3
285 1122 2
627 1310 7
960 526 7
155 201 12
616 26 2
462 436 5
737 167 8
479 903 6
269 922 2
52 1581 8
651 889 40
641 63 8
373 650 7
1547 766 8
1283 129 2
506 75 3
533 873 30
601 1212 7
1271 419 2
553 311 35
471 373 6
241 1025 1
1081 150 2
1506 425 2
752 1419 8
524 513 30
486 1000 2
503 1030 2
491 982 7
119 1399 6
628 59 8
595 1590 38
361 1210 2
1215 1335 5
579 848 7
125 325 2
195 1118 5
551 1469 47
707 362 2
862 1325 5
380 503 2
677 909 1
438 513 26
1391 63 8
1339 75 5
792 878 2
81 1132 0
1468 211 7
599 881 3
894 1424 2
1351 1243 7
218 938 2
675 704 2
270 216 30
698 32 8
1253 507 8
1025 183 8
143 958 5
325 597 2
209 433 7
404 1360 2
894 1310 7
1009 37 8
1304 265 7
419 1207 8
829 1375 27
633 373 6
1304 557 7
1079 795 7
183 673 2
454 1616 41
867 910 2
1271 345 0
74 1029 2
850 880 2
1117 21 8
624 747 1
434 856 8
1394 729 27
514 661 2
1327 21 8
1460 765 39
1394 625 27
341 1314 5
290 462 8
86 1062 8
499 229 33
1330 59 8
719 21 8
1214 179 8
590 614 7
704 1271 1
573 485 1
489 1239 2
1085 767 13
1569 573 15
950 779 8
162 443 12
1502 1409 2
4 1184 6
577 498 2
858 769 8
577 894 2
227 1265 1
377 1583 8
531 724 30
761 1267 15
919 1474 2
55 226 3
241 675 2
490 1199 8
178 1291 14
1180 793 8
581 1077 2
460 651 12
701 479 2
780 1359 1
1436 1325 5
483 102 8
853 1489 5
577 722 2
357 32 8
565 616 2
170 476 30
790 886 7
52 1578 5
327 1606 2
464 1299 2
901 1396 7
912 804 2
170 768 30
1029 514 2
270 844 30
441 317 7
344 28 8
1239 460 2
563 235 2
779 1298 7
383 64 30
325 829 2
442 485 2
1225 306 48
1232 1596 48
463 1396 8
311 207 7
1252 787 8
61 938 1
408 433 7
1210 570 7
264 1268 5
534 853 12
530 747 2
535 671 2
576 1403 14
317 1086 8
736 373 6
595 1256 5
65 959 7
391 673 2
179 1161 7
646 104 8
720 961 1
1084 770 2
98 415 44
898 973 9
1557 784 19
1424 834 7
382 663 7
1131 279 55
1303 1084 7
728 1360 2
43 833 7
759 462 8
905 1070 5
26 1141 2
1538 59 8
1054 1424 2
148 792 6
535 1392 30
1085 1395 13
503 287 2
382 199 7
1551 374 4
1237 761 15
151 462 8
167 959 8
377 1004 8
75 1315 5
32 138 2
761 1014 0
577 1418 2
601 401 7
479 763 2
402 1070 5
311 1094 30
591 945 2
601 739 2
1258 360 2
713 129 2
1515 662 2
479 1550 8
28 39 8
483 438 8
125 270 2
142 300 2
1258 256 2
772 1399 77
102 850 6
1251 1262 2
150 366 2
483 730 8
157 147 8
337 856 6
337 233 27
239 661 2
420 506 6
479 1482 8
479 1086 8
671 1073 2
565 32 8
450 1247 2
292 1325 5
301 1146 77
347 663 8
125 98 2
449 503 2
1040 1156 8
808 104 8
420 438 6
108 63 8
1210 865 6
368 269 8
913 63 7
1371 533 3
36 761 15
442 1108 8
240 21 8
634 320 6
432 1611 2
763 136 6
795 384 3
294 1097 7
715 958 5
1232 913 48
1082 595 41
1446 818 2
983 1200 2
350 1204 30
548 577 2
642 1156 8
613 938 6
68 1129 63
721 293 0
62 576 2
304 923 32
1511 382 5
1183 910 7
976 499 2
1019 1310 8
1025 1214 0
154 1375 27
1207 114 8
199 3 8
199 341 3
479 1184 6
731 1207 7
1230 32 8
1405 1196 2
611 675 2
859 325 2
1078 1395 7
1025 412 5
1284 1446 2
601 1097 7
573 138 1
671 830 30
126 1449 2
543 377 8
718 1541 2
927 1220 1
1394 210 27
638 75 3
927 61 15
4 837 6
938 623 2
145 1138 2
1299 699 2
150 1458 2
1394 502 27
499 1212 8
24 992 2
1262 982 7
40 377 8
479 681 27
77 311 35
774 513 26
1177 601 2
125 461 1
135 75 3
1029 235 2
126 70 2
1355 1226 12
1144 46 6
1537 32 8
577 375 2
286 573 15
565 269 2
228 616 2
104 1120 2
914 1031 2
464 556 2
170 421 30
774 677 2
362 297 8
800 1062 8
255 1227 8
1344 282 57
905 1062 8
937 1310 5
973 341 5
1102 386 57
98 856 7
98 460 7
558 444 23
317 766 7
1140 742 23
446 920 2
434 39 6
322 1424 2
325 436 7
1463 1125 8
322 1419 8
199 704 2
718 813 15
192 1314 2
1203 792 6
535 324 2
980 433 7
1144 704 35
74 914 2
98 1220 14
576 952 14
281 503 27
647 798 2
318 1632 80
1538 1342 7
306 97 8
614 581 1
294 387 8
581 883 30
869 350 2
1419 68 1
1295 1405 2
241 295 1
420 68 24
295 118 2
958 320 6
938 160 16
1058 325 2
977 533 3
573 766 1
43 486 7
43 90 7
971 1031 2
601 460 2
747 743 3
1061 1575 2
136 865 52
1094 1456 30
500 882 2
910 1335 5
1253 683 0
706 373 6
1144 1138 6
557 533 5
921 779 7
1196 32 8
30 662 2
1055 1311 7
958 1418 8
273 442 2
1078 685 8
464 1252 2
63 1154 5
238 513 26
155 699 2
1460 676 30
581 1358 2
601 684 2
1447 594 10
1037 479 2
99 658 0
460 1567 1
317 296 5
478 63 8
64 823 30
1373 99 2
145 90 8
442 834 2
236 466 75
430 1609 47
434 735 6
907 1156 8
362 1321 8
1505 52 8
421 327 1
447 1446 2
1466 640 1
599 37 8
195 1418 7
324 726 2
648 1131 2
681 1262 2
919 663 8
581 1577 8
1357 1329 2
126 917 8
1025 1384 8
442 1058 2
325 1402 2
311 681 1
162 718 10
634 265 6
804 743 3
411 798 2
420 1450 2
330 114 8
158 1399 6
43 412 5
1564 11 2
1022 21 8
934 483 15
747 1106 2
98 88 3
55 1230 2
759 1207 8
1439 167 2
87 167 2
658 387 8
330 384 3
626 1252 2
325 18 8
1077 350 2
847 222 7
913 671 30
1329 958 3
1054 1309 2
1541 1396 8
928 1239 2
1510 1141 2
439 380 30
601 1438 7
1399 1243 7
1458 1456 30
14 1567 1
681 1314 5
145 395 2
434 381 14
153 11 2
923 1112 2
1130 1424 1
1078 917 8
599 446 2
1081 663 8
109 683 0
591 1518 2
1252 1395 7
372 226 1
543 324 30
20 955 7
510 834 8
527 1419 5
126 1321 8
1355 775 12
1042 116 2
692 1419 8
320 1399 6
1488 551 2
686 355 8
83 850 52
1487 167 8
455 199 7
112 1131 2
217 285 2
1487 63 8
1483 424 2
438 65 7
779 937 8
1180 1373 0
125 1062 8
1474 460 2
430 1324 39
681 579 2
314 1042 2
9 75 3
199 357 2
230 1062 8
1317 177 27
4 1307 14
997 116 7
1304 54 6
433 114 8
997 408 7
300 159 2
526 305 2
886 627 8
211 390 8
406 992 7
581 536 30
655 116 8
850 606 2
514 491 2
325 646 8
1056 493 6
306 42 8
66 1121 2
287 155 2
729 1252 2
474 1000 5
1304 715 7
90 973 9
983 1007 44
493 438 6
1210 392 7
1424 36 7
913 1299 30
1201 32 7
863 1342 7
616 1568 2
558 1214 0
724 526 7
1306 32 7
1209 98 7
160 29 2
1299 1376 2
1173 910 2
254 920 74
1538 1156 8
938 1196 2
360 1342 7
999 1140 77
923 1298 7
503 177 2
479 23 7
923 1636 2
577 620 2
479 757 2
154 1310 8
1330 1325 5
650 1502 0
124 1199 7
64 476 30
171 75 3
601 291 7
780 64 30
779 863 6
21 148 2
899 306 7
184 293 66
1084 1335 5
463 1299 2
527 1132 5
595 114 8
1253 1388 7
746 646 5
337 833 2
1155 63 8
321 938 52
1357 666 12
1144 1389 8
1191 1489 5
1000 17 57
1252 685 8
1037 59 8
98 1137 7
217 1309 2
645 1447 1
410 958 5
208 1345 2
1381 793 8
595 384 3
563 852 8
1283 1373 0
1309 739 27
761 809 1
191 1607 2
311 334 1
27 1252 40
950 270 5
211 1482 8
211 1086 8
333 1062 8
420 707 2
878 798 2
1210 796 7
1215 1116 7
1446 20 2
1317 1493 27
878 793 8
727 109 0
1447 246 2
1424 1128 7
1328 1070 2
350 1094 30
759 365 2
1232 47 48
43 1127 7
295 824 23
1210 1457 8
1087 742 2
1394 1479 27
961 153 12
1198 1252 2
434 3 8
843 533 2
913 324 30
1303 1310 7
1212 63 8
601 695 7
937 1544 2
527 32 8
69 179 8
1042 1148 2
113 1245 5
205 434 14
579 1246 37
1360 384 5
4 39 6
1131 657 21
938 221 2
503 805 2
933 1062 7
1271 486 2
24 590 2
1440 1461 20
126 233 27
1378 1456 2
1269 1416 2
490 54 8
167 685 8
377 730 8
834 59 7
384 21 8
761 810 15
1398 1227 8
373 1086 8
128 34 53
489 21 8
699 462 8
495 1062 8
927 646 1
563 1553 2
186 1325 5
349 1567 2
381 697 14
1359 388 2
19 197 8
21 672 2
546 1140 1
1207 976 5
923 588 8
563 1449 2
104 322 2
631 65 8
878 1156 7
1408 1507 5
1035 1062 8
674 491 2
579 1243 7
570 433 7
172 902 1
1371 450 29
558 1061 2
1321 493 6
673 296 8
1131 603 2
1184 1227 52
233 65 8
388 1325 5
595 292 40
1317 122 27
873 1299 2
1215 37 7
528 1314 8
300 500 2
74 804 2
280 732 7
65 502 7
558 611 34
526 542 2
1394 504 27
872 1396 8
419 1310 8
546 21 8
1103 958 3
285 1525 2
858 716 8
21 101 26
503 1122 6
1502 156 15
292 420 2
166 350 2
494 1087 2
499 1407 2
601 1323 7
713 1447 2
3 4 5
261 2 2
1192 54 8
380 1078 2
159 1252 2
847 1128 8
557 324 50
784 1635 77
595 284 16
784 32 77
1299 925 2
1271 1114 2
999 793 77
309 1239 30
921 377 7
663 717 5
34 769 38
1044 1589 38
89 881 5
923 1243 7
11 764 2
241 450 2
290 65 8
155 893 33
1055 805 7
28 789 8
1025 367 2
371 533 3
126 291 8
191 362 31
747 1335 5
325 1 6
928 32 8
1382 65 7
1382 461 7
799 1062 8
483 273 8
127 22 2
1377 433 7
674 443 12
1252 239 2
982 531 5
1009 909 2
1483 309 2
1024 365 2
47 1325 5
192 1567 1
1029 289 2
438 346 7
733 99 66
1371 1474 29
258 513 30
434 265 6
126 119 8
551 300 2
874 433 7
988 1131 2
1183 958 5
420 360 2
1000 853 12
430 154 2
759 1375 27
804 3 8
804 341 3
1515 513 26
438 616 2
648 661 2
75 1388 7
576 787 8
377 1415 5
238 98 8
1328 327 2
591 1397 0
190 1258 2
902 59 8
256 1375 27
847 1491 7
177 804 2
1322 63 7
1436 365 2
655 1377 8
686 193 5
1371 1070 5
1084 936 8
720 1424 1
957 1207 48
302 534 7
875 63 8
1527 22 8
1330 462 8
479 623 6
1530 65 2
601 244 7
1200 298 8
262 1252 2
297 52 8
1177 21 27
503 458 2
377 388 2
634 393 8
527 269 8
402 75 3
315 513 30
1502 209 2
599 1292 33
996 573 15
1284 129 2
285 769 8
387 1419 8
273 663 8
1215 763 5
982 1227 5
956 21 8
498 65 8
337 735 6
1506 77 2
392 32 8
701 882 2
1025 1287 2
533 421 30
1401 1314 8
952 377 8
28 502 8
1271 363 2
430 517 1
1130 850 1
555 1399 6
813 663 8
36 172 8
863 1325 5
155 852 8
1310 743 5
1213 850 6
565 104 2
1252 1555 2
1009 1491 7
819 813 8
771 487 1
502 761 15
1252 1550 8
167 960 30
346 90 8
1355 201 12
1460 981 2
650 1070 2
1262 1388 61
910 1217 8
634 95 6
695 533 3
1108 1156 8
1548 59 7
515 599 1
87 65 2
981 324 7
205 59 7
880 1084 2
1019 793 8
343 172 8
620 1375 27
125 1304 5
140 1156 5
514 89 2
747 1578 7
1507 742 57
761 39 8
1156 937 5
65 51 7
1394 449 27
1540 1396 8
576 31 14
66 219 2
1084 458 33
167 1389 7
292 365 2
401 697 2
1550 172 8
1355 683 0
1460 1255 41
706 1227 6
736 167 8
1078 1148 2
186 462 8
833 2 2
784 1580 77
841 167 8
1375 891 7
145 913 2
437 1070 5
360 882 2
586 1424 2
923 1630 2
270 239 2
161 298 8
594 644 2
32 891 7
508 90 8
1379 805 2
1188 450 50
125 673 2
581 68 1
1358 1131 2
1047 662 2
479 1139 33
420 1305 6
1325 139 5
197 1342 7
1468 955 7
1371 1062 8
586 1252 2
1424 1335 5
795 855 3
1010 1156 7
1544 341 5
638 513 26
98 1073 2
1483 650 2
581 729 2
902 1342 7
98 235 7
670 686 7
1483 546 2
787 792 7
945 1392 67
460 595 12
325 607 7
317 833 7
1110 656 2
98 609 2
540 914 2
1309 233 27
1228 1460 7
1308 1062 6
421 531 2
75 937 7
1371 1392 30
1436 1375 27
671 92 8
627 63 7
1264 1325 5
903 487 8
1304 1301 7
69 1156 8
172 1298 7
555 563 2
55 39 7
1080 914 2
620 1042 2
1394 1077 27
434 808 8
514 1009 2
1533 599 1
634 114 8
98 176 45
1326 21 8
919 1557 1
533 140 8
858 1581 8
318 1631 80
618 661 2
711 1446 2
1458 311 30
450 596 30
391 325 2
28 1097 7
98 830 30
601 189 7
501 1396 8
237 718 1
634 384 3
938 1026 2
30 145 2
852 22 8
406 172 8
329 1237 36
1131 156 15
362 877 2
1084 813 8
150 258 2
577 1242 2
992 412 5
22 1212 8
1140 1170 0
155 474 2
1164 1418 7
1460 451 30
311 418 30
581 1133 2
1344 753 57
1359 942 33
64 598 30
483 158 8
1259 306 2
337 284 6
1199 958 5
457 65 2
102 1345 2
563 1047 2
29 39 8
661 1418 7
250 1310 8
661 1377 6
442 959 7
61 1062 1
854 1469 47
107 1322 13
855 98 30
596 462 8
362 806 30
1164 80 8
1317 1391 27
1502 1201 15
997 1330 7
81 1567 2
1340 1132 7
1214 1062 7
1031 958 3
1316 442 5
652 1210 6
1110 1342 7
108 179 8
437 1359 2
923 410 8
311 893 2
1136 462 8
643 850 6
1446 246 2
834 1399 6
1553 662 2
156 938 1
1232 102 8
1315 1314 7
627 1379 7
1106 329 2
1014 22 8
270 233 27
886 1377 8
491 1237 36
1208 718 2
671 1403 14
995 311 33
483 594 1
557 362 30
133 1419 5
450 1292 30
747 1173 2
543 269 8
1429 102 7
1084 1217 8
1187 211 1
403 685 7
1399 1482 7
199 119 8
1184 798 2
674 718 10
293 384 3
419 1132 66
172 296 8
977 499 2
747 458 33
63 855 3
273 1309 2
14 1446 1
183 270 2
439 551 30
466 54 6
601 817 7
1351 1206 36
601 1213 7
1025 1298 7
126 1565 2
126 1169 2
503 1031 2
903 513 26
471 1062 6
1413 167 8
21 1362 2
907 1632 2
1412 139 2
517 98 14
800 167 2
263 2 2
576 1395 7
1152 675 2
1379 750 2
28 387 8
271 167 8
951 1062 3
1377 1342 7
145 97 8
891 1399 6
126 1393 2
506 1070 5
360 462 8
1291 1072 8
240 150 2
22 70 2
489 1227 8
792 833 7
858 1578 5
907 1460 2
569 433 7
792 1125 7
932 52 8
676 1345 2
1479 362 2
595 586 40
565 677 2
1378 199 2
1359 191 33
997 355 7
900 462 8
98 622 2
812 883 14
696 1062 8
1291 999 14
387 1325 5
673 423 2
322 1144 2
322 651 69
61 311 1
928 1616 41
1442 780 2
534 214 2
199 424 2
1315 136 52
1570 1419 8
1446 1562 2
499 1409 2
293 1097 7
98 112 7
913 850 30
779 936 8
521 1317 7
633 1062 6
409 662 2
338 531 30
641 1156 8
1456 1457 30
718 1187 0
514 662 2
847 1381 7
607 1447 2
632 796 8
173 362 2
655 183 8
1394 626 27
1078 1393 2
485 43 6
718 950 33
858 838 8
21 223 26
292 938 2
499 853 12
373 1279 7
865 129 8
1174 1375 2
1141 1315 6
736 52 8
768 533 3
739 59 8
556 1499 10
285 39 8
377 942 33
510 1305 8
813 433 5
1283 1446 2
294 39 8
170 881 3
693 1375 27
1299 1443 2
599 890 33
265 533 3
912 581 2
372 728 7
1271 229 33
1313 1070 5
876 531 5
471 2 2
126 855 3
1160 1310 8
515 847 0
879 656 1
896 686 1
673 1515 2
790 491 7
152 513 30
233 1342 7
155 54 8
256 59 8
564 584 2
1029 911 2
341 242 7
583 75 8
579 436 2
324 550 2
610 1507 5
576 685 8
206 150 2
98 808 7
1418 513 26
653 1567 2
1304 1213 6
672 172 2
300 1026 2
1019 63 8
796 59 8
1360 836 3
442 778 2
503 1315 5
1215 891 7
1003 98 33
433 855 3
1554 1351 2
1040 65 8
411 914 2
1317 872 27
1216 63 7
1210 1259 7
1215 1183 7
295 254 12
528 466 2
419 129 8
287 1314 2
306 341 59
927 813 15
43 1298 7
973 80 7
512 1112 2
1084 771 2
176 997 2
176 601 2
614 533 1
1087 517 2
686 23 5
35 377 1
1429 47 7
167 241 2
528 2 2
544 1456 30
1087 908 8
285 672 2
222 483 15
1405 569 2
313 28 8
1007 241 35
902 1325 5
456 1475 5
1424 1127 7
595 1604 38
147 450 7
14 599 1
1054 1029 2
852 600 2
601 762 7
876 1227 5
1496 677 38
1299 468 2
927 489 1
1271 657 2
1271 261 2
1173 2 2
365 1196 2
1262 355 7
1344 1430 57
350 1298 7
657 573 15
1291 947 44
391 1291 30
1408 971 9
301 1215 77
1146 1217 7
483 1127 8
125 563 2
126 1437 8
145 42 8
362 1377 8
21 843 2
1379 335 2
588 1419 8
1488 667 2
1201 533 5
1140 108 7
961 861 30
1140 446 2
699 65 8
89 1418 7
1557 554 57
1303 1475 5
85 1424 2
1253 62 2
1014 330 7
1447 717 2
808 793 8
675 942 2
558 452 12
80 662 7
1463 102 8
1128 1419 8
1210 1199 7
371 1070 5
1239 70 2
634 613 6
533 1122 2
619 1375 27
499 91 67
1210 1491 7
433 1437 8
1227 355 8
1138 533 3
625 1424 2
396 823 16
487 1057 57
1144 77 35
657 910 2
293 250 7
1499 591 10
662 1230 2
739 1342 7
1338 1396 8
534 1047 33
842 377 1
526 421 2
847 638 7
1262 1237 36
850 722 2
179 916 8
1394 279 27
1215 140 7
855 1042 2
718 1226 12
737 350 2
259 792 6
66 841 2
1230 600 55
841 362 2
54 1131 2
1078 1437 8
1304 435 7
1076 426 7
1284 1447 2
329 70 35
479 1081 6
1084 83 8
861 534 2
263 747 2
1340 533 3
1000 972 9
55 298 8
466 627 6
439 1124 30
170 92 8
466 1315 6
1259 1575 2
804 1230 2
360 1062 7
1545 167 8
1055 684 7
1058 21 8
1383 1025 7
517 671 14
572 1344 37
1271 611 34
261 397 2
177 1314 5
170 782 30
1357 0 0
654 1469 47
306 338 5
1166 59 8
638 1070 5
541 513 26
913 1156 7
1483 840 2
661 183 6
1082 1239 30
565 958 2
1155 179 8
362 298 8
402 658 0
724 513 30
350 588 8
109 1395 7
491 114 8
901 1342 7
1001 910 2
792 638 27
1029 460 2
1252 743 3
217 1029 2
1359 368 33
997 928 7
1122 300 2
107 1550 8
1003 466 2
696 32 8
349 591 2
346 1236 8
519 1488 7
1207 0 5
102 433 7
744 499 1
533 1004 27
1439 1607 2
323 155 7
1222 663 8
107 1482 8
1562 732 7
1562 1070 2
466 990 5
1424 848 7
55 603 2
489 1210 6
289 365 2
747 771 2
1237 483 15
600 252 6
530 958 3
285 716 8
611 1200 2
216 1456 30
399 581 2
372 978 1
929 1310 7
1249 1062 5
1265 493 6
349 293 0
269 808 8
833 1544 2
371 1062 8
533 368 30
604 499 2
22 1443 2
359 1253 2
752 1310 8
1042 158 27
381 1144 44
476 1359 2
1245 837 57
577 1364 2
224 386 1
917 1474 2
1129 53 1
1527 21 8
350 1243 7
42 269 8
576 1389 7
701 365 2
479 1059 7
1087 53 35
401 167 8
1229 83 6
157 139 3
1329 1325 5
28 277 8
1259 32 2
949 961 35
1236 1310 7
909 29 2
447 1447 2
669 1314 7
923 308 8
1025 347 33
546 1210 6
547 690 1
1129 318 2
442 685 7
324 727 2
193 992 57
3 167 8
1104 1360 2
623 1399 6
1295 958 5
1355 360 2
323 491 7
934 948 15
672 1141 2
1329 325 1
590 1578 5
1351 1112 2
692 958 3
546 1084 1
133 1317 5
1463 47 8
406 433 7
109 685 8
445 1575 4
221 75 8
416 961 2
1003 671 33
528 747 2
447 63 8
66 166 2
59 1 6
1047 513 26
281 531 2
373 1138 52
205 167 8
1262 453 35
450 1518 30
961 552 1
747 1003 2
842 718 1
160 1131 7
463 477 71
775 397 75
838 269 2
59 1418 7
277 1575 2
655 1384 8
512 1243 7
58 774 2
971 1008 39
401 576 2
1042 854 27
502 581 2
411 1310 8
1174 577 2
32 780 2
439 381 30
1144 246 35
1424 97 7
1404 2 2
847 119 7
903 1070 5
828 1456 2
147 1460 8
32 297 6
470 1062 6
52 101 8
443 1063 5
823 362 31
380 798 2
497 58 2
205 1460 77
1166 1342 7
499 453 34
265 1396 8
938 569 2
145 292 2
34 593 38
170 37 8
155 1328 2
1488 620 2
834 1141 2
605 533 3
270 743 3
295 925 10
140 300 2
167 1139 30
145 620 2
805 1396 8
1030 595 53
722 1456 30
527 109 5
128 882 2
609 63 8
1251 129 2
923 1233 2
695 1062 8
840 1392 30
1344 228 57
290 1325 5
98 114 7
1247 89 2
287 1475 5
438 462 7
581 504 2
112 1424 2
98 406 7
558 1409 2
725 441 66
1352 327 2
673 545 2
306 1381 7
1474 357 2
673 936 8
1210 169 7
1140 596 33
1101 129 7
1317 74 27
1336 531 7
997 805 7
462 147 8
98 676 2
599 441 0
1217 63 48
906 269 8
862 1396 59
295 528 2
295 1124 33
1141 776 5
974 499 2
1209 167 7
1073 1299 2
833 531 7
1314 1047 33
1497 172 5
214 1245 5
1424 37 7
309 600 44
158 1419 8
462 1187 5
147 94 2
285 265 8
161 769 8
582 1405 2
52 1125 8
1055 929 7
650 21 8
562 483 15
619 1310 8
161 1457 8
157 1125 8
573 1004 1
601 360 7
636 75 3
658 1187 0
1200 18 8
591 1500 33
1383 910 7
485 493 6
923 1637 2
367 576 2
268 167 8
285 139 3
823 1200 2
211 412 5
285 489 8
268 63 8
170 1459 30
1502 617 2
531 1139 30
1360 68 1
830 126 2
523 293 0
337 1230 2
1137 59 7
1292 697 14
761 441 0
1245 1231 17
29 502 8
337 416 27
1063 293 0
1478 1025 2
1137 32 8
899 531 7
575 167 8
171 1070 5
553 564 2
679 179 8
667 32 7
1316 992 1
70 1025 1
1557 444 57
1232 116 48
933 533 5
584 145 40
1446 417 2
910 937 8
1178 1225 0
761 1097 7
656 940 2
1190 1664 1
35 1062 7
1055 855 5
1321 172 8
1080 938 6
66 1004 27
1192 1161 7
1209 795 7
1124 63 8
779 83 8
1211 104 2
796 1325 5
32 911 31
1516 576 1
279 300 27
285 898 2
1183 697 7
273 792 2
1084 562 23
270 1338 2
267 882 27
910 866 36
1174 126 2
1158 929 7
601 1384 7
1200 646 8
45 661 2
1253 1315 5
1506 993 2
1183 1025 7
126 1340 2
1547 834 8
1127 1245 5
195 636 20
856 1207 8
157 384 3
228 1070 5
938 514 2
1262 523 2
227 809 1
377 1127 8
510 92 8
167 983 2
255 503 2
1141 1169 2
161 18 8
1055 178 7
1174 350 2
701 938 2
1152 450 2
1466 1678 1
449 798 2
684 1200 2
899 1227 7
21 1069 2
1177 487 8
1481 1129 7
1112 179 15
1429 1578 5
218 1132 7
889 1469 47
563 1450 2
998 104 5
675 840 2
753 573 15
1482 1396 8
907 1631 2
65 1472 5
1463 355 7
457 1156 2
1047 377 8
337 648 27
1009 282 2
1456 1303 2
1479 533 2
1252 3 8
1152 377 8
550 1446 2
774 172 2
1252 341 3
742 658 0
576 228 8
1009 178 2
917 663 8
1355 1329 2
285 223 26
1022 663 8
270 284 30
681 129 2
77 327 2
217 1310 8
147 1616 41
281 66 27
325 665 2
322 1310 8
1449 34 53
1337 1396 8
973 543 1
600 1125 6
1044 577 40
109 1550 8
980 662 2
462 908 5
1212 1156 8
1215 726 7
1252 1335 5
441 22 8
487 1044 17
1323 63 8
455 697 14
1210 46 7
98 1403 14
961 1516 7
475 513 26
761 387 8
65 1133 2
1314 596 33
466 1213 6
158 577 2
1158 1166 1
1081 914 2
270 759 2
506 793 8
1525 325 2
1539 1396 8
54 1207 7
601 13 7
1153 1227 52
317 1566 5
441 1062 5
606 671 2
1061 1070 2
1085 939 13
28 1213 7
607 1446 2
835 167 2
403 88 3
34 1166 38
228 136 6
1313 75 3
148 1007 2
255 1131 2
548 1469 47
1047 1078 2
161 646 8
594 992 2
479 703 2
1041 172 2
246 433 7
565 1252 2
931 1310 7
1252 704 2
912 269 6
699 992 2
1245 727 57
900 938 2
905 1258 2
928 330 2
563 475 2
1421 433 5
673 894 2
1228 1589 1
325 1069 2
1480 1351 2
1259 21 8
1572 1315 7
551 661 2
695 32 8
903 616 2
301 294 77
1106 658 0
1158 47 8
238 167 8
176 350 41
725 1014 66
1036 269 2
879 1488 2
673 1217 8
228 1062 8
247 63 8
988 1424 2
1137 269 8
65 1199 7
75 1389 7
546 677 7
1439 126 2
1178 1170 0
65 1491 7
66 1367 2
1317 647 27
599 1014 0
383 477 41
1394 1493 27
362 750 30
55 829 2
303 479 2
662 39 7
1392 1187 0
317 1550 8
768 1062 8
1108 65 8
363 533 5
303 433 7
55 387 7
925 1132 0
417 1131 2
55 1121 2
847 1388 7
160 671 2
4 939 15
884 28 8
514 1357 2
646 172 8
156 590 1
1253 594 10
285 843 2
47 591 2
843 479 2
747 562 23
1184 914 2
493 908 6
89 1578 5
1132 1578 5
1424 1298 7
167 704 2
479 228 6
285 838 8
350 424 16
973 125 2
483 246 1
272 1584 28
1007 704 35
606 1299 2
1054 804 2
479 957 7
1148 1342 7
401 65 8
1421 21 8
747 820 8
395 1396 8
33 104 2
126 889 2
1526 21 8
150 606 2
150 210 2
483 929 7
815 1446 2
47 1310 8
155 530 2
143 1310 8
1078 808 8
605 1396 8
510 37 8
150 898 2
337 369 27
595 1603 38
599 728 8
591 617 2
910 1472 37
550 293 0
238 426 7
1126 1567 1
563 707 2
1054 1419 8
527 1310 5
126 1212 8
793 789 2
1377 1062 7
1375 92 7
1355 666 12
211 815 78
923 435 2
598 330 8
668 958 1
1140 617 2
874 1062 7
670 59 7
1321 43 6
533 255 27
796 462 8
1314 1428 2
67 658 0
718 683 0
168 1141 2
795 114 8
1196 1424 2
1000 1047 33
1317 68 27
639 1483 2
328 59 8
603 513 26
1507 1499 57
1317 360 27
686 1578 5
172 1108 8
601 1337 7
160 1299 2
1211 677 2
195 891 8
961 674 1
317 471 8
277 1009 2
581 31 30
850 893 2
867 923 2
1271 452 12
761 728 8
199 904 9
603 677 2
1416 199 2
329 241 35
1502 1256 7
373 1395 7
1119 1456 30
1129 1267 1
1397 792 7
505 350 2
1085 884 13
1383 508 7
1375 1230 2
483 1161 7
595 1384 8
145 1305 8
577 219 2
222 1062 1
1055 459 7
602 576 2
337 1393 27
1350 1025 1
241 58 7
1155 22 8
1172 52 8
32 1126 2
510 957 8
1055 355 7
653 293 0
917 1309 2
1358 1424 2
126 138 2
1025 209 2
887 109 0
1062 114 8
322 493 6
674 377 2
22 855 3
1056 1310 8
790 211 7
1161 1310 8
914 1495 2
1201 948 15
1024 311 2
710 533 3
192 779 6
1220 1062 6
1232 714 1
1140 1199 7
876 958 1
341 300 2
217 804 2
22 519 30
1009 751 2
1340 109 7
576 743 3
584 21 8
334 910 2
322 804 2
1131 1177 2
1316 590 1
441 330 7
570 75 3
442 206 2
20 32 8
199 480 2
673 766 8
1324 656 1
1004 462 8
798 68 24
442 498 2
915 63 8
1458 675 2
1065 293 0
1456 101 2
1213 433 7
1413 1342 7
576 1124 14
324 494 2
534 1250 2
797 59 8
1304 865 6
173 732 7
847 1437 7
534 523 23
160 324 2
510 1388 7
1309 854 27
55 728 7
189 59 8
869 126 2
271 1342 7
870 1396 8
512 436 2
1176 910 1
1480 718 10
1360 152 30
731 300 7
631 1070 7
1405 289 2
618 662 2
616 88 2
1245 1076 57
1424 1243 7
285 783 8
1200 244 8
738 59 8
1520 433 7
1547 36 8
1461 350 30
533 539 30
872 533 3
1391 1405 2
104 776 5
63 114 8
927 605 1
359 1419 8
915 499 1
568 661 6
1041 1141 2
170 893 30
1 269 6
29 796 8
337 314 27
1166 462 8
1312 1070 5
681 1502 2
59 1578 5
230 1239 33
1146 937 7
919 1200 2
1082 761 15
1375 37 7
420 623 6
907 1229 2
22 1437 8
910 444 2
445 211 1
29 728 8
1391 21 8
654 327 1
417 1507 1
1456 505 2
792 102 7
676 718 2
1357 458 33
792 836 2
328 1342 7
620 269 20
1014 533 3
581 88 3
662 1122 2
346 36 8
1210 1315 7
1210 919 7
999 1062 8
4 455 14
179 1578 7
1447 77 2
1442 445 2
900 59 8
297 595 53
880 634 2
1456 830 30
1221 1460 8
1183 923 7
1547 1128 8
1402 792 6
1283 491 2
1394 395 27
1179 433 7
499 610 2
350 309 16
1405 917 2
195 80 8
503 1054 7
292 311 2
464 1304 5
190 52 8
677 1609 47
387 21 7
1244 761 15
137 59 7
636 487 8
1271 713 2
55 18 8
601 1110 7
692 493 6
157 272 8
718 1274 12
337 1377 6
33 677 2
205 1631 77
145 859 2
581 241 31
377 957 8
533 1459 30
365 1148 2
256 1207 8
239 1078 2
1176 533 3
193 1567 57
563 638 27
40 98 8
1303 433 3
337 1338 27
1188 396 50
573 83 1
866 483 15
565 350 2
170 606 30
128 365 2
702 155 7
950 377 8
182 958 5
899 1349 7
1377 32 7
1140 1212 7
1266 1062 8
780 1025 1
285 384 5
806 145 2
774 2 2
362 18 8
1398 75 8
104 1133 2
547 178 1
1296 533 5
98 181 7
722 958 5
997 648 7
1483 492 2
102 199 2
1474 528 2
317 820 8
119 958 3
1239 855 3
979 662 2
537 971 74
126 1118 5
1317 641 27
1336 306 7
420 147 2
311 165 7
1314 890 33
84 32 2
1103 1207 8
1144 425 35
232 1344 5
300 623 2
1144 717 35
1424 568 7
659 958 3
847 1382 7
1056 269 6
961 1247 1
738 1342 7
225 293 0
976 1140 2
581 604 30
603 958 2
1210 168 7
514 1351 2
1538 1396 8
377 1274 12
294 796 8
493 506 6
1455 1456 30
747 983 33
1413 1156 8
55 255 2
199 750 30
270 485 2
58 262 2
1460 173 30
792 101 26
311 536 30
35 433 7
1075 426 7
1283 1447 2
534 453 34
590 908 7
55 646 8
1515 104 2
1532 134 2
601 135 7
1083 970 9
1249 1178 5
601 869 2
1330 22 29
1054 793 8
391 563 2
505 1314 8
124 980 1
1405 166 2
1354 1575 2
1215 654 5
1258 26 2
920 940 2
126 23 2
928 556 2
1379 68 2
218 325 2
779 1327 6
673 1120 2
735 973 9
240 675 2
681 1447 2
1317 1335 5
558 873 33
362 646 8
350 936 8
992 1002 2
1304 881 5
923 424 8
29 277 8
282 293 0
792 47 7
1250 179 8
324 447 2
900 1342 7
780 675 2
558 209 2
1012 732 7
280 293 66
435 172 59
891 1419 8
234 533 3
377 1246 5
1031 462 8
1010 59 7
1351 436 2
1541 1475 37
211 1550 8
631 1424 1
197 433 7
503 46 6
1055 338 5
1087 982 2
109 743 3
362 976 30
424 450 8
222 948 15
1545 1342 7
635 1000 1
519 503 2
195 139 3
528 462 8
1124 1144 44
343 63 8
1326 663 8
922 64 30
673 776 5
1314 523 23
632 114 8
671 960 30
170 1491 7
844 1345 2
325 1448 30
145 681 27
1239 1371 30
377 929 7
110 1392 1
625 958 3
938 854 27
727 1567 2
1550 63 8
77 21 8
928 1310 7
681 1373 0
1271 274 12
938 289 2
1475 1231 17
1394 168 27
912 1502 2
73 1373 0
433 471 5
858 421 9
1129 401 1
1304 1577 5
1092 958 5
1053 433 7
373 1550 8
501 533 3
1137 462 7
340 487 7
1124 269 7
1208 658 0
869 792 6
311 1098 1
540 581 2
1216 1156 7
98 230 7
576 3 8
1321 269 6
576 341 3
217 793 8
1108 1342 7
849 350 30
997 593 7
1225 21 48
1204 1342 7
1483 437 2
1357 367 2
1309 1230 2
778 661 2
416 1309 2
872 1141 2
211 471 8
1317 190 27
66 514 2
98 495 8
992 543 2
32 88 5
499 1251 2
1436 269 2
1287 1262 2
591 115 15
1304 796 7
118 1325 5
1056 656 1
166 882 2
576 1335 5
850 723 2
647 63 8
829 462 57
858 789 2
1546 269 8
981 1405 2
179 813 8
1045 1291 16
1078 233 27
377 1161 7
1055 357 7
1141 865 6
272 1062 7
1075 21 2
1140 441 0
33 958 2
1177 1062 8
927 1118 1
261 466 2
833 958 3
573 724 1
712 433 7
1240 75 5
1229 1127 6
4 735 6
599 824 23
145 1036 2
28 1321 8
1009 1289 36
337 1223 27
577 737 2
300 893 30
1156 1243 7
164 167 8
914 1393 2
337 1515 27
674 1359 2
268 179 8
199 919 30
1030 651 53
581 1024 2
1561 958 5
270 463 30
1401 462 8
1372 285 7
1357 771 2
1082 21 20
810 65 8
346 1305 8
205 1342 7
1474 877 2
442 500 2
1266 32 8
216 1200 2
479 743 3
583 21 8
1029 857 2
122 616 2
547 751 1
713 63 8
307 362 2
322 675 33
344 663 8
85 346 2
1223 1309 2
563 78 2
27 577 40
647 426 7
241 1239 30
992 879 2
1239 991 2
311 784 2
158 377 6
869 420 2
210 63 8
311 629 64
545 150 2
144 52 5
229 1345 71
199 1389 8
255 958 5
1561 327 2
995 958 3
530 590 2
1080 1141 2
209 327 2
300 1196 2
169 1314 7
43 848 7
1084 717 2
483 485 1
50 477 2
285 618 2
204 658 66
1414 433 7
1317 936 8
1416 1345 2
863 129 8
1084 1004 8
766 533 3
737 59 8
270 1058 2
1084 282 23
1551 681 4
876 65 8
1475 727 57
1439 948 15
229 1567 1
273 1200 2
616 210 2
508 1305 8
172 83 8
1515 677 2
297 958 3
883 1456 30
1275 359 7
1200 1578 5
1375 39 7
1078 291 8
636 377 8
371 1314 7
988 1456 30
150 381 2
988 179 15
22 1340 2
21 857 2
1126 362 31
475 616 2
227 133 1
1345 272 31
780 295 1
155 993 2
29 626 8
337 540 27
1029 1553 2
104 1004 27
450 1554 2
563 878 2
449 914 2
320 377 6
1206 483 15
905 350 2
420 412 5
707 150 2
555 779 6
590 39 8
1029 739 27
1242 1141 2
1359 401 2
1084 614 67
632 939 15
1573 4 1
569 662 2
104 335 2
512 1206 36
570 533 3
912 63 8
212 477 2
1080 1062 6
1391 179 8
960 513 30
205 591 7
346 158 8
1253 341 3
775 466 75
1528 1494 1
1570 1310 8
880 522 7
1170 372 1
420 638 27
1087 1550 8
98 3 7
719 1210 6
1505 75 5
1447 264 23
1403 1325 5
1401 792 6
305 145 2
483 338 5
961 548 7
1098 21 8
512 848 7
981 662 2
176 1129 7
1438 1314 8
1219 63 8
847 917 8
1016 755 5
632 291 8
1207 312 7
843 882 2
434 347 14
592 1399 6
499 452 12
717 812 2
926 491 1
1085 727 13
1373 341 5
61 462 8
912 1373 0
900 1325 5
858 1125 8
848 1156 7
52 102 8
32 1073 2
722 1424 2
55 244 8
1424 390 7
1076 350 2
195 1380 20
145 689 2
575 1342 7
466 865 6
1258 189 27
4 284 6
145 981 2
377 753 23
29 1213 7
1439 581 5
350 607 2
923 1302 2
76 958 5
1460 620 82
914 1338 2
117 1084 1
557 1310 7
1479 1345 2
1299 998 29
415 324 5
1567 428 1
673 322 2
945 179 8
228 563 2
145 908 8
1028 126 2
305 576 1
1253 1054 7
440 1474 2
122 269 2
296 462 57
1232 1556 48
912 300 2
107 808 8
1155 21 8
447 1156 8
977 1070 5
220 325 2
1481 581 3
1567 297 2
234 1396 8
957 1325 5
350 536 30
930 1029 40
837 658 0
1120 63 8
1392 683 0
300 917 2
673 937 8
526 667 2
13 21 8
1445 910 2
992 824 2
328 462 8
1237 65 8
1271 1225 0
109 341 3
623 1424 2
591 1514 0
1317 763 27
1536 377 52
434 1439 14
883 779 8
1497 1325 5
737 1342 7
30 513 26
847 1212 7
1100 466 2
581 830 30
747 717 2
631 850 1
279 675 2
1282 1271 1
36 1345 2
148 1131 2
623 1252 2
1507 523 57
30 677 2
241 534 1
510 1491 7
109 1335 5
261 747 2
167 424 2
1140 1014 0
59 318 2
573 1005 1
601 361 7
83 129 8
262 577 2
713 89 2
546 1456 30
1460 348 41
172 424 8
928 850 2
266 1359 2
1438 167 8
1163 1252 2
606 973 7
671 823 31
1500 1355 2
349 1009 2
126 609 2
609 1156 8
53 433 3
483 1086 8
377 401 2
1551 162 4
1502 222 2
668 75 5
1245 1075 57
56 1392 30
579 685 7
1028 66 2
651 158 40
1258 148 2
596 697 14
1541 311 35
1352 686 7
1421 293 66
997 1570 7
636 1070 5
218 109 7
226 1375 27
661 1153 6
673 1242 2
1031 365 2
1251 1446 2
1480 533 3
923 213 7
923 650 8
337 417 27
551 1405 2
202 656 1
539 1299 2
588 1310 8
32 249 8
648 1078 2
1461 600 2
462 1578 3
1217 1156 48
812 31 14
1258 471 8
343 65 8
728 1304 5
643 1210 57
581 213 8
334 2 2
116 21 8
85 1310 8
84 886 2
838 1070 5
102 75 3
558 53 34
112 377 8
170 1389 7
66 112 2
347 779 8
1407 1392 7
279 661 27
55 1177 2
1247 22 8
628 269 2
20 1475 5
69 150 2
435 330 8
661 80 8
973 541 2
1317 1217 8
620 531 2
910 138 35
872 1062 8
528 958 3
531 528 2
374 1351 2
268 1156 8
1547 881 3
641 477 70
348 920 1
350 772 16
1527 663 8
195 147 8
0 658 0
195 881 3
738 462 8
241 1507 12
52 47 8
1357 594 10
32 622 2
533 942 30
105 658 0
590 789 2
157 47 8
514 75 3
357 1253 2
145 238 2
981 971 9
41 576 7
1052 433 7
577 335 2
858 113 75
938 411 2
250 179 8
505 65 8
491 1384 8
1373 1384 7
109 1400 2
591 1361 2
170 381 30
1055 471 7
982 661 5
1316 1310 5
1131 1069 2
658 1161 7
314 661 2
306 1395 7
850 911 31
451 1200 2
170 1315 5
350 83 8
1232 929 7
1252 296 8
1184 1314 5
241 434 14
1396 384 5
1163 32 8
220 270 2
183 914 2
211 743 3
420 26 2
199 200 2
462 139 3
1312 1156 7
1317 416 27
75 1054 7
915 179 8
1315 600 52
479 1335 5
786 1314 5
1325 1583 8
599 3 10
550 63 8
1413 1062 7
178 43 6
651 488 38
1230 958 3
295 474 2
1447 837 23
1304 626 7
462 1201 5
1223 1131 2
925 109 0
432 59 8
836 269 2
1414 1342 7
194 104 2
616 1479 2
499 366 33
534 610 2
1268 1468 5
655 355 8
979 661 2
1258 101 26
65 1088 7
938 1211 2
1545 462 8
1299 1287 2
270 1052 2
1390 512 1
1298 601 7
1249 661 5
1544 114 8
403 147 8
157 972 2
1506 1518 2
1055 1563 7
1458 324 30
424 1325 5
324 539 30
961 321 64
1537 958 3
938 1039 2
362 890 2
610 581 3
255 1424 2
577 859 2
255 1419 8
207 697 1
730 433 3
1478 747 2
1158 116 8
533 191 30
373 743 3
1029 1047 2
240 450 2
555 377 6
70 747 1
386 278 9
231 882 2
311 349 1
434 627 6
551 662 2
192 1132 0
790 955 7
325 1362 2
1357 562 23
1232 1161 7
325 1316 7
1164 139 3
1247 1351 2
347 104 8
902 129 8
1253 458 33
325 251 33
905 172 2
1316 938 1
681 1446 2
1460 251 2
1306 661 5
905 167 8
1446 363 2
1110 1396 8
306 685 8
1445 1087 2
406 324 7
1534 1382 2
1099 462 8
156 1055 1
285 912 2
372 739 67
530 1207 8
1304 47 7
986 1594 38
618 1078 2
737 1584 28
534 883 33
1302 1310 8
277 732 7
1317 766 8
35 882 2
1077 34 53
285 839 8
718 666 12
1540 1062 8
1405 1033 2
1547 92 8
401 462 8
155 1287 2
601 934 7
780 311 30
369 616 2
126 890 2
575 882 2
266 329 2
1047 104 2
852 663 8
1391 150 2
1110 661 5
1488 178 1
148 28 8
1270 400 2
1173 466 2
1044 1584 28
454 1424 2
325 223 26
239 798 2
337 1058 27
1031 1042 2
535 1567 1
1025 1243 7
1249 581 1
1036 1258 2
19 40 8
143 270 3
692 1207 8
1354 599 2
42 22 50
1454 675 2
1201 997 5
792 1184 2
1442 528 1
124 728 8
932 65 8
98 297 7
1226 920 74
581 390 8
208 167 7
432 1342 7
1008 167 8
1025 197 8
651 501 38
377 338 5
867 992 2
434 646 8
401 1344 37
531 877 2
883 377 8
534 823 33
533 1581 8
1215 276 7
1309 1333 2
362 68 30
1122 63 8
591 286 15
110 325 19
627 21 7
463 600 71
16 293 0
1056 327 1
377 603 6
98 960 30
849 600 2
734 1360 2
1394 1035 27
599 254 12
98 926 15
910 88 5
736 65 8
365 854 27
1340 1475 5
1271 1061 2
630 32 8
1383 847 2
501 1062 8
403 92 8
277 22 8
1144 183 6
1516 104 2
22 883 2
145 1161 7
1056 1379 8
471 479 2
702 211 7
923 1482 7
269 226 3
1164 1125 8
1460 117 30
1252 546 2
834 52 8
479 936 8
213 850 6
591 823 33
681 433 7
1463 929 7
1355 1191 12
1154 21 8
1045 377 8
483 116 8
1253 1217 8
1474 1340 2
45 1456 30
233 1396 8
383 595 41
564 597 2
273 1314 5
819 424 8
108 1156 8
555 1029 2
506 373 6
1336 362 7
563 244 8
534 1251 2
1505 533 5
581 1416 30
1304 907 7
978 662 2
722 1291 16
12 285 20
49 1575 2
510 1389 7
1321 63 8
850 1126 2
157 1321 2
570 1070 5
262 434 1
89 440 35
1295 1078 2
858 1583 8
1337 533 3
224 293 0
285 393 2
1232 267 55
600 320 6
488 1309 2
503 369 2
1341 32 8
479 949 2
387 601 7
1461 1131 20
1547 37 8
604 671 2
573 1127 1
1275 530 7
1054 1042 2
1367 1375 27
772 793 77
317 829 5
927 606 1
686 646 68
483 916 8
595 702 8
872 1304 5
365 917 2
1405 514 2
357 747 2
1382 1396 7
32 152 2
1025 191 33
974 1239 30
1052 661 2
903 1258 2
462 1097 7
309 761 15
679 433 7
218 673 2
898 1131 2
1567 888 23
1391 22 8
1359 572 2
1348 1502 2
1210 1384 7
911 1062 8
420 189 27
832 658 66
533 911 2
852 595 41
109 1217 8
683 1567 4
576 119 8
421 1475 7
545 1309 2
532 167 2
1131 99 2
1329 434 2
536 1345 2
515 109 0
1567 1112 23
208 450 2
1070 88 5
416 1029 2
731 997 7
338 533 3
306 1550 8
1135 462 8
190 126 2
895 32 8
910 724 35
74 300 2
381 675 2
616 1077 2
277 1351 2
1555 804 2
606 1557 12
303 75 3
1207 87 7
211 1335 5
841 479 2
21 995 1
503 1393 2
408 75 3
1394 292 27
1551 1480 4
841 433 7
267 462 7
971 125 2
183 663 8
269 1212 8
1396 908 7
604 1299 2
671 743 5
1404 466 2
205 1632 77
145 464 2
1156 321 2
498 1396 8
1047 677 2
729 958 3
1399 42 8
910 1199 7
1307 32 8
945 22 8
599 160 33
1061 1253 2
508 37 8
663 901 5
524 1392 30
1232 436 1
373 341 3
570 1062 8
1567 203 1
591 476 33
1466 94 1
322 43 6
452 920 74
882 68 1
205 1062 7
686 424 8
1253 771 2
1140 824 23
42 199 50
900 365 2
1252 423 2
1408 658 0
362 417 30
346 957 8
1359 381 33
373 1335 5
102 533 3
1223 1029 2
442 147 8
442 881 3
420 148 2
644 1322 13
1210 633 7
850 1139 2
158 493 6
1215 557 7
616 667 27
1436 325 2
1084 901 2
1207 783 7
178 269 6
639 350 2
1287 1132 0
347 1239 30
932 75 5
934 1424 1
502 1345 2
1437 109 7
769 433 3
269 206 2
43 568 7
398 22 2
420 471 8
1230 1345 55
945 443 12
493 111 6
1210 502 8
981 150 2
1552 766 8
938 1333 2
1405 235 2
1141 1213 6
365 739 27
617 1070 2
605 1360 2
1284 89 2
1406 65 2
759 129 8
176 199 2
55 543 8
155 25 2
921 1131 2
1337 499 21
637 801 10
508 957 8
350 568 7
1044 798 38
479 1217 8
450 603 6
163 32 8
648 938 6
1252 1515 2
32 92 8
373 486 7
584 663 8
915 377 1
1054 1310 8
320 493 6
514 658 0
189 1375 27
1460 941 2
428 564 2
795 1384 8
923 326 2
675 676 2
324 844 2
1317 1338 27
1487 1156 8
519 1446 1
1144 147 8
582 21 8
1553 677 2
905 2 2
813 487 8
1225 997 48
109 766 8
1253 119 8
563 817 8
744 1140 1
1346 805 2
416 1078 2
534 1428 2
503 735 6
493 1203 6
1087 879 2
869 1456 2
1132 265 8
287 1567 1
1325 730 8
808 1207 5
164 1342 7
292 325 2
508 1388 7
269 1230 2
269 834 2
1076 34 53
1211 172 2
230 503 41
14 1357 1
1151 847 0
945 1351 2
167 535 2
270 1510 2
47 1506 2
522 42 8
1376 686 1
603 172 2
503 942 2
1337 1200 15
503 1338 2
926 211 1
854 63 8
893 513 30
980 75 3
860 1419 8
1460 1094 30
833 1584 28
311 1457 30
166 479 2
1518 433 7
601 1056 7
208 1070 5
692 43 6
271 479 2
506 269 8
419 311 35
1503 1310 8
603 104 2
145 409 2
1416 22 2
392 958 3
271 433 7
98 823 31
1166 1396 8
191 948 15
904 910 84
600 1496 2
1252 1455 2
167 1150 8
148 109 7
138 973 7
457 1396 2
1359 537 12
594 531 8
1493 661 2
157 1398 39
420 101 26
52 46 8
993 1245 37
28 626 8
581 689 2
901 325 1
89 1384 7
833 1325 5
1275 1322 13
658 936 7
998 172 5
208 65 7
409 513 26
558 191 33
804 1120 2
1355 458 33
1506 611 34
447 89 2
98 173 2
167 925 0
990 663 57
547 165 2
617 958 5
83 1405 2
1317 259 27
576 296 8
519 1200 2
997 594 7
1447 1407 2
1483 438 2
343 1156 8
1223 1078 2
1297 1084 1
1198 1375 27
362 574 71
778 662 2
57 136 6
442 92 8
729 1042 2
265 1070 5
846 373 6
1215 502 7
854 327 1
1308 850 6
438 52 8
878 179 8
616 1358 2
1525 961 2
183 1309 2
462 976 5
300 569 2
756 63 7
55 665 2
1437 450 7
842 1359 1
1214 487 8
850 620 2
252 1399 6
497 434 1
430 1610 56
454 1291 16
391 577 2
958 424 7
133 958 1
617 327 2
24 1355 2
227 810 15
1285 732 7
995 1325 5
594 1227 8
177 172 8
601 23 2
145 1037 2
1496 1599 38
686 341 1
1275 24 7
1383 923 7
1506 974 33
476 1025 2
1439 533 5
365 114 8
359 1310 8
577 1030 2
505 1156 8
524 362 30
295 1554 0
464 1310 8
479 766 8
29 291 8
192 533 5
1135 1070 7
32 37 8
454 211 2
1359 1126 33
527 658 66
297 1325 5
533 258 30
1258 259 8
365 384 3
673 1358 2
82 920 1
813 104 8
1413 75 5
81 293 0
61 850 1
992 1298 7
324 789 2
648 798 2
883 1200 2
1481 533 3
80 377 7
205 1567 7
1217 533 59
295 945 2
765 462 7
716 1314 5
1291 980 5
1098 1070 2
1221 1424 2
307 295 2
194 971 2
651 737 2
1215 1526 7
530 591 2
170 1505 7
503 284 6
1087 824 2
569 1070 5
159 1375 27
534 366 33
1221 663 8
756 1029 2
195 39 8
736 1342 7
1304 114 7
974 1140 2
573 1421 1
847 249 7
1317 937 8
75 119 8
867 462 8
999 1558 77
626 1310 8
167 480 2
1062 627 6
124 1243 5
1081 65 7
158 66 2
285 911 2
1207 18 8
377 537 12
910 546 35
147 1131 2
1141 183 6
1329 311 35
1522 63 8
601 1047 2
1055 1570 7
164 1156 8
599 77 2
373 835 7
364 462 8
349 1357 2
155 347 33
33 172 2
938 27 53
938 235 2
1375 728 7
377 848 8
689 1309 2
858 326 8
591 789 2
512 546 35
25 434 2
1029 1450 2
805 1062 8
558 1247 2
1568 1375 27
1039 32 8
1229 273 6
454 1131 2
591 366 33
274 755 5
96 1070 7
210 661 2
1454 450 2
112 798 2
1087 412 5
1307 1399 6
1232 1221 48
158 1325 5
1026 325 2
209 686 7
112 793 8
98 72 7
1447 1352 2
997 143 7
613 850 6
1253 296 8
784 779 7
1000 823 33
1474 23 2
253 1392 1
156 1062 1
442 37 8
1198 651 53
1021 270 3
66 856 2
513 1481 2
836 513 26
279 1405 27
600 1138 6
1313 1156 7
66 1148 2
591 61 15
292 461 1
534 890 33
1328 63 7
850 273 2
1211 1141 2
973 889 2
45 1078 2
1414 1062 7
503 1223 2
655 471 8
724 157 7
126 272 31
1405 1436 2
858 730 8
1482 1070 5
1315 59 7
623 958 3
934 850 1
1140 3 10
684 847 0
35 662 2
365 233 27
591 1101 12
573 670 1
590 741 2
140 662 2
145 586 2
638 269 8
938 759 2
565 577 2
489 1419 8
471 1584 28
805 1299 2
350 504 2
577 975 2
1373 71 2
914 233 27
609 65 8
1053 75 3
1357 717 2
1029 1163 2
673 178 1
1122 269 7
98 768 7
314 1405 2
558 368 33
1224 98 16
1001 1253 2
563 488 2
1207 307 5
483 719 15
1304 376 5
1357 282 23
106 362 2
98 1096 7
597 311 35
1478 295 2
1225 199 48
555 804 2
434 904 58
362 539 30
1000 1251 2
1502 934 15
1225 491 48
1239 978 3
311 730 2
1219 1156 8
1125 671 14
1201 4 1
1210 359 7
1446 37 7
92 167 2
631 1310 7
419 21 8
1241 658 66
330 18 8
995 462 8
1019 179 8
266 658 0
1209 461 7
172 498 2
267 616 27
1314 745 2
618 798 2
514 1078 2
979 1405 2
89 611 35
527 59 8
377 178 2
1371 1567 1
4 1377 6
156 311 1
1409 59 7
600 95 6
1317 90 8
503 540 2
148 1424 2
1179 269 7
63 255 2
22 1354 2
632 297 8
499 446 2
479 1120 2
1475 1069 57
858 47 8
373 92 7
55 769 8
1031 1325 5
1351 606 35
309 172 8
586 1375 27
1141 1004 27
297 462 8
852 487 8
735 1227 8
88 1558 5
533 607 30
466 183 6
268 65 8
22 890 2
1372 531 7
337 1213 6
211 312 78
1251 443 12
712 75 3
162 32 8
503 904 9
127 1227 8
818 1070 2
122 1258 2
1364 1131 2
1121 1405 2
337 778 27
151 311 35
1421 1178 5
1355 771 2
455 1424 2
1025 1004 8
301 1399 77
3 433 7
192 396 30
89 982 7
267 477 55
1251 1447 2
789 1262 2
1025 1296 8
1482 1062 8
170 1125 6
1351 685 7
824 179 15
961 357 30
1479 199 2
662 898 2
226 661 7
350 1457 30
533 978 2
194 1252 2
1455 675 2
650 1084 2
73 1502 2
1411 938 1
1232 702 48
417 442 27
528 590 2
279 662 27
932 533 5
1106 2 2
605 1070 5
373 1377 52
1215 392 7
1200 716 8
573 939 15
318 793 80
874 75 3
852 792 2
754 1419 8
434 298 8
1405 693 2
499 31 33
506 167 8
162 733 2
581 440 30
1314 1322 13
102 1070 5
722 1078 2
377 1098 2
1173 590 2
49 599 2
1130 573 15
1174 420 2
1539 1062 8
439 620 30
54 1310 8
1230 1325 5
145 239 2
486 1070 2
591 1046 12
1085 605 13
36 199 2
101 671 16
599 1437 8
595 1006 2
33 1141 2
242 1257 2
1545 59 8
28 1212 8
586 1042 2
912 22 2
577 628 2
56 22 30
1271 742 23
1160 63 8
1495 150 2
937 59 8
1083 342 9
415 270 5
1140 1046 12
1054 66 2
713 22 8
1131 1362 2
681 491 2
1171 167 8
1537 1325 5
63 643 5
1446 1407 2
1253 937 8
1232 872 2
1317 485 27
997 424 7
1132 1583 8
812 952 14
192 792 6
577 1337 20
1215 796 7
401 75 5
1447 853 12
362 192 30
676 499 2
1223 804 2
334 1314 8
442 219 2
1292 573 15
581 844 30
1108 533 3
526 905 2
1210 408 7
527 1342 7
1215 728 7
614 59 5
66 1033 2
637 1511 74
1304 627 7
655 716 8
300 399 2
518 433 7
886 471 8
1413 1396 8
195 1578 3
1547 1491 7
427 32 8
327 347 14
801 481 9
841 882 2
377 1388 7
374 377 2
731 21 7
1295 798 2
270 1053 2
852 104 8
926 961 1
1204 59 8
302 971 9
21 1417 27
1460 241 30
1527 377 8
1448 531 30
373 37 7
1 850 6
1515 172 2
1438 1325 5
835 65 2
563 108 1
847 112 8
938 1436 2
145 1555 2
1042 1052 2
629 32 8
818 327 2
1456 1564 1
1328 961 35
789 109 0
1494 452 7
806 576 1
877 1344 5
657 1132 0
238 34 53
605 1062 8
337 35 27
1000 721 57
1341 1567 1
1378 1360 2
29 855 3
1349 1224 2
232 677 2
575 479 2
1475 1045 12
579 527 7
450 1445 2
1314 1657 5
563 769 2
1031 311 2
696 958 3
689 793 7
575 433 7
194 973 2
899 442 7
442 623 2
689 1131 2
1224 671 16
1239 890 2
19 101 8
510 743 5
311 1371 2
238 65 8
1252 1217 8
393 1325 5
109 937 8
978 1078 2
435 52 8
177 433 7
591 1330 15
295 444 23
88 430 7
1443 910 2
1232 355 48
546 971 7
1227 88 59
305 104 2
634 54 6
98 949 44
98 553 44
513 1079 2
1058 914 2
1281 1227 6
533 855 2
424 1310 8
917 1314 5
50 600 2
295 284 33
1429 116 7
1000 481 9
1001 1132 0
1506 1500 33
841 199 2
1247 658 0
365 1333 2
922 477 41
178 63 8
503 1108 8
601 877 2
987 961 35
599 699 2
616 729 2
1174 365 2
928 1424 2
937 1342 7
27 798 38
713 1351 2
470 850 6
350 667 27
922 675 2
591 368 33
40 179 8
150 504 2
1029 638 27
1214 1070 5
1185 172 8
145 872 2
1055 125 7
714 28 2
241 11 64
464 66 2
1350 295 1
577 177 2
477 947 2
1258 722 2
941 98 8
1382 433 7
558 681 2
29 1437 8
1025 1577 8
1457 1557 1
980 513 26
934 1396 8
485 63 8
760 487 5
116 663 8
851 1456 30
878 1396 7
203 1584 28
1228 804 1
763 462 57
1482 32 8
311 1562 1
124 1125 8
98 298 7
671 1389 7
212 600 2
873 1607 2
1019 1156 8
547 232 2
1009 808 8
270 960 31
183 377 6
201 973 74
503 1138 6
1114 98 33
595 368 16
155 1214 0
1327 63 7
988 675 2
616 1133 2
55 102 7
1424 685 7
1209 59 7
1080 581 2
759 21 8
971 541 2
510 1054 7
538 533 3
1156 25 5
526 782 2
1200 1581 8
847 1395 7
45 1200 2
738 1396 8
707 1141 2
638 167 8
1210 222 8
294 855 3
1394 1036 27
599 284 33
503 138 2
643 487 8
270 206 2
222 1424 1
938 1449 2
938 1053 2
1500 1314 2
30 172 2
1355 594 10
1245 742 57
1291 1099 2
1041 479 2
392 1419 8
947 1345 2
269 249 8
126 208 2
340 1355 7
651 851 5
30 104 2
126 500 2
907 671 2
110 21 1
1373 355 7
350 730 2
1456 1509 1
56 199 30
170 851 30
601 855 3
218 442 2
673 841 2
329 614 7
341 662 2
160 573 15
899 491 7
653 1357 2
779 1381 7
673 1133 2
1474 945 2
572 686 7
792 210 2
1009 753 2
208 1156 7
816 21 8
434 865 6
1454 1200 2
307 534 2
1317 1058 27
792 502 2
1566 300 57
507 1456 1
1252 766 8
218 270 2
124 384 3
396 381 16
372 908 5
1172 75 5
1449 677 2
300 1436 2
244 324 29
1003 443 12
724 1084 1
910 37 8
1207 839 7
625 1375 27
1000 366 33
1497 1156 5
569 75 3
1025 53 34
901 32 7
1215 1301 7
403 816 7
273 373 6
880 300 2
1424 917 7
1131 758 55
1140 925 10
1123 21 8
1545 1396 8
1547 502 8
297 365 2
641 533 3
1438 462 8
1119 377 8
580 487 1
1188 63 7
42 433 7
295 229 33
270 1230 2
795 1243 7
294 1437 8
600 613 6
858 273 8
167 646 8
347 1314 5
491 614 7
462 0 5
479 863 6
601 880 7
1287 579 2
750 63 8
126 836 2
1283 89 2
591 248 12
1042 1333 2
381 663 8
601 1172 7
527 1325 5
1193 450 50
1397 403 7
728 59 8
150 53 2
1373 925 2
1119 311 30
923 846 2
858 101 8
21 1420 8
383 1239 30
1052 662 2
582 150 2
1379 417 2
337 1004 27
1053 533 3
579 808 7
442 158 27
1164 47 8
1359 933 2
246 327 2
301 1229 77
125 577 2
1140 1124 33
1153 167 8
442 1196 2
898 1424 2
1355 562 23
442 1150 7
729 1325 5
804 881 3
889 1460 2
1144 891 8
548 327 1
1104 992 1
1254 1310 8
882 667 27
1565 1131 2
1446 901 2
545 914 2
417 1424 27
908 533 3
1304 252 6
395 1424 2
27 450 30
1272 779 5
334 958 3
1223 798 2
213 433 7
1463 116 8
1108 1396 8
1443 1087 2
70 671 2
305 677 2
634 627 6
531 823 2
872 1258 2
992 264 2
284 269 7
528 1207 8
1314 952 33
732 71 1
1287 109 0
859 804 2
1009 685 8
195 838 8
292 673 2
395 1252 2
360 1475 37
1065 732 7
183 1029 2
300 289 2
55 47 7
514 329 2
531 359 2
369 1258 2
171 1314 8
592 779 6
1110 533 3
1075 34 53
1076 882 2
1538 1062 8
1133 533 5
1394 981 27
35 145 2
1084 97 8
634 18 8
285 102 8
32 1199 7
1055 766 7
1174 938 2
455 1291 16
910 275 67
126 1418 7
510 1322 13
32 1491 7
891 1325 5
1506 1409 2
1054 63 8
780 658 0
303 1070 5
206 513 26
1460 97 15
577 458 2
21 1553 2
1156 568 7
655 1578 5
221 1309 2
1359 1561 2
531 976 30
1252 492 2
455 675 2
613 172 8
487 102 8
1567 933 2
665 1070 7
126 80 8
396 546 30
223 311 2
270 476 30
443 822 74
1483 1250 2
823 172 8
790 450 7
1474 890 2
1474 494 2
9 167 8
325 857 2
534 99 0
761 611 1
778 1078 2
1304 151 5
923 90 8
650 1291 33
253 325 19
207 812 1
322 396 33
98 871 7
886 770 2
1502 813 15
300 693 2
195 1097 7
70 1299 2
1225 662 48
1547 1389 7
1271 1397 0
840 1567 1
1019 22 8
514 1025 2
177 661 2
1114 671 33
369 32 30
1557 764 2
1053 513 26
656 777 2
362 642 30
602 75 5
89 1388 61
170 1225 7
52 929 7
877 499 2
941 373 6
671 228 8
1525 1309 2
395 673 2
1144 1407 35
269 603 2
820 961 1
160 167 2
306 112 8
869 365 2
116 938 6
852 330 8
374 499 2
295 611 34
503 315 2
167 200 2
485 1405 2
150 667 27
599 297 2
23 1355 2
1014 1070 5
1119 324 30
576 684 1
601 825 7
628 32 8
888 1000 5
159 66 2
1458 1239 30
14 558 1
1284 732 7
171 167 8
636 98 8
999 1210 77
150 102 2
22 1061 2
1551 334 4
211 87 78
276 167 8
747 282 23
126 1073 2
1382 1342 7
457 373 2
1200 485 30
1259 510 2
450 983 2
265 1511 9
1252 1120 2
316 1210 6
1176 98 8
438 1227 7
1567 1561 2
513 830 30
1229 97 6
676 1025 2
373 820 8
270 1500 30
1000 1046 12
28 291 8
956 1314 5
357 958 3
1291 720 15
432 910 1
392 1325 5
437 1271 2
1460 1234 2
1460 838 2
311 1160 1
337 485 27
582 22 8
185 1131 2
1291 1608 46
295 1001 2
1132 730 8
735 938 52
1203 1399 6
217 63 8
550 1575 2
291 920 1
1131 441 2
1131 45 2
997 259 7
1460 1166 2
34 905 40
420 1069 2
325 50 70
513 909 2
1176 1070 5
403 1389 7
285 1035 2
52 1161 7
330 817 8
806 1392 30
534 118 2
576 284 14
195 387 8
229 675 71
158 1375 27
297 938 2
72 63 8
601 1521 7
527 462 8
45 798 2
176 792 2
443 669 76
222 293 0
434 464 14
743 1314 8
705 386 1
1394 238 27
1447 622 34
568 1304 6
1084 88 3
1502 1090 2
22 272 31
170 119 8
625 1310 8
829 1007 2
1046 1511 74
1262 614 7
1505 1227 8
599 821 2
1401 1070 7
599 1212 8
91 104 5
1003 718 10
396 197 8
673 1004 27
988 98 30
337 889 27
222 850 1
792 1479 2
244 75 3
238 1342 7
674 1025 2
1215 1472 5
387 129 8
170 53 30
1284 22 8
847 345 0
1483 903 2
446 656 2
1291 1307 14
673 335 2
270 421 30
1253 717 2
442 166 2
1520 1070 5
533 739 27
403 1315 5
1253 1108 8
763 792 6
324 162 2
417 1309 27
576 297 8
365 3 8
653 491 2
508 1315 5
300 930 53
95 1070 7
220 442 2
903 52 8
774 533 2
1220 850 6
1421 581 1
1455 1474 2
98 816 7
200 1070 7
1221 63 7
443 1428 75
434 769 8
158 43 6
855 1405 2
661 1578 3
432 533 3
992 837 2
434 1457 8
49 732 7
210 21 8
98 784 14
49 1070 2
42 1342 7
641 1396 8
1396 1550 7
315 21 8
318 28 8
534 31 33
638 2 2
618 914 2
541 63 8
406 75 3
514 798 2
841 1345 2
488 804 2
1460 796 20
419 293 66
148 1144 2
855 21 8
499 265 8
270 1120 2
577 1495 2
759 75 8
1375 1004 27
484 327 1
396 1581 8
475 350 2
573 622 1
490 197 8
126 726 2
1495 1309 2
718 818 2
21 231 2
925 1567 2
560 104 5
577 1031 2
155 367 2
923 444 2
1078 249 8
652 961 35
761 960 1
359 1207 8
1041 533 2
337 206 27
923 340 2
819 719 8
1435 1578 5
593 1419 8
1250 491 2
1483 1135 2
1146 37 7
563 148 2
320 43 6
1567 1110 2
1507 999 19
677 1196 2
586 66 2
314 150 2
563 836 2
386 1517 5
813 793 8
634 1 6
598 167 8
199 1418 7
323 914 7
761 1184 1
1104 590 1
1121 661 2
1215 1199 7
209 59 7
230 462 8
1250 22 8
1135 129 8
576 1217 8
347 172 8
650 512 2
1215 1491 7
362 1283 30
692 311 35
420 722 2
890 779 8
186 1310 7
4 347 14
1317 178 1
140 1062 5
425 1392 7
686 727 5
1533 1084 1
12 804 20
58 905 2
192 591 2
285 980 2
1323 1156 8
116 420 20
747 670 2
507 199 1
973 262 2
847 250 7
292 563 2
55 1581 8
993 434 2
592 377 6
434 18 8
780 1239 30
1058 1309 2
102 1227 6
1394 183 27
722 798 2
377 818 2
402 167 8
127 1252 2
1055 1571 7
599 474 2
616 504 2
373 440 7
1284 1351 2
499 789 8
1275 653 7
944 350 2
519 671 30
1047 172 2
22 31 2
479 1045 33
479 649 33
1015 658 0
259 1007 2
1207 1059 5
145 647 2
457 1342 2
961 877 30
337 834 27
1250 443 12
362 1581 8
1310 881 5
1239 272 31
170 102 30
758 311 35
192 293 0
193 1355 57
792 1028 2
215 1446 2
1359 775 12
29 1212 8
623 1325 5
696 1419 8
1372 1207 7
582 663 8
1505 1396 8
581 239 2
908 52 7
346 228 8
793 1307 13
546 1447 1
19 108 8
68 1557 1
228 958 3
1451 601 2
671 1606 2
804 1457 8
141 971 9
148 373 19
333 462 8
1172 1325 5
997 144 7
238 1156 8
595 667 40
234 1062 8
1131 1014 2
1474 24 2
988 914 2
555 172 8
374 718 10
531 653 2
317 1004 8
515 1357 1
199 609 2
531 945 2
390 779 6
65 877 7
1317 33 27
1536 43 52
1359 81 10
535 958 3
1217 75 59
344 1314 5
1397 1325 7
323 32 8
991 920 9
1299 1404 2
1210 393 8
150 1371 2
1270 831 1
1084 719 8
729 1207 8
1295 914 2
634 244 8
270 773 2
403 228 8
820 491 1
522 908 8
829 450 7
52 355 7
101 1070 5
1184 300 2
479 51 7
161 728 8
590 742 2
1460 357 30
595 765 38
1037 556 2
117 1446 1
266 1025 2
658 412 5
145 937 7
22 263 2
1518 75 3
779 891 6
335 1557 1
495 462 8
362 611 2
988 671 30
674 910 2
307 1268 5
1252 322 2
1291 108 44
882 1152 26
1110 1475 37
912 662 2
55 1578 5
1313 434 14
450 873 2
774 882 2
98 769 7
701 269 2
458 601 7
638 1310 5
1028 420 2
98 1457 7
97 462 8
1344 523 57
1392 1204 30
1210 95 6
450 805 2
442 1031 2
345 1575 4
430 1321 2
447 1351 2
550 89 2
81 1009 2
377 1102 5
1210 824 7
865 938 52
1456 296 7
547 1031 2
1252 937 8
1221 1078 2
437 1156 8
350 830 30
919 172 8
1227 1583 8
300 1211 2
1196 1375 27
1053 1070 5
66 739 27
350 1518 30
651 1593 38
1264 311 35
719 493 6
1553 104 2
65 1505 7
49 1351 2
1428 1070 2
1310 728 7
1212 533 3
759 325 2
779 88 3
293 978 3
1084 309 33
391 651 53
1547 277 8
613 433 7
658 338 3
601 723 7
1475 1430 57
195 277 8
1312 167 8
483 724 1
908 1070 5
1177 104 27
1087 743 3
1403 1310 7
533 676 30
503 541 2
466 252 6
58 782 2
632 298 8
945 858 12
294 1212 8
285 857 2
772 1325 77
1171 1342 7
930 337 38
1394 128 27
601 259 7
1337 311 25
569 513 26
960 157 7
599 419 2
126 611 2
55 1458 8
510 119 8
32 684 2
1258 568 7
340 155 7
470 1345 2
1271 446 2
360 269 2
350 1133 2
125 420 2
388 21 8
1016 971 74
798 189 27
442 1097 7
211 605 78
377 1086 8
1055 183 2
780 534 1
569 677 2
442 1389 7
688 920 1
238 882 2
270 1330 30
1364 1424 2
558 401 2
1340 1567 1
1258 833 8
28 855 3
442 1367 2
910 909 2
552 579 2
111 63 8
61 1424 1
1239 31 2
792 905 2
1468 634 7
766 136 6
1225 1304 7
891 75 48
499 441 0
98 18 7
581 507 8
868 1457 2
1562 1291 33
390 792 6
641 1062 8
981 677 2
528 591 2
602 1325 5
658 1384 8
941 1227 6
601 272 31
1210 114 8
747 596 33
777 65 8
1215 393 7
78 804 2
285 1553 2
1405 1450 2
409 104 2
599 345 0
324 1292 30
550 21 8
531 530 2
1287 1446 2
1446 622 34
847 427 7
503 1169 2
1394 68 27
1377 1070 5
1081 581 2
498 1141 2
958 315 7
1383 590 7
1394 360 27
926 293 0
252 563 27
663 745 5
47 21 8
938 1169 2
273 167 8
938 773 2
1055 937 7
1055 541 7
1129 1281 1
1229 623 6
582 1309 2
4 627 6
157 638 2
273 63 8
464 1375 27
1383 522 7
418 1239 30
1009 389 36
552 109 0
988 324 30
561 1239 2
22 208 2
22 604 2
1540 32 8
528 293 0
678 1345 2
270 249 8
170 279 30
325 321 6
1172 462 8
301 1632 77
3 1062 7
1442 945 1
920 777 2
1247 397 2
659 1325 5
64 381 30
1037 32 8
819 213 8
1415 971 9
126 152 2
520 847 0
28 1437 8
555 43 6
1317 776 5
899 211 7
334 992 2
910 1491 7
126 147 8
939 65 8
1474 1061 2
652 269 6
269 241 25
1247 329 2
878 479 2
1305 1399 6
789 179 8
1239 555 2
1024 325 2
878 433 7
1317 778 27
98 250 7
98 646 7
506 850 6
1187 958 5
653 1009 2
564 1006 2
985 1345 2
362 485 30
667 269 59
596 573 15
1502 880 15
1304 1384 7
317 848 7
88 199 7
555 1042 2
199 890 2
890 377 8
1098 1357 2
1110 1062 8
65 1554 7
1314 363 2
639 126 2
1232 20 48
1098 1253 2
1250 718 10
872 350 2
1176 992 1
1304 1316 7
626 1375 27
1301 21 7
586 269 20
0 1310 5
172 881 3
273 426 7
971 889 2
1200 326 8
499 952 33
1184 581 2
1042 1121 2
1479 513 26
642 533 3
1132 1187 0
241 377 1
852 793 8
273 300 2
233 1070 5
227 489 1
261 590 2
1078 881 3
454 600 41
170 1371 30
1506 209 2
443 224 5
1042 1449 2
1042 1053 2
157 54 8
167 298 8
689 804 2
803 1299 2
1145 433 7
598 65 8
1487 1396 8
236 971 74
503 758 19
923 561 8
1355 717 2
501 32 8
1082 483 15
324 1376 2
346 1388 7
817 663 8
1025 1247 2
910 562 2
43 338 5
419 1245 37
1207 881 5
923 97 8
1232 424 48
1232 820 48
1451 199 2
124 102 8
1355 282 23
792 116 7
21 1458 20
645 377 1
671 704 2
1407 533 5
1553 1141 2
796 129 8
809 531 30
1080 850 6
641 616 2
80 792 7
1476 396 30
420 1298 7
624 599 1
277 1140 2
1132 437 8
620 150 2
107 296 8
512 808 7
661 387 8
1215 46 7
992 83 8
1177 1141 27
406 910 7
729 1375 27
46 938 6
519 526 7
847 80 7
834 1375 27
980 269 8
601 1296 7
632 183 8
1177 677 27
1445 2 2
1461 1456 30
317 1246 5
486 1084 2
1394 409 27
736 533 3
253 1507 1
1196 1310 8
798 101 26
1397 1215 7
841 533 3
145 545 2
1110 1419 5
1244 483 15
1126 513 30
396 40 8
1394 701 27
1084 213 8
23 155 2
365 1230 2
487 1305 8
1052 1078 2
1458 761 15
157 291 2
1055 90 7
1271 727 2
601 1520 7
1042 78 2
901 1475 37
1258 1479 2
1054 179 8
406 658 0
489 1310 8
1364 1309 2
914 834 2
447 329 2
221 1029 2
1325 855 5
1029 366 2
1442 494 1
1483 678 2
1520 75 3
343 1396 8
220 285 2
1359 554 23
661 796 2
795 86 2
572 59 7
1031 1227 8
1391 663 8
804 891 8
446 327 2
718 720 15
789 129 2
666 973 74
1317 1491 7
233 1062 8
406 1314 7
199 903 2
778 798 2
1009 855 3
98 241 2
479 379 70
61 686 1
499 1014 0
1450 533 2
819 90 8
66 1047 2
997 1058 7
713 658 0
139 513 26
882 54 2
1008 65 8
718 594 10
195 1213 7
317 834 8
437 295 2
70 973 7
1502 1187 0
66 979 2
1000 31 33
295 25 2
84 442 2
1210 250 7
1215 570 7
535 747 2
55 45 2
647 533 2
285 127 2
409 677 2
1055 412 5
623 1207 8
172 92 8
977 295 2
514 677 2
656 883 14
43 685 7
719 793 8
450 624 30
1394 1037 27
1153 1342 7
270 603 2
544 1239 30
938 1054 2
294 18 8
19 1161 7
909 1227 6
350 36 16
505 1396 8
241 718 1
148 1310 8
928 346 2
64 730 30
595 1283 38
601 883 2
591 297 2
1039 1252 2
1025 572 2
485 1156 8
1551 54 4
1179 75 3
1087 1335 5
1382 1062 7
574 595 2
982 1132 5
98 995 7
1158 355 8
1466 443 1
220 1309 2
89 523 2
324 925 2
346 937 7
651 1595 38
670 1342 7
226 270 2
1567 554 23
923 88 3
167 904 9
1506 1201 15
430 714 1
923 42 8
434 1199 7
124 47 8
1456 464 2
1052 1070 5
247 663 8
539 1483 2
570 32 8
300 1041 2
547 1549 2
1315 1342 7
217 179 8
295 1409 2
300 1333 2
650 579 2
322 179 8
1084 1250 2
437 1314 8
889 661 2
1144 92 8
406 563 7
1084 523 23
1178 99 0
161 1213 7
454 1345 41
58 972 2
727 1357 2
164 1396 8
317 83 8
584 98 16
1183 590 7
512 685 7
531 24 2
348 812 1
1413 533 3
350 1381 7
158 129 8
361 1239 2
601 777 7
1518 533 3
45 450 2
1246 439 57
126 1525 2
533 1126 30
1177 52 8
1384 1156 7
770 1344 5
311 1284 1
1307 43 19
140 75 3
53 513 30
1201 1304 5
3 556 7
573 37 7
1140 821 2
334 590 2
455 294 7
581 743 3
396 607 30
881 1349 7
686 90 8
19 1491 5
1474 263 2
417 1029 27
1565 1424 2
293 1125 7
945 718 10
82 377 8
160 1607 2
973 1525 2
1188 1156 7
325 454 2
976 1271 2
981 1253 7
420 210 2
1239 80 8
850 805 2
276 1342 7
190 420 2
1304 518 7
960 1084 1
530 75 8
300 244 7
1002 1291 14
42 1062 7
850 737 2
698 1325 5
925 293 0
136 321 52
479 1224 33
1337 477 55
489 493 6
1394 586 27
403 3 8
4 1213 6
53 1207 8
1055 371 7
1379 1114 2
270 881 3
573 446 1
246 686 7
1258 1364 2
720 1310 8
977 167 8
1379 1406 2
718 246 2
830 32 2
856 21 8
361 556 2
1212 1070 5
825 1310 8
784 510 77
1131 61 15
1171 462 8
350 676 2
804 1199 7
22 726 2
1253 853 12
938 1223 2
1359 1562 2
1378 167 2
1354 858 12
1029 543 2
438 938 2
1455 1557 1
270 873 30
978 513 26
992 1246 37
555 269 6
1483 1251 2
126 769 8
442 514 2
1451 1062 7
1251 491 2
692 75 8
556 770 2
912 1156 8
1317 1004 27
1352 59 7
233 32 8
1215 919 7
547 806 2
1215 1315 7
315 150 2
1252 1108 8
362 315 30
880 22 2
1023 63 8
1317 900 27
631 1055 1
671 297 8
769 66 2
1128 63 8
526 736 2
905 59 8
652 1156 7
701 1475 5
177 662 2
1120 28 8
1336 997 7
1506 286 15
357 1325 5
1446 151 2
546 1200 2
858 1161 7
420 833 8
406 508 7
1210 823 7
686 51 5
530 1000 2
402 59 8
1184 433 7
1502 1330 15
1460 536 30
1087 936 8
941 1062 6
1160 1351 2
601 894 7
601 498 7
736 1396 8
306 743 3
269 891 8
172 957 8
592 493 6
636 167 8
65 384 3
377 246 2
841 1396 8
500 1258 2
1397 21 7
406 377 8
384 63 48
1078 769 8
1058 1029 2
136 1403 6
285 627 8
499 514 2
159 651 53
1527 104 8
1287 129 2
54 21 7
828 1239 2
227 611 1
718 874 2
1160 1575 2
601 722 7
792 1417 27
1177 2 2
1129 428 1
1193 396 50
671 851 30
520 1373 0
173 1239 30
1477 591 2
787 1210 62
1025 1541 2
195 370 20
927 53 1
1271 617 2
1166 1062 8
1185 63 8
674 2 2
27 462 8
372 384 3
9 1156 8
599 855 3
373 1217 8
668 1310 7
183 1314 5
558 572 2
882 681 27
1140 474 2
88 293 0
722 1239 30
769 779 6
1228 403 1
563 1184 2
1354 491 2
1371 958 3
286 961 1
551 1078 2
792 1076 2
1474 208 2
1442 24 1
417 1078 27
56 1567 1
216 531 2
294 1418 7
645 499 1
671 1321 8
27 396 30
667 1227 8
973 741 1
623 1375 27
1290 1210 57
1447 742 23
334 462 8
317 36 8
285 995 1
285 1036 2
325 836 3
277 1262 2
581 284 30
743 1342 7
1084 1381 7
373 1153 52
980 104 2
1215 168 7
76 104 8
632 769 8
848 1342 7
373 919 6
616 1024 2
300 235 2
922 1460 41
601 1522 7
584 671 16
329 1578 5
145 438 1
842 1025 1
40 433 7
317 1472 5
581 216 30
1498 991 5
601 1418 7
117 1456 30
961 854 7
348 697 1
240 1314 5
1271 637 12
21 937 7
259 1131 2
761 855 3
171 1156 8
377 1562 2
1537 129 8
703 938 2
158 311 2
1460 111 15
1405 1449 2
798 223 26
820 211 1
372 310 1
582 792 2
52 116 8
1141 824 6
1035 1375 27
524 1460 41
70 104 35
1379 1455 2
656 309 14
1275 1001 7
1475 645 2
88 651 5
28 1384 8
595 1470 2
21 1161 7
381 1239 30
476 295 2
468 958 3
686 1127 8
819 92 8
903 126 2
1379 1283 2
479 36 8
642 1070 5
1258 1236 8
1029 488 2
3 1129 7
1131 1138 2
1025 97 8
98 489 7
361 32 8
228 577 2
1045 269 8
905 1342 7
673 1024 2
673 628 2
1463 1550 8
681 1351 2
1232 1570 48
85 373 2
1451 1345 2
812 1124 14
558 381 33
623 43 6
211 834 8
992 568 7
98 817 7
462 626 8
491 1578 5
1332 579 1
402 1342 7
1215 1260 7
438 373 7
66 1565 2
32 743 5
309 1345 2
600 70 35
531 1001 2
327 191 14
211 766 8
557 531 50
325 930 69
486 1132 0
170 46 6
1093 779 6
1210 80 7
311 347 2
623 1042 2
325 1418 8
849 792 2
992 833 8
369 311 31
505 1299 2
1424 808 7
172 219 2
267 337 27
1131 649 55
150 681 27
1283 1359 2
869 311 2
1461 311 30
630 958 3
1200 101 8
747 726 8
1394 1555 27
933 1310 7
557 958 5
150 116 2
270 1121 2
632 18 8
579 994 37
34 1596 38
1405 78 2
199 1282 30
479 737 2
1460 309 30
1230 961 25
365 773 2
479 1133 2
455 938 6
186 293 66
468 1253 2
876 1132 5
1440 849 20
784 687 77
126 623 2
21 524 2
1025 1090 2
114 1309 2
21 128 2
563 905 2
568 450 6
219 1309 2
228 1227 7
253 1310 8
1250 533 3
804 1004 27
1252 1457 8
373 766 8
590 102 8
1140 419 2
755 90 1
68 483 63
910 728 8
850 1403 6
878 882 2
1346 424 2
311 1106 1
70 1557 12
614 531 5
1225 1070 2
1359 360 2
323 1207 7
898 1310 8
792 625 2
420 1479 2
744 1447 1
170 1138 6
1076 819 7
1456 685 8
1424 338 5
307 1345 2
657 591 2
534 1112 23
662 911 2
997 205 7
1318 1314 7
71 910 2
524 1131 2
541 1156 8
491 139 5
543 28 2
70 11 64
531 318 2
1399 903 6
211 83 8
325 47 8
285 981 2
600 908 6
390 531 2
981 747 7
581 229 30
1304 116 7
802 293 0
176 1156 7
533 1418 8
124 1209 5
848 850 6
960 677 7
534 952 33
327 1439 14
89 960 35
1406 1000 2
1200 1125 8
847 147 7
579 1289 36
638 1314 8
1547 917 8
503 889 2
838 958 3
632 646 8
973 999 19
717 433 7
1262 1002 2
69 533 3
1055 307 2
337 903 27
1502 1328 2
161 101 8
325 1152 26
69 487 8
227 1184 1
484 1262 84
1085 326 13
1141 1148 2
1140 345 0
372 646 7
266 2 2
558 537 12
145 648 2
899 1310 7
1480 910 2
591 1112 23
609 533 3
1355 1480 2
457 1239 2
101 1483 2
772 294 77
574 1345 2
654 812 1
1129 974 2
325 1417 27
900 325 2
221 804 2
1252 383 2
819 37 8
588 21 8
1140 1443 2
470 22 2
98 480 2
1483 453 2
910 1315 7
208 350 2
396 437 30
645 1140 1
1025 42 8
205 558 7
346 917 8
632 394 1
371 167 8
1251 89 2
920 883 14
11 784 19
584 1252 40
964 293 0
350 97 8
437 534 2
199 678 2
1567 360 2
774 479 2
1317 498 27
1317 894 27
997 833 7
895 958 3
997 437 7
98 704 2
980 1141 2
66 1510 2
1446 309 33
318 1210 80
939 533 5
1120 22 8
317 568 7
718 719 15
1446 1352 2
1336 491 7
841 671 2
655 833 8
655 437 8
980 677 2
494 1567 2
869 324 2
751 28 2
1562 579 2
125 1469 47
595 1124 16
671 119 8
1525 804 2
69 792 2
306 3 8
514 1140 2
148 798 2
1200 46 8
926 1078 1
391 420 2
1385 790 22
623 1310 8
503 206 2
226 362 30
1307 958 3
161 1125 8
199 539 30
1164 929 7
268 533 3
601 366 2
880 63 8
117 1447 1
1053 104 2
155 873 33
137 1164 7
978 32 30
363 1310 7
126 672 2
151 21 8
484 579 84
1042 1169 2
1042 773 2
157 1377 8
1163 1310 8
1275 263 7
779 1184 6
306 1335 5
903 595 53
1569 948 15
102 373 6
533 606 31
1259 63 7
558 1126 33
155 209 2
595 39 8
1252 1011 2
455 798 2
98 770 7
579 690 2
118 434 2
914 322 2
819 957 8
1413 1070 5
910 282 2
590 47 8
575 533 3
1518 1070 5
1239 611 2
126 891 8
442 298 7
1052 75 3
1210 825 7
961 23 30
1232 144 48
299 1382 2
271 1070 5
569 269 8
35 658 0
357 513 30
124 114 8
210 663 8
1209 531 7
550 732 7
676 1140 2
286 491 1
550 1070 2
1449 1141 2
635 1253 1
424 1000 2
57 1399 6
430 206 39
200 671 2
435 65 8
868 726 2
368 948 15
1232 368 48
1103 21 8
531 263 2
1087 766 8
1317 848 8
800 1325 5
244 1227 52
1424 1381 7
905 1325 5
1475 1431 57
1283 329 2
1421 63 7
139 616 2
847 92 7
661 855 5
1081 350 2
1156 1491 7
503 834 2
830 850 2
150 689 2
447 658 0
731 662 7
1179 167 7
1399 1550 8
1527 330 8
1078 891 8
737 533 3
155 282 23
595 1290 38
1489 90 1
43 88 3
155 1296 8
1493 1309 2
1271 447 2
581 854 27
24 155 2
179 1118 5
1343 211 5
938 78 2
591 381 33
34 498 38
1299 550 2
923 518 2
994 663 57
1160 21 8
1314 345 0
558 1090 2
573 249 8
849 311 30
1391 487 8
19 54 8
311 1283 1
350 88 3
1184 1210 57
228 462 8
325 693 2
417 804 27
997 90 7
98 357 2
778 914 2
384 1314 5
302 1314 7
172 1196 2
995 450 33
82 157 2
681 89 2
71 1087 2
200 1299 2
35 513 26
979 104 2
308 199 2
1429 929 7
140 513 26
655 90 8
1271 441 0
686 1105 66
1262 139 5
595 381 16
377 685 6
1227 833 8
167 1415 2
284 675 2
1081 1396 7
1388 938 6
849 1078 2
550 22 8
971 262 2
397 250 1
507 1502 2
535 462 8
154 961 2
1447 453 34
266 747 2
514 397 2
847 1116 7
388 327 2
42 1129 7
133 75 5
434 983 14
1317 97 8
720 793 8
252 1252 27
582 914 2
1055 834 7
295 1514 0
401 1396 8
945 533 3
779 837 6
250 433 7
1375 1199 7
126 221 2
945 487 8
599 229 33
1495 804 2
21 122 2
1042 322 2
1480 1087 2
998 1156 5
468 747 2
577 922 2
1460 464 82
1377 462 7
1488 1549 2
29 183 8
106 377 2
207 656 1
1158 471 8
470 199 2
220 1029 2
742 1268 5
82 812 1
670 1062 7
689 63 7
442 289 2
1474 1354 2
1401 311 35
503 1118 5
1371 59 8
1258 83 8
1327 43 6
1349 1114 2
992 1127 8
533 693 2
328 1062 8
347 63 8
69 1141 2
1452 581 3
928 1325 5
300 1449 2
719 43 6
1210 702 7
420 905 2
833 1132 7
170 1397 7
1156 338 5
724 1488 7
367 533 5
1006 32 8
877 1062 8
522 1550 8
285 475 2
267 563 27
721 1424 27
492 675 2
55 1081 2
1552 147 8
1552 881 3
1119 98 8
1317 37 8
125 1325 5
1547 119 8
718 717 2
1042 1122 2
533 622 30
830 503 2
607 499 2
1058 804 2
377 808 8
1258 1417 27
594 1310 7
385 28 8
727 1009 2
1460 535 30
1264 1070 2
1163 804 2
239 533 2
685 850 6
713 329 2
1146 728 7
34 1496 2
609 1396 8
449 433 7
142 792 2
126 1199 7
598 462 8
193 558 57
554 293 0
350 1371 2
231 1141 2
325 619 27
1201 732 5
709 1322 13
1025 893 33
464 420 2
1442 1098 21
432 686 1
1557 753 57
346 119 8
552 129 2
1403 958 5
468 433 3
322 600 2
878 1062 7
695 958 3
770 59 7
362 1114 30
1176 1310 5
800 462 8
550 1351 2
559 1310 8
433 1199 7
917 172 8
1561 812 2
108 533 3
362 1406 30
905 462 8
665 32 8
1247 330 8
527 270 1
555 63 8
681 75 3
183 43 6
300 78 2
920 309 14
658 980 3
847 441 7
961 1098 1
437 59 8
65 476 7
285 1161 7
1087 1298 7
506 433 7
1084 883 33
1078 1199 7
167 1418 7
977 1271 2
464 269 20
1551 1562 4
702 801 10
1409 576 2
599 1061 2
66 692 19
1303 601 7
716 433 7
1437 270 3
1009 70 35
1506 1256 7
271 616 2
738 1062 8
145 546 2
655 259 8
732 453 2
268 1396 8
1551 1098 4
403 119 8
599 993 2
930 1599 38
155 1577 8
89 855 5
508 119 8
379 600 2
613 65 8
1112 1268 5
91 172 5
4 865 6
455 377 6
909 136 6
1207 1578 5
1156 685 7
126 166 2
1108 1070 5
599 611 34
1156 627 2
1460 168 20
760 1245 5
923 1091 2
942 396 30
1138 595 53
479 212 2
1213 1070 5
565 365 2
362 101 8
694 577 2
122 126 2
982 109 5
1250 858 12
932 32 8
564 1124 2
1131 913 2
126 139 3
1357 901 2
810 533 3
223 324 2
661 693 2
1474 611 2
104 1148 2
915 533 3
450 341 3
1020 172 8
679 75 3
438 882 2
330 1581 8
1008 462 8
919 63 8
600 241 35
641 1141 2
535 1207 8
979 677 2
317 1127 8
1283 1557 1
118 311 35
367 1475 37
616 681 27
761 1384 8
1176 938 1
285 128 2
608 1315 7
282 732 7
1307 1310 8
49 858 12
47 663 8
820 1078 1
424 129 8
1545 1062 8
1055 1183 7
958 189 27
298 59 8
616 116 2
261 1000 2
724 677 7
269 220 2
1552 92 8
601 218 7
237 747 1
992 960 35
28 1418 7
497 1232 2
503 36 2
109 1170 0
952 28 2
1156 1381 7
909 1607 2
167 609 2
601 546 7
1459 1291 16
1158 424 8
269 881 3
502 1392 30
450 685 6
361 508 2
140 1078 2
651 411 40
719 1310 8
784 858 77
1569 293 0
457 94 2
311 657 1
673 1495 2
806 1252 2
259 109 7
1485 377 2
362 1125 8
841 75 3
1266 462 8
63 1578 5
411 1131 20
32 502 8
329 908 7
373 937 8
819 787 8
576 1457 8
361 1227 8
677 972 2
578 167 8
1395 21 8
1000 1443 2
80 910 7
155 53 34
1087 1246 37
444 732 7
578 63 8
787 179 8
724 1446 1
551 798 2
420 875 6
437 1342 7
1084 445 0
1000 1124 33
417 798 27
362 1455 30
983 1345 2
667 556 2
671 1437 8
433 1581 8
1108 1062 8
55 1384 7
1397 109 0
1231 75 8
306 1217 8
655 1583 8
55 1362 2
293 326 7
848 1062 7
875 269 8
195 108 8
504 958 2
794 961 35
229 396 71
1304 183 7
499 254 12
1547 796 8
166 269 2
252 493 6
466 817 1
157 305 2
616 1036 2
69 330 8
1054 1405 2
730 1000 2
430 267 55
145 158 1
1025 1187 0
1131 813 15
474 487 1
380 601 2
635 32 8
191 697 14
374 1140 2
162 958 3
1282 377 1
161 272 8
1376 992 1
1055 432 7
565 1375 27
1447 99 0
380 533 2
518 1070 5
1252 1491 7
1180 533 3
922 914 2
591 607 33
145 423 2
747 88 3
240 179 2
699 910 2
1258 1420 8
1180 487 8
211 728 78
1054 21 8
1207 1523 5
228 365 2
29 1384 8
314 914 2
1350 534 1
285 412 5
324 1554 2
531 642 30
677 854 27
903 34 53
982 450 5
238 1396 8
667 1310 7
1025 213 8
1171 59 8
753 269 6
492 858 10
1474 160 2
1010 1062 7
447 499 2
199 453 2
576 18 8
922 1239 30
1121 150 2
1487 533 3
35 1070 5
556 831 2
1317 273 27
519 43 6
1247 512 2
1106 590 2
192 1355 2
903 65 8
160 1567 1
289 1424 2
298 1342 7
305 971 2
1122 663 8
211 90 8
503 1377 6
575 1070 5
48 920 1
1446 453 34
170 891 7
462 990 5
1124 1239 30
277 1291 33
1075 104 2
1474 485 30
303 32 8
1129 813 15
145 390 1
752 433 7
699 1314 2
590 936 7
1459 1456 30
1552 37 8
609 671 2
1489 1700 1
667 1304 5
836 350 2
1264 1245 37
277 330 8
145 1515 2
162 1149 2
362 455 2
1084 787 8
1522 1156 8
1258 619 27
663 1264 5
144 433 7
270 841 2
32 1097 7
161 796 8
982 658 66
1479 1483 2
32 1389 7
702 1207 7
269 92 8
22 727 2
1446 1225 0
673 1148 2
907 910 2
483 424 8
430 436 1
138 350 2
568 170 6
836 675 30
337 219 27
106 499 2
1372 300 7
579 419 7
218 285 2
673 1080 2
396 840 30
1439 170 31
205 1357 7
217 1405 2
658 1578 7
258 1456 30
1225 732 48
279 362 50
677 917 2
1258 273 8
271 75 3
1253 1457 8
80 63 7
442 411 2
360 32 8
1348 718 2
744 1271 1
1000 381 33
1307 493 6
1232 315 48
1327 269 6
307 377 2
324 803 2
89 355 7
377 1566 5
3 581 3
1087 614 2
1447 446 2
1215 1212 7
861 1314 2
992 1307 13
410 199 2
112 179 8
421 1029 2
1087 568 7
958 101 26
719 269 6
900 32 8
427 958 3
595 1578 5
1391 1070 5
506 1342 7
614 958 1
145 1482 1
655 1236 8
199 139 3
1371 1325 5
411 433 7
291 1310 8
39 850 6
306 766 8
1087 937 8
285 701 2
124 441 66
318 377 8
747 36 33
1052 513 26
285 1092 8
616 689 2
609 1299 2
601 1187 7
843 269 2
1177 172 27
604 1271 2
486 579 2
503 609 2
167 890 2
466 320 6
252 503 27
568 533 5
365 829 2
126 1097 7
858 116 8
1052 677 2
1110 1310 5
1460 1437 20
1299 789 2
32 460 2
337 623 27
1502 1444 2
1527 793 8
1275 374 7
1037 1252 2
126 1075 2
590 523 2
126 1367 2
1207 1176 5
575 1062 8
558 933 2
371 59 8
337 555 27
1391 330 8
1153 433 7
1079 1029 30
996 948 15
505 533 3
1364 804 2
1464 293 57
1253 1047 33
674 295 2
688 1029 2
218 1309 2
512 1289 36
905 365 2
958 1524 5
796 325 2
270 191 30
479 97 8
98 200 2
1483 173 2
1025 158 8
792 1077 2
799 462 8
1565 1078 2
1105 372 1
458 1299 29
556 88 2
809 362 30
900 269 2
642 1483 2
1215 633 7
62 1475 37
442 119 8
1178 345 0
1131 1401 55
1317 218 27
370 479 20
1313 1342 7
1304 95 6
983 269 7
1547 1437 8
486 109 0
961 981 12
981 1141 2
1215 169 7
377 81 10
620 961 2
530 21 8
69 616 2
1084 112 8
1460 1457 30
832 386 1
270 166 2
409 172 2
1304 756 7
599 1287 2
493 83 6
737 1062 8
526 278 2
847 891 7
910 341 5
638 59 8
154 1424 2
1400 792 7
170 855 3
1084 44 8
139 104 2
21 1568 2
602 434 2
627 179 8
721 503 27
24 1314 2
163 1419 8
537 801 10
1262 908 7
694 434 1
263 1000 2
164 533 3
1252 1004 27
601 40 7
581 1052 2
876 109 5
392 1207 8
737 1392 30
1460 27 41
558 1561 2
1446 1170 0
325 97 6
812 1099 2
21 189 2
1144 1097 7
228 938 2
89 991 37
792 667 27
1215 163 5
814 65 8
51 513 30
1252 335 2
350 1305 8
447 1140 2
997 957 7
499 925 10
361 330 2
220 804 2
420 1417 27
1252 726 8
563 210 2
383 761 15
1025 390 8
1253 1407 2
1225 677 48
692 21 8
563 502 2
1140 284 33
184 1379 57
551 792 2
1414 1070 5
34 292 40
552 1567 2
458 324 29
981 1062 6
462 627 8
738 997 22
963 293 0
643 373 6
210 487 8
657 1567 2
211 1127 8
307 718 2
1317 1242 27
1461 675 2
1068 293 0
1304 1556 7
1283 658 0
401 1310 7
886 1004 8
305 1252 2
756 327 1
286 211 1
971 1525 2
535 556 85
934 573 15
450 919 30
974 1271 2
724 971 7
1447 883 33
999 958 3
512 690 2
1084 745 2
872 126 2
420 1076 2
170 735 6
251 1291 16
1337 52 8
1179 59 7
1237 1200 15
1075 677 2
1326 172 8
43 808 7
55 856 2
499 528 2
499 1124 33
903 75 5
650 793 8
838 1584 28
172 507 8
277 512 2
59 355 7
681 658 0
592 43 6
945 1359 2
601 736 7
1265 1210 6
176 403 2
213 1070 5
34 1597 38
1270 1472 1
371 1342 7
1284 329 2
499 163 8
577 1393 2
584 1594 38
1236 1325 5
276 433 7
1171 1396 8
298 1325 5
373 881 3
241 1232 7
1341 1325 5
1180 1396 8
1188 22 50
648 850 6
369 350 2
205 793 77
575 616 2
106 1140 2
738 573 15
661 1236 6
1025 1482 8
907 1483 2
458 1310 7
792 986 53
563 1198 2
337 500 27
1485 499 2
1338 651 53
671 1340 2
438 1070 7
819 1305 8
1258 455 2
1087 1472 37
563 833 8
1266 958 3
581 296 8
435 377 59
116 104 8
1156 97 8
563 1125 8
369 675 30
1144 387 8
923 957 8
1371 462 8
311 1003 1
679 533 3
457 1227 8
1253 719 8
1055 1335 5
1084 1395 7
107 36 8
886 1236 8
1533 1446 1
205 155 7
747 1428 2
658 813 8
842 747 1
524 1424 2
386 1057 57
543 29 2
961 972 7
1219 533 3
638 1342 7
503 183 6
1555 661 2
377 1284 2
528 1000 2
1215 114 7
531 611 2
1084 62 2
124 1014 66
476 1268 5
831 1200 2
1046 749 5
1394 545 27
167 1135 2
1551 1337 4
158 325 2
267 1258 27
656 31 14
847 148 7
195 626 8
54 663 7
1084 950 33
59 1420 8
270 1004 27
510 891 7
599 452 12
1009 241 35
747 44 8
323 910 5
162 747 2
1299 674 2
1502 1329 2
1184 65 8
396 108 8
923 1388 7
337 1196 27
591 1444 2
577 314 2
1029 210 2
601 31 2
957 21 8
594 1131 8
454 1156 7
558 1226 12
876 450 5
784 1314 7
145 936 8
325 438 6
193 1253 57
588 22 8
447 397 2
64 102 30
1349 610 2
98 435 7
108 1062 8
270 368 30
107 1128 8
1253 309 33
1486 533 3
1140 229 33
442 796 8
790 634 7
325 307 7
438 365 2
997 834 7
878 533 3
677 1398 39
639 311 2
1227 957 8
1215 1206 7
978 172 2
535 591 2
591 820 15
344 172 8
3 75 3
478 1070 5
526 627 2
1554 910 2
842 1271 1
534 297 2
655 438 8
655 834 8
869 325 2
978 104 2
211 1004 8
84 510 2
1087 436 2
686 338 5
1085 1383 13
1058 300 2
1084 685 8
411 661 2
514 98 33
490 1482 7
499 381 33
1184 662 2
977 462 8
154 1309 2
514 1141 2
136 1236 52
237 1314 1
1200 47 8
1337 600 55
143 433 7
562 1200 15
1141 739 27
139 677 2
600 54 6
703 1070 7
491 789 2
577 1338 2
161 1418 8
479 1079 2
601 321 7
848 433 7
1055 1578 7
297 129 8
1160 732 7
171 59 8
64 1194 30
450 856 6
601 613 7
575 269 2
873 948 15
1506 222 2
490 40 8
126 569 2
772 923 77
590 116 8
634 1578 5
591 401 2
686 1305 8
858 754 5
772 1215 77
1304 739 5
445 847 2
192 1210 6
21 35 23
350 1482 8
226 442 2
1240 1310 7
163 1325 5
903 1342 7
1031 325 2
551 677 2
442 1033 2
563 1075 2
1469 1382 2
1351 690 2
1446 446 2
1456 240 2
386 153 5
634 619 2
84 1310 2
1232 833 48
697 1305 14
897 75 7
65 1145 22
877 1483 2
216 21 8
671 1212 8
662 857 2
1201 1055 1
1371 513 30
841 513 26
577 272 20
582 1314 5
779 112 8
958 223 26
821 1000 5
636 462 8
1451 581 3
1446 670 2
398 1299 2
1399 412 5
1177 1258 27
1075 958 2
1310 1418 7
590 1102 37
761 80 8
880 1156 8
1487 1070 5
1341 462 8
1141 95 6
43 1381 7
601 1413 7
1459 311 30
1312 65 8
483 622 1
671 750 30
507 433 7
1252 1609 47
1085 340 13
1016 660 5
922 595 41
505 98 2
510 80 7
1259 1156 7
838 462 8
1394 26 27
155 568 7
161 47 8
599 713 2
1188 199 50
1350 377 1
1229 685 6
828 150 8
155 191 33
350 681 27
1152 433 7
915 1299 2
918 199 2
140 269 8
563 1479 2
558 775 12
9 1342 7
179 631 15
62 311 35
1382 155 7
1164 908 8
479 369 3
792 929 7
726 1456 30
1140 993 2
1258 1127 8
1483 399 2
581 140 7
221 1042 2
423 661 2
1447 1264 2
602 311 35
1126 663 7
371 1325 5
1188 1396 7
1253 901 2
314 1309 2
1140 611 34
83 798 2
1304 321 6
1210 39 7
1303 293 0
1215 359 7
398 1239 2
1518 658 0
874 59 7
1200 1376 2
424 21 8
1114 443 12
575 75 3
1214 52 8
1438 1227 8
514 466 2
65 428 7
65 824 7
581 803 30
273 34 53
747 890 33
252 1029 27
1562 129 2
534 254 12
929 109 0
232 1475 5
671 881 5
1405 638 27
439 983 30
55 116 7
55 454 2
599 1409 2
177 75 3
171 1342 7
670 533 5
269 39 8
1518 1314 7
656 1292 14
836 958 3
971 999 19
1414 32 8
1299 1247 2
1400 1310 7
829 1131 2
772 644 77
503 152 2
586 1405 2
1424 1198 54
199 485 30
273 65 8
543 531 30
843 104 2
640 441 0
1383 1572 7
273 362 2
1510 365 2
479 628 2
601 604 2
1055 1127 7
1291 415 44
64 347 30
145 1217 8
1029 1075 2
661 438 6
126 514 2
1359 983 33
687 1161 7
440 1346 1
272 477 55
1004 136 6
1155 330 8
219 804 2
724 1456 30
702 914 7
836 450 30
1247 1087 2
1487 1062 8
29 80 8
898 1375 27
104 854 27
41 577 14
206 350 2
205 1132 7
593 1207 8
1121 1309 2
186 104 5
779 1395 7
962 293 0
546 373 6
1025 908 8
550 1084 2
442 978 2
442 582 2
193 155 57
430 872 2
1460 279 2
1067 293 0
284 1227 52
1346 315 2
551 914 2
395 1375 27
522 412 5
311 1330 2
978 1141 2
854 812 1
886 834 8
1549 434 1
421 1200 2
1446 883 33
1019 533 3
192 155 2
1558 731 2
849 179 15
330 326 8
300 1450 2
1014 167 8
281 450 2
1424 1395 7
1019 487 8
1219 1396 8
1554 1087 2
579 519 35
182 1446 2
606 1355 1
1211 32 7
1179 285 7
306 937 8
463 396 71
287 1446 2
1514 372 1
176 697 2
695 1325 5
285 872 2
1124 761 15
1351 622 35
514 671 33
973 154 2
1249 1317 5
502 104 2
592 269 6
1460 1292 30
1053 350 2
855 150 2
65 114 8
747 523 23
1547 808 8
150 239 2
466 95 6
577 1619 2
568 1141 6
1551 471 4
337 1125 6
271 677 2
1439 697 14
600 1006 2
577 1515 2
155 1247 2
1460 1224 30
792 1152 26
917 22 2
32 626 8
1335 487 5
64 1371 30
154 503 2
1258 848 8
1025 537 12
689 1156 7
195 834 20
533 1139 30
927 913 1
1251 1359 2
236 973 74
457 442 2
563 1028 2
923 860 2
1344 1458 57
539 1567 1
836 1474 30
817 269 8
1351 1389 7
780 377 1
674 466 2
372 114 8
565 129 8
845 1498 57
229 311 2
301 1639 77
780 1502 2
347 1156 8
696 1207 8
343 1062 8
167 1282 30
270 258 30
778 172 2
643 1227 6
439 265 7
889 1078 2
325 1235 33
603 1375 27
1215 408 7
775 971 74
285 1568 2
1232 380 2
973 517 1
1447 745 2
300 475 2
82 98 8
882 116 2
1446 200 33
172 1388 7
1547 1212 8
655 36 8
850 922 2
1239 139 3
867 556 2
432 32 8
1271 3 10
1317 1381 7
913 531 30
1176 311 1
393 661 2
992 278 2
848 1456 2
486 1446 2
731 1304 7
980 172 2
958 272 2
886 83 8
58 1321 2
167 1315 7
181 172 8
850 458 2
1117 1207 5
136 438 52
960 1488 7
175 1322 13
1054 150 2
850 750 2
445 658 0
806 1567 1
1271 1101 12
294 80 8
505 671 2
1225 1245 5
577 540 2
505 1062 8
32 1213 7
503 92 8
739 32 8
55 326 8
266 958 3
25 1310 8
702 531 7
1312 75 5
42 75 3
371 462 8
1258 667 27
340 1314 7
1354 1359 2
22 447 2
581 1515 2
1179 477 71
362 399 2
109 1199 7
1025 1126 33
1446 899 5
322 1210 6
761 401 1
350 689 2
892 732 7
581 759 2
685 433 7
1253 523 23
1442 1225 2
109 1491 7
124 1384 8
1481 2 2
1258 97 8
903 882 2
1122 792 2
658 1298 7
267 34 55
555 661 2
1271 1187 0
1535 269 20
632 809 1
377 994 5
311 983 2
1232 35 48
416 533 2
202 547 2
1436 804 2
368 1392 30
671 18 8
300 707 2
392 293 0
1215 932 7
1124 600 44
362 724 30
317 1128 8
806 450 30
1567 444 23
324 624 30
1445 992 2
1314 602 2
391 377 7
420 455 2
581 1376 30
1210 1377 8
512 419 7
1497 1494 1
1436 1419 8
1322 663 8
55 730 8
72 1156 8
679 1070 5
58 638 2
747 502 8
1458 1029 30
164 1062 8
14 1140 1
958 1583 8
183 63 8
638 462 8
1085 1541 13
601 907 7
952 29 2
1275 162 7
362 803 2
640 1014 0
239 479 2
992 338 5
293 1514 0
487 916 8
241 1345 2
42 324 7
1493 804 2
89 1102 37
1114 718 10
563 1077 2
1494 296 7
1409 1325 5
1391 55 2
1317 1315 5
250 75 3
677 1333 2
362 1418 8
1500 126 2
442 1223 2
1488 416 2
923 800 8
780 718 1
1566 663 57
167 1220 14
218 1029 2
1229 111 6
167 539 30
1567 1191 12
317 1491 7
1087 1206 36
217 150 2
1104 1456 2
679 330 8
286 1078 1
724 1447 1
558 201 12
769 792 6
549 621 2
563 1296 8
369 450 30
1460 852 2
119 21 8
804 502 8
1565 798 2
594 958 5
792 355 7
841 1070 5
545 581 2
695 462 8
1336 1310 7
1126 1144 44
1014 52 8
1221 1156 7
880 663 2
581 341 3
1313 1062 7
759 1309 2
651 114 38
997 273 7
59 97 6
1144 118 35
847 387 7
1429 424 7
1446 891 8
33 1375 27
1250 658 0
1385 402 22
1141 321 6
183 300 2
269 849 2
648 172 8
671 976 30
395 1310 8
847 657 2
269 1199 7
502 677 2
1174 673 2
1396 936 7
1141 613 6
227 265 15
558 683 0
439 873 30
581 1335 5
1183 1572 7
228 1325 5
157 202 2
618 300 2
517 75 3
145 492 2
505 324 2
41 434 7
377 1283 2
999 317 77
704 1299 2
259 1144 2
116 269 6
227 960 1
1055 37 7
563 667 27
35 104 2
479 1491 7
641 1460 20
337 1367 27
477 1255 2
199 375 30
598 1396 8
1398 172 8
1544 384 5
768 1325 5
3 1360 2
1140 1287 2
1214 1310 5
266 466 2
866 1200 15
591 888 23
189 1210 6
1229 1203 6
1054 22 8
524 179 15
804 911 2
601 139 3
578 1156 8
1047 533 2
657 293 0
792 1493 2
686 848 8
1201 910 5
362 47 8
213 1156 7
897 601 7
1459 1200 2
1296 958 5
270 539 30
621 1346 57
710 65 8
570 1314 8
341 269 8
126 39 8
270 831 30
687 1420 8
317 808 7
325 524 2
658 1243 7
85 94 2
452 1310 8
792 1420 8
362 949 71
362 553 71
311 194 7
170 627 6
1210 265 7
1253 453 34
438 94 7
903 462 8
886 36 8
101 167 8
1304 880 7
1227 1420 8
960 1446 1
507 1360 1
1312 1342 7
420 504 2
563 149 8
1128 21 8
646 533 3
620 1309 2
1085 1554 13
462 991 5
49 1084 2
611 1345 2
58 291 2
258 1200 2
32 1125 6
222 573 15
1303 779 7
625 21 8
601 164 7
601 502 2
145 1120 2
1461 324 30
403 297 8
841 1062 8
860 63 8
1001 293 0
1169 1309 2
1540 958 3
1078 39 8
269 139 3
1227 393 5
1055 957 7
396 1199 8
115 491 1
977 65 8
722 179 8
350 1388 7
23 1314 2
1158 766 8
350 1330 2
118 1070 2
601 388 7
361 850 2
1053 172 2
713 512 2
888 179 15
1037 958 3
317 338 5
916 433 7
899 403 7
1053 167 8
1098 847 0
563 626 2
1025 1161 7
792 122 2
674 1271 2
524 34 41
170 60 71
337 220 27
450 942 2
518 658 0
992 1381 7
840 513 30
997 1305 7
1029 1525 2
886 1128 8
270 1459 30
808 533 3
1084 99 0
1561 433 7
208 1396 7
315 1200 2
1247 98 33
1008 1396 8
300 638 27
1253 147 8
1468 75 7
1351 419 7
1525 1469 47
787 21 8
1338 595 53
76 1446 2
917 63 8
880 608 2
541 882 2
516 1078 2
217 22 8
1022 63 8
297 673 2
524 1144 2
507 718 2
322 22 8
176 923 2
1554 2 2
317 390 8
430 281 55
462 412 5
279 792 27
1262 1578 5
1325 1086 8
1080 34 53
1081 882 2
244 373 6
622 1200 2
1085 296 48
1025 445 0
1460 1518 30
1475 1499 57
455 1314 5
292 577 2
32 46 6
373 918 7
269 1581 8
842 295 1
162 175 2
1283 397 2
927 519 1
53 531 2
274 971 74
403 1321 8
466 321 6
487 1161 8
179 88 3
950 28 2
843 958 2
126 1436 2
267 75 7
362 1376 2
855 663 8
673 739 27
1210 991 5
348 1488 2
365 1122 2
1295 300 2
4 824 6
577 138 2
1246 386 57
1376 938 1
941 59 8
450 863 6
1447 441 0
148 675 33
380 479 2
161 114 8
1129 1118 1
85 1616 41
819 1388 7
713 1140 2
501 958 3
145 369 2
195 664 20
460 675 2
1258 929 7
91 63 5
760 52 5
663 118 5
577 70 2
80 1156 7
22 45 2
1140 452 12
804 856 2
1044 1227 8
680 1314 7
804 1148 2
661 273 6
1026 804 2
1262 606 35
681 329 2
1483 70 2
1474 502 2
1474 106 2
1232 1236 48
1110 576 2
993 920 2
199 399 2
673 685 8
867 850 2
547 125 2
202 145 2
418 718 1
1317 219 27
1239 387 8
997 158 7
317 726 8
1304 825 7
118 958 5
295 873 33
172 158 27
979 172 2
211 36 8
1084 118 2
1445 590 2
736 346 7
581 974 30
655 158 8
434 728 8
1446 742 23
1207 1125 8
858 813 8
600 1153 6
66 1163 2
32 341 5
502 958 2
865 63 7
270 855 2
199 724 30
768 462 8
618 581 2
119 477 41
154 1029 2
1019 1070 5
140 1141 2
944 1456 2
145 1461 2
792 338 5
252 1424 27
686 369 1
999 1325 5
39 433 7
168 477 70
1047 882 2
270 391 2
1087 83 8
265 462 8
35 677 2
1144 1125 6
155 97 8
1459 98 16
118 327 2
577 1058 2
450 284 6
140 677 2
252 651 53
581 1053 2
1055 1298 7
1439 573 15
350 937 7
126 393 2
32 70 2
782 697 1
170 1500 30
1401 433 3
95 938 52
82 656 1
126 289 2
681 1025 2
483 766 8
1304 855 5
1155 793 8
104 233 27
265 396 30
499 1109 67
324 421 2
1201 172 5
817 104 8
329 741 2
111 1156 8
544 1502 2
747 99 0
178 938 6
1036 365 2
1360 770 2
1122 914 2
317 1381 7
172 854 27
526 1002 1
1447 952 33
1019 330 8
211 1128 8
1357 309 33
1271 925 10
1207 1092 7
1253 92 8
1336 1304 7
84 634 2
1227 1305 8
643 1062 6
1306 104 5
238 533 3
1084 1106 2
300 829 2
1120 663 8
1252 1337 20
420 1077 2
1282 1355 1
406 59 7
427 462 8
1266 1325 5
741 29 2
285 647 2
1502 0 0
75 881 3
462 357 5
1399 1298 7
399 1299 2
941 1342 7
599 209 2
616 239 2
98 881 5
1547 291 8
630 1310 8
74 150 2
601 737 7
195 291 8
1090 327 2
503 555 2
1258 1152 26
117 671 30
1050 1314 7
359 1575 2
661 1305 6
841 32 8
1271 248 12
256 1131 2
686 1388 7
158 21 8
491 741 2
127 1310 8
1373 1574 2
932 1310 7
337 569 27
273 1156 8
810 686 1
713 397 2
126 625 2
479 1381 7
1152 199 2
693 1309 2
450 808 6
684 1345 2
145 314 2
34 219 38
1352 1062 7
1274 129 7
746 1316 5
211 1491 7
442 1449 2
36 269 8
804 796 8
582 330 8
324 1445 2
905 311 2
570 958 3
1148 32 8
88 1360 7
849 324 30
844 477 71
1346 1114 2
1247 671 33
804 728 8
116 793 8
995 531 33
681 269 8
267 1325 5
1232 785 48
1439 850 2
420 667 27
1298 958 5
192 558 2
1232 551 2
1446 702 12
66 488 2
83 914 2
330 1125 8
992 517 2
879 145 2
1450 662 2
98 464 14
859 661 2
179 500 2
441 167 8
269 1097 7
1555 662 2
646 1396 8
526 292 2
632 716 8
581 960 31
1227 158 8
138 1355 1
855 1309 2
546 63 8
411 75 3
270 112 2
195 627 8
960 971 7
1396 766 7
35 2 2
616 1555 2
373 1491 7
562 573 15
65 855 3
1009 138 35
1375 1384 7
150 1330 2
252 577 27
1557 301 19
1284 1291 33
591 1445 2
914 1367 2
594 1132 8
55 101 8
155 42 8
1447 1014 0
1129 1295 1
613 75 3
792 681 27
702 306 7
1284 330 8
535 513 30
1140 1409 2
879 576 1
434 83 6
673 1039 2
804 1033 2
661 158 6
250 487 8
992 1102 37
442 78 2
476 534 2
1136 1310 8
981 21 20
569 1314 8
903 365 2
548 812 1
125 1460 24
1556 1314 7
613 55 20
482 21 8
126 265 8
1308 1227 6
418 1359 1
324 366 2
762 1131 2
98 728 7
101 65 8
550 512 2
220 1042 2
102 350 2
213 1314 7
228 1207 8
635 591 1
107 1457 8
247 104 8
992 848 8
997 1127 7
69 1258 2
57 377 6
419 8 7
576 1220 14
522 1298 7
979 1141 2
1200 116 8
595 1126 16
1387 75 5
655 1127 8
1085 1384 13
999 462 8
1446 376 3
411 662 2
75 92 8
273 882 2
563 1152 26
395 66 2
731 792 7
754 63 8
656 952 14
499 474 2
157 1056 2
1287 89 2
3 1070 5
913 661 5
43 650 7
117 324 30
26 958 2
601 1416 2
651 255 40
406 269 8
1078 265 8
503 500 2
362 974 2
586 150 2
1413 32 8
524 671 30
563 1417 27
1052 172 2
668 104 5
577 233 27
1459 671 16
936 346 2
512 519 35
579 1448 2
1258 177 2
475 882 2
20 199 7
1481 531 7
1483 1443 2
1271 113 2
1372 491 7
271 32 8
563 415 1
628 1325 5
349 1262 2
1442 1283 21
1052 104 2
1474 1479 2
1025 1329 2
21 763 2
838 59 8
692 663 8
1359 771 2
1082 531 30
792 1036 2
170 1153 6
1351 1109 7
671 890 2
218 804 2
112 433 7
1357 950 33
1214 372 1
226 1131 2
550 1140 2
1140 320 7
433 1384 7
558 360 2
28 80 8
125 311 2
563 1076 2
1117 433 7
1140 274 12
1445 1567 2
420 1030 2
59 336 6
1232 834 48
1232 438 48
804 277 8
124 116 8
1439 503 2
889 798 2
201 129 7
569 167 8
170 1377 6
1066 293 0
233 52 8
812 284 14
513 1162 2
938 1124 16
677 1008 39
177 1078 2
1114 533 3
49 1291 33
151 1084 2
850 642 2
731 732 7
632 265 8
843 1252 2
992 97 8
591 0 0
328 32 8
170 80 8
1304 355 7
506 533 3
503 1196 2
1039 1375 27
279 914 27
471 1227 6
1551 1283 4
834 450 7
580 1245 1
1287 1009 2
1521 433 7
419 961 35
345 1531 1
992 53 35
1394 423 27
150 983 2
1537 21 8
1351 743 5
590 714 2
938 836 2
1078 1581 8
396 54 8
1141 320 6
259 1310 8
605 462 8
439 872 30
917 324 7
1258 1493 2
349 579 2
1250 1359 2
1382 52 7
907 350 2
104 1333 2
350 112 8
654 1488 2
434 320 6
997 848 7
997 452 7
653 1140 2
1541 1325 5
1421 59 5
396 676 30
1009 891 8
920 784 19
658 622 7
761 53 1
199 229 2
434 252 6
211 726 8
325 987 2
1210 40 7
268 1070 5
1324 697 1
1215 756 7
1215 360 7
576 873 14
1563 1310 8
441 52 8
502 1252 2
997 676 7
372 99 66
641 1258 2
443 821 75
373 1403 6
636 1342 7
531 789 2
267 601 7
199 1578 3
48 1029 2
1227 1127 8
721 798 27
1394 1515 27
1322 487 8
514 1447 2
270 1081 2
59 292 2
285 532 8
98 976 30
934 1055 1
1544 39 8
747 222 8
1039 1042 2
192 1456 30
269 728 8
295 53 34
601 627 7
554 1000 5
591 1371 33
1468 1210 62
829 1424 2
1339 1557 5
829 1419 8
393 21 8
1078 502 8
377 766 8
1284 512 2
601 163 7
563 68 1
1029 1076 2
779 735 6
373 726 8
453 531 2
1158 437 8
1158 833 8
28 197 8
28 139 3
498 52 8
661 1127 6
806 973 2
806 577 2
160 948 15
442 1047 2
323 479 7
1305 1325 5
556 627 12
337 391 27
211 1381 7
1344 727 57
903 938 2
341 677 2
1478 1000 2
479 848 8
29 769 8
1253 883 33
1344 930 12
126 838 8
1025 1305 8
438 1299 2
1120 269 8
980 1342 7
750 1557 1
70 1000 1
894 1131 2
1003 910 2
555 1405 2
672 269 2
1357 523 23
563 625 2
736 1227 6
1355 0 0
434 1213 7
1215 1384 7
1213 373 6
420 929 7
437 1396 8
1447 118 2
886 1127 8
880 779 2
948 99 0
759 1029 2
1314 274 12
497 920 1
1209 1062 7
43 1395 7
1084 1264 2
1207 1583 8
145 1550 1
555 21 8
84 1084 2
819 1236 52
850 191 2
731 677 7
1398 1469 47
971 1324 39
1382 1070 5
910 1237 36
281 675 2
1210 18 8
1547 855 3
1351 519 35
847 39 7
713 1087 2
599 727 2
908 1310 5
195 855 3
944 311 2
718 1407 2
1251 658 0
1131 546 25
784 1275 77
1000 1554 0
1078 838 8
503 1073 2
999 1640 77
927 982 1
377 1003 2
268 1062 8
1551 1160 4
1028 1424 2
340 755 7
1047 29 2
391 75 8
350 1395 7
1545 32 8
1174 325 2
272 462 7
1141 265 6
90 1557 5
1133 1424 2
914 569 2
579 891 7
137 32 7
1177 462 8
1375 856 2
1323 1070 5
1025 1226 12
485 533 3
455 43 6
116 300 2
368 1227 8
1210 990 5
552 491 2
923 1153 2
359 21 8
1133 1310 7
61 573 15
362 163 8
301 1640 77
778 533 2
595 1024 40
438 324 2
205 450 7
558 1329 2
1483 241 2
1000 201 12
1474 277 2
787 779 7
1023 1156 8
1093 293 0
439 954 7
539 126 2
556 156 2
1304 308 7
1227 848 8
1502 1214 0
1499 1084 10
443 474 75
1447 31 33
1306 21 7
1312 1062 7
377 1407 2
913 327 5
632 838 8
1295 479 2
1207 1296 8
49 512 2
1210 646 8
522 770 2
494 1355 2
1295 433 7
270 1026 2
1258 338 5
293 139 3
642 167 8
1204 32 8
1085 518 13
619 1131 2
238 1070 5
266 590 2
704 1314 1
607 1025 2
602 1475 37
479 1238 33
259 1200 2
752 487 8
928 373 2
836 462 8
1446 1014 0
323 1325 5
798 1417 27
27 1227 8
1551 81 4
1132 1528 1
479 574 2
1164 1550 8
387 663 8
170 983 30
1475 523 57
591 360 2
808 1299 2
531 1455 30
1152 1345 2
126 168 2
1120 1557 1
1158 90 8
925 1009 2
581 1120 2
673 869 2
126 460 2
945 330 8
1056 75 3
804 1213 7
122 420 2
1442 789 1
350 685 8
1392 1457 30
462 471 8
420 1152 26
1442 1518 2
3 32 8
81 1262 2
555 662 2
1258 390 8
126 387 8
570 59 8
551 172 2
82 1488 2
1554 372 1
42 1070 5
837 483 15
85 442 2
1232 36 48
1016 397 75
311 542 7
992 929 7
971 905 2
510 1418 7
779 3 8
300 954 7
779 341 3
420 852 2
747 1264 2
655 957 8
581 776 5
634 437 8
841 1483 2
4 810 15
318 98 8
910 453 35
843 350 2
227 401 1
108 450 5
601 908 7
1081 34 53
374 910 2
718 1352 2
503 726 2
167 611 2
577 1169 2
729 21 8
369 882 2
4 252 6
707 22 2
1078 387 8
1007 611 35
150 873 2
167 903 2
9 910 1
577 1461 2
1396 183 2
923 478 2
1129 546 1
1174 270 2
1087 546 35
914 514 2
1255 1345 2
1367 1131 2
866 573 15
1330 179 15
707 350 2
1258 1086 8
1025 775 12
73 658 0
913 616 2
558 666 12
1025 1550 8
904 590 84
849 167 30
1468 199 7
792 424 7
301 793 77
1132 813 8
238 1062 8
1359 562 23
472 32 8
550 1262 2
1131 128 2
838 1325 5
1253 495 8
250 1070 5
1276 779 5
58 1002 1
330 1296 8
1317 335 27
1317 1395 7
786 21 8
140 1132 5
1215 646 7
155 1187 0
46 850 6
1200 929 7
891 21 8
981 1258 2
65 715 7
1239 39 8
620 1078 2
199 384 3
377 1352 2
499 1328 2
971 154 2
1376 1062 1
958 568 7
694 327 1
20 293 0
601 1536 7
270 575 2
338 450 30
128 651 53
1396 833 7
526 291 2
1258 681 27
268 32 8
1407 434 2
35 59 7
595 207 38
1055 726 7
1184 75 3
1058 63 8
236 1511 74
476 377 2
1245 647 57
1258 1381 7
1229 808 6
581 1169 2
581 773 2
266 462 8
126 108 8
359 599 2
1314 1225 0
483 90 8
63 501 5
912 104 2
662 638 27
1540 1325 5
325 506 6
122 365 2
442 541 2
9 533 3
1333 1131 2
547 541 2
450 607 2
774 616 2
126 40 8
1029 898 2
185 1424 27
575 32 8
1321 938 6
653 1262 2
920 952 14
206 533 2
1037 1325 5
1399 1335 5
910 114 8
1506 813 15
192 1357 2
199 1097 7
894 661 2
960 1447 1
350 960 30
139 311 31
806 396 30
315 63 7
606 558 1
647 795 7
450 536 30
391 661 2
1403 779 6
117 167 30
270 911 2
58 292 2
1317 685 8
958 800 7
1557 772 19
1140 1214 0
747 745 2
499 244 8
33 420 2
1078 40 8
718 901 2
21 314 2
1518 167 8
577 1510 2
973 1324 39
806 434 1
1405 488 2
1078 728 8
276 533 3
350 1389 7
737 32 8
272 2 2
337 289 27
591 933 2
746 1500 5
1160 858 12
791 1446 2
1527 63 8
1252 1148 2
301 910 77
876 658 66
619 28 8
381 172 8
1379 390 2
40 75 3
1372 662 7
235 677 2
126 1033 2
192 199 30
1030 1424 2
272 600 55
1486 1314 7
337 221 27
512 622 35
432 938 1
323 997 7
442 1565 2
442 1169 2
377 820 8
437 1299 2
1227 1388 7
789 1357 2
499 1554 0
238 616 2
167 485 30
311 845 12
112 150 2
1014 462 8
551 1141 2
189 1131 2
501 1325 5
1232 213 48
307 671 2
1253 44 8
420 1493 2
4 722 14
861 1567 1
307 1359 2
1444 1286 2
886 1307 13
880 1396 8
1304 594 7
69 350 2
1424 854 27
1309 856 2
1443 992 2
269 1213 7
303 1314 8
1283 466 2
581 347 30
512 1389 7
434 101 8
211 97 8
671 1282 30
1207 102 8
199 387 8
66 140 2
503 1367 2
499 201 12
377 901 2
632 728 8
1087 1127 8
325 68 24
1172 1310 7
181 63 8
479 1505 7
154 798 2
179 147 8
45 362 2
1506 1090 2
154 793 8
1383 32 7
835 1239 2
348 656 1
1207 326 8
179 1267 15
1250 910 2
9 1087 1
713 98 33
1379 726 2
337 917 27
798 619 27
591 1561 2
565 325 2
1233 1131 1
195 665 20
476 718 2
253 21 8
144 377 8
157 471 8
32 1437 8
878 513 26
364 1062 8
240 22 2
1042 159 2
1483 535 2
1047 479 2
14 663 8
673 759 2
213 373 6
420 1122 6
210 1141 2
1463 848 7
522 1335 5
265 59 8
1000 1371 33
1253 745 2
923 1374 8
552 1009 2
119 663 8
434 95 6
231 350 2
657 1009 2
98 890 2
917 1156 8
209 1062 7
396 451 30
270 381 30
1114 1359 2
1081 75 5
624 1084 1
1474 399 2
442 855 3
325 762 2
763 1131 2
1317 220 27
1336 677 7
563 163 8
992 527 7
878 167 7
146 658 0
1446 31 33
325 35 23
474 1507 5
639 324 2
1396 412 5
1107 1580 18
57 493 6
1373 1578 5
1215 823 7
978 581 2
859 1405 2
535 1000 2
1129 432 15
1210 143 7
541 533 3
177 269 8
836 365 2
1210 435 7
1394 894 27
270 856 2
263 1070 2
1283 671 33
270 1148 2
1357 99 0
601 844 2
747 393 8
606 430 7
650 63 8
59 250 59
443 130 5
266 1207 8
43 766 7
601 402 7
91 1156 5
938 843 2
145 1358 2
133 1310 7
1414 59 7
363 1392 7
1506 607 33
577 1455 2
1271 893 33
1399 936 8
1502 367 2
87 958 5
1078 277 8
1171 1062 8
1245 824 57
155 390 8
912 1141 2
804 739 27
64 519 30
192 958 5
218 300 2
83 1314 5
1304 820 5
533 724 31
533 287 30
661 506 6
1494 187 7
1179 600 71
917 350 33
65 990 5
1567 754 12
468 1207 8
923 3 8
337 166 27
923 341 3
450 492 2
588 663 8
792 360 2
185 1309 27
1511 999 19
569 59 8
329 742 2
101 22 2
1093 1210 6
1085 743 5
190 1424 2
847 1225 0
813 65 8
1140 40 7
208 1342 7
903 1396 8
234 462 8
308 1360 2
34 586 40
534 1110 2
744 718 1
1128 663 8
1468 21 7
425 1070 2
1232 158 48
628 1375 27
485 1070 5
167 1125 16
673 3 8
222 433 3
889 914 2
330 102 8
413 1314 7
411 1078 2
419 793 8
112 22 8
570 1325 5
759 804 2
1304 143 7
86 28 8
658 83 8
922 761 15
295 191 33
965 732 7
850 70 2
872 420 2
1183 1239 7
1373 139 5
531 277 2
434 384 3
499 530 2
1207 47 8
256 804 2
1482 75 5
1284 1087 2
623 21 8
534 998 29
1551 1003 4
601 738 7
1025 683 0
1085 61 13
439 368 30
179 92 8
1459 324 30
1275 681 7
1355 445 0
847 881 3
1538 958 3
145 383 2
533 983 30
1383 373 7
1400 403 7
560 1156 5
150 307 2
870 65 8
858 355 8
591 818 2
772 1632 77
600 1470 2
167 728 8
1402 1310 8
720 179 8
594 109 8
1129 668 1
591 1110 2
235 958 2
582 300 2
1039 66 2
1398 63 8
1028 1131 2
939 1227 8
420 338 5
442 1450 2
752 1070 5
915 1271 1
916 75 3
9 1396 8
1253 789 8
350 228 8
552 558 2
479 44 8
674 534 2
107 502 8
144 1070 5
1568 1131 2
1232 620 2
1000 360 2
98 101 7
997 568 7
3 1511 9
635 1567 1
1391 793 8
531 681 2
1308 136 6
1444 1567 2
1482 59 8
1349 208 2
1207 410 7
836 1375 27
731 1544 7
285 1298 7
12 1460 20
190 673 2
859 662 2
195 1384 8
1316 324 2
1090 686 7
555 28 8
581 524 30
636 1062 7
1271 1329 2
634 1583 8
855 914 2
420 390 8
726 1507 1
620 804 2
620 1200 2
1341 1207 8
252 1042 27
610 65 2
124 193 5
47 104 8
522 936 8
1087 97 8
52 424 8
1077 1258 2
983 377 8
487 1298 7
1160 512 2
1287 1357 2
1502 976 33
145 1011 2
171 1396 8
21 1515 2
833 450 7
28 1296 8
838 1207 8
483 92 8
1030 798 2
938 1184 2
27 1007 2
315 324 30
829 1144 2
713 671 33
1045 1584 28
670 1475 37
167 149 8
750 1239 30
1446 743 5
1339 1673 5
1045 804 38
1029 504 2
1055 848 7
569 1342 7
233 1227 7
1146 114 7
1111 658 66
819 296 8
240 199 2
126 235 2
270 730 30
1520 167 8
595 102 8
337 46 6
126 626 8
325 336 6
447 1087 2
1304 9 5
677 1169 2
595 1031 40
29 139 3
421 656 1
98 1125 7
101 462 8
656 1099 2
613 1070 5
516 513 26
167 375 30
762 1424 2
443 904 74
847 1170 0
804 384 3
230 75 8
1463 83 8
546 1156 8
416 601 2
911 462 8
330 47 8
493 1122 6
530 1253 2
699 1132 0
1080 1070 7
55 929 7
638 311 2
1446 1292 33
1407 1245 37
303 958 3
971 972 2
865 601 7
1443 590 2
974 718 2
538 1314 8
872 365 2
309 269 8
841 1258 2
396 1161 7
503 569 2
119 938 6
999 1532 77
270 1033 2
285 588 8
267 577 27
722 433 7
1407 1310 7
945 910 2
1421 167 8
1544 387 8
455 850 6
369 365 2
69 167 8
126 1035 2
1025 1106 2
1085 6 13
1287 732 7
179 37 8
1399 1217 8
337 846 6
471 136 6
568 466 6
191 1456 30
1526 63 8
53 21 8
150 648 2
167 678 2
155 572 2
487 296 8
419 1314 5
663 77 5
688 656 1
1130 961 1
39 75 3
1291 1556 44
914 289 2
594 450 8
1014 1531 1
284 761 15
905 325 2
226 804 2
89 1566 37
28 149 8
1245 1496 12
360 958 3
673 854 27
723 63 8
337 739 27
1351 1448 2
746 1554 5
1554 1531 1
969 293 0
1442 277 1
982 270 1
582 172 8
420 681 27
570 462 8
1008 1227 8
1447 254 12
1225 1544 48
982 958 1
59 296 5
555 150 2
1357 883 33
1188 1062 7
228 129 8
1316 4 1
325 360 2
102 59 8
1132 916 8
458 1483 29
185 503 27
1304 424 7
55 1161 7
591 81 10
920 31 14
285 1243 7
1223 533 2
868 1021 2
66 1122 2
1304 320 7
541 1396 8
295 368 33
745 697 2
74 792 2
531 162 2
1360 776 5
595 1166 1
277 1447 2
981 591 7
1446 959 8
1085 702 13
466 908 6
747 952 33
1551 1284 4
1078 1213 7
292 804 2
32 273 6
1087 88 3
158 663 8
893 1456 30
1084 296 8
628 1310 8
1087 42 8
514 59 8
485 616 2
43 743 3
499 284 33
655 273 8
374 2 2
294 139 3
390 1456 30
686 260 1
1259 1392 2
1084 228 8
277 63 8
582 581 2
878 1070 5
1264 63 7
140 172 2
35 167 8
170 307 30
1249 958 1
910 739 68
1229 875 6
337 95 6
22 163 8
1251 397 2
912 671 2
595 47 8
434 321 6
259 270 3
463 1227 8
350 743 3
292 1469 47
823 663 8
220 300 2
1252 222 8
1000 933 2
270 607 30
1359 622 34
425 1245 37
1251 329 2
1239 223 2
449 75 3
681 1140 2
1120 330 8
325 988 2
265 1325 5
581 873 30
673 808 8
311 704 2
718 631 15
1227 805 2
1499 1140 10
1442 1170 2
1506 880 15
1336 403 7
420 1036 2
311 262 7
416 150 2
12 34 20
55 524 2
300 382 7
921 1252 30
48 697 1
462 1523 5
191 779 8
736 136 6
805 1325 5
1219 1062 8
370 564 41
65 1118 7
1156 401 5
1394 1120 27
24 1132 0
1536 576 52
493 603 6
958 575 7
503 514 2
167 399 2
270 978 2
1158 178 1
267 126 27
1475 647 57
1055 1197 7
127 1375 27
172 3 8
605 1456 2
601 628 7
1183 269 7
852 65 8
324 861 30
484 491 84
359 732 7
577 889 2
1156 1395 7
325 1081 6
887 847 0
167 326 8
227 53 1
483 957 8
1259 709 2
479 922 2
771 1475 5
923 198 2
1129 307 2
1029 1077 2
1507 1205 2
126 516 2
1158 834 8
693 804 2
29 838 8
1253 952 33
716 75 3
361 522 2
1355 745 2
1025 937 7
903 1299 2
922 300 2
22 1583 8
655 338 5
1254 433 7
1391 167 8
707 65 8
325 1305 6
663 770 2
102 1342 7
230 325 2
506 55 20
1152 22 2
914 166 2
718 622 34
214 1070 2
804 291 8
858 1285 5
393 958 5
226 285 2
1031 663 8
1359 282 23
1506 820 15
672 958 2
515 295 1
879 104 2
281 1309 27
893 779 8
634 83 6
569 1325 5
4 893 14
419 920 2
686 877 5
1304 369 7
1014 65 8
618 1062 7
555 22 8
606 1253 1
1078 1496 53
434 272 8
872 938 2
847 796 7
294 1125 8
65 39 7
265 1344 7
620 798 2
403 1457 8
1453 533 3
1483 272 31
717 686 7
1061 732 7
155 537 12
69 52 8
466 97 6
1287 1351 2
591 1404 2
847 769 8
45 533 2
387 63 7
763 1291 30
1284 98 33
359 491 2
1052 350 2
255 433 7
1271 1443 2
1144 273 6
915 109 21
155 1541 2
577 206 2
1399 83 8
1141 1333 2
1146 1315 7
450 1327 6
530 1132 0
125 661 2
377 622 34
1041 104 2
220 21 2
32 1212 8
595 219 38
581 889 2
128 595 53
905 461 1
195 1128 20
373 44 8
1354 1025 2
359 22 8
544 718 2
939 1349 8
349 129 2
1455 1345 2
534 1554 0
1442 162 1
1392 830 30
1232 1080 48
1429 139 5
1164 355 8
439 627 7
1355 950 33
226 1309 2
1454 601 2
702 129 7
1392 1518 30
1132 1161 8
1304 336 6
891 109 1
1332 89 1
1123 1156 7
848 1070 5
648 662 2
844 600 71
681 397 2
563 42 8
581 1108 8
85 211 2
74 1141 2
775 973 74
1457 581 3
550 1291 33
933 1325 5
724 43 6
1227 750 2
1215 702 7
1207 532 7
190 503 2
534 945 2
1380 21 20
1502 97 15
671 80 8
462 1176 5
365 223 26
1117 65 8
636 938 2
1328 656 2
550 330 8
1011 32 8
988 600 2
1460 1169 39
538 958 3
183 1405 2
55 27 7
1312 1396 8
1497 293 66
1482 1325 5
1076 1258 2
1037 1375 27
98 1282 30
1552 119 8
634 102 8
32 846 6
1299 1554 2
865 172 8
35 958 3
686 505 1
266 591 2
32 1138 6
601 223 2
1303 792 7
601 177 7
403 18 8
155 1126 33
1237 573 15
661 412 5
145 1133 2
706 136 6
285 410 8
577 834 2
1291 758 44
1527 179 8
1029 1418 2
581 1121 2
759 1314 5
591 653 2
285 796 20
1039 1207 8
1357 1264 2
1054 663 8
269 1330 15
269 934 15
1130 491 1
98 1315 7
524 98 30
1474 974 2
483 834 8
1227 338 5
563 1035 2
718 1376 15
202 576 1
1344 1069 57
1456 200 2
442 889 2
665 1424 2
1304 527 5
991 663 57
89 879 2
661 638 27
547 889 2
1129 476 2
1456 492 2
1000 1110 2
290 63 5
89 833 7
1332 1009 1
805 462 8
447 98 33
1056 1070 5
177 1141 2
1264 961 35
108 167 8
670 32 8
878 616 2
85 1131 2
614 661 5
1456 424 2
213 167 8
190 1131 2
295 681 2
1210 1302 7
318 167 8
854 1488 2
279 581 27
140 109 5
1232 90 8
43 1138 52
177 677 2
877 1271 2
293 836 3
119 1345 41
420 848 8
847 53 7
1301 1310 7
391 1405 2
1000 998 29
1429 90 7
512 1109 7
1078 1045 53
634 730 8
66 256 2
1402 779 6
1078 852 8
365 911 2
273 1396 8
54 104 7
522 83 8
263 558 2
89 139 5
466 438 6
601 805 7
656 160 14
77 63 8
651 774 40
730 1355 2
126 1553 2
195 849 20
157 259 8
1522 533 3
1025 1578 7
1135 1507 1
1373 908 7
586 961 2
726 1310 8
337 1033 27
932 1419 8
155 1090 2
598 1062 8
1442 1114 21
1174 563 2
1166 430 39
591 554 23
573 70 1
1082 362 30
563 929 7
915 1483 2
314 581 2
1463 568 7
687 1550 8
350 3 8
778 479 2
350 341 3
883 29 2
1479 350 2
1299 3 29
307 1483 2
3 1349 8
780 1345 2
98 272 7
593 75 8
698 21 8
302 1567 7
191 450 2
673 411 2
1474 223 2
961 1114 1
1225 63 48
686 1554 5
631 491 1
605 1325 5
373 1236 52
1504 1000 5
1562 89 2
1252 44 8
78 662 2
576 368 14
195 471 8
1304 942 7
350 1335 5
1227 1086 8
183 662 2
886 390 8
847 681 7
45 882 2
1078 739 27
65 320 7
303 59 8
98 539 30
173 350 2
437 533 3
1283 1502 2
1061 1351 2
1514 1531 1
634 47 8
606 155 1
1275 1480 7
599 1296 8
1460 160 30
205 1558 77
271 1252 2
982 65 8
1271 1328 2
1253 99 0
655 1315 5
658 215 5
1284 671 33
64 307 30
980 1200 30
1144 846 6
350 704 2
468 1000 2
860 21 8
829 1310 8
479 27 69
1252 917 2
727 749 59
195 35 72
301 718 5
856 377 8
450 297 6
1041 677 2
601 54 7
270 505 30
478 167 8
1475 230 17
1483 883 2
913 1141 2
558 1191 12
1374 1239 2
357 21 8
325 111 6
992 1566 37
1004 595 53
1232 690 1
1252 453 2
632 1220 1
552 1357 2
632 61 15
923 119 8
1446 1517 1
347 29 2
1308 1399 6
657 1357 2
265 513 30
206 34 53
819 3 8
270 437 30
185 1029 27
819 341 3
1304 76 5
519 1140 1
1333 1424 2
1272 958 3
883 1345 2
671 726 2
1357 745 2
696 75 8
988 1345 2
335 350 2
300 1072 7
1547 1418 7
208 1062 7
563 516 2
1481 477 70
541 616 2
1008 1062 8
1482 462 8
546 499 1
430 1056 2
526 1056 2
531 1376 2
642 126 2
761 1296 8
1176 850 1
1304 1570 7
439 159 2
380 513 26
1415 386 57
364 779 5
1132 355 8
1014 59 8
958 1166 1
1424 891 7
140 450 5
267 420 27
409 882 2
747 80 7
1547 80 8
483 527 1
1188 433 7
1183 563 7
641 65 8
1394 1242 27
913 1589 5
151 920 2
167 229 2
1337 462 8
377 670 2
1310 1197 2
632 101 8
1058 661 2
479 837 6
152 1200 2
727 1262 2
46 433 7
365 856 2
601 854 7
595 1592 38
595 1196 38
1117 75 5
1448 1474 30
616 648 2
601 750 7
537 1489 5
1397 377 7
265 1207 8
484 1009 84
1025 1173 2
150 423 2
150 27 2
167 453 2
252 66 27
1045 1345 2
479 1148 2
477 574 2
325 1203 6
668 172 5
1007 453 35
1488 35 2
1396 83 7
32 23 2
1187 1575 4
337 978 27
337 582 27
170 1453 30
1129 388 1
599 149 8
98 1596 7
20 663 7
1359 151 2
672 1252 2
1253 118 2
1469 1181 7
1210 881 5
337 514 27
1176 59 8
1052 167 8
792 766 7
324 1562 2
804 855 3
1454 199 2
139 675 30
869 779 6
104 773 2
1305 533 5
671 1354 2
581 18 8
396 983 16
1444 1355 2
315 1156 7
40 1070 5
447 671 33
1357 62 2
958 1152 26
1463 90 8
303 1342 7
1232 506 48
415 732 7
540 104 2
403 1418 7
1131 35 23
155 445 0
408 1342 7
508 1418 7
872 1227 8
1502 1105 0
616 1052 2
183 269 7
427 1207 8
1078 930 53
434 102 8
601 1550 7
1080 104 2
973 638 2
958 1417 27
98 192 30
450 1457 30
271 577 2
65 265 7
964 732 7
494 558 2
190 28 8
471 1399 6
1314 742 23
761 149 8
294 40 8
980 59 8
841 350 2
718 883 33
1295 662 2
329 1388 61
1527 1156 8
227 1267 1
501 591 2
1488 690 1
834 1310 7
1461 761 15
1214 1325 5
1258 1395 7
1252 739 27
945 2 2
1258 1337 2
1271 201 12
796 377 6
1520 59 8
170 758 71
1227 1315 5
1084 341 3
161 116 8
32 1047 2
242 476 79
1367 1309 2
577 724 2
1132 1023 1
601 45 2
1055 568 7
719 179 8
1252 70 2
441 1531 1
327 1608 2
1483 536 2
1029 516 2
1446 441 0
126 54 8
591 347 33
907 126 2
483 36 8
674 590 2
1572 1181 7
673 1052 2
1155 167 8
1474 468 2
276 75 3
1558 1259 32
491 102 8
22 3 29
804 1437 8
1253 31 33
1252 789 8
1145 269 8
774 958 2
501 293 0
13 167 8
1140 347 33
1345 584 2
206 479 2
633 1399 6
325 763 2
322 1309 2
325 1550 8
1554 992 2
1210 900 7
1570 377 8
167 1186 16
1215 824 7
21 519 25
190 1062 3
66 1525 2
534 444 23
671 301 14
170 1199 7
871 1070 7
526 1037 2
112 136 19
543 1062 8
747 363 2
655 848 8
850 942 2
43 835 7
432 52 8
938 1496 53
483 472 1
514 443 12
829 493 6
1183 508 7
391 503 2
449 513 26
503 289 2
124 937 5
285 308 8
522 1243 7
618 479 2
1436 1207 8
1313 533 3
1456 347 30
977 377 2
618 433 7
873 697 14
34 1006 2
913 1070 5
1042 856 2
503 221 2
377 151 2
1399 937 8
543 1392 30
27 662 38
591 1439 33
488 661 2
97 136 6
126 1047 2
697 777 2
150 368 2
242 1500 79
483 1128 8
107 1213 7
1041 958 2
337 235 27
1173 531 33
167 789 8
373 502 8
365 728 8
973 1610 56
1000 1404 2
357 599 2
126 979 2
710 1396 8
847 1294 0
28 265 8
591 444 23
677 829 2
1025 666 12
595 54 8
1140 1439 33
1538 1325 5
913 65 7
34 551 40
112 533 3
81 1344 1
1469 766 7
671 903 2
667 75 7
595 464 40
1450 104 2
847 1518 0
59 57 6
653 129 2
1232 555 48
1232 159 48
1555 104 2
451 150 2
1380 479 20
221 63 8
901 958 3
404 1239 2
1084 1016 12
273 1299 2
880 847 2
535 21 8
74 616 2
730 1357 2
270 739 27
1401 779 6
434 47 8
466 336 6
618 1129 7
483 704 1
1424 27 53
391 1131 2
1520 1342 7
503 917 2
483 1491 7
623 22 8
170 139 3
285 936 8
1396 770 2
601 1031 7
1177 311 2
977 1396 8
1521 533 3
591 1191 12
817 433 7
1271 530 2
1372 1304 7
573 364 1
1180 52 8
1506 1328 2
271 350 2
34 185 38
747 341 3
255 150 2
663 425 5
1215 1154 5
594 407 2
359 558 2
534 1397 0
914 1033 2
238 1258 2
1039 21 7
1359 1480 2
1360 1468 2
143 75 3
558 1173 2
599 53 34
563 1493 2
675 883 2
910 1384 8
592 21 8
442 140 2
558 458 33
1463 1127 8
1220 136 6
1252 384 3
491 47 8
1172 958 5
1304 111 6
540 1141 2
968 293 0
1568 1424 2
1029 393 2
1567 388 2
418 1025 1
98 394 7
1474 53 2
311 424 2
531 974 2
411 104 2
1084 425 2
197 59 8
1201 531 2
510 88 5
1210 449 7
1227 916 8
300 148 2
57 43 6
269 1437 2
699 109 0
591 1105 0
522 568 7
441 65 8
300 836 2
526 586 2
1209 155 7
1080 677 2
546 65 8
847 1199 7
43 92 7
53 920 58
145 1080 2
636 1396 8
836 661 7
138 1253 1
1201 21 7
522 937 8
820 124 1
1140 1105 0
479 39 6
1475 763 57
484 697 1
958 1420 8
1055 917 7
373 182 7
172 119 8
754 21 8
303 1325 5
1120 1314 5
503 166 2
999 733 77
798 1152 26
938 1081 2
167 384 3
361 346 2
661 189 27
1258 239 2
875 1207 5
350 1217 8
381 63 8
1053 59 8
563 122 2
673 1333 2
126 627 8
21 33 2
85 1078 2
1001 1575 2
337 112 27
795 908 8
459 793 8
324 368 2
311 782 7
1304 698 5
316 269 6
1522 1070 5
438 1078 7
450 1126 2
1009 1199 7
98 1418 7
291 1469 47
1152 75 3
679 167 8
191 1200 2
362 861 30
908 59 8
1100 1253 2
440 22 2
658 97 8
144 658 0
420 988 2
360 1325 5
643 1342 7
727 52 5
1196 1131 2
424 663 8
1525 1460 2
1187 433 7
124 1578 5
800 573 15
43 1116 7
1351 704 35
267 938 27
35 1342 7
759 1042 2
671 485 30
1131 719 15
913 1419 5
140 1342 7
377 500 2
579 866 36
784 1460 77
1110 59 8
1317 808 8
406 590 7
1400 21 7
144 1314 7
516 798 2
1055 1545 7
719 1156 8
1 1227 6
1141 54 6
155 1329 2
1448 1200 30
944 324 2
784 1392 77
489 433 7
838 129 8
790 1210 62
142 479 2
712 59 8
24 579 2
1538 462 8
4 320 6
483 1305 8
913 373 6
1551 1173 4
718 309 33
270 384 3
577 322 2
477 696 2
442 1418 7
301 1429 77
41 1007 24
575 1252 2
951 487 8
1258 763 2
170 368 30
1029 114 2
300 101 26
899 1215 7
28 838 8
1258 1550 8
449 1078 2
1357 952 33
514 718 10
1468 663 7
1232 800 48
761 183 1
151 961 35
42 64 50
614 1132 5
528 1084 2
226 1029 2
98 47 7
1009 562 2
595 1037 40
1450 677 2
1220 373 6
1506 683 0
655 1388 7
31 948 15
1232 1128 48
993 812 2
1555 677 2
1429 957 7
563 54 8
883 28 2
187 477 2
1087 1381 7
27 1200 15
842 591 1
285 1536 7
1372 487 5
55 189 2
847 852 7
470 1399 6
1447 824 23
145 296 1
581 470 30
1476 1392 30
466 1305 6
24 109 0
43 37 7
159 1309 2
45 1345 2
650 22 8
145 588 1
162 1055 2
148 433 7
158 961 2
477 1496 2
222 1132 0
1055 570 7
530 1314 5
24 1567 2
23 531 2
307 1310 5
98 642 30
651 1177 40
157 667 2
470 1227 6
1056 697 1
263 1253 2
747 226 3
1053 1342 7
928 94 2
573 937 1
140 591 7
1394 116 2
500 365 2
671 463 31
1500 599 2
723 1156 8
337 1436 27
1283 98 33
359 793 7
22 925 2
1132 1249 1
1155 65 8
588 330 8
1037 66 2
75 743 5
125 1405 2
1029 1138 2
1054 487 8
581 841 2
1314 1397 0
1151 718 2
270 676 30
1251 2 2
1520 1325 5
220 661 2
1130 211 1
1036 325 2
1253 1264 2
907 644 2
155 213 8
1454 1345 2
1568 1309 2
878 462 7
438 673 2
548 1488 2
377 1472 5
1304 643 5
530 579 2
515 1271 1
769 661 2
555 675 2
563 390 8
551 581 2
281 1078 27
230 21 8
65 1187 7
76 199 2
534 1001 2
420 641 2
437 671 2
658 42 8
466 1564 5
1178 1554 0
437 1062 8
411 677 2
1317 1031 27
579 546 35
295 401 2
1080 958 2
302 591 7
318 179 8
449 1070 5
183 150 2
1212 65 8
1401 377 6
1200 355 8
606 1314 1
1156 298 5
572 533 5
226 671 30
1084 1321 8
712 1342 7
626 1131 2
270 979 2
632 272 8
499 25 2
277 1156 8
1361 658 0
717 59 7
617 433 7
1216 487 8
910 70 35
437 1392 30
1041 1252 2
601 629 7
601 233 7
616 423 2
492 531 2
269 626 8
829 675 33
590 91 7
466 158 6
575 577 2
747 808 8
1193 199 50
126 877 2
21 778 2
933 1392 7
514 65 8
579 1472 37
4 265 6
1078 796 8
479 877 7
914 235 2
117 377 1
163 129 8
256 1310 8
591 1001 2
1479 34 53
392 21 8
1158 1127 8
361 1310 8
558 771 2
235 1141 2
673 1510 2
1082 1200 15
226 1042 2
1375 80 7
1481 1062 7
563 1086 8
104 256 2
179 1315 5
1242 958 2
350 119 8
1468 608 7
1140 209 2
1407 958 5
241 1392 30
1304 1 6
1346 610 2
88 798 2
27 199 30
172 1169 2
874 1342 7
1338 1227 8
650 1351 2
909 462 8
795 102 8
685 75 3
69 126 2
577 116 20
862 533 48
1223 479 2
66 672 2
191 1007 44
318 372 80
863 601 7
71 992 2
172 1393 2
573 810 15
1211 269 2
1025 594 10
176 992 2
616 1515 2
65 436 7
226 1299 30
466 417 5
1497 533 1
499 653 2
729 1131 2
162 1000 2
720 433 7
722 1345 2
834 1131 2
138 747 1
499 945 2
1186 59 7
477 1045 2
1244 1200 15
155 1226 12
32 890 2
1141 627 6
599 637 12
1146 1384 7
380 616 2
1160 1291 33
584 804 38
563 681 27
586 1309 2
161 183 8
282 761 15
47 1373 0
1252 241 2
1468 1304 7
1245 264 57
1148 958 3
106 350 2
769 1210 6
1131 1337 2
1377 75 7
1025 296 8
992 994 37
681 466 2
1480 992 2
862 293 0
1322 1070 5
673 1223 2
1025 588 8
790 199 7
1474 639 2
967 293 0
506 136 6
1304 296 5
804 1212 8
1456 1468 2
547 262 2
819 119 8
119 1419 8
217 792 2
417 1405 27
1287 658 0
798 54 2
576 789 8
576 393 8
980 661 7
230 531 33
344 75 3
919 533 3
59 1203 6
976 1355 2
437 324 2
183 1474 2
762 1310 8
1019 167 8
1207 929 7
1120 172 8
22 1499 10
898 21 8
1108 462 8
534 550 2
1546 1227 8
430 380 2
1449 595 53
84 75 2
1210 716 8
311 546 2
466 1509 5
318 1396 80
806 513 30
526 416 2
55 424 7
84 403 2
226 324 30
506 1062 8
444 761 15
197 1325 5
1394 1358 27
494 1253 2
503 460 2
1552 808 8
479 265 6
382 372 7
868 216 2
58 305 2
241 747 1
285 380 2
1460 216 30
666 1489 5
642 65 8
1009 441 0
601 178 7
246 1062 7
183 22 8
42 59 7
590 1243 7
1520 462 8
159 503 2
704 1557 12
784 886 77
524 167 30
167 173 2
322 513 26
1052 59 8
923 144 2
1344 742 57
42 32 8
373 277 8
462 833 8
64 983 30
487 83 8
599 265 8
673 1163 2
329 936 7
301 923 77
1360 178 1
701 420 2
21 259 2
1000 1191 12
28 40 8
575 350 2
563 1036 2
349 1446 2
578 533 3
1360 1303 2
1521 1070 5
1502 53 34
145 88 3
1207 459 5
1207 855 5
483 1267 15
457 346 2
29 716 8
1565 533 2
792 90 7
420 903 6
992 1395 7
98 1248 7
894 1078 2
681 671 33
671 678 2
582 63 8
416 792 2
206 882 2
647 1258 2
823 1239 30
185 66 27
1447 821 2
143 658 0
1306 533 5
638 461 1
189 1144 2
987 1345 2
1451 59 7
1210 907 7
491 338 5
530 1084 2
880 330 2
634 321 6
872 556 2
1156 1335 5
1376 948 15
1304 315 7
519 150 2
641 126 2
327 950 14
98 301 14
913 503 30
1458 1392 30
318 317 80
317 112 8
850 138 2
512 1448 2
345 658 0
434 114 8
1572 1578 5
848 1360 2
1058 1405 2
61 958 3
1129 908 1
45 479 2
1163 1405 2
155 775 12
1000 1105 0
479 854 27
192 324 30
155 1550 8
195 454 20
1226 755 5
1053 882 2
590 1002 2
125 675 2
126 1450 2
796 493 6
1110 1325 5
1271 993 2
581 1004 27
632 813 15
692 377 6
337 638 27
866 179 15
1379 1135 2
582 426 7
449 616 2
902 1624 48
479 226 3
1391 350 2
290 1156 5
28 272 8
125 503 2
1000 701 27
1163 21 8
167 1194 30
455 661 2
1237 1310 8
104 829 2
325 947 2
325 551 2
632 489 1
350 296 8
330 929 7
98 611 2
576 384 3
1215 320 7
1357 118 2
1029 168 2
387 1314 5
1349 344 2
438 563 2
207 547 2
270 102 30
329 523 2
1483 480 2
507 658 0
779 1389 8
796 1419 8
1409 533 5
1131 1201 15
651 769 38
971 543 1
1392 445 0
420 239 2
48 656 1
907 65 8
1317 233 27
1304 506 6
328 958 3
1446 824 23
287 675 2
871 1227 8
1377 1325 5
1314 214 2
165 577 2
581 988 30
450 598 30
1210 197 8
1265 269 6
285 33 2
938 1028 2
1299 1500 2
1184 104 2
1141 908 6
1127 52 5
1052 1342 7
285 424 8
270 869 2
382 317 7
1390 329 1
595 569 38
1396 1127 7
1403 377 6
997 338 5
64 704 30
533 1578 5
126 475 2
1354 1271 2
359 1357 2
476 671 2
914 1436 2
464 961 2
596 172 8
912 1258 2
483 848 8
491 523 2
528 1132 0
1264 920 2
1448 675 30
779 627 6
217 1141 2
373 222 8
576 1097 7
479 808 8
279 98 50
487 424 8
1055 1307 13
661 623 6
847 1014 0
899 362 7
1025 770 2
692 104 8
882 1120 2
330 1161 7
1227 1054 7
29 265 8
901 75 7
1351 888 2
775 1511 74
1456 438 2
1220 1227 6
324 831 2
270 1126 30
1138 1227 8
98 1135 2
1201 961 1
1332 1351 1
1341 1310 7
1447 474 2
1570 793 8
476 1392 30
1020 377 8
1019 52 8
443 972 74
317 1395 7
323 199 7
1455 581 3
804 114 8
534 1181 7
420 763 2
686 476 5
995 663 8
420 1550 8
55 647 2
285 729 2
83 300 2
1210 1581 8
368 362 31
390 675 2
71 590 2
326 21 8
497 812 1
270 1565 2
43 891 7
1314 446 2
450 830 30
579 704 35
961 301 2
641 462 8
148 850 6
1547 769 8
1153 1070 5
420 1482 8
784 1631 77
638 1062 8
21 239 1
233 1325 5
1058 662 2
503 1033 2
150 492 2
365 857 2
1155 1342 7
1021 1557 1
1174 285 2
1475 1458 57
810 372 1
1506 360 2
738 958 3
150 424 2
1024 1469 47
4 95 6
1078 626 8
478 1156 8
914 1045 53
337 979 27
798 681 27
591 831 2
112 616 2
510 147 8
479 1395 7
1158 957 8
1053 462 8
117 499 1
1355 1264 2
1480 590 2
789 1359 2
250 269 8
420 1184 6
397 1517 5
95 269 52
558 562 23
878 1258 2
1460 1556 2
228 270 2
199 93 1
439 856 2
576 387 8
593 21 8
98 160 2
595 416 40
111 533 3
1409 1475 37
1054 1070 5
1232 903 48
550 98 33
541 1141 2
1140 53 34
761 619 2
1077 651 53
202 104 2
66 502 2
66 898 2
900 958 3
625 1309 2
519 677 7
35 1460 23
1131 50 55
269 1449 2
590 139 5
850 315 2
1085 478 13
157 568 7
1084 77 2
1110 462 8
873 1456 30
858 342 74
1013 1344 5
150 1120 2
485 373 6
24 1446 2
1259 1632 2
9 1070 5
1299 1445 2
1174 1309 2
1545 958 3
642 59 8
261 558 2
518 167 8
499 444 23
1310 114 8
1460 432 15
1460 106 30
1258 1338 2
595 514 38
52 833 8
490 1161 7
55 183 8
1042 625 2
157 833 8
1054 330 8
938 905 2
145 1024 2
265 129 8
1078 47 8
1042 917 2
1259 1460 2
340 1567 7
337 1211 27
1035 1131 2
362 355 8
273 533 3
1216 1070 5
350 546 2
350 942 2
919 98 2
450 622 2
270 451 30
578 1396 8
1391 1314 8
782 656 1
483 37 8
1153 1062 8
434 97 6
673 1053 2
143 377 8
1253 1097 7
325 57 6
270 1139 30
442 488 2
555 914 2
761 982 1
1349 1021 2
325 1124 2
1317 582 27
792 26 2
479 685 8
109 114 8
1204 1567 1
696 21 8
1000 1001 2
973 1002 1
307 350 2
555 450 2
1417 513 26
787 75 3
84 697 2
655 917 8
311 772 2
869 804 2
109 384 3
1215 825 7
420 766 7
276 1070 5
322 595 33
631 961 1
295 572 2
499 1191 12
1562 1351 2
1209 211 7
419 63 8
55 988 2
992 1550 8
1131 678 55
1204 958 3
1207 1420 8
1282 1314 1
297 577 2
22 1500 2
632 47 8
285 210 2
1184 677 2
958 1039 7
599 1124 33
503 978 2
503 582 2
910 241 35
901 1325 5
860 663 8
479 1162 2
399 1258 2
1460 338 30
360 1375 27
730 558 2
1396 97 7
1515 269 2
1042 857 2
428 311 35
599 163 8
978 1200 30
1343 63 5
359 858 12
377 147 8
377 881 3
1130 1078 1
512 241 35
442 1184 2
365 1125 8
24 591 2
579 728 7
582 65 8
852 531 30
1155 1156 8
450 1250 2
819 1437 8
126 980 2
301 1149 77
279 671 50
1031 804 2
270 1371 30
673 78 2
193 293 57
1148 59 8
677 1122 2
211 182 78
238 563 2
9 1062 8
697 1388 14
89 1002 2
167 724 30
324 1404 2
490 1491 5
207 145 2
886 1322 13
217 330 8
205 958 3
1232 848 48
322 330 8
434 116 8
1176 1424 1
211 112 8
619 1309 27
1207 76 7
1156 1561 5
83 581 2
233 462 8
581 258 30
253 1000 5
1103 793 8
155 683 0
692 961 35
1247 65 8
973 292 2
761 163 8
66 843 2
1304 437 7
52 1044 17
754 732 7
1223 150 2
350 883 16
747 1284 2
295 381 33
534 25 2
53 443 2
159 1029 2
938 626 2
139 1342 7
1299 1098 2
1307 21 8
150 1461 2
1271 1287 2
483 1388 7
1474 1499 10
138 1314 1
158 285 2
433 412 5
126 638 27
1061 858 12
109 345 0
1042 739 27
244 1342 7
1052 882 2
52 90 8
1356 761 15
599 1583 8
590 436 2
291 172 8
727 129 2
1506 1329 2
1506 933 2
171 1062 8
117 1140 1
468 599 2
211 1378 78
276 1062 8
747 296 8
143 98 8
1383 563 7
1271 888 23
329 1102 37
923 1389 8
674 1000 2
1456 1415 2
387 104 8
56 64 30
1364 1405 2
491 116 8
1304 139 5
900 1042 2
53 1456 30
472 958 3
373 112 8
1446 3 10
541 1070 5
1192 1491 5
563 183 2
208 671 2
375 396 30
116 1156 8
1382 462 7
350 423 2
107 796 8
762 798 2
1098 732 7
1025 341 3
1232 1305 8
1114 910 2
205 1207 7
390 1507 1
143 1070 5
1333 1310 8
226 66 2
300 905 2
377 1170 0
281 798 27
1166 1325 5
765 1227 8
75 1097 7
406 1342 7
420 757 2
1125 663 8
430 551 2
1429 1305 7
165 434 1
1210 54 7
1215 770 7
432 462 8
202 677 2
761 1583 8
66 1075 2
588 1314 5
112 75 3
921 577 30
279 21 27
372 980 1
971 638 2
1025 1335 5
962 732 7
526 879 2
491 1102 37
32 272 31
1200 471 8
262 1029 2
655 1086 8
277 89 2
1394 1133 27
503 235 2
158 1309 2
731 63 7
285 650 8
30 269 2
147 433 7
577 1366 2
163 21 8
160 311 2
170 1120 30
1413 59 8
599 113 2
1177 1227 8
1396 42 7
1042 1198 2
928 442 2
1518 59 8
601 641 7
380 104 2
337 908 6
779 1213 6
127 531 2
373 808 8
160 697 14
167 47 8
377 92 8
236 129 7
271 59 8
702 997 7
1250 466 2
311 911 31
499 1514 0
396 1094 30
1371 1483 29
1272 1207 8
220 1405 2
818 697 2
454 433 7
673 1230 2
923 247 2
1250 2 2
558 983 33
1460 758 2
1035 28 8
211 1395 7
324 1057 2
889 533 2
1444 558 2
1408 1557 5
286 124 1
797 1310 8
857 1078 2
1303 958 5
653 671 33
718 99 0
641 365 2
306 728 8
1483 998 29
88 868 7
1156 818 5
658 390 8
417 533 27
189 1310 8
998 63 7
634 929 7
1337 658 2
848 136 6
1156 1110 5
958 1388 7
27 573 15
1322 1156 7
1304 90 7
1152 1070 5
796 1314 5
147 1129 7
961 486 1
541 1062 8
754 242 79
850 309 2
916 658 0
839 1239 2
1311 65 2
1547 891 8
1394 158 27
222 109 0
450 824 6
601 977 7
499 1061 2
737 958 3
1053 365 2
244 850 6
934 531 2
69 65 8
381 1156 8
479 233 27
119 34 41
927 704 1
466 506 6
435 1399 6
125 450 2
1025 1016 12
4 321 6
618 75 3
145 622 2
145 226 2
195 917 20
150 942 2
150 546 2
336 792 6
170 649 71
454 1129 7
923 943 2
4 613 6
938 399 2
250 167 8
255 487 8
914 979 2
170 941 71
586 1029 2
1367 804 2
144 269 8
919 1299 2
903 1310 7
1261 433 7
971 1610 56
1164 936 8
792 957 7
43 341 3
792 1295 2
855 850 30
272 961 25
1026 661 2
1252 854 27
1483 31 2
1479 882 2
792 189 27
1140 637 12
128 420 2
737 450 30
208 324 2
730 1456 30
913 581 2
99 634 7
1474 359 2
9 32 8
233 1207 8
745 1344 37
1252 226 3
992 91 7
876 270 1
1344 645 2
98 678 2
43 1335 5
74 1258 2
306 1315 7
519 971 7
270 606 31
297 779 6
295 1126 33
581 539 30
211 685 8
557 450 50
690 1291 14
133 172 5
581 831 30
977 1355 2
1394 854 27
1215 715 7
287 450 2
22 451 30
802 1245 5
736 577 2
450 320 19
759 63 8
555 663 8
157 736 2
133 104 5
1518 1342 7
1084 298 8
747 249 8
294 163 8
1463 338 5
686 226 1
595 344 38
1544 102 8
1055 1259 7
1055 863 7
508 891 8
266 1000 2
618 324 7
671 1186 16
1460 624 30
277 65 8
171 32 8
148 600 2
276 32 8
357 558 2
1382 1207 7
907 317 2
119 377 6
1448 450 30
1349 919 2
920 1099 2
373 393 8
1 373 6
1359 1274 12
484 89 84
464 1424 2
613 269 8
220 662 2
449 104 2
1029 1035 2
1082 573 15
658 1381 7
502 483 15
563 360 2
1145 59 7
1025 936 8
695 21 8
210 350 2
942 1392 30
816 63 8
1456 609 2
966 293 0
324 606 2
1047 1392 30
894 798 2
1104 1239 2
417 150 27
810 732 60
886 1550 8
1232 50 48
504 1375 27
211 917 8
1124 65 8
747 274 12
938 1166 1
328 1419 8
581 1459 30
1210 627 7
1098 1575 2
627 697 1
285 900 2
285 504 2
1252 1230 20
295 1090 2
1123 167 8
1055 393 5
390 450 2
1128 487 8
880 4 7
401 1392 7
893 377 8
1476 22 30
1314 617 2
438 1291 30
754 663 8
485 1227 6
111 1070 5
632 273 8
374 992 2
4 1220 15
1526 433 7
216 1070 5
39 1314 7
479 613 6
139 882 2
1460 960 30
718 31 33
1081 616 2
1405 625 2
486 732 7
1055 1491 7
1244 573 15
1551 1187 4
45 199 2
22 1554 2
986 577 40
24 129 2
923 888 2
806 1232 2
1129 560 1
1166 547 39
923 1279 8
158 1314 5
1158 1420 8
1567 1274 12
728 1245 5
1087 1289 36
699 590 2
672 1424 2
189 493 6
186 1156 5
1391 65 8
1354 295 2
119 104 8
923 815 8
1025 458 33
124 424 8
792 438 7
93 11 2
325 867 33
1128 792 2
372 1578 5
1215 40 7
83 433 7
1087 1395 7
273 1070 5
651 593 38
1126 172 7
1314 637 12
1547 1199 7
686 683 66
1196 1309 2
729 804 2
1009 39 8
503 1125 6
992 743 3
81 129 2
938 1417 27
823 1314 5
576 381 14
1446 160 33
599 1090 2
616 1120 2
172 1389 8
183 675 2
1177 461 1
1211 958 2
1056 373 6
388 697 2
503 1436 2
1394 335 27
270 297 2
294 108 8
685 1070 5
1058 150 2
337 1450 27
1129 97 15
1412 836 2
1163 150 2
1055 808 7
1164 790 2
1396 1243 7
834 1419 8
1060 732 7
1271 1445 2
157 1004 8
157 905 2
145 1195 2
591 983 33
945 65 8
1259 1631 2
577 500 2
307 1567 1
700 1624 7
1078 114 8
702 199 7
170 942 30
170 546 30
702 491 7
1291 85 45
126 127 2
270 622 30
1359 596 33
1483 604 2
913 1258 2
563 409 2
325 228 6
240 779 2
1358 1309 2
317 891 7
228 673 2
1125 269 8
1001 732 7
1239 93 1
1001 1070 2
325 957 7
247 65 8
588 104 8
1106 1070 2
878 350 2
63 807 5
202 971 2
325 189 27
1499 1447 10
195 1243 7
98 913 7
185 1042 27
681 1087 2
846 1227 6
20 21 8
810 52 8
1025 813 8
482 1314 5
1483 200 29
1128 104 8
1210 676 7
872 325 2
595 983 16
1126 1239 30
1087 690 2
997 88 3
55 763 2
1087 685 8
285 449 2
108 581 5
172 18 8
1552 80 7
1547 139 3
432 958 3
1552 855 3
1151 658 0
1177 420 27
655 916 8
170 1578 3
503 357 2
999 1320 77
642 462 8
362 831 2
402 32 8
428 1291 16
479 1333 2
273 1062 8
267 365 27
476 1483 2
261 1253 2
510 39 8
601 867 7
237 1000 1
595 1605 38
753 658 0
1397 98 7
34 1470 2
126 823 2
1078 54 8
154 179 8
317 817 5
349 443 12
927 594 1
683 124 1
718 200 33
1215 990 5
814 59 7
512 704 35
1344 1431 57
819 1212 8
455 1345 2
1413 1325 5
1152 32 8
301 1320 77
255 377 8
923 828 8
558 717 2
106 1271 2
563 641 2
349 1447 2
218 661 2
449 677 2
145 147 8
1025 1217 8
555 938 6
1300 1245 5
852 651 41
125 663 8
311 514 1
340 591 7
271 1325 5
1197 958 5
558 282 23
761 1281 1
795 116 8
528 579 2
736 779 6
357 1456 30
1450 172 2
1340 1310 7
769 1131 2
108 65 8
1297 499 1
515 534 1
1232 623 48
824 1000 5
573 1220 15
1454 581 3
761 42 8
658 908 8
322 793 8
159 493 6
1213 1342 7
279 479 27
487 766 57
285 1077 2
293 355 7
503 1449 2
1204 1419 8
616 773 2
261 686 67
1158 338 5
1271 0 0
652 533 3
833 63 7
455 576 14
604 1355 2
1085 594 13
601 1563 7
252 1210 6
1207 116 8
486 1351 2
736 462 8
1077 595 53
752 167 8
150 840 2
155 1160 2
311 1500 30
508 139 3
841 462 8
938 693 2
1500 558 2
1174 1029 2
328 1325 5
255 1078 2
377 200 33
944 1239 2
1303 403 7
392 663 8
1383 442 7
159 1424 2
648 513 26
300 309 30
143 269 8
124 341 1
938 625 2
519 1456 30
707 1396 8
1164 766 8
595 166 38
1249 75 5
1201 1334 5
362 471 8
321 1227 52
624 1456 30
1140 1247 2
582 1156 8
455 662 2
1148 462 8
1483 945 2
673 773 2
205 1446 7
104 1122 2
350 297 8
812 873 14
1487 958 3
1252 114 8
610 1557 5
1282 1392 30
1359 753 23
576 1126 14
421 430 2
651 1166 38
997 929 7
1014 1396 8
1304 908 7
300 1076 2
879 971 2
736 434 1
1391 75 5
1548 1310 7
739 1375 27
65 682 7
84 21 2
311 492 2
187 600 2
1254 1070 5
411 172 2
530 793 8
462 1415 5
419 179 8
1325 90 8
32 1153 6
52 957 8
451 1239 30
526 654 2
466 991 5
981 34 53
1521 1314 7
729 1309 2
374 590 2
629 21 8
1407 63 7
594 1275 2
577 849 2
860 487 8
27 1144 2
926 1611 2
273 616 2
507 269 59
1460 1176 15
1271 1371 33
32 1418 7
1055 1381 7
908 75 5
126 476 2
699 1567 2
226 98 30
269 855 3
279 167 50
112 513 26
978 961 31
1506 25 2
443 832 5
1156 891 7
199 845 1
1475 930 12
167 114 8
1176 1396 8
138 671 2
170 1119 30
688 430 2
325 101 26
1193 22 50
1478 1253 2
1304 1230 5
1025 771 2
478 65 8
89 848 7
563 586 2
738 1325 5
442 836 2
70 1253 1
632 1118 1
463 1310 7
736 792 6
692 793 8
804 183 8
109 71 2
1283 718 10
202 1252 2
1304 1203 6
978 661 7
255 1070 5
1251 98 33
402 997 22
878 1314 8
43 1153 52
1140 54 7
424 1200 2
1123 65 8
318 433 7
518 1342 7
1117 1396 8
1567 753 23
189 793 8
681 52 8
1114 2 2
792 743 3
869 377 6
1397 124 1
787 377 8
658 899 3
512 728 7
1446 77 2
650 858 12
403 1125 8
1444 953 2
634 646 2
330 116 8
1075 819 7
992 341 3
1296 109 0
620 362 2
625 1078 2
43 1377 52
958 1455 7
961 261 1
605 1310 7
616 322 2
601 1216 7
424 1419 8
99 1132 0
162 599 2
706 779 6
718 1264 2
1192 1550 8
1224 533 3
747 1016 12
1219 167 8
1373 95 0
855 300 2
58 879 2
1405 455 2
357 1084 2
479 735 6
385 179 8
601 752 7
1460 1082 30
26 1424 2
858 437 8
1413 462 8
591 1296 2
992 1335 5
329 412 5
1055 406 7
1518 462 8
789 658 0
443 1064 5
479 399 33
796 43 6
20 1025 7
317 994 5
945 59 8
271 462 8
157 102 8
1259 1229 2
1180 65 8
534 1514 0
138 1299 2
586 804 2
464 675 2
1485 1271 2
1479 365 2
1456 1135 2
819 1389 8
3 531 7
1545 1325 5
533 101 26
455 269 7
460 531 2
59 829 5
1483 494 2
1310 855 5
420 1081 6
1289 761 15
1025 83 8
1474 530 2
325 497 2
464 503 2
540 1258 2
911 1227 8
618 513 26
537 973 74
78 677 2
189 675 33
633 377 6
98 453 2
261 1132 0
1450 1141 2
1567 401 2
893 1200 2
205 531 7
409 269 2
325 429 2
300 625 2
1555 1141 2
835 958 5
850 780 2
999 21 8
1447 284 33
1211 1252 2
285 1358 2
406 1062 7
686 1397 5
425 63 7
878 172 2
311 437 2
1373 1187 0
1232 957 8
1198 798 2
1304 785 7
1330 63 8
269 1450 2
1424 502 7
847 524 7
934 961 1
338 362 30
747 425 2
704 1567 1
1405 1479 2
270 127 2
483 138 1
627 167 7
623 663 8
160 1144 44
158 1029 2
34 1290 38
1405 168 2
1055 638 7
1055 976 2
164 958 3
23 599 2
992 519 35
1177 556 2
199 976 30
601 69 7
533 1524 5
1083 904 9
170 840 30
1055 1326 7
126 421 2
1108 1325 5
1204 1325 5
925 1262 2
999 850 77
64 546 30
1163 663 8
1440 543 20
673 1122 2
365 102 8
923 1638 2
577 622 2
138 324 2
1035 1424 2
1491 1314 7
524 350 30
1144 1418 7
475 269 2
1011 1567 1
1364 150 2
316 850 6
673 1054 2
779 865 6
1245 986 12
454 199 2
335 365 2
519 1447 1
1266 21 8
1251 466 2
595 116 8
661 1298 7
454 491 2
1344 565 57
1133 124 7
187 1345 2
901 21 7
1145 167 8
774 1252 2
307 747 2
324 381 2
855 311 31
1158 1315 5
1075 1375 27
857 798 2
295 933 2
1428 487 1
108 59 8
429 1460 8
170 1201 7
434 1384 8
347 533 3
411 1141 2
170 1097 7
221 21 8
1084 1457 8
1024 1131 20
1304 102 7
945 992 2
1240 1156 5
186 63 8
1550 65 8
159 798 2
205 1325 5
945 1342 7
148 1129 7
503 979 2
1239 412 5
179 119 8
1405 796 2
227 982 1
150 730 2
479 284 6
98 61 15
439 35 30
888 1268 5
977 1062 8
155 666 12
1515 958 2
1493 662 2
98 1186 16
468 1575 2
1506 598 2
162 75 8
798 1337 2
1207 1150 5
317 1335 5
388 63 8
661 101 26
253 75 3
804 829 2
1052 479 2
1407 961 35
1029 231 2
40 269 8
590 424 8
28 163 8
220 150 2
1354 466 2
1446 93 1
921 21 2
563 1550 8
1177 1304 5
1351 728 7
274 801 10
1232 917 48
1568 798 2
98 106 2
1251 671 33
749 90 1
307 1271 2
101 1396 8
350 1500 30
550 1447 2
295 1561 2
418 295 1
346 147 8
367 1325 5
420 1395 7
648 98 8
294 929 7
1317 1230 2
1124 1156 8
1447 229 33
1215 143 7
1050 1268 5
1291 823 31
546 533 3
1304 42 7
300 210 2
1215 435 7
1215 39 7
1304 730 7
842 1000 1
1076 595 53
483 998 1
1303 697 7
181 663 8
483 1389 7
999 175 77
1084 18 8
33 1252 2
377 1491 7
90 920 9
170 387 8
1506 287 33
1295 167 7
594 868 8
815 199 2
656 284 14
47 63 8
958 1086 8
278 430 2
928 211 2
937 129 7
1424 765 19
1185 1062 8
1053 1396 8
1403 601 7
718 62 2
816 433 7
434 111 6
735 920 9
1382 531 7
508 147 8
1359 702 12
337 1449 27
350 492 2
365 47 8
702 662 7
745 75 5
593 663 8
1026 1405 2
980 961 31
713 65 8
653 443 12
98 756 7
344 269 8
1391 1156 8
804 1384 8
13 433 7
551 32 7
661 1243 7
213 1342 7
1560 1314 7
61 491 1
35 1325 5
1474 707 2
563 471 8
430 620 2
311 390 2
1227 1283 2
21 138 25
328 1207 8
599 1187 0
894 914 2
315 65 8
890 28 2
1225 479 48
1314 113 2
575 1325 5
1271 1214 0
483 1315 5
1210 789 2
411 2 2
992 808 8
21 70 25
1444 155 2
1210 743 7
1210 347 7
623 1309 2
1499 1446 10
285 620 2
241 591 1
493 1081 6
958 1053 7
694 812 1
493 685 6
54 55 2
747 602 2
1183 59 7
324 1047 30
706 377 6
1084 646 8
334 1132 0
512 888 2
792 1335 5
1358 513 26
30 270 2
600 83 6
1042 1163 2
977 324 2
1047 1483 2
377 62 2
577 1367 2
454 350 41
199 861 30
568 493 6
112 1070 5
1475 1057 57
601 292 2
373 855 3
829 396 33
425 961 35
450 489 6
771 1557 5
601 642 7
381 75 3
1029 1555 2
889 1131 20
928 1131 2
396 1455 30
1056 167 8
1033 1131 2
1078 855 3
462 568 7
350 1120 2
337 78 27
238 577 2
1250 462 8
1252 1333 2
324 1126 2
193 599 57
1158 848 8
737 1325 5
109 657 2
696 663 8
1567 941 1
3 462 8
558 388 2
28 108 8
1258 820 8
1082 479 20
675 890 2
211 1437 8
998 533 1
1025 562 23
107 114 8
1439 531 2
247 1156 8
790 21 8
971 1002 1
548 526 2
1447 993 2
679 65 8
112 330 8
346 92 8
658 787 8
1110 129 8
513 1122 2
1446 991 2
731 1156 7
66 393 2
913 675 30
297 651 53
317 226 3
1446 264 23
730 1200 2
42 531 7
166 365 2
745 656 2
601 1338 7
139 938 2
847 810 7
1148 1375 27
915 1355 1
973 206 39
377 702 12
1176 324 2
668 1156 5
69 462 8
1174 804 2
720 487 8
32 611 2
834 1144 2
834 651 69
373 1437 8
1467 512 1
796 269 6
145 623 2
344 1557 1
28 908 8
1029 681 27
97 1399 6
1391 882 2
145 519 2
591 307 33
988 311 30
823 65 7
369 1345 30
508 92 8
1468 1025 7
1026 662 2
350 437 2
1164 833 8
673 256 2
217 581 2
416 513 26
533 223 26
1253 254 12
618 1070 5
396 704 30
82 547 2
1110 434 2
1181 1557 5
272 293 0
450 49 2
872 1424 2
790 608 7
1317 869 27
1442 468 1
997 808 7
576 114 8
1446 284 33
1360 369 3
900 1207 8
300 455 2
54 179 15
446 697 2
1372 1245 5
535 1253 2
1254 75 3
724 499 1
1207 650 7
988 1078 2
106 396 30
306 384 3
199 877 2
655 808 8
1533 377 1
1278 491 1
1424 728 7
510 1097 7
466 1203 6
1291 1606 2
945 590 2
52 1420 8
324 596 30
636 32 8
1305 21 8
1394 140 7
634 116 8
270 1041 2
1500 1357 2
294 852 8
560 293 66
1376 1424 1
1184 172 2
268 462 8
22 1287 2
148 350 33
424 1314 5
544 658 0
369 269 2
240 1299 2
1483 1416 2
89 1246 37
350 773 2
1138 1310 48
464 1029 2
1029 1036 2
244 433 7
51 1456 30
238 126 2
301 644 77
798 471 2
1503 377 8
1474 988 2
1414 1325 5
194 920 1
575 462 8
1346 344 2
255 75 3
692 172 8
62 1325 5
1232 119 48
420 228 6
324 1003 2
442 903 2
324 607 2
889 479 2
792 545 2
1230 914 2
1131 867 33
1460 996 2
233 129 8
1232 411 48
1126 600 44
804 646 8
362 1204 30
634 506 6
238 350 2
1258 743 3
420 957 7
1317 1393 27
300 1479 2
295 775 12
491 1015 36
372 1243 5
868 701 2
1291 810 15
441 1396 8
346 37 8
759 661 2
869 531 2
546 1396 8
1173 1132 0
34 667 40
1044 1270 5
463 1456 30
503 877 2
271 1375 27
31 170 31
1213 1062 7
273 1483 2
616 889 2
653 718 10
671 724 30
269 1384 8
324 1224 30
533 944 30
58 654 2
1397 910 7
843 365 2
972 577 2
259 600 2
981 973 9
1446 904 9
1141 1 6
834 63 7
522 97 8
1055 181 7
510 387 8
737 462 8
255 798 2
278 28 2
913 595 53
1000 1514 0
157 278 2
164 59 8
40 167 8
1481 1132 7
927 546 1
157 273 8
882 776 5
21 1364 2
1137 1419 8
994 242 57
1399 88 3
1335 52 5
1317 88 5
1351 1418 7
337 1047 27
464 450 2
170 315 30
101 1299 2
218 1405 2
452 433 7
167 915 30
737 396 30
1358 1078 2
270 287 30
468 21 8
420 856 6
1131 1295 2
454 75 3
632 606 1
559 75 3
792 1127 7
590 606 35
671 1418 8
155 594 10
997 357 7
550 65 8
681 59 8
1446 229 33
300 796 2
541 2 2
1227 417 2
557 396 50
317 1217 8
761 390 8
846 136 6
1210 341 7
1227 808 8
1337 1227 8
1215 265 7
1009 728 8
190 66 2
616 1121 2
377 1389 7
1446 837 23
699 293 0
55 90 7
780 1392 30
1424 277 7
152 362 2
287 1084 2
1536 63 7
1313 59 7
1303 923 7
1275 1562 7
729 1029 2
1394 1024 27
1394 628 27
1084 140 8
718 952 33
663 1409 5
858 1236 8
577 569 2
938 1041 2
494 1310 8
1313 32 8
1158 1388 7
55 355 8
382 330 7
630 21 8
856 167 8
1229 891 6
145 1196 2
735 21 8
945 462 8
1503 98 8
1042 693 2
856 63 8
1354 992 2
22 476 2
581 1148 2
325 297 6
126 488 2
654 1210 57
1154 433 7
818 656 2
34 379 2
914 1449 2
101 324 2
1024 661 2
29 54 8
673 829 2
265 199 30
270 915 30
1466 826 1
915 126 2
1117 59 7
563 743 3
673 1121 2
1523 1310 5
157 338 5
434 940 2
206 616 2
383 531 30
311 278 7
753 938 6
269 1284 21
531 1562 2
882 1133 2
95 1506 2
588 793 8
324 552 2
20 22 8
997 1381 7
377 1315 5
805 129 8
886 808 8
66 223 26
1203 1210 6
98 1206 7
601 1499 10
1291 743 5
599 925 10
27 1029 40
524 600 2
1019 65 8
632 1161 7
527 8 7
420 880 2
961 49 1
311 840 2
91 150 8
1178 1397 0
1084 853 12
843 1375 27
228 1291 30
479 627 6
625 798 2
145 854 27
58 667 2
285 1138 2
658 213 8
1398 812 1
601 936 7
673 881 5
730 793 8
1397 167 7
913 1207 5
560 1062 5
1131 519 25
522 88 3
150 505 2
479 1230 2
601 472 7
45 145 2
1155 1396 8
54 63 7
591 236 12
719 75 3
1271 367 2
601 1160 7
466 1 6
1475 986 12
1567 1235 1
847 277 8
582 34 53
150 437 2
1045 1062 8
340 660 7
841 59 8
1215 991 5
238 595 53
1500 155 2
1291 949 44
792 894 2
780 747 1
218 662 2
792 848 7
1408 973 9
1304 1578 5
681 1342 7
990 439 57
347 671 2
1446 993 2
1456 787 2
323 1304 7
792 722 2
347 1062 8
958 809 5
787 793 8
530 1446 2
897 663 8
633 493 6
108 462 8
977 1314 2
718 1014 0
920 284 14
541 1258 2
502 1375 27
790 179 8
423 804 2
1262 1015 36
555 330 8
211 226 3
658 1305 8
1212 1396 8
1446 821 2
895 21 8
1304 213 7
503 1450 2
1487 1325 5
69 365 2
1081 1258 2
66 911 2
126 412 5
292 661 2
737 1207 8
850 36 2
704 599 1
1129 111 15
599 1328 2
33 1131 2
1397 795 7
938 986 53
1394 281 27
1550 1156 8
24 293 0
4 908 6
1540 21 8
500 325 2
294 54 8
150 1133 2
285 90 8
577 514 2
543 450 30
167 1554 8
595 235 38
1031 1469 47
227 1281 1
359 1291 33
439 1126 30
1360 1564 1
792 1377 52
638 32 8
849 531 30
686 49 1
1047 958 2
22 421 2
923 1462 2
1166 129 8
1382 306 7
787 1156 7
272 396 55
56 1291 16
1114 1502 2
973 267 55
1232 338 5
746 436 5
46 75 3
833 961 25
1284 65 8
207 576 1
135 32 8
519 1271 1
373 226 3
679 1342 7
1483 550 2
487 90 8
673 774 2
205 1447 7
298 1399 6
1567 537 12
810 462 8
434 506 6
377 1014 0
231 365 2
789 397 2
546 671 2
887 1502 2
915 462 8
884 1314 7
1332 329 1
542 577 2
1351 554 2
1178 1514 0
1098 858 12
1304 1305 7
627 656 1
302 155 7
295 653 2
722 513 26
211 808 8
534 789 2
420 429 2
279 1299 2
1210 518 7
1533 499 1
1278 1009 1
1456 369 3
124 727 5
318 1635 80
841 1456 2
285 395 2
424 104 8
1131 399 55
1078 638 27
493 856 6
958 1224 7
1181 1070 7
395 661 2
295 201 12
739 311 2
1258 1335 5
499 873 33
1329 63 8
14 718 1
162 1575 2
307 396 30
1547 39 8
578 1070 5
388 433 7
1302 793 8
208 1392 30
1183 522 7
841 1342 7
270 1163 2
499 209 2
1405 516 2
1527 533 3
272 129 8
1522 167 8
1129 519 1
1287 512 2
1527 487 8
684 405 2
317 763 5
928 510 2
1087 519 35
1128 1314 5
1139 1200 2
575 365 2
918 167 2
380 172 2
365 455 2
250 1314 8
1316 910 5
923 91 2
240 1025 2
442 905 2
1162 663 8
155 743 3
239 677 2
29 627 8
337 541 27
1131 205 2
902 663 7
721 971 9
126 1384 8
792 37 7
1357 1016 12
546 1299 2
506 1399 6
300 667 27
1253 77 2
154 1131 20
812 191 14
221 150 2
634 336 6
1317 1223 27
1135 172 8
889 601 2
1009 102 8
919 1062 8
534 1101 12
1405 1152 26
1553 958 2
1444 1314 2
973 436 1
1561 686 7
83 662 2
1232 569 48
1446 474 2
531 68 2
65 0 7
1210 1583 8
324 1518 30
1253 1554 0
447 65 8
49 534 2
913 450 30
66 168 2
972 434 1
642 1396 8
1158 1054 7
599 201 12
350 1292 16
1275 1160 7
847 626 8
1061 1359 2
1271 1404 2
1394 226 27
382 1239 7
155 1106 2
858 834 8
393 804 2
1078 1384 8
431 293 0
167 770 7
463 199 30
734 1239 2
158 793 8
1525 150 2
508 39 8
1373 1554 2
729 1310 8
1145 1342 7
1055 303 7
711 199 2
372 1125 8
125 914 2
98 375 30
1180 462 8
939 1310 8
1467 579 1
1360 1509 1
1468 508 7
22 366 2
145 685 8
453 1345 2
914 1047 2
882 1004 27
337 1169 27
337 1565 27
170 437 30
436 1607 2
588 63 8
164 1325 5
578 1062 8
738 293 0
1338 1424 2
322 373 6
1357 425 2
397 1415 5
1463 808 7
270 805 30
325 498 2
1552 1418 7
213 1062 7
1227 315 2
61 211 1
459 179 8
1474 823 2
1232 1031 2
98 116 7
658 1550 8
1487 462 8
430 736 2
1314 893 33
1093 938 6
346 891 8
1317 540 27
1106 1253 2
300 626 2
661 936 8
1019 59 8
986 798 38
1489 1014 0
409 958 2
961 1250 1
199 355 8
581 607 30
542 58 2
850 1073 2
1562 329 2
1207 1550 8
65 1316 7
761 908 8
823 761 15
26 1375 27
1193 433 7
996 1310 8
69 938 2
623 1029 2
98 772 14
1419 521 2
1298 433 7
318 1580 80
647 350 2
295 530 2
650 533 3
1140 1187 0
847 1213 7
1207 1086 8
747 817 8
420 743 3
1477 1132 0
59 90 8
1075 595 53
1270 874 1
575 1375 27
362 722 2
1192 112 8
921 795 7
487 881 3
627 793 8
137 1310 7
126 26 2
718 118 2
499 149 8
533 23 30
157 1127 8
1005 293 0
1055 1322 13
151 63 8
287 1239 30
852 533 3
1042 1211 2
899 377 7
21 219 2
256 63 8
464 1200 2
576 1377 8
1025 717 2
232 1232 2
71 1506 0
951 269 8
449 172 2
779 1199 7
1025 1108 8
796 63 8
997 1571 7
769 798 2
449 167 8
1451 65 2
1535 420 20
1316 1062 1
1025 282 23
107 1437 8
1232 582 48
471 961 25
1456 281 2
545 104 2
324 674 2
27 420 20
312 1360 2
1533 1140 1
1187 124 1
432 1207 8
416 616 2
1446 419 2
614 450 5
116 22 8
313 32 8
503 273 6
325 379 70
926 761 15
960 377 1
969 732 7
1103 63 8
1006 129 8
1087 808 8
255 513 26
1204 1310 8
601 1162 7
601 766 7
961 202 7
601 1500 2
599 1126 33
601 1058 7
377 514 2
1061 512 2
255 677 2
1287 397 2
739 1207 8
42 958 3
450 837 6
1262 1102 37
475 1258 2
373 1116 7
575 938 2
390 1239 30
692 269 6
337 1153 6
222 491 1
239 958 2
829 179 8
563 1578 7
9 992 1
437 1567 1
29 908 8
912 126 2
804 1122 2
1354 443 12
1252 78 2
1160 167 8
925 512 2
581 623 2
910 614 7
1359 36 33
736 1325 5
1314 3 10
841 1325 5
76 1360 2
889 882 2
1474 476 2
614 658 66
417 513 26
314 662 2
1563 433 7
812 368 14
1239 366 2
295 1562 2
368 1360 30
523 732 7
1223 616 2
665 129 8
1046 801 10
281 172 27
1314 1101 12
850 726 2
191 531 2
241 104 35
1316 311 1
1317 125 27
1210 116 7
1394 575 27
494 1262 2
1405 1493 2
858 787 8
600 1127 6
1317 417 27
834 493 6
479 1377 6
1075 420 2
1214 129 8
737 938 2
859 914 2
939 493 6
1489 99 0
745 1062 7
1323 65 8
1547 1578 3
439 1024 30
52 27 17
98 724 30
334 109 0
242 99 0
145 1039 2
494 793 8
1050 269 1
1047 1252 2
1460 53 30
1506 976 33
719 533 3
161 716 8
479 773 2
487 92 8
138 1557 12
484 656 1
1055 876 7
164 462 8
1483 844 2
1479 1299 2
361 373 2
701 325 2
228 1309 2
560 433 5
155 341 3
661 875 6
98 803 2
337 139 27
1252 998 2
397 93 5
489 75 3
1000 236 12
1191 749 5
1252 1389 8
578 32 8
434 336 6
349 491 2
779 1581 8
438 709 7
1357 602 2
102 671 2
369 22 30
102 1062 8
324 723 2
647 595 53
722 1070 5
383 651 41
155 1335 5
1020 269 8
933 311 35
890 29 2
139 961 31
1003 590 2
1209 914 7
172 159 2
177 479 2
289 661 2
1460 648 2
1196 798 2
273 136 6
958 1054 7
1394 1495 27
396 368 16
47 1156 8
102 1392 30
516 533 2
285 913 2
727 443 12
1547 265 8
232 920 1
140 531 5
195 265 8
489 938 6
294 908 8
486 499 2
480 1299 2
139 661 7
1526 533 3
403 1578 3
30 563 2
858 36 8
1307 28 8
150 676 2
1284 992 2
1516 1252 2
508 1578 3
818 1344 37
479 1401 2
795 1298 7
1507 892 2
205 372 77
1106 1132 0
701 661 2
249 1611 2
317 593 5
462 929 7
532 958 5
380 2 2
157 97 8
1258 498 2
162 21 8
499 53 34
899 1346 7
1283 581 3
925 129 2
148 75 3
852 1200 15
348 547 2
325 1388 6
1033 1424 2
909 325 2
1024 1460 2
1138 1424 2
1344 1499 57
840 1456 30
579 909 2
217 350 2
593 377 8
1258 1217 8
420 284 6
611 104 35
1225 1572 48
1358 798 2
772 779 7
1468 330 7
775 129 7
1317 1449 27
790 22 8
792 497 2
1232 1155 48
679 462 8
494 109 0
545 677 2
78 172 2
368 513 30
1304 452 7
221 663 8
544 32 8
581 495 8
890 1345 2
642 1299 2
759 1405 2
300 178 7
993 433 7
1025 1118 5
503 158 6
300 516 2
1424 1004 27
1314 1046 12
1231 172 8
434 355 8
176 1132 7
159 269 6
1219 462 8
78 104 2
503 846 6
377 1213 7
385 433 7
720 124 1
158 300 2
75 1437 8
155 1016 12
616 841 2
492 1345 2
183 792 2
363 1245 37
1369 1475 1
55 148 2
45 616 2
618 104 2
420 341 3
592 938 6
170 0 7
503 1553 2
1173 579 2
635 129 8
518 59 8
1460 720 15
923 1305 2
577 289 2
115 63 1
1235 1291 16
582 1396 8
403 139 3
661 178 1
3 1456 2
1383 510 7
64 437 30
923 1633 2
1229 903 6
923 1237 2
658 683 0
577 221 2
434 57 6
779 824 6
432 1424 1
420 1335 5
300 1152 26
1171 958 3
605 324 2
464 798 2
923 1529 2
144 167 8
1271 347 33
450 514 2
746 607 5
1544 412 5
491 355 8
914 1565 2
914 1169 2
479 249 8
1035 1310 8
1253 284 33
1467 732 7
581 1196 2
218 150 2
3 1342 7
1355 77 2
1527 1070 5
98 702 7
126 140 2
747 1225 0
689 533 3
1537 1314 5
102 324 2
563 26 2
300 1417 27
1474 653 2
689 487 8
875 792 6
1239 980 3
1337 1310 7
265 573 15
1215 785 7
1232 1549 2
195 568 7
648 677 2
405 415 1
575 59 8
324 320 19
869 300 2
541 350 2
425 920 2
1394 1148 27
1210 730 8
179 1389 8
287 1140 2
1541 327 2
295 360 2
941 136 6
427 21 8
55 42 7
59 321 2
285 561 8
177 59 8
626 798 2
1188 167 7
1076 1227 7
747 881 3
503 78 2
285 97 8
90 270 5
228 779 6
104 223 26
730 450 2
90 958 5
1271 1439 33
601 588 7
1292 269 7
847 101 8
702 1304 7
205 317 77
468 732 7
468 1070 2
487 957 8
1440 1458 20
1494 45 7
707 98 2
483 917 8
673 1199 7
563 722 2
311 699 1
720 75 3
454 1078 2
1207 937 5
1359 745 2
579 562 2
907 1299 2
1488 165 2
685 1544 2
255 98 8
98 1376 2
1024 1405 2
1158 1086 8
315 1062 7
28 54 8
816 65 8
125 285 2
1258 766 8
350 1459 30
1140 248 12
323 732 7
369 199 30
1232 808 48
124 90 8
36 948 15
1456 903 2
634 111 6
98 1006 44
419 656 2
1084 1315 7
1326 59 7
1152 269 8
516 882 2
52 1388 7
759 662 2
820 761 15
262 1469 47
1114 466 2
503 878 2
1142 377 5
1446 978 3
500 1424 2
499 388 2
350 1118 5
476 1567 1
534 873 33
960 499 1
1394 69 27
1213 1396 8
377 1100 2
1396 685 7
1547 838 8
850 152 2
601 1284 7
939 779 6
1006 311 35
145 241 2
514 32 8
729 793 8
1399 1381 7
24 491 2
1295 104 2
858 213 8
1500 675 2
278 29 2
29 1161 7
155 1173 2
439 158 30
350 999 16
1502 1541 2
1335 850 6
1160 65 8
355 433 7
1177 433 3
155 458 33
1054 167 8
555 1314 5
907 1635 2
1262 751 2
1131 239 1
1383 59 7
1210 1415 5
577 166 2
1500 503 2
792 1242 2
104 911 2
242 606 79
1140 572 2
479 298 8
1252 200 2
1459 1345 2
914 1510 2
727 718 10
679 1062 7
349 89 2
1245 764 7
212 1345 2
747 1170 0
277 658 0
269 657 21
269 261 21
442 221 2
1232 1332 48
98 229 2
873 1200 2
1215 730 7
78 1141 2
499 1480 2
66 1035 2
98 183 7
438 577 2
309 1607 2
81 491 2
1447 444 23
63 1243 7
510 341 5
218 22 8
937 1325 5
1570 179 8
362 418 30
1211 1424 2
1297 1140 1
728 493 6
641 1227 8
1506 97 15
1547 1097 7
976 1314 2
1271 1105 0
454 1070 5
510 1323 48
1217 65 8
157 1002 1
1084 214 2
1084 610 2
420 545 2
603 1424 2
1304 957 7
493 284 6
1322 65 8
623 804 2
420 936 8
55 429 2
819 1118 5
292 1405 2
591 568 15
1304 1249 7
1216 167 8
938 347 16
1421 1396 8
847 1384 7
69 1396 8
618 677 2
736 1207 8
28 1550 8
55 716 8
503 127 2
1042 762 2
157 929 7
595 1298 7
834 675 33
285 88 3
603 1252 2
595 873 16
971 206 39
1131 568 15
476 1253 2
503 23 2
362 893 2
285 438 8
285 42 8
860 104 8
1376 59 1
1337 573 15
28 1086 8
1158 119 8
1083 972 9
1229 1184 6
311 830 30
346 1097 7
242 546 79
300 950 30
348 145 2
346 1389 7
442 287 7
442 625 2
783 1456 2
1024 662 2
32 197 8
1140 1550 7
779 1416 2
1359 890 33
1044 403 38
1201 372 5
301 590 77
155 813 8
1148 1207 8
1421 661 5
180 1275 5
454 663 2
771 52 1
1227 1114 2
202 577 2
323 677 7
546 973 7
1227 1406 2
81 443 12
22 1094 30
1210 1330 7
1140 113 2
107 297 8
1031 172 8
1215 1254 7
1019 462 8
1221 792 2
68 573 63
80 433 7
74 126 2
217 167 8
533 857 2
160 675 2
297 43 6
318 487 8
1232 289 48
322 167 8
1314 248 12
616 1004 27
681 65 8
1462 28 59
620 479 2
503 823 2
403 1097 7
279 145 27
522 1381 7
622 1345 2
3 1325 5
929 958 5
508 1097 7
601 937 7
467 377 5
1489 1682 1
178 65 8
616 335 2
1547 387 8
154 150 2
1446 855 3
601 833 7
485 34 53
277 1396 8
632 116 8
810 850 1
157 292 2
852 1062 8
59 1577 8
162 612 2
706 792 6
503 1047 2
927 560 1
365 929 7
613 958 3
858 158 8
1373 936 7
601 1161 7
595 1503 38
161 259 8
1567 1236 1
1258 1120 2
373 891 7
432 293 0
551 477 5
113 487 1
1399 92 8
707 671 2
907 1580 2
661 68 1
1250 590 2
563 957 7
1382 75 7
485 65 8
563 1295 2
923 731 2
646 129 5
923 1127 2
384 533 3
1225 420 5
1327 1070 5
836 1345 30
941 32 8
563 189 27
433 1243 7
124 1127 8
167 861 30
489 487 8
1502 307 33
346 387 8
719 1070 5
28 627 8
925 579 2
572 434 2
1354 534 2
779 728 8
300 619 27
88 1456 7
170 1236 6
1253 425 2
898 1309 2
555 300 2
208 462 7
1124 1396 8
189 396 33
1442 359 1
997 303 7
1357 77 2
192 1446 2
29 412 5
66 980 2
1084 823 33
621 868 57
1014 1062 8
960 1140 1
377 1236 52
1119 1062 8
442 139 3
498 1131 2
248 749 5
581 723 30
517 28 2
318 612 80
292 662 2
530 63 8
1084 1047 33
934 1078 1
399 420 2
599 1329 2
1475 273 57
699 1009 2
33 1424 2
1475 565 57
719 330 8
841 365 2
53 1200 2
1270 990 1
958 471 2
595 1243 7
1295 677 2
403 387 8
1055 359 7
1123 75 5
281 564 55
508 387 8
722 269 8
1567 553 1
673 843 2
707 1299 2
143 167 8
373 249 8
148 487 8
733 81 8
1025 901 2
22 813 8
1336 59 5
1391 1396 8
483 119 8
220 914 2
558 596 33
256 179 8
662 667 27
565 1029 2
1502 47 2
981 938 11
92 958 5
1140 1541 2
761 668 1
1176 1062 8
917 1141 2
581 1026 2
396 535 30
1252 773 2
997 1395 7
592 1392 50
1567 818 2
779 1315 7
789 2 2
1188 1070 5
452 75 3
442 502 2
526 751 1
692 63 8
268 1325 5
1291 928 45
797 63 8
1000 368 33
1144 139 3
978 269 2
1215 907 7
46 1070 5
1452 65 2
535 1084 2
98 1152 7
889 662 2
1561 59 7
497 1469 47
65 976 7
878 958 3
197 129 8
756 1156 7
43 918 7
420 1217 8
1239 1384 8
170 1214 7
873 1007 44
1216 52 8
1103 179 8
424 793 8
1131 692 55
617 686 7
864 75 3
1547 40 8
479 865 6
195 40 8
750 65 8
1262 994 37
183 330 8
391 914 2
235 1375 27
381 269 8
847 291 8
250 1342 7
747 1457 8
276 958 3
155 771 2
450 265 6
628 21 8
637 1489 5
601 710 7
1188 64 50
372 102 8
1163 1309 2
27 677 38
154 22 8
150 383 2
1271 209 2
71 1200 15
434 1203 6
4 54 6
222 211 1
128 325 2
21 859 2
442 1198 2
294 412 5
563 1298 7
247 1396 8
1052 533 3
98 1556 7
1158 916 8
624 671 30
327 940 2
187 1291 16
581 384 3
1483 160 2
853 755 5
1414 533 5
1132 719 8
804 769 8
201 920 74
981 479 11
1442 345 2
912 65 8
633 43 6
148 513 26
81 89 2
974 1253 2
360 311 35
601 412 5
650 1140 2
515 377 1
565 671 30
1429 3 7
512 1418 7
1200 1236 8
1031 1131 20
285 1024 2
652 65 7
515 1502 2
1382 1325 5
543 462 8
1341 663 8
527 1207 8
499 568 7
1144 25 35
1483 485 30
476 1310 5
66 857 2
408 32 8
747 1047 33
623 793 8
138 1000 1
847 627 8
290 28 8
1126 761 15
499 191 33
1330 21 8
1477 109 0
1447 611 34
1287 98 33
145 759 2
1210 101 8
829 600 2
24 1009 2
577 460 2
594 886 2
81 718 10
543 396 30
819 1418 7
167 1500 8
605 167 2
199 642 30
973 281 55
747 18 8
229 531 2
128 661 2
957 63 8
20 923 7
1035 798 2
228 1029 2
445 1531 1
350 609 2
1164 568 7
792 1364 2
819 80 8
1155 533 3
1291 212 44
1140 1090 2
768 1507 1
238 1227 7
170 730 30
1252 817 8
184 386 57
98 873 7
558 1480 2
576 646 8
555 581 2
1114 992 2
13 533 3
108 1396 8
558 753 23
552 1262 2
556 27 12
158 59 5
213 1396 8
528 1446 2
1253 1389 8
720 658 0
657 1262 2
265 22 30
438 595 53
1317 541 27
483 720 15
997 876 7
66 1553 2
1120 65 8
961 1251 1
671 626 8
1376 573 15
1144 1409 35
541 958 3
306 114 8
992 1217 8
763 172 8
1325 37 8
554 1268 5
720 1314 7
1424 796 7
238 1325 5
419 22 8
161 1236 8
55 551 2
267 325 27
20 1245 5
958 1462 7
395 503 2
23 1357 2
754 104 8
403 272 8
45 104 2
1538 21 8
961 205 2
277 499 2
1009 1244 36
362 723 2
686 691 1
1055 932 7
772 1429 77
272 75 8
604 155 2
355 850 6
914 638 27
1258 322 2
1252 1122 2
373 489 7
1236 1227 52
64 840 30
1309 68 24
1292 377 8
1405 68 24
1029 1568 2
195 303 20
377 502 8
365 693 2
145 3 8
1129 1 1
442 1201 7
202 434 1
1454 1483 2
255 269 8
878 938 2
805 28 8
648 373 6
676 1355 2
42 1325 5
590 90 8
442 1075 2
194 1029 2
116 533 3
1223 513 26
563 820 8
1104 579 1
311 1135 2
654 145 2
91 8 7
1317 1565 27
1317 1169 27
1253 18 8
1232 875 48
1322 1342 7
1084 1428 2
101 1062 8
657 579 2
285 1037 2
207 104 2
653 89 2
1447 610 2
55 1305 7
147 98 16
43 1199 7
905 958 3
942 1567 1
471 293 0
1084 1418 7
43 1491 7
1211 129 7
1047 1567 1
726 1345 2
1442 222 2
330 355 8
66 114 2
1317 891 8
620 601 2
402 958 3
980 32 8
1204 1207 8
395 1131 2
1515 1424 2
507 958 3
818 75 5
1275 1106 7
205 1580 77
862 28 8
620 533 2
752 59 8
1076 365 2
53 793 8
454 98 16
145 704 2
1394 464 27
150 628 2
1259 1140 2
163 663 8
923 1421 2
1215 1578 5
144 59 8
1129 1093 1
701 1405 2
1031 433 7
1221 1070 5
380 350 2
980 362 30
478 1396 8
1053 1062 8
468 558 2
560 581 1
546 1557 12
623 1314 5
1350 747 1
1442 653 1
890 1131 7
1483 45 2
1355 1016 12
1474 81 2
317 728 7
114 150 2
778 269 2
11 772 19
434 1 6
537 920 74
652 373 6
425 812 2
86 294 2
302 1357 7
442 387 8
32 384 5
1304 800 7
1150 1310 5
1332 512 1
641 1007 2
424 63 8
170 83 6
466 1388 6
179 817 8
82 487 8
136 603 52
1336 479 7
262 327 1
927 719 15
411 59 8
76 269 8
992 766 8
1323 462 8
181 269 8
227 813 15
599 775 12
270 1122 2
599 1550 8
267 270 27
499 368 33
865 663 8
172 147 8
706 43 6
5 249 1
1265 850 6
1287 671 33
1078 355 8
1042 829 2
148 1078 2
554 761 15
923 1315 7
577 1033 2
595 358 38
1055 877 7
702 732 7
739 129 8
32 45 2
479 769 8
613 59 8
42 1239 50
1160 1156 8
699 1355 2
681 1000 2
1474 1173 2
1078 183 8
572 1310 7
772 910 77
360 21 8
267 595 55
155 296 8
138 167 2
337 140 27
672 1375 27
591 388 2
790 1025 7
579 282 2
329 1112 2
1187 1070 5
49 718 10
1355 425 2
455 1078 2
270 983 30
563 770 2
320 269 6
1474 1001 2
1357 284 33
420 1120 2
1506 568 15
761 1118 1
311 684 2
749 1408 1
109 255 2
1317 1510 27
761 1550 8
1261 75 3
52 338 5
995 479 7
325 649 33
1132 213 8
238 462 8
526 909 1
513 856 2
929 847 0
21 724 25
160 450 2
1131 986 55
489 1070 5
1411 300 1
317 18 8
974 747 2
1424 1437 7
1209 1207 7
741 1607 2
724 1140 1
176 109 7
1200 834 8
1099 172 8
443 421 9
752 1342 7
45 513 26
377 528 2
1006 75 8
1296 433 7
675 485 30
503 890 2
285 1305 8
144 1342 7
601 712 7
1200 766 8
249 1342 7
326 1314 5
45 677 2
847 855 3
927 1127 1
704 430 7
491 1112 2
483 1437 8
1259 793 2
1460 974 30
479 1006 2
30 1252 2
1003 293 0
337 836 27
148 595 33
591 1480 2
42 462 8
97 377 6
510 796 8
392 104 8
145 289 2
155 562 23
157 390 8
591 753 23
1056 65 8
479 187 33
357 1200 2
440 850 2
170 212 71
923 605 8
311 1443 1
1316 1325 5
1354 377 2
323 1544 7
792 1358 2
479 18 8
141 973 9
1271 53 34
938 68 24
51 98 30
737 513 30
329 91 7
672 1042 2
1114 590 2
1480 958 59
1338 1310 8
148 1070 5
416 1258 2
1317 1199 7
1176 573 15
515 1359 1
417 792 27
1317 139 27
1171 1325 5
981 1084 7
199 611 2
411 1342 7
1332 732 48
1215 54 7
665 75 8
418 534 1
207 677 2
82 145 2
727 1000 5
593 1314 5
147 671 16
1144 611 35
130 293 66
1547 1213 7
620 882 2
719 733 32
967 732 7
1436 150 2
1402 1210 6
1562 512 2
404 65 2
161 438 8
717 1062 7
1446 611 34
1489 441 0
285 231 2
613 1342 7
178 1156 8
1275 1283 7
759 22 8
618 59 7
237 558 1
27 1599 38
242 441 0
718 77 2
704 1355 1
938 762 2
1087 3 8
454 671 16
1087 341 3
491 91 7
1110 311 35
40 958 3
573 605 1
577 582 2
577 978 2
618 32 8
256 22 8
531 1204 30
702 677 7
1398 269 8
491 424 8
780 847 21
747 140 8
1156 728 7
82 576 1
1154 533 3
565 804 2
1463 1395 7
459 433 7
1474 722 2
1154 487 8
1252 256 2
406 1344 5
479 646 8
446 1344 37
1164 1127 8
192 850 6
1249 1310 7
1037 21 8
270 240 30
1046 1489 5
1493 150 2
1223 1258 2
1460 370 2
1001 1084 2
1140 893 33
1360 685 8
531 1283 2
61 293 0
291 812 1
539 503 2
442 569 2
311 291 7
1210 321 6
858 1388 7
1242 1252 2
1525 1141 2
221 377 8
805 958 5
1327 1156 7
97 958 3
581 1126 30
747 617 2
736 1232 2
546 1062 8
176 450 7
1282 1567 1
277 397 2
620 199 2
151 327 2
1424 626 7
285 859 2
30 577 2
1405 360 2
83 75 3
1321 65 8
324 598 30
55 1069 2
601 1053 7
910 1578 5
450 960 30
847 71 2
373 783 7
277 329 2
417 1511 9
1306 1310 7
503 475 2
1271 552 2
933 1070 2
726 433 7
752 1156 8
126 905 2
167 355 8
999 1334 77
1468 1245 5
150 622 2
350 1135 2
1460 919 30
127 1131 2
362 1236 8
118 433 7
928 1078 2
1061 1291 33
1024 1078 2
1053 269 2
1567 956 1
798 833 2
913 365 2
1442 1562 1
1445 1132 0
1239 1298 7
170 553 71
238 420 2
1359 246 2
32 149 8
301 1334 77
155 1161 8
548 145 2
1479 98 2
1355 602 2
329 1243 7
315 1396 8
650 1087 2
1469 916 7
1253 244 8
59 603 6
720 1070 5
1446 610 2
878 1342 7
58 751 1
1291 1179 31
877 1355 2
1055 1548 5
1226 971 74
647 1227 7
1447 452 12
285 1555 2
1155 1070 5
466 153 5
874 32 8
289 1131 2
294 1550 8
1084 1581 8
13 1070 5
499 681 2
506 462 8
530 179 8
285 1482 8
45 958 2
157 348 2
599 1445 2
733 789 2
635 75 8
1375 908 7
441 1419 5
448 99 0
1210 272 8
1295 59 7
485 882 2
270 256 2
577 235 2
222 1078 1
938 707 2
1262 1112 2
32 908 7
707 1483 2
499 1296 8
1026 677 2
1164 848 8
1460 1496 41
848 59 8
1029 423 2
142 1070 7
1140 1329 2
286 761 15
591 942 33
1415 973 9
242 607 79
386 342 9
63 250 5
1127 433 7
761 388 1
29 116 8
552 98 33
1567 246 2
51 671 30
819 147 8
346 298 7
679 1396 8
596 1456 30
420 322 2
692 179 8
1098 1359 2
311 678 2
99 1207 8
556 874 2
66 1036 2
1336 377 7
599 683 0
170 273 6
300 986 53
1215 627 7
535 1200 2
858 937 7
295 374 2
902 21 8
172 1315 7
1128 167 8
285 681 27
28 412 5
189 179 8
531 1160 2
647 882 2
1217 462 8
1320 1315 7
1314 297 2
801 484 9
1482 958 5
603 1029 2
606 599 1
65 1384 7
829 1129 7
170 934 7
1385 1468 22
281 22 2
1051 686 1
1141 223 26
625 63 8
563 1335 5
307 513 30
928 403 2
403 47 8
606 526 7
242 1014 0
1039 1309 2
176 269 2
468 1084 2
634 355 8
4 1153 6
1500 1200 2
128 1424 2
122 914 2
1279 167 2
1155 1062 8
1055 1395 7
1448 362 30
601 476 2
1442 515 21
1158 808 8
317 88 5
25 327 2
915 155 1
1275 81 7
1056 59 8
377 277 8
22 1161 8
142 32 8
386 970 9
13 1062 8
244 450 29
442 976 7
1252 829 2
193 491 57
576 904 58
1239 1243 7
503 692 19
1247 1355 2
923 891 8
661 667 27
1164 97 8
238 365 2
1349 1451 2
582 533 3
1506 53 34
429 914 2
913 34 53
652 1227 6
291 697 1
88 433 7
744 1314 1
898 1078 2
675 678 2
787 167 8
1456 453 2
634 57 6
995 396 33
308 1456 2
420 1242 2
283 325 31
778 104 2
107 298 8
1232 416 2
599 0 0
395 1078 2
427 663 8
443 113 75
1532 959 7
1429 119 7
1212 1062 8
922 531 30
787 1207 5
855 882 2
747 1581 8
483 903 1
1058 1141 2
877 1227 8
1399 1395 7
790 1245 5
1532 891 7
601 1230 7
14 1359 1
1397 461 7
727 858 12
670 1325 5
604 1314 2
927 957 1
252 150 27
1275 1173 7
938 360 2
503 1340 2
1174 300 2
1373 937 7
1394 239 27
854 65 8
252 442 27
1129 472 1
1219 1325 5
1315 1325 5
145 411 2
1154 1396 8
240 167 2
590 957 8
774 1375 27
485 462 8
340 558 7
244 1474 29
577 112 2
483 226 3
804 898 2
267 1345 55
686 147 8
686 881 3
104 857 2
947 311 35
442 1500 7
1488 1031 2
51 324 30
433 1536 7
1272 21 8
593 104 8
1483 216 2
334 579 2
1479 671 2
1289 483 15
98 593 7
1121 34 53
217 1156 8
634 1081 6
1253 817 8
211 646 8
1232 1278 48
295 983 33
631 124 1
1506 111 15
322 1156 8
981 1252 2
1447 366 33
1215 676 7
192 1447 2
1000 388 2
66 981 2
576 298 8
1447 1409 2
671 54 8
995 63 8
462 1150 5
721 658 0
244 1070 5
1304 867 7
1401 1210 6
704 1357 1
498 1424 2
437 958 3
1394 1039 27
731 1572 7
173 671 2
503 638 27
617 59 7
806 22 30
1436 663 8
833 300 2
933 1245 37
318 75 3
372 335 5
647 462 8
607 1000 2
52 916 8
910 384 5
1041 1375 27
1063 732 7
179 1212 8
266 1253 2
601 151 7
1056 1342 7
259 1129 7
878 1325 5
1144 875 6
345 372 1
24 1357 2
144 462 8
1264 656 2
772 1149 77
1054 350 2
727 491 2
601 83 7
1140 1226 12
455 687 7
781 1567 1
601 421 2
329 139 5
992 866 36
458 433 7
460 1345 2
899 98 7
480 671 2
1483 912 2
533 36 30
91 1129 5
71 573 15
1375 102 7
377 222 8
102 136 6
334 1567 2
365 116 8
483 808 8
1344 647 57
1164 88 3
923 440 8
552 671 33
36 1392 30
696 104 8
774 938 2
362 768 30
396 1224 30
1000 1480 2
98 1221 7
453 675 2
279 350 50
57 938 6
1239 770 2
563 545 2
1259 533 3
635 1084 1
563 936 8
1232 303 48
1215 908 7
1317 889 27
569 32 8
170 846 6
1210 880 7
1322 1062 7
978 958 2
112 167 8
350 1282 30
522 1395 7
974 1314 2
1424 1212 7
837 1399 6
1476 671 30
403 355 7
452 1070 5
1188 462 7
84 608 2
686 436 5
503 769 2
173 1299 2
176 910 2
1131 138 25
285 689 2
843 325 2
281 199 2
534 368 33
55 957 7
815 1360 2
820 1342 7
270 1525 2
55 1295 2
112 1207 5
1087 1217 8
267 673 27
1131 985 55
642 1062 8
1245 1665 57
479 1199 7
1200 833 8
292 663 8
1131 70 25
1506 388 2
488 1141 2
162 558 2
483 1212 8
577 1436 2
255 2 2
923 849 2
1052 269 2
21 928 2
350 1315 7
158 63 8
1522 65 8
524 1456 30
40 59 8
544 847 21
349 1359 2
1521 167 8
718 824 23
361 1460 8
910 741 2
1348 1506 2
1153 462 8
1408 920 9
34 1031 40
792 1133 2
686 92 8
608 1578 5
1442 81 1
804 838 8
1479 324 2
238 938 2
1001 1291 33
990 386 57
1357 1047 33
533 1166 1
369 1474 30
671 1337 7
418 377 1
1025 88 3
1019 1396 8
1563 533 3
1000 893 33
1446 452 12
334 1207 8
483 489 15
809 350 30
778 677 2
812 381 14
31 362 31
545 1141 2
1252 18 8
1317 206 27
997 541 7
1304 916 7
295 1191 12
1221 55 2
483 1184 1
850 739 2
167 845 1
71 531 33
1207 424 8
1177 1252 27
1336 199 7
1526 1314 7
620 1345 2
1215 449 7
861 155 2
124 338 5
27 8 5
522 685 8
318 850 80
847 925 2
1214 958 5
1364 513 26
205 1532 77
810 1424 1
618 172 2
841 311 2
48 430 2
506 958 3
992 546 35
913 75 5
594 491 2
584 662 38
36 1070 7
145 1052 2
1460 54 20
350 678 2
1271 191 33
267 1419 8
582 677 2
23 558 2
361 94 2
581 1436 2
1039 1131 2
1140 775 12
1056 1156 8
383 479 20
560 533 1
1440 502 20
673 1081 2
382 533 3
763 850 6
1474 893 2
442 516 2
588 65 8
1161 1156 8
193 89 57
743 1325 5
124 1305 8
462 292 2
900 661 2
661 929 7
256 21 8
848 1325 5
207 1252 2
9 462 8
1442 1001 1
747 1397 0
329 436 2
361 21 8
1483 789 2
220 792 2
274 1489 5
421 697 1
1009 1384 8
98 1166 7
992 1472 37
664 914 2
1225 269 48
761 546 1
199 722 2
533 1417 27
849 651 41
952 581 5
796 21 8
1429 1388 7
1210 929 7
1562 1087 2
1132 37 8
1215 1249 7
416 350 2
720 992 1
870 1310 8
350 1220 14
1317 834 27
647 420 2
662 272 2
671 627 8
1436 1309 2
541 126 2
279 104 27
409 1252 2
1131 706 55
842 1314 1
534 381 33
1200 158 8
512 282 2
176 563 2
1050 686 1
179 1457 8
528 63 8
1084 728 8
1081 126 2
1313 958 3
206 1475 5
1200 90 8
601 770 2
40 1342 7
961 206 2
172 495 8
927 159 1
237 1253 1
704 155 1
784 1140 77
1156 1199 7
600 97 6
162 107 2
171 462 8
486 512 2
1173 1567 2
533 1073 30
491 436 2
155 717 2
337 223 26
365 762 2
923 398 2
276 462 8
1129 70 1
718 837 23
36 32 8
720 269 8
596 377 8
1087 70 35
402 1325 5
688 697 1
685 1342 7
1284 1396 8
1258 219 2
98 1570 7
97 493 6
1509 11 2
184 658 66
531 646 5
563 894 2
186 1062 5
218 914 2
922 792 2
1044 75 8
21 409 2
104 455 2
337 488 27
1010 325 1
546 1227 6
1310 139 5
442 1436 2
193 1009 57
686 37 8
83 136 52
1323 75 5
648 1062 6
362 1341 30
1228 337 1
753 1062 6
1258 834 8
882 1315 7
1483 106 2
266 1132 0
70 1488 7
1000 942 33
170 1127 6
1210 1161 7
821 1507 5
417 616 27
552 179 8
330 424 8
69 325 2
285 1388 7
1306 1494 1
533 980 2
195 390 8
66 475 2
183 581 2
658 743 3
1146 881 5
1314 1443 2
325 36 8
102 32 8
1227 249 8
850 684 2
167 831 2
1215 102 7
1399 1184 6
483 1421 1
1314 1112 23
1405 1555 2
611 242 2
49 377 2
841 324 2
1424 114 7
318 795 80
1321 1156 8
487 1388 7
1287 1447 2
1275 1003 7
50 1345 2
479 1004 27
486 1140 2
1210 47 8
1518 1062 8
1271 1247 2
1537 63 8
24 1351 2
1295 172 2
923 1422 2
22 381 2
391 172 8
689 513 26
707 1258 2
1545 129 8
1055 250 7
337 1184 27
661 1152 26
579 1384 7
581 693 2
1031 1460 2
349 329 2
1130 63 1
1166 21 8
373 140 8
772 718 5
916 59 8
912 420 2
371 958 3
231 325 2
673 1026 2
812 1126 14
170 676 30
226 1405 2
1029 26 2
1325 1389 7
1140 1328 2
410 1456 2
305 920 1
1001 512 2
434 777 2
589 1344 5
1474 374 2
325 737 2
1080 1375 27
778 958 2
770 450 7
311 453 2
1446 1409 2
634 1203 6
531 1003 2
790 663 8
147 1070 5
1230 300 2
992 881 3
992 444 2
877 155 2
217 1314 8
1424 1044 53
293 1574 2
647 365 2
1344 230 17
526 178 1
55 565 2
534 681 2
17 1129 15
541 462 8
927 720 15
686 275 67
406 32 8
1405 681 27
1129 631 15
1131 187 55
1303 992 7
1396 1381 7
813 1055 1
1448 601 30
650 330 8
145 1333 2
784 793 77
730 531 2
99 293 0
718 821 2
718 425 2
117 311 30
403 114 8
1110 104 5
167 471 8
722 59 7
302 973 9
155 266 2
971 281 55
373 39 7
1503 167 8
135 958 3
1242 1375 27
1024 798 2
446 75 5
220 1141 2
396 1518 30
595 424 8
449 479 2
923 275 2
454 403 2
442 693 2
761 412 5
792 335 2
25 75 3
961 476 30
1025 309 33
1358 172 2
1352 576 2
1481 450 7
917 52 8
671 877 2
659 433 7
773 1131 2
272 573 15
563 766 8
23 1456 30
61 1078 1
634 228 6
1336 1572 7
736 1310 7
325 54 2
1463 743 3
763 377 7
657 129 2
295 1173 2
66 128 2
300 1493 2
530 1575 2
261 293 0
533 1420 8
285 937 7
279 677 27
961 514 1
295 458 33
1547 627 8
1211 75 7
1200 1127 8
622 971 58
747 1315 7
1081 595 53
30 1029 2
1314 381 33
377 821 2
138 599 1
1261 1070 5
1536 1156 7
58 736 2
499 401 2
922 651 41
267 503 27
116 1084 21
810 293 0
958 37 7
1141 83 6
401 434 2
928 1156 7
486 397 2
813 372 1
558 445 0
439 1031 30
348 576 1
916 1342 7
1299 607 2
138 526 7
915 1314 1
39 59 8
227 1118 1
668 1494 1
20 522 7
710 1310 8
195 189 20
582 1062 8
126 1243 7
479 584 33
28 471 8
1031 1405 2
359 167 8
1132 186 1
1030 661 2
912 365 2
1451 1000 2
359 63 8
225 732 7
558 36 33
1454 350 2
40 1325 5
997 147 7
107 769 8
1140 201 12
762 433 7
1114 591 2
98 368 7
216 350 2
533 619 27
634 856 6
1445 579 2
563 83 8
170 97 6
1009 523 2
199 216 2
1252 244 8
700 293 66
588 179 8
997 371 7
1215 347 7
983 29 2
628 1309 2
1201 63 7
469 293 0
1328 697 2
211 249 8
1078 1243 7
162 1084 2
1184 595 53
872 1310 8
1084 326 8
270 380 2
1375 223 26
677 1152 26
35 270 2
252 1309 27
1140 683 0
1424 291 7
270 672 2
161 1127 8
172 139 3
601 368 2
1055 891 7
880 65 8
747 214 2
919 1207 5
55 437 8
718 474 2
601 322 7
485 938 2
834 396 33
730 179 8
1039 1029 2
503 140 2
1295 1141 2
577 979 2
1055 823 7
273 350 2
677 1417 27
1078 197 8
487 507 49
739 75 8
350 1196 2
365 355 8
1173 450 33
978 362 30
1565 513 26
126 606 2
126 210 2
483 291 8
334 1446 2
1208 1132 0
673 911 2
337 796 2
228 377 6
1474 723 2
1445 109 0
1191 660 5
386 1465 5
325 603 6
923 215 8
479 881 3
450 1100 2
450 704 2
1213 136 6
819 891 8
1231 479 2
819 495 8
108 1227 8
1478 591 2
443 879 74
653 1359 2
449 59 8
478 533 3
1258 36 8
665 1460 8
789 466 2
541 420 2
189 600 2
651 1596 38
1357 853 12
1526 1070 5
9 958 3
1239 936 8
878 365 2
199 844 2
898 798 2
923 147 8
1093 1062 6
179 1418 7
869 662 2
1178 1187 0
858 1389 7
420 1358 2
84 847 2
347 52 8
1447 209 2
107 18 8
658 3 8
395 798 2
148 658 0
55 1138 2
1562 98 33
252 373 6
1323 1396 8
1375 1578 5
133 1156 5
1177 503 27
84 779 2
377 95 6
913 997 5
1006 21 8
377 474 2
1084 1251 2
156 211 1
285 464 2
503 836 2
39 1342 7
1507 1112 57
55 1461 8
1547 108 8
479 974 7
151 656 2
1110 293 66
126 568 7
315 531 30
658 1335 5
466 83 6
729 63 8
506 59 8
102 1399 6
1299 552 2
510 54 8
32 223 2
737 129 8
127 1424 2
124 88 1
716 59 8
855 531 30
171 958 3
208 1567 1
1031 662 2
1479 167 2
387 22 8
246 59 7
1258 1133 2
368 531 2
1258 1128 8
1322 75 5
923 452 2
284 1344 5
1253 610 2
1253 214 2
914 488 2
124 848 8
32 838 8
902 732 7
298 493 6
185 150 27
997 92 7
206 1258 2
325 335 2
168 779 6
334 591 2
774 66 2
1132 787 8
107 646 8
1227 147 8
279 958 27
665 21 8
992 37 8
503 1153 6
671 1377 8
172 1125 8
577 833 20
195 908 8
616 1148 2
1456 1194 30
317 92 8
636 1419 8
936 958 5
563 776 5
1502 445 0
1359 345 0
1394 759 27
747 823 33
547 1610 56
514 1087 2
631 63 7
477 1470 2
49 499 2
1310 318 2
972 1232 2
1303 590 7
958 610 7
768 270 3
599 666 12
372 929 7
590 690 2
69 1062 8
689 1070 5
1013 1475 5
1085 505 13
1085 901 13
179 932 8
1009 392 36
1258 1491 7
148 677 2
334 293 0
22 607 2
21 1389 7
477 1006 2
1302 179 8
145 1223 2
162 1253 2
486 1262 2
1055 80 7
1064 732 7
350 453 2
199 418 30
591 1274 12
381 600 44
185 513 26
1367 1405 2
450 46 6
939 1379 8
581 1211 2
1054 65 8
449 1342 7
590 1305 8
1042 256 2
64 676 30
658 1400 2
673 856 2
686 891 8
476 747 2
778 1252 2
677 693 2
565 1042 2
1535 325 20
1029 648 2
1070 855 5
455 677 2
645 1355 1
1359 160 33
22 536 30
997 720 7
417 386 57
725 776 5
550 329 2
300 763 2
541 365 2
882 1196 2
80 167 7
1460 212 2
1210 308 7
643 136 6
293 1462 7
992 1645 59
1327 373 6
396 36 16
295 771 2
84 792 2
958 140 5
980 1252 2
1215 1316 7
98 1305 14
287 1447 2
52 1395 7
32 1236 6
1120 75 3
719 373 6
979 958 2
157 1395 7
136 1122 52
1099 63 8
824 373 6
614 270 1
273 595 53
1317 39 8
629 63 7
131 372 67
731 317 7
634 424 8
411 479 2
1164 338 5
285 409 2
463 1360 30
600 336 6
1216 65 8
499 390 8
152 1345 2
805 1507 1
285 800 8
711 1360 2
533 160 30
601 895 7
1540 663 8
45 172 2
455 1062 6
661 338 5
145 1455 2
33 66 2
65 47 8
993 1070 5
927 622 1
241 1000 1
250 1396 8
601 873 2
54 167 8
1252 898 2
158 179 8
1340 52 5
1037 663 8
808 311 2
1025 1250 2
114 677 2
1314 0 0
106 1299 2
125 300 2
1252 1581 8
1421 1419 5
578 958 3
454 1025 2
1025 523 23
907 850 2
677 1321 2
792 119 7
1349 1452 2
442 1211 2
588 1156 8
897 65 7
584 1062 8
654 677 2
372 47 8
910 789 2
635 1140 1
1449 1424 2
687 92 8
653 329 2
1306 958 5
80 795 7
300 681 27
82 104 2
165 920 1
1128 1156 8
1132 44 8
1124 1062 8
377 345 0
295 1003 2
1009 116 8
1317 30 27
407 789 2
328 21 8
1227 92 8
217 65 8
318 346 80
1304 240 7
641 109 7
113 1557 5
526 158 2
1562 671 33
1200 957 8
317 37 8
531 374 2
858 228 8
941 1399 6
494 599 2
1551 1100 4
858 916 8
1129 937 1
52 685 8
25 686 7
713 1355 2
1174 661 2
619 433 7
756 167 8
72 65 8
601 1127 7
111 1207 5
704 558 1
635 21 8
157 586 2
126 1479 2
162 510 2
150 1196 2
380 882 2
255 350 2
923 1197 2
543 513 30
124 369 1
36 1227 8
437 1325 5
726 75 3
677 619 27
253 167 8
1379 768 2
464 362 2
1350 591 1
32 1583 8
301 1580 77
914 1525 2
117 1271 1
1245 238 57
129 1372 7
170 915 30
170 519 30
455 352 7
672 1291 7
673 905 2
908 136 6
1520 32 8
1443 1132 0
816 1396 8
1468 522 7
533 138 31
654 576 1
819 139 3
558 950 33
170 451 30
657 1447 2
774 311 2
1140 1161 7
863 938 6
1304 603 6
343 1227 8
1360 226 3
442 168 2
658 1231 7
1232 1279 48
673 728 8
1001 579 2
551 104 2
211 881 3
199 833 8
1106 579 2
1325 1388 7
1357 453 34
1123 1396 8
199 1125 8
1544 1298 7
797 21 8
671 50 14
1221 65 7
315 533 3
281 533 27
1207 835 7
466 1415 5
1173 293 0
416 2 2
98 861 30
1521 1342 7
65 934 7
926 910 1
270 898 2
55 272 2
0 1132 0
759 150 2
199 1455 30
1355 1170 0
747 435 8
386 260 2
128 1078 2
738 21 8
126 504 2
269 149 8
1258 1004 27
1061 2 2
1156 1315 7
377 291 8
1179 32 8
124 1388 7
1551 349 4
1164 1381 7
46 59 7
1129 186 1
362 1127 8
318 1070 5
1187 1310 5
63 1184 5
221 513 26
1045 1589 38
361 442 2
951 59 8
1258 335 2
819 789 8
346 1377 8
576 1418 7
1466 1134 1
896 1392 1
661 1381 7
269 1201 15
1488 1008 39
907 795 2
1125 433 7
563 568 7
900 1405 2
20 330 8
89 808 7
362 1457 30
535 1446 2
80 52 7
813 732 60
1136 75 3
125 172 8
563 937 8
1153 59 8
541 938 2
1446 209 2
1456 399 2
230 172 8
1127 65 8
1468 63 7
98 794 44
1387 533 5
627 1342 7
900 21 8
650 910 2
74 365 2
1329 327 2
1079 819 7
1447 53 34
58 178 1
30 804 2
70 167 2
403 1377 8
499 572 2
1069 426 7
66 127 2
195 42 8
1084 366 33
623 63 8
601 1176 7
774 269 20
147 1156 7
349 658 0
1037 1309 2
55 1583 8
137 21 7
1547 626 8
927 903 1
840 1200 2
170 1179 50
393 75 2
494 179 8
1394 185 27
32 53 2
102 1567 1
1193 75 3
643 32 8
1522 462 8
1216 75 5
1493 677 2
372 355 7
35 32 8
563 1242 2
449 882 2
140 32 8
753 761 15
1025 1381 7
779 265 6
858 669 76
506 1325 5
1026 104 2
584 1029 40
1253 452 12
311 1564 12
193 1357 57
792 1030 2
290 1062 5
193 961 57
1442 374 1
958 1513 5
1333 433 7
464 531 2
1483 162 2
334 129 2
438 199 7
905 1042 2
346 626 8
98 877 2
86 433 7
230 450 33
27 350 30
82 677 2
887 718 2
59 1122 6
658 1217 8
745 1475 37
1239 83 8
305 973 2
531 723 2
792 88 3
576 244 8
69 673 2
1215 518 7
1544 1243 7
59 1491 7
55 1550 7
434 424 8
1209 300 7
805 1291 30
534 401 2
434 716 8
252 792 27
1084 101 8
270 551 2
437 462 8
393 433 7
420 36 8
875 1227 8
751 29 2
1084 789 8
1084 393 8
270 843 2
562 1000 5
325 1458 20
1085 1127 13
1085 731 13
951 1342 7
80 1070 5
145 1449 2
145 1053 2
772 407 77
104 1166 1
1078 206 54
157 1550 8
127 675 2
1502 62 2
471 325 2
485 1396 8
800 1446 2
586 1460 2
1029 546 2
581 1041 2
1313 1325 5
1291 574 44
126 381 2
154 75 3
889 513 26
581 1333 2
443 3 10
1039 1424 2
205 1359 7
259 75 3
1039 1419 8
350 903 2
634 1327 6
276 59 8
1253 1418 7
362 1004 8
503 187 19
823 1156 8
1017 1456 2
761 1298 7
1317 903 27
324 805 2
226 150 2
641 1424 2
189 433 7
191 1345 2
362 610 30
546 136 6
281 882 27
796 22 8
813 52 8
555 433 7
1254 167 8
375 1392 30
254 749 5
979 1252 2
307 311 2
1424 1496 53
1253 80 8
420 1133 2
420 737 2
285 703 2
1460 114 39
161 1161 7
1351 453 35
295 562 23
1004 1291 30
869 661 2
151 499 2
1563 75 3
853 971 74
1476 513 30
386 505 2
285 239 2
752 1396 8
503 611 2
89 1015 36
732 53 2
1103 22 8
270 1075 2
493 1388 6
54 65 8
616 623 2
55 1236 8
1448 1345 30
601 1459 2
205 850 77
126 1077 2
145 78 2
533 678 30
1552 891 8
704 547 7
577 1382 2
1259 910 2
365 763 2
513 1194 30
1271 236 12
697 1099 2
53 63 8
227 546 1
904 579 84
104 1417 27
599 25 2
559 1611 2
458 1345 2
415 109 5
4 1 6
1413 1475 5
472 21 8
478 1062 8
1429 1315 5
457 601 2
457 997 2
799 172 8
712 32 8
1402 961 35
1016 973 74
747 3 10
255 167 8
524 595 41
686 376 3
1063 658 0
676 1253 2
311 1509 12
1258 881 3
790 63 7
1000 1274 12
1031 661 2
1452 1000 2
1000 9 7
658 37 7
804 716 8
111 65 8
383 21 20
867 491 2
747 1101 12
386 93 5
216 65 8
658 766 8
1084 1046 12
1239 424 8
216 362 2
125 1131 20
620 671 2
661 908 8
156 1078 1
98 20 7
719 1227 6
499 537 12
641 673 2
1098 1291 33
74 938 2
292 914 2
826 99 0
115 761 15
291 269 8
750 1396 8
1029 796 20
841 325 2
402 1310 8
1084 46 8
498 1310 8
126 667 27
1084 384 3
52 119 8
29 1298 7
573 394 1
43 114 7
437 513 30
290 663 8
157 416 2
590 419 7
1083 481 9
145 998 2
1262 888 2
300 68 24
1062 766 8
22 674 2
792 1437 7
1055 147 7
164 129 8
941 958 3
1026 1141 2
820 433 7
877 1475 5
143 59 8
3 1132 7
64 451 30
1483 803 2
1163 172 8
1382 491 7
1253 1409 2
638 1325 5
761 560 1
1138 651 53
923 39 8
454 167 8
285 1315 5
1158 226 3
450 528 2
1355 1047 33
98 424 7
992 909 2
1215 867 7
98 716 7
912 1396 8
997 1183 7
241 513 30
322 1342 7
850 1236 52
211 769 8
65 936 7
620 1299 2
1201 124 1
720 938 1
652 1396 7
1424 1045 53
75 1418 7
221 98 8
487 1315 5
1144 960 35
862 1310 59
1011 129 8
820 910 1
971 667 2
1131 652 55
338 671 30
300 762 2
1290 462 57
1226 397 75
395 914 2
1025 99 0
172 514 2
836 1029 2
499 1126 33
581 1139 30
363 958 5
655 719 8
1537 1156 8
1305 63 7
388 686 7
1337 1345 55
1131 584 55
600 111 6
1058 581 2
737 21 8
1527 52 8
1313 462 8
747 265 8
902 1129 5
23 1200 2
28 1578 7
992 724 35
993 75 3
759 663 8
601 670 7
139 270 2
205 795 77
999 1055 77
503 488 2
22 568 7
927 1 1
350 856 2
377 855 3
729 179 8
385 75 3
1351 441 0
1396 3 7
81 658 0
350 1148 2
29 588 8
337 502 27
256 663 8
1029 1515 2
32 730 8
1495 1141 2
1133 1131 2
1087 704 35
309 948 15
1372 479 7
214 487 1
1054 1156 8
901 1245 37
1044 21 8
1358 533 2
170 412 5
1468 65 7
311 713 1
1359 363 2
792 628 2
301 1055 77
563 1127 8
894 882 2
104 693 2
643 1399 6
163 1314 5
218 792 2
112 462 8
992 1491 7
1152 59 8
983 1131 7
736 920 1
773 1424 2
1447 637 12
624 377 1
1100 1575 2
87 199 2
804 265 8
294 1298 7
330 766 8
406 1084 7
1211 1375 27
1215 116 7
779 101 8
1499 499 10
269 1076 2
1153 1325 5
1200 1128 8
322 477 70
1314 993 2
1084 952 33
971 380 2
243 249 1
671 85 45
718 1518 2
655 140 8
466 603 6
1200 1420 8
1145 533 5
1047 362 31
1262 568 1
434 309 14
1394 83 27
377 1114 2
499 1090 2
1144 209 35
932 1210 6
1327 167 8
166 325 2
29 1243 7
1000 484 9
380 365 2
599 1161 8
903 1325 5
1129 1004 1
143 1342 7
1521 462 8
271 325 2
1477 293 0
719 167 8
1110 1129 5
145 255 2
927 1421 1
315 1070 5
1394 411 27
125 433 7
1042 148 2
804 1138 2
829 487 8
377 1437 8
599 347 33
999 372 77
578 1342 7
1055 92 7
531 911 31
137 75 7
491 90 8
1140 666 12
779 95 6
1208 109 0
450 700 32
865 1314 5
1346 1451 2
1030 662 2
463 531 2
583 32 8
417 1258 27
1304 45 5
1359 264 23
420 1004 27
455 59 7
1203 373 6
593 172 8
1483 284 2
1019 1227 8
1357 610 2
1357 214 2
920 772 19
501 109 0
997 406 22
442 235 2
632 913 1
1336 98 7
420 335 2
1210 424 7
1227 891 8
657 1446 2
614 75 5
761 1161 8
207 971 2
510 833 7
576 1578 5
227 432 15
526 165 2
12 21 20
1131 597 55
1458 513 30
514 747 2
506 1207 8
9 1325 5
603 1042 2
1156 388 5
1183 32 7
329 606 35
1099 75 8
285 228 8
1405 26 2
721 1078 27
35 563 2
55 438 8
601 323 7
1552 139 3
263 1575 2
1054 882 2
269 716 8
590 1388 7
958 622 34
452 1511 74
852 52 8
905 1469 47
499 42 8
377 363 2
359 1156 8
804 223 26
486 1291 33
653 658 0
1367 150 2
581 1163 2
1152 1342 7
673 912 2
329 685 7
1119 1567 1
1483 1376 2
1566 439 57
362 834 8
442 1035 2
718 264 23
350 728 8
1392 1500 30
1336 420 5
1239 568 7
457 491 2
447 1355 2
1001 1446 2
1052 32 8
853 660 5
1232 1516 2
1317 1525 27
789 443 12
1106 1446 2
697 1307 14
696 172 8
1258 37 8
1014 270 3
355 75 3
676 747 2
651 1597 38
317 1199 7
171 1325 5
491 606 35
882 1148 2
779 114 8
276 1325 5
1497 1227 5
526 1549 2
540 365 2
294 1243 7
83 104 2
1424 1384 7
390 433 7
534 888 23
779 384 3
504 1131 2
324 960 30
495 433 7
1211 21 7
661 42 8
252 1062 6
579 1237 36
622 671 2
277 1087 2
1268 406 5
1341 104 8
434 259 8
167 722 2
1170 211 1
53 362 2
674 1132 0
1281 779 6
1087 1389 8
285 757 2
32 292 2
1314 998 29
1119 450 30
727 1359 2
1239 1455 30
256 1309 2
97 293 0
636 958 3
377 699 2
601 1243 7
590 751 2
368 600 2
157 743 3
145 200 2
34 501 38
718 284 33
127 1029 2
923 1313 2
227 668 1
377 264 23
337 1075 27
154 533 3
106 1355 2
951 462 8
161 273 8
1292 600 44
1129 485 1
1304 1661 5
28 813 8
1040 1310 8
675 803 2
673 625 2
1200 338 5
1557 1499 57
1351 982 7
1025 883 33
737 477 41
1357 823 33
499 445 0
552 433 7
790 330 8
315 1299 2
568 21 8
917 34 69
459 377 8
91 533 1
667 961 2
290 1129 5
98 355 8
698 63 8
13 32 8
1309 1418 2
322 882 2
1297 1271 1
300 90 7
325 628 2
1346 1224 2
1445 129 2
1553 1424 2
795 424 8
685 59 8
528 1575 2
191 28 2
1000 401 2
859 479 2
350 375 30
300 360 2
980 958 3
1200 1305 8
432 21 8
1177 1424 27
1154 1070 5
581 737 30
1105 1567 4
531 722 2
729 1156 8
1198 533 2
1394 1052 27
1385 738 22
535 793 8
270 618 2
1388 1544 2
1298 167 7
858 771 75
1489 721 1
1174 1405 2
55 383 8
1238 1291 16
380 938 2
601 268 7
1229 1315 6
856 533 3
601 606 2
128 798 2
391 300 2
590 937 7
856 487 8
1056 1396 8
127 450 2
1144 929 7
1161 1396 8
594 1346 8
1045 462 8
213 1227 6
582 1141 2
531 1047 30
1460 187 41
912 1299 2
541 1325 5
673 857 2
689 462 7
1567 224 12
1483 925 2
127 377 8
349 1140 2
348 104 2
357 63 8
662 681 27
792 1491 7
122 804 2
819 149 8
442 980 2
216 1342 7
1442 1173 1
1227 1199 7
1310 1578 5
89 178 2
919 126 2
1081 533 5
547 543 1
1304 1388 7
662 116 2
1227 1491 7
362 781 30
667 377 8
167 192 30
551 556 2
346 1321 8
1502 1176 15
317 1581 8
893 28 2
1314 367 2
1116 167 2
1443 579 2
416 126 2
211 891 8
1184 462 57
846 792 6
154 513 26
1570 433 7
126 1152 26
1023 65 8
631 1156 7
259 513 26
409 1424 2
530 732 7
1128 65 8
37 1399 6
579 453 35
420 881 3
1188 958 3
419 533 3
1317 728 8
1216 462 8
61 22 8
58 627 2
702 733 62
958 1135 7
1490 386 1
1547 54 8
623 179 8
479 1316 7
928 697 2
269 502 2
973 380 2
159 533 2
14 1025 1
1037 1029 2
701 914 2
195 148 20
533 453 30
150 173 2
980 1474 30
127 1078 2
923 174 2
938 26 2
1279 65 2
577 1449 2
1388 59 7
718 229 33
163 104 8
1215 1415 5
56 1239 30
923 862 2
1129 138 1
702 1544 7
1037 961 2
112 365 2
997 1335 5
479 1581 8
914 898 2
372 116 8
1240 1494 1
167 596 30
126 1076 2
1154 1062 8
1443 109 0
1372 997 7
563 1358 2
551 1252 2
67 293 0
1239 1479 2
1035 179 8
282 658 0
900 150 2
792 808 7
994 439 57
22 1457 30
894 1062 7
298 43 6
1201 179 15
1223 126 2
98 259 7
519 499 1
681 32 8
1568 533 2
624 499 1
563 1577 8
405 40 1
993 686 7
658 937 8
1232 548 48
54 792 52
1433 1245 17
1552 1097 7
459 1070 5
66 647 2
83 677 2
1223 350 2
1448 1483 29
628 804 2
289 1078 2
1304 929 7
1321 1396 8
722 1342 7
297 1405 2
269 1198 2
1405 189 27
850 460 2
159 850 6
483 1197 1
1314 888 23
211 140 8
65 307 7
712 634 7
1230 63 8
1502 683 0
1207 833 8
858 917 8
270 271 2
938 722 2
372 88 1
616 1026 2
208 396 30
1174 662 2
789 718 10
829 1078 2
530 22 8
55 36 8
54 1156 8
377 229 33
727 329 2
1249 172 5
1396 1217 7
1287 443 12
1383 75 7
28 766 8
403 54 8
157 879 2
145 1169 2
761 1335 5
145 773 2
350 399 2
1485 1355 2
161 158 8
468 1291 33
792 1212 7
1249 104 5
1055 318 7
1379 1457 2
23 675 2
361 211 2
366 531 2
779 321 6
335 1424 2
1415 920 9
399 697 14
424 1502 0
270 200 30
1402 75 3
220 581 2
675 1376 2
349 397 2
673 1198 2
1463 891 7
270 492 30
321 792 52
1382 662 7
632 519 1
119 269 7
1254 59 8
244 32 8
207 577 2
362 1006 71
1009 714 2
1132 1388 7
199 803 2
1252 435 8
1025 495 8
1317 623 27
270 424 30
641 1144 2
673 1125 8
218 330 8
85 479 2
903 1207 8
305 1029 2
1447 368 33
541 311 2
1025 787 8
910 102 8
85 433 7
437 591 2
1460 158 2
692 22 8
311 521 2
551 59 7
1565 104 2
1198 882 2
1207 800 7
875 1310 7
1317 555 27
579 70 35
55 737 2
1446 366 33
195 1482 8
576 983 14
599 1214 0
1077 1424 2
747 113 2
1555 34 53
189 22 8
1404 1575 2
172 289 2
836 804 2
295 282 23
1085 1543 13
1394 1333 27
1552 387 8
1446 139 3
1515 1375 27
1294 1502 2
747 796 8
938 191 16
599 873 33
694 1469 47
158 1405 2
167 216 2
1014 1132 0
479 911 2
1084 31 33
829 595 33
601 841 7
176 508 2
747 728 8
1042 898 2
533 398 30
830 675 2
170 844 50
677 1002 1
792 1403 6
34 1598 38
362 1128 8
941 1419 8
1078 716 8
53 179 8
236 920 74
596 98 8
479 838 8
586 601 2
350 160 16
1129 83 1
362 1420 8
126 729 2
1360 153 1
575 325 2
563 178 1
349 1025 2
1258 628 2
1312 1325 5
154 377 8
1253 209 2
368 21 8
578 462 8
923 384 3
325 1122 6
211 1199 7
442 1553 2
85 1129 7
311 879 7
923 734 8
428 477 2
89 751 2
1568 150 2
662 689 2
510 881 5
300 1337 2
172 693 2
346 291 8
1019 1062 8
867 211 2
1045 8 5
528 89 2
534 1445 2
961 650 1
1210 1570 7
900 22 8
978 1252 2
530 1351 2
172 625 2
1135 28 8
897 172 8
424 1156 8
1239 1457 30
330 833 8
534 1126 33
297 662 2
279 1141 27
535 63 8
438 129 8
1136 1070 5
499 933 2
1409 920 2
1183 886 7
1253 1514 0
1179 792 7
82 269 8
1207 90 8
179 891 8
167 844 2
285 1374 8
1131 724 25
273 1227 7
1131 1458 20
292 269 8
1055 39 7
40 129 8
856 1396 8
439 411 30
45 350 2
373 1199 7
171 1207 8
55 273 8
821 155 7
154 1078 2
1271 572 2
337 1236 6
22 102 2
377 1212 8
148 167 8
1460 116 20
923 1097 7
1254 1342 7
1373 1514 2
22 97 8
337 905 27
1295 581 2
31 1007 44
1062 90 8
170 173 30
20 590 7
914 1075 2
155 88 3
261 75 8
772 4 77
228 300 2
925 491 2
383 483 15
1314 1554 0
1025 112 8
792 1031 2
250 533 3
1382 211 7
325 922 2
1468 1156 7
1193 1070 5
314 1141 2
792 1381 7
439 1236 7
1298 1070 5
273 1325 5
819 39 8
98 144 7
1483 455 2
1423 1567 1
1025 44 8
1329 686 7
1309 101 26
1291 369 5
1405 101 26
70 526 7
910 47 8
717 533 5
1336 269 7
76 59 8
487 743 5
390 850 6
638 1375 27
1317 500 27
1497 1062 5
678 1392 30
706 311 35
499 1561 2
281 479 27
32 1127 6
1418 1070 7
30 1375 27
655 147 8
526 232 2
655 881 3
420 37 8
98 85 45
1302 433 7
109 1514 0
285 3 8
656 368 14
860 65 8
938 1295 2
285 341 3
599 1173 2
255 1342 7
63 90 8
528 21 8
720 1611 2
55 213 8
367 1070 2
573 1138 1
1164 1395 7
601 494 7
355 1360 2
155 1047 33
531 1341 30
1240 293 66
145 1054 2
1151 591 2
28 1298 7
599 458 33
619 75 3
601 390 7
22 730 2
337 995 1
357 362 2
503 208 2
577 1047 2
259 595 33
487 3 8
98 1236 7
1025 745 2
364 75 8
1518 32 8
1372 199 7
673 979 2
1345 1371 2
1442 1003 1
194 327 1
1162 172 8
1480 270 3
337 154 27
450 480 2
1357 366 33
800 63 8
199 1376 2
1121 677 2
1031 75 3
167 418 30
1317 1196 27
324 1098 2
1444 599 2
1120 32 8
109 728 8
154 1070 5
917 65 8
1209 997 7
303 1424 2
381 761 15
300 1236 7
534 1098 2
311 756 7
303 1419 8
654 104 2
1208 591 2
1393 75 5
982 8 7
330 90 8
1075 1131 2
302 1084 7
347 948 15
501 1132 0
1200 848 8
784 1210 77
1193 1062 8
999 1575 77
1400 167 7
274 973 74
1551 699 4
285 928 2
1507 888 57
30 1042 2
858 119 8
1400 63 7
834 600 2
601 726 7
1409 63 7
572 958 5
902 270 5
927 453 1
179 80 8
450 865 6
601 1414 7
1129 724 1
1312 462 8
113 52 1
373 1581 8
350 854 27
603 66 2
102 779 6
1563 1070 5
127 1200 2
124 260 1
167 716 8
720 167 8
29 936 8
599 813 8
1164 685 8
1458 483 15
263 599 2
558 1264 2
3 1239 2
28 588 8
675 974 2
546 1567 1
558 1160 2
872 1469 47
1025 62 2
1183 533 5
311 1061 1
1483 468 2
855 34 5
1025 950 33
942 513 30
76 1342 7
1135 377 8
1029 88 2
992 178 2
997 160 7
111 462 8
1131 1030 2
423 662 2
717 1475 37
534 1371 33
140 1310 5
325 357 7
442 54 8
1247 433 3
182 199 2
81 329 2
1210 144 7
433 90 8
462 646 5
58 1549 2
479 1014 0
191 199 2
438 311 2
190 661 2
244 1399 6
1078 223 26
499 1226 12
102 396 30
655 92 8
483 1418 7
531 893 2
1084 47 8
761 813 8
1465 1507 5
1141 1166 1
270 393 2
52 808 8
1522 1396 8
1245 929 57
269 45 2
733 1307 13
155 596 33
747 326 8
1271 1541 2
28 1243 7
440 1227 1
497 661 2
483 80 8
579 990 37
34 1196 38
887 658 0
1030 1078 2
1460 631 15
1024 172 2
661 903 6
273 462 8
101 1392 7
1567 50 1
1448 199 30
1029 492 2
1459 1483 2
207 434 1
479 728 8
1158 249 8
1146 102 7
673 1028 2
1377 172 7
1025 393 8
98 785 7
928 63 8
681 1355 2
787 1342 7
595 90 8
1025 685 8
211 838 8
1442 552 1
301 32 77
457 211 2
914 206 54
1210 111 6
721 1268 5
455 1141 2
1304 1122 6
106 671 2
1215 1556 7
620 513 26
22 1292 30
270 942 30
85 997 2
543 1007 2
724 1271 1
371 293 0
230 63 8
420 1079 2
311 305 7
894 479 2
1307 269 6
980 1424 2
686 0 5
869 675 2
112 59 8
894 433 7
516 269 2
980 1419 8
347 65 8
427 104 8
938 101 26
419 330 8
1297 295 1
1141 1152 26
450 750 30
747 1418 8
294 936 8
34 1600 38
1081 365 2
1544 83 8
227 560 1
147 697 2
209 1325 5
1141 1417 27
1037 804 2
377 419 2
1506 572 2
162 346 2
348 971 2
1356 658 0
1505 377 8
588 1396 8
227 388 1
1379 208 2
337 399 27
512 1237 36
1567 1407 2
1521 59 8
209 325 1
1352 1392 7
591 36 33
899 910 7
3 450 7
226 792 2
392 63 8
114 1141 2
925 89 2
563 1133 2
325 1389 7
1232 891 48
1104 491 1
385 1070 5
1456 153 1
1549 1469 47
324 983 2
1253 326 8
671 833 7
569 958 3
558 745 2
882 854 27
657 491 2
550 1025 2
973 690 1
759 1141 2
653 397 2
119 1144 55
932 910 5
317 277 8
459 75 3
168 792 6
1188 1342 7
600 808 6
686 1316 5
534 360 2
997 37 7
590 1015 36
1029 54 20
960 973 7
555 65 8
499 775 12
172 1097 7
464 1131 20
227 97 15
46 1342 7
531 546 2
1312 1207 8
62 1070 2
961 1100 1
595 36 16
494 433 7
1193 32 8
655 37 8
1179 1310 7
1179 914 7
367 1245 37
938 497 2
393 662 2
292 792 2
486 1447 2
625 1156 8
952 1131 7
499 1086 8
255 882 2
154 616 2
1129 1005 1
1252 223 26
651 872 40
124 505 1
1396 1388 7
1372 1572 7
148 2 2
663 401 5
157 654 2
205 1320 77
359 534 2
128 914 2
784 443 5
1271 1090 2
563 1491 7
360 1309 2
363 920 2
933 63 7
1210 1102 5
1446 384 5
1047 365 2
122 300 2
772 590 77
233 868 7
23 450 2
98 438 7
361 377 8
71 1132 0
479 277 8
782 576 1
1229 863 6
228 43 6
468 793 8
1462 242 1
1039 1310 8
269 303 20
552 443 12
1474 681 2
60 311 35
858 353 5
632 982 1
1232 889 2
1304 338 5
199 974 2
657 443 12
112 1342 7
106 324 2
1328 1344 37
1203 1062 6
653 1025 2
1000 537 12
429 300 2
1200 1388 7
1209 199 7
681 1227 8
882 917 2
186 533 1
591 719 15
199 568 7
1309 223 26
425 656 2
1209 491 7
889 104 2
898 63 8
420 628 2
972 920 1
579 241 35
1314 1371 33
763 75 3
1011 75 8
1505 958 5
1502 432 15
295 388 2
1304 1332 7
1304 936 7
1301 433 7
172 163 8
526 854 2
769 179 8
16 658 0
176 59 2
1323 1062 8
503 210 2
1480 1132 0
527 21 8
674 109 0
729 1405 2
1325 222 8
1491 75 5
600 57 6
1394 1004 27
503 502 2
503 106 2
1460 1376 15
634 833 8
1460 258 30
150 854 27
1544 424 8
35 1252 2
172 387 8
1351 1005 36
140 1252 2
1503 433 7
102 377 6
533 173 30
1483 1445 2
150 289 2
661 1184 6
127 798 2
21 369 2
1144 1236 6
596 269 8
577 1565 2
1024 1141 2
479 514 2
512 453 35
1256 145 83
1252 911 2
324 1100 2
1160 1396 8
1009 1243 7
215 1456 2
1258 502 8
1567 1352 2
820 75 3
1358 479 2
829 75 3
636 1325 5
1001 1447 2
452 167 8
21 296 8
1344 1112 57
1397 1575 4
1488 125 2
744 1000 1
661 681 27
416 938 2
533 648 2
52 646 5
548 104 2
1258 726 8
565 75 8
1000 1445 2
295 1480 2
1098 2 2
295 753 23
406 634 7
542 1232 2
625 882 2
779 47 8
294 1577 8
727 658 0
877 1314 2
761 83 8
181 1164 7
270 223 26
355 1070 5
43 1384 7
759 914 2
504 1424 2
289 798 2
62 327 2
620 98 2
601 1312 7
618 1342 7
224 658 0
600 685 6
374 1314 2
145 228 1
759 199 33
1322 1396 8
1282 155 1
284 671 2
721 104 27
1162 433 7
1460 1282 30
1047 1375 27
829 798 2
20 59 5
382 1334 7
518 32 8
441 1132 0
601 848 7
1351 1237 36
199 152 30
43 384 3
1460 1231 41
1396 937 7
830 1474 2
340 1140 7
271 563 2
1258 1495 2
505 28 8
145 889 2
1545 21 8
1025 952 33
337 1076 27
162 1310 8
1304 1662 5
464 433 7
1493 1141 2
450 1315 6
363 63 7
68 1507 1
311 1287 1
1163 63 8
1399 3 8
213 136 6
396 678 30
1399 341 3
1474 730 2
1474 334 2
1317 341 5
350 46 8
882 739 27
1451 1239 2
350 384 3
1239 620 2
1021 581 3
642 1567 1
195 937 7
1474 266 2
85 199 2
1271 445 0
357 1268 5
1025 507 8
322 1129 7
85 491 2
68 65 2
279 1252 27
66 1391 2
1336 732 7
534 933 2
734 1446 2
926 658 0
1084 254 12
861 1084 2
55 119 7
1303 556 7
88 75 3
1326 65 8
327 309 14
177 32 8
136 1184 52
759 330 8
386 49 2
434 883 14
1299 1250 2
284 1299 2
1394 1053 27
626 433 7
168 365 2
634 90 8
1099 21 8
1521 1396 8
115 372 1
273 365 2
1204 21 8
573 913 1
266 579 2
18 433 7
601 607 2
1042 722 2
573 809 1
125 1345 2
1552 39 8
808 1310 7
145 1121 2
1188 1325 5
440 1349 1
1009 1415 37
913 1310 7
309 1392 30
909 779 6
250 1062 8
502 1460 41
1252 960 2
1364 350 2
64 678 30
823 1396 8
29 83 8
688 971 2
1527 167 8
852 396 30
475 365 2
270 944 30
863 1314 5
1567 225 12
698 1156 8
563 335 2
223 675 2
1375 116 7
442 981 2
317 1213 7
1553 1375 27
910 523 2
563 726 8
1371 63 8
1104 89 1
211 1315 7
1317 1075 27
1247 1314 2
576 716 8
362 782 30
933 961 35
1456 480 2
1355 214 2
1000 1098 2
1317 1367 27
324 873 2
648 882 2
22 1518 30
657 89 2
893 29 2
80 461 7
1100 732 7
291 656 1
1445 1446 2
1100 1070 2
420 909 2
974 1000 2
265 850 52
322 533 3
403 833 7
1119 462 8
889 677 2
534 1561 2
322 487 8
1439 377 8
1533 1271 1
287 1345 2
1309 272 2
205 21 8
627 1396 8
261 1351 2
88 662 2
160 531 2
671 1094 30
294 766 8
616 759 2
42 450 7
718 1409 2
850 125 2
377 713 2
58 232 2
552 718 10
1078 1236 8
503 1075 2
155 1250 2
860 1156 8
158 150 2
601 501 7
350 284 16
1119 396 30
311 1194 30
1007 960 35
261 1575 2
479 1213 7
365 189 27
693 1141 2
155 523 23
373 1315 7
307 1392 30
192 311 30
718 853 12
357 1156 8
950 29 2
1101 660 5
259 798 2
21 1338 2
522 3 8
522 341 3
1359 274 12
542 920 1
163 793 8
337 625 27
1252 1583 8
819 1097 7
1421 1317 5
139 1474 30
769 850 6
1082 350 30
770 63 7
804 857 2
795 88 3
1474 279 2
1144 908 8
780 1000 1
1104 1009 1
1104 1446 2
654 971 2
170 117 30
499 683 0
112 882 2
330 957 8
514 1375 27
548 677 2
189 1129 7
673 102 8
1561 1062 7
793 1322 13
664 300 2
976 599 2
57 269 6
1239 101 2
996 433 7
867 955 2
420 1491 7
531 840 2
483 1266 1
790 104 8
916 948 15
295 942 33
503 1479 2
462 817 5
855 1141 2
49 910 2
390 1345 2
504 1309 2
507 1342 59
502 1131 2
977 1567 2
462 1505 5
227 719 15
1209 21 7
65 308 7
581 287 30
434 833 8
466 1122 6
850 357 2
1198 479 2
335 1141 5
1380 1424 2
294 83 8
721 677 27
1084 114 8
1424 183 7
853 397 75
285 119 8
577 543 2
713 1253 2
167 1583 8
1055 387 7
756 65 8
43 182 7
607 1355 2
932 63 7
1229 865 6
263 732 7
157 484 2
599 562 23
145 774 2
1127 75 5
502 1456 30
577 475 2
1467 1351 1
30 66 2
47 533 3
1302 22 8
800 433 7
992 1289 36
1144 438 6
242 519 79
1439 270 5
483 147 8
565 661 2
595 488 38
85 350 41
819 163 8
1466 508 1
462 770 2
1547 412 5
487 119 8
601 42 7
29 424 8
581 1450 2
126 97 8
195 412 5
847 1105 0
1239 505 2
1140 458 33
692 533 3
1355 823 33
1474 907 2
847 1397 0
1445 293 0
878 325 2
692 487 8
42 362 30
819 387 8
457 377 8
809 1456 30
889 2 2
1253 366 33
1481 270 3
696 63 8
1252 728 8
409 1042 2
1443 129 2
1518 1567 1
432 663 8
199 1127 8
534 818 2
1253 139 3
1093 850 6
363 961 35
869 450 2
1230 1156 8
307 324 2
761 1243 7
66 1568 2
1146 1578 5
619 1469 2
55 1030 2
1239 1518 30
267 804 27
1475 929 57
88 269 7
14 747 1
934 179 15
655 891 8
324 851 30
724 973 7
601 514 7
213 32 8
673 855 5
782 1392 30
176 531 7
270 796 2
1278 1262 1
285 648 2
377 274 12
273 938 2
739 663 8
239 1375 27
32 183 2
311 1139 30
1507 1091 2
118 686 7
1054 1396 8
369 420 2
1494 695 7
1042 189 27
686 1097 7
377 486 2
595 957 8
167 436 8
158 22 8
316 1227 6
238 673 2
349 671 33
89 1112 2
80 373 6
1314 193 5
1056 533 3
403 412 5
1120 1141 2
1299 320 19
146 973 9
882 233 27
1447 401 2
1261 167 8
966 1611 2
1100 1351 2
1031 377 8
55 1388 7
1192 1315 7
673 47 8
796 663 8
634 297 6
889 958 2
1506 445 0
1210 1571 7
869 1474 2
869 1078 2
1084 1443 2
302 1140 7
285 1052 2
1178 0 0
1009 355 8
519 377 1
528 732 7
1084 1112 23
1144 53 35
293 622 7
1570 75 3
1216 1396 8
1084 1124 33
616 1436 2
479 1125 6
365 101 26
512 982 7
1424 739 27
434 90 8
747 1046 12
601 1538 7
599 568 7
784 1558 77
621 1314 7
1547 1384 8
620 616 2
636 1207 8
927 1265 1
1061 992 2
1394 255 27
462 298 5
1084 163 8
517 32 8
600 1203 6
1130 761 15
1173 732 7
4 61 15
958 881 3
399 28 8
32 1161 7
443 1490 5
1055 728 7
1291 272 7
936 1156 7
978 1474 30
808 850 2
927 1093 1
830 1200 2
28 1004 8
569 804 2
798 1004 27
489 1156 8
1052 1252 2
457 1310 2
485 1062 8
914 1076 2
22 390 8
337 1198 27
581 707 2
819 108 8
28 936 8
1025 118 2
891 958 48
1031 1078 2
106 167 2
881 663 62
126 438 8
126 42 8
346 1384 8
205 1025 7
536 1567 1
458 675 2
325 877 7
383 450 30
569 1419 8
1253 1125 8
819 40 8
442 475 2
1259 167 8
107 838 8
192 1359 2
1349 216 2
1009 614 7
1317 569 27
761 568 7
98 833 7
1442 1397 2
1215 880 7
217 1396 8
532 1446 2
346 1212 8
82 971 2
1292 761 15
322 1396 8
466 1430 5
1004 663 8
761 937 8
1176 491 1
981 1446 7
941 43 6
499 1562 2
1310 568 7
49 1087 2
494 858 12
1298 462 7
285 369 2
1359 1225 0
170 1187 7
720 1342 7
832 732 7
172 235 2
825 1342 7
902 1314 5
72 1396 8
647 1062 8
616 854 27
89 389 36
270 449 2
836 1042 2
961 291 7
399 661 2
752 1062 8
655 1128 8
1446 39 8
528 22 8
75 139 3
285 296 8
1271 950 33
479 857 2
365 497 2
267 285 27
263 1351 2
1418 129 8
508 1384 8
144 1062 8
1527 65 8
317 341 5
1277 1304 7
770 958 5
1275 334 7
1526 167 8
21 540 2
360 63 7
1382 1304 7
998 1178 5
365 424 8
1253 1046 12
170 1094 30
534 81 10
1179 1345 71
450 945 2
1252 1082 2
1413 1245 5
914 393 2
718 453 34
1275 266 7
1258 277 8
582 52 8
218 581 2
1166 663 8
619 1070 5
806 1029 2
168 293 0
325 1505 7
1474 1480 2
420 824 6
442 707 2
744 1567 1
563 848 8
1565 350 2
852 450 30
971 751 1
109 1125 8
1003 1070 2
1140 367 2
553 595 2
1344 986 12
667 63 7
36 362 31
350 1194 30
165 812 1
1221 1396 7
658 140 8
655 1199 7
1346 768 2
99 21 8
1207 1374 7
792 1198 54
439 90 7
1399 627 6
420 1031 2
170 1523 7
747 1443 2
655 1491 7
1402 373 6
420 1381 7
531 334 2
1201 1156 7
285 1393 2
829 513 26
1084 381 33
1075 1424 2
278 1607 2
932 958 5
1262 866 36
730 1345 2
961 528 1
543 75 8
1317 856 2
1082 1007 2
179 149 8
531 266 2
847 163 7
600 856 6
1042 101 26
1127 1344 5
503 905 2
494 491 2
1405 722 2
167 1577 8
616 917 2
227 908 1
577 638 27
1141 97 6
601 1019 7
713 747 2
271 442 2
126 1371 2
581 546 31
25 812 2
838 172 8
208 1325 5
88 658 0
377 453 34
222 124 1
938 545 2
684 1299 2
1262 554 2
34 569 38
1035 433 7
7 838 7
914 625 2
1140 771 2
674 591 2
792 1395 7
1214 1132 0
581 256 2
905 661 2
1467 89 1
261 21 8
1335 1314 7
1358 882 2
548 971 2
1319 1132 0
64 117 30
1355 1428 2
673 693 2
1474 505 2
442 128 2
783 167 2
311 1354 1
22 320 19
746 287 5
742 293 0
396 1491 5
972 812 1
362 501 71
576 259 8
329 444 2
880 1239 2
209 1392 7
1192 1118 5
1252 326 8
1317 514 27
98 382 7
1381 958 5
1126 269 7
211 435 8
211 39 8
689 167 8
563 97 8
170 111 6
1045 1270 5
528 1351 2
190 662 2
1210 437 7
462 1335 5
677 68 24
476 513 30
659 75 3
1544 1482 7
858 970 74
1304 1052 7
191 487 8
1404 732 7
1424 769 7
43 80 7
607 1253 2
1404 1070 2
1197 433 7
650 65 8
581 805 30
1282 558 1
1173 1351 2
145 1418 7
1310 90 8
1271 1226 12
1540 172 8
703 1131 2
522 1217 8
1055 1301 7
269 437 8
590 1109 7
1042 497 2
497 662 2
1343 910 5
779 908 6
579 991 37
796 938 6
1383 886 7
28 1577 8
527 293 66
1173 1575 2
102 493 6
1520 958 3
998 1227 5
491 444 2
483 769 8
584 798 38
213 1399 6
471 663 8
668 533 1
1115 779 5
1210 139 5
337 168 27
1252 730 8
450 890 2
1454 1456 2
713 433 3
279 311 50
672 150 2
572 920 2
1351 990 37
1328 75 5
1258 222 8
1518 1132 0
206 420 2
223 450 2
1474 737 2
997 1545 7
442 360 2
907 687 2
317 1384 7
787 1239 7
677 762 2
643 377 6
541 461 1
882 1333 2
1296 1070 5
695 63 8
170 1203 6
450 1114 2
773 798 2
534 1404 2
1000 1561 2
350 1139 30
88 563 7
88 167 7
1183 75 5
1232 92 48
4 309 14
117 450 30
16 847 21
34 416 40
294 568 7
993 167 8
671 471 8
416 882 2
634 957 8
411 616 2
172 516 2
353 658 0
762 75 3
809 199 30
578 1325 5
43 1104 7
936 52 5
747 248 12
626 882 2
1476 64 30
780 513 30
1131 1238 55
973 620 2
606 1357 1
188 129 12
1200 1086 8
547 267 55
294 833 8
729 150 2
442 412 5
253 1342 7
41 327 7
138 558 1
1281 792 6
1460 606 30
499 360 2
1296 1310 59
872 1131 20
273 1456 2
1141 438 6
601 568 7
344 1000 2
125 145 2
1129 670 1
501 172 8
983 1392 30
1008 920 1
150 241 2
468 1446 2
1259 1149 2
337 1127 6
34 514 38
457 1304 2
1239 1381 7
255 479 2
464 199 2
934 450 2
238 503 2
1488 541 2
442 638 27
1557 824 57
558 1106 2
563 1030 2
208 311 2
980 1375 27
1355 366 33
311 1398 7
1442 266 1
515 658 0
1232 1184 48
1232 788 48
787 556 7
804 627 8
459 98 8
982 172 5
763 1078 2
98 35 7
333 28 8
653 2 2
107 728 8
360 961 35
997 881 3
596 1239 30
346 18 8
651 239 38
318 1314 8
410 1360 2
1223 882 2
405 108 1
1443 1567 2
1446 637 12
325 641 2
503 875 6
581 922 30
546 462 8
499 1160 2
293 848 7
1317 391 27
534 653 2
301 779 7
960 1271 1
982 1207 8
54 1396 8
317 502 8
736 663 8
581 458 30
179 326 8
1480 109 0
483 1265 1
938 498 2
150 1333 2
1394 773 27
1179 1207 7
643 958 3
1327 65 8
1271 775 12
1500 1447 2
931 1062 7
1396 1389 7
241 157 7
727 397 2
392 1156 8
719 65 8
1 136 6
551 1304 5
923 1266 2
1447 925 10
145 841 2
325 46 6
359 443 12
582 1258 2
98 777 2
900 914 2
1076 1291 30
1460 678 43
458 167 7
991 439 57
334 1009 2
208 601 7
206 365 2
1137 21 8
442 701 2
199 1371 2
111 1396 8
911 172 8
547 305 2
325 1337 2
199 929 7
216 1396 8
792 239 2
980 1042 2
1344 584 12
321 1396 8
1178 1214 0
667 98 8
1000 818 2
20 63 8
591 720 15
372 937 5
266 293 0
308 1239 2
1280 1557 5
842 1567 1
1383 533 5
1227 789 8
1447 1124 33
1565 172 2
861 1140 2
1570 533 3
731 107 7
1177 1469 47
408 1310 8
35 1029 2
1055 88 5
1161 1070 5
1570 487 8
1084 1377 8
1215 1330 7
805 1314 5
183 34 53
270 1035 2
1404 1351 2
195 1550 8
534 554 23
1129 939 15
181 433 7
384 1349 7
453 104 35
641 270 3
932 493 6
527 22 8
398 503 2
444 1200 15
443 705 5
1177 66 27
941 493 6
133 1494 1
179 39 8
139 577 2
47 1062 8
1325 119 8
938 1418 2
285 423 2
784 997 77
1144 1305 6
977 591 2
912 1424 2
1551 486 4
727 1025 2
1378 1446 2
205 346 77
183 65 8
64 1094 30
1337 961 25
159 150 2
1037 1042 2
362 805 2
24 512 2
729 22 8
1028 1078 2
661 1081 6
1502 874 2
546 792 6
923 583 2
442 1059 7
1262 444 2
167 607 8
253 1156 8
138 430 7
912 1252 2
671 893 2
125 22 2
1029 1358 2
1359 670 2
570 172 8
193 1262 57
470 1239 2
1158 719 8
1025 1264 2
28 83 8
558 363 2
913 325 2
1554 1132 0
386 99 0
1210 1081 6
655 1097 7
1391 52 8
867 1291 16
221 350 2
1359 602 2
1084 419 67
898 1156 8
437 1355 2
869 938 6
655 1389 7
1210 1414 7
1227 1403 6
1447 572 2
1092 1456 2
581 78 2
576 149 8
820 1070 5
157 1335 5
1314 1404 2
370 269 20
228 63 8
635 1446 1
673 114 8
1355 523 23
471 938 6
285 1223 2
330 213 8
406 531 7
1227 502 8
285 1515 2
616 1211 2
1456 861 30
894 75 3
1547 471 8
300 26 2
601 1313 7
1372 420 5
309 1227 8
847 785 7
557 22 50
65 424 7
191 377 8
377 1061 2
1394 30 27
1081 601 7
607 747 2
199 484 9
1042 223 26
1030 513 26
102 1325 5
208 513 30
1525 350 2
1394 322 27
1551 1114 4
595 1587 38
273 129 8
32 936 7
543 199 30
1133 958 5
929 433 7
601 1537 7
573 619 2
155 883 33
599 282 23
126 1493 2
1355 1046 12
24 1140 2
1030 677 2
1056 1062 8
337 97 6
829 330 8
1055 435 7
1144 158 6
1161 1062 8
75 384 5
491 37 8
1468 1396 7
377 611 34
1164 808 8
170 241 30
1029 383 2
1252 625 2
1252 229 2
812 983 14
1567 670 2
893 1131 7
126 213 8
1377 63 7
633 938 6
143 581 3
270 609 30
555 442 7
1140 562 23
1354 910 2
454 59 8
1253 1296 8
1236 433 7
792 1495 2
689 65 8
588 533 3
994 595 12
1145 32 8
774 325 2
247 52 8
588 487 8
330 1305 8
645 1314 1
1239 908 8
1449 651 53
1225 107 48
200 1200 2
547 542 2
886 502 8
362 51 30
70 599 1
300 722 2
85 533 3
434 957 8
618 1375 27
1447 381 33
624 1140 1
420 277 8
1317 672 27
328 663 8
620 1483 2
878 269 2
84 63 2
1210 267 7
1394 1122 27
531 1480 2
611 973 58
906 75 8
287 718 2
37 377 6
1011 21 8
285 540 2
980 1310 8
32 903 6
295 334 2
270 980 2
874 958 3
1544 42 8
833 1129 7
136 1081 52
403 471 8
452 749 5
747 855 3
391 662 2
623 1156 8
950 1131 7
270 912 2
270 516 2
199 781 30
365 272 2
26 150 2
721 1317 27
656 1124 14
269 168 2
1510 661 2
1148 1309 2
1519 958 3
1058 1156 8
14 295 1
205 687 77
2 981 1
269 163 8
718 610 2
718 214 2
362 458 2
1000 81 10
1163 1156 8
1144 1228 1
346 1418 7
483 891 8
503 428 19
677 1056 2
479 856 2
565 1405 2
591 246 2
840 576 14
1327 75 5
1252 857 2
491 957 8
373 265 8
914 168 2
1566 386 57
1193 64 50
802 732 7
324 942 2
154 98 8
1031 269 8
563 1024 2
1037 1310 8
563 628 2
661 1395 7
595 213 8
167 950 30
572 1392 7
442 878 2
1227 1097 7
999 377 7
325 1176 7
238 325 2
43 903 52
656 1606 2
1227 1389 7
1121 1141 2
401 958 5
530 1140 2
565 21 8
736 812 1
80 462 7
796 487 8
312 1456 2
670 21 8
650 992 2
541 556 2
211 1581 8
945 686 67
1253 149 8
534 1562 2
170 1298 7
417 350 27
1429 147 7
869 798 2
1439 675 2
0 1567 4
1132 341 3
913 199 30
1087 909 2
301 377 7
623 150 2
399 1424 2
847 42 7
147 1342 7
499 666 12
375 1567 1
373 1092 7
745 576 2
1384 75 5
1200 916 8
961 694 7
1314 554 23
271 285 2
806 1469 47
850 80 7
503 1076 2
1078 1138 2
150 535 2
377 610 2
401 327 2
727 1489 59
554 658 0
722 882 2
479 1214 7
1295 32 7
1460 1124 30
290 104 8
713 1314 2
719 59 8
1561 533 5
961 1205 64
601 1482 7
155 36 33
34 344 38
360 804 2
454 1342 7
595 1305 8
337 626 27
523 761 15
577 140 2
559 1342 7
29 1004 8
350 357 2
591 1562 2
1479 595 53
1495 350 2
183 75 5
787 94 7
900 804 2
22 88 3
876 172 5
1208 293 0
396 624 30
792 1148 2
45 396 30
314 1258 2
761 1 1
432 1270 7
718 286 15
641 1375 27
686 3 8
1315 577 52
1215 308 7
450 261 2
1567 151 2
1317 289 27
368 1456 30
185 1078 27
576 326 8
1225 52 48
295 1274 12
526 125 2
856 1070 5
317 796 8
1239 97 8
992 282 2
999 63 8
1271 683 0
133 293 66
1215 240 7
790 793 8
211 502 8
600 1327 6
1317 221 27
1176 211 1
829 373 6
81 397 2
1077 798 2
441 270 3
1144 401 35
256 513 26
837 43 6
166 1309 2
458 1070 5
557 199 50
544 513 30
181 1156 8
1317 47 8
1302 533 3
1394 603 27
270 565 2
1207 1127 8
1185 1227 8
1237 179 15
768 172 8
273 311 2
1144 903 6
503 393 2
270 857 2
577 836 2
290 732 8
1405 210 2
1055 680 7
255 1396 8
699 1262 2
739 1062 3
1042 272 2
1291 1354 2
601 111 7
1330 761 15
126 463 2
265 172 8
880 1616 41
1162 65 8
933 920 2
22 347 2
923 181 2
228 1405 2
1291 692 44
155 495 8
464 1345 2
216 1299 2
450 1061 2
325 233 27
905 1460 2
819 852 8
1442 1480 1
155 787 8
20 65 8
850 1081 52
126 390 8
27 1456 30
89 994 37
1266 63 8
1258 685 8
311 550 1
1447 1126 33
325 1225 7
790 1156 7
65 991 5
434 1161 7
311 883 2
901 63 7
1215 1332 7
1252 1125 8
499 1111 67
1317 917 27
1315 534 5
52 766 57
534 1191 12
362 624 30
1446 1124 33
961 24 1
1210 548 7
804 102 8
416 365 2
300 189 27
450 1282 30
170 1243 7
1087 562 2
4 813 15
168 1007 2
1333 75 3
1099 663 8
241 1084 1
69 1310 8
1226 466 75
1204 663 8
86 75 3
269 913 2
270 1553 2
327 883 14
1427 1314 7
719 1342 7
292 300 2
1282 1357 1
269 908 8
604 599 2
1042 1364 2
252 850 6
77 65 8
1090 59 7
75 149 8
145 119 1
167 568 7
609 1310 8
503 625 2
150 480 2
483 1199 7
1006 1314 5
396 1550 8
714 1607 2
32 476 2
604 531 2
856 1062 8
1567 1606 1
179 139 3
235 1131 2
1299 49 2
699 579 2
81 761 15
925 329 2
762 513 26
126 1482 8
4 83 6
242 318 2
167 833 8
150 704 2
786 1070 7
913 136 6
368 779 8
568 1210 6
1052 958 3
931 433 7
450 1585 2
244 1314 8
140 433 3
470 1460 8
1291 301 14
489 65 8
1017 167 2
752 779 5
1258 917 8
945 1132 0
673 116 8
1496 1252 40
1463 881 3
104 762 2
459 269 8
1009 424 8
1447 1090 2
315 1483 2
286 910 1
1223 365 2
1128 1396 8
295 596 33
325 27 69
824 1268 5
325 119 8
238 1291 30
909 671 14
330 1127 8
1317 166 27
195 743 3
625 1396 8
115 483 15
1092 199 2
158 792 2
189 75 3
102 513 30
665 1314 5
616 1333 2
380 461 1
259 373 6
843 1309 2
1397 1062 7
145 1184 2
743 21 8
138 1357 1
155 1428 2
126 681 27
663 933 5
923 1505 2
270 114 2
1298 59 7
32 1500 2
499 1550 8
1570 1070 5
170 535 30
747 47 8
562 179 15
1507 13 2
28 568 7
157 1217 8
64 241 30
601 97 8
226 513 26
483 139 3
1210 1566 5
22 787 8
24 1262 2
228 662 2
242 861 79
804 1161 7
923 1333 2
661 228 6
602 1070 2
192 658 0
1252 455 2
1155 958 3
476 1000 2
1144 1550 8
552 1359 2
155 44 8
564 574 2
905 1405 2
657 1359 2
893 1299 2
1364 533 2
592 65 8
1229 1327 6
527 433 5
673 1041 2
13 958 3
1124 1607 2
99 1070 2
907 407 2
194 430 2
87 1360 2
787 1396 8
643 493 6
442 471 8
704 1456 30
98 834 7
1332 992 1
109 102 8
316 373 6
512 991 37
886 728 8
190 1078 2
596 761 15
98 730 7
270 704 31
1106 1575 2
997 1197 7
671 259 8
842 1446 1
344 581 3
650 590 2
974 599 2
905 21 8
595 851 5
403 770 2
801 342 9
981 1447 7
922 483 15
661 1550 8
789 533 3
1446 113 2
1337 172 8
889 172 2
285 370 2
502 1309 2
1314 1439 33
894 533 3
35 804 2
854 971 2
402 21 8
656 1126 14
868 102 2
145 1609 47
249 658 0
261 858 12
676 513 30
636 129 8
643 1419 8
497 1078 2
53 199 2
663 1561 5
270 1138 2
285 297 8
634 213 8
1507 554 57
1557 999 19
929 850 6
167 455 2
1551 657 4
1551 261 4
155 745 2
1460 722 30
601 392 7
241 1253 1
1239 1292 30
1502 717 2
1527 462 8
601 730 2
261 732 7
1460 379 41
261 1070 2
1141 158 6
1014 1325 5
32 421 2
170 1455 30
1372 269 7
718 452 12
292 172 8
847 197 8
513 861 30
569 1375 27
1355 99 0
454 590 2
126 1036 2
20 269 7
40 32 8
199 338 5
1251 1253 2
150 357 2
595 507 8
365 722 2
527 1129 5
689 1342 7
442 1568 2
21 833 2
674 1567 2
337 516 27
1031 104 2
902 242 7
590 119 8
1338 433 7
1340 1345 2
623 285 20
1443 293 0
1210 856 6
311 727 1
1549 920 1
291 1342 7
1456 707 2
795 37 8
1317 1198 27
1253 47 8
790 167 8
1463 92 8
1351 1111 7
634 603 6
981 1375 27
330 848 8
763 798 2
799 63 8
994 34 12
302 1446 7
74 673 2
99 22 8
515 747 1
1227 277 8
1176 1325 5
938 1126 16
588 1070 5
292 581 2
871 21 8
365 88 27
901 961 35
45 365 2
317 222 8
434 31 14
1400 65 7
607 1314 2
98 418 30
377 452 12
360 1156 7
503 1198 2
85 1070 5
737 663 8
721 172 27
148 479 2
124 226 1
0 293 0
722 1062 7
958 344 7
1379 1021 2
1522 1062 8
487 1389 8
1541 63 8
1117 533 5
1278 732 48
21 1169 2
590 1112 2
157 766 8
577 366 2
155 950 33
894 513 26
813 1070 7
602 327 2
923 1278 2
1473 1392 1
829 793 8
1519 433 3
450 263 2
792 1338 2
1344 273 57
1488 889 2
819 54 8
98 159 7
667 1156 7
1359 742 23
170 704 30
1054 533 3
796 914 2
270 780 30
1314 1105 0
1431 1498 57
107 789 2
1154 167 8
622 1567 1
350 114 8
761 519 1
479 326 8
795 957 8
547 421 2
1317 911 27
399 1291 16
1000 246 2
362 1190 71
997 454 7
109 47 8
112 1396 8
1129 341 3
886 277 8
210 52 8
762 1078 2
921 1029 30
658 1457 8
110 479 19
300 497 2
920 1124 14
620 1258 2
377 1153 6
850 1340 2
179 1097 7
1562 992 2
1317 739 27
913 1345 30
647 325 2
399 675 2
510 1243 7
1186 1310 7
372 193 5
599 1480 2
616 1510 2
958 1436 7
650 462 8
747 297 2
55 916 8
136 856 52
1475 1112 57
1183 442 7
1085 1331 13
1383 955 7
1394 1121 27
35 285 2
686 131 67
663 1110 5
355 136 6
1460 375 30
938 1138 2
35 577 2
1187 59 8
703 1424 2
155 393 8
479 320 6
590 1448 2
361 403 2
601 279 2
920 1606 2
126 689 2
1483 1562 2
386 481 9
463 1345 2
1075 671 30
852 462 8
126 981 2
546 558 1
1191 801 10
836 1207 8
139 958 3
434 1122 6
1028 798 2
256 330 8
362 916 8
941 1207 8
588 1062 8
1133 798 2
1158 147 8
963 658 0
1158 881 3
1351 991 37
1068 658 0
681 1253 2
997 1546 7
1003 1084 2
334 1357 2
677 763 2
125 75 3
454 462 8
126 908 8
1036 661 2
1457 1000 2
796 330 8
325 1393 2
899 868 7
269 606 25
672 1131 2
430 902 1
655 1213 7
104 360 2
1354 2 2
442 607 7
1342 292 2
116 65 8
1084 1110 2
1207 1388 7
349 98 33
1463 37 8
1355 31 33
768 433 7
107 101 8
1000 1562 2
550 1087 2
963 1314 7
419 697 2
1396 1335 5
270 70 31
1100 858 12
981 651 53
65 1523 7
619 513 26
1087 392 2
265 293 0
1439 450 2
590 389 36
1399 865 6
1291 463 31
66 88 2
1103 330 8
737 285 2
1084 998 29
154 350 2
274 920 74
913 1304 5
847 838 8
335 581 5
1015 293 0
582 595 53
1376 491 1
772 1635 77
1078 908 8
1284 1314 2
1394 438 27
1551 1230 4
718 366 33
762 1070 5
195 1335 5
377 742 23
266 63 8
825 433 7
148 59 8
1253 401 2
563 1495 2
543 573 15
337 693 27
359 487 8
479 47 8
1045 403 38
1031 677 2
1258 1148 2
170 357 30
293 215 5
347 1227 8
125 662 2
1148 1062 3
563 1381 7
1474 451 2
423 677 2
449 1062 8
1140 282 23
59 646 5
468 63 8
1232 1185 48
22 213 8
555 104 2
242 287 79
942 64 30
1001 89 2
1446 1090 2
208 1000 2
1314 1482 7
569 1310 8
1474 347 2
848 487 5
107 1125 8
503 1236 6
37 269 6
370 325 20
1371 324 29
576 101 8
920 381 14
1450 958 2
1025 228 8
97 21 8
936 761 15
362 379 71
1555 958 2
993 697 2
409 1375 27
1210 91 7
211 277 8
686 1214 5
1210 820 8
1144 572 35
37 493 6
32 623 6
616 1163 2
1187 1342 7
45 938 2
1367 513 26
813 1424 1
927 1388 1
1394 774 27
377 1409 2
632 1236 8
1094 1392 30
434 1292 14
834 1129 7
494 1357 2
503 168 2
337 1493 27
1247 109 0
485 1258 2
923 1627 2
727 2 2
938 1479 2
34 1503 38
390 75 3
293 619 5
719 462 8
1007 53 35
1188 1239 50
727 352 7
630 63 8
263 858 12
355 1544 2
495 75 3
489 1342 7
205 407 77
701 300 2
381 65 8
918 1239 2
386 822 9
434 338 5
325 735 6
804 619 27
337 114 27
923 248 2
531 1457 30
330 1388 7
1160 1062 8
1158 92 8
329 690 2
502 179 15
598 1456 30
581 1122 2
349 466 2
1000 1283 2
848 1475 5
98 1420 7
1554 109 0
997 1491 7
1137 22 8
883 1131 7
434 603 6
288 658 0
483 881 3
546 430 7
992 753 2
1227 1213 7
721 1507 5
1295 533 5
68 1375 27
92 199 2
663 378 7
65 1536 7
311 1008 7
576 1125 8
1340 433 7
300 778 2
1392 739 67
1274 755 5
334 22 8
1053 1325 5
658 369 3
117 396 30
39 1083 1
420 922 2
552 75 3
303 1207 8
869 914 2
732 837 12
1087 728 8
233 1156 5
992 1322 13
739 1200 2
1217 958 59
991 1511 9
844 1200 2
747 474 2
324 919 30
1421 462 8
847 54 7
651 551 40
908 1325 5
729 533 3
148 1342 7
928 1129 7
1526 462 8
647 1291 30
491 690 2
285 815 8
1119 513 30
499 743 3
311 915 30
727 671 33
59 1154 59
772 1580 77
910 392 36
834 487 8
479 934 7
450 1153 6
739 1419 8
1333 513 26
1055 168 7
1352 533 5
364 663 8
927 241 1
838 63 8
1518 958 3
563 1148 2
1360 1415 2
145 159 2
65 1566 5
458 1156 7
720 59 8
1468 373 7
923 876 2
109 196 1
1035 662 2
1310 393 5
565 150 2
491 1305 8
914 516 2
1468 269 7
433 1388 7
886 1213 7
1326 75 5
1213 792 6
627 1070 5
1136 167 8
546 1355 1
250 32 8
502 34 41
430 1516 2
712 1325 5
1164 743 3
832 293 66
686 119 8
1135 269 8
377 382 5
295 702 12
172 762 2
1539 433 7
1281 1210 6
347 1396 8
98 273 7
651 185 38
1262 724 35
66 729 2
635 1447 1
185 798 27
1401 1062 6
581 1578 5
398 1200 2
211 326 8
661 743 3
765 21 8
53 971 58
1429 891 7
306 1581 8
777 28 8
285 1120 2
65 785 7
895 63 8
199 116 8
393 677 2
992 685 8
847 390 7
671 1047 30
502 1144 2
380 673 2
271 1029 2
862 179 8
1303 910 7
1085 929 13
818 1392 7
1112 573 15
485 136 6
595 1388 7
1521 1062 8
1540 63 8
1163 34 53
263 499 2
1144 623 6
1081 1227 8
1456 881 5
573 183 1
32 833 7
24 98 33
98 1578 5
894 1070 5
779 111 6
1461 479 20
531 782 30
31 531 2
1055 796 7
1258 1393 2
581 843 2
662 1102 5
359 377 2
145 1183 2
833 663 8
599 191 33
1173 1070 2
999 612 77
189 513 26
577 488 2
325 284 6
1058 65 8
543 477 41
540 1424 2
823 1062 8
1163 65 8
595 501 38
1240 533 1
285 54 20
676 531 2
702 479 7
438 675 2
373 326 8
424 1557 1
1447 1561 2
101 311 2
1158 37 8
891 63 1
463 433 7
584 462 8
334 1351 2
343 1310 8
1220 1399 6
978 1375 27
681 747 2
737 1460 41
555 677 2
449 32 8
1098 992 2
1535 285 20
457 98 8
1239 1305 8
534 1003 2
997 680 7
1215 1052 7
450 609 2
545 365 2
1317 1033 27
89 91 7
541 325 2
281 616 27
910 116 8
1085 1333 13
466 1102 5
81 98 33
792 112 8
1359 1397 0
285 541 2
1087 282 2
512 990 37
270 981 2
980 1207 8
1304 1571 7
1303 850 7
450 642 30
925 658 0
1209 662 7
601 631 7
1416 1200 2
503 53 2
270 913 2
176 590 2
847 40 8
938 1364 2
357 499 2
678 1567 1
150 200 2
577 1184 2
58 586 2
505 1310 8
54 533 3
22 1550 8
948 355 7
601 459 7
1351 1244 36
595 1593 38
26 1131 2
591 1003 2
1163 662 2
154 167 8
927 186 1
28 97 8
359 1396 8
1372 732 7
1399 1389 8
1259 644 2
823 1299 2
259 167 8
707 365 2
1135 1557 1
910 1102 37
457 403 2
494 1070 5
350 1333 2
13 1342 7
1310 338 5
792 147 7
89 891 7
557 433 7
449 269 2
491 622 35
80 531 7
211 1213 7
26 1456 30
84 1156 2
978 1042 2
592 98 50
501 1373 0
809 98 30
433 1161 7
264 293 0
82 59 8
864 433 7
420 1495 2
285 773 2
437 21 8
747 888 23
313 129 8
992 384 3
1563 167 8
294 1420 8
1380 600 41
66 210 2
686 1500 5
318 306 80
1078 1161 7
479 846 6
813 293 0
850 127 2
601 1259 7
579 881 5
317 393 8
616 1053 2
1303 563 7
1303 167 7
85 75 3
439 889 30
850 23 2
348 434 1
632 438 8
4 603 6
747 1112 23
843 1029 2
1299 861 2
1271 666 12
52 249 8
1055 449 7
451 531 30
181 65 8
599 1247 2
1110 1314 5
479 739 27
813 850 1
1003 1132 0
363 812 2
1239 1509 1
1258 1437 8
64 357 30
546 1325 5
687 1212 8
1485 1314 2
1084 1554 0
1344 444 57
1026 479 2
29 90 8
244 59 8
849 450 30
305 327 1
1289 1200 15
658 863 7
911 63 8
1252 102 8
248 801 10
98 158 7
1131 56 33
997 229 7
81 466 2
671 83 8
1178 1105 0
1203 850 6
1446 893 33
195 1217 8
190 798 2
1317 978 27
997 917 7
1304 896 7
850 823 2
1319 591 2
1191 1511 74
311 480 2
1210 213 7
494 1359 2
653 98 33
514 1000 2
499 1283 2
906 21 8
503 667 27
399 450 2
1502 720 15
637 920 74
32 412 5
170 908 7
502 1029 2
926 938 1
958 919 7
424 533 3
385 1314 8
643 1207 8
788 779 5
1144 1090 35
1437 34 69
419 167 8
25 1342 7
1404 858 12
298 21 8
1174 1317 2
850 1047 2
933 697 2
1400 1156 7
1028 513 26
686 836 1
148 882 2
270 899 3
4 1127 6
674 293 0
1359 1170 0
522 1389 8
127 362 2
285 314 2
1055 681 7
227 1 1
479 95 6
577 1525 2
601 112 7
246 1392 7
1041 1131 2
24 671 33
170 883 30
994 1498 57
43 855 3
1393 59 7
1568 513 26
483 149 8
1028 677 2
213 779 6
1054 1062 8
184 1227 57
907 531 2
322 1070 5
1319 293 0
1372 677 7
240 1070 7
1377 601 7
689 1062 7
350 1377 8
365 833 8
914 114 2
1024 533 2
450 183 6
256 793 8
499 1335 5
450 1354 2
570 63 8
1253 1112 23
324 1284 2
905 150 2
1253 1124 33
1206 179 15
676 1000 2
681 1419 8
452 59 8
1557 264 57
673 1384 8
1443 491 2
311 447 1
82 1342 7
1456 31 2
952 573 15
1253 163 8
170 875 6
182 1360 2
894 616 2
1210 1305 7
107 272 8
362 1021 30
1052 1325 5
528 512 2
350 915 30
1011 663 8
347 697 14
318 462 8
88 677 2
327 952 14
1207 1491 7
973 464 2
1411 792 1
420 1148 2
961 713 1
325 226 3
873 779 8
799 75 8
317 114 8
81 671 33
1326 1396 8
796 761 15
1062 393 5
155 99 0
66 259 2
938 950 16
620 350 2
71 579 2
226 850 30
880 556 2
731 1314 7
55 928 2
1164 1335 5
584 8 5
1078 584 53
601 1204 7
601 808 7
1481 293 0
483 809 1
796 1084 21
852 938 2
317 1154 5
503 626 2
1299 514 2
1062 1491 7
1551 713 4
661 1335 5
1333 1070 5
150 1169 2
704 526 7
167 803 2
150 773 2
385 167 8
601 1136 7
365 1138 2
591 1284 2
1252 1161 7
1129 446 1
1141 506 6
86 1070 5
367 63 7
1510 1131 2
106 1567 1
372 424 8
235 1424 2
558 274 12
21 889 2
139 1419 8
1302 75 3
1270 206 2
157 90 8
148 34 69
1030 172 2
322 136 6
543 22 30
686 80 7
294 338 5
670 1245 37
914 930 53
586 792 2
556 1496 12
144 32 8
287 1344 5
778 1375 27
350 298 8
424 718 0
347 1299 2
479 114 8
1030 104 2
1039 63 8
1447 775 12
386 1014 0
527 581 1
1262 622 35
205 295 7
104 763 2
80 1396 7
323 1572 7
1442 334 1
70 558 1
1232 856 48
1132 1437 8
430 35 2
479 384 3
634 1388 7
528 1140 2
307 1314 2
592 671 50
1252 47 8
192 1025 2
1155 1325 5
1317 235 27
270 36 30
809 671 30
997 570 7
576 272 8
653 466 2
997 174 7
1215 942 7
217 1062 8
195 766 8
443 278 74
961 945 1
374 1132 0
70 531 2
322 1062 8
199 347 2
1231 269 8
434 848 8
530 1291 33
13 1325 5
939 958 5
189 595 33
459 1310 5
841 804 2
1210 158 7
802 658 0
992 119 8
318 1275 80
530 330 8
300 545 2
847 908 7
136 284 52
655 502 8
421 396 30
913 104 5
43 489 7
834 595 33
1294 718 2
145 1081 2
418 1392 30
1394 841 27
1144 412 5
999 510 77
552 658 0
411 32 8
23 295 2
155 118 2
1067 732 7
657 658 0
34 368 2
915 1373 21
1160 910 2
363 697 2
1252 1417 27
189 1070 5
311 750 30
170 1224 30
1054 616 2
126 409 2
475 325 2
452 1342 7
560 958 1
1446 1187 0
359 499 2
306 1072 5
1463 1199 7
1474 922 2
21 206 2
442 545 2
1480 1567 2
442 108 1
581 255 27
365 90 8
350 535 2
450 611 2
1463 1491 7
122 661 2
421 434 1
167 484 9
301 510 77
430 690 1
739 1314 5
1146 116 7
1253 381 33
1214 211 1
329 419 7
1148 1419 8
555 1299 2
563 222 8
677 879 2
551 75 7
964 658 0
211 852 8
1474 750 2
442 769 2
1259 65 8
1232 277 48
692 330 8
795 1305 8
804 116 8
1254 533 3
98 1127 7
559 433 7
462 936 8
639 675 2
1215 1570 7
521 958 59
295 537 12
81 324 33
65 1243 7
1297 377 1
1210 786 7
922 450 30
113 1475 5
1446 406 2
503 639 2
1200 119 8
1544 957 8
54 52 7
756 1396 8
913 732 5
1111 1132 66
1265 1227 6
632 36 8
913 22 30
1131 720 15
1144 1081 6
53 533 3
1179 300 7
731 795 7
996 1070 5
159 1078 2
58 416 2
49 2 2
259 362 2
1376 211 1
491 419 7
475 661 2
253 1396 8
154 2 2
601 685 7
36 1007 44
490 112 8
373 852 8
266 179 8
699 129 2
575 1029 2
449 563 2
143 1062 8
162 63 8
128 300 2
34 235 38
21 834 2
27 34 2
1299 287 2
457 1025 2
371 21 8
442 1523 7
1359 446 2
907 1396 2
1488 262 2
1158 891 8
1052 462 8
220 34 53
167 781 30
662 1393 2
218 433 7
1557 837 57
34 541 40
1225 1614 48
1156 114 8
468 179 8
686 1014 66
294 1381 7
1210 1482 7
1232 1197 48
809 324 30
82 1584 28
722 533 5
900 330 8
373 1184 52
302 1447 7
1568 1078 2
187 1584 28
66 504 2
98 48 7
997 119 7
59 735 6
1304 57 6
1447 1328 2
269 1555 2
1144 360 35
973 1037 2
859 677 2
211 101 8
961 494 1
317 291 8
658 726 8
769 75 3
1076 651 53
211 393 8
632 1128 8
70 430 7
30 1405 2
1317 112 27
686 934 5
140 1375 27
1307 433 7
655 119 8
1551 1354 4
499 1173 2
372 341 1
269 1482 8
510 908 7
721 533 27
166 804 2
227 111 15
601 1381 7
497 104 2
126 1395 7
1056 136 6
271 804 2
599 1541 2
499 458 33
157 881 3
856 2 2
145 297 1
145 1026 2
586 1141 2
439 1047 30
491 178 2
464 616 2
1339 1000 5
135 21 8
928 199 2
573 646 1
1029 519 2
1375 936 7
265 63 8
992 389 36
1025 425 2
1042 455 2
945 958 3
170 985 71
483 39 8
21 1457 8
746 357 5
147 59 8
350 480 2
749 441 0
792 233 27
311 272 31
170 309 30
1155 462 8
774 961 2
1252 693 2
98 848 7
373 101 8
997 919 7
642 1325 5
931 75 3
547 741 1
1357 297 2
1258 226 3
1000 1003 2
54 1070 5
546 155 1
442 26 2
632 704 1
1232 1137 48
540 1131 2
13 462 8
718 1201 15
367 961 35
590 704 35
643 43 6
420 39 6
1271 594 10
1317 516 27
244 1325 5
1084 1371 33
1304 1081 6
1547 1298 7
300 498 2
203 564 2
195 1298 7
1166 1314 5
1445 491 2
769 662 2
450 485 30
658 147 8
322 32 8
156 63 1
21 1118 5
858 972 74
145 1389 1
1210 731 7
1250 1132 0
530 512 2
544 1392 30
267 300 27
35 1042 2
427 63 8
601 406 7
140 1042 2
26 1078 2
145 1321 1
944 150 2
1414 63 7
261 1084 2
55 813 8
927 133 1
601 698 7
731 52 7
503 516 2
22 1388 7
479 321 6
625 533 3
377 446 2
601 676 2
1055 1199 7
730 533 3
227 519 1
1160 1087 2
601 630 7
601 234 7
1287 329 2
321 1070 5
599 97 8
269 627 8
1042 1479 2
494 75 3
362 917 8
1225 372 1
432 491 1
1137 793 7
406 1325 5
193 295 57
1351 833 7
981 269 20
1242 1131 2
858 1063 5
903 1405 2
324 1114 2
98 1080 7
301 687 77
958 743 5
80 306 7
1036 662 2
392 22 8
1258 808 8
434 1388 7
116 462 8
1443 1009 2
272 1314 5
176 675 41
1261 59 8
901 920 2
1317 1436 27
503 1152 26
417 882 27
1447 201 12
1211 150 2
330 1086 8
650 1456 2
534 983 33
59 284 6
1277 1245 5
686 99 66
403 1298 7
787 533 3
973 586 2
1411 914 1
211 46 8
211 384 3
167 805 2
318 958 3
1232 147 8
795 1315 5
399 1200 2
1232 881 3
1405 1133 2
852 1227 8
761 97 8
287 499 2
54 1062 8
45 311 2
195 588 8
52 92 8
601 1326 7
527 663 8
1527 1396 8
671 1455 30
843 804 2
162 709 2
170 424 8
417 973 9
1310 97 8
1196 75 3
248 1511 74
491 1388 7
27 675 2
167 1420 8
1174 792 2
1046 920 74
1158 1199 7
1141 336 6
914 1036 2
439 596 30
1447 683 0
814 1310 7
380 325 2
1252 619 27
234 433 7
1158 1491 7
145 611 2
20 1239 7
919 1310 7
519 531 30
485 563 2
923 932 2
22 287 2
1355 1443 2
663 360 5
145 903 2
1207 1315 5
143 32 8
1253 1090 2
915 1567 1
340 1446 7
508 80 8
190 513 26
373 46 8
301 4 77
329 751 2
373 384 3
1230 938 33
1503 75 3
558 1016 12
856 1310 5
1421 75 5
673 140 2
527 324 5
1131 1338 2
1454 311 2
1554 211 1
1357 254 12
544 1070 7
836 167 30
1239 296 7
563 112 8
167 393 5
787 850 7
111 1062 8
102 311 2
216 671 2
1062 1315 5
661 1217 8
1140 191 33
1355 952 33
569 1207 8
823 600 71
190 677 2
979 1375 27
997 796 7
992 855 3
576 102 8
915 958 3
528 1262 2
1106 732 7
859 958 2
66 1077 2
1547 1243 7
563 44 8
613 1399 6
1144 1329 35
1144 933 35
82 462 8
432 104 8
1437 324 7
145 646 1
655 796 8
850 890 2
1199 1314 7
978 66 2
291 433 7
531 805 2
737 914 2
168 109 7
1081 1310 7
278 434 1
1407 686 7
731 65 7
1424 716 7
270 701 2
327 31 14
216 1392 30
956 1070 7
439 1292 30
497 677 2
1547 197 8
136 568 6
853 466 75
22 983 2
1500 1345 2
507 32 59
491 751 2
1460 939 15
479 307 7
685 136 6
599 88 3
126 239 2
171 21 8
1258 739 27
599 42 8
1526 59 8
1078 158 8
1025 602 2
907 306 2
269 724 25
1483 1404 2
1162 75 3
591 363 2
1446 925 10
118 59 7
1239 1330 2
1261 1342 7
29 97 8
445 372 1
749 1014 0
390 1070 5
244 462 8
295 445 0
558 425 2
997 770 22
1025 1321 8
329 937 7
1474 976 2
761 1093 1
1460 692 2
1518 1325 5
434 937 7
447 1310 8
744 1355 1
1121 1258 2
1232 399 48
697 1267 14
805 172 8
464 75 3
107 47 8
880 503 2
230 663 8
1221 938 2
1232 165 2
27 179 15
600 606 35
1144 1561 35
541 673 2
796 104 8
289 533 2
295 36 33
872 661 2
67 732 7
285 889 2
197 1310 8
761 88 3
272 300 2
365 1044 1
499 771 2
83 59 8
1184 1252 2
491 1109 7
270 619 27
28 1491 7
630 1156 8
1510 1078 2
159 616 2
386 691 2
706 938 6
1042 995 1
377 727 2
632 158 8
205 1396 77
552 1070 5
330 1315 5
927 998 1
155 1264 2
932 1156 7
1215 1102 5
1052 365 2
1055 169 7
1245 90 57
782 1567 1
439 541 30
847 716 8
126 1555 2
21 664 2
899 1614 7
1569 658 0
925 397 2
170 187 71
126 1550 8
626 75 3
675 831 2
722 1392 30
1197 1070 5
124 49 1
563 1395 7
337 1035 27
820 32 8
442 189 27
18 75 3
1304 1621 5
98 50 7
558 657 2
36 513 30
455 32 7
1455 1000 2
672 1309 2
216 324 2
1084 1109 67
881 1379 7
1127 59 7
632 594 1
293 472 1
1132 1212 8
491 743 5
1446 1328 2
634 1122 6
661 766 8
1308 377 6
211 291 8
293 863 7
462 83 8
1304 720 7
1333 798 2
894 104 2
751 1607 2
98 216 2
977 1357 2
160 1345 2
66 1418 2
317 80 7
1225 65 48
1445 89 2
823 477 71
503 1493 2
1314 983 33
639 150 2
255 461 1
499 1003 2
1207 916 8
285 206 2
1087 384 3
806 167 30
1394 1080 27
1141 685 6
1141 1081 6
1322 52 8
1424 265 7
152 350 2
350 272 31
957 124 59
1458 22 30
315 167 8
655 277 8
1271 1106 2
1078 1482 8
294 97 8
162 886 2
926 590 1
1144 228 6
503 114 2
157 957 8
341 1375 27
860 533 3
1055 401 7
273 324 2
117 1355 1
23 362 2
1398 145 2
582 1227 7
712 1310 8
64 309 30
1146 355 7
242 241 79
804 937 7
1082 1456 30
1253 929 7
406 1210 62
357 533 3
362 119 8
485 1131 8
322 1227 6
677 722 2
29 88 3
293 393 5
1466 522 1
29 438 8
479 855 3
29 42 8
1215 643 5
1126 1299 2
450 678 2
1075 98 30
1003 579 2
420 265 6
442 148 2
1251 958 3
563 685 8
311 604 2
1001 1351 2
1207 1279 7
895 1156 8
1317 638 27
1506 1176 15
1106 1351 2
1565 479 2
886 796 8
861 1447 2
74 1424 2
167 152 30
1002 28 2
1014 129 8
1214 601 7
28 338 5
869 172 2
595 1315 5
1312 1310 7
769 487 8
995 22 33
317 1437 8
65 1414 7
1445 1009 2
993 59 8
974 1355 2
731 346 7
285 834 2
399 798 2
1405 335 2
1139 1456 30
55 648 2
1327 1396 8
1232 37 8
909 1210 6
820 992 1
1244 179 15
1 779 6
1052 1375 27
1461 396 30
938 619 27
629 65 8
996 75 3
483 133 1
719 1396 8
1397 155 7
600 297 6
619 167 8
620 2 2
533 877 30
998 1419 5
466 57 6
22 1160 2
1417 269 2
1130 910 1
272 172 8
365 957 8
601 856 7
337 360 27
628 63 8
244 1207 8
702 1572 7
32 588 8
1291 1401 44
1055 114 7
1008 812 1
1283 65 2
1003 109 0
575 804 2
1160 2 2
170 463 50
1494 313 7
195 796 20
907 1275 2
558 670 2
446 1392 7
483 789 8
28 390 8
586 616 2
337 292 27
442 1298 7
211 410 78
1359 617 2
582 126 2
1254 1062 8
1221 75 5
167 952 30
592 167 50
217 563 2
558 602 2
71 293 0
910 714 2
1357 1112 23
1446 201 12
1442 95 2
168 1424 2
595 125 40
1444 1357 2
533 1617 3
1281 1494 1
330 916 8
1304 228 6
1340 75 3
573 813 15
847 800 7
671 1457 30
1392 99 0
961 1061 1
976 558 2
1082 1144 2
53 671 2
1170 124 1
961 1056 7
724 377 1
1317 1384 8
168 1310 7
926 311 1
1525 365 2
285 1457 8
1436 65 8
631 433 7
1310 292 2
1376 1078 1
980 129 8
1158 1097 7
1000 342 9
1459 450 30
439 890 30
847 628 7
157 178 1
294 88 3
466 1081 6
599 309 33
466 685 6
150 829 2
1480 293 0
692 1227 6
915 1132 0
270 231 2
294 42 8
1055 54 7
1351 881 5
870 920 9
163 1156 8
1141 1337 2
24 1447 2
577 898 2
577 502 2
565 792 2
1488 1525 2
1174 914 2
531 1124 30
737 1419 8
28 726 8
590 888 2
1537 533 3
91 531 5
1229 824 6
1258 233 27
157 834 8
1483 606 2
1045 75 8
792 1510 2
1468 1239 7
557 1062 7
1213 1325 5
170 480 30
1029 622 2
1004 43 6
1442 1187 2
324 261 2
350 646 8
98 623 7
270 160 30
1132 1457 8
1009 742 2
458 59 7
625 1070 5
192 1062 6
673 762 2
687 1437 8
344 32 8
941 311 35
1239 464 2
563 239 2
494 658 0
451 1299 2
991 34 12
993 1342 7
325 833 2
98 893 2
1105 1070 2
391 513 26
265 64 30
1207 828 7
1317 979 27
1230 792 2
295 745 2
1563 1156 8
1304 1293 7
295 349 2
1304 856 6
1225 346 48
894 677 2
1227 1437 8
1340 324 7
462 1472 5
385 1342 7
287 1025 2
579 1578 5
535 675 2
350 976 30
290 433 7
1131 455 55
736 377 6
879 1252 2
211 796 8
89 138 35
663 143 2
534 1173 2
581 942 30
1156 246 5
391 677 2
284 1607 2
420 808 8
273 673 2
1515 150 2
977 155 2
1177 1460 2
1424 838 7
601 181 7
780 350 30
1475 888 57
1312 21 8
601 519 2
601 915 2
833 914 2
28 1381 7
266 1575 2
91 1227 5
365 178 1
1196 533 3
315 450 30
1296 63 59
1538 63 8
1183 510 7
999 858 77
9 579 1
468 1351 2
787 1070 5
241 677 7
377 617 2
1405 504 2
1296 167 8
601 451 2
831 533 2
1336 346 5
1158 387 8
450 252 6
1041 1424 2
980 1483 30
919 503 2
357 377 2
948 593 7
483 838 8
660 99 0
563 1039 2
1259 590 2
368 450 2
923 79 2
1494 258 7
727 98 33
1375 424 7
838 1062 5
309 362 31
795 1388 7
211 355 78
442 1243 7
459 1314 8
122 1405 2
1474 1562 2
546 1314 1
689 1396 8
301 858 77
1364 882 2
677 189 27
606 1456 30
1258 291 8
450 1251 2
847 1296 0
558 151 2
368 377 8
1328 1310 7
886 1437 8
221 34 53
463 75 3
281 1258 27
1357 381 33
54 1084 21
552 32 8
417 365 27
552 329 2
1132 18 8
75 292 2
61 1611 2
619 311 31
1317 1211 27
657 329 2
1000 983 33
1387 958 5
1009 90 8
671 1004 8
406 491 7
1447 360 2
679 958 3
285 1079 2
1257 32 8
576 36 14
270 138 31
1128 1062 8
374 109 0
269 937 7
1209 1304 7
807 508 5
995 199 33
1183 1310 7
111 573 15
852 1007 2
270 1555 2
377 637 12
374 1567 2
702 755 5
625 1062 8
1298 1396 7
1460 1139 30
365 1166 1
1544 1305 8
730 1359 2
269 1161 7
297 914 2
936 850 6
1437 477 70
601 1497 7
499 562 23
42 1419 8
209 311 35
97 938 6
581 191 30
560 1227 5
90 1507 5
483 1097 7
823 1207 7
479 1499 2
860 1396 8
384 1062 48
1207 1554 5
938 231 2
904 1351 84
377 1199 7
35 66 2
1141 111 6
747 611 34
32 770 2
563 233 27
923 1125 7
805 433 7
995 1070 5
255 616 2
1193 311 50
258 362 2
66 428 19
1510 1424 2
518 1325 5
1452 1507 1
1552 412 5
772 32 77
999 107 77
1429 88 5
27 377 8
440 1239 2
362 743 3
552 1025 2
914 1035 2
1232 1321 48
1031 1141 2
1456 1416 2
983 1567 1
1252 116 8
657 1025 2
229 450 2
98 568 7
346 259 8
849 396 30
301 175 77
1025 77 2
1196 513 26
1567 62 2
673 707 2
1302 1070 5
423 1141 2
1474 519 2
869 1062 6
879 973 2
787 1062 8
420 739 27
1486 958 3
211 855 3
576 273 8
1100 1291 33
720 686 1
78 958 2
503 681 27
101 129 8
997 863 7
318 1342 7
227 631 15
531 684 2
862 433 7
1283 1506 2
1227 626 8
879 1291 14
306 101 8
1271 1016 12
65 908 7
622 242 2
1193 462 8
510 568 7
1075 651 53
952 1607 2
720 910 1
270 872 2
820 590 1
52 891 8
139 1375 27
3 910 5
1141 1203 6
1301 167 7
261 512 2
1009 606 35
269 128 2
26 798 2
157 751 1
864 65 8
841 1029 2
145 1082 2
365 1417 27
297 330 8
443 146 5
403 259 8
420 685 8
366 1200 2
1302 330 8
938 859 2
1055 627 7
377 265 8
577 1075 2
976 1456 30
727 466 2
591 602 2
1055 919 7
489 1456 2
543 1460 41
64 535 30
1039 1156 8
599 213 8
126 743 3
483 387 8
377 139 3
634 1315 5
806 327 1
923 24 2
122 662 2
51 531 30
432 211 1
551 1375 27
1024 479 2
1029 1195 2
774 1309 2
238 285 2
438 798 2
98 800 7
301 407 77
1247 1567 2
1360 787 2
1567 702 12
689 882 2
1259 462 8
650 556 2
1035 75 3
323 98 7
420 1162 2
325 399 33
1215 1571 7
886 626 8
1284 109 0
906 663 8
850 272 31
576 1292 14
20 1344 5
300 1242 2
55 1338 2
424 1129 8
298 663 8
961 263 1
747 1110 2
1391 1325 5
1554 1567 2
836 1405 2
306 1125 8
1176 1078 1
285 664 2
686 307 5
503 1036 2
1552 1384 8
1437 350 33
30 732 7
1399 1315 7
1551 727 4
1198 104 2
761 213 8
1304 91 7
616 256 2
261 1140 2
89 88 5
1200 808 8
1506 363 2
464 513 26
470 377 6
1042 1166 1
581 223 26
139 1042 2
547 281 55
145 399 2
263 1291 33
1394 159 27
285 1279 8
543 420 20
831 34 12
747 998 29
1041 1309 2
1502 1407 2
582 420 2
677 101 26
158 330 8
720 533 3
337 878 27
25 433 7
373 1104 7
126 1330 2
1197 75 3
20 563 7
64 1455 30
157 36 8
986 1029 40
449 1252 2
1036 1078 2
829 167 8
323 420 5
1239 1395 7
787 346 7
795 3 8
795 341 3
780 1253 1
914 980 2
1104 1262 1
185 350 27
1187 533 5
900 300 2
673 360 2
1102 439 57
269 412 5
27 324 30
673 355 8
80 1342 7
950 573 15
790 65 8
1314 1541 2
417 938 27
744 155 1
1563 462 8
661 937 8
23 1268 5
1447 1329 2
1304 495 7
626 513 26
1447 933 2
112 1062 8
592 513 50
971 464 2
1304 787 7
1547 1004 8
183 1299 2
13 59 8
514 599 2
417 269 2
195 1004 8
65 957 7
328 104 8
1179 997 7
1084 471 8
1016 1489 5
77 1396 8
1215 424 7
306 46 8
1042 1152 26
841 1042 2
1359 441 0
247 533 5
393 1141 2
1304 719 7
505 531 2
1394 855 27
1141 856 6
487 1418 7
195 936 8
971 292 2
122 1291 16
1475 90 57
145 298 1
638 22 8
518 462 8
1405 667 27
43 39 7
4 1122 6
145 1423 2
1496 1589 38
1271 1173 2
913 779 6
140 661 7
157 1128 8
447 109 0
1042 1417 27
329 1015 36
1269 500 2
1271 458 33
601 3 7
487 80 8
1351 392 36
1258 1565 2
565 914 2
155 952 33
591 151 2
128 533 2
1044 337 38
699 1446 2
701 21 2
650 1506 0
928 533 3
340 1502 7
1030 350 2
1265 373 6
320 136 6
489 1396 8
1028 172 2
126 647 2
242 704 79
350 877 2
692 52 8
661 863 6
1004 269 6
383 362 30
337 127 27
450 453 2
1037 63 8
390 1227 6
676 599 2
1220 779 6
819 244 8
1460 255 42
270 678 30
272 325 20
438 697 7
681 1310 8
434 1099 2
281 1252 27
555 1141 2
1239 685 8
85 1025 2
435 1419 8
416 325 2
22 960 30
958 340 5
1210 800 7
1303 658 0
350 806 30
178 1607 2
52 1199 7
931 1070 5
1100 512 2
834 513 26
747 367 2
1080 1424 2
847 1550 7
43 839 7
528 1291 33
52 1491 7
317 1212 8
658 44 8
466 1566 5
718 441 0
157 1491 7
253 686 1
403 1004 8
528 330 8
861 1446 2
395 479 2
634 916 8
860 1062 8
1303 1314 7
395 433 7
175 81 8
1510 798 2
33 662 2
108 1325 5
357 671 2
928 792 2
151 697 2
466 228 6
634 848 8
377 447 2
213 1325 5
1120 1375 27
377 838 8
318 1325 5
32 368 2
285 828 8
1567 706 1
1040 433 7
582 365 2
1478 1140 2
479 1384 8
230 1456 33
392 533 3
1352 1070 2
125 104 2
599 390 8
1025 274 12
126 937 7
54 311 25
592 1396 8
20 508 7
266 21 8
1270 97 2
125 792 2
923 201 2
663 25 5
419 1344 37
901 697 2
858 1064 5
792 1053 2
737 1314 5
89 568 1
1242 1424 2
1258 855 3
329 1389 7
438 1325 7
1483 81 2
962 658 0
1463 39 8
672 1029 2
1084 1404 2
1022 1062 8
617 533 5
763 1141 2
671 834 8
1565 882 2
377 441 0
420 233 27
1308 493 6
576 163 8
1198 513 26
1138 28 8
1215 437 7
648 32 8
993 462 8
747 1287 2
168 1131 2
1211 1131 2
1084 25 2
1409 1070 2
992 114 8
503 438 6
1078 937 7
1402 1342 7
1210 90 8
1514 1070 2
190 269 8
162 732 7
377 1097 7
616 829 2
69 420 2
721 479 27
1396 728 7
601 1327 7
903 958 5
369 1405 2
1109 1132 66
365 619 27
1384 1310 7
133 533 1
992 70 35
466 856 6
1270 460 1
158 616 2
271 1042 2
784 1639 77
1500 718 2
537 755 5
281 34 55
652 311 35
1084 244 8
591 1407 2
1256 1252 83
1245 438 57
367 920 2
108 1624 48
1258 1510 2
340 1447 7
242 357 79
334 1140 2
368 1200 2
337 111 6
910 1243 7
790 373 7
1383 1227 8
483 277 8
253 533 3
1121 595 53
917 1007 2
900 581 2
1196 1070 5
21 92 8
219 882 2
763 1062 6
848 1245 5
373 47 8
341 66 2
914 1553 2
464 1078 2
1301 1070 5
29 158 8
782 577 2
564 758 2
1450 1424 2
1029 689 2
1025 298 8
217 1258 2
1297 1355 1
1474 349 2
1483 1001 2
761 70 1
857 513 26
1454 1000 2
651 1290 38
126 1335 5
632 546 1
632 937 7
293 815 7
614 104 5
418 1253 1
1315 938 52
519 1299 2
510 384 5
1227 1212 8
218 65 8
112 32 8
533 272 2
971 1037 2
902 63 8
768 377 8
1503 1070 5
976 1357 2
420 291 8
1506 432 15
638 663 8
159 513 26
399 914 2
1359 1014 0
222 761 15
510 1482 7
1204 104 8
1516 920 1
636 21 8
1193 958 3
883 1392 30
1330 531 29
1042 1493 2
988 1392 30
89 866 36
167 347 2
577 905 2
471 493 6
1012 293 0
601 622 2
739 793 8
373 410 7
377 387 8
150 609 2
350 1122 2
1502 901 2
329 1448 2
140 1207 8
696 269 8
595 3 8
595 341 3
462 881 3
1025 284 33
1252 929 7
912 1310 8
29 390 8
89 554 2
28 88 3
1214 293 0
1355 297 2
1317 1450 27
930 1252 40
745 1325 5
1304 1327 6
28 42 8
218 324 7
85 910 2
1549 812 1
1085 881 5
420 613 6
416 461 1
792 92 7
761 1381 7
1239 1550 8
1250 958 3
21 1376 15
185 172 27
39 1399 6
396 309 16
205 63 7
493 1315 6
200 531 2
686 441 66
403 848 7
961 484 7
872 662 2
19 1118 5
827 658 0
1110 63 8
65 159 7
655 1321 8
1144 1335 5
620 126 2
945 1567 2
850 208 2
867 634 2
359 1070 5
411 1252 2
213 462 8
365 1045 1
1404 1291 33
406 886 7
1402 850 6
464 1070 5
373 903 52
491 1448 2
382 1070 7
859 104 2
1189 1580 18
713 1000 2
1037 1405 2
145 625 2
145 229 2
1271 771 2
1173 512 2
595 1054 7
454 1132 7
623 533 3
485 577 2
843 1042 2
1042 619 27
167 929 7
717 576 2
227 1093 1
792 1153 52
365 1305 8
999 346 77
923 1634 2
577 618 2
591 1352 2
599 572 2
582 938 2
195 852 20
29 1482 8
1042 54 2
125 677 2
380 563 2
1442 1477 21
479 455 33
905 914 2
145 453 2
34 358 38
983 362 31
563 1338 2
911 1460 2
941 75 8
1468 563 7
170 1168 71
1232 1096 48
172 412 5
285 116 20
145 1230 20
1220 377 6
662 1120 2
1138 377 8
1272 63 8
576 116 8
59 593 5
1483 258 2
903 663 8
138 1456 30
1518 293 0
261 1314 5
747 1554 0
626 1070 5
901 1156 7
1552 1181 7
1446 933 2
1446 1329 2
624 1271 1
281 350 27
325 949 2
325 553 2
1078 412 5
486 658 0
1304 284 6
880 1424 2
1388 533 5
18 1070 5
535 499 2
894 59 7
997 638 7
1570 167 8
98 999 14
847 1148 7
483 1281 1
971 586 2
1314 388 2
789 32 8
1198 958 2
162 1351 2
434 1307 14
679 1469 47
1394 1081 27
731 1614 7
224 1268 5
270 647 2
849 938 2
502 1042 2
806 64 30
1437 581 3
1058 104 2
55 808 8
199 1204 30
601 297 7
1475 1004 57
856 958 3
618 269 2
784 317 77
1084 818 2
59 249 8
913 172 5
780 362 30
500 661 2
938 1030 2
294 390 8
945 1207 8
374 591 2
127 433 7
1262 1389 7
168 373 19
1164 1468 2
1439 761 15
1252 988 2
167 287 8
601 125 7
170 1292 30
1401 179 8
359 1062 8
563 759 2
213 792 6
938 1450 2
362 808 8
1252 524 2
110 686 1
878 804 2
1158 39 8
1081 958 5
1349 750 2
324 609 2
226 350 2
1215 1414 7
951 32 8
736 1469 47
515 1567 1
241 1456 30
623 513 26
729 1070 5
442 936 8
882 1122 2
1213 43 6
825 1070 5
323 269 7
420 1333 2
233 63 8
1104 732 7
857 958 2
877 599 2
777 1310 8
513 1069 2
547 1525 2
1092 1360 2
1209 732 7
326 533 3
1409 1245 37
1123 462 8
289 479 2
512 833 7
1314 236 12
527 330 8
403 834 8
1183 634 7
747 554 23
499 717 2
1405 628 2
66 272 2
115 1424 1
1547 83 8
1035 513 26
55 1337 2
195 83 8
171 663 8
976 155 2
1085 248 13
601 1217 7
499 282 23
1399 1418 7
595 649 2
595 1045 2
1397 52 7
910 139 5
434 160 14
1124 948 15
503 1035 2
150 890 2
483 1213 7
737 104 8
551 533 5
729 330 8
595 1595 38
1291 1402 44
1291 1006 44
1519 1207 8
81 483 15
591 901 2
453 971 58
891 1070 5
1172 104 8
28 787 8
512 139 5
923 427 2
4 97 6
1229 489 6
1391 365 2
116 658 2
457 697 2
1382 63 7
1156 255 2
148 581 3
337 981 27
1136 433 7
923 1115 2
1354 590 2
1145 1419 8
1253 201 12
463 450 2
1453 1507 1
32 813 8
1144 936 8
869 850 6
1140 901 2
51 311 30
1000 151 2
997 359 7
593 487 8
230 199 33
650 1355 2
286 992 1
305 430 2
898 1396 8
420 1565 2
563 3 8
463 377 8
375 513 30
221 882 2
228 663 8
190 172 2
1009 42 8
686 1174 5
1065 386 1
547 154 2
1215 267 7
886 114 8
418 747 1
1296 1342 7
66 1364 2
859 1141 2
961 1354 1
265 1245 7
655 291 8
818 533 5
494 1025 2
1324 577 2
614 8 7
1186 63 7
600 1228 1
1394 1026 27
628 1156 8
1527 1227 8
1404 512 2
32 848 7
720 1062 8
739 63 8
315 1325 5
599 537 12
403 83 8
681 1325 5
145 1198 2
852 75 8
1383 792 7
150 1122 2
1403 433 7
379 564 2
270 128 2
726 59 8
124 691 1
391 269 8
1055 347 7
1055 743 7
1383 1084 7
52 881 3
594 487 7
804 1243 7
1084 1578 5
909 1131 2
104 101 26
147 533 3
718 222 2
1042 231 2
1483 1003 2
782 434 1
237 599 1
487 147 8
334 1262 2
1475 584 12
761 364 1
22 743 3
452 1396 8
256 167 8
1377 663 7
233 1346 7
658 1621 7
177 1375 27
565 1309 2
1232 1097 7
547 517 1
774 1029 2
396 919 30
438 914 2
1359 823 33
270 453 30
1483 831 2
879 1029 2
325 187 33
89 444 2
507 1446 1
244 22 29
570 21 8
535 1140 2
651 1120 38
1554 293 0
796 167 8
550 992 2
325 1230 2
325 834 2
1125 59 7
744 558 1
300 1030 2
1351 543 2
1497 658 66
324 486 2
1317 980 27
109 116 8
547 782 2
315 126 2
98 1577 8
1180 109 0
671 273 8
1447 25 2
1209 677 7
269 252 2
910 355 8
1330 1156 8
420 855 3
750 126 2
485 779 6
631 1062 7
145 1457 1
1210 1236 8
503 360 2
1084 444 23
419 65 8
1551 447 4
727 590 2
820 938 1
600 603 6
982 21 8
702 420 5
873 377 8
373 308 7
42 63 7
558 1225 0
679 1325 5
573 1118 1
601 870 7
810 491 1
470 493 6
604 558 2
497 1488 2
1139 98 16
1179 21 7
22 1106 2
259 479 2
1353 377 5
577 1423 2
155 363 2
596 28 2
259 433 7
459 1342 7
373 532 7
470 1200 2
195 54 20
1466 1164 1
64 883 30
1163 1396 8
439 36 30
372 90 8
1275 349 7
1312 958 5
1087 1237 36
910 436 2
575 1042 2
880 600 41
273 1291 30
320 1227 6
359 32 8
675 722 2
442 848 7
145 384 3
365 1127 8
552 2 2
442 1536 7
792 1120 2
997 1615 7
1140 112 7
1358 269 2
555 1252 2
671 974 2
189 373 6
1479 311 2
672 804 2
1232 626 48
1232 230 48
1565 365 2
80 1062 7
420 735 6
420 1510 2
1084 1191 12
1004 63 8
192 295 2
761 296 7
253 1070 5
762 167 8
779 197 8
1429 387 7
1401 850 6
463 1070 5
531 349 2
211 114 8
1207 119 8
1227 291 8
747 347 33
1215 144 7
726 1342 7
150 1135 2
938 1152 26
850 366 2
1459 396 30
157 165 2
145 18 1
603 150 2
1230 761 15
992 241 35
485 595 53
938 628 2
1299 1100 2
1193 59 8
1480 1009 2
157 848 8
586 1258 2
583 1070 7
858 719 8
18 32 8
1271 562 23
923 1418 7
1230 1084 21
170 706 71
1483 552 2
396 536 30
1084 1105 0
1166 63 8
1314 1187 0
250 958 3
1503 269 8
912 66 2
577 672 2
1035 1078 2
1454 1239 2
746 766 5
450 277 2
45 1392 30
588 52 8
164 1314 5
710 28 8
215 167 2
645 1567 1
373 114 8
270 398 30
854 1375 27
997 932 7
761 241 1
1355 1112 23
472 1310 8
563 226 3
1446 775 12
1239 743 3
4 160 14
1215 548 7
503 1305 6
981 1474 7
747 1439 33
300 219 2
86 1025 2
1106 858 12
886 291 8
1338 75 3
1145 1325 5
1502 631 15
315 462 8
1154 1325 5
1291 226 5
974 558 2
306 102 8
1329 65 8
170 459 7
1317 355 8
1210 452 7
1394 911 27
747 1371 33
1081 1424 2
157 1549 2
829 1342 7
958 762 7
462 1246 5
721 882 27
63 119 8
479 506 6
270 769 2
347 573 15
246 533 5
601 127 7
1475 438 57
1011 1314 5
1055 1384 7
558 1170 0
23 1345 2
43 387 7
43 783 7
497 1141 2
601 419 7
315 396 30
517 958 3
1173 1262 2
592 59 7
650 1200 15
1354 1567 2
577 1076 2
1405 54 2
912 779 6
253 1062 8
416 1304 5
272 63 8
1162 269 8
365 848 8
64 536 30
170 1518 30
595 693 38
627 1511 9
126 307 2
154 59 8
1087 453 35
64 1224 30
936 433 7
1136 1342 7
1357 1110 2
1463 1097 7
21 500 2
721 973 9
107 1161 7
337 183 27
1025 1457 8
792 39 7
1262 178 2
1251 1207 8
1098 718 10
792 773 2
426 1236 52
576 929 7
923 312 8
623 1070 5
337 475 27
8 496 2
450 1197 2
1000 1352 2
329 1109 7
1478 1084 2
728 1070 5
510 855 5
697 1403 14
286 590 1
1291 205 14
420 1163 2
563 808 8
416 673 2
1186 958 5
951 1373 21
1317 1553 27
1336 1614 7
1357 998 29
330 119 8
1232 863 48
35 293 0
1338 662 2
611 1567 1
58 909 1
346 139 3
630 1396 8
565 1314 5
1223 269 2
1131 1321 55
1114 270 3
1301 1156 7
1563 59 8
503 641 2
159 373 6
1035 1070 5
543 98 14
1184 1424 2
1193 1342 7
1304 92 7
1394 228 27
1179 662 7
269 757 2
1298 1342 7
86 269 8
1303 59 7
1174 581 2
623 330 8
466 284 6
45 324 2
651 620 40
713 1567 2
443 1067 5
1183 1084 7
1056 577 2
1299 357 2
1029 854 27
1139 671 16
836 22 8
753 1200 15
544 362 30
938 177 2
1207 1500 5
1141 57 6
829 477 70
1210 1246 5
1215 1566 5
577 393 2
267 663 8
1025 1047 33
157 37 8
913 651 53
1258 1230 2
673 33 2
457 923 2
747 1105 0
1372 1544 7
22 341 3
61 761 15
746 23 5
1442 349 1
1144 766 8
92 1360 2
674 155 2
604 1456 30
1359 1428 2
282 483 15
209 1070 2
479 68 24
1025 18 8
205 534 7
1463 387 8
997 877 7
317 320 7
172 189 27
761 186 1
512 881 5
1476 1239 30
1454 324 2
442 83 8
581 609 30
199 258 2
22 1335 5
1324 434 1
547 380 2
350 464 14
591 1225 0
1317 78 27
599 445 0
894 172 2
1525 556 2
1547 568 7
519 973 7
894 167 8
850 611 2
655 855 3
1373 1518 0
98 781 30
306 47 8
768 75 3
912 109 0
403 273 8
401 812 2
49 992 2
1087 114 8
902 531 5
255 1258 2
1245 562 57
1306 433 7
601 72 7
759 65 8
154 1342 7
145 1028 2
266 732 7
391 104 2
266 1070 2
43 728 7
1019 1325 5
259 1342 7
359 910 2
444 483 15
1377 269 7
297 172 8
1383 1310 7
151 65 8
1460 322 20
23 534 2
923 1641 2
577 625 2
479 762 2
938 1493 2
829 1156 8
127 150 2
256 65 8
468 858 12
1506 861 33
531 851 30
138 1488 7
1252 763 2
699 1447 2
479 716 7
1493 365 2
479 35 23
1544 1212 5
126 648 2
1036 104 2
226 311 31
381 1392 30
1137 63 7
325 1128 2
228 798 2
434 1081 6
337 128 27
1264 697 2
442 1076 2
895 1396 8
350 769 8
1317 878 27
1158 502 8
1082 179 15
1000 901 2
1025 646 8
346 1125 8
1442 501 21
226 21 2
825 75 3
847 1187 0
945 293 0
681 1207 8
988 1483 2
1563 1342 7
1050 293 0
1210 1197 7
804 355 8
1446 25 2
897 533 3
977 450 2
1309 471 2
295 1160 2
267 662 27
958 739 27
297 581 2
269 770 2
876 21 8
403 568 7
624 295 1
655 1437 8
503 586 2
157 1388 7
872 377 8
925 761 15
527 793 8
950 1607 2
285 605 8
534 622 34
1398 576 1
1239 1204 30
1008 656 1
1287 1087 2
1540 1156 8
337 863 6
1527 1062 8
21 849 2
474 1070 2
1288 958 3
385 59 8
126 1298 7
974 1456 30
211 650 78
4 336 6
938 122 2
1252 1391 2
167 1086 8
1233 350 1
241 1488 7
599 787 8
266 22 8
584 1227 8
1148 63 8
308 910 5
325 1377 6
126 1568 2
591 357 33
1253 360 2
677 1418 2
675 844 2
238 651 53
81 1245 1
1460 1401 2
1232 816 48
167 624 30
1220 493 6
997 134 7
679 1207 8
1483 374 2
591 622 34
799 663 8
468 22 8
199 307 2
1239 341 3
872 1078 2
503 903 6
350 18 8
1317 127 27
809 167 30
1215 42 7
390 373 6
591 1170 0
289 882 2
526 255 2
543 285 2
590 88 5
1389 533 5
986 677 38
543 671 14
761 787 8
503 1127 6
910 1206 36
1239 1335 5
829 882 2
365 1388 7
1359 3 10
158 581 2
270 763 2
616 1122 2
1461 269 20
510 355 7
834 1156 7
559 1070 5
606 675 2
1085 943 13
261 1291 33
468 499 2
663 1118 5
259 850 6
1526 1396 8
127 199 2
24 443 12
1055 518 7
1488 905 2
760 1344 5
1350 1084 1
841 1207 8
1262 1109 7
1164 891 8
32 1243 7
722 32 8
593 1062 8
1138 798 2
581 857 2
126 296 8
28 1482 8
1193 1325 5
172 101 26
471 172 8
126 588 8
673 898 2
769 513 26
790 1062 7
1474 1106 2
1207 298 5
1144 1298 7
442 729 2
1392 1194 30
558 1047 33
915 591 2
1001 1140 2
749 721 1
774 804 2
1009 1305 8
210 365 2
1106 1140 2
20 533 3
919 167 2
1447 1191 12
186 958 1
206 325 2
661 1120 2
1474 642 2
769 677 2
1093 658 0
1337 75 3
631 910 1
420 1053 2
1497 1317 5
559 663 2
433 296 8
1215 670 7
202 973 2
416 563 2
859 1252 2
648 958 2
1317 1047 27
300 1133 2
55 891 7
1056 779 6
450 724 30
747 1001 2
918 958 5
869 581 2
638 961 2
370 477 41
398 531 2
199 1550 8
1262 743 5
285 555 2
391 1141 2
479 336 6
270 1391 2
411 958 3
1460 287 30
1413 63 8
1539 75 3
750 270 3
383 1007 2
497 971 2
266 1351 2
160 269 7
155 602 2
780 22 30
847 158 8
601 983 2
1456 485 30
317 991 5
503 463 2
381 32 8
64 1518 30
1053 325 2
271 63 8
337 808 6
661 1213 6
126 555 7
661 776 5
126 893 2
1078 916 8
486 329 2
227 70 1
533 890 30
577 1198 2
915 558 1
1041 804 2
1028 350 2
346 1095 12
1114 1132 0
1036 677 2
441 793 7
28 507 8
838 22 8
527 1314 5
1199 1310 5
675 893 2
209 1245 37
1082 98 30
1488 154 2
193 534 57
104 272 2
454 1062 8
337 701 27
124 147 8
124 881 3
1568 350 2
290 531 5
855 450 30
327 1099 2
1561 1310 7
902 1156 8
489 533 3
670 63 7
125 269 8
808 671 14
1209 1544 7
230 269 8
1567 890 33
76 1239 2
153 1498 57
1518 513 30
744 1253 1
102 21 8
552 397 2
1232 297 48
1533 1355 1
1215 91 7
1308 43 6
657 397 2
406 955 7
671 1072 8
377 3 10
1333 167 8
328 63 8
929 1070 5
1221 1227 8
530 1447 2
317 183 8
616 843 2
324 1282 30
300 54 2
601 1341 7
632 228 8
761 44 8
503 1555 2
1210 36 8
673 1578 5
241 1446 1
1186 179 7
49 590 2
377 1101 12
239 1309 2
1053 661 2
32 568 7
604 1357 2
736 172 8
1291 471 7
395 75 3
514 21 8
154 882 2
1357 1554 0
573 606 1
1193 1239 50
259 882 2
21 1026 2
359 462 7
921 269 2
462 1491 7
1382 479 7
1286 421 2
1359 1046 12
127 98 7
577 911 2
925 1087 2
1483 723 2
1229 837 6
581 1198 2
1140 537 12
804 1337 2
1054 52 8
1253 933 2
228 792 2
780 1084 1
148 533 3
1030 533 2
681 1375 27
1225 1531 1
661 1133 2
283 1460 31
632 560 1
1232 1389 48
1495 365 2
1321 779 6
1232 1213 7
547 278 2
1029 239 2
1025 244 8
205 1156 7
270 173 30
98 974 2
1225 531 48
27 1239 30
1001 329 2
1025 140 8
1474 191 2
442 210 2
435 1310 8
1254 32 8
1210 3 7
66 1024 2
797 167 8
849 1007 2
528 98 33
32 1327 6
606 295 1
159 1227 6
189 167 8
1424 627 7
1211 1309 2
1156 363 5
634 119 8
270 648 2
938 1495 2
603 1309 2
1394 978 27
503 476 2
1164 1199 7
1325 92 8
601 240 2
938 681 27
1164 1491 7
355 1456 2
673 139 5
938 1031 2
500 662 2
719 1062 8
30 150 2
810 211 1
738 63 8
126 546 2
599 950 33
1338 513 26
483 627 8
677 751 1
718 254 12
471 43 6
365 628 2
30 442 2
259 199 2
1402 433 7
1 377 6
463 1156 7
24 89 2
337 26 27
479 488 2
591 670 2
581 1138 2
1448 350 30
1158 796 8
355 1342 7
820 1314 8
269 1335 5
487 495 8
337 685 6
98 1332 7
681 1506 2
1253 1561 2
259 34 69
563 1052 2
1357 554 23
211 76 78
442 568 7
790 1239 7
1474 1283 2
420 627 6
19 92 8
41 145 14
1557 742 57
255 32 8
761 1004 1
1200 911 31
923 87 8
311 925 1
1035 269 8
124 92 8
334 1291 33
421 1232 2
761 1395 7
717 1325 5
662 834 2
519 1557 12
595 255 40
281 1375 27
1131 206 2
248 1489 5
878 1029 2
334 330 8
168 798 2
420 1230 2
406 608 7
1232 638 48
1310 1395 7
880 346 2
285 1196 2
513 1362 2
974 1357 2
900 63 8
165 1469 47
62 697 2
468 718 10
636 663 8
322 52 8
494 2 2
403 1127 8
285 1128 2
1394 399 27
270 1568 2
256 1342 7
1198 172 2
377 254 12
1304 159 7
1284 1567 2
439 160 30
961 654 7
438 1314 5
137 63 7
1299 528 2
1348 847 0
1271 717 2
36 531 2
380 577 2
340 718 7
205 1635 77
1262 753 2
21 1367 2
167 916 8
792 911 1
838 663 8
1141 228 6
577 168 2
167 1307 14
911 1078 2
685 1399 6
301 1275 77
1201 661 5
154 462 8
590 554 2
1083 278 9
170 610 30
145 102 8
581 455 2
1039 150 2
458 1396 7
363 433 7
1354 591 2
1082 671 30
941 21 8
1144 937 8
812 596 14
434 228 6
790 556 7
20 1396 8
1349 68 2
1144 833 8
98 289 7
645 599 1
564 649 2
346 272 8
1474 240 2
1447 458 33
652 136 6
563 296 8
1429 1199 7
581 780 30
972 1469 47
718 934 15
1373 1361 0
761 685 8
1429 1491 7
1304 959 7
300 335 2
1252 68 24
350 642 30
684 1132 0
1108 63 8
357 1070 5
1354 293 0
1262 341 5
294 112 8
670 961 35
76 32 8
1262 1111 7
522 728 8
820 311 1
1330 65 8
181 32 8
1173 1446 2
147 269 2
919 1507 1
285 440 8
55 259 2
1407 812 2
485 651 53
205 1575 77
1475 554 57
32 1479 2
599 1226 12
1160 992 2
856 462 8
933 656 2
1337 350 55
248 129 7
1144 863 6
560 661 5
1030 882 2
109 1528 1
707 1310 7
300 952 30
498 28 8
1250 1567 2
479 829 2
244 43 12
581 1479 2
903 914 2
1460 454 41
126 423 2
435 493 6
1428 1557 5
1375 90 7
1253 1110 2
85 531 7
483 796 8
1252 762 2
1239 1217 8
576 1086 8
878 1042 2
338 793 7
124 37 8
601 1548 5
1025 817 8
300 1031 2
1080 493 6
986 1599 38
910 424 8
1474 1160 2
108 129 8
85 697 2
1010 63 7
1232 291 48
869 479 2
1215 896 7
1232 1008 39
647 651 53
1359 925 10
997 384 3
396 596 16
372 727 5
792 765 19
1338 377 8
1547 97 8
321 167 8
322 2 2
338 1456 30
1000 622 34
84 992 2
655 1212 8
1207 226 3
89 724 35
419 462 8
309 1007 44
982 22 8
493 1138 6
1087 855 3
1418 172 7
227 364 1
868 805 2
1298 1062 7
267 661 27
14 1000 1
1000 1170 0
1403 1062 7
479 1187 7
613 1310 8
601 1163 7
186 65 8
19 1315 7
126 1515 2
830 601 2
446 533 5
1271 266 2
127 1345 2
923 837 2
823 1607 2
4 111 6
858 92 8
814 63 7
686 1418 7
267 487 8
295 345 0
912 1506 2
1359 248 12
1173 1291 33
256 1156 8
661 1004 27
464 2 2
324 1251 2
462 1381 7
361 1156 8
172 1578 5
558 617 2
449 577 2
357 1062 8
1031 479 2
1229 39 6
646 109 0
1082 324 30
1320 1578 5
654 462 57
104 498 2
388 65 8
755 441 0
798 233 27
1456 790 2
792 387 7
442 1479 2
792 1121 2
1468 850 7
29 1305 8
917 109 7
671 1371 2
663 863 7
1341 59 7
1250 1207 8
0 1070 2
657 1087 2
1340 1314 7
1003 1446 2
1117 1310 7
334 512 2
1338 1078 2
396 1292 16
286 938 1
104 722 2
1314 1274 12
718 925 10
1308 269 6
211 183 8
250 1325 5
294 1395 7
355 1325 5
1223 325 2
1215 213 7
880 1310 8
390 1314 8
1397 658 0
845 11 2
199 743 3
629 1396 8
1361 1132 0
534 388 2
408 21 8
1033 513 26
23 718 2
1245 282 57
601 1395 7
1140 445 0
43 156 7
157 854 2
1141 101 26
636 1460 8
992 138 35
1259 1580 2
650 573 15
22 424 2
31 779 8
505 179 8
718 1112 23
122 104 2
1383 634 7
913 792 6
594 433 7
718 1124 33
336 1210 6
912 531 2
155 77 2
820 958 3
56 531 30
1029 241 2
487 139 3
1079 98 30
1382 997 7
1382 601 7
572 1245 37
479 436 7
1042 177 2
363 656 2
455 958 2
126 368 2
847 683 0
478 129 8
991 242 57
1253 775 12
1357 1371 33
583 129 8
1137 179 7
442 504 2
228 914 2
491 119 8
104 1418 2
981 1210 6
761 998 1
692 65 8
852 573 15
925 98 33
1215 139 5
790 1129 7
78 1424 2
552 1314 8
156 761 15
377 925 10
126 341 3
1252 702 8
362 701 30
281 577 27
516 1375 27
429 792 2
1421 1310 7
1554 1009 2
1210 917 7
1227 1384 8
330 226 3
513 272 2
614 172 5
189 2 2
534 1480 2
183 1252 2
926 483 15
34 1586 5
534 753 23
857 1141 2
1075 779 7
197 63 8
898 533 3
847 1563 7
1253 81 10
618 1252 2
294 685 8
1177 661 27
265 508 7
1084 716 8
167 191 2
479 111 6
256 882 2
116 499 21
958 1451 7
278 1232 2
395 533 3
1516 1029 2
737 63 8
491 888 2
1338 1070 5
439 154 30
601 816 7
1460 750 30
618 450 7
1275 71 7
470 43 6
269 813 8
619 59 8
160 377 8
471 269 6
1506 717 2
535 1239 30
227 241 1
216 1567 1
1307 75 3
138 675 2
337 875 6
858 37 8
454 910 2
420 88 5
702 971 74
632 719 15
575 300 2
479 1402 2
349 1000 2
1040 487 8
350 1581 8
20 1062 8
701 662 2
997 1303 22
590 147 8
1035 104 2
1044 63 8
1359 113 2
769 373 6
677 1138 2
913 420 2
792 728 7
1419 855 5
1031 59 8
295 1284 2
314 420 2
452 533 3
1210 1545 7
1239 119 8
107 116 8
1419 1166 1
650 531 33
302 718 7
872 798 2
325 92 8
325 51 7
285 1026 2
330 808 8
503 623 6
71 491 2
1341 269 8
1215 158 7
66 859 2
633 269 6
747 1404 2
350 223 26
745 434 2
535 330 8
1080 66 2
784 1532 77
162 499 2
434 455 14
503 1330 2
604 1200 2
743 868 7
168 1144 2
365 338 5
737 300 2
147 1132 7
980 21 8
227 937 1
871 377 8
154 365 2
761 939 15
487 1125 8
29 1389 7
1424 102 7
45 325 2
862 601 59
1298 32 7
52 502 8
443 1068 5
1515 1309 2
381 1227 8
601 1340 7
1403 32 7
951 1419 8
157 502 8
595 1168 2
145 693 2
689 1310 7
195 988 20
317 1290 5
1299 650 2
329 389 36
1520 21 8
915 1357 1
255 563 2
718 381 33
1183 1483 29
259 1345 2
694 104 2
23 199 2
337 1568 27
338 167 7
1485 1567 2
1479 661 2
1229 320 6
32 1004 8
1467 910 1
898 513 26
684 1656 2
982 324 5
1375 1337 2
347 1607 2
125 1141 2
563 1510 2
925 466 2
900 662 2
489 1062 8
673 722 2
591 309 33
1474 138 2
723 32 8
1292 1392 30
755 1014 0
420 1377 6
969 658 0
1164 881 3
442 449 2
1231 1584 28
500 513 26
598 1239 30
1227 610 2
1252 355 8
167 50 14
1000 670 2
324 49 2
98 411 7
685 958 3
1483 722 2
435 793 8
1140 309 33
88 1567 7
297 850 6
1317 1243 7
265 1062 5
420 85 2
1207 1116 7
1009 957 8
1317 475 27
420 773 2
350 1578 5
960 1355 1
425 697 2
1215 390 7
29 1315 5
48 434 1
1025 1397 0
491 389 36
362 911 31
1090 1392 7
300 807 7
938 1125 52
619 1342 7
1394 857 27
270 423 2
55 147 7
1295 1252 2
562 1268 5
55 485 2
399 531 2
1055 1330 7
958 1437 8
54 2 2
157 1031 2
176 32 2
346 929 7
298 1314 5
999 1146 77
377 113 2
577 626 2
1500 1359 2
122 677 2
115 4 1
148 1062 8
167 459 8
227 186 1
155 650 2
1079 671 30
1344 929 57
1009 1388 7
1245 1079 57
931 59 7
1274 971 74
1483 1126 2
1146 424 7
1351 1415 37
126 545 2
335 661 2
1352 1245 37
590 92 8
483 626 8
512 1578 5
126 936 8
1033 1078 2
1207 646 5
1242 798 2
442 1077 2
907 612 2
440 503 2
569 22 8
1253 25 2
925 671 33
804 424 8
1456 284 2
324 1073 2
462 848 8
852 477 41
234 75 3
1215 1482 7
278 920 1
1424 101 26
1327 1227 6
421 1299 2
882 898 2
1460 706 2
684 1291 14
974 1200 2
658 114 8
202 1029 2
211 1384 8
311 627 7
485 1325 5
922 362 30
1062 646 5
1337 377 8
403 929 7
270 1515 2
172 108 1
824 1227 6
285 1367 2
52 1097 7
66 116 2
75 471 8
35 1405 2
1184 1042 2
151 1344 37
508 929 7
910 606 35
72 1310 8
1541 686 7
658 384 3
1156 766 5
374 293 0
534 942 33
981 377 7
1200 719 8
961 497 7
1314 753 23
285 903 2
406 211 7
643 21 8
30 1309 2
1453 270 3
721 145 27
450 1236 6
601 1389 7
601 993 7
988 32 8
45 270 2
490 1212 8
1506 602 2
195 641 20
1025 1416 2
1496 1584 28
291 75 3
1137 1156 7
199 1335 5
1496 804 38
882 223 26
309 513 30
595 1108 8
831 1345 2
1258 488 2
1373 1388 7
20 510 7
1270 1147 2
1140 745 2
934 433 7
591 742 23
442 667 27
648 1399 6
1355 1110 2
1229 265 6
373 1384 8
581 626 2
1160 462 8
813 1062 3
1120 1000 2
753 1399 6
170 597 71
186 1227 5
468 533 3
242 23 79
300 31 30
1132 174 1
1035 677 2
432 1078 1
752 1325 5
1459 325 1
1460 1402 2
552 958 3
1232 817 48
1339 1314 7
545 1131 2
1337 1078 2
725 99 66
1138 98 8
1221 1310 7
1121 365 2
144 1325 5
418 591 1
1114 579 2
662 1133 2
997 823 7
157 1315 5
1552 1298 7
116 1616 55
459 59 8
1474 307 2
1446 666 12
75 766 7
1355 998 29
657 98 33
311 48 7
576 160 14
155 200 10
63 1389 8
1525 461 1
167 301 16
192 1502 2
533 37 8
55 206 2
738 433 7
928 1070 5
338 311 30
436 98 14
432 63 8
847 1161 7
512 264 2
85 167 8
541 98 14
1400 1062 7
176 1310 7
1301 59 7
1322 462 8
154 938 2
479 1 6
605 450 2
285 215 8
601 18 7
630 533 3
387 32 7
32 875 6
311 315 30
507 59 59
625 167 8
1187 32 8
1042 471 2
882 1578 5
978 22 30
707 1131 2
1472 1475 1
1042 763 2
22 942 2
22 546 2
1132 1266 1
250 1207 8
127 533 3
1262 1448 2
1261 686 1
1344 582 57
265 663 8
34 553 2
411 1325 5
127 487 8
29 228 8
32 1577 8
311 539 30
450 468 2
1467 1087 1
1114 109 0
1135 1345 2
230 671 33
1053 21 8
179 412 5
673 1295 2
218 104 2
285 1221 20
1228 1594 1
1463 1384 7
590 37 8
916 958 3
677 736 2
1140 950 33
790 1396 8
790 563 7
1474 1003 2
1397 1310 5
442 626 2
1253 554 23
997 763 7
1161 59 8
238 172 8
1357 933 2
1456 229 2
324 622 2
679 129 8
541 804 2
25 1070 5
1383 958 5
365 1315 5
1446 367 2
902 65 8
55 834 2
295 1106 2
848 493 6
493 1377 6
702 660 5
856 938 2
1262 389 36
1291 368 31
500 1078 2
483 611 1
600 758 2
932 850 6
1184 1310 8
1460 976 30
1458 179 15
470 269 6
475 914 2
263 295 2
32 279 2
264 732 7
1163 1141 2
1506 151 2
65 90 8
606 1200 2
21 399 2
1042 1391 2
150 611 2
360 656 2
712 21 8
1025 1315 7
524 531 30
981 920 9
34 488 38
510 42 8
434 1327 6
450 321 6
745 311 35
911 798 2
1258 829 2
797 1342 7
28 112 8
820 59 8
126 1217 8
392 330 8
1375 97 7
792 500 2
396 1118 5
655 1418 7
552 466 2
284 948 15
1164 37 8
324 1250 2
657 466 2
550 1000 2
1502 453 34
1220 43 6
610 1000 5
1496 1270 5
736 850 6
997 80 7
221 1062 8
362 1451 30
759 1070 7
905 804 2
673 148 2
779 833 8
1447 562 23
1346 919 2
658 250 7
362 60 71
265 1227 52
322 531 7
1102 34 12
1552 1243 7
779 1125 8
795 119 8
1156 1407 5
430 165 2
1373 743 5
1437 938 33
172 722 2
1325 1199 7
1507 1504 57
66 689 2
605 958 5
71 1009 2
606 1271 1
401 433 7
1309 1337 2
874 21 8
765 377 8
269 1298 7
166 661 2
581 36 30
620 420 2
850 502 2
632 917 8
99 1567 4
1271 853 12
49 591 2
782 513 30
167 1395 7
603 1078 2
1299 1340 2
834 373 6
1250 293 0
1084 259 8
1055 928 7
1258 1525 2
836 150 2
1055 824 7
40 1310 8
252 882 27
1307 533 3
1458 34 41
1302 167 8
145 1211 2
998 658 66
898 1070 5
752 462 8
142 1460 8
1270 991 1
170 1238 71
1181 21 8
577 912 2
577 516 2
39 958 3
484 577 2
1161 1342 7
914 1568 2
117 1314 1
1398 104 2
1026 958 2
230 324 33
468 377 2
1029 704 2
769 1227 6
249 462 8
395 1070 5
1025 610 2
1025 214 2
434 284 6
1535 21 20
847 412 5
632 957 1
674 732 7
447 599 2
674 1070 2
858 224 5
1442 1160 1
1317 769 27
1304 209 5
653 1000 2
1359 824 23
1458 1144 2
774 1042 2
178 792 6
438 531 2
1332 1087 1
581 1418 8
69 1131 2
383 1200 15
1227 768 2
80 155 7
370 595 41
1351 264 2
1316 491 1
657 671 33
1210 296 7
869 199 2
861 718 2
623 1258 2
399 533 2
295 363 2
273 651 53
577 1152 26
1132 92 8
618 1131 2
1283 1575 2
1128 52 8
1274 660 5
436 671 14
512 837 2
541 671 14
579 440 35
1210 957 8
1394 979 27
485 792 6
929 658 0
634 808 8
270 1337 2
820 1055 1
167 357 8
411 462 8
557 1070 5
101 1291 16
581 1166 1
627 1314 8
269 588 8
28 1395 7
1174 21 2
297 300 2
59 881 3
503 409 2
604 675 2
700 549 48
205 612 77
533 440 30
150 160 2
673 101 26
138 450 2
1119 22 30
163 533 3
631 75 3
377 626 8
720 32 8
101 675 2
958 226 3
1141 272 2
1041 1042 2
442 929 7
825 32 8
1544 1335 5
1495 958 2
364 172 8
64 1292 30
142 21 8
1258 769 8
563 1053 2
218 677 2
126 766 8
864 1070 5
1474 1284 2
1375 42 7
1207 476 5
737 64 30
1358 350 2
761 1005 1
1328 1392 7
1093 1399 6
311 530 1
1310 298 5
518 293 0
324 903 2
792 841 2
408 377 5
1210 1388 7
1227 1418 7
1094 1567 1
158 1207 5
362 1500 30
221 616 2
150 485 30
195 1491 7
797 1156 8
217 126 2
671 1482 8
185 479 27
325 1224 33
1226 973 74
1567 824 23
581 47 8
1338 798 2
1424 223 26
634 46 6
306 929 7
898 1062 8
1000 309 33
747 1247 2
1106 1291 33
189 1156 8
254 801 10
1156 1352 5
1210 1612 7
295 1283 2
1084 873 33
52 1231 17
684 109 0
191 59 8
780 1456 30
738 1156 8
277 1355 2
269 1243 7
981 499 7
706 850 6
620 365 2
581 1152 26
1551 796 4
466 1154 1
843 661 2
1288 1207 8
150 856 2
1141 297 6
479 1243 7
1287 1314 2
227 1004 1
930 1589 38
1356 948 15
164 63 8
290 75 3
619 462 8
865 533 3
157 277 8
33 1078 2
357 1483 2
195 763 20
830 1345 2
581 1417 27
485 420 2
923 789 2
1399 384 3
1164 787 2
735 377 8
1025 823 33
792 1199 7
808 531 2
699 491 2
28 685 8
372 1127 8
938 1198 54
128 662 2
673 497 2
849 1200 15
1131 903 2
223 22 2
1468 510 7
552 747 2
311 1554 1
1030 479 2
22 368 2
452 1062 8
471 63 8
634 1138 6
126 83 8
1084 1514 0
383 199 30
1090 533 5
104 1138 2
1424 1578 5
923 139 3
547 620 2
1335 1342 7
1253 444 23
98 582 7
346 273 8
576 355 8
900 1156 8
1340 59 7
344 433 3
673 424 8
88 1342 7
350 315 30
657 324 33
1445 397 2
1314 1226 12
641 1131 2
199 1217 8
581 1073 30
474 1245 5
528 1447 2
1215 957 7
576 678 14
170 936 7
519 1483 2
1313 63 7
768 269 8
769 104 2
300 628 2
526 774 2
327 284 14
350 539 30
499 596 33
1282 1446 1
752 1207 8
1076 779 7
294 743 3
1173 1447 2
503 26 2
739 362 2
22 840 2
829 1396 8
1405 239 2
246 1070 2
442 1152 26
199 1047 30
1355 1554 0
266 858 12
145 1492 2
498 75 3
59 92 8
126 492 2
1291 1337 7
1047 1309 2
1397 59 7
511 293 66
201 660 5
21 289 2
476 1084 2
386 972 9
1253 1191 12
155 425 2
1052 21 8
1249 1494 1
1247 1357 2
442 1417 27
1163 1062 8
170 1135 30
1126 1607 2
98 1278 7
1036 172 2
931 167 8
1304 1246 5
386 904 9
1028 533 2
442 415 1
1567 837 23
852 199 30
325 1150 7
1456 455 2
420 865 6
539 1474 2
878 601 7
1298 533 5
170 903 6
501 658 0
558 214 2
176 477 41
286 311 1
112 958 3
796 65 8
194 697 1
191 1342 7
295 1016 12
311 844 2
1447 983 33
1351 837 2
1056 1325 5
569 21 8
563 1217 8
322 462 8
1084 1236 8
1161 1325 5
872 914 2
1502 1376 15
1502 99 0
406 450 7
148 1227 6
395 616 2
871 269 8
800 761 15
398 362 2
961 277 1
961 318 2
1547 390 8
632 119 8
30 792 2
729 350 2
1461 1392 30
1460 806 30
1081 66 2
228 1314 5
239 804 2
610 1070 2
522 384 3
601 768 7
126 1120 2
498 662 2
489 167 2
466 297 6
337 1327 6
1521 958 3
21 917 2
494 167 8
1061 910 2
1383 403 7
158 52 8
485 365 2
577 114 2
359 295 2
1505 433 7
1379 701 2
29 937 7
565 300 2
170 160 30
1039 533 3
1525 1304 5
458 1342 7
563 1230 2
463 59 7
630 1070 5
1039 487 8
403 338 5
747 1514 0
632 159 1
1232 1384 48
1456 1479 2
307 1446 2
768 1557 1
1439 1345 2
820 1325 5
1325 1097 7
670 920 2
636 914 2
370 420 20
199 37 7
1232 1212 48
581 726 30
1207 440 7
199 766 8
686 1413 5
981 1140 7
1106 512 2
69 661 2
1570 59 8
350 192 30
300 1198 54
300 177 2
303 22 8
1211 804 2
847 936 7
620 938 2
1061 1314 2
869 21 2
403 390 8
1198 350 2
1405 1495 2
4 808 6
1176 450 2
1078 1298 7
440 958 5
1184 66 2
391 581 2
1394 869 27
32 1133 2
24 1359 2
1424 54 7
1196 167 8
109 1105 0
860 52 8
668 1178 5
599 1160 2
484 434 1
273 577 2
499 753 23
771 1000 5
601 85 7
154 1396 8
145 1041 2
59 37 8
983 513 30
322 792 6
367 697 2
47 462 8
143 462 8
909 1078 2
941 663 8
772 687 77
29 3 8
917 1144 2
29 341 3
1037 150 2
126 369 2
997 1002 7
581 1420 8
483 54 8
792 1004 27
595 1525 40
677 178 1
1567 821 2
396 830 30
1114 1446 2
1025 435 8
325 849 2
258 1446 30
1391 1227 8
558 823 33
692 462 8
231 661 2
1033 798 2
325 1199 7
334 98 33
442 459 7
325 1044 69
968 658 0
98 1155 7
295 657 2
1547 1381 7
362 598 30
195 1381 7
616 223 26
420 54 6
291 576 1
409 1309 2
420 829 2
789 958 3
514 1309 2
1072 1227 52
1399 321 6
1445 1262 2
420 1121 2
1563 1396 8
109 355 8
878 1207 8
124 1315 5
630 1062 8
1080 1042 2
1393 1375 27
1200 147 8
252 136 6
1131 987 55
864 32 8
1303 1396 7
1200 881 3
1177 662 27
4 719 15
329 704 35
718 933 2
503 307 2
850 45 2
731 531 7
872 98 8
1516 697 1
900 66 2
958 1452 7
362 1073 2
507 462 59
1396 114 7
928 910 2
1369 1245 1
159 350 2
784 733 77
373 839 7
1299 23 2
575 661 2
581 619 27
915 293 0
1028 882 2
4 57 6
923 387 2
211 1243 7
36 21 8
774 1469 47
1078 588 8
632 720 15
673 223 26
337 545 27
147 1062 8
1359 474 2
442 1493 2
324 1197 2
524 651 41
699 89 2
883 1567 1
1357 1404 2
951 958 3
454 1239 2
1036 1141 2
1478 1446 2
1245 27 12
449 1310 8
1258 891 8
1056 462 8
769 1062 6
1120 1070 7
170 1184 6
420 1525 2
1450 1375 27
1460 1122 2
1307 1070 5
417 673 27
337 769 27
464 172 2
1181 1000 5
1145 1207 8
1555 1375 27
550 1567 2
387 533 5
464 167 8
1570 1342 7
595 774 40
1357 25 2
644 183 2
392 761 15
370 1345 41
1446 770 2
403 1381 7
1207 489 7
1156 1578 5
65 296 7
85 59 8
867 433 7
869 1345 2
192 534 2
1317 140 27
185 533 27
1304 454 7
377 846 6
641 661 2
419 1396 8
720 590 1
1080 651 53
1544 1217 8
503 189 27
372 369 1
1151 1132 0
373 1243 7
616 911 2
730 1271 2
718 1561 2
1306 167 7
514 558 2
580 1344 1
632 296 8
246 1245 37
294 3 8
1131 1376 15
1076 377 7
294 341 3
150 1082 2
270 88 2
222 910 1
1315 63 7
668 1227 5
1174 479 2
554 483 15
1245 228 57
55 249 8
350 1124 16
518 129 8
1117 958 5
494 98 33
606 58 7
1056 434 1
1372 1614 7
1275 1284 7
626 172 2
4 685 6
1477 1502 2
544 1373 21
594 420 8
139 21 8
109 1023 1
565 581 2
294 1335 5
1141 1418 2
155 18 8
241 526 7
1229 613 6
487 39 8
228 172 2
1316 59 5
362 249 8
325 794 2
899 269 7
75 412 5
479 355 8
1023 1310 8
109 81 2
895 1062 8
1040 75 3
1261 1062 8
697 722 14
856 1325 5
676 558 2
1317 836 27
411 1375 27
1031 65 8
601 1335 5
377 1187 0
97 793 8
1428 52 1
303 663 8
1447 873 33
531 1284 2
1215 787 7
847 1577 7
39 493 6
1327 136 6
420 769 8
1279 958 5
311 688 7
170 766 7
528 65 8
1384 958 5
631 1314 7
172 210 2
285 636 2
635 499 1
719 136 6
1160 75 5
650 433 3
324 375 30
372 1388 7
266 1140 2
1285 293 0
527 167 8
1056 792 6
824 136 6
1200 92 8
1210 1128 8
406 21 8
1270 1566 1
503 648 2
999 1215 77
836 1309 2
527 63 8
500 798 2
127 616 2
34 1587 38
1210 1420 8
815 1239 2
285 959 8
479 1124 2
601 704 2
958 233 27
1183 403 7
604 450 2
171 104 8
1503 958 3
163 330 8
1438 172 8
1264 1344 37
852 433 3
533 611 30
1085 1340 30
254 1511 74
468 1140 2
350 844 2
729 167 8
586 126 2
241 1200 2
923 332 2
591 446 2
503 471 8
904 512 84
227 83 1
101 450 2
594 75 3
713 21 8
1359 419 2
1349 1283 2
702 910 7
657 761 15
126 942 2
28 228 8
660 721 1
579 982 7
454 450 7
386 1509 5
923 264 2
798 1230 2
65 1246 5
1237 433 7
563 1120 2
586 350 2
661 1491 7
334 671 33
1471 28 59
901 656 2
324 678 2
85 1342 7
1210 1122 6
812 36 14
190 1342 7
1338 677 2
1450 651 53
430 158 27
1014 663 8
1555 651 53
172 568 7
290 1314 7
1447 282 23
73 1506 2
411 1042 2
1314 1445 2
792 881 3
941 938 6
1087 1109 2
534 1274 12
1553 1131 2
1179 677 7
613 43 6
128 513 26
762 59 8
273 779 6
66 409 2
234 1070 5
507 1207 59
1304 3 7
502 600 2
577 681 27
172 833 8
651 1031 40
555 52 8
157 125 2
616 856 2
297 433 7
1547 908 8
581 152 30
1446 980 3
996 167 8
494 466 2
1497 270 1
855 938 2
420 18 8
603 798 2
503 1568 2
272 269 7
678 513 30
1497 958 1
255 577 2
1436 533 3
270 33 2
161 92 8
32 685 7
1129 1388 1
45 563 2
498 487 8
1085 213 13
1258 1199 7
663 388 5
1375 1305 7
1035 350 2
1526 1062 8
1545 63 8
1373 1389 7
1176 663 8
1359 1443 2
581 231 2
993 1475 37
937 63 8
238 779 7
170 678 30
673 272 2
1314 683 0
346 908 8
558 1428 2
1047 779 8
359 52 8
291 1070 5
1232 543 1
982 581 1
545 1424 2
439 1391 2
185 882 27
997 824 7
1321 792 6
659 1342 7
200 1345 2
919 270 3
1215 800 7
547 291 2
657 1502 2
973 909 1
1297 1314 1
1262 704 35
300 471 2
11 999 19
285 854 27
936 1070 5
454 32 8
357 1310 5
1084 388 2
559 32 8
199 893 2
916 1325 5
466 1246 5
614 63 5
190 533 2
1304 631 7
1394 1163 27
847 766 7
1355 1105 0
420 255 2
514 1131 2
1200 37 8
271 1405 2
1355 1397 0
176 442 2
1477 1373 0
505 433 7
285 221 2
858 481 74
577 1036 2
1544 119 8
1055 880 7
263 1271 2
1141 1388 6
508 908 8
1204 63 8
1350 1446 1
656 873 14
820 1207 8
170 1082 30
232 812 1
1518 21 8
1146 42 7
300 1124 30
707 1424 2
377 54 8
1402 533 3
271 21 8
1252 606 2
1460 230 41
1442 1284 1
1158 855 3
285 1548 5
1129 241 1
1567 1006 1
1029 1052 2
219 1141 2
512 440 35
673 900 2
373 702 8
1087 241 35
862 658 0
218 59 7
102 675 2
782 1232 2
1346 68 2
677 1133 2
563 773 2
561 199 2
259 581 3
967 658 0
858 280 5
462 502 8
1210 338 5
498 513 26
648 1424 2
144 293 0
89 909 2
762 1342 7
1261 32 8
1101 971 74
80 211 7
1506 1225 0
300 1495 2
1460 652 2
581 163 8
1306 270 5
172 455 2
1039 1070 5
579 960 35
68 1131 2
1084 236 12
1439 28 2
622 973 58
1232 125 2
534 200 33
534 596 33
487 355 7
116 311 25
292 104 2
616 905 2
74 420 2
847 83 7
294 808 8
374 1009 2
676 1456 30
1268 790 5
1124 697 14
581 138 31
462 163 5
61 65 8
53 350 2
285 1578 3
151 1396 8
486 1087 2
1398 1252 2
9 1009 1
255 126 2
365 1337 2
601 939 7
1460 873 30
256 1396 8
1502 1264 2
195 97 8
269 936 8
173 1456 30
1515 804 2
581 70 31
1275 486 7
33 798 2
157 685 8
806 812 1
442 1381 7
1052 325 2
792 627 7
1133 1062 7
929 59 7
337 667 27
513 1340 30
1258 1122 2
1201 1070 5
922 1007 2
1409 961 35
1158 1437 8
28 743 3
1306 1070 5
501 663 8
1025 1581 8
359 2 2
335 1131 2
591 200 33
913 601 7
1232 763 48
1483 681 2
558 366 33
463 167 8
677 54 2
1310 646 5
127 75 3
109 1574 2
39 1325 5
362 1452 30
590 622 35
3 1379 8
293 891 7
438 300 2
576 471 8
534 1292 33
524 1299 2
658 1026 3
1105 124 1
796 1156 8
1236 59 7
1008 172 8
205 718 7
1110 327 2
199 546 2
867 997 2
531 486 2
1207 215 7
199 937 8
993 1062 8
588 1325 5
1210 357 7
1144 546 35
350 1126 16
167 981 11
510 766 7
958 271 7
450 1499 10
166 662 2
395 104 2
1209 63 7
847 711 7
1252 856 20
558 3 10
317 769 8
1291 833 7
1299 945 2
1550 1227 8
517 129 8
843 1405 2
270 314 2
595 596 16
1116 958 5
530 65 8
999 709 77
439 905 30
1055 825 7
1474 911 31
302 920 9
601 256 7
403 97 8
40 1207 8
1259 1310 7
157 917 8
340 1359 7
109 1249 1
4 1203 6
577 913 2
22 492 2
661 824 6
1359 1328 2
591 1292 33
555 1375 27
122 172 2
1506 357 33
772 858 77
1252 259 2
780 1446 1
1 43 6
337 1295 27
155 244 8
932 433 7
350 1125 8
155 140 8
917 1310 8
1024 677 2
1372 65 7
449 66 2
934 75 3
270 535 30
1474 657 2
317 908 7
85 590 2
770 1129 7
563 322 2
1001 1087 2
483 855 3
1179 350 71
325 974 7
162 1070 5
858 225 5
1349 417 2
1009 419 7
87 1456 2
1247 1009 2
1364 269 2
761 670 1
558 890 33
606 1239 30
89 562 2
190 882 2
575 63 8
329 888 2
980 1309 2
920 983 14
1446 873 33
350 1455 30
1506 1170 0
563 249 8
1460 597 2
1357 444 23
1210 297 7
45 1567 1
420 500 2
170 1388 7
1570 462 8
1215 1305 7
452 801 10
1456 836 3
420 891 8
273 377 6
595 1292 16
877 558 2
1338 98 8
189 65 8
1129 810 15
618 1424 2
449 1325 5
731 306 7
325 1014 0
1436 1396 8
150 229 2
1271 1047 33
155 945 2
729 65 8
628 533 3
370 914 2
293 743 3
819 568 7
195 88 3
526 694 39
1547 42 8
623 167 8
232 697 1
1351 440 35
1109 293 66
155 853 12
126 840 2
240 1200 2
392 52 8
1042 1337 2
503 743 3
1496 403 38
279 531 50
927 611 1
21 1033 2
741 98 14
377 627 8
150 453 2
1502 745 2
1029 1333 2
1132 133 1
819 833 8
160 1239 30
1201 327 5
1170 1575 4
220 1252 2
238 377 7
265 1239 30
1166 1156 8
819 1125 8
1357 1191 12
849 573 15
458 1062 7
116 325 2
125 581 2
542 1469 47
581 116 8
1035 172 2
686 139 3
1035 167 8
1456 803 2
1500 1310 5
600 519 35
1132 789 8
519 591 1
1549 656 1
1479 325 2
286 1055 1
570 663 8
894 1342 7
295 1352 2
1044 145 40
716 1325 5
847 0 0
997 318 7
650 1314 2
515 155 1
1438 433 7
191 29 2
1227 86 2
1253 471 8
558 523 23
70 675 2
790 533 3
1210 1613 7
1439 601 2
790 487 8
199 90 8
66 239 2
848 1446 2
997 250 7
491 1418 7
267 1078 27
292 677 2
59 1199 7
543 172 8
252 1227 6
291 32 8
1207 92 7
1397 1207 7
843 662 2
498 1078 2
269 1577 8
707 798 2
701 1557 1
1416 150 2
1394 297 27
1394 693 27
377 1328 2
150 857 2
227 1005 1
261 295 2
1230 483 15
344 1507 1
1055 770 7
489 136 6
1039 616 2
739 22 8
1383 63 7
1197 167 8
1258 1367 2
4 856 6
558 1046 12
1399 47 8
359 747 2
1299 1114 2
1460 159 20
168 270 3
22 437 2
904 1262 84
362 92 8
1442 486 1
1160 590 2
674 1084 2
361 199 2
450 359 2
876 581 1
645 1357 1
1140 1160 2
879 327 1
325 569 2
65 393 5
632 903 1
1239 492 2
1351 278 2
790 850 7
774 300 2
588 462 8
347 1310 8
439 1221 2
167 1335 5
430 411 2
595 1177 40
238 63 8
98 875 7
98 916 8
762 882 2
139 22 30
1108 75 3
886 769 8
599 594 10
98 1307 14
395 513 26
910 90 8
409 1029 2
85 462 8
1429 1097 7
199 723 2
1210 638 7
466 1472 5
1084 568 7
539 675 2
146 293 0
420 841 2
1429 1389 7
170 937 7
90 1511 9
494 1342 7
84 330 2
722 1567 1
579 1388 61
1456 484 9
372 393 5
302 499 7
421 671 2
992 891 8
66 1555 2
285 411 2
865 59 7
941 377 6
606 534 1
650 167 2
395 677 2
1184 1375 27
1552 83 8
306 116 8
159 34 53
500 677 2
145 728 1
1282 1447 1
148 136 6
503 423 2
514 1253 2
1084 833 8
1084 437 8
683 1132 0
1295 1424 2
1399 265 6
938 1338 2
1376 63 1
600 649 2
1084 1125 8
917 493 6
285 734 8
155 494 2
1055 1002 7
730 295 2
23 1359 2
718 201 12
891 1129 1
150 106 2
636 1314 5
365 471 2
359 1271 2
122 1141 2
1024 958 2
487 384 3
1349 1454 2
32 97 8
98 1279 7
301 886 77
20 346 7
1166 58 39
1304 851 5
28 3 8
28 341 3
563 603 2
126 1108 8
206 1309 2
454 563 2
942 1239 30
795 1389 8
1471 199 59
1521 1325 5
238 300 2
193 718 57
1315 1131 52
1307 1227 6
838 1314 5
697 1125 14
1553 1078 2
676 1357 2
420 1199 7
226 882 2
233 663 8
1447 388 2
1445 671 33
684 671 14
647 779 7
479 1448 30
1232 189 48
28 1335 5
867 199 2
634 284 6
99 63 8
824 1399 6
1442 0 2
396 1315 7
27 761 15
285 1097 7
285 1039 2
627 1227 7
86 59 8
115 573 15
285 1389 7
1200 891 8
579 855 5
59 1581 8
215 533 5
620 311 2
927 960 1
89 622 35
606 1507 12
205 576 14
1357 1514 0
1081 651 53
1207 37 7
65 240 7
377 201 12
1503 1342 7
162 512 2
752 129 8
1085 452 13
1081 21 7
523 1200 15
89 441 0
487 1097 7
607 599 2
730 1314 8
501 269 8
810 1078 1
1506 670 2
507 1310 8
323 211 5
927 1184 1
575 1405 2
877 1456 30
380 420 2
1259 850 2
157 119 8
591 890 33
741 671 14
1215 1184 5
1164 728 8
1488 638 2
362 37 8
627 1325 5
1495 325 2
140 21 8
221 1258 2
31 377 8
1152 1310 8
89 1389 7
1274 397 75
458 32 7
849 477 41
305 697 1
269 111 15
1253 820 8
1382 199 7
325 514 2
1021 65 2
778 1131 2
1456 1376 2
950 948 15
1203 136 6
1317 223 26
1402 1070 5
936 75 3
270 357 30
997 891 7
1304 870 7
842 1140 1
920 873 14
442 97 8
787 1314 8
24 658 0
65 1332 7
1317 488 27
1405 854 27
46 1399 6
372 338 5
847 937 7
350 485 30
1283 732 7
1437 59 7
1283 1070 2
869 22 2
1461 22 30
747 437 8
1302 462 8
841 661 2
619 1396 8
197 21 8
1184 651 53
162 1140 2
1156 151 5
638 793 8
503 368 2
527 179 8
285 387 8
1184 21 7
934 910 1
582 1131 2
500 914 2
494 1156 8
894 1325 5
1124 573 15
491 554 2
601 86 7
487 163 8
711 1239 2
195 1337 20
1532 39 7
701 104 2
266 1084 2
91 1132 5
205 107 77
126 730 2
21 235 2
1225 1344 5
365 119 8
577 1035 2
1440 852 20
0 124 1
293 1422 1
499 97 8
914 88 2
29 296 8
337 210 27
487 387 8
1215 501 5
512 611 35
98 1620 7
364 63 8
818 434 2
1028 479 2
231 662 2
454 508 2
1025 728 8
652 779 6
503 1335 5
563 881 3
213 1310 7
911 269 8
1254 958 3
746 957 5
1133 433 7
875 1210 6
1333 1342 7
1444 295 2
1140 62 2
209 63 7
992 1199 7
1001 98 33
86 1342 7
645 155 1
724 1314 1
1463 114 8
1000 596 33
1000 200 33
417 270 27
1565 269 2
530 992 2
950 581 5
534 702 12
1439 199 2
1337 98 8
1488 1610 56
493 1153 6
626 1342 7
1395 533 5
868 424 2
1330 1396 8
820 483 15
1084 368 33
1304 119 7
479 101 26
1042 902 1
945 1009 2
383 1144 2
1146 139 5
925 483 15
888 573 15
377 530 2
1264 75 5
1507 876 57
267 65 7
1160 1567 2
510 183 2
1284 1355 2
1158 1384 8
575 662 2
1275 657 7
126 1358 2
335 1078 2
945 21 8
1251 1575 2
1271 901 2
1259 795 2
923 680 2
1130 992 1
116 136 6
829 533 3
161 36 8
28 226 3
934 533 3
170 106 30
599 743 3
541 1469 47
193 1359 57
1478 1447 2
591 702 12
1158 1212 8
593 52 8
618 910 5
792 672 2
148 32 8
1474 200 2
311 1445 1
51 1310 5
859 1375 27
755 721 1
792 626 7
889 461 1
219 269 2
569 663 8
1000 1292 33
1474 492 2
632 1 1
293 1400 2
997 148 7
189 1342 7
1567 363 2
1200 1199 7
418 1000 1
317 716 8
1200 1491 7
1227 208 2
442 42 8
1315 325 52
997 855 3
1215 452 7
766 793 8
172 1577 8
510 937 7
834 1342 7
69 503 2
127 513 26
338 324 30
162 793 2
655 80 8
1459 1392 30
335 958 5
1056 1232 2
294 296 8
433 1118 5
599 1106 2
917 779 6
161 1128 8
64 216 30
595 769 38
321 75 5
779 603 6
1047 1200 2
1047 804 2
923 1308 2
1500 1025 2
1414 21 8
357 295 2
1207 88 5
907 450 2
577 980 2
199 911 31
1519 21 8
1024 556 2
499 88 3
1252 722 2
333 433 7
1146 90 7
696 52 8
450 877 2
628 1070 5
579 355 7
876 324 5
1123 1310 7
1137 167 8
258 1392 30
425 1344 37
672 533 2
334 1447 2
941 961 35
415 1310 5
891 1342 7
194 656 1
632 1421 1
457 199 2
996 1342 7
311 803 2
1447 942 33
289 513 26
804 90 8
647 377 7
396 160 16
281 420 27
971 1516 2
1502 939 15
323 107 7
490 1118 5
1567 264 23
1317 272 2
1122 1227 8
882 856 2
185 269 2
213 21 8
1314 818 2
1239 937 8
328 1156 8
334 63 8
84 556 2
789 462 8
1084 1127 8
416 577 2
853 973 74
411 311 2
49 1355 2
1040 1070 5
894 462 8
387 75 5
170 1059 7
462 1554 5
1338 269 8
1407 1062 7
189 477 70
1303 1342 7
636 104 8
836 914 2
1399 95 6
285 569 2
293 226 3
503 545 2
258 1299 2
790 1070 5
228 850 6
450 506 6
601 659 7
1351 611 35
1163 1258 2
272 663 8
701 677 2
322 1325 5
320 792 6
162 433 8
1382 1572 7
65 1315 5
1299 261 2
483 1384 8
677 1549 2
543 325 20
450 438 6
21 1199 8
1253 983 33
558 113 2
1367 882 2
547 1002 1
1480 732 48
819 1296 8
170 51 30
681 1575 2
112 420 2
849 22 30
125 59 8
563 1121 2
218 1141 2
392 483 15
167 1047 30
792 221 2
1468 346 7
254 466 75
966 658 0
619 961 31
95 718 2
4 1388 14
141 920 9
594 1070 5
176 600 41
372 1315 5
302 1025 7
1001 671 33
138 1239 30
1232 541 2
671 1550 8
1552 568 7
398 1345 2
1380 1131 20
170 1395 7
961 468 1
1443 1262 2
317 265 8
70 450 2
1317 796 2
1314 666 12
75 770 2
1447 191 33
1062 1418 7
591 441 0
877 1357 2
118 533 5
167 1126 2
861 499 2
1301 1396 7
765 98 8
626 1584 28
616 857 2
317 197 8
1547 1305 8
659 65 8
850 223 2
483 960 1
557 64 50
939 850 6
291 104 2
388 434 2
209 961 35
506 172 8
374 1357 2
499 36 33
991 973 9
1299 1061 2
1271 1250 2
212 311 35
1076 661 2
365 1393 2
1271 523 23
1388 1310 7
988 396 30
367 656 2
1458 98 30
295 1225 0
380 1042 2
58 694 39
1229 627 6
1449 513 26
28 1217 8
675 1166 1
1399 114 8
1325 226 5
1252 375 2
569 1309 2
1355 1404 2
411 269 20
1483 737 2
172 1166 1
1421 104 5
1054 462 8
1025 326 8
652 377 6
1507 205 19
1317 384 5
1392 861 30
1305 1070 5
434 297 6
855 595 5
1132 1197 2
515 1314 1
997 429 7
507 847 0
89 282 2
1215 1197 7
547 688 2
547 292 2
341 21 8
1442 1214 2
1304 1096 7
958 313 5
510 412 5
980 1029 2
902 533 3
321 1342 7
143 1325 5
281 365 27
409 804 2
837 179 15
590 743 5
1209 479 7
979 1131 2
1483 229 29
306 355 8
430 806 2
4 241 14
996 1156 8
1124 1456 30
877 377 8
285 582 2
55 495 8
1129 926 15
52 1437 8
730 534 2
1183 21 7
55 787 8
1042 833 2
514 1424 2
157 1437 8
4 1327 6
843 150 2
1545 1156 8
1506 877 33
1127 533 5
167 37 7
241 43 6
1460 642 30
390 59 8
591 460 2
115 311 1
137 1156 7
1172 433 7
1456 152 30
657 483 15
699 1359 2
55 719 8
718 360 2
479 1362 2
958 611 34
1391 1131 2
46 958 3
601 942 2
513 781 30
31 1200 2
183 52 8
125 1342 7
587 1580 18
1112 293 0
1130 590 1
479 251 33
383 671 30
449 1375 27
1078 83 8
577 1553 2
479 898 2
1029 1449 2
1029 1053 2
599 341 3
25 32 8
899 155 7
914 210 2
676 1200 2
1025 1251 2
1047 1007 44
916 1310 8
442 628 2
1003 1351 2
440 450 2
85 938 2
1359 297 2
381 362 31
172 1417 27
792 166 2
1000 890 33
563 1457 8
437 1446 2
789 1207 8
104 231 2
311 1376 2
961 307 30
1349 1453 2
1337 293 2
172 415 1
599 1335 5
1392 1554 0
14 534 5
1131 220 2
346 54 8
289 958 2
806 1239 30
1439 29 2
531 255 2
1399 1236 6
552 59 8
148 1399 6
686 957 5
503 894 2
1533 1314 1
55 1128 2
1232 855 3
309 531 2
1204 1156 8
281 324 2
1284 1357 2
601 1008 7
1351 960 35
267 798 27
499 1292 33
45 285 2
616 1198 2
269 568 7
479 223 26
82 32 8
961 736 7
747 1583 8
45 577 2
1207 249 8
1397 531 7
498 798 2
761 3 8
784 1320 77
862 269 8
761 341 3
503 722 2
252 616 27
498 793 8
266 1291 33
477 1124 2
1500 295 2
522 114 8
722 1419 8
1412 226 2
160 600 44
936 1360 2
656 191 14
455 1399 6
1448 1456 30
369 914 2
317 1578 5
195 880 20
21 693 2
266 330 8
590 298 7
951 1207 8
142 1131 2
340 732 7
697 1606 2
735 98 8
818 1310 7
999 306 77
674 512 2
1359 993 2
819 1577 8
27 477 2
909 914 2
464 462 8
565 426 7
449 1042 2
176 1345 41
170 624 30
903 300 2
315 1310 7
849 199 30
687 1581 8
1251 21 8
572 63 7
468 330 8
377 412 5
269 277 21
792 1581 8
439 1337 2
265 1314 5
98 303 7
1252 148 2
338 179 7
779 1127 8
576 863 14
1000 62 2
207 973 2
563 18 8
673 833 8
851 1567 1
1324 327 1
531 883 2
350 724 30
1474 546 2
65 815 7
506 43 6
317 838 8
1547 1550 8
1098 910 2
1446 562 23
127 1070 5
1227 726 2
611 43 6
591 1014 0
190 479 2
823 948 15
995 65 8
479 1578 5
1075 662 2
1405 233 27
390 1342 7
858 1321 8
973 1516 2
1547 1482 8
495 1342 7
1214 663 8
55 3 7
599 1016 12
152 671 2
704 1359 1
291 677 2
1140 594 10
833 324 7
434 1267 14
612 183 2
1394 1041 27
938 1058 2
1174 1394 2
721 616 27
167 23 8
499 44 8
1035 1342 7
805 1557 1
268 28 8
577 878 2
155 610 2
155 214 2
1460 191 30
26 533 2
1458 671 30
531 1500 30
297 65 8
42 179 8
1054 420 2
373 424 8
126 505 2
512 1388 61
533 106 30
39 1310 8
723 958 3
479 551 2
1502 118 2
1078 424 8
442 641 2
447 1357 2
1026 1252 2
124 1389 7
576 777 2
581 1493 2
1029 998 2
459 1062 8
396 606 30
579 523 2
54 1325 5
126 437 2
462 808 8
1352 920 2
1253 873 33
1258 435 8
1258 39 8
673 1138 2
206 1029 2
1110 686 7
1429 743 5
191 1131 7
552 1342 7
519 1567 1
557 59 7
917 270 3
1338 172 2
1203 1227 6
172 68 1
829 1070 5
971 909 1
1449 1078 2
1000 702 12
1338 167 8
880 373 2
1209 1156 7
934 1070 5
535 1447 2
452 32 8
281 938 27
910 42 8
376 293 66
557 32 8
1197 1342 7
1337 269 8
499 745 2
285 759 2
293 37 7
618 1029 2
616 455 2
23 1483 2
977 531 2
152 1299 2
117 199 30
62 656 2
922 1200 15
1224 270 3
226 531 30
116 573 15
1299 263 2
1039 513 26
403 1482 8
159 882 2
729 462 8
216 1325 5
377 993 2
1173 89 2
1366 1567 1
713 1009 2
227 670 1
215 581 5
377 1384 8
1055 143 7
263 534 2
1495 1424 2
479 1201 7
1042 1338 2
718 1329 2
948 619 2
699 329 2
106 1357 2
1252 101 26
524 1200 15
126 1133 2
128 104 2
195 429 20
102 938 6
9 491 1
838 330 8
211 835 78
675 805 2
907 1200 2
158 65 8
923 1143 2
577 127 2
1505 487 8
112 1042 2
791 167 2
155 1457 8
462 1395 7
855 362 30
726 1392 30
1391 325 2
1457 1507 1
1102 242 57
78 1375 27
698 65 8
673 455 2
145 68 24
183 1375 27
1253 936 8
804 1236 8
595 154 40
1215 3 7
1568 882 2
645 558 1
217 420 2
902 1396 8
1304 298 7
673 90 8
903 172 8
1037 1070 5
346 627 8
1463 855 3
747 1541 2
172 1420 8
1403 1070 5
322 1207 8
1552 1482 7
466 845 5
211 197 8
619 1394 27
592 1207 5
678 697 14
513 54 2
1551 1554 4
261 1392 67
721 337 27
154 461 1
1144 388 35
842 1084 1
145 101 1
1158 1418 7
377 1329 2
704 1345 2
43 238 7
370 34 41
155 823 33
958 149 7
35 150 2
1084 102 8
829 1062 8
32 808 7
685 1325 5
510 936 7
1303 462 8
35 442 2
89 743 5
625 59 8
1407 433 7
266 512 2
145 762 2
1054 365 2
1009 1015 36
1042 259 2
825 1314 8
673 859 2
563 541 27
362 390 2
430 543 1
124 646 7
1213 958 5
1344 766 57
256 533 3
1252 497 2
361 533 3
1114 293 0
373 197 8
527 958 1
270 877 30
1126 1227 7
220 1258 2
442 122 2
1252 820 8
1252 424 8
324 514 2
1352 63 7
462 685 8
1304 489 6
1210 603 7
1003 89 2
69 1078 2
679 21 8
416 420 2
861 1025 2
295 670 2
179 1298 7
905 63 8
136 1125 52
65 1388 7
70 1200 2
1210 535 7
787 59 8
922 199 30
403 766 7
259 1070 5
380 1469 47
1210 1322 13
295 602 2
1304 1546 7
227 939 15
572 961 35
634 719 8
402 63 8
1103 533 3
267 792 27
26 882 2
499 890 33
759 104 2
145 1125 1
727 910 2
780 671 30
601 840 2
841 1405 2
1351 1388 61
577 1555 2
58 165 2
831 958 2
1144 1122 6
476 1446 2
167 893 2
350 1376 2
199 1341 30
1510 533 2
237 1359 1
1258 393 2
784 850 77
1472 242 57
930 804 38
317 384 5
928 923 2
1146 957 7
361 792 2
563 672 2
143 1207 8
882 1166 1
1144 1491 7
24 329 2
568 1342 7
231 1078 2
841 21 8
753 483 15
588 1456 2
1514 1567 4
923 791 8
1129 364 1
1102 1498 57
238 661 2
32 390 8
489 52 8
1257 129 8
389 1200 15
1025 366 33
686 39 8
894 938 2
530 1070 7
978 1309 2
183 651 53
435 75 59
877 1200 2
88 661 7
298 269 6
217 365 2
1148 21 8
183 21 7
1570 1396 8
435 179 8
1355 444 23
322 365 2
762 533 3
430 1008 39
439 471 2
317 40 8
1295 1375 27
76 1419 8
279 442 27
285 1436 2
49 155 2
216 462 8
846 43 6
581 684 30
743 1346 7
434 834 8
720 311 1
321 462 8
1309 833 2
1230 65 8
1424 230 2
641 377 8
601 1526 7
186 32 8
736 75 3
552 1325 5
486 1314 2
1085 849 13
150 803 2
494 534 2
623 350 2
1164 406 2
1351 855 5
24 1025 2
450 1305 6
337 1358 27
499 523 23
1424 116 7
1460 115 15
1485 1357 2
270 497 2
216 396 30
1055 320 7
172 338 5
1025 1101 12
91 109 5
1163 350 2
1467 992 1
1302 59 8
128 677 2
145 707 2
154 1062 8
1383 697 7
1537 65 8
773 513 26
157 808 8
388 32 8
259 1062 8
1250 1575 2
265 104 8
882 1417 27
350 625 2
1479 675 2
1029 200 2
1201 1589 5
64 160 30
316 136 6
106 155 2
36 1456 30
1252 437 8
1025 101 8
928 167 8
440 1200 2
1474 152 2
59 743 5
552 590 2
228 581 2
632 453 1
1429 341 5
673 1127 8
1239 438 2
634 1377 6
590 453 35
1025 789 8
1474 840 2
1210 256 7
1024 104 2
1567 419 2
1499 1355 10
980 804 2
641 1078 2
530 329 2
438 377 7
756 434 1
1314 246 2
311 455 2
847 1298 7
1207 734 7
291 971 2
65 937 7
1506 631 15
1563 1062 8
1307 373 6
1058 66 2
1254 1325 5
1295 1042 2
761 1217 8
424 462 8
591 810 15
295 151 2
534 36 33
1310 848 7
52 1212 8
973 35 2
1303 1062 7
945 732 7
852 285 2
945 1070 2
126 1004 27
176 510 2
747 730 8
285 289 2
579 1102 37
1488 1002 1
391 479 2
723 1310 8
1144 338 5
362 1135 2
1196 65 8
270 729 2
1081 172 8
199 598 30
1407 656 2
582 1424 2
32 1381 7
1448 311 30
737 22 8
754 52 8
480 675 2
581 1391 2
784 795 77
1561 1325 5
126 335 2
325 441 0
486 167 2
1240 1062 5
9 89 1
581 681 27
368 28 2
211 37 78
18 958 3
1036 479 2
1207 436 5
425 75 5
365 808 8
350 857 2
674 1262 2
479 1069 2
454 531 7
450 158 6
29 297 8
1236 1342 7
1183 22 29
648 493 6
89 753 2
1258 265 8
1029 1120 2
673 1364 2
1258 166 2
1025 1125 8
135 1310 8
684 591 2
1375 272 2
687 40 8
563 841 2
1136 32 8
939 868 8
551 1131 2
722 396 30
998 270 1
1392 1397 0
300 233 27
1210 884 7
804 42 8
85 1396 8
52 1430 57
700 718 8
293 39 7
330 147 8
255 1325 5
641 98 8
1079 426 7
920 191 14
1095 1314 7
1391 958 5
1084 1480 2
1314 1562 2
417 563 27
620 325 2
880 531 2
642 675 2
399 1345 2
783 958 5
863 59 7
1305 1156 7
419 1062 8
398 601 2
483 388 1
543 63 8
684 293 0
269 1077 2
1352 961 35
89 1005 36
647 75 8
1302 1342 7
847 588 8
671 1204 30
1397 306 7
789 293 0
544 98 30
503 893 2
1239 1118 5
1085 398 13
126 1381 7
1174 145 2
89 341 5
720 958 3
934 124 1
1284 1310 7
599 771 2
1055 265 7
825 958 3
145 360 2
1025 1046 12
591 824 23
22 36 2
145 355 8
415 63 5
357 1271 2
145 256 2
442 1495 2
363 686 7
266 793 8
563 1199 7
582 673 2
210 1131 2
746 51 5
792 1033 2
301 1460 77
702 52 7
22 719 8
29 1217 8
127 269 8
674 579 2
442 681 27
346 134 2
913 377 7
1258 1581 8
779 929 7
796 1396 8
286 483 15
1025 46 8
325 856 2
1025 384 3
1346 1452 2
199 390 2
258 477 71
1317 210 27
1443 671 33
1215 917 7
293 959 7
1317 502 27
1304 816 7
446 434 2
623 595 53
769 59 8
632 622 1
406 1025 7
579 53 35
983 1144 44
655 149 8
179 833 8
847 1243 7
1084 401 2
1198 365 2
1405 1510 2
247 958 5
841 675 2
960 1314 1
721 563 27
590 441 0
55 220 2
1201 65 7
399 662 2
318 1146 80
1304 1040 7
395 172 2
1306 65 7
512 278 2
1355 1514 0
500 172 2
395 167 8
150 1376 2
170 743 3
643 663 8
270 778 2
926 686 1
362 684 2
1271 883 33
55 881 3
167 90 8
329 88 5
461 1619 2
590 1097 7
435 850 6
126 676 2
590 1389 7
577 981 2
595 147 8
940 28 2
259 32 8
1242 533 2
1144 1381 7
1511 301 19
625 1325 5
1485 155 2
1029 1169 2
1029 773 2
1344 888 57
550 558 2
1029 1461 2
779 1161 7
673 913 2
206 804 2
907 675 2
1567 280 12
899 167 7
778 1309 2
761 446 1
77 1392 7
202 327 1
442 1036 2
534 1100 2
1351 355 7
1210 829 7
1254 462 8
1232 148 48
1227 1296 8
1215 1545 7
1344 627 12
1456 639 2
1505 1070 5
1106 1447 2
850 1122 52
1424 1161 7
773 1078 2
140 324 5
651 1598 38
291 1252 2
420 672 2
1262 138 35
1232 80 48
294 1389 8
197 663 8
1563 32 8
491 88 5
1445 98 33
1084 1420 8
1436 1141 2
731 442 7
172 504 2
618 804 2
995 1156 8
616 626 2
285 1321 8
43 1092 7
601 1124 7
601 728 7
747 236 12
267 914 27
527 65 8
398 150 2
1459 22 30
159 365 2
14 1253 1
108 958 5
503 546 2
787 1325 5
541 1131 20
607 558 2
337 891 6
294 1217 8
560 658 66
1361 293 0
600 1168 2
53 462 8
150 693 2
167 723 2
1284 1009 2
1551 925 4
155 617 2
115 1055 1
162 1291 33
1304 1542 5
479 976 7
91 1310 5
591 1100 2
1258 911 2
910 690 2
150 625 2
380 311 2
586 420 2
923 1017 8
348 1252 2
347 531 2
284 697 14
1213 938 6
323 1164 7
53 396 30
792 978 2
255 462 8
958 249 8
590 387 8
464 479 2
346 183 2
1258 838 8
563 1122 2
344 1207 8
717 311 35
769 1342 7
634 183 6
910 1305 8
439 369 2
780 1200 2
658 728 7
761 159 1
981 325 11
662 1196 2
107 716 8
81 531 33
279 1424 27
256 1070 5
908 663 8
1547 937 7
1424 1417 27
920 368 14
361 1070 5
325 728 8
503 863 6
658 1389 8
846 269 6
620 461 1
1227 149 8
1446 282 23
1393 533 5
992 39 8
34 851 5
1084 942 33
1304 297 7
172 1127 8
745 1070 2
1394 829 27
747 893 33
45 1029 2
292 1141 2
602 1344 37
1458 167 30
1141 1122 6
507 1506 2
1283 1357 2
145 272 1
1085 283 13
1076 662 2
485 661 2
544 671 30
1299 1354 2
168 172 8
1084 273 8
1196 59 8
938 778 2
958 216 7
914 1358 2
671 432 15
922 1424 2
931 1342 7
817 1419 8
259 938 33
718 25 2
1258 1097 7
22 609 2
1140 1016 12
673 1030 2
335 1507 1
928 65 8
265 330 8
1233 938 1
314 1424 2
350 455 2
145 1220 8
661 837 6
228 433 7
122 581 2
1201 1419 5
51 450 30
442 23 7
563 1004 27
973 1609 47
932 487 8
1029 322 2
450 823 2
324 357 2
665 792 2
1503 59 8
519 1355 1
672 479 2
673 957 8
857 1375 27
438 671 7
1474 728 7
624 1355 1
661 1148 2
442 689 2
325 1033 2
314 1252 2
125 65 8
420 393 2
447 1009 2
1439 1131 7
1292 362 31
804 36 8
777 433 7
1250 21 8
34 125 40
207 1029 2
631 938 1
535 1271 2
22 830 30
647 661 2
3 21 8
1304 1389 7
1225 442 48
1449 798 2
930 8 5
1061 1132 0
77 1310 8
116 600 55
1156 446 5
658 18 8
979 1424 2
512 523 2
858 1377 8
462 1500 5
699 658 0
868 315 2
398 199 2
35 1309 2
902 1132 5
1085 1307 13
1014 1314 5
140 1309 2
450 976 30
1397 300 7
1156 670 5
600 46 6
993 32 8
377 25 2
1130 1055 1
973 205 19
151 1062 8
772 1275 77
625 462 8
1245 1095 57
385 32 8
601 605 7
1460 539 30
112 1325 5
256 1062 8
525 1511 9
167 1059 8
1252 1364 2
1258 168 2
657 718 10
468 1087 2
349 1253 2
1025 248 12
939 433 7
735 1511 9
392 65 8
1251 732 7
1251 1070 2
1162 59 8
1480 512 2
586 365 2
1373 650 2
1084 338 5
652 1325 5
337 729 27
774 1460 2
438 1345 2
745 958 5
1304 1315 5
600 704 35
1258 387 8
343 377 8
551 961 2
80 136 6
1036 533 2
1077 513 26
1567 853 12
437 1447 2
104 628 2
544 21 7
158 533 5
643 938 6
1471 663 59
1357 873 33
499 99 0
464 59 8
124 3 8
209 920 2
550 1355 2
1131 221 2
719 779 6
325 1238 33
997 39 7
98 743 3
536 675 2
143 293 0
269 1079 2
698 533 5
295 742 23
70 58 7
787 462 8
867 663 2
325 277 8
1337 914 2
285 1211 2
437 63 8
503 808 6
938 1047 16
591 3 10
1196 1342 7
183 66 2
747 942 33
590 990 37
192 718 2
1262 88 5
66 648 2
1301 1342 7
54 938 2
510 770 2
530 533 3
272 914 2
1424 355 7
1306 59 7
1327 462 8
1126 948 15
317 435 8
1177 1078 27
66 696 19
618 66 2
170 341 3
377 1445 2
127 1483 2
858 626 8
21 1450 2
581 724 31
598 433 7
1295 75 7
923 929 7
518 21 8
337 1133 27
1460 286 15
923 1267 2
270 272 2
1129 1335 1
858 821 75
713 1357 2
155 1581 8
1141 603 6
1053 1309 2
479 880 33
145 878 2
558 1443 2
626 59 8
142 1424 2
340 1025 7
913 1405 2
1354 1070 2
415 581 5
19 1199 8
941 104 8
1506 23 33
170 1335 5
912 661 2
1271 309 33
1479 450 2
247 1419 8
18 59 8
450 476 2
1344 90 57
607 1456 30
905 433 7
581 762 2
1025 272 8
747 1187 0
1567 274 12
1239 609 2
1208 1502 2
1253 562 23
556 598 2
1144 848 8
992 789 2
447 558 2
279 1309 27
66 1052 2
295 494 2
183 779 6
329 554 2
1447 1480 2
797 533 3
69 798 2
779 1420 8
651 1196 38
1447 753 23
172 667 27
199 840 2
1100 443 12
1000 36 33
420 166 2
1557 93 2
1179 1544 7
906 63 8
634 147 8
259 1227 6
172 97 8
177 21 8
820 686 1
1239 830 30
1131 428 55
490 1315 7
747 213 8
298 63 8
346 412 5
1069 34 53
999 1399 77
270 900 2
1262 1418 7
1460 192 30
1322 697 14
601 200 2
1078 97 8
293 1225 0
32 287 2
450 1 6
601 154 7
311 451 30
601 492 2
779 1122 6
484 1232 2
908 938 6
59 502 8
701 172 2
718 598 2
232 1488 2
1271 49 2
958 453 34
673 1166 1
359 992 2
825 59 8
1207 607 5
899 461 7
406 1245 5
231 798 2
348 58 2
923 120 2
574 600 2
61 658 0
65 1102 5
464 1342 7
135 793 8
1466 448 1
106 558 2
1258 40 8
774 1405 2
1327 792 6
681 732 7
1008 433 7
1122 1131 2
300 1510 2
360 533 3
1258 728 8
1085 855 5
616 1152 26
1025 796 8
21 626 8
80 914 7
546 599 1
769 882 2
1506 810 15
801 904 9
420 1362 2
446 1310 7
878 661 2
170 50 71
658 326 7
923 47 8
104 177 2
1351 523 2
1201 992 1
4 883 14
508 412 5
978 1029 2
1500 1268 5
303 792 2
167 911 31
300 1338 2
1424 619 27
979 1309 2
616 1417 27
636 300 2
377 0 0
622 920 58
961 359 1
1402 136 6
503 840 2
867 608 2
623 34 53
938 596 16
519 126 2
183 595 53
1227 39 8
195 112 8
982 793 8
154 563 2
996 59 8
642 1239 30
506 63 8
841 150 2
999 1631 77
620 324 2
1125 533 5
1271 745 2
551 958 5
1295 66 2
1491 1325 5
858 474 75
27 595 2
599 650 2
1284 793 7
912 1210 6
1055 144 7
32 915 2
32 519 2
591 254 12
623 65 8
1239 1564 1
255 365 2
594 325 8
1551 1443 4
18 1342 7
465 1314 7
1446 53 34
246 63 7
1055 40 7
1146 1305 7
254 129 7
1238 98 16
211 440 78
1258 1033 2
1094 513 30
416 1469 47
792 1496 53
1383 21 7
28 1108 8
170 454 71
586 938 2
806 1488 2
167 1267 14
577 128 2
661 39 6
543 64 30
1253 568 7
301 1631 77
462 1437 8
1249 533 1
673 1417 27
804 1305 8
1299 485 30
238 1405 2
558 248 12
900 104 2
290 1132 5
1179 1456 30
768 1342 7
89 1448 2
576 90 8
1009 436 2
126 88 3
621 1349 57
812 160 14
1446 1303 2
323 1614 7
1253 833 8
325 626 8
686 387 8
442 183 2
997 320 7
654 1252 2
1442 1105 2
66 1393 2
759 1252 2
997 216 7
300 759 2
641 798 2
377 623 6
236 660 5
818 958 5
303 104 8
1084 572 2
1207 891 8
76 65 2
992 562 2
958 218 7
179 1296 8
252 1258 27
55 391 2
1304 815 7
101 1314 5
1303 886 7
1216 129 8
938 309 16
1077 1078 2
172 42 8
573 519 1
199 782 30
157 541 2
1475 582 57
192 1392 30
1085 1197 13
1403 462 7
98 1204 30
609 675 2
22 903 2
431 658 0
259 1483 2
1322 350 14
514 1310 8
148 531 7
1078 88 3
26 479 2
111 850 52
779 338 5
147 958 3
23 1025 2
293 1170 0
470 601 2
140 1131 2
42 21 8
1056 1227 8
667 513 26
479 497 2
349 747 2
709 183 2
1252 498 2
1392 1448 30
450 653 2
1349 1120 2
738 658 0
1232 1418 7
547 879 2
284 573 15
1000 1100 2
22 1124 30
389 573 15
1316 420 5
325 1213 7
454 958 3
652 792 6
65 1457 7
632 1093 1
420 911 2
357 396 30
804 158 8
679 22 8
1317 905 27
591 934 15
1503 1325 5
1547 1395 7
1014 104 8
1215 1612 7
534 160 33
195 1395 7
1058 1375 27
769 462 8
1003 732 7
420 843 2
658 244 8
322 129 8
200 450 2
1144 88 3
1062 88 5
420 838 8
176 634 2
537 397 75
631 992 1
1536 847 52
1429 80 7
1341 52 8
279 503 27
199 97 8
721 1258 27
1029 1609 47
309 21 8
616 693 2
108 1129 5
1306 1156 7
636 172 8
928 992 2
53 242 2
770 1070 5
22 1135 2
961 627 7
176 462 2
928 1342 7
222 4 1
476 1447 2
560 1317 5
58 854 2
373 561 7
372 119 8
1045 337 38
271 150 2
701 1141 2
484 590 84
64 1204 30
795 1418 7
468 2 2
1100 718 10
923 401 2
841 22 8
980 98 30
250 21 8
591 160 33
718 444 23
907 1146 2
792 1045 53
563 1315 7
170 399 71
371 63 8
1024 1252 2
834 477 70
1215 1246 5
1485 558 2
512 960 35
1035 479 2
238 662 2
457 1062 8
931 462 8
253 59 8
510 1335 5
28 297 8
674 1291 33
581 360 2
550 1253 2
1340 1342 7
212 564 2
905 1156 8
792 1081 2
443 41 74
233 269 8
797 1396 8
330 891 8
75 568 7
997 265 7
1322 1310 7
932 1070 5
1561 1392 7
270 23 30
317 437 8
71 1262 2
172 929 7
189 1396 8
524 1483 2
434 147 8
850 463 2
359 1325 5
403 1395 7
106 1456 30
434 881 3
65 706 7
620 673 2
655 265 8
285 1333 2
1405 1230 2
1317 154 27
595 160 16
281 1239 2
958 559 7
958 163 7
1024 1304 5
146 732 7
737 675 2
267 1317 27
858 1212 8
195 685 8
45 804 2
157 194 2
145 47 1
381 1310 8
655 139 3
718 1191 12
607 1357 2
1133 513 26
619 1062 8
34 681 38
638 63 8
360 1141 2
270 498 2
494 443 12
1052 1309 2
241 362 2
52 855 3
914 1133 2
255 938 2
1493 1424 2
577 769 2
290 269 8
1335 1344 5
117 1567 1
470 150 2
836 330 8
1238 671 16
1083 879 9
661 320 6
143 129 8
359 590 2
792 1236 52
1402 32 8
1382 269 7
1480 1262 2
1483 873 2
22 676 2
577 701 2
1562 109 0
1145 22 8
637 755 5
491 147 8
337 1479 27
479 437 8
479 0 7
464 882 2
900 677 2
688 58 2
396 893 30
324 528 2
270 823 30
728 75 5
653 1253 2
1483 805 2
1253 368 33
696 65 8
1421 172 5
160 761 15
1474 841 2
442 464 2
1225 285 48
246 961 35
687 101 8
362 941 71
778 1029 2
1446 1480 2
265 761 15
1351 517 2
1227 1021 2
450 530 2
18 1325 5
1207 1199 7
324 460 2
311 82 7
900 1396 8
1201 590 1
109 90 8
996 1396 8
547 756 2
886 716 8
854 1131 2
296 1314 7
1009 936 8
873 28 2
43 588 7
55 636 2
616 619 27
1455 65 2
1156 617 5
1076 795 7
732 650 1
199 957 8
1359 1214 0
170 1176 7
170 1217 8
35 792 2
1179 63 7
1330 1062 8
489 779 6
1490 293 0
606 377 1
233 1314 5
1162 595 53
747 1127 8
483 53 1
214 1557 5
999 1229 77
1516 656 1
867 75 3
1196 462 8
909 1062 6
294 937 8
30 300 2
34 1601 38
1061 590 2
270 1418 2
450 623 6
163 52 8
167 834 8
928 531 7
539 1239 30
155 728 8
1351 1102 37
498 269 8
368 29 2
1258 235 2
126 1024 2
126 628 2
1375 3 7
139 663 8
463 1342 7
1239 1135 2
595 891 8
325 1125 6
167 766 8
992 441 0
673 619 27
1480 579 2
138 531 2
337 504 27
21 1212 8
292 1304 5
193 1025 57
312 1446 2
672 882 2
720 1325 5
1153 63 8
825 1325 5
1257 75 8
172 1152 26
1035 59 8
1016 920 74
334 89 2
1314 81 10
551 1424 2
546 779 6
1463 80 8
52 1431 57
435 21 59
1084 1445 2
889 1252 2
285 1054 2
1232 262 2
1304 189 7
74 661 2
83 958 3
658 817 8
981 798 2
434 92 8
557 1456 50
973 1024 2
724 1557 12
1317 908 8
544 167 30
503 1358 2
285 1377 8
868 1114 2
499 1264 2
843 914 2
66 423 2
977 1446 2
1082 600 2
868 1406 2
961 1091 64
278 577 2
1085 3 13
1394 189 27
158 365 2
127 1258 2
883 513 30
729 882 2
790 1419 5
926 59 1
834 882 2
988 513 30
485 673 2
1460 61 15
841 663 8
161 502 8
577 26 2
372 260 1
155 1315 7
396 112 8
439 638 30
482 1070 7
922 1144 2
707 914 2
855 1345 30
699 1140 2
1258 1213 7
1326 533 5
368 1345 2
561 1360 2
980 671 30
910 1388 7
661 265 6
21 1449 2
1084 982 67
1355 1101 12
324 700 32
552 1000 2
1371 433 7
1232 1296 48
1428 1475 5
792 1384 7
210 1424 2
295 1170 0
819 42 8
330 1199 7
491 92 8
64 106 30
282 1200 15
547 436 1
1357 388 2
455 129 7
1025 47 8
548 1252 2
1148 663 8
70 534 1
1346 1453 2
648 1375 27
1552 1381 7
322 1007 2
504 513 26
790 346 7
82 973 2
82 577 2
1474 390 2
9 63 8
442 409 2
718 1514 0
377 1214 0
1338 1314 8
1304 817 7
671 296 8
886 265 8
1200 1097 7
66 1515 2
1359 611 34
318 1215 80
582 1291 30
671 588 8
303 330 8
1200 1389 7
1237 75 3
211 716 8
291 958 3
938 1153 52
631 590 1
655 838 8
1076 1078 2
420 728 8
434 1403 14
285 303 2
941 269 6
721 1252 27
1394 1177 27
285 298 8
1351 53 35
728 1342 7
32 1395 7
1131 203 55
20 1207 5
913 372 5
601 393 7
673 338 5
140 1029 2
1009 1206 36
1288 21 8
27 1345 2
35 961 2
1337 761 15
1457 513 30
930 403 38
350 929 7
780 98 30
667 1070 5
581 1337 2
297 75 3
171 63 8
1466 1083 1
1466 687 1
980 1299 30
1567 692 1
276 63 8
1264 434 2
1130 311 1
1166 269 8
21 78 2
350 803 2
915 675 2
439 1471 7
122 533 2
648 43 6
1021 1000 2
1304 743 5
1321 1210 6
337 449 27
661 854 27
1140 77 2
325 739 27
346 1550 8
284 1475 5
576 1236 8
673 1305 8
1031 32 8
667 65 7
442 1037 2
856 1200 15
437 433 7
1346 770 2
70 1507 12
1084 1098 2
494 718 10
22 1282 30
1444 534 2
420 1033 2
417 577 27
124 119 8
978 804 2
528 329 2
55 917 2
647 1405 2
977 433 7
334 65 8
1211 533 2
520 591 2
133 1227 5
961 530 1
1557 892 2
84 850 2
434 37 8
1553 798 2
971 694 39
551 1291 14
620 167 2
503 907 2
161 1389 7
1460 1455 30
1200 387 8
1405 1120 2
1301 1062 7
499 808 8
619 269 2
179 83 8
847 97 7
176 1084 2
205 1146 77
1177 798 27
533 974 30
1299 727 2
752 21 8
350 1166 1
403 1550 8
139 1309 2
252 337 27
1551 530 4
923 695 2
707 531 2
599 425 2
1007 724 35
508 1550 8
227 446 1
926 4 1
154 270 2
631 167 8
819 929 7
599 717 2
720 462 8
699 397 2
590 753 2
4 297 6
980 324 30
1477 718 2
128 172 2
505 75 3
520 293 0
418 513 30
271 663 8
675 873 2
923 523 2
442 1395 7
1359 1110 2
1250 732 7
193 910 57
792 979 2
1250 1070 2
800 199 2
337 1077 27
594 324 8
337 681 27
674 129 2
1070 298 5
98 92 7
558 699 2
997 163 7
1343 1314 7
435 433 7
673 231 2
337 116 2
346 471 8
1488 206 39
652 43 6
653 747 2
999 1164 7
168 850 6
512 855 5
211 437 8
1253 282 23
350 47 8
1402 1399 6
253 1325 5
279 1029 27
450 24 2
685 129 8
559 59 8
997 387 7
1359 998 29
69 914 2
937 1062 5
1389 958 5
874 63 7
82 58 2
550 433 3
269 1381 7
165 104 2
1394 101 26
590 1005 36
961 1549 7
211 265 8
1317 380 27
534 246 2
829 136 6
1402 1227 6
655 387 8
1061 1567 2
1227 838 8
1210 371 7
411 21 8
992 728 8
1446 191 33
858 904 74
1133 1070 5
350 1152 26
510 1217 8
828 167 2
43 410 7
1475 753 57
787 293 0
154 1258 2
1394 762 27
590 1111 7
830 1483 2
573 982 1
158 938 2
560 172 5
148 651 69
22 678 2
594 733 2
1310 321 2
116 779 6
1299 1251 2
1317 102 8
1394 1054 27
170 1321 71
164 75 3
377 86 2
923 1615 2
270 620 2
152 324 2
350 1417 27
1296 32 8
370 300 2
739 487 8
227 159 1
699 1025 2
155 326 8
613 21 8
582 1310 8
355 1532 2
106 450 2
235 662 2
1029 1183 2
34 873 2
126 622 2
373 437 8
928 462 8
1025 297 2
1045 172 8
1474 1135 2
1139 1345 2
1324 812 1
923 236 2
1344 438 57
836 850 30
1461 285 2
1158 80 8
575 150 2
1029 1011 2
1567 610 2
269 631 15
264 761 15
1226 129 7
563 435 8
526 543 1
804 37 8
442 586 2
736 938 6
992 741 2
1000 160 33
658 46 7
1445 443 12
854 920 1
547 586 2
1040 269 8
1362 1580 18
458 450 29
1317 1076 27
722 1325 5
295 446 2
417 126 27
886 838 8
880 94 2
317 1583 8
1274 801 10
979 1029 2
853 920 74
901 533 3
995 64 33
1445 1447 2
509 732 7
606 1359 1
377 111 6
1084 929 7
1552 908 8
634 891 8
270 1024 2
267 172 27
395 350 2
55 789 8
269 239 1
1200 728 8
973 158 2
195 228 8
504 1078 2
618 1042 2
944 22 2
1151 293 0
373 404 7
373 800 7
927 401 1
498 167 8
33 533 2
381 1007 44
858 291 8
110 1131 1
90 1268 5
338 1396 7
1160 1355 2
155 1251 2
46 1310 8
601 898 7
702 1614 7
1258 857 2
28 140 8
1259 687 2
565 34 53
21 1047 2
24 397 2
661 739 27
211 848 78
221 595 53
1357 942 33
479 1583 8
914 504 2
1371 1156 8
594 269 8
1333 269 2
401 1070 5
421 1567 1
335 798 2
415 1624 48
780 1506 2
1358 365 2
1082 1131 20
1447 537 12
634 88 5
792 1044 53
878 1405 2
1128 1227 8
1232 1118 48
216 311 2
804 957 8
922 671 30
795 147 8
458 1474 29
459 32 8
485 1291 16
145 856 20
1090 1245 37
997 40 7
1046 755 5
98 307 2
1227 163 8
1317 393 27
810 658 0
641 914 2
1223 420 2
1271 99 0
747 1274 12
452 1489 5
961 806 7
295 1047 33
581 460 30
1443 98 33
661 685 8
590 991 37
75 1004 8
862 167 59
717 1070 2
1227 387 8
623 882 2
958 230 7
902 450 5
380 661 2
704 1025 1
259 136 6
145 114 1
145 551 2
813 961 1
197 1070 5
1394 707 27
270 273 2
271 1309 2
222 658 0
938 1120 2
1375 1217 7
124 836 1
505 675 2
161 228 8
220 651 53
1041 150 2
373 90 8
661 95 6
240 531 2
148 958 3
1030 958 2
464 365 2
584 677 38
1025 254 12
726 32 8
1062 881 3
673 872 2
1035 882 2
941 793 8
362 502 8
51 396 30
1474 684 2
1382 732 7
253 462 8
1009 888 2
350 693 2
1304 341 5
1215 338 5
581 763 2
3 1346 8
576 834 8
396 960 30
270 890 30
681 1131 2
442 239 2
778 804 2
1253 1577 8
1145 21 8
439 897 7
499 527 67
1317 729 27
744 599 1
576 766 8
1009 1112 2
1210 720 7
1215 1040 7
1252 833 8
761 1457 8
534 1283 2
534 264 23
1376 761 15
191 671 2
450 1094 30
191 1062 8
512 527 7
497 576 1
531 1073 2
136 1138 52
311 764 64
761 1389 8
65 1005 7
1124 961 35
913 958 5
593 462 57
1424 588 7
32 1184 6
52 1384 8
1552 97 8
601 619 7
1200 277 8
698 75 5
1438 75 3
796 499 21
162 2 2
503 437 2
512 355 7
371 433 7
377 367 2
1271 118 2
579 1566 37
191 1392 30
503 729 2
1468 1207 5
577 1568 2
1253 1274 12
780 324 30
591 699 2
147 531 7
34 758 2
929 1342 7
317 501 5
373 619 2
232 656 1
601 447 7
1275 494 7
651 416 40
927 174 1
586 311 2
1028 616 2
563 1081 2
449 325 2
591 264 23
923 121 2
452 129 7
829 32 8
199 393 5
199 1564 1
923 908 8
677 1337 2
337 279 27
450 1001 2
1164 114 8
1252 1138 2
290 109 5
558 297 2
671 723 2
1122 1424 2
1340 1062 7
424 1299 2
687 108 8
581 471 8
1451 150 2
541 1405 2
286 686 1
661 114 8
532 199 2
199 1491 7
228 65 8
619 1232 27
369 850 30
540 661 2
442 1550 8
1446 572 2
795 92 8
420 1213 7
396 284 16
144 487 5
43 1184 52
902 1062 8
281 1131 2
55 1097 7
647 1131 2
988 21 7
661 384 3
930 1270 5
1304 256 7
655 1296 8
55 1389 7
893 697 14
850 183 2
531 494 2
747 1161 7
761 18 8
330 881 3
503 1133 2
46 493 6
285 1449 2
285 1053 2
267 1141 27
849 285 2
858 244 8
318 294 80
1436 52 8
535 65 8
831 595 12
1547 743 3
708 655 2
820 4 1
616 1041 2
1174 677 2
1192 1581 8
483 1243 7
601 1539 7
340 747 7
277 1310 8
1237 658 0
126 1495 2
1458 350 30
1380 1078 2
971 205 19
927 1266 1
623 462 8
377 1287 2
1394 256 27
1295 21 7
1264 1310 7
455 1375 27
336 1062 6
272 792 2
923 1213 2
161 277 8
1129 489 1
1271 31 33
362 1389 7
1500 534 2
34 693 38
350 619 27
1055 437 7
25 576 2
117 599 1
29 1457 8
142 1078 2
238 1078 2
1343 442 5
32 766 7
848 21 8
817 1310 8
1323 958 5
1403 59 7
1214 1314 5
923 1145 2
36 779 8
1377 65 7
1062 92 8
499 345 0
950 697 14
1201 1310 5
1382 677 7
982 59 5
914 1077 2
519 558 1
92 1456 2
450 318 2
1075 513 26
1272 330 8
997 681 7
460 958 2
658 559 7
673 848 8
1199 533 5
502 595 41
1253 834 8
1297 1567 1
1025 114 8
281 325 27
588 129 8
172 681 27
322 1132 7
199 458 2
789 75 8
1124 1310 8
1215 297 7
1252 90 8
1055 139 5
191 324 2
1304 884 7
1401 1227 6
179 568 7
531 726 2
855 1131 2
847 1019 7
639 22 2
1394 223 26
303 793 8
869 104 2
454 1325 5
285 78 2
1078 1381 7
559 1325 5
35 75 1
518 663 8
1424 929 7
508 770 2
934 992 1
510 1298 7
1461 420 20
43 532 7
1552 42 8
140 804 2
980 850 30
403 743 3
362 460 2
750 1456 30
508 743 3
1460 138 30
127 350 2
1163 595 53
1144 1184 6
63 92 8
479 83 6
674 1447 2
365 498 2
1480 671 33
1502 425 2
601 438 2
1448 324 30
91 658 66
1140 1581 7
1459 1567 1
269 97 8
1028 269 2
914 667 27
1056 21 8
1375 119 7
20 373 7
140 1419 8
463 1062 7
350 974 2
375 1239 30
491 891 8
1497 32 8
199 1509 1
912 1131 2
823 1227 8
661 233 27
903 433 7
1040 167 8
1505 98 8
290 450 5
1567 452 12
1338 479 2
541 662 2
550 1314 2
1392 1514 0
1351 527 7
442 766 7
211 1583 8
1357 368 33
170 863 6
1201 938 1
1215 1613 7
1215 1217 7
1084 1561 2
534 837 23
285 774 2
995 1396 8
1570 1062 8
1460 185 39
43 936 7
1200 626 8
759 1258 2
289 350 2
717 1245 37
1506 99 0
317 102 8
297 677 2
168 600 2
53 311 2
1062 1197 2
1075 795 7
330 92 8
1077 104 2
175 183 2
387 1310 7
617 1392 7
790 1207 5
244 377 6
1130 483 15
601 796 7
1460 1126 30
1275 447 7
961 232 7
483 401 1
341 958 5
157 255 2
747 753 23
126 1148 2
446 958 5
609 1200 2
1388 63 7
1302 1396 8
365 834 2
1360 881 5
494 533 3
24 1087 2
255 311 2
337 1024 27
337 628 27
586 556 2
1004 1062 6
562 658 0
722 1207 8
582 66 2
263 377 2
25 958 3
813 491 1
594 167 8
1447 445 0
936 1544 2
1053 804 2
155 366 33
373 1583 8
1025 1443 2
915 1474 2
315 1567 1
591 837 23
468 295 2
22 49 2
469 732 7
1025 1112 23
381 513 30
170 692 71
22 44 8
247 1310 8
1120 1131 2
479 102 8
1148 487 8
670 656 2
905 662 2
1025 163 8
98 555 7
719 1325 5
563 1581 8
1253 388 2
361 98 8
59 846 6
1462 634 48
1114 732 7
305 656 1
1447 36 33
961 1001 1
439 833 2
1176 761 15
1446 1541 2
63 1197 2
590 1244 36
1215 638 7
1317 619 27
519 430 7
23 1310 5
185 616 27
621 1227 57
736 104 2
499 1284 2
648 129 8
1200 1213 7
306 88 59
317 730 8
17 573 15
199 376 3
850 1152 2
1239 369 3
466 1125 6
961 1324 7
82 958 3
211 40 8
600 865 6
377 1298 7
434 1128 8
433 92 8
1076 798 2
837 373 6
980 793 8
155 1101 12
23 747 2
270 859 2
285 18 8
837 269 6
261 499 2
55 228 8
22 453 2
1461 34 41
1383 663 7
1078 92 8
1144 837 6
1305 167 8
901 1070 5
1225 1475 5
663 818 5
270 395 2
938 1242 2
158 1396 8
526 1610 56
63 37 8
424 1506 0
315 1507 1
1083 484 9
359 591 2
1460 428 41
945 663 8
217 1131 2
1042 498 2
835 199 2
661 613 6
362 728 8
1253 1480 2
1266 65 8
819 390 8
1253 753 23
325 1169 2
1247 1262 2
766 1342 7
479 730 8
1352 812 2
1104 329 1
1252 1127 8
1020 75 8
98 787 7
681 1357 2
183 533 5
472 75 3
1483 1098 2
770 1314 7
544 1506 2
526 714 1
677 471 2
551 63 7
595 92 8
662 854 27
420 857 2
534 821 2
84 346 2
1232 265 48
1567 742 23
365 1118 5
1215 870 7
1247 793 8
199 1381 7
85 1062 8
295 617 2
559 462 8
873 29 2
112 129 8
576 883 14
533 369 2
291 577 2
1304 1457 7
59 95 6
898 958 3
1554 1262 2
306 424 8
1294 1506 2
124 99 66
638 1156 8
1282 1359 1
406 63 7
324 750 30
869 677 2
503 335 2
411 325 2
829 1227 6
330 37 8
938 883 16
1075 1078 2
1398 325 1
285 646 8
573 1093 1
1547 341 3
727 1253 2
601 449 7
1131 947 55
195 3 8
195 341 3
928 938 2
266 1447 2
601 1137 7
747 1420 8
671 911 31
34 1602 38
42 663 8
1299 447 2
167 881 3
139 1029 2
584 1599 38
814 433 7
1123 958 5
863 43 19
591 821 2
599 140 8
819 1086 8
1360 845 1
145 26 2
40 21 8
1547 1335 5
673 1388 7
563 911 2
36 377 8
1047 1144 44
267 564 55
575 1309 2
867 1070 5
348 973 2
348 577 2
1025 381 33
1121 1424 2
1140 425 2
1258 856 2
695 1156 8
282 573 15
1450 150 2
533 1169 2
558 419 2
1140 717 2
460 556 2
220 126 2
796 1062 8
452 958 3
177 1309 2
569 330 8
650 1567 2
1135 32 8
58 543 1
439 44 7
790 52 8
912 28 8
836 311 31
333 75 3
921 98 30
754 386 1
671 1267 14
1317 168 27
98 36 7
651 344 38
318 1419 8
1403 1399 6
873 1345 2
613 1210 6
1209 1572 7
718 97 15
576 596 14
1215 119 7
623 365 2
761 140 8
689 1325 5
267 32 7
377 1243 7
1077 677 2
977 1447 2
138 1359 1
656 36 14
270 116 2
934 590 1
155 1046 12
1304 706 7
1214 104 8
55 277 8
599 853 12
45 1042 2
237 295 1
271 792 2
403 341 3
145 722 2
655 39 8
1271 1264 2
1400 346 7
1042 178 1
1042 219 2
733 1322 13
1265 136 6
1375 1388 7
444 573 15
199 1315 5
1055 267 7
1383 608 7
505 450 2
1322 958 5
479 60 2
601 36 2
1055 163 7
246 920 2
20 886 7
630 167 8
978 98 30
478 1310 8
340 1489 7
22 622 2
577 647 2
673 647 2
403 1335 5
1131 1449 2
362 277 8
255 1207 8
702 346 7
548 920 1
508 1335 5
127 167 8
220 66 2
1253 1420 8
482 129 8
1344 554 57
1359 347 33
997 907 7
1138 433 7
576 568 7
766 850 6
1338 1342 7
1114 1351 2
98 1128 7
558 1112 23
997 1199 7
856 573 15
199 684 2
383 269 20
202 430 2
201 1511 74
442 743 3
1317 504 27
1210 891 7
4 31 14
311 366 2
1215 815 7
325 1437 8
190 616 2
576 833 8
850 1184 52
854 973 2
973 1315 7
762 1062 8
55 582 2
65 884 7
130 658 66
179 1127 8
852 300 2
259 1399 6
65 1176 7
145 1377 1
768 59 8
1084 1086 8
1354 1132 0
12 420 20
594 1149 2
49 1314 2
58 125 2
759 433 3
1245 1280 57
960 1557 12
1180 1310 59
601 790 7
1460 724 30
780 167 30
722 1375 27
504 798 2
501 1502 2
593 1070 7
1237 1070 5
961 13 64
634 881 3
241 499 1
772 1392 77
1537 1396 8
503 504 2
533 639 30
591 474 2
1078 957 8
1482 433 7
507 179 8
605 1446 2
834 533 3
1141 471 2
601 618 7
396 1139 30
1359 1439 33
21 475 2
1259 407 2
563 856 2
632 1388 1
1480 129 2
1400 1140 5
551 1042 2
1359 1371 33
909 300 2
808 75 3
316 1399 6
1253 942 33
1258 108 8
343 98 8
890 1200 2
667 462 7
139 1299 30
217 325 2
1258 796 8
563 1080 2
322 325 2
1232 838 48
1536 75 5
1124 1007 44
1310 1491 7
880 442 2
52 1418 7
1314 717 2
719 792 6
869 958 2
74 503 2
824 792 6
1188 601 7
988 129 8
1207 39 8
1499 155 10
1547 936 8
1283 1291 33
996 533 3
1281 850 6
66 369 2
293 881 3
1460 239 39
1196 1396 8
1084 888 23
1551 1287 4
499 1106 2
1409 697 2
89 1244 36
699 466 2
784 1334 77
1026 1375 27
441 1156 5
145 271 2
1144 39 6
1375 937 7
1052 804 2
32 983 2
170 986 71
914 1024 2
167 1403 14
937 533 3
32 937 7
1039 350 2
1367 1141 2
456 1314 7
916 21 8
923 1212 2
19 1212 8
1164 855 3
1140 602 2
220 595 53
435 663 59
455 75 7
727 1132 0
1149 1307 13
98 723 2
399 513 26
687 1199 8
423 958 2
632 241 1
87 1239 2
761 453 1
920 1126 14
85 269 2
75 1133 2
878 150 2
543 675 2
1447 950 33
211 730 8
1317 449 27
66 773 2
823 697 14
430 541 2
921 671 30
1449 172 2
421 577 2
1312 433 7
166 1141 2
659 32 8
74 1131 2
979 798 2
652 601 7
971 1024 2
581 808 30
1550 1310 8
1207 918 7
199 848 8
1359 1105 0
841 914 2
1253 338 5
166 677 2
329 622 35
1204 533 3
270 689 2
1544 147 8
1055 908 7
605 433 7
1204 487 8
269 44 8
380 1405 2
821 1070 2
727 747 2
595 681 38
601 281 2
145 1295 2
852 172 8
480 531 2
718 983 33
634 92 8
145 189 27
362 626 8
197 1314 5
912 1078 2
699 671 33
11 1091 2
601 271 7
591 419 2
1382 1544 7
929 1062 7
1158 149 8
1483 1100 2
1406 533 3
71 761 15
1374 1456 2
978 671 30
1442 544 21
373 730 8
25 59 8
701 581 2
907 294 2
534 345 0
1271 62 2
214 52 1
661 735 6
1025 1377 8
1336 914 7
674 1446 2
434 1389 7
311 674 1
106 675 2
688 577 2
1252 957 8
1505 269 8
819 908 8
1133 686 7
464 1396 8
1187 1325 5
958 1014 0
874 1156 7
502 513 26
291 434 1
632 1265 1
563 728 8
1371 65 8
277 109 0
724 1567 1
253 293 0
862 1342 7
1317 1077 27
420 979 2
1232 387 48
428 595 2
1215 1388 7
512 1102 37
880 491 2
491 441 0
909 172 8
1131 553 55
205 533 3
55 1213 7
541 661 2
1201 1396 7
762 32 8
177 1131 2
1211 479 2
1119 172 8
1297 591 1
489 1325 5
324 976 30
1306 1396 7
867 32 8
945 1262 2
1552 1305 8
766 63 2
961 809 2
454 675 41
1539 59 8
499 363 2
285 1169 2
241 1140 1
591 345 0
66 314 2
1055 1536 7
491 1097 7
55 1082 8
1017 958 5
65 119 8
50 564 2
1183 608 7
479 619 27
1131 934 15
1299 277 2
838 21 2
362 1213 7
503 1077 2
1233 325 1
1455 513 30
483 1296 8
434 1315 5
39 21 8
24 466 2
591 1443 2
1129 605 1
1207 1316 5
167 957 8
531 539 30
978 1299 30
238 798 2
278 98 14
561 167 2
808 675 2
1357 1274 12
1137 1062 7
145 148 2
677 1393 2
563 1033 2
468 65 8
1210 994 5
1176 172 8
1456 845 1
938 765 19
109 1305 8
185 563 27
1483 349 2
1479 804 2
1338 882 2
673 177 2
997 401 7
787 491 7
1474 281 2
294 1199 7
442 341 3
632 186 1
70 362 2
1076 513 26
148 1325 5
168 1129 7
654 973 2
867 1025 2
479 50 70
870 433 7
1261 958 3
294 1491 7
762 269 2
1014 1575 4
195 1321 8
1547 1217 8
527 1396 8
1200 1321 8
847 1135 7
589 1475 5
847 739 7
878 22 8
1477 658 0
981 1271 7
581 357 30
1394 380 27
252 1375 27
402 1156 8
158 556 2
442 1335 5
1218 28 8
616 1493 2
494 1062 8
1303 211 7
401 686 7
1186 793 7
656 950 14
157 262 2
1544 92 8
1120 958 5
395 59 8
736 98 8
136 735 52
271 914 2
938 1121 2
262 104 2
36 1200 2
729 1396 8
634 37 8
804 1389 7
577 545 2
21 638 27
222 992 1
700 242 48
772 886 77
491 387 8
23 350 2
350 762 2
161 917 8
582 819 7
499 341 3
1460 203 41
28 1457 8
527 661 5
325 273 6
792 1553 2
458 462 7
102 269 6
1337 1342 7
170 919 30
1502 77 2
450 374 2
795 1578 3
512 53 35
1355 893 33
900 1141 2
792 739 27
1258 102 8
613 285 20
1044 1252 40
667 2 2
576 1127 8
899 59 7
910 178 2
449 21 8
1239 903 2
286 59 1
325 934 7
281 673 27
54 499 21
296 658 0
563 277 8
1315 914 52
1210 284 6
741 1245 7
1502 1554 0
1317 626 27
534 1284 2
999 1156 8
158 1310 7
1562 1567 2
1215 937 7
1539 1342 7
1232 139 3
82 1419 8
432 269 8
172 360 2
1084 537 12
1084 916 8
804 1315 5
403 1217 8
661 3 8
1399 1181 7
666 801 10
721 1375 27
1341 65 8
479 603 6
161 1321 8
399 1078 2
1131 722 55
244 493 6
490 47 8
147 938 2
613 663 8
601 912 7
961 348 7
864 59 8
606 1232 7
33 479 2
269 1305 8
218 1375 27
162 295 2
503 730 2
140 1502 7
838 65 8
485 1424 2
1062 1578 3
506 21 8
486 992 2
345 1070 2
829 2 2
523 483 15
325 638 27
1037 581 2
126 1196 2
716 21 8
575 792 2
1351 1566 37
1438 1070 5
186 658 66
397 990 5
440 362 2
563 978 2
1344 1408 57
546 1357 1
1359 209 2
889 804 2
1266 1156 8
1253 572 2
311 1247 1
1031 556 2
1456 831 2
997 54 7
1258 626 8
502 311 30
1039 167 8
489 462 8
673 122 2
85 1132 7
1180 847 0
1314 1407 2
795 139 3
104 471 2
1232 272 48
869 1252 2
322 109 7
540 662 2
1443 443 12
569 793 8
519 155 1
1098 590 2
1131 1126 55
895 65 8
886 101 8
1144 519 35
395 1342 7
961 653 1
317 54 8
638 1460 2
993 576 2
850 476 2
253 1131 1
285 1450 2
390 1000 2
90 1618 5
737 792 2
631 462 8
971 158 2
510 1108 8
601 1540 7
372 891 7
157 207 2
162 923 2
145 497 2
927 1267 1
643 104 8
1551 1445 4
24 747 2
98 911 31
536 1239 30
270 219 2
22 173 2
663 246 5
392 1396 8
1055 42 7
1307 65 8
1383 779 7
316 858 10
503 88 3
693 1424 2
718 873 33
309 1456 30
22 861 2
917 600 2
201 749 5
295 1014 0
1037 2 2
1310 1315 5
278 671 14
170 536 30
1031 1252 2
80 779 6
1062 139 3
346 766 8
1171 75 3
1045 63 8
560 270 1
396 974 30
126 112 8
1355 942 33
148 462 8
1090 958 5
112 1291 7
907 179 8
1201 1207 5
1349 390 2
557 1342 7
438 167 7
98 903 7
270 440 30
997 974 7
750 1200 2
269 138 25
1003 512 2
1283 847 0
563 326 8
1001 992 2
718 568 15
1253 1127 8
1008 377 8
651 1503 38
858 130 5
1084 246 2
1317 279 27
658 1581 8
1429 1125 7
778 1042 2
107 1236 8
84 462 2
1201 311 1
179 929 7
325 1212 8
1308 938 6
311 153 12
878 663 8
1333 1062 8
894 269 2
98 1267 14
842 1447 1
1120 433 3
850 1500 2
1207 1581 8
1184 150 2
1268 20 5
503 451 2
168 661 2
416 311 2
574 1557 1
802 1344 5
728 1456 2
1075 798 2
508 766 8
433 1548 5
1355 1187 0
932 373 6
507 22 8
1160 1314 2
59 855 3
945 1084 2
731 211 7
775 660 5
500 533 2
992 1244 36
718 282 23
110 293 0
377 209 2
1271 952 33
692 136 6
499 226 3
124 1306 1
923 135 2
524 450 30
710 433 7
912 1200 2
928 590 2
64 974 30
1379 102 2
163 65 8
1313 576 14
688 434 1
619 32 8
1042 1242 2
1466 755 1
468 1271 2
650 293 0
162 167 8
325 846 6
259 2 2
792 127 2
1292 513 30
83 1375 27
804 228 8
1145 663 8
325 1138 6
324 877 2
150 68 24
542 812 1
1357 1480 2
438 795 7
343 269 8
272 761 15
25 1325 5
1003 1140 2
687 54 8
1357 753 23
99 533 3
440 531 2
1463 139 3
1232 613 48
721 1618 5
1084 1562 2
307 675 2
797 1062 8
493 1236 6
109 1127 8
513 1337 2
272 1084 21
1533 1567 1
934 1310 5
616 763 2
189 1062 8
156 850 1
309 779 8
872 479 2
747 1445 2
162 644 2
993 958 3
850 421 2
872 433 7
1207 502 8
66 540 2
503 1371 2
377 282 23
601 797 7
385 958 3
1475 1504 57
601 1135 2
372 49 1
592 792 6
1085 120 13
439 823 30
157 548 2
603 533 2
195 737 20
150 762 2
1173 329 2
1028 1258 2
222 590 1
582 651 53
938 219 2
464 324 2
161 119 8
258 350 2
694 145 2
861 1268 5
1014 433 7
371 65 8
235 1309 2
1128 1131 2
1140 853 12
581 722 2
910 1109 7
673 471 2
144 21 8
673 763 2
213 377 6
1253 848 8
790 531 7
792 1047 2
1144 808 8
923 1378 8
1261 1310 8
1349 335 2
1000 419 2
662 1333 2
548 973 2
1120 1424 2
1262 611 35
83 1042 2
997 627 7
873 1131 7
172 1395 7
1357 401 2
1567 446 2
74 1078 2
789 21 8
551 66 2
281 563 27
1317 620 27
1488 281 55
22 375 30
1336 285 7
996 1062 8
528 1025 2
1215 535 7
530 433 3
1499 1314 10
616 1391 2
1294 109 0
736 59 7
52 230 17
1008 1070 5
317 627 8
631 311 1
296 958 2
1210 147 7
655 163 8
65 896 7
434 1124 14
721 577 27
1394 898 27
1424 83 7
1176 433 7
270 464 2
1460 152 30
934 938 1
0 1531 1
601 160 2
510 848 7
32 1454 2
623 1396 8
1034 1394 27
1134 99 0
898 1325 5
374 512 2
1270 1246 1
468 992 2
1354 1262 2
1443 718 10
914 681 27
537 749 5
148 1207 8
812 777 2
365 147 8
601 46 7
795 1097 7
602 686 7
1164 1384 8
1055 907 7
1000 345 0
34 649 2
1291 987 44
64 919 30
951 21 8
346 1298 7
217 1424 2
1087 440 35
599 610 2
1446 1509 1
673 1391 2
126 685 8
692 433 3
1252 737 2
65 994 5
1144 1395 7
1336 211 5
1351 879 2
49 1132 0
98 1184 7
98 788 7
576 957 8
453 242 2
1003 397 2
192 1227 6
325 455 33
1330 372 1
1252 1420 8
719 293 0
747 0 0
590 881 5
1153 21 8
1207 1097 7
991 595 12
695 65 8
1253 97 8
534 1114 2
295 514 2
1542 1314 7
1333 32 8
938 952 16
221 462 8
876 167 8
472 1070 5
747 1098 2
395 882 2
86 32 8
55 1321 8
742 732 7
1179 65 7
452 1325 5
796 311 25
600 183 6
622 858 2
1183 847 7
1050 1392 1
972 104 2
981 22 7
503 628 2
503 1024 2
557 1325 5
1062 1097 7
145 223 26
1393 1131 2
599 214 2
508 1298 7
1547 296 8
604 534 2
526 267 55
601 1138 7
1200 796 8
237 1271 1
195 296 8
978 850 30
713 1262 2
1183 779 7
373 1305 8
1547 588 8
1405 773 2
1307 59 8
252 350 27
915 1447 1
586 461 1
393 32 8
577 88 2
1078 1305 8
1174 104 2
155 1418 8
32 307 2
40 22 8
713 793 8
314 1375 27
25 462 8
833 533 3
575 914 2
925 556 2
1424 68 24
1039 65 8
457 910 2
542 697 1
795 387 8
1014 211 1
435 533 3
98 501 7
217 673 2
346 588 8
1359 53 34
1232 498 48
435 487 8
368 1616 71
867 508 2
211 158 8
1355 368 33
36 1314 5
1506 345 0
1144 685 8
4 1403 14
107 438 8
774 150 2
487 412 5
293 230 7
66 889 2
637 971 74
63 1097 7
377 875 6
1210 160 7
167 1564 1
285 638 27
279 1042 27
1144 745 35
83 1310 8
648 75 8
295 823 33
398 1314 7
189 32 8
1328 434 2
1207 387 8
534 363 2
603 882 2
1210 92 7
705 658 0
1394 551 27
1084 360 2
1354 109 0
167 1491 7
333 1070 5
1394 843 27
721 126 27
1084 355 8
995 533 3
1424 424 7
605 199 2
270 409 2
1404 329 2
1458 577 30
1192 101 8
125 1239 2
607 1200 2
501 433 7
759 52 8
841 269 8
933 576 2
1475 766 57
1375 1389 7
938 500 2
148 365 2
1310 37 8
923 1336 2
270 341 2
720 1207 8
261 377 2
703 1078 2
155 47 8
912 798 2
365 92 8
599 1457 8
1258 1553 2
825 1207 8
579 91 7
808 1474 2
1158 265 8
1466 749 1
913 1078 2
1029 1196 2
673 648 2
737 1239 30
1131 1450 2
869 1399 6
104 1393 2
1232 1590 48
581 189 27
646 958 5
804 1388 7
1480 98 33
276 21 8
661 1230 2
383 350 30
666 1511 74
1127 1310 7
330 1097 7
718 53 34
1158 139 3
419 1392 7
1215 884 7
1020 21 8
903 662 2
205 1253 7
185 1258 27
85 325 2
479 1458 20
176 396 41
1112 732 7
1000 1284 2
724 599 1
770 1156 7
1253 88 3
557 1239 50
700 658 66
1084 1160 2
420 320 6
1506 939 15
182 1239 2
430 889 2
880 211 2
172 239 2
229 1616 71
484 812 1
424 671 2
441 1575 4
526 1321 2
850 1330 2
735 792 52
1200 80 7
424 1062 8
157 1525 2
898 462 8
1200 855 3
599 823 33
513 471 2
1438 269 8
420 626 8
1087 833 8
1183 792 7
1307 1342 7
75 97 8
513 763 2
1373 88 5
53 98 2
270 1037 2
1087 1125 8
267 581 27
1252 338 5
230 66 41
395 462 8
1 938 6
28 1199 7
297 104 2
737 330 8
658 1514 0
606 1345 2
329 743 5
599 1047 33
772 997 77
1025 1110 2
503 505 2
150 360 2
1405 322 2
162 65 8
21 836 2
1250 512 2
150 256 2
360 697 2
1351 412 5
1448 1239 30
490 46 8
101 433 7
301 1140 77
510 83 8
377 53 34
287 1392 30
1429 881 5
457 563 2
186 1317 5
923 585 2
792 1041 2
1116 1446 2
1232 511 48
1252 1305 8
1025 998 29
221 420 2
234 59 8
714 98 14
200 350 2
1229 183 6
390 136 6
1066 658 0
420 1035 2
833 499 21
452 462 8
284 373 52
718 111 15
294 1315 7
330 387 8
102 63 8
109 957 8
557 462 8
516 1309 2
1317 114 27
66 834 2
750 675 2
1304 428 7
766 433 7
880 1131 2
407 1322 13
482 779 5
1126 697 14
1200 1437 8
847 459 7
325 291 8
1554 129 2
777 75 3
420 47 8
992 102 8
858 278 74
543 663 8
1268 770 5
486 1567 2
1304 360 7
434 722 14
932 1227 6
945 1291 33
148 1375 27
829 531 7
390 1062 8
1110 658 66
470 938 6
33 882 2
1174 1141 2
40 663 8
813 1078 1
514 63 8
1192 46 8
1194 958 3
157 769 8
291 59 8
988 64 30
595 1097 7
938 841 2
145 960 2
1373 1418 7
1385 406 22
138 1232 7
838 1156 8
170 987 71
1259 1396 2
1210 1118 5
923 1281 2
563 739 27
914 880 1
109 1388 7
363 576 2
630 1325 5
1029 849 2
1029 453 2
143 21 8
591 284 33
390 1392 30
936 59 8
1354 1084 2
1359 1404 2
346 833 8
491 39 8
1317 412 5
912 675 2
454 129 8
285 881 5
1337 1062 7
1399 1578 5
792 1565 2
285 159 20
1232 905 2
1133 59 7
1252 231 2
324 24 2
207 327 1
135 179 8
1478 377 2
1511 205 19
346 770 2
1014 487 7
270 611 30
519 1314 1
70 377 1
1449 533 2
572 812 2
1258 114 8
624 1314 1
850 568 6
581 877 30
1210 45 7
82 1207 8
643 269 6
147 1325 5
530 910 2
1549 145 2
157 741 1
857 269 2
1056 812 1
300 1120 2
854 1310 8
619 1655 2
1405 1004 27
176 75 2
145 1364 2
606 1025 1
84 65 2
503 622 2
98 1341 30
1084 933 2
139 300 2
508 937 8
161 1437 8
43 308 7
199 851 30
155 297 2
982 179 8
601 678 2
28 1581 8
718 388 2
497 958 2
334 658 0
599 596 33
377 83 8
704 58 7
1402 958 3
581 101 26
167 376 3
1047 1405 2
138 199 2
909 850 6
1284 179 7
227 453 1
338 1062 7
1146 3 7
337 68 27
1351 994 37
311 861 30
66 1118 5
234 1342 7
579 1002 2
32 296 8
1421 1156 5
595 387 8
616 68 24
442 1052 2
125 32 8
457 508 2
598 75 3
961 1499 10
738 761 15
923 134 2
450 722 2
420 273 6
1336 1207 7
104 259 2
850 1138 52
1215 1457 7
1258 54 8
221 365 2
112 325 2
420 980 2
614 324 5
1568 269 2
792 855 3
1505 1310 5
1444 377 2
170 1327 6
1232 154 2
330 728 8
656 1608 2
417 420 27
534 229 33
977 718 2
915 1239 30
295 1428 2
195 298 8
1184 1309 2
450 1047 30
961 81 1
1080 1210 6
867 330 2
779 355 8
177 1424 2
988 75 8
537 466 75
686 521 5
307 1239 30
179 390 8
1159 779 5
634 789 8
258 1567 1
1081 662 2
1077 172 2
1141 46 6
462 88 5
1394 45 27
401 59 7
568 1070 5
1261 1325 5
651 541 40
616 762 2
1054 1131 2
191 32 8
154 577 2
601 864 7
483 568 7
1287 1355 2
704 295 1
1397 491 7
374 1262 2
145 217 2
936 1342 7
1085 583 13
259 531 7
211 918 78
145 905 2
1055 158 7
9 1262 1
577 606 2
11 13 2
1183 1299 29
577 210 2
233 433 7
543 595 41
558 1110 2
1359 637 12
932 167 8
581 497 2
1137 1396 8
1025 888 23
591 229 33
1319 1373 0
468 462 8
836 63 8
189 1227 6
667 1396 7
941 63 8
112 661 2
1232 517 1
333 32 8
1009 554 2
540 1078 2
1239 240 2
455 21 7
217 503 2
714 671 14
1567 617 2
205 747 7
281 442 27
961 1173 1
563 46 8
563 384 3
558 998 29
1022 1227 8
194 547 2
325 978 3
1317 395 27
1446 537 12
151 1392 7
534 657 2
588 958 5
1215 706 7
1252 1315 5
576 823 14
1008 75 3
1304 605 7
960 1567 1
1169 1375 27
983 779 8
315 270 3
1114 1070 2
281 270 27
348 1469 47
443 771 75
318 1399 80
655 730 8
277 129 2
999 65 8
235 513 26
531 1135 2
432 330 8
98 598 30
655 626 8
938 31 16
53 1299 2
1548 75 3
611 920 58
270 1031 2
1390 491 1
630 462 8
945 512 2
1392 1137 2
987 311 35
1024 1375 27
126 241 2
495 32 8
89 70 35
1039 1342 7
1501 1580 18
577 546 2
205 306 77
374 579 2
281 595 55
377 424 8
1339 1507 5
350 763 2
127 462 8
1132 1574 2
1313 4 14
231 533 2
763 1399 6
265 971 9
1037 350 2
739 330 8
1301 533 3
779 1081 6
20 94 7
1567 637 12
1483 942 2
1030 1252 2
54 573 15
1475 627 12
362 796 8
1328 1245 37
763 1227 6
1252 507 8
576 1128 8
362 1194 30
1000 1114 2
750 1507 1
765 1062 7
317 1161 7
563 575 2
311 552 1
179 1381 7
491 1005 36
148 293 0
381 948 15
211 908 8
761 1418 7
1526 1325 5
644 1307 13
877 295 2
1232 333 48
901 65 7
978 300 2
411 961 2
437 1346 8
1444 718 2
463 1446 30
83 66 2
1055 384 5
586 1304 5
406 199 7
530 1087 2
395 365 2
938 1403 6
1446 1126 33
501 1210 57
1201 1342 7
267 479 27
736 1488 2
1306 1342 7
435 1070 5
1329 59 8
483 982 1
167 684 2
53 324 2
158 270 2
498 433 7
313 75 8
1055 1482 7
273 1405 2
1314 622 34
1046 971 74
1284 1262 2
1515 882 2
479 937 7
938 1004 27
579 139 5
616 707 2
533 470 30
154 126 2
466 46 6
632 92 8
359 1355 2
1493 1375 27
506 22 8
887 1132 0
1561 311 35
586 673 2
1485 1140 2
591 993 2
938 335 2
910 1015 36
576 1491 7
479 1161 7
337 641 27
337 1037 27
295 3 10
819 1550 8
373 908 8
1230 499 21
397 991 5
1008 697 1
364 98 8
108 242 7
563 979 2
442 891 7
591 611 34
792 475 2
677 233 27
730 1392 30
1232 737 48
357 1396 8
512 1015 36
420 846 6
1084 1111 67
792 1163 2
144 1245 5
997 743 7
997 347 7
1483 191 2
292 1375 27
74 798 2
889 1029 2
1200 1340 2
420 1553 2
1098 591 2
634 1097 7
919 1456 30
685 21 8
98 249 8
1160 958 5
503 1495 2
434 917 8
577 796 20
1324 1029 2
681 377 8
1000 363 2
591 265 15
300 322 2
1061 293 0
850 873 2
303 167 8
847 685 7
325 855 3
295 890 33
162 992 2
1025 1554 0
1394 722 27
466 1138 6
303 63 8
1179 1156 7
212 961 35
1390 1351 1
399 104 2
408 63 8
1061 1355 2
1394 618 27
1570 32 8
450 1388 6
601 1541 7
718 942 33
25 1392 7
1172 59 7
1230 1200 15
117 1357 1
1461 98 30
4 489 6
591 974 33
1307 462 8
913 938 6
1047 269 7
157 891 8
222 938 1
1172 32 8
1250 1262 2
293 441 0
1251 1291 33
479 524 2
250 1419 8
581 778 2
1163 365 2
1054 325 2
1120 1507 1
558 1287 2
355 1419 8
934 1314 8
140 793 8
291 1325 5
186 172 5
1463 908 7
908 487 7
1357 537 12
816 1310 8
22 393 8
1483 1283 2
699 98 33
981 914 11
548 1029 2
1227 1161 7
1252 848 8
1220 938 6
1317 1036 27
1478 499 2
344 21 8
1225 403 48
425 1475 37
326 1070 7
429 938 2
661 1333 2
910 119 8
85 450 7
720 293 0
432 242 7
420 95 6
1429 1418 7
1394 1418 27
958 441 0
995 1062 8
524 126 2
383 600 2
1209 269 7
172 743 3
1372 1344 5
350 861 30
1232 39 8
1119 63 8
747 818 2
168 324 7
329 453 35
168 662 2
136 1377 52
1278 590 1
634 387 8
306 833 8
747 813 8
938 1367 2
30 882 2
1131 159 20
391 958 2
958 805 7
273 662 2
1279 199 2
631 1342 7
279 66 27
479 928 2
35 1156 7
493 1125 6
115 961 1
616 360 2
373 296 7
730 324 2
576 338 5
1214 1575 4
628 65 8
595 1596 38
1401 958 3
14 591 1
527 533 3
651 35 40
373 588 7
908 850 6
317 412 5
893 573 15
360 576 2
1302 1062 8
772 1460 77
993 1325 5
150 31 2
483 1583 8
365 891 8
718 191 33
923 824 2
259 462 8
547 909 1
746 1505 5
362 1437 8
167 848 8
373 957 8
475 662 2
1250 579 2
118 576 2
337 586 27
385 1325 5
1140 214 2
170 1457 30
886 1161 7
235 1078 2
737 761 15
80 493 6
905 104 2
596 513 30
1358 325 2
1357 1445 2
789 1070 2
1207 743 5
1082 311 30
910 1112 2
193 747 57
45 64 30
506 285 20
914 584 53
1084 81 10
923 355 8
804 917 8
1357 1126 33
307 1140 2
889 1042 2
295 1046 12
491 453 35
167 782 30
80 362 7
1444 1359 2
1000 284 33
821 1245 5
1292 533 5
1144 743 3
107 158 8
1337 433 7
499 274 12
395 938 2
479 412 5
285 1418 7
152 1567 1
290 1342 7
535 377 2
747 666 12
1200 1212 8
1076 172 2
211 102 8
271 581 2
85 32 8
595 986 2
48 577 2
377 568 7
1394 271 27
1394 667 27
150 831 2
179 908 8
190 32 8
420 114 8
506 663 8
1078 1388 7
980 63 8
255 673 2
155 1443 2
350 873 16
599 1250 2
1141 233 27
155 1112 23
28 728 8
836 65 8
599 523 23
1520 63 8
138 1345 2
162 1156 8
858 610 75
1500 377 2
672 513 26
602 59 7
1158 1296 8
855 671 30
1402 59 8
518 1314 5
1172 269 8
397 1564 5
910 1448 2
135 22 8
879 697 1
913 798 2
1446 445 0
420 1127 6
346 1004 8
681 1291 33
912 450 2
1145 377 8
459 958 3
49 109 0
338 433 7
63 743 5
1037 167 8
418 1084 1
1396 881 5
1552 1395 7
75 863 7
1210 216 7
551 21 7
463 1616 71
1458 600 2
546 547 7
1446 36 33
533 139 2
581 1340 30
1415 439 57
287 1355 2
393 1207 7
55 303 2
318 1229 80
183 1239 2
721 938 27
179 848 8
178 1310 8
498 1342 7
306 90 8
65 1293 7
1282 1025 1
1394 1295 27
157 1199 7
173 531 2
1230 1616 55
399 677 2
958 750 7
32 1455 2
1174 1252 2
503 689 2
1460 829 20
910 389 36
625 269 2
285 312 8
161 1212 8
157 1177 2
601 453 2
662 990 5
558 1554 0
28 1315 7
500 479 2
126 759 2
1144 735 6
1305 65 8
457 59 2
524 396 30
508 936 8
800 1360 2
293 1014 0
517 1291 14
329 441 0
101 199 2
1519 793 8
337 239 27
576 1381 7
117 155 1
361 697 2
386 879 9
850 1377 52
779 1203 6
126 983 2
489 129 8
21 488 2
787 1310 7
677 833 2
563 869 2
1140 1047 33
450 893 2
211 1161 7
1133 462 7
324 823 2
904 89 84
858 376 5
909 21 2
878 914 2
1468 94 7
238 269 8
450 789 2
722 64 30
397 417 5
441 487 7
642 433 7
541 167 7
1327 1310 7
563 796 8
1000 229 33
1351 766 7
1210 844 7
1232 559 48
1232 163 48
416 661 2
981 533 2
761 1581 8
1253 390 8
534 1407 2
420 1047 2
445 1567 4
1067 658 0
1132 244 8
512 1566 37
1395 958 5
32 1335 5
69 300 2
1476 531 30
1090 63 7
1548 533 3
1326 1227 8
1085 134 13
1414 1156 7
706 1062 6
365 1199 7
377 1247 2
479 1122 6
138 1025 1
1551 1404 4
381 531 2
591 1287 2
195 297 8
1393 1424 2
52 197 8
52 139 3
365 1491 7
601 1035 7
590 543 2
1397 662 7
155 381 33
373 1161 7
48 58 2
31 28 2
533 988 30
1394 148 27
841 330 8
544 350 30
1302 32 8
911 958 1
34 189 38
829 958 3
148 129 8
32 704 2
109 338 5
433 743 5
718 368 33
336 850 6
1350 499 1
1252 1388 7
624 1392 30
266 65 8
337 1555 27
710 75 3
1039 462 8
581 272 2
905 677 2
397 1509 5
125 1227 8
126 3 8
282 179 15
1474 125 2
914 1198 54
325 488 2
251 961 35
1253 1086 8
657 1355 2
438 104 2
98 502 7
905 1396 8
220 420 2
1344 27 12
1223 661 2
1136 958 3
97 533 3
945 1314 5
761 174 1
1239 384 3
463 533 3
1555 1424 2
992 523 2
430 262 2
1003 1291 33
1215 85 7
76 21 8
350 68 24
576 1315 5
850 307 2
576 890 14
372 691 1
269 1395 7
1314 151 2
1076 1141 2
750 1310 8
1198 325 2
953 421 2
961 1517 12
1460 820 15
872 75 3
1087 102 8
167 1388 7
35 300 2
958 1033 2
671 899 5
727 755 59
977 75 3
573 704 1
43 424 7
1460 390 30
444 179 15
752 663 8
945 579 2
1554 1575 4
300 873 30
80 1325 5
784 372 77
432 761 15
1537 1062 8
1144 284 6
337 1495 27
1025 1371 33
464 461 1
923 1629 2
144 663 8
1460 551 82
907 433 7
256 350 2
1216 958 5
819 743 3
1146 119 7
157 694 39
479 986 70
779 856 6
346 848 7
1053 63 8
673 1337 2
1253 1381 7
420 97 6
761 1266 1
563 80 7
1351 91 7
563 855 3
316 377 6
804 119 8
1040 59 8
341 798 2
506 938 6
1408 1268 5
1364 365 2
810 269 8
1129 255 2
1355 401 2
178 493 6
997 1097 7
317 936 7
894 1252 2
1214 433 7
311 368 2
420 321 6
908 63 8
1000 611 34
278 1469 47
269 321 52
1553 533 2
1062 341 5
534 1352 2
666 466 75
493 1127 6
35 663 1
1221 601 7
736 971 2
195 18 8
863 32 7
327 1124 14
450 1455 30
1177 533 27
388 1392 7
348 327 1
374 1446 2
244 269 6
362 1340 2
170 88 3
1196 1062 8
1084 554 23
1081 377 8
1129 394 1
930 662 38
269 685 8
591 452 12
601 980 7
951 663 8
369 662 2
784 1396 77
205 709 77
1397 211 7
454 886 2
712 63 8
1047 150 2
907 1399 2
82 1469 47
170 652 71
1101 801 10
683 1070 2
594 59 8
1567 987 1
341 1156 7
728 533 3
364 269 8
154 958 3
191 1567 1
1483 138 2
1229 252 6
928 1396 8
259 958 3
780 499 1
170 584 71
334 397 2
1305 75 5
392 1200 15
283 479 31
158 1304 5
337 1036 27
540 798 2
91 270 1
997 518 7
880 1200 2
334 329 2
541 1078 2
1000 602 2
434 796 8
1409 1344 37
503 891 6
819 298 5
960 599 1
69 581 2
1310 1389 7
648 21 8
195 646 8
75 1086 8
976 718 2
1424 42 7
847 460 7
498 882 2
53 973 58
26 513 26
1416 350 2
655 54 8
1552 1550 8
1563 958 3
1394 497 27
913 52 5
158 673 2
1084 743 3
1262 441 0
1394 393 27
374 671 33
894 32 8
1087 47 8
499 1016 12
926 1055 1
458 1567 1
1192 47 8
237 534 1
359 155 2
145 565 2
927 1335 1
300 765 19
992 392 36
126 854 27
483 42 8
777 1070 5
22 241 2
1540 65 8
1480 443 12
329 990 37
1090 961 35
1141 1393 2
1040 1342 7
127 479 2
1313 21 8
1025 360 2
1330 483 15
747 594 10
1037 65 8
396 750 30
1025 355 8
346 834 8
334 1025 2
558 347 33
532 1360 2
1569 997 22
1251 793 8
1442 514 1
1402 1325 5
167 743 5
199 991 2
29 147 8
584 172 8
852 64 30
774 792 2
324 713 2
464 1062 8
576 848 8
997 750 7
1304 1125 7
57 792 6
1450 1309 2
1045 145 40
23 396 30
535 1299 2
1100 910 2
1555 1309 2
85 563 2
1446 62 2
190 563 2
75 1381 7
420 1041 2
1506 489 15
437 675 2
1394 1152 26
1075 350 2
1446 950 33
1317 1035 27
1078 854 27
1216 663 8
300 1121 2
451 1456 30
286 4 1
327 381 14
1002 29 2
1201 1062 7
939 1070 5
55 1212 8
324 642 30
491 990 37
1306 1062 7
269 703 2
512 879 2
294 502 8
1394 1417 27
35 581 2
623 1227 8
1127 958 5
226 675 30
109 1315 5
712 1346 7
577 1358 2
717 63 7
594 1342 7
1200 291 8
159 270 2
747 916 8
847 88 3
388 1310 8
1348 658 0
1271 528 2
1163 1227 8
847 438 8
1078 112 8
494 32 8
558 1439 33
73 847 0
337 69 27
1119 64 30
591 713 2
1029 1082 2
362 1212 8
285 856 20
34 1168 2
858 1066 5
193 590 57
914 239 2
42 1392 50
542 656 1
361 923 2
256 1314 8
1020 663 8
501 65 8
1114 1557 1
20 442 7
1346 390 2
586 325 2
126 808 8
1391 172 8
206 1405 2
80 601 7
89 543 2
1351 1002 2
804 296 8
1138 269 48
34 1177 40
324 945 2
139 850 30
189 136 6
487 1578 5
756 920 1
12 1131 20
346 83 8
662 1169 2
662 773 2
671 1128 8
1549 697 1
779 424 8
598 1070 5
1177 882 27
1232 681 48
1446 685 8
411 1309 2
992 116 8
1009 88 3
1314 309 33
834 136 6
55 1449 2
1215 371 7
1131 1139 55
1314 1352 2
618 1405 2
961 374 1
318 1207 8
1077 533 2
1138 1070 5
1041 513 26
434 277 8
601 1329 7
527 1062 8
581 23 30
303 179 8
1227 54 8
159 1258 2
365 930 1
168 350 33
611 443 2
1141 735 6
25 325 1
1436 462 8
1264 1392 7
601 1261 7
591 1409 2
263 910 2
145 218 2
604 1345 2
1146 1388 7
573 594 1
985 503 19
618 21 8
663 363 5
707 433 7
595 985 2
145 568 7
810 1611 2
723 21 8
1173 397 2
729 1062 8
420 441 66
1502 1518 2
161 291 8
804 1393 2
246 812 2
101 1345 2
1055 789 2
508 83 8
923 1181 7
780 1140 1
581 498 2
880 98 16
1149 1322 13
914 1555 2
945 104 8
399 434 14
1042 335 2
230 311 33
371 75 3
145 833 8
661 54 6
891 136 6
661 829 2
909 479 2
270 229 30
1503 32 8
350 360 2
127 59 8
1253 537 12
1253 916 8
1252 177 2
325 1006 2
1317 464 27
350 355 8
1232 1377 48
98 228 7
361 167 8
1449 479 2
681 793 8
1008 98 8
976 1359 2
581 823 30
85 508 2
1210 387 7
534 274 12
1446 1226 12
1317 292 27
471 761 15
514 732 7
1394 1138 27
21 286 15
1179 1572 7
1215 603 7
886 54 8
1258 412 5
747 246 2
558 1105 0
298 533 3
933 1344 37
176 21 2
1510 513 26
181 1227 8
1443 89 2
655 627 8
558 1397 0
961 82 7
1119 75 8
1196 269 2
768 581 3
285 87 8
479 648 2
543 1239 30
694 576 1
55 297 8
324 519 30
1510 677 2
601 578 7
485 798 2
42 104 8
1258 638 27
1271 77 2
1548 1070 5
1402 462 8
124 1418 7
1052 63 8
1029 1423 2
746 1225 5
774 1141 2
1025 933 2
593 1227 8
1250 1291 33
934 59 8
235 798 2
1316 211 5
206 662 2
1225 1215 48
1375 471 2
555 1424 2
28 44 8
1251 579 2
1346 335 2
1357 1561 2
365 881 3
61 1055 1
901 576 2
442 894 2
792 140 2
1108 433 7
1460 987 2
337 238 27
192 1399 6
124 80 8
1227 1451 2
570 65 8
324 890 2
22 1139 30
997 1323 7
464 32 8
1253 1126 33
141 443 9
434 1606 2
1000 1407 2
1100 1087 2
311 548 7
1098 1567 2
1136 59 8
524 938 2
442 1217 8
1084 1283 2
306 957 8
569 63 8
503 489 6
1451 63 7
109 848 8
168 1078 2
307 1084 2
516 804 2
285 1184 2
1239 1194 30
273 1474 2
974 1345 2
106 1239 30
628 882 2
1314 901 2
317 116 8
913 1253 5
159 136 6
424 1291 30
855 66 2
939 373 6
790 1325 5
216 958 5
721 66 27
912 847 0
787 1475 5
58 541 2
499 602 2
350 301 16
127 1456 2
1296 1156 59
980 179 8
1304 147 7
1141 284 6
1230 573 15
1506 419 2
373 936 7
475 1078 2
31 199 2
252 126 27
835 1360 2
195 470 30
222 311 1
1262 741 2
145 455 2
1233 564 1
127 1342 7
255 325 2
923 1172 2
238 1141 2
576 1388 7
117 558 1
696 1227 8
192 1373 21
1152 663 8
1544 743 5
717 961 35
1272 65 8
1140 1250 2
1258 1384 8
913 914 2
667 1342 7
1354 579 2
362 114 8
909 28 2
833 311 25
572 433 7
1140 523 23
104 833 2
1045 21 8
1355 888 23
594 1325 5
1015 1460 2
634 1125 6
107 183 2
219 365 2
1144 1217 8
98 277 7
98 569 7
270 106 30
632 133 1
258 396 30
199 417 2
1215 256 7
1247 179 8
199 808 8
913 1239 30
270 854 27
1024 269 20
168 595 33
1321 1310 8
850 770 2
955 770 2
1194 1207 8
494 910 2
1075 172 2
923 1576 2
403 36 8
594 590 2
1218 663 8
972 1488 2
1055 800 7
363 1344 37
739 52 8
1245 721 57
577 852 2
267 21 27
1394 54 2
601 173 2
263 1087 2
435 658 0
855 1483 30
269 228 8
934 1342 7
145 1479 2
374 129 2
533 476 30
1239 153 1
231 479 2
877 1268 5
1253 1562 2
1252 922 2
783 1446 2
834 32 8
479 916 8
107 937 7
1215 250 5
450 681 2
455 663 7
880 671 16
396 976 30
978 167 30
126 411 2
1483 1284 2
1340 450 7
1000 452 12
872 513 26
1367 350 2
1357 818 2
563 693 2
661 627 6
1245 1044 12
515 1132 0
311 607 2
259 59 8
1317 1037 27
1284 1392 67
774 914 2
545 661 2
98 1197 7
295 699 2
1225 300 48
1137 533 3
796 52 8
1137 487 8
1297 155 1
420 475 2
1237 167 8
303 1156 8
311 831 2
1351 824 2
724 1355 1
512 994 37
1502 1397 0
592 362 30
408 1156 8
140 59 5
973 411 2
847 3 7
1552 743 3
294 728 8
686 412 5
277 599 2
514 1575 2
945 1446 2
177 1310 8
996 32 8
973 1398 39
176 886 2
365 569 2
285 665 2
313 21 8
503 1037 2
679 1314 5
628 462 8
601 463 7
595 1597 38
309 377 8
1240 658 66
32 492 2
470 98 16
1271 650 2
1328 958 5
858 80 8
707 661 2
556 1166 1
36 63 8
540 513 26
534 1225 0
1087 338 5
1359 236 12
1224 1291 16
355 346 2
129 708 7
941 22 8
558 1001 2
125 556 2
396 1500 30
167 851 30
440 601 2
1080 513 26
222 958 3
213 43 6
800 32 8
914 689 2
1468 442 7
593 129 8
63 116 5
238 914 2
343 167 8
98 222 7
1561 1070 2
658 1296 8
641 433 7
1326 1310 7
416 1405 2
1140 453 34
790 462 8
1355 381 33
285 1069 2
761 326 8
1445 329 2
1222 28 8
910 704 35
639 98 2
528 1087 2
1373 1294 0
1536 1310 7
1144 70 35
1064 386 1
848 938 6
459 1325 5
651 358 38
298 1396 8
433 119 8
1418 798 2
1404 910 2
944 1299 2
145 471 1
1061 1009 2
380 914 2
1207 796 8
600 824 6
1078 1389 7
486 1239 2
385 1310 8
462 607 5
1173 1087 2
485 377 6
1298 75 7
259 1456 2
599 1251 2
623 1062 8
158 1131 8
55 291 8
1403 75 7
1242 513 26
582 779 7
873 1392 30
357 1355 2
888 293 0
1556 961 35
1389 129 2
927 1110 1
1383 330 7
125 1252 2
505 167 8
1033 269 2
363 1062 7
265 75 3
594 462 8
242 877 79
577 729 2
988 477 41
450 334 2
1029 229 2
244 63 8
293 341 5
217 798 2
863 533 5
674 1351 2
805 1345 2
468 590 2
917 1131 2
564 986 2
1029 917 2
463 324 2
673 369 2
908 433 7
346 568 7
82 327 1
361 65 8
572 656 2
362 291 8
814 75 3
641 1129 7
430 782 2
365 37 8
1304 130 5
1121 651 53
1253 36 33
726 1325 5
450 162 2
1317 586 27
185 1375 27
1215 1293 7
1223 1405 2
1424 139 5
1329 1392 7
515 1446 1
1029 1230 20
70 1232 7
632 998 1
938 1236 52
437 450 2
167 1517 1
632 1389 7
1084 1173 2
170 808 7
980 1156 8
1304 1520 7
1087 523 2
1085 1402 13
686 357 5
226 450 30
577 1133 2
365 514 2
359 1314 2
1393 63 7
377 236 12
1307 1396 8
148 1132 7
508 568 7
1224 1456 30
601 408 7
350 191 16
1296 462 8
567 658 0
317 358 5
126 1052 2
145 53 2
1110 531 5
1139 1483 2
167 502 8
127 882 2
923 770 2
923 374 2
1130 686 1
325 1153 6
1252 1495 2
373 507 8
1250 129 2
981 1131 20
932 1314 8
1000 1409 2
1355 537 12
753 1210 6
677 1230 2
677 834 2
434 1125 6
1037 1156 8
442 1120 2
792 762 2
1003 1447 2
569 65 8
440 150 2
337 464 27
996 997 22
1132 318 2
1456 723 2
1299 1499 10
858 1065 5
1201 75 5
829 1325 5
462 891 8
1140 46 7
1201 850 1
542 1488 2
1447 363 2
1549 576 1
541 798 2
371 658 0
98 758 44
70 199 2
1317 1337 2
211 116 8
325 80 8
49 129 2
373 735 52
1138 75 3
267 1394 27
110 958 5
756 1310 7
850 368 2
1136 1325 5
205 1229 77
1456 1340 30
226 1474 30
752 104 8
1394 217 27
252 420 27
692 779 6
1110 1227 5
1416 362 2
958 68 7
612 1307 13
1424 90 7
270 471 2
1502 1361 2
1129 1138 1
1256 1029 83
1396 1125 7
31 29 2
163 1396 8
470 671 16
770 1207 5
756 533 3
936 1456 2
1323 98 14
1230 311 25
1185 377 8
718 753 23
938 166 2
22 357 2
464 563 2
903 104 2
1359 1101 12
573 296 7
249 1062 3
189 1399 6
1483 486 2
1355 1445 2
673 314 2
128 479 2
1025 471 8
556 68 1
22 226 3
434 46 6
1446 683 0
208 675 2
152 396 30
1317 239 27
1232 1152 48
1336 300 7
997 178 7
438 59 7
1298 1325 5
98 399 7
1000 274 12
710 1070 5
208 269 7
859 1424 2
1008 269 8
186 270 1
1482 65 8
915 330 8
563 114 8
1207 1104 7
581 890 30
639 671 2
1210 454 7
1394 913 27
1207 1437 8
834 1227 6
300 841 2
1080 1078 2
1404 1087 2
847 808 7
45 1405 2
43 97 7
1200 183 8
1552 341 3
179 1086 8
377 1480 2
270 411 2
170 685 7
1141 1138 6
721 420 27
503 239 2
599 1428 2
601 399 2
167 119 8
499 140 8
751 671 14
170 1124 30
31 1345 2
1037 882 2
126 309 2
590 1418 7
329 1005 36
718 401 2
1567 3 10
371 1396 8
1461 513 30
64 830 30
1518 63 8
483 390 8
823 63 7
1552 1335 5
1244 658 0
1078 228 8
21 502 2
167 51 8
227 174 1
350 831 2
872 1070 5
337 185 27
726 462 8
1535 479 20
1029 1198 2
1505 59 8
1252 648 2
550 109 0
1158 163 8
1483 1114 2
919 675 2
563 127 2
1567 652 1
599 44 8
673 1338 2
329 1111 7
1360 790 2
1567 1101 12
440 199 2
1210 88 5
1154 1207 8
170 824 6
1561 1245 37
1035 32 8
906 1062 8
1242 1078 2
704 104 35
324 1061 2
1317 1555 27
1444 958 2
183 1210 6
1449 882 2
555 1131 2
206 661 2
424 1132 8
154 1325 5
961 266 1
655 1161 7
658 102 8
658 836 3
259 1325 5
699 718 10
1262 855 5
744 1357 1
579 606 35
639 1299 2
922 350 30
513 833 2
416 503 2
411 1029 2
306 1420 8
420 1384 8
66 500 2
616 259 2
1160 1132 0
1338 533 3
980 22 8
360 1344 37
480 1345 2
43 1017 7
731 403 7
787 958 5
847 521 7
33 616 2
374 1447 2
170 147 8
1127 910 5
1144 1377 6
1299 359 2
61 732 60
150 722 2
252 365 27
477 873 2
1055 1550 7
685 938 6
227 1266 1
373 815 7
491 1111 7
604 377 2
582 377 7
1409 656 2
52 39 8
373 711 7
928 1132 7
126 1333 2
599 745 2
1025 1404 2
1053 1156 8
1085 304 13
157 39 8
1197 32 8
1229 321 6
271 300 2
1563 1325 5
1162 1227 8
1443 658 0
988 22 30
841 172 8
591 1061 2
994 300 57
1210 1472 5
137 533 3
605 75 3
1083 41 9
1214 1531 1
270 53 30
558 727 2
997 1468 22
1025 25 2
361 59 8
1481 1460 2
213 269 6
673 259 2
228 104 2
1232 805 48
338 32 7
674 89 2
695 1396 8
34 1525 40
887 591 2
207 430 2
350 471 8
662 829 2
185 577 27
863 792 6
812 1047 14
642 1345 2
570 1156 8
1450 1078 2
330 1437 8
651 256 38
874 533 2
658 730 8
300 166 2
979 533 2
661 773 2
78 150 2
689 129 8
1315 300 52
1078 1333 2
1239 226 3
159 1399 6
1554 491 2
503 1184 6
534 670 2
958 417 7
977 1359 2
1215 719 7
138 1271 1
309 1200 2
618 150 2
510 808 7
499 742 23
415 21 8
43 42 7
1397 1304 7
145 1030 2
1137 1070 5
432 483 15
712 1156 8
399 172 2
214 1475 5
721 365 27
1270 1102 1
355 493 6
55 855 3
1505 1342 7
1258 1568 2
501 718 2
269 3 8
945 129 2
573 546 1
601 298 7
1330 948 15
1323 671 14
485 914 2
145 957 8
34 763 38
329 991 37
1039 1396 8
1047 675 2
1354 1446 2
1253 1395 7
666 749 5
722 21 8
565 1141 2
1247 443 12
581 1242 2
285 917 20
903 677 2
576 917 8
1372 107 7
1098 293 0
446 812 2
346 1127 8
205 1164 7
1474 699 2
1207 287 5
1567 254 12
59 1290 5
442 322 2
677 1120 2
1145 63 7
1145 104 8
746 877 5
34 154 40
324 318 2
886 183 2
792 256 2
437 1140 2
780 150 2
1098 1355 2
882 189 27
1258 116 8
1252 916 8
362 915 30
362 519 30
859 1309 2
1304 1377 6
1304 1418 7
889 1375 27
541 792 2
450 781 30
1554 443 12
658 47 8
434 1321 8
311 606 2
1232 54 48
933 75 5
978 21 2
322 270 3
1553 479 2
190 1252 2
622 43 6
829 792 6
1000 453 34
880 450 2
992 1384 8
868 344 2
647 914 2
177 798 2
273 798 2
491 991 37
136 1153 52
601 702 7
403 881 3
1177 479 27
663 1407 5
632 277 8
285 836 2
402 533 3
870 75 3
162 377 2
601 238 7
508 1127 8
55 1437 8
1158 908 8
604 718 2
381 21 8
1240 1317 5
361 992 2
599 393 8
130 386 1
1126 573 15
819 1298 7
1000 1225 0
137 167 7
733 925 8
361 1342 7
1271 425 2
1475 1044 12
655 412 5
1131 1284 21
858 1067 5
907 1345 2
193 591 57
29 1578 3
450 1480 2
591 610 2
1118 1494 1
688 1232 2
1036 958 2
1025 554 23
421 1469 47
910 888 2
40 1314 5
1371 32 8
804 297 8
1310 341 5
442 1242 2
1253 685 8
792 488 2
1140 610 2
761 133 1
92 1239 2
265 658 0
792 838 7
302 1000 7
547 35 2
848 52 5
185 126 27
1333 958 3
978 1405 2
1212 433 7
662 728 7
1114 512 2
1297 558 1
1289 179 15
199 241 2
1309 1393 2
306 1305 8
300 1004 27
872 616 2
1009 147 8
503 837 6
328 52 8
880 1078 2
590 1415 37
55 1450 2
192 747 2
704 1239 30
1544 1097 7
761 789 8
761 393 8
601 1330 7
1200 1384 8
847 406 7
147 1310 7
1262 1005 36
1303 634 7
1090 920 2
503 1148 2
27 1589 38
1056 377 6
858 259 8
49 579 2
938 1044 53
21 1479 2
534 151 2
252 938 27
148 325 2
162 1396 8
1101 1489 5
938 1148 2
150 189 27
215 958 5
373 1388 7
1322 98 14
510 685 7
1250 1447 2
1146 1389 7
155 888 23
126 1510 2
484 1029 2
1502 476 33
927 1281 1
28 796 8
380 1309 2
1180 179 8
435 373 6
300 368 30
222 1055 1
476 499 2
1259 1635 2
577 504 2
170 258 30
301 443 5
1357 246 2
1039 882 2
673 540 2
620 1469 47
454 373 2
1253 818 2
228 677 2
1200 272 31
804 1217 8
1266 533 3
1140 883 33
324 263 2
75 1395 7
190 577 2
992 714 2
1008 104 2
797 958 3
641 882 2
564 985 2
390 1399 6
648 663 8
876 1342 7
1114 1140 2
98 917 7
651 829 38
997 1384 7
295 419 2
902 462 8
325 584 33
1460 292 2
1254 21 8
1019 172 8
1317 689 27
70 1345 2
526 1177 2
1210 680 7
1317 981 27
1304 1295 7
1186 1156 7
49 1567 2
671 810 15
267 145 27
473 1314 7
510 1381 7
363 75 5
497 973 2
1078 27 53
512 91 7
297 59 8
721 1042 27
663 1352 5
1551 552 4
493 846 6
686 1298 7
273 675 2
1245 1069 57
479 1337 2
479 941 2
601 183 7
595 921 38
782 1469 47
1502 1500 33
126 535 2
157 1578 3
127 365 2
1538 65 8
42 793 8
917 595 33
483 908 8
170 251 71
923 149 2
904 329 84
241 971 7
823 1310 8
576 1099 2
882 101 26
1215 994 5
1315 1070 5
279 450 50
1481 324 7
1357 1562 2
563 1041 2
1140 823 33
211 937 7
472 167 8
769 136 6
1445 658 0
744 1359 1
255 21 8
923 76 8
563 1333 2
1227 1452 2
675 723 2
1084 1352 2
347 377 8
1081 513 26
1533 1357 1
880 403 2
112 663 8
80 479 7
727 293 0
295 1443 2
877 1345 2
300 1367 2
650 1009 2
55 1125 7
81 450 33
747 81 10
779 766 8
295 1112 23
746 158 1
1232 627 48
39 938 6
1552 1217 8
82 75 8
1009 92 8
763 958 3
84 1396 2
761 384 3
236 749 5
145 1152 26
641 34 69
1304 216 7
1077 479 2
43 1243 7
1262 991 37
42 1156 7
111 179 15
604 1359 2
1125 958 5
434 119 8
840 1299 2
1081 167 7
1491 958 5
1546 377 8
486 1355 2
1 1062 6
1299 877 2
150 844 2
145 1417 27
1483 911 31
1129 913 1
227 1388 1
20 792 7
32 840 2
479 1523 7
154 420 2
704 534 1
157 265 8
26 172 2
20 1084 7
1138 513 26
145 852 2
154 1207 8
1554 718 10
365 1578 3
259 1207 8
558 637 12
250 793 8
1237 1342 7
792 1525 2
244 179 8
217 914 2
1140 1251 2
449 1309 2
1483 657 2
1483 261 2
658 196 1
905 1141 2
440 1345 2
1127 63 7
1567 248 12
65 88 5
104 834 2
104 1230 2
199 153 1
787 403 7
454 21 8
1145 98 8
569 1156 8
156 573 15
878 65 7
1451 1156 7
595 872 40
1253 1550 8
256 1325 5
1114 397 2
66 1026 2
221 1227 8
155 1554 0
1450 804 2
1209 107 7
281 285 27
981 850 6
1239 114 8
1102 595 12
1227 701 2
1548 1314 7
878 330 8
297 1342 7
1317 238 27
1317 1298 7
377 1381 7
1314 883 33
1210 229 7
1207 1212 8
858 1296 8
859 1131 2
195 769 8
150 101 26
697 1186 16
1141 1377 6
1204 52 8
1075 533 2
303 65 8
1424 957 7
1063 386 1
195 1457 8
533 881 3
197 167 8
794 311 35
119 564 41
1061 1357 2
1394 620 27
1461 64 30
403 37 8
938 1033 2
294 393 8
1488 751 1
1394 912 27
329 1244 36
119 779 6
270 140 7
1084 424 8
199 1139 30
58 255 2
1322 671 14
476 1140 2
475 104 2
261 910 2
834 2 2
361 590 2
1173 324 33
1029 1041 2
707 1345 2
126 480 2
197 1207 5
718 572 2
140 718 7
1458 595 41
690 1607 2
704 1507 12
1078 3 8
167 222 8
1025 1439 33
1078 341 3
350 606 2
577 1077 2
29 384 3
499 1397 0
1158 730 8
464 1258 2
479 813 8
172 1335 5
1547 1118 5
450 974 2
581 1364 2
713 179 8
1245 1045 12
1140 1437 7
648 1309 2
126 704 2
249 1419 8
270 803 30
572 1062 7
1110 958 1
761 646 1
1258 702 8
1001 1355 2
346 1307 13
1355 933 2
1145 330 8
1025 444 23
360 65 8
34 380 40
778 1405 2
369 531 30
499 1225 0
545 662 2
1000 1061 2
43 865 52
226 577 2
311 854 7
919 377 8
1014 75 3
773 882 2
1444 1025 2
137 1070 5
1447 771 2
900 65 8
1460 865 2
974 1359 2
491 1244 36
541 914 2
176 663 2
1156 993 5
1557 1091 2
503 39 6
877 534 2
411 804 2
1087 929 7
505 1342 7
600 265 6
1058 1131 2
285 1125 8
487 568 7
398 350 2
960 430 7
616 722 2
88 958 3
945 1447 2
512 1002 2
306 1127 8
176 491 2
847 296 7
391 1252 2
269 1217 8
503 642 2
1299 530 2
150 893 2
150 497 2
53 167 2
377 572 2
568 1399 6
858 149 8
600 489 6
717 920 2
479 1176 7
526 281 55
29 1097 7
601 1152 7
601 756 7
499 881 3
487 833 8
118 1392 7
577 667 27
922 600 2
317 1102 5
1085 79 13
178 671 14
1275 699 7
1025 1191 12
337 1315 6
1036 1252 2
707 662 2
259 365 2
945 63 8
216 1507 1
915 1502 2
569 882 2
170 428 71
923 1118 2
211 1578 7
1176 75 3
1316 761 15
1304 1174 5
1141 833 2
112 1309 2
728 1475 5
672 1258 2
28 222 8
1472 595 12
1355 1561 2
1354 129 2
168 658 0
451 675 2
1266 1396 8
420 1568 2
202 1488 2
790 94 7
824 573 15
1567 113 2
88 1379 7
98 119 7
330 1212 8
1502 61 15
997 190 7
1338 1062 8
1357 360 2
867 522 2
359 958 5
1474 70 2
867 1210 2
531 699 2
285 1362 2
1317 183 27
1268 1303 5
1210 174 7
1525 661 2
1144 363 35
1533 155 1
1413 433 7
1025 1105 0
627 577 2
191 958 3
1080 798 2
533 92 8
986 337 38
769 32 8
621 1624 7
870 533 3
373 1578 7
294 46 8
1282 295 1
294 384 3
466 1377 6
1394 565 27
98 782 30
1081 1078 2
729 1258 2
938 978 2
1376 910 1
145 1493 2
1383 1087 7
352 290 27
385 1207 8
1144 865 6
23 311 2
1424 438 7
1310 119 8
973 1008 39
1461 325 20
549 413 62
157 838 8
1510 172 2
274 397 75
601 114 8
917 1200 2
1296 59 59
1414 167 8
22 309 2
823 179 7
1359 1541 2
1130 59 1
233 1349 7
668 270 1
1045 663 8
1350 1140 1
1510 104 2
1519 63 8
29 387 8
46 21 8
256 462 8
897 1310 7
676 377 2
126 357 2
1140 1428 2
361 462 8
507 1070 5
1258 355 8
673 1058 2
527 450 5
418 1446 1
893 1567 1
998 1567 1
661 865 6
325 1187 7
442 51 7
1324 1469 47
168 513 26
1211 513 26
109 119 8
1210 578 7
861 1000 2
499 1170 0
78 1309 2
390 1567 1
226 126 2
931 32 8
576 916 8
458 958 3
1258 183 8
1114 1262 2
576 1307 14
102 1156 8
1506 265 15
311 381 2
140 365 5
168 677 2
814 1070 5
306 848 8
1553 150 2
270 1223 2
674 658 0
287 1253 2
534 742 23
285 1075 2
324 418 30
1103 462 8
454 477 41
45 150 2
1180 1502 2
507 330 8
172 936 8
157 1097 7
468 1355 2
140 1405 2
718 537 12
1184 1078 2
488 1131 2
671 176 45
1288 793 8
503 983 2
241 973 7
259 1375 27
145 619 27
1081 98 8
138 295 1
1551 674 4
1232 1610 56
675 911 31
1021 1507 1
475 677 2
261 1087 2
1396 102 7
64 1282 30
932 1342 7
1475 1408 57
479 56 33
126 1053 2
927 428 1
915 718 1
1259 886 2
1382 1614 7
1383 377 8
923 766 8
1252 1054 7
383 1456 30
61 483 15
193 658 57
510 97 8
575 581 2
581 37 8
1355 818 2
270 1376 30
1300 1475 5
849 64 30
1480 581 3
563 1163 2
1454 150 2
1135 65 2
417 661 27
222 462 8
27 269 8
1456 620 2
671 863 7
124 891 8
1450 798 2
657 958 3
1555 798 2
762 462 8
434 855 3
155 0 0
1177 513 26
731 1215 7
1215 147 7
325 769 8
313 663 8
1317 128 27
98 37 8
25 1475 37
599 99 0
1304 46 7
362 272 31
1084 983 33
971 411 2
409 150 2
1456 1341 30
31 98 2
628 1396 8
616 189 27
1394 114 27
365 1097 7
377 1541 2
24 1000 2
554 179 15
923 1467 2
1298 21 7
32 728 7
35 65 8
148 450 7
365 1389 7
902 581 5
761 1220 15
439 667 30
154 1042 2
718 1126 33
1160 579 2
590 837 2
1460 56 30
32 1457 8
52 387 8
111 373 52
1163 325 2
1396 1418 7
20 1310 7
126 78 2
1053 1405 2
157 387 8
1326 958 5
804 1169 2
160 1392 30
1468 792 7
1339 1344 5
787 697 7
211 1279 78
1030 365 2
1359 1090 2
1130 4 1
1250 1446 2
51 199 30
1442 699 1
1468 1084 7
347 1200 2
1040 1396 8
903 59 7
774 581 2
326 634 7
1140 366 33
126 297 8
552 1253 2
761 99 0
316 43 6
1438 1342 7
211 813 8
657 1253 2
77 1245 37
875 850 6
98 796 7
170 489 6
997 471 7
101 75 3
550 179 8
859 1029 2
1297 1357 1
862 1062 59
318 1640 80
32 1118 5
424 109 8
1304 1138 7
86 1419 8
300 514 2
1338 32 8
1200 1418 7
724 558 1
145 338 5
420 762 2
197 65 8
617 1245 37
1443 329 2
434 1437 8
311 722 2
1562 1009 2
49 1446 2
872 104 2
514 858 12
846 938 6
819 1335 5
170 1150 7
4 720 15
871 1062 8
33 513 26
1570 958 3
1295 1309 2
1160 109 0
858 1418 8
150 223 26
1475 837 57
958 1453 7
606 747 1
71 89 2
636 533 3
155 1371 33
393 1424 2
1156 419 5
1183 63 7
503 240 2
1265 792 6
1078 297 8
167 417 2
573 998 1
66 92 8
1337 1070 5
311 1047 30
944 98 2
599 118 2
616 148 2
470 373 6
928 109 7
1396 47 7
533 307 30
1351 1472 37
601 646 7
373 813 8
718 1090 2
555 493 6
1042 1495 2
228 1252 2
838 533 3
320 779 6
923 320 2
688 327 1
746 1397 5
1454 1474 2
122 958 2
792 42 7
193 311 57
457 590 2
803 1345 2
791 1239 2
238 581 2
992 1243 7
817 21 8
997 1563 7
1158 852 8
914 648 2
555 1200 2
106 1446 2
600 453 35
435 63 59
1355 367 2
928 1062 8
1474 1443 2
1474 1047 2
317 1298 7
457 522 2
619 1325 5
199 1340 2
1480 89 2
1237 462 8
311 1126 2
1140 890 33
1232 178 48
540 172 2
634 273 6
442 1358 2
89 614 7
324 1354 2
433 1389 8
1271 1554 0
555 1419 8
641 324 7
324 1455 30
1090 812 2
641 662 2
636 792 2
1125 1291 14
581 208 30
1215 92 7
58 1177 2
229 600 71
1304 387 7
172 1217 8
192 462 8
338 1070 5
98 810 15
16 109 0
1110 65 8
1183 1087 7
1355 81 10
1271 945 2
704 377 1
357 1314 2
1078 1321 8
1394 455 27
377 1090 2
915 1359 1
255 961 2
1551 1247 4
241 1447 1
161 80 8
507 1419 59
258 311 2
52 40 8
1030 1375 27
110 1507 1
40 330 8
479 1298 7
499 1457 8
266 377 2
1053 662 2
1275 925 7
205 1399 77
126 1230 2
938 112 2
195 922 20
592 1310 7
145 231 2
599 31 33
380 1029 2
157 728 8
769 1399 6
225 386 1
595 1389 8
222 1207 8
21 1418 8
581 178 1
581 219 2
1330 533 5
232 145 2
1483 36 2
1253 246 2
752 1314 5
334 1087 2
675 1126 2
1481 350 33
306 1388 7
95 792 52
882 272 2
1242 104 2
1251 63 8
1201 1424 1
253 958 5
350 863 14
49 293 0
550 129 2
98 287 2
960 1357 1
850 865 52
903 269 8
317 588 8
730 1567 1
259 293 0
531 925 2
616 101 26
61 372 1
701 1344 5
1317 409 27
1314 62 2
85 958 3
1394 859 27
69 479 2
1215 720 7
632 1321 8
78 1131 2
190 958 3
874 65 8
1317 701 27
503 854 27
1541 434 2
1502 115 15
69 433 7
1304 619 7
1314 950 33
768 32 8
1077 882 2
1549 104 2
1456 1518 30
1415 34 12
31 671 2
558 1514 0
724 430 7
43 335 7
145 1381 7
499 1047 33
1399 568 7
168 98 8
609 433 7
577 1024 2
1551 272 4
1407 576 2
155 360 2
256 365 2
1007 70 35
1187 21 8
147 325 2
1461 167 30
311 596 30
1265 377 6
601 241 2
1544 3 8
928 450 7
269 296 8
1274 973 74
345 124 1
1030 1042 2
377 88 3
415 958 5
22 535 2
1399 833 8
126 646 8
1131 261 21
440 1379 1
992 1415 37
377 42 8
1224 1557 1
499 18 8
1399 1125 8
1035 1258 2
651 1586 5
891 531 1
479 588 8
337 423 27
1029 1436 2
819 936 8
98 1437 7
346 1128 8
270 974 30
226 420 2
1421 1494 1
420 336 6
317 1243 7
430 905 2
992 770 2
1472 34 12
1145 793 8
124 139 3
457 462 8
324 611 2
247 21 8
1296 1325 5
671 502 8
195 1199 7
80 199 7
857 1424 2
823 1360 30
600 622 35
189 531 7
179 1395 7
718 445 0
80 491 7
779 90 8
973 255 2
526 1525 2
1232 347 48
369 513 26
489 573 15
1552 937 8
323 1396 8
872 677 2
285 905 2
1304 40 7
871 32 8
634 1212 8
268 433 7
1084 622 34
747 1283 2
502 533 2
616 497 2
172 766 8
961 93 12
601 1391 7
601 995 7
176 324 7
311 1292 30
369 677 2
671 1124 30
395 1062 8
65 881 3
552 1132 0
1085 318 13
1271 494 2
403 1128 8
704 718 1
1132 1514 0
365 1033 2
1397 914 7
637 397 75
1460 861 30
311 1224 30
944 671 2
582 661 2
126 883 2
462 1213 7
171 269 8
601 1219 7
1459 513 30
349 1575 2
21 1076 2
170 203 71
255 442 2
1259 612 2
1145 1156 7
870 1070 5
127 1396 8
1330 961 1
674 499 2
372 147 8
1485 1446 2
372 881 3
1133 1342 7
28 393 8
140 179 8
449 1029 2
1124 433 7
784 377 7
563 1384 8
25 311 35
634 846 6
377 445 0
1474 309 2
981 300 11
1215 45 7
657 747 2
1317 26 27
650 1357 2
441 75 3
1144 602 35
681 63 8
847 871 7
88 1446 7
1474 241 2
976 1025 2
1429 908 7
526 154 2
403 1491 7
432 65 8
686 1176 5
420 256 2
981 1299 7
508 1491 7
1470 958 5
425 576 2
596 533 5
623 136 6
227 61 15
886 116 8
1144 138 35
728 136 6
1340 32 8
451 671 30
867 958 3
938 1045 53
1322 104 8
1076 533 2
522 833 8
1302 958 3
1394 1028 27
439 893 30
1052 1405 2
522 1125 8
739 65 8
125 1424 2
187 311 35
237 377 1
126 200 2
838 1396 8
1110 75 5
1383 1132 2
787 923 7
22 480 2
686 936 8
383 311 30
1078 119 8
1253 1283 2
1446 594 10
1468 1310 7
350 722 2
135 533 3
751 98 14
932 462 8
1029 693 2
889 269 20
1567 251 1
1364 325 2
1158 54 8
1483 609 2
483 213 8
98 1382 7
1359 893 33
1418 1314 5
907 199 2
672 350 2
322 779 6
526 517 1
1242 677 2
1336 1215 7
687 197 8
1458 795 7
265 531 30
792 197 8
195 1581 8
281 1029 27
1506 1554 0
1460 189 2
526 741 1
1403 533 5
133 658 66
870 1062 8
938 341 5
1502 1514 0
801 822 9
84 373 2
1533 558 1
731 362 7
403 808 7
657 433 3
285 454 2
958 1283 7
1496 8 5
982 533 3
401 1342 7
960 155 1
1398 920 1
1424 1305 7
938 739 27
55 664 2
1539 32 8
865 1227 8
1394 471 2
346 338 5
324 485 30
503 70 2
787 1245 5
159 577 2
176 211 2
500 616 2
65 92 8
507 793 8
852 377 8
1042 1393 2
533 893 30
1081 269 8
155 933 2
1361 109 0
858 265 8
111 1227 52
1249 1227 5
122 1252 2
722 663 8
437 1239 30
601 872 7
1567 947 1
402 761 15
1357 81 10
1520 1156 8
1087 1015 36
28 114 8
1037 1396 8
208 1557 1
513 1341 30
720 21 8
485 172 8
841 63 8
211 1298 7
852 311 30
819 1217 8
737 483 15
301 1325 77
923 833 8
28 46 8
372 92 8
28 384 3
1164 39 8
1442 681 21
112 1029 2
1124 28 2
362 1453 30
534 1170 0
1004 34 53
347 675 2
778 150 2
1355 554 23
416 798 2
900 126 2
1442 507 2
1396 1578 5
279 1291 16
205 405 2
1221 1131 2
1220 269 6
330 932 8
1333 462 8
389 293 0
55 1418 7
463 32 8
1144 151 35
961 681 1
686 1225 5
884 663 8
437 330 8
992 355 8
66 623 2
1239 904 9
980 150 2
55 85 2
1100 2 2
530 462 8
1515 1141 2
581 366 30
619 420 2
647 172 8
228 1399 6
603 616 2
927 1295 1
1394 681 27
284 531 2
155 1561 2
663 670 5
1081 798 2
707 1078 2
267 59 7
487 1577 8
1424 158 7
814 1156 7
144 172 8
599 1264 2
595 239 38
421 64 30
266 499 2
1275 1443 7
340 1000 7
1229 1236 6
663 602 5
145 848 8
650 958 5
418 1456 30
317 139 5
561 1456 2
798 638 27
1271 284 33
1035 1252 2
520 1132 0
350 766 8
189 779 6
1519 179 8
1006 1070 7
396 642 30
108 433 7
621 1379 57
458 75 7
856 1156 5
673 778 2
1131 1184 2
1166 65 8
746 476 5
143 1314 5
770 1062 7
199 883 2
1239 480 2
624 1567 1
1252 119 8
790 442 7
546 675 2
887 1506 2
1009 690 2
878 300 2
1210 298 7
992 614 7
98 863 7
22 750 30
797 462 8
1225 362 48
1338 104 2
211 916 8
898 269 2
168 59 7
718 820 15
434 1212 8
531 1443 2
631 686 1
1133 1325 5
295 297 2
627 1029 2
1081 1156 7
124 335 5
285 399 2
318 1639 80
505 1345 2
395 269 2
108 531 5
1547 147 8
43 561 7
43 957 7
601 197 7
500 269 2
145 716 1
179 1550 8
503 411 2
157 1213 7
1399 1127 8
159 126 2
1359 1187 0
735 1062 8
374 491 2
1144 1213 6
504 533 2
694 1252 2
1301 462 7
64 606 30
1271 24 2
932 1062 7
951 104 8
1275 468 7
346 1381 7
88 1325 5
126 773 2
914 27 53
568 600 6
923 95 2
259 129 8
591 209 2
1078 296 8
162 533 3
649 1291 16
923 486 8
819 766 8
373 916 8
667 311 2
279 396 50
914 423 2
298 136 6
890 269 7
1247 858 12
372 37 8
226 938 2
442 841 2
507 1314 5
434 1138 6
386 1564 5
882 1418 2
707 1070 5
442 1133 2
297 1375 27
894 1029 2
1351 848 7
325 470 33
756 812 1
295 993 2
1455 150 2
659 1310 8
392 573 15
724 1357 1
350 1224 30
1152 1314 5
736 1062 7
961 334 1
82 21 8
173 1345 2
531 468 2
1114 1291 33
197 1156 8
325 139 3
84 1342 2
1210 1546 7
277 1357 2
330 855 3
499 617 2
30 1141 2
298 1062 8
508 1381 7
1058 1424 2
539 1392 30
722 1309 2
1424 1482 7
190 59 8
311 1518 30
1172 1342 7
1163 1424 2
329 881 5
1139 1567 1
503 1039 2
850 381 2
374 443 12
483 1118 1
1405 856 2
506 330 8
227 646 1
483 1550 8
139 1405 2
494 958 3
692 792 6
155 1110 2
127 1299 2
93 1498 57
1405 1148 2
478 433 7
1177 32 8
813 124 1
1140 99 0
40 793 8
20 634 7
483 1482 8
380 804 2
663 151 5
675 1073 2
543 761 15
1391 661 2
21 1198 2
716 1310 8
1141 1230 2
674 329 2
442 1491 7
1327 958 5
889 1405 2
792 1075 2
112 914 2
293 345 0
1479 662 2
570 1396 8
1355 1562 2
1374 167 2
244 21 8
155 998 29
819 83 8
59 875 6
1126 75 7
322 377 6
334 466 2
1567 474 2
662 1315 7
596 1392 30
1253 808 8
205 1000 7
1474 535 2
325 898 2
325 502 2
1232 873 48
1336 21 7
1131 122 33
107 917 8
812 823 14
590 440 35
547 158 2
78 1078 2
1442 684 2
1317 648 27
1247 491 2
1304 88 5
98 458 2
491 881 5
1215 959 7
1447 1016 12
1392 0 0
1304 1254 7
1128 1310 8
526 380 2
159 779 6
1144 724 35
995 1239 33
847 1389 7
157 543 1
671 928 45
534 446 2
581 611 30
1557 13 2
1394 1030 27
777 167 8
1215 495 7
641 350 33
66 1196 2
503 233 27
1502 286 15
1304 790 7
1216 104 8
938 284 16
1075 479 2
1295 1029 2
1221 325 2
642 75 3
458 1325 5
1009 622 35
847 1217 7
1180 433 7
1156 139 5
150 1418 2
999 923 77
1084 766 8
577 1195 2
127 324 2
1087 116 8
1307 1062 8
1144 1199 7
362 726 2
929 136 6
1359 1226 12
23 1000 2
1541 32 8
479 57 6
1258 1298 7
26 350 2
1393 21 7
591 222 2
370 792 2
1044 804 38
928 563 2
415 1129 5
1053 150 2
546 295 1
887 293 0
430 415 1
1215 593 5
1232 1002 1
579 444 2
1442 1443 1
1487 433 7
1046 397 75
547 854 2
1029 1211 2
696 433 3
418 1447 1
1025 424 8
98 1212 7
704 11 64
183 958 5
847 1361 0
653 1575 2
1466 660 1
1125 63 7
581 1305 8
1140 118 2
285 1417 27
563 140 2
939 167 8
452 21 8
1025 716 8
420 111 6
335 662 2
211 770 2
1087 1566 37
721 920 9
878 581 2
856 961 25
661 1199 7
1145 172 8
1355 1371 33
869 1375 27
846 1062 6
430 972 2
1304 1153 6
170 837 6
1315 1460 52
109 808 8
671 277 8
726 513 30
1565 325 2
48 1469 47
1447 425 2
1317 1568 27
279 150 27
419 434 2
591 1201 15
1087 1102 37
976 1483 2
1144 1352 35
476 1239 30
65 1260 7
1546 1314 7
75 226 3
76 663 8
573 719 15
1119 663 8
285 1076 2
857 1131 2
66 221 2
627 868 7
960 43 6
124 908 5
1460 1204 30
1284 443 12
504 882 2
616 272 2
172 937 8
977 1140 2
737 372 7
601 1166 7
1459 64 30
145 1388 7
159 595 53
839 1360 2
126 1122 2
1098 75 8
486 558 2
867 59 8
1299 476 2
1552 936 8
139 662 2
1275 713 7
241 1271 1
525 920 9
841 65 8
600 39 6
488 1424 2
1454 1557 1
102 1557 1
255 285 2
453 920 58
1000 1397 0
1252 1461 2
33 269 2
373 828 7
350 101 26
1009 1315 5
163 1062 8
154 311 2
337 865 6
1229 438 6
4 46 6
558 236 12
498 533 3
1360 1166 1
259 311 2
1031 1375 27
1177 269 8
140 22 8
22 23 2
420 1203 6
1252 1393 2
22 998 29
686 83 8
22 18 8
423 1375 27
599 789 8
900 420 2
1314 99 0
218 450 7
1330 1424 1
449 804 2
1483 152 2
343 433 7
1565 661 2
1140 31 33
1474 480 2
1251 179 8
1232 292 2
907 75 3
1126 1007 44
1215 216 7
1499 599 10
875 556 7
66 917 2
1106 910 2
1304 511 7
135 1070 5
1550 433 7
847 646 7
195 728 8
199 309 2
850 730 2
277 858 12
1360 484 9
979 150 2
168 1156 7
632 1437 8
58 1525 2
377 1226 12
685 1314 5
595 823 16
499 1581 8
86 958 3
724 155 1
45 675 2
350 418 30
191 462 8
1112 761 15
4 1138 6
1472 1498 57
784 107 77
638 330 8
374 89 2
255 1309 2
626 958 3
270 369 2
1204 167 8
1570 1325 5
1258 1243 7
810 1342 7
581 1031 2
145 975 2
135 330 8
590 1125 8
928 508 2
145 929 7
62 533 5
829 1207 8
116 1131 2
21 168 2
761 605 1
912 362 2
350 497 2
350 893 2
442 1004 27
823 21 7
565 1258 2
170 722 30
56 362 30
583 28 8
790 1132 7
531 1194 30
447 443 12
665 938 2
334 747 2
581 859 2
349 599 2
126 298 8
1017 1446 2
648 804 2
661 898 2
1258 197 8
551 433 7
1506 1397 0
1120 21 8
442 335 2
792 206 54
836 531 30
1215 844 7
1250 63 8
345 1567 4
1239 1389 8
300 911 2
1080 373 6
512 1246 37
195 1315 7
281 804 27
116 350 55
1314 118 2
1237 59 8
311 723 2
249 293 0
55 903 2
289 269 2
867 1342 7
1210 748 7
503 309 2
167 153 1
270 1169 2
156 372 1
58 154 2
285 625 2
1548 167 8
958 1058 7
290 549 2
958 1454 7
1468 1475 5
372 899 5
386 135 2
277 491 2
172 90 8
131 124 67
1013 658 0
527 52 8
1200 769 8
872 32 8
847 228 8
269 1108 8
1078 298 8
1131 286 15
1271 214 2
167 855 3
270 1393 2
718 775 12
661 223 26
1413 65 8
1055 1612 7
508 848 8
1510 350 2
834 958 3
455 1210 6
1258 210 2
510 507 8
32 676 2
64 1124 30
698 1310 8
360 365 2
271 65 8
157 101 8
923 321 2
1258 898 2
1044 462 8
361 1396 8
150 216 2
337 83 27
591 727 2
1252 1338 2
1138 59 48
1291 1124 44
193 1000 57
106 1447 2
421 920 1
98 1389 7
112 804 2
301 1392 77
591 53 34
558 789 2
727 487 5
804 18 8
923 936 8
1232 867 48
1232 471 48
347 450 2
763 819 7
58 517 1
417 503 27
1447 602 2
547 48 2
346 97 8
658 355 7
524 1007 2
269 1121 2
393 1375 27
636 59 7
581 1315 5
681 179 8
1183 1156 7
53 858 2
850 279 2
1179 1062 7
996 958 3
58 741 1
761 114 8
328 65 8
1296 1506 2
960 558 1
977 1025 2
1141 88 5
860 1310 8
155 1404 2
754 1062 3
377 775 12
1257 1314 5
1252 272 20
850 607 2
487 1420 8
292 1227 8
632 626 8
179 743 3
1554 89 2
944 1483 2
263 992 2
145 259 1
1299 653 2
494 747 2
329 392 36
858 272 8
500 104 2
145 988 2
167 1437 8
85 1325 5
191 513 30
377 1482 8
518 63 8
450 1122 6
1160 129 2
109 1421 1
577 689 2
531 915 30
1221 958 5
1245 645 2
145 524 2
170 947 71
1039 1062 8
22 200 2
558 1101 12
300 381 30
381 1456 30
569 1396 8
508 97 8
671 1213 7
1240 270 1
350 833 8
270 347 30
1260 28 8
1240 958 1
454 94 2
270 639 30
1316 372 1
183 493 6
463 462 7
1219 433 7
1554 124 1
420 1 6
1446 1016 12
170 39 6
377 1184 6
533 230 48
1227 936 8
1439 1456 2
98 638 7
1106 1087 2
300 1044 53
300 856 2
876 1396 8
491 392 36
961 1480 1
1506 156 15
300 1148 2
981 1355 7
191 1207 8
1210 401 7
684 98 14
1207 1384 8
65 1150 7
870 1511 9
285 273 8
1131 574 55
599 1443 2
208 1239 30
806 531 30
401 1062 7
177 63 8
183 1419 8
1475 1075 57
1177 145 27
2 1183 1
945 491 2
1047 1141 2
4 1315 6
30 616 2
1317 424 8
1383 1210 7
872 269 8
155 653 2
494 59 8
341 882 2
475 172 2
317 250 5
1547 88 3
771 1507 5
601 592 7
1129 298 1
876 661 5
784 612 77
738 65 8
599 952 33
1495 1131 2
171 330 8
220 1424 2
1373 345 2
1028 365 2
442 1080 2
434 1377 6
29 114 8
512 866 36
819 937 8
1351 1246 37
563 762 2
1567 1328 2
763 1375 27
234 32 8
707 75 3
1375 147 7
910 554 2
761 1110 1
913 300 2
44 1227 52
952 761 15
147 600 41
894 804 2
104 219 2
1210 1097 7
416 914 2
1261 21 8
221 325 2
1456 907 2
1230 1310 8
1087 1111 2
75 37 7
1210 1389 7
1447 151 2
346 88 3
11 776 5
677 694 39
528 992 2
1326 63 7
68 632 63
62 1344 37
55 1184 2
74 581 2
865 1310 7
346 42 8
769 1252 2
489 958 5
747 1352 2
847 140 7
796 961 25
919 1239 30
359 1132 0
624 591 1
373 627 52
613 373 6
285 1198 2
447 718 10
293 855 3
637 466 75
616 498 2
641 581 3
601 996 7
1239 1500 30
842 499 1
704 1000 1
1537 1310 8
636 269 8
381 779 8
176 955 2
1056 43 6
65 3 7
544 311 30
145 641 2
1546 98 8
167 991 2
634 1437 8
162 1062 8
522 102 8
582 662 2
21 1437 2
373 1054 7
1545 65 8
479 1203 6
1474 272 31
155 554 23
337 1120 27
993 311 35
762 1325 5
137 65 7
40 172 8
145 177 2
1383 167 7
867 1325 5
1383 109 2
479 867 33
907 1639 2
1166 157 39
999 294 77
941 533 3
337 1052 27
1485 1447 2
1475 27 12
508 88 3
1440 383 20
792 908 7
941 487 8
327 904 58
677 1004 27
508 42 8
1359 201 12
350 90 8
1407 1325 5
157 1610 56
592 531 50
170 216 30
673 206 2
298 1227 6
1140 1264 2
519 599 1
125 958 3
220 673 2
1471 590 59
1029 68 24
673 498 2
411 1469 47
1025 259 8
632 611 1
1232 1044 48
1144 881 3
1181 1507 5
1296 293 0
1239 200 2
590 611 35
390 377 6
330 1384 8
1317 423 27
98 291 7
185 420 27
107 588 8
812 890 14
269 1153 52
264 658 0
1080 350 2
1000 446 2
438 581 2
86 1310 8
199 535 2
526 551 2
590 384 5
867 590 2
1122 21 8
157 714 1
534 617 2
65 1578 3
503 1510 2
1227 813 8
639 167 2
331 658 66
858 879 74
1359 683 0
21 303 20
1314 1292 33
1201 324 2
190 462 8
239 513 26
1295 804 2
1209 52 7
1446 458 33
1087 355 8
829 1132 7
32 1315 7
616 1418 2
441 1070 5
1204 65 8
466 1153 6
383 675 2
573 957 1
933 434 2
836 104 2
294 114 8
590 982 7
1456 899 5
300 1126 30
21 667 27
686 568 7
1028 1375 27
739 462 8
372 1199 7
980 531 30
1029 762 2
948 37 7
59 139 3
372 1491 7
22 877 2
235 533 2
1253 1284 2
350 723 2
792 1536 7
709 621 2
686 833 8
1242 350 2
138 58 7
873 1567 1
270 524 30
42 1207 5
1567 201 12
1003 992 2
396 1282 30
681 1156 8
651 1587 38
652 938 6
907 533 3
563 702 8
333 958 3
744 1025 1
23 1392 30
882 1138 2
498 1070 5
88 1375 27
1291 432 15
323 285 7
325 1496 69
47 293 0
462 728 8
1210 1438 7
1474 998 29
124 39 8
512 1472 37
1190 1291 16
1047 1239 30
550 599 2
1120 179 8
295 713 2
300 1033 2
1570 1207 8
1328 920 2
555 1310 8
147 477 41
1437 1310 7
205 65 8
145 1236 1
747 901 2
1210 974 7
1337 1616 55
98 928 45
285 455 2
267 1207 7
84 1062 2
417 325 27
1075 882 2
395 325 2
1281 373 6
83 21 8
1012 658 0
1333 59 8
960 547 7
1245 1431 57
69 75 3
43 1305 7
1438 59 8
1489 1686 1
309 63 8
483 546 1
179 341 3
176 608 2
618 1309 2
1456 781 30
604 1025 2
852 675 2
503 759 2
927 668 1
850 101 2
609 1345 2
483 937 7
111 958 6
27 804 38
1078 1212 8
145 190 2
600 985 2
1351 866 36
1129 183 1
522 47 8
475 1141 2
591 637 12
1078 765 19
1012 1314 7
495 958 3
106 1345 2
45 442 2
218 1131 2
1214 658 0
595 597 2
126 1121 2
145 122 2
3 324 7
976 1310 5
1319 658 0
1117 1156 7
179 1335 5
442 1315 7
1025 1583 8
707 675 2
19 47 8
520 109 0
1025 873 33
512 606 35
645 718 1
1469 908 7
266 533 3
901 1344 37
362 1454 30
1019 433 7
472 65 8
670 697 2
1446 602 2
420 1243 7
383 179 15
439 244 7
70 295 1
168 1062 6
1232 593 48
253 1245 5
1508 1072 5
377 683 0
880 697 2
661 728 8
307 1447 2
1215 387 7
78 798 2
185 365 27
1304 682 7
894 66 2
1158 412 5
183 798 2
1314 1264 2
988 285 2
971 255 2
48 327 1
850 505 2
736 145 2
1209 65 7
170 298 7
1304 218 7
167 1340 2
632 1212 8
1069 819 7
535 433 3
69 662 2
363 1475 37
721 325 27
850 437 2
1481 658 0
648 1314 5
1262 1244 36
1412 855 2
1025 1514 0
945 89 2
1076 479 2
157 627 8
498 1062 8
486 1253 2
148 663 8
1400 442 7
150 1138 2
1270 994 1
1270 598 1
419 109 66
1084 90 8
139 150 2
259 1132 7
577 519 2
270 540 2
841 1156 8
775 749 5
610 533 3
23 324 2
363 434 2
1323 167 14
796 792 6
710 167 8
1463 936 7
503 341 3
104 1196 2
1336 63 5
167 226 3
434 183 6
590 960 35
806 104 2
362 769 8
702 442 7
1495 661 2
820 1310 8
581 1030 2
396 539 30
1009 1109 7
1124 1345 2
575 65 8
1360 231 2
1087 994 37
1429 384 5
563 256 2
1114 1447 2
551 150 2
910 147 8
1474 883 2
632 1184 1
560 1310 7
1397 1132 0
1131 470 33
170 265 6
923 83 8
1215 619 7
1252 808 8
202 526 2
344 377 8
1525 1078 2
416 804 2
190 1207 8
21 606 25
1304 1206 7
1561 63 7
88 21 7
420 142 2
606 591 1
1214 167 7
974 1025 2
295 274 12
168 2 2
512 444 2
993 21 8
1443 397 2
53 1567 1
158 779 6
1468 958 5
836 1141 2
75 296 8
1385 1356 22
484 1469 47
1310 891 7
285 791 8
849 1131 2
1351 546 35
112 1314 5
601 536 2
641 75 3
836 677 2
155 1439 33
369 172 2
500 958 2
1312 330 8
277 558 2
503 704 2
1514 124 1
499 214 2
726 1000 2
273 914 2
1042 233 27
1284 433 7
912 850 6
150 455 2
737 65 8
382 512 7
64 607 30
350 205 16
686 1095 12
631 32 8
369 104 2
32 451 2
20 403 7
596 1227 8
1496 337 38
155 444 23
349 732 7
932 1396 8
449 300 2
349 1070 2
1114 1373 0
923 96 2
325 875 6
1025 1236 8
753 179 15
849 1456 30
1474 1287 2
1299 24 2
1383 98 8
1480 329 2
368 462 8
126 1457 8
702 973 74
494 1325 5
98 1606 2
1304 1236 5
1456 805 2
800 59 8
1557 282 57
206 798 2
655 1298 7
923 711 8
1439 311 2
1210 1615 7
1009 3 8
635 1355 1
739 1070 7
435 167 8
868 1224 2
973 774 2
1253 743 3
317 424 8
43 1550 7
1446 771 2
483 412 5
285 1028 2
515 1506 2
66 569 2
1304 163 7
1210 277 8
494 590 2
1215 160 7
1080 172 2
980 487 8
155 1191 12
526 1324 39
721 270 27
573 159 1
1283 443 12
1394 1337 2
205 1639 77
1129 61 15
290 32 8
1400 491 7
713 858 12
1271 1409 2
1383 65 7
1394 231 27
939 1342 7
145 763 2
167 1212 8
227 1335 1
505 199 2
704 1232 7
720 663 8
81 1502 0
89 384 5
255 1029 2
591 1256 7
1456 393 5
124 355 7
595 185 38
52 108 8
1055 308 7
34 50 2
914 1120 2
1518 1156 8
337 1242 27
1201 573 15
1391 662 2
1029 256 2
125 1310 8
1139 126 2
271 1156 8
157 796 8
1138 462 48
1252 138 2
914 1052 2
464 577 2
917 798 2
383 98 30
1152 1200 2
98 189 7
458 21 7
329 543 2
479 424 8
782 327 1
220 503 2
208 59 7
126 18 8
1037 533 3
1008 59 8
1474 536 2
442 159 2
677 165 2
1242 172 2
486 958 5
447 433 7
1247 533 3
1210 244 7
531 1061 2
155 1105 0
464 1291 14
1317 545 27
190 365 2
185 938 27
997 880 7
410 1446 2
1209 346 7
1211 1258 2
859 1042 2
801 421 9
629 1310 7
514 1359 2
1198 804 2
603 1258 2
978 150 2
1499 1567 10
270 889 2
76 1062 3
598 1342 7
1056 1469 47
318 21 8
1405 739 27
372 1097 7
601 143 7
1200 197 8
584 1291 16
499 823 33
938 1127 52
1200 139 3
392 1310 8
1283 1351 2
1009 519 35
1188 1392 50
372 1389 7
601 435 7
498 32 8
145 1391 2
1078 18 8
1288 63 8
491 543 2
671 926 15
1055 936 7
85 675 41
1252 834 2
1007 138 35
1046 466 75
232 576 1
545 513 26
713 491 2
455 1309 2
730 958 3
346 1322 13
790 792 7
1554 658 0
21 516 2
534 441 0
563 559 7
155 355 8
988 1460 41
546 938 6
790 1084 7
324 1247 2
350 1236 8
792 393 2
805 32 8
89 741 2
1402 311 35
676 1359 2
472 59 8
531 272 31
108 75 3
563 829 2
1351 444 2
789 579 2
1399 338 5
655 1243 7
1227 1298 7
1232 191 48
646 433 7
1207 1418 7
1436 1310 7
777 1156 8
172 178 1
516 661 2
856 293 0
289 325 2
303 1396 8
573 720 15
1399 603 6
1177 616 27
111 98 14
1069 651 53
25 1245 37
503 1053 2
634 1384 8
707 513 26
21 1152 26
1045 671 16
353 293 0
958 1406 7
293 1026 3
862 32 59
462 287 5
727 1575 2
350 950 16
390 1310 8
961 207 7
958 638 27
292 556 2
487 27 17
1303 75 7
145 83 1
628 1062 8
1540 1227 8
369 1141 2
483 668 1
271 882 2
707 677 2
1078 646 8
145 416 2
752 63 8
1561 961 35
494 462 8
1333 1325 5
930 677 38
834 531 7
914 773 2
713 443 12
29 1377 8
372 387 8
258 324 2
192 513 30
86 1325 5
249 63 8
1391 269 7
485 300 2
808 433 7
913 479 2
22 24 2
1008 1342 7
922 1131 2
1472 1245 1
440 868 1
913 433 7
915 1345 2
563 1525 2
199 272 31
360 1396 8
790 109 7
314 1131 2
626 1325 5
464 126 2
1040 1062 8
581 628 2
286 179 15
1253 363 2
190 1375 27
1483 49 2
1126 21 7
274 749 5
515 293 0
363 311 35
623 651 53
552 1310 8
761 593 7
333 59 8
1132 1296 8
922 1456 30
187 564 2
396 1124 16
1000 617 2
318 910 80
409 616 2
997 825 7
63 1418 7
70 98 2
555 66 2
1144 670 35
1064 293 0
292 1252 2
65 974 7
1227 588 8
179 1217 8
514 512 2
1084 92 8
907 1070 5
497 1375 27
272 1070 7
192 1207 8
1394 872 27
411 63 8
270 438 2
490 1181 7
531 998 29
724 547 7
420 355 8
33 1258 2
1282 534 1
1299 1001 2
255 914 2
591 1124 33
1322 167 14
797 1325 5
613 167 8
577 1037 2
577 641 2
487 97 8
601 20 7
558 1541 2
948 249 8
613 63 8
1350 1447 1
189 1325 5
64 893 30
1146 147 7
478 75 3
1029 829 2
341 556 7
472 1342 7
143 793 8
1131 1479 2
1463 766 7
1140 1112 23
362 604 2
495 59 8
350 498 2
823 22 7
454 510 2
1025 730 8
522 338 5
470 350 2
221 1424 2
330 1418 7
81 1070 2
1483 1073 2
1000 637 12
454 442 2
1474 713 2
1137 52 8
1340 531 7
1469 743 7
563 774 2
1140 952 33
442 1024 2
300 1496 53
1210 1213 7
1210 817 7
1227 1243 7
547 1024 2
886 588 8
1337 59 7
190 938 2
535 1314 2
226 365 2
330 80 8
1323 433 7
1056 850 6
65 1206 7
670 167 8
1337 32 8
872 2 2
500 1252 2
176 847 2
877 718 2
406 330 7
852 914 2
1132 149 8
285 1017 8
403 917 8
399 882 2
618 792 2
1525 1424 2
1398 1029 2
722 1200 2
722 804 2
269 322 2
601 716 7
176 779 2
1520 1396 8
1042 1565 2
1194 21 8
154 325 2
360 434 2
1506 617 2
1253 1335 5
259 325 2
588 1446 2
747 622 34
915 1025 1
155 1001 2
138 534 1
996 1325 5
311 1341 30
1344 1280 57
1262 543 2
313 1314 5
1245 1430 57
32 281 2
450 1562 2
667 461 1
1354 89 2
829 129 8
707 450 2
69 513 26
534 1014 0
1468 403 7
923 568 7
1292 1456 30
450 1098 2
1344 1504 57
238 479 2
988 34 41
333 1342 7
101 686 7
301 997 77
433 1418 7
338 59 7
670 576 2
238 433 7
1271 453 34
438 1342 7
1045 1252 40
1487 75 3
1029 78 2
581 177 2
205 599 7
662 856 2
1483 390 2
762 1375 27
80 1304 7
62 75 5
792 898 2
325 393 2
1487 65 8
576 226 3
718 432 15
545 1078 2
1047 761 15
390 493 6
1215 454 7
74 533 2
346 390 8
66 759 2
850 676 2
381 1200 2
1330 1299 29
1232 206 39
1156 1409 5
111 671 14
581 106 30
503 1230 2
377 1160 2
69 145 2
179 766 8
1179 1396 8
1084 37 8
1304 681 7
616 1242 2
502 882 2
479 1327 6
1119 1239 30
154 661 2
499 1428 2
847 816 7
616 1138 2
1000 822 9
45 1309 2
1275 1287 7
618 63 7
663 446 5
357 1567 1
359 579 2
21 1493 2
1262 879 2
1291 1230 7
595 1418 7
1181 533 3
1262 833 7
295 1214 0
1158 1550 8
605 59 7
1055 476 2
727 660 59
152 311 2
487 42 8
792 223 26
138 1507 12
1265 43 6
395 32 8
1544 881 5
702 285 7
1025 388 2
157 626 8
1146 92 7
1229 908 6
641 658 0
1190 961 35
1354 1009 2
1253 1016 12
595 80 8
1359 1329 2
1215 88 5
479 203 70
383 324 30
1474 726 2
1135 1000 2
780 1447 1
350 438 8
1321 850 6
674 1140 2
124 1097 7
172 776 5
1227 568 7
170 960 30
401 533 5
341 433 7
1040 32 8
653 732 7
550 491 2
997 778 7
653 1070 2
1483 622 2
1253 622 34
446 433 7
203 595 2
1567 993 2
472 1156 8
269 222 15
1328 812 2
346 1482 8
325 287 7
325 625 2
362 758 71
885 673 38
992 436 2
1093 377 6
311 341 2
531 1287 2
324 277 2
576 808 8
300 1045 53
49 1357 2
1337 938 33
278 812 1
55 849 2
281 1042 27
359 109 0
769 958 3
84 94 2
731 479 7
391 819 7
35 172 1
734 167 2
1084 957 8
1212 75 3
1475 1076 57
839 167 2
510 1395 7
1037 461 1
189 462 8
601 265 7
403 502 8
1292 779 8
1042 1510 2
927 388 1
337 824 6
127 1239 2
240 1269 2
1055 1500 2
997 412 5
1160 1446 2
1447 1225 0
199 1500 30
155 550 2
808 1342 7
834 462 8
980 1070 5
1466 955 1
1357 1352 2
125 66 2
321 1325 5
1025 236 12
939 462 8
126 841 2
432 850 1
114 1131 2
1429 855 5
54 961 25
219 1131 2
790 1310 7
247 487 8
75 1335 5
641 513 26
1156 90 8
127 1062 8
1567 1329 2
852 324 30
667 1062 59
756 656 1
911 1141 2
1047 600 44
931 958 3
217 300 2
300 1553 2
212 34 2
200 324 2
1345 1470 2
575 1156 8
1391 28 8
311 981 12
300 739 27
325 0 7
792 843 2
197 1396 8
81 1575 2
83 150 2
671 796 8
1087 1112 2
124 387 8
530 1567 2
929 1132 0
302 1355 7
285 929 7
779 92 8
295 1061 2
1442 520 2
877 1359 2
1084 1274 12
172 1133 2
1544 728 7
483 670 1
671 1194 30
976 295 2
374 1359 2
996 462 8
1394 74 27
829 109 7
796 293 0
487 929 7
1069 1227 7
1053 677 2
55 139 3
1284 858 12
810 910 1
421 1456 30
544 1314 5
1078 1169 2
590 355 7
1262 824 2
227 1110 1
1295 63 7
255 804 2
337 1121 27
577 239 2
1055 83 7
531 861 30
137 462 7
164 65 8
737 1156 8
1359 666 12
140 150 2
934 1062 8
349 558 2
1428 1000 5
661 857 2
674 397 2
450 68 2
1355 983 33
914 1515 2
329 714 2
71 658 0
499 3 10
1228 798 1
903 581 2
882 178 1
172 1491 7
1232 1045 48
761 428 1
199 208 2
894 1375 27
546 58 7
77 920 2
1104 167 2
192 1506 2
199 891 8
66 1436 2
499 1101 12
635 155 1
1525 798 2
834 792 6
1415 242 57
391 1375 27
388 1245 37
973 1177 2
86 1207 8
541 300 2
847 1457 7
1262 412 5
458 22 29
858 484 74
170 646 7
333 1325 5
377 1395 7
1399 438 6
1169 1131 2
285 516 2
721 673 27
507 63 59
1204 462 8
479 297 6
1160 293 0
267 104 27
261 992 2
171 52 8
1480 658 0
58 1324 39
98 851 30
1383 1156 7
503 424 2
1084 834 8
167 309 2
491 714 2
285 47 8
1196 958 3
524 199 30
34 849 2
1460 856 20
1379 1454 2
1284 491 2
1301 958 3
912 1345 2
1447 1170 0
1026 1309 2
938 233 27
270 1617 3
106 718 2
601 480 2
157 267 55
1258 497 2
1000 441 0
1481 59 7
1037 1062 8
1056 63 8
772 1140 77
442 1026 2
211 92 78
814 167 8
210 662 2
1317 1120 27
1247 1359 2
503 696 19
991 300 57
584 377 8
285 1152 26
1367 365 2
1258 424 8
1421 1062 5
447 858 12
390 1325 5
1349 1455 2
1303 1210 62
1478 1271 2
664 1424 2
742 761 15
344 793 8
495 1325 5
1258 716 8
362 1119 30
435 59 8
910 891 8
1217 433 7
70 1271 1
670 65 8
311 972 7
170 613 6
1460 947 2
569 533 3
1322 433 7
1124 377 8
1436 1131 2
1444 747 2
228 52 8
569 487 8
295 1110 2
894 1042 2
1210 939 7
1132 47 8
1215 1259 7
278 697 1
1035 1325 5
880 362 2
874 1396 8
350 1341 30
1009 119 8
205 462 8
1084 200 33
189 1207 8
66 854 27
43 1374 7
635 1070 7
1211 350 2
1219 65 8
961 784 2
406 556 7
391 1042 2
686 495 5
625 804 2
1500 1567 1
30 1258 2
66 289 2
503 1120 2
373 865 52
1281 1062 6
1405 1333 2
847 18 7
377 666 12
876 533 3
522 116 8
295 998 29
601 838 7
1538 32 8
317 1184 5
1376 4 1
503 1052 2
600 986 2
701 1252 2
1061 1084 2
1400 211 7
858 163 8
259 1239 2
697 1608 2
441 658 0
256 1227 8
820 63 8
590 278 2
934 324 2
1055 424 7
1250 1351 2
69 1070 5
1493 1131 2
689 1078 2
218 1424 2
1229 506 6
1316 483 15
1253 602 2
104 569 2
923 835 8
1391 377 8
789 1446 2
211 1116 78
1197 1325 5
337 894 27
127 32 8
1252 249 8
702 107 7
218 1310 7
59 159 5
888 732 7
1359 888 23
673 147 8
279 513 26
219 325 2
774 350 2
325 911 2
1317 369 27
362 1578 5
1506 115 15
981 1314 7
997 308 7
464 958 3
606 104 35
447 491 2
634 1418 7
1215 680 7
1087 1243 7
178 433 7
863 1310 7
1138 167 8
426 421 2
606 1567 1
499 1046 12
1570 129 8
191 311 2
1200 1296 8
398 1456 2
779 957 8
1429 355 7
1214 269 8
159 792 6
531 713 2
325 838 8
49 491 2
434 873 14
360 1310 7
1394 647 27
1424 228 7
173 675 2
1405 1565 2
21 681 27
32 824 6
616 1364 2
617 63 7
958 894 7
747 151 2
573 903 1
183 1310 8
165 145 2
1085 789 13
367 1344 37
999 644 77
485 433 7
270 541 2
1391 1078 2
1124 270 5
1500 1253 2
1039 1258 2
784 175 77
1288 179 8
379 477 2
242 960 79
270 833 2
1224 1239 30
479 553 2
792 1550 7
1232 412 5
167 249 8
581 1495 2
235 479 2
143 172 8
1037 616 2
1025 568 7
64 960 30
435 1342 7
779 1388 7
792 1482 7
1481 938 33
1463 833 7
442 575 2
558 893 33
106 199 2
270 470 30
1009 1448 2
981 513 26
627 293 0
1025 833 8
1025 437 8
550 1009 2
997 1296 7
172 1004 27
300 1047 2
753 493 6
1001 1314 2
325 1201 7
1336 662 7
1106 1314 2
165 576 1
199 1073 2
1443 466 2
623 779 6
627 850 52
792 40 8
350 598 30
602 533 5
647 479 2
1087 1002 2
27 483 15
300 979 2
325 428 33
541 581 2
172 335 2
55 1075 2
534 824 23
150 1152 26
1100 992 2
1443 2 2
655 936 8
403 796 8
1124 1070 5
483 560 1
503 773 2
155 552 2
285 693 2
972 145 2
395 563 2
1084 753 23
150 1417 27
267 677 27
883 1239 30
1200 149 8
934 4 1
126 843 2
324 724 30
1283 533 3
533 840 30
1510 882 2
936 136 6
601 1179 7
159 420 2
707 59 7
33 350 2
498 677 2
126 1135 2
1069 595 53
21 1036 2
150 852 2
1485 718 2
259 450 7
325 1236 6
512 724 35
1262 714 2
167 877 8
1488 464 2
1396 116 7
766 1310 5
1379 424 2
1479 104 2
1000 1014 0
40 63 8
641 1070 5
1140 197 7
1271 610 2
606 11 64
675 1135 2
1300 1557 5
418 671 30
1253 151 2
104 514 2
1488 292 2
1131 1459 33
29 1321 8
1035 462 8
654 920 1
302 1253 7
1333 1375 27
343 533 3
914 765 19
993 327 2
1451 22 2
673 92 8
1455 1200 2
540 533 2
1357 983 33
1253 766 8
439 86 7
285 1493 2
295 1287 2
1178 441 0
1317 314 27
178 28 2
1447 670 2
595 380 40
1215 229 7
192 1000 2
837 136 6
750 433 7
819 393 5
1304 524 7
1209 1614 7
850 451 2
1554 329 2
294 1384 8
1068 386 1
65 298 7
406 1129 7
620 661 2
179 937 8
494 591 2
315 1456 30
1310 255 2
247 270 5
45 792 2
819 1491 7
384 868 7
266 910 2
607 1345 2
927 1138 1
813 1611 2
612 1322 13
1258 223 26
1084 36 8
726 21 8
911 938 1
167 1505 8
241 350 2
892 293 0
1507 93 2
1144 824 6
914 1121 2
569 1141 2
1141 1196 2
464 1042 2
1350 1271 1
42 671 50
479 498 2
595 82 38
28 1377 8
1009 990 37
1056 868 8
128 958 2
908 420 6
287 513 30
928 958 3
912 479 2
468 910 2
558 942 33
494 293 0
1442 713 1
912 433 7
1026 1131 2
338 462 7
1138 958 3
1519 22 8
88 1346 7
1025 90 8
470 362 2
1553 513 26
1225 377 48
1002 1607 2
1037 1304 5
661 911 2
1019 75 3
1506 1514 0
689 663 8
1108 32 8
563 197 8
199 726 2
435 1156 8
855 651 5
1446 1468 2
1447 1047 33
1190 98 16
1207 791 7
247 1070 5
430 638 2
285 619 27
861 1355 2
1174 533 5
397 817 1
1340 958 3
74 21 2
306 119 8
145 1127 1
1156 209 5
850 1371 2
626 1042 2
1179 155 7
600 273 6
503 322 2
1084 1128 8
513 116 2
318 22 8
546 1239 30
558 1187 0
43 800 7
43 404 7
403 277 8
747 719 8
27 403 38
1397 63 7
852 269 8
1463 412 5
488 798 2
151 434 2
39 1156 7
723 1200 2
468 1314 2
1399 929 7
938 1565 2
1502 401 2
77 961 35
1271 823 33
1024 961 2
170 1139 30
713 533 3
982 1419 5
9 433 7
1146 891 7
450 903 6
29 646 8
658 1528 1
483 743 3
1375 387 7
28 298 8
617 961 35
390 513 30
157 114 8
563 898 2
434 1153 6
675 684 2
901 434 2
1052 150 2
442 1148 2
1250 89 2
1239 1415 2
158 1156 5
1025 368 33
89 742 2
207 1488 2
1216 433 7
958 773 5
882 619 27
438 1062 7
329 1418 7
80 732 7
88 663 7
1346 417 2
650 1262 2
1232 588 48
434 1418 7
673 37 8
627 1469 47
99 462 8
382 1227 52
1333 21 7
514 513 26
505 725 67
1084 1491 7
545 798 2
1568 365 2
516 662 2
719 938 6
1304 177 7
1014 269 8
295 452 12
1215 174 7
769 1419 8
1119 269 8
847 650 2
51 1567 1
434 80 8
1446 717 2
770 533 3
252 779 6
621 1304 7
1394 641 27
747 309 33
1551 1433 4
870 167 8
1351 724 35
267 958 27
1249 1419 5
790 1475 5
66 411 2
1376 590 1
1304 401 7
126 1416 2
269 1457 8
1299 374 2
1085 387 13
154 673 2
1394 177 27
133 270 1
1506 1361 2
222 961 1
1193 21 8
1271 1251 2
1162 1310 8
1173 992 2
1500 747 2
1488 1037 2
1284 75 3
1479 677 2
1505 1062 8
1229 336 6
273 172 8
217 433 7
1483 514 2
502 531 30
322 293 0
65 1548 5
780 1271 1
916 63 8
1176 269 8
540 882 2
1359 1445 2
68 513 26
923 1307 13
350 158 8
1567 25 2
1131 1076 2
83 1309 2
269 1118 5
555 531 2
581 916 8
1334 1335 2
463 958 3
1302 1325 5
1237 1396 8
1093 493 6
1210 190 7
718 1176 15
1447 596 33
1145 179 8
487 338 5
552 1207 8
1178 1014 0
66 1211 2
22 642 30
1304 805 7
766 1544 2
657 1207 8
1223 914 2
971 774 2
1304 1097 7
1100 590 2
98 1194 30
420 424 8
1445 466 2
1071 746 2
1191 920 74
731 199 7
420 716 8
49 1009 2
522 929 7
273 581 2
933 1475 37
731 491 7
656 1047 14
26 365 2
150 619 27
1460 23 30
1412 978 2
1180 718 2
373 215 7
1515 350 2
266 1087 2
1045 1594 38
601 381 7
1200 39 8
145 1395 7
836 172 2
1062 318 2
1042 1230 2
1042 834 2
150 54 2
707 1156 7
335 513 26
155 374 2
938 1510 2
722 63 7
269 18 8
487 390 8
18 1310 8
579 751 2
475 581 2
1442 1354 1
154 21 8
730 462 8
876 1070 5
231 269 2
1025 1127 8
546 534 1
335 677 2
1253 1352 2
689 179 7
267 600 55
361 1062 8
761 1295 1
1354 1357 2
563 843 2
530 293 0
534 3 10
1239 1418 7
1459 150 2
1351 808 7
218 503 2
1310 88 5
21 68 24
270 988 30
971 741 1
599 1554 0
863 1399 6
325 722 33
541 479 2
80 677 7
662 917 2
420 729 2
300 1565 2
541 433 7
1190 671 16
1357 622 34
178 850 6
1317 1515 27
954 1227 52
1337 2 2
1084 702 12
1227 1577 8
447 75 3
929 910 5
1101 973 74
533 1033 2
409 1141 2
938 823 16
1561 920 2
318 663 8
55 1296 8
739 1299 2
1090 433 7
844 1299 2
1177 958 27
172 848 8
1563 21 8
63 318 2
499 113 2
600 846 6
491 1243 7
1084 1305 8
1394 190 27
224 377 5
1460 1047 30
791 958 5
1262 392 36
1245 1499 57
745 327 2
613 1156 8
1194 22 8
439 347 30
590 517 2
671 1179 31
1151 1502 2
1085 332 13
1394 122 27
252 325 27
568 792 6
126 1315 7
544 324 30
125 1375 27
1359 0 0
1110 1132 5
170 3 8
150 974 2
32 678 2
499 728 8
272 1616 55
39 63 8
337 841 27
450 1184 6
1035 365 2
1258 504 2
373 1108 8
189 293 0
772 1640 77
1488 586 2
263 590 2
27 1584 28
28 183 8
380 300 2
579 937 7
1258 1583 8
337 773 27
609 75 3
907 1314 7
527 75 5
904 1087 84
325 83 6
425 1325 5
569 1062 8
1329 1245 37
1144 728 8
1346 1454 2
1354 732 7
546 1507 12
1140 297 2
891 533 48
41 1252 14
1358 804 2
98 80 7
433 1315 7
232 104 2
438 32 7
673 219 2
147 1345 41
1474 31 2
555 179 8
228 59 8
1251 22 8
997 83 7
591 1187 0
1304 750 7
876 1062 8
939 75 5
1110 32 8
65 524 7
655 83 8
777 59 8
992 424 8
199 147 8
199 881 3
1416 671 2
1424 3 7
849 675 2
173 450 2
49 558 2
1055 603 7
1301 75 7
55 149 8
1160 491 2
372 1384 7
656 596 14
1404 992 2
303 533 3
45 914 2
1056 433 7
155 983 33
927 1364 1
391 66 2
303 487 8
408 533 3
1283 858 12
938 1163 2
128 1252 2
784 346 77
329 1415 37
268 75 3
148 1419 8
1026 1029 2
479 719 8
565 1227 7
125 1042 2
584 269 8
1229 1305 6
808 1345 2
673 623 2
455 1200 2
455 804 2
524 573 15
674 98 33
1377 59 7
1474 727 2
45 1239 30
1144 1315 7
160 362 31
677 1148 2
681 858 12
817 75 3
730 513 30
583 663 8
350 1127 8
1304 280 5
63 1290 5
1332 1262 1
462 855 3
779 1491 7
1128 300 2
939 59 8
657 450 33
632 960 1
449 63 8
736 576 1
483 1335 5
847 1581 7
325 976 7
651 1600 38
1207 1017 7
889 150 2
1460 667 2
84 955 2
1210 763 7
534 1046 12
641 938 33
846 850 6
155 1578 5
1132 163 8
1424 1491 7
138 104 35
868 768 2
1124 75 3
931 1325 5
84 491 2
491 1415 37
825 1567 12
618 1156 7
343 1070 5
1476 450 30
252 377 6
98 212 44
1176 590 1
420 898 2
1416 1299 2
671 784 14
277 793 8
1507 824 57
71 329 2
172 37 8
727 732 7
269 664 2
1541 958 3
727 1070 2
381 450 2
1460 596 30
1396 355 7
1547 112 8
503 480 2
64 1139 30
439 292 30
380 21 2
876 1419 5
707 172 2
150 231 2
377 743 3
385 21 8
252 270 27
222 59 1
22 1581 8
255 172 8
381 377 8
336 373 6
820 179 8
235 882 2
707 104 2
453 858 2
716 63 8
349 858 12
619 129 8
689 798 2
986 145 40
454 1084 2
99 1531 1
737 531 30
598 59 8
1251 1351 2
1480 397 2
104 289 2
337 322 27
913 662 2
219 1424 2
565 126 2
324 974 2
1413 1344 5
792 516 2
417 914 27
1447 617 2
420 223 26
1229 158 6
1140 254 12
1100 1567 2
54 293 0
514 1070 5
818 961 35
1253 249 8
759 1424 2
374 658 0
777 1342 7
27 1270 5
390 43 6
503 865 6
191 1144 44
54 850 52
151 1245 37
1321 433 7
595 551 40
74 479 2
267 1252 27
3 971 9
1131 1168 55
747 1250 2
269 1418 7
295 347 33
750 150 2
1449 104 2
850 622 2
681 22 8
176 1025 2
1399 1122 6
1151 1373 0
655 424 8
1227 83 8
36 671 2
494 325 1
377 1106 2
600 627 6
318 733 80
1345 485 30
721 442 27
1394 763 27
514 1291 33
883 761 15
1055 548 7
1271 789 2
599 274 12
359 129 2
195 1230 20
179 936 8
271 1396 8
148 285 2
22 611 2
1391 798 2
1035 1042 2
1078 1457 8
1506 476 33
1129 1220 1
1271 366 33
720 1419 8
684 1502 2
321 293 0
1291 60 44
594 1349 8
1520 533 3
170 974 30
661 83 6
396 724 30
346 808 8
1360 20 2
1382 32 7
658 1462 7
104 917 2
1354 1351 2
435 1062 7
138 11 64
321 850 52
1121 662 2
1196 1325 5
537 1511 74
657 1506 2
645 1359 1
992 742 2
1301 1325 5
373 1118 5
1458 426 7
1260 663 8
681 443 12
1117 167 8
1131 1198 2
651 857 38
1474 604 2
194 577 2
295 1439 33
247 75 3
744 295 1
22 1578 5
1552 1491 7
21 1491 5
632 1197 1
1078 1118 5
1380 55 20
671 114 8
1232 27 48
1562 1262 2
1081 1342 7
773 269 2
167 272 31
66 1333 2
318 1429 80
328 1396 8
1304 1323 7
1128 172 8
837 1227 6
876 32 8
910 92 8
65 1097 7
420 551 2
719 377 6
606 1000 1
836 1258 2
65 1389 7
1394 1391 27
1163 1375 27
1295 1156 7
367 75 5
285 908 8
347 761 15
1169 1424 2
263 1567 2
508 808 8
1200 265 8
475 479 2
604 295 2
148 1309 2
1275 550 7
369 581 2
1551 116 4
1302 1207 8
1179 533 3
227 428 1
1284 533 3
483 936 8
499 326 8
778 513 26
42 65 8
510 3 8
1495 1078 2
1158 813 8
533 492 30
1024 1424 2
337 335 27
218 63 7
450 1057 2
673 1196 2
819 848 8
346 1395 7
1138 1342 7
21 292 2
552 1446 2
677 1033 2
674 671 33
923 505 2
211 489 78
976 1268 5
524 477 41
844 1446 30
89 517 2
442 877 7
350 1403 14
1164 102 8
421 812 1
792 857 2
112 300 2
355 21 8
1092 1446 2
362 1120 30
922 503 2
550 1357 2
670 462 8
104 166 2
787 172 8
1439 32 2
661 102 8
1456 458 2
1210 1336 7
1232 259 48
869 1239 2
1436 1424 2
1439 324 2
986 1345 2
1333 129 8
270 255 27
69 104 2
327 983 14
426 86 2
191 75 8
99 65 8
872 958 3
1251 718 10
790 958 5
1283 512 2
503 1121 2
1394 416 27
462 459 5
467 779 5
1460 877 30
285 1041 2
843 677 2
195 101 8
1304 176 7
508 1395 7
1058 1042 2
115 179 15
464 1325 5
396 47 8
382 1325 7
1404 590 2
607 377 2
713 1359 2
32 489 6
899 663 62
1055 97 7
1547 685 8
155 1583 8
1085 162 13
601 1527 7
1025 1274 12
1397 362 7
4 183 6
162 910 2
377 937 7
1144 252 6
365 1169 2
517 21 8
534 925 10
688 812 1
161 265 8
22 160 2
939 1396 8
295 1105 0
35 533 3
670 1344 37
255 1042 2
988 1314 5
295 1397 0
1102 300 57
135 167 8
140 487 8
157 855 3
565 595 53
638 1207 5
912 199 2
144 63 8
577 409 2
442 1505 7
502 651 41
941 330 8
329 264 2
1357 151 2
819 97 8
346 685 8
22 485 30
443 481 74
920 1047 14
375 531 30
1025 102 8
325 516 2
420 272 2
362 649 71
447 533 3
380 1131 20
789 63 8
528 1567 2
1548 1342 7
875 1062 8
534 1124 33
627 327 1
547 464 2
155 1514 0
1144 446 35
1424 297 7
292 1424 2
441 269 8
194 58 2
591 925 10
166 958 2
974 295 2
189 129 8
82 663 8
43 296 7
424 531 8
65 646 7
1392 646 68
162 1314 2
620 1405 2
1317 92 8
922 179 15
1210 626 8
1400 1304 7
197 533 3
1009 704 35
1394 648 27
692 1210 6
1271 1046 12
35 63 1
1084 848 8
1163 651 53
1015 761 15
684 1373 0
616 54 2
590 929 7
992 606 35
1160 1009 2
601 552 7
601 890 2
651 125 40
137 1396 7
362 844 2
923 1491 7
552 293 0
491 264 2
377 341 3
1456 1517 1
938 889 2
157 206 39
1166 1488 39
85 396 41
508 685 8
1460 418 30
601 88 7
311 781 30
671 258 31
742 483 15
1510 479 2
581 1054 7
1000 3 10
951 63 8
1258 42 8
1166 32 8
457 32 2
28 18 8
673 1491 7
85 886 2
483 813 8
563 618 2
365 855 3
1442 1061 1
323 300 7
350 957 8
377 1335 5
29 298 8
438 886 7
32 44 8
324 468 2
206 172 2
1317 1358 27
756 1469 47
662 796 2
1137 958 3
1000 1101 12
655 568 7
1210 593 7
1019 377 8
804 147 8
661 47 8
769 1207 8
98 902 44
420 796 2
671 291 8
112 172 8
285 762 2
971 1177 2
627 1346 7
1301 601 7
590 855 5
977 534 2
1424 1217 7
1541 1310 8
172 628 2
641 104 2
195 114 8
317 90 8
1204 1396 8
1177 337 27
1253 1225 0
1305 136 6
913 1227 5
1179 107 7
1397 479 7
66 235 2
506 65 8
1394 1568 27
1207 139 3
1130 179 15
717 656 2
434 191 14
1314 160 33
147 914 2
1179 795 7
1261 1245 5
1184 1156 8
922 34 41
195 46 8
195 384 3
601 1180 7
1200 838 8
681 718 10
847 256 7
607 718 2
847 297 8
21 641 2
167 883 2
483 1217 8
1296 1062 59
1183 531 29
227 605 1
32 453 2
1024 1309 2
211 734 78
1058 1310 8
565 420 2
20 697 7
464 311 2
936 1532 2
442 854 27
1355 901 2
712 533 3
454 914 2
1180 75 3
673 166 2
234 958 3
28 646 8
563 908 7
228 595 53
1383 293 2
442 1554 7
792 1138 2
408 1070 5
686 97 8
817 487 8
1253 881 3
1171 65 8
282 1000 5
1232 1004 48
852 1239 30
819 88 3
59 501 5
479 90 8
550 858 12
11 205 19
1536 1325 5
657 1000 2
83 1029 2
988 300 2
1232 936 48
920 596 14
1231 21 8
1122 377 8
1446 853 12
1506 61 15
411 1460 2
1215 626 7
531 727 2
1139 513 30
576 347 14
528 1070 7
1373 881 5
1138 1325 5
69 677 2
318 923 80
1287 1575 2
211 424 8
1078 1418 7
1210 134 7
923 338 5
1522 433 7
270 555 2
109 1225 0
442 1548 5
1232 281 55
377 1578 7
261 591 2
573 453 1
847 1321 8
55 221 2
586 1469 47
747 92 8
403 384 3
40 1156 8
443 225 5
1340 1325 5
833 938 2
1061 1262 2
1306 462 7
444 1000 5
601 101 7
494 1207 8
1078 80 8
336 1227 6
415 1156 5
161 838 8
582 1078 2
1519 533 3
1322 576 14
1054 300 2
1245 523 57
270 880 30
1359 458 33
232 971 2
621 1062 5
1372 306 7
472 1396 8
362 716 8
524 22 30
844 1616 71
1122 1078 2
1154 663 8
194 434 1
442 917 2
981 1227 6
231 677 2
1351 178 2
591 113 2
1252 724 2
193 386 57
329 837 2
1026 1424 2
109 147 8
980 1258 2
1252 719 8
653 858 12
1020 63 8
576 1439 14
1009 1389 8
317 685 7
1000 254 12
753 43 6
291 1029 2
1022 172 8
199 1415 2
311 805 2
804 92 8
978 616 2
421 675 2
628 1424 2
295 209 2
1449 958 2
417 285 27
330 139 3
1215 1546 7
547 1037 2
1404 1567 2
576 1267 14
343 75 3
285 707 2
309 28 2
1437 1144 2
395 577 2
303 1062 8
1437 651 69
322 63 8
327 873 14
321 129 8
306 808 8
1200 163 8
450 1204 30
1177 1342 7
1253 1170 0
176 522 7
1179 52 7
419 28 8
632 80 8
579 1015 36
1317 957 8
952 269 7
601 437 7
181 1310 8
1550 75 3
730 591 2
616 231 2
373 959 7
591 201 12
154 442 2
601 1125 7
601 729 7
272 938 33
961 165 7
914 1004 27
34 1590 38
1037 1258 2
1061 579 2
491 837 2
359 1567 2
35 1396 8
1145 1062 7
595 849 2
477 553 2
858 54 8
1262 264 2
32 398 2
316 443 10
1373 1170 2
718 458 33
348 1029 2
450 1283 2
1460 1044 41
462 1384 8
1025 1480 2
903 1062 7
1229 1 6
145 743 3
575 1396 8
1025 753 23
249 21 8
430 1002 1
1239 1416 2
806 971 2
1359 818 2
858 1490 5
1450 34 53
686 42 8
1201 104 5
979 513 26
594 32 8
1045 577 40
206 1141 2
889 1309 2
185 325 27
997 267 7
98 138 2
536 1299 2
313 923 32
945 658 0
189 1007 2
1232 485 48
540 479 2
117 1239 30
515 1084 1
199 39 8
647 34 53
743 1349 7
1084 1388 7
299 1619 2
766 958 3
411 1405 2
433 139 3
1499 558 10
438 22 2
759 1131 2
370 21 20
32 95 6
616 1031 2
172 863 7
871 462 8
641 677 2
1200 1583 8
779 848 8
607 671 2
736 32 8
1061 109 0
463 1325 5
1391 513 26
927 97 15
981 1511 9
434 368 14
377 1173 2
1424 119 7
270 500 2
244 938 6
651 638 40
284 779 8
980 330 8
616 859 2
1055 323 7
737 1396 8
1158 1298 7
1085 388 13
55 265 8
1053 1141 2
1275 1404 7
377 458 33
747 37 8
145 273 1
1085 680 13
252 673 27
340 1253 7
1259 1146 2
1554 1310 5
485 662 2
1206 1200 15
577 411 2
247 1314 7
1383 992 7
396 101 8
923 1381 7
350 628 2
923 1323 2
579 1389 7
442 739 27
1502 607 33
167 140 8
710 59 8
143 63 8
269 115 15
240 294 2
82 697 1
108 686 7
1025 401 2
1030 325 2
673 1031 2
1316 75 5
595 139 3
790 403 7
1474 447 2
1442 263 1
430 756 2
1179 1070 5
769 1375 27
1242 479 2
341 533 3
809 1392 30
22 315 30
1284 1070 5
1483 739 2
833 293 0
1003 329 2
430 292 2
311 458 2
401 1475 37
531 1404 2
61 59 1
961 1562 1
686 1514 66
416 300 2
34 1256 5
22 539 30
295 550 2
1304 1098 7
591 813 15
502 1299 2
750 1345 2
1437 63 7
1214 59 7
526 620 2
304 1314 7
350 781 30
647 662 2
399 616 2
1066 386 1
1188 65 7
1314 77 2
1340 462 8
200 32 8
1202 1137 2
84 211 2
255 1469 47
403 291 8
1200 108 8
285 292 2
1383 1396 7
148 377 6
872 59 8
55 502 2
1087 424 8
32 1384 7
34 1603 38
977 59 8
617 920 2
1200 40 8
1239 1282 30
595 1120 38
145 1338 2
944 126 2
34 985 2
1520 1062 8
1547 228 8
503 200 2
925 1575 2
1271 277 2
658 1105 0
677 543 1
1461 595 41
671 844 31
1131 303 20
908 1062 6
126 1026 2
167 476 8
1110 109 5
503 492 2
150 347 2
1036 1375 27
915 295 1
337 837 6
325 1127 6
686 929 7
722 793 8
499 393 8
232 1252 2
1379 315 2
450 57 6
28 244 8
231 958 2
1153 65 8
1025 1420 8
1442 1287 1
337 438 27
523 573 15
1351 751 2
450 1160 2
1359 367 2
895 1310 8
1152 167 8
52 412 5
1210 1138 6
912 75 3
1031 21 8
157 412 5
1450 479 2
1152 63 8
209 697 2
728 1325 5
779 178 2
769 1042 2
641 2 2
168 882 2
192 599 2
1172 533 5
1338 958 3
279 1078 27
55 1198 2
913 311 30
23 1567 1
183 531 2
922 311 30
855 662 2
1219 75 3
1548 462 8
603 126 2
673 1315 5
915 658 0
1397 997 7
1084 596 33
292 503 2
722 1156 7
447 1070 5
377 1217 8
227 1295 1
1284 1359 2
167 1073 2
1460 1340 30
1394 833 2
1158 1243 7
710 1342 7
961 629 64
1000 925 10
601 1302 7
1414 1396 8
21 1555 2
603 350 2
907 1429 2
563 101 26
483 1298 7
835 1456 2
595 1125 8
1494 1155 7
708 746 2
591 1090 2
858 627 8
1262 837 2
265 52 8
396 46 8
263 591 2
834 1207 8
450 1081 6
1026 798 2
577 648 2
1408 1511 9
565 938 2
1029 148 2
922 1078 2
1036 1042 2
1483 460 2
126 1581 8
1330 573 15
851 1239 30
1120 1309 2
1253 670 2
1346 1455 2
1468 697 7
104 1033 2
148 270 3
314 1078 2
1025 942 33
1459 675 2
547 411 2
1567 367 2
1483 684 2
1000 248 12
1025 273 8
442 384 3
609 1070 5
1093 43 6
634 1153 6
503 1213 6
534 699 2
462 114 8
263 293 0
872 1342 7
1337 1314 8
1081 1062 7
720 491 1
1144 617 35
1553 172 2
66 1449 2
66 1053 2
1084 1292 33
318 1149 80
399 269 2
977 1342 7
745 686 7
317 1236 8
427 52 8
747 883 33
360 1424 2
979 1078 2
168 34 69
622 443 2
462 1154 5
929 493 6
163 1310 8
1424 296 7
43 3 7
1475 742 57
834 1070 7
23 1253 2
55 838 8
311 624 30
374 329 2
718 771 2
171 65 8
157 1384 8
581 233 27
634 80 8
276 65 8
1296 21 8
256 325 2
1110 450 5
476 1271 2
147 285 2
9 329 1
350 805 2
445 124 1
1041 882 2
201 801 10
746 974 5
982 1310 5
1252 622 2
1495 798 2
599 998 29
900 1252 2
658 1023 1
1258 213 8
599 18 8
793 183 2
483 588 8
563 393 2
269 1376 15
362 838 8
1474 1416 2
442 1039 2
350 1128 8
324 347 2
447 1359 2
648 269 6
350 1420 8
1317 1133 27
436 29 2
1304 969 5
971 1609 47
672 365 2
850 1125 52
934 32 8
1258 437 8
315 675 2
651 1601 38
323 403 7
1225 792 48
1180 658 0
1232 83 48
712 1070 5
1285 658 0
145 1335 5
199 1199 7
419 327 2
197 1062 8
817 1070 5
1447 214 2
922 324 30
403 891 7
1221 914 2
295 727 2
877 1025 2
66 78 2
880 433 7
1424 1388 7
800 948 15
1146 88 5
1509 1498 57
759 1062 3
62 434 2
1025 338 5
183 179 8
655 1004 8
850 287 2
731 377 7
847 495 7
622 675 2
374 1025 2
503 841 2
379 1345 2
119 1210 6
167 726 2
747 200 33
377 771 2
1131 606 25
311 960 30
284 377 8
155 236 12
604 747 2
601 559 7
14 1084 1
1183 992 7
33 126 2
738 32 8
373 685 7
357 531 2
154 663 8
609 1062 8
729 365 2
150 524 2
720 104 8
1210 1154 5
1480 466 2
138 377 1
677 739 27
1158 1161 8
693 1131 2
106 1359 2
973 1578 5
442 233 27
98 258 31
1479 172 2
1258 1138 2
874 1070 5
170 347 30
1166 1227 8
28 817 8
449 1156 8
1480 2 2
1391 98 8
1137 1342 7
1131 1235 33
170 455 71
923 848 8
792 471 7
897 21 7
1371 22 29
997 97 7
654 1029 2
595 620 40
880 1129 7
346 743 3
1232 711 48
681 487 8
459 21 8
1355 622 34
624 558 1
961 1160 1
632 174 1
70 350 2
683 1575 4
1429 936 7
1215 401 7
685 63 8
1548 1062 7
992 42 8
75 1457 8
972 576 1
737 1299 2
487 1395 7
499 1443 2
55 168 2
32 613 6
317 97 8
269 1315 7
172 1381 7
1303 663 7
603 595 53
581 53 30
541 65 8
850 915 2
850 519 2
1554 397 2
434 891 8
1262 848 7
506 1156 8
1052 1141 2
634 139 3
1303 199 7
35 616 2
739 98 2
1080 533 2
877 269 8
32 837 6
343 658 0
1303 491 7
145 540 2
670 75 5
22 216 2
1552 88 3
1001 109 0
1282 718 1
792 880 1
1460 568 15
350 458 2
228 1375 27
337 39 6
1078 147 8
1379 1120 2
1146 39 7
1448 32 30
126 160 2
343 1314 7
334 1000 2
960 1456 30
218 66 2
761 394 1
674 1087 2
435 1396 8
852 761 15
442 646 7
383 167 30
579 178 2
632 1266 1
792 230 2
1133 269 2
437 718 2
29 18 8
1215 1097 7
1258 90 8
344 63 8
1215 1389 7
1447 823 33
281 661 27
457 75 8
563 265 8
126 485 30
325 1214 7
1213 59 7
421 450 2
285 586 2
1502 820 15
1304 928 7
928 675 41
1210 605 7
272 499 21
55 796 2
766 59 8
278 1488 2
905 65 8
868 610 2
136 1127 52
1354 658 0
398 98 2
403 855 3
145 341 3
1359 594 10
1314 264 23
493 875 6
350 338 5
402 65 8
1054 433 7
373 734 7
507 65 8
1160 1357 2
416 1131 20
401 32 8
601 900 7
1351 1289 36
22 844 2
1162 651 53
747 787 8
359 1446 2
873 513 30
126 856 2
772 1210 77
21 757 2
1087 606 35
818 686 7
150 177 2
872 1325 5
523 179 15
907 923 2
1250 329 2
32 173 2
1024 1029 2
109 186 1
1252 1195 2
453 1200 2
891 1132 1
89 936 7
1152 362 2
820 21 8
349 1084 2
1316 533 5
454 634 2
1397 1567 4
440 350 2
104 235 2
80 868 7
250 22 8
267 52 8
576 140 8
997 42 7
4 873 14
189 1132 7
156 961 1
1337 958 3
1127 21 8
1317 35 27
406 522 7
620 450 2
1314 284 33
1227 97 8
355 1062 5
293 825 8
983 28 2
37 136 6
1084 890 33
961 349 1
929 1325 5
750 533 3
341 1070 5
45 581 2
317 438 8
317 42 8
406 850 7
976 534 2
850 464 2
455 324 30
770 1475 5
403 1437 8
1330 1483 29
1207 149 8
841 104 2
499 248 12
1061 1446 2
1210 291 8
494 1000 2
385 663 8
450 646 5
1502 1561 2
1539 958 3
616 1030 2
1396 929 7
32 869 2
1033 1375 27
161 626 8
145 485 2
1416 98 2
150 805 2
158 462 3
594 612 2
661 97 6
1322 4 14
563 223 26
1382 442 7
368 1131 7
551 513 26
1485 1359 2
923 1098 2
1399 355 8
582 798 2
28 702 8
582 793 8
1272 433 3
1479 1141 2
673 514 2
591 893 33
661 321 6
804 1196 2
184 868 57
1253 891 8
1035 1207 8
912 533 3
1254 63 8
338 958 3
479 88 3
1252 147 8
907 167 8
1252 881 3
1131 101 33
1474 550 2
1449 350 2
658 1574 2
1093 269 6
551 167 7
82 1029 2
377 594 10
199 1135 2
1497 433 5
542 145 2
1210 258 7
927 568 15
1215 578 7
434 1578 3
211 1236 8
1215 974 7
906 462 8
1499 1357 10
1335 21 8
292 1029 2
1396 855 5
72 433 7
1079 34 53
1321 75 3
1080 882 2
503 1004 27
591 880 15
865 75 7
1137 1325 5
420 497 2
1184 34 53
1338 59 8
454 1314 5
291 973 2
359 293 0
329 440 35
226 199 30
1186 1062 7
270 903 2
1405 256 2
504 269 2
739 671 2
573 1197 1
210 513 26
1460 883 30
1055 1414 7
1547 3 8
876 1310 5
337 320 6
377 296 8
144 1156 8
923 123 2
1344 721 57
167 147 8
718 562 23
377 588 8
155 437 8
710 462 8
450 228 6
316 938 6
337 281 27
581 1393 2
450 1003 2
599 244 8
908 1544 2
899 792 7
126 728 8
271 533 3
652 850 6
442 869 2
1497 21 8
1098 1132 0
1251 858 12
1219 1314 7
1242 882 2
997 1298 7
848 75 5
556 741 12
186 1494 1
346 3 8
662 693 2
346 341 3
295 637 12
879 29 2
1253 140 8
1307 779 6
1132 390 8
1555 150 2
1399 1081 6
889 961 2
285 763 2
330 149 8
1314 229 33
530 1355 2
1227 42 8
302 747 7
273 1345 2
191 21 8
113 1507 5
43 1217 7
74 662 2
398 671 2
514 2 2
434 139 3
346 1335 5
858 183 2
1131 820 15
1029 223 26
139 1141 2
872 462 8
1314 837 23
761 244 8
195 47 8
1317 1305 8
910 622 35
261 1567 2
285 1378 8
1081 433 7
1502 1110 2
591 1329 2
522 355 8
32 39 6
69 269 8
599 945 2
377 562 23
910 441 0
29 1418 7
487 1550 8
1550 377 8
271 104 2
1181 32 8
255 300 2
578 433 7
98 844 31
22 106 2
434 1186 16
941 52 8
40 65 8
508 3 8
1493 1078 2
508 341 3
577 423 2
579 1109 7
250 663 8
819 1381 7
1229 57 6
1325 412 5
737 362 30
355 663 8
43 1315 5
1029 611 2
910 1097 7
143 179 8
116 914 2
974 1268 5
772 443 5
1153 1156 8
1471 1239 59
804 1578 3
792 1035 2
558 888 23
1132 1086 8
1239 453 2
265 483 15
1252 92 8
828 958 5
1232 667 2
207 526 2
98 148 7
185 673 27
1447 1428 2
1180 1070 5
77 812 2
515 1140 1
1429 766 7
867 1239 2
62 1310 7
73 718 2
534 474 2
581 639 30
425 434 2
590 1566 37
76 63 8
267 1375 27
777 533 3
411 150 2
318 1320 80
317 719 8
1029 856 20
179 881 3
868 208 2
98 519 30
747 62 2
945 397 2
646 75 3
96 32 8
1078 1315 7
841 677 2
30 126 2
1067 386 1
958 841 7
148 493 6
747 950 33
739 324 2
491 278 2
485 1078 2
1507 264 57
699 1253 2
324 1499 10
439 1439 30
122 1375 27
917 850 6
945 329 2
187 961 35
64 287 30
601 102 7
1527 172 8
137 1342 7
671 272 31
145 1058 2
1054 661 2
269 495 8
380 1460 2
533 451 30
148 804 2
577 759 2
337 265 6
30 350 2
1253 1199 7
779 1236 52
1288 22 8
447 910 2
373 206 2
170 805 30
1253 1491 7
341 616 2
479 787 8
1367 325 2
581 1338 2
455 493 6
996 293 0
126 678 2
997 1311 7
335 2 2
337 489 6
563 168 2
442 476 7
1253 742 23
337 158 27
1456 417 2
1355 151 2
1505 32 8
22 1455 30
1444 311 2
170 865 6
997 1243 7
1352 697 2
1215 1615 7
787 63 8
545 172 2
165 1252 2
1536 850 52
861 1253 2
1446 1047 33
804 438 19
409 1258 2
309 29 2
479 489 6
279 798 27
1489 1647 1
398 324 2
290 1419 8
1314 821 2
1314 425 2
492 1200 2
108 1132 5
945 1025 2
747 702 12
673 743 5
150 471 2
270 1080 2
1076 104 2
854 75 3
1405 829 2
901 311 35
616 628 2
479 1150 7
766 1325 5
439 464 30
499 855 3
1258 689 2
784 1146 77
915 747 1
155 368 33
122 1042 2
686 1381 7
938 256 2
145 375 2
907 1149 2
1025 1445 2
491 833 8
1373 833 7
988 167 30
276 1156 8
0 372 1
1544 1578 5
442 1510 2
1460 1045 41
491 1125 8
1158 936 8
470 1456 2
1144 80 7
337 854 27
157 116 8
125 531 2
533 14 5
1550 1070 5
792 584 53
1258 908 8
1354 499 2
1179 1616 71
707 167 8
213 59 7
368 697 14
563 1583 8
314 798 2
221 651 53
1567 1439 33
210 1078 2
792 980 2
98 535 2
1252 37 8
217 661 2
1446 787 2
322 661 2
590 53 35
1297 1446 1
651 693 38
211 88 3
1237 1062 8
1177 1375 27
981 373 6
1565 1309 2
1084 1389 7
434 838 8
1439 1239 2
1215 176 7
211 438 8
199 728 8
534 419 2
1210 148 7
1570 21 8
1539 1310 8
720 211 1
648 63 8
287 599 2
1114 581 3
66 1169 2
1262 1246 37
759 1419 8
704 1253 1
847 502 7
420 90 8
689 1314 5
1085 1145 13
271 1141 2
287 531 2
594 510 2
256 1424 2
32 320 6
1077 958 2
958 390 7
365 1418 7
43 119 7
157 421 2
1447 3 10
551 1070 5
601 47 7
938 488 2
36 1062 8
104 341 5
24 1253 2
368 1299 2
814 1342 7
577 704 2
1262 1243 7
349 1291 33
702 403 7
365 80 8
1350 718 1
1292 1007 44
1253 702 12
170 750 30
104 739 27
244 330 8
373 88 3
279 22 50
111 433 7
810 32 8
1245 230 17
1407 311 35
1474 844 2
681 1359 2
216 433 7
406 1070 5
912 718 2
901 1310 7
311 486 1
692 28 8
551 65 7
213 938 6
325 1161 7
1456 70 2
247 269 8
325 1499 2
442 759 2
350 848 8
75 1199 7
1304 438 6
434 1097 7
1357 670 2
1232 1298 7
854 697 1
324 359 2
1304 1563 7
653 1084 2
519 1357 1
3 533 3
1355 388 2
847 1302 7
624 1357 1
1140 998 29
1120 377 8
362 1168 71
48 812 1
563 40 8
170 54 6
1447 890 33
147 675 41
534 1443 2
721 914 27
1215 1096 7
880 199 2
112 63 8
1446 596 33
350 782 30
295 447 2
300 1163 2
1398 327 1
43 815 7
1131 949 55
862 1419 8
1547 297 8
168 479 2
1446 369 3
124 521 5
34 1604 38
1210 1437 8
273 433 7
1507 837 57
1522 75 3
34 986 2
616 177 2
636 52 8
1338 1325 5
466 250 1
750 1070 5
1025 1098 2
1061 129 2
167 769 8
442 1163 2
90 581 5
1024 804 2
1252 1366 2
195 255 20
919 601 2
1258 957 8
713 330 8
415 59 5
1521 63 8
676 1271 2
899 914 7
311 1114 1
980 311 31
323 1215 7
1346 1120 2
552 599 2
789 1575 2
671 883 2
295 1247 2
997 213 7
1000 297 2
472 533 3
108 269 8
325 60 2
658 820 8
658 424 8
787 199 7
908 43 19
176 1210 2
763 779 7
777 1396 8
1284 658 0
634 1296 8
1437 675 33
156 1424 1
434 387 8
1099 1227 8
442 3 8
293 559 7
293 163 7
341 75 3
980 52 8
912 1070 5
1304 20 7
1541 1392 7
69 172 2
925 1502 0
867 373 2
1447 523 23
1547 1321 8
53 43 6
1461 1239 30
867 269 2
601 1371 7
403 1212 8
531 550 2
864 1310 8
671 1500 30
437 65 8
992 90 8
1050 1557 1
226 1345 30
1299 681 2
1394 88 27
1076 677 2
950 269 7
1460 1341 30
499 699 2
843 1141 2
32 265 6
761 1578 5
591 775 12
1055 607 2
831 651 12
439 1037 30
1262 1415 37
618 167 8
599 444 23
507 1156 8
1025 1388 7
1158 1577 8
699 747 2
380 662 2
425 311 35
126 1213 7
1219 1070 5
148 793 8
1144 320 6
1160 89 2
804 1097 7
42 167 50
1482 1342 7
1378 65 2
640 99 0
923 1322 13
1269 421 2
1330 958 5
502 1200 15
792 619 27
80 938 6
1152 1156 8
226 1424 2
673 289 2
558 1445 2
28 769 8
798 272 2
449 1405 2
572 576 2
346 1217 8
264 483 15
1355 309 33
1474 789 2
334 1070 7
1232 1127 48
1487 32 8
1446 1428 2
1474 743 7
686 908 8
704 1392 30
1252 219 2
270 307 30
576 147 8
479 213 8
576 881 3
1232 1243 7
1008 145 2
344 179 8
997 737 7
1496 145 40
300 488 2
490 1166 1
57 779 6
1328 433 7
211 719 8
317 1305 8
801 278 9
867 1460 8
288 732 7
170 436 7
1237 32 8
1210 429 7
1198 661 2
66 1450 2
43 265 52
170 728 7
659 21 8
861 747 2
37 1227 6
1554 98 33
466 1236 6
327 368 14
512 178 2
673 341 5
1200 54 8
252 43 6
527 129 8
176 63 2
483 1 1
890 761 15
841 1299 2
294 197 8
277 167 8
1183 433 7
1156 393 5
1383 1342 7
1085 1322 13
329 611 35
796 573 15
1075 269 2
634 149 8
938 1525 2
656 890 14
155 681 2
601 328 7
932 136 6
508 1217 8
329 384 5
1044 662 38
126 284 2
373 495 8
499 47 8
823 330 7
729 129 8
1261 1392 1
1078 495 8
834 129 8
1146 387 7
285 68 24
1215 743 5
349 512 2
388 961 35
157 281 55
836 1200 30
32 226 3
338 1342 7
114 798 2
279 199 50
699 433 3
575 104 2
361 910 2
782 812 1
1028 325 2
340 52 7
329 982 7
1463 1298 7
1025 929 7
546 377 1
1242 365 2
1557 876 57
798 796 2
761 1138 1
58 1610 56
804 387 8
450 1106 2
746 1199 5
1357 596 33
1357 200 33
34 872 40
447 1314 7
420 995 1
624 513 30
98 1340 2
1210 1125 7
872 1375 27
1258 438 8
343 32 8
651 1602 38
1568 325 2
226 673 2
425 1310 7
599 1397 0
1258 730 8
491 611 35
281 1405 27
534 1328 2
420 1364 2
650 1446 2
920 36 14
547 1008 39
981 350 2
1101 920 74
98 574 44
1399 856 6
491 384 5
1424 1389 7
404 1456 2
58 714 1
74 145 2
762 21 8
294 1581 8
489 1314 5
3 1412 5
1532 685 7
1338 462 8
879 28 2
43 1388 7
468 1132 0
159 661 2
624 155 1
317 158 8
600 1 6
641 167 8
162 407 2
1299 334 2
704 747 1
870 59 8
1078 1196 2
1394 33 27
161 54 8
605 1342 7
439 586 30
558 0 0
718 1016 12
373 1374 7
1460 1235 41
718 1296 2
772 1558 77
1299 162 2
1258 1161 7
580 1475 1
271 1062 8
1373 1397 2
1180 269 8
1354 397 2
505 32 8
1359 717 2
1144 265 6
337 1080 27
591 1328 2
792 936 7
106 1314 7
1177 59 8
558 1098 2
902 1144 2
449 662 2
218 1042 2
112 671 7
112 1405 2
1557 1504 57
116 293 2
654 697 1
634 875 6
1442 550 1
1232 1072 48
1247 2 2
1424 1315 5
1011 1070 7
875 373 6
645 1025 1
576 92 8
997 390 7
80 1544 7
1567 209 2
464 697 14
148 1314 5
172 1054 7
414 793 2
430 183 2
1554 466 2
1429 833 7
1199 1304 7
1215 298 7
1424 18 7
583 1314 5
1548 1396 8
368 1446 30
1106 992 2
1304 989 7
1077 1252 2
847 728 7
808 658 0
1546 462 8
1394 369 27
1076 958 2
824 43 6
377 1016 12
270 623 2
577 998 2
849 914 2
372 836 1
1239 485 30
758 961 35
1313 65 8
531 1224 30
164 32 8
1271 1112 23
1245 763 57
1271 1124 33
601 273 7
601 611 2
813 1342 7
85 477 41
373 3 7
925 732 7
126 229 2
925 1070 2
379 595 2
64 750 30
923 1550 2
795 568 7
19 1550 8
205 294 77
294 1578 5
21 26 2
22 1296 8
242 974 79
63 139 3
912 616 2
155 162 2
170 976 30
877 1310 5
1029 722 2
362 852 8
1344 837 57
1158 83 8
565 1070 7
361 563 2
450 723 2
126 453 2
849 1239 30
159 129 8
218 21 7
1567 282 23
795 833 8
789 89 2
847 1118 5
1463 1243 7
546 718 1
632 1267 1
792 231 2
563 730 8
430 879 2
863 958 5
1446 1564 1
795 1125 8
1252 891 8
1252 495 8
1349 726 2
997 1414 7
372 441 66
88 150 2
1446 890 33
206 581 2
281 662 27
1506 1187 0
88 104 7
389 179 15
1337 1584 28
920 1292 14
1098 1262 2
736 1252 2
189 109 7
1019 98 8
317 1482 8
262 920 1
1210 1002 7
311 873 2
329 960 35
1451 533 3
109 881 3
870 1342 7
1553 350 2
792 54 8
1164 412 5
4 1267 15
278 656 1
490 68 1
1554 671 33
59 817 59
292 66 2
616 471 2
261 1355 2
43 937 7
629 11 2
512 751 2
1200 627 8
1475 1280 57
1550 269 8
1177 350 27
1184 882 2
922 98 30
377 717 2
252 285 27
402 462 8
192 21 8
1337 1325 5
499 297 2
201 1489 5
958 1577 8
35 1141 2
178 75 3
913 513 26
227 394 1
1140 1554 0
601 505 7
713 1025 2
126 857 2
470 1299 2
601 1193 7
157 355 8
1259 294 2
1262 436 2
907 1320 2
1098 1314 5
575 1141 2
28 435 8
586 661 2
939 1062 8
1252 1196 2
167 891 8
377 936 8
1166 526 39
1493 798 2
66 904 9
820 22 8
679 59 7
1539 1325 5
372 855 3
737 1200 15
112 662 2
854 513 26
575 677 2
157 183 8
491 960 35
485 75 3
211 783 78
432 590 1
792 859 2
913 167 7
655 1381 7
1214 1342 7
22 149 8
653 1291 33
789 1009 2
1023 433 7
369 1200 30
894 1405 2
333 1580 18
1344 1496 12
948 441 0
418 499 1
576 37 8
1304 273 6
1500 513 30
1122 98 8
961 1106 1
581 463 30
1098 579 2
867 563 2
398 1483 2
531 844 2
211 213 8
591 683 0
1317 1388 7
686 1150 5
1304 246 7
880 1345 2
1446 523 23
338 1325 5
183 362 2
1264 958 5
499 993 2
1262 384 5
894 21 8
862 462 59
318 644 80
409 350 2
155 1274 12
616 1495 2
510 728 7
1221 172 8
154 914 2
620 675 2
1416 167 2
1061 1447 2
1394 314 27
1551 1106 4
177 377 8
1376 1055 1
391 21 8
273 22 2
721 285 27
1388 1156 7
834 1007 2
126 739 27
1080 479 2
573 174 1
1271 381 33
161 627 8
1448 150 30
1055 391 7
244 733 32
1367 1424 2
607 1359 2
1031 1309 2
1391 1141 2
910 743 5
137 1062 7
145 778 2
638 65 8
498 1314 8
1078 139 3
1056 1346 8
798 667 27
1004 1399 6
367 434 2
1264 327 2
792 1555 2
1129 1500 2
1215 341 5
126 106 2
796 1131 2
135 65 8
891 450 1
512 743 5
598 1392 30
958 53 34
244 793 8
240 362 2
395 1325 5
270 893 30
205 1084 7
446 686 7
1429 412 5
483 83 8
311 261 1
1098 109 0
606 513 30
459 663 8
323 362 7
1442 727 1
297 1399 6
601 485 30
81 512 2
661 1384 8
210 269 8
1327 433 7
324 530 2
1317 1024 27
1317 628 27
1215 939 7
66 638 27
362 335 30
1316 850 1
457 21 8
744 534 1
1210 259 7
4 191 14
526 756 2
189 450 7
420 83 6
43 95 52
824 293 0
1239 728 8
1210 551 7
109 92 8
929 293 0
992 908 8
318 104 8
747 118 2
573 1266 1
596 362 31
650 179 8
1204 1062 8
172 685 8
718 670 2
1516 434 1
981 172 2
1438 32 8
858 1550 8
483 519 1
285 360 2
1156 1389 7
1210 1212 8
721 1309 27
1179 461 7
270 1196 2
285 355 8
311 851 30
1376 372 1
750 75 3
623 129 8
1321 1070 5
911 1375 27
591 598 2
453 43 6
126 1198 2
118 1245 37
337 613 6
365 488 2
325 903 6
1025 1561 2
160 513 30
916 65 22
127 1419 8
353 732 7
1252 1199 7
904 992 84
32 114 8
442 1230 2
1187 1567 4
155 730 8
1029 189 27
89 824 2
126 1125 8
238 677 2
579 1112 2
489 172 8
195 322 20
916 1156 8
563 912 2
1306 581 5
14 28 8
376 658 66
1227 1381 7
551 1156 7
1035 129 8
528 558 2
210 798 2
226 503 2
170 1213 6
372 1014 66
1176 483 15
185 442 27
416 1460 2
1344 1045 12
1338 365 2
387 958 5
346 296 8
1100 1355 2
289 804 2
1512 779 5
1253 37 8
1506 1330 15
294 1416 2
620 792 2
1314 853 12
855 798 2
406 1156 7
185 270 27
462 766 5
1223 300 2
1144 453 35
1200 908 8
856 1078 2
17 227 15
297 563 2
1211 882 2
1540 1310 8
747 1388 7
858 41 74
1394 259 27
420 102 8
270 221 2
858 471 8
938 672 2
167 1199 7
502 616 2
1050 21 1
89 412 5
255 661 2
993 961 35
439 416 30
1053 1258 2
1460 1461 41
246 697 2
364 1227 8
1085 401 13
28 716 8
341 513 26
177 1070 5
1399 743 3
148 172 8
1144 95 6
814 1062 7
22 399 2
631 958 3
362 54 8
556 178 1
1252 166 2
548 697 1
104 1169 2
347 1345 2
315 1557 1
141 1511 9
819 112 8
1252 458 2
1253 446 2
140 330 8
1483 528 2
472 1062 8
463 311 2
126 46 8
126 384 3
22 326 8
479 92 8
927 1468 24
819 44 8
658 1583 8
1392 1340 30
1317 281 27
98 883 2
653 512 2
948 1014 0
341 167 7
676 295 2
22 724 30
997 908 7
1304 846 6
632 401 1
920 890 14
1251 533 3
847 1418 7
442 114 8
652 433 7
961 1283 1
852 1342 7
9 65 8
1125 21 8
1498 1415 5
1215 524 7
416 21 2
632 1125 8
992 957 8
190 325 2
66 829 2
655 908 8
671 298 8
109 37 8
1215 816 7
1209 306 7
338 396 30
865 21 7
1283 1087 2
650 129 2
974 534 2
108 109 5
727 579 2
824 269 6
420 42 8
579 389 36
450 911 31
961 341 2
1299 1480 2
98 1500 30
707 1342 7
22 803 2
594 858 2
359 1009 2
273 199 2
1078 46 8
902 958 5
1249 658 66
1078 384 3
577 1120 2
290 958 3
263 1355 2
1054 662 2
718 151 2
424 697 14
64 976 30
601 395 7
306 1118 5
1114 658 0
346 959 7
374 397 2
1025 818 2
167 139 3
646 1070 5
577 1052 2
380 150 2
155 388 2
795 1127 8
1502 360 2
1304 521 5
232 577 2
823 793 7
479 689 2
900 1424 2
1009 1418 7
1014 1342 7
1087 866 36
563 565 2
1040 462 8
923 1 2
1345 1376 2
1357 702 12
1207 384 5
1338 1375 27
1140 101 7
258 1360 30
910 753 2
1120 798 2
761 913 1
563 857 2
337 159 27
1451 98 2
21 471 8
537 129 7
569 52 8
1144 114 8
1210 1296 7
1121 1078 2
545 533 2
1000 1328 2
1444 1000 2
997 1536 7
217 75 3
433 1097 7
269 99 0
823 1456 30
1156 572 5
4 368 14
179 1491 7
1144 384 3
869 1131 2
368 477 71
626 1405 2
1207 1378 7
1084 1100 2
479 99 0
1319 1502 2
1402 377 6
462 23 5
625 661 2
965 293 0
995 1227 8
86 21 8
534 284 33
561 958 5
932 1399 6
808 1070 5
452 1314 5
72 75 3
329 855 5
601 1487 7
1179 346 7
910 1005 36
522 743 3
1176 1342 7
155 1480 2
1405 1122 2
594 175 2
167 1581 8
1396 424 7
25 920 2
1158 568 7
155 753 23
601 1023 7
1029 101 26
1275 674 7
45 300 2
819 1395 7
498 958 3
21 880 2
20 608 7
64 1500 30
514 167 8
923 1093 2
594 107 2
193 1084 57
150 988 2
253 63 8
22 47 8
337 855 27
259 1419 8
577 369 2
1055 213 7
135 59 8
917 433 7
919 1345 2
1258 1305 8
1117 1342 7
902 1310 8
736 1399 6
1140 444 23
59 412 5
208 32 7
1044 1062 8
423 1131 2
1346 1468 2
1239 102 8
479 37 8
1239 399 2
1337 1207 8
981 792 11
330 1583 8
1317 226 27
217 662 2
491 855 5
1126 377 7
322 662 2
367 311 35
1297 1447 1
1474 45 2
191 663 8
531 674 2
1317 158 27
528 1355 2
49 1140 2
190 270 2
1279 1456 2
434 1126 14
1227 908 8
1394 900 27
355 270 5
195 1377 8
350 51 30
1153 75 5
318 1558 80
317 957 8
655 97 8
1401 1399 6
850 983 2
541 75 3
870 462 8
157 782 2
1166 270 27
1176 372 1
829 1309 2
148 43 6
1383 1062 7
747 1292 33
1329 961 35
1173 1355 2
168 581 3
577 773 2
1087 90 8
277 179 8
1141 1125 6
1284 59 7
1305 462 8
55 163 8
499 1112 23
1284 397 2
613 533 3
1303 955 7
1055 1305 7
489 1446 2
590 1550 8
701 66 2
917 1129 7
856 663 8
22 284 2
1415 1511 9
596 1007 44
552 1351 2
386 484 9
1029 497 2
362 627 8
702 300 7
34 187 2
373 147 8
1341 533 5
823 779 8
1519 330 8
1258 231 2
819 685 8
205 1310 7
270 723 30
1466 634 1
753 850 6
578 65 8
581 1617 3
449 150 2
1481 34 69
1025 1086 8
325 766 7
790 697 7
728 663 5
317 1388 7
552 1575 2
1202 855 5
277 1392 67
430 654 2
1001 1567 2
882 1337 2
657 1575 2
858 705 5
98 1118 7
101 59 8
1317 854 27
1106 1567 2
576 891 8
1253 596 33
1253 200 33
1258 158 8
416 662 2
295 236 12
350 851 30
162 1132 0
563 437 8
1512 377 5
1019 269 8
804 39 8
550 793 8
530 558 2
1198 1405 2
318 330 8
880 533 3
269 454 2
590 392 36
395 420 2
1547 298 8
1140 1397 0
621 129 1
573 1388 1
936 493 6
45 21 2
466 273 6
22 1376 2
1081 32 7
159 673 2
285 878 2
556 776 5
686 1395 7
167 838 8
910 991 37
367 1310 7
161 1377 8
727 1084 2
1252 1097 7
135 1342 7
421 1239 30
1303 21 8
1245 1458 57
32 309 2
479 1388 7
1042 1525 2
1146 1199 7
154 285 2
455 1572 7
1397 199 7
259 285 2
21 429 2
899 1379 7
1502 933 2
681 513 26
209 1344 37
1252 1367 2
301 733 77
1250 397 2
32 241 2
1129 606 1
170 68 30
849 761 15
3 59 7
929 129 8
558 818 2
1253 1292 33
563 1138 2
899 1207 7
1474 162 2
658 848 7
1451 671 2
1456 991 2
1327 850 6
792 588 7
554 732 7
1152 65 8
1307 1325 5
347 433 7
1305 792 6
823 28 8
1203 43 6
719 850 6
309 671 2
305 577 2
1200 1161 7
281 150 27
248 660 5
1062 957 5
82 172 8
1324 104 2
1329 1310 8
78 533 2
706 1399 6
620 914 2
485 513 26
980 350 2
172 1148 2
167 1097 7
850 240 2
655 88 3
632 259 8
655 42 8
1085 695 13
1394 485 27
179 726 8
71 324 33
1453 581 3
485 677 2
403 298 8
471 499 21
938 898 2
938 502 2
707 882 2
1299 974 2
1174 442 2
150 1337 2
1141 341 5
1303 608 7
834 1132 7
590 766 7
573 241 1
1275 1247 7
1521 1156 8
1258 1555 2
155 942 33
980 675 30
26 269 2
259 1309 2
1037 126 2
1144 321 6
159 21 8
22 229 2
366 671 2
735 462 8
1253 1428 2
1144 613 6
101 1342 7
774 556 2
108 971 2
1258 1482 8
581 833 2
673 978 2
329 355 7
126 173 2
281 513 26
1451 1299 2
647 513 26
563 455 2
1239 284 2
317 937 7
641 1342 7
1232 1420 48
744 377 1
878 104 2
447 1025 2
1098 1446 2
546 433 7
1145 487 8
487 646 5
309 1299 2
81 579 2
312 199 2
542 677 2
647 677 2
1122 798 2
311 301 2
531 1247 2
1198 662 2
1336 792 7
534 993 2
928 396 41
1087 444 2
307 499 2
782 1239 30
1444 426 2
829 779 6
295 789 2
958 1032 7
1452 533 3
524 285 2
270 1039 2
321 21 8
468 109 0
1303 1304 7
796 958 5
534 611 34
1407 1475 37
391 779 7
784 709 77
374 1087 2
1383 1239 7
1183 330 7
1078 272 8
1084 917 8
912 658 0
270 1367 2
139 581 2
1325 1335 5
269 326 8
232 434 1
573 1265 1
549 1649 62
945 1140 2
366 1299 2
908 1342 7
21 770 2
915 534 1
1239 1376 2
1396 292 2
923 587 2
703 32 8
576 1199 7
1024 1042 2
81 179 15
106 1025 2
1258 507 8
324 1001 2
135 1156 8
125 21 8
558 367 2
85 955 2
1239 912 2
126 796 8
442 1333 2
210 677 2
1084 527 67
542 576 1
855 513 26
347 28 2
1164 116 8
1040 958 3
369 961 31
639 1239 2
1210 1418 7
233 59 8
272 479 20
650 1447 2
295 1101 12
779 808 8
661 116 8
872 311 2
1156 1090 5
1565 804 2
58 756 2
503 824 6
1075 1258 2
462 937 5
356 293 0
499 713 2
365 986 1
1211 365 2
973 905 2
1544 1125 8
195 183 8
234 1325 5
519 547 7
1194 330 8
369 661 7
1306 75 7
847 393 7
810 938 1
157 380 2
833 109 7
603 365 2
503 1135 2
466 846 6
285 1550 8
663 419 5
151 1310 8
408 167 8
227 1138 1
462 1243 7
613 1396 8
439 191 30
595 1591 38
1109 658 66
1505 1419 8
599 617 2
1284 1156 7
912 513 26
273 75 3
145 206 2
573 186 1
340 749 7
145 894 2
145 498 2
998 433 5
58 267 55
792 937 7
1382 59 7
912 677 2
1031 961 2
699 958 3
1483 699 2
978 311 31
1360 37 7
1355 1274 12
82 526 2
957 910 5
1154 104 8
1239 229 2
454 63 8
792 1161 7
1251 330 8
1442 447 1
483 631 15
559 63 8
329 278 2
997 391 7
1132 1550 8
894 150 2
528 1253 2
1325 1578 7
641 531 7
653 579 2
948 743 5
362 451 30
882 471 2
670 1396 8
432 433 3
199 460 2
936 1325 5
974 377 2
526 872 2
211 957 8
1456 226 3
65 728 7
500 1375 27
1436 21 7
49 1262 2
72 533 3
292 1042 2
1459 1239 30
607 1483 2
856 269 8
769 129 8
1397 1572 7
1394 1058 27
503 160 2
124 412 5
259 779 6
22 974 2
388 920 2
938 1075 2
841 1141 2
1015 483 15
721 1029 27
617 812 2
147 300 2
491 742 2
739 433 3
602 1310 7
479 636 2
1460 208 30
1460 604 30
390 21 8
127 420 2
713 2 2
1510 269 2
779 1138 6
1217 1070 5
1120 513 26
21 423 2
89 392 36
1030 1309 2
577 1223 2
300 983 30
498 59 8
325 623 6
697 940 2
1252 569 2
330 902 5
1442 1247 1
834 75 8
457 510 2
350 648 2
170 873 30
56 513 30
581 1510 2
686 1550 8
814 533 3
737 573 15
576 1581 8
1304 588 5
98 1354 2
1253 890 33
396 915 30
1025 916 8
454 300 2
420 603 6
194 1232 2
792 128 2
878 677 2
789 732 7
311 942 2
337 226 27
1232 390 48
238 32 8
671 769 8
805 59 8
768 1000 2
172 80 7
1326 433 7
507 167 1
88 793 7
88 1131 2
1232 322 48
1039 1325 5
1476 362 30
552 21 8
450 1341 30
1536 522 52
1307 792 6
922 167 30
1225 1567 4
849 1611 2
52 1298 7
1084 160 33
395 1042 2
888 761 15
215 270 5
687 1491 5
55 1377 8
1429 83 7
839 1456 2
217 513 26
315 1239 30
503 1080 2
1314 611 34
503 684 2
1085 585 13
1502 831 2
594 346 2
903 533 5
688 1469 47
862 59 59
980 167 8
1055 160 7
627 22 8
263 155 2
32 535 2
591 666 12
425 958 5
117 718 1
479 1556 2
934 311 1
681 1070 5
205 923 77
33 365 2
1055 452 7
20 779 7
719 63 8
1085 121 13
1271 297 2
563 995 1
1383 433 7
150 763 2
1259 1275 2
693 1078 2
337 1026 27
1485 1025 2
582 167 8
178 1070 5
941 65 8
684 718 2
51 64 30
914 1196 2
464 325 2
670 434 2
42 350 50
1206 573 15
1039 126 2
1201 1325 5
441 1342 7
1358 661 2
446 59 7
1306 1325 5
145 766 8
305 434 1
661 762 2
1355 596 33
1355 200 33
1474 284 2
368 1062 8
1144 855 3
63 159 5
109 1578 3
540 616 2
1062 855 5
795 47 8
1227 68 2
98 265 7
325 1139 33
387 910 5
1474 216 2
1276 377 5
681 330 8
979 350 2
961 1003 1
420 231 2
362 212 71
1210 320 7
789 22 8
1215 244 7
499 419 67
829 377 6
972 1252 2
377 1327 6
728 403 6
300 265 7
1174 1424 2
745 812 2
1291 796 7
303 52 8
466 1127 6
647 98 8
727 1291 33
812 904 58
1375 743 5
603 938 2
1085 1213 13
214 1000 5
1084 119 8
707 1062 7
270 569 2
1405 1525 2
394 65 2
792 412 5
1164 770 2
1184 533 3
1055 392 7
255 1405 2
1370 995 1
1284 167 8
55 626 8
880 1070 5
1025 246 2
599 1581 8
1193 1392 50
22 455 2
464 661 2
1355 1292 33
1232 751 1
1252 514 2
1337 483 15
135 462 8
27 1062 8
46 63 8
1029 960 2
1344 1075 57
645 1271 1
126 399 2
701 65 2
672 325 2
159 75 8
995 1392 33
451 1345 2
1474 912 2
792 177 2
1251 512 2
127 958 3
162 1325 5
848 1344 5
534 1287 2
923 404 8
1121 798 2
191 675 2
350 1307 14
98 1185 7
1131 501 55
27 1392 30
1231 663 8
1212 59 8
657 531 33
633 136 6
1314 610 2
1239 1125 8
420 859 2
850 1454 2
809 1567 1
992 1305 8
85 1460 8
65 1301 7
285 429 2
963 732 7
671 646 8
1402 493 6
756 433 7
1075 1252 2
1087 957 8
52 1243 7
69 1314 8
982 462 8
489 850 6
277 295 2
269 917 2
43 1279 7
157 1243 7
626 661 2
833 1310 7
1183 556 7
1054 1078 2
4 1186 16
617 697 2
927 246 1
1552 685 8
729 28 8
729 325 2
362 1161 7
983 1239 30
162 590 2
486 599 2
350 1393 2
302 1511 9
355 938 6
1460 781 30
32 480 2
374 98 33
40 533 3
601 743 7
1494 304 7
938 206 54
1025 1562 2
1042 1196 2
434 1236 6
563 981 2
479 1044 69
109 133 1
1271 254 12
1262 278 2
910 990 37
259 651 69
829 270 3
923 808 8
445 1373 2
311 1250 1
337 575 27
654 656 1
917 199 2
793 1625 48
855 324 30
563 913 2
1117 1062 7
934 958 3
555 1210 6
792 409 2
789 1351 2
1354 512 2
540 269 2
546 850 6
116 179 8
1253 502 8
558 554 23
420 1555 2
1474 229 2
631 1325 5
307 1025 2
599 1578 5
230 1227 8
1395 1070 5
516 1141 2
346 297 8
447 167 8
880 1062 8
98 152 2
1114 329 2
981 531 7
1355 753 23
1098 129 2
614 1227 5
1253 726 8
334 732 7
611 971 58
1215 189 7
1145 1070 5
318 590 80
568 573 15
702 1489 5
462 1059 5
300 256 2
175 925 8
402 1396 8
847 619 7
729 661 2
616 1337 2
507 1396 8
1303 847 7
1287 858 12
297 1252 2
181 21 8
119 600 41
655 213 8
813 910 1
913 211 5
927 111 15
43 200 7
595 929 7
1506 1444 2
271 1258 2
259 377 6
255 662 2
270 514 2
1298 63 7
1384 1062 7
1403 63 7
1258 1388 7
590 879 2
980 450 30
170 539 30
730 21 8
601 106 2
1467 1009 1
145 724 2
432 573 15
590 833 7
1082 1392 30
661 336 6
34 921 38
1382 285 7
1171 32 8
1459 479 1
923 1395 7
1106 293 0
483 97 8
302 801 10
814 1396 8
365 139 3
1502 25 2
126 47 8
1131 1555 2
217 1078 2
249 663 8
1354 1140 2
1212 1342 7
1239 455 2
322 1078 2
1344 264 57
1392 1341 30
311 202 7
383 1131 20
1210 273 7
450 546 2
1357 36 33
324 476 2
98 838 7
1562 443 12
1023 75 3
178 1227 52
86 732 7
1210 565 7
289 1375 27
1456 37 7
534 452 12
1128 75 3
1000 993 2
837 792 6
1120 98 8
961 1284 1
295 248 12
514 992 2
847 1315 7
211 787 8
452 755 5
306 147 8
75 1581 8
147 396 41
306 881 3
655 1305 8
514 1342 7
1210 497 7
632 1418 8
279 172 27
1139 1392 30
528 433 3
856 792 2
1547 18 8
1253 441 0
945 1087 2
372 1418 7
43 828 7
601 464 7
1337 675 55
1265 938 6
30 420 2
374 466 2
503 678 2
168 533 3
701 1375 27
577 1121 2
727 512 2
365 898 2
399 958 2
127 1042 2
95 1132 0
508 1389 8
526 206 39
269 101 8
1515 365 2
454 396 41
479 758 2
1460 726 30
1351 389 36
1287 491 2
808 1483 2
1506 401 2
85 600 41
1291 941 44
269 789 8
1460 383 41
66 187 19
269 393 8
636 65 8
64 873 30
159 325 2
673 1449 2
143 732 7
697 770 2
21 545 2
1352 1344 37
818 812 2
1373 441 2
712 167 8
337 228 27
162 462 8
817 167 8
1227 1395 7
373 787 8
1008 576 1
882 1393 2
442 770 7
498 1325 5
457 663 8
1225 1325 48
74 513 26
658 568 7
923 685 8
546 1232 7
833 573 15
1132 743 3
53 64 30
1232 908 48
553 600 2
596 671 30
1291 899 5
27 362 30
1108 958 3
584 577 40
1124 167 8
74 677 2
1463 424 8
197 1131 8
658 833 8
658 437 8
1224 581 3
869 1424 2
107 92 8
1446 745 2
731 910 7
1437 396 33
1198 150 2
229 350 71
75 502 8
1424 1457 7
871 129 8
1310 1097 7
1215 134 7
759 793 8
1527 433 7
1330 1310 8
217 1070 5
958 667 27
980 65 8
1274 1489 5
281 1200 2
1547 646 8
1000 278 9
874 167 8
483 1093 1
1207 437 8
157 551 2
484 1351 84
252 804 27
643 52 8
1184 1396 8
109 441 0
843 1258 2
145 737 2
227 913 1
209 75 5
444 658 0
126 1376 2
619 663 8
701 1042 2
1447 345 0
1258 937 7
140 52 8
72 1070 5
590 824 2
1240 104 5
1039 420 2
1302 21 8
397 1566 5
1042 166 2
913 462 7
468 591 2
675 1340 2
483 88 3
531 596 30
914 1026 2
1468 779 7
109 1097 7
686 743 3
337 1148 27
674 992 2
517 1314 5
397 1102 5
98 163 7
558 1562 2
543 651 41
329 517 2
1031 1424 2
646 658 0
143 22 8
746 0 5
658 800 7
177 513 26
1357 1292 33
907 59 8
423 1424 2
515 1447 1
1247 466 2
1138 129 8
1227 685 8
1232 568 7
774 104 2
98 387 7
43 54 52
1304 833 7
642 1342 7
81 1291 33
183 1345 2
718 1170 0
533 638 27
1200 1550 8
211 44 8
1207 404 7
563 102 8
1447 160 33
306 92 8
534 713 2
162 1567 2
981 1000 7
1304 765 7
1525 533 2
1322 269 8
295 113 2
1376 483 15
678 1239 30
590 412 5
1475 824 57
1458 531 30
655 390 8
417 971 9
497 1131 2
403 646 8
270 399 2
116 850 6
30 365 2
360 1392 7
1405 148 2
514 1156 8
721 804 27
739 167 2
491 517 2
1284 2 2
26 325 2
420 1458 20
1335 1245 5
531 1292 30
40 1396 8
912 373 6
1187 63 8
269 46 8
269 384 3
601 341 7
1229 1388 6
148 396 33
126 693 2
670 1310 7
1110 172 5
1025 1160 2
486 129 2
155 334 2
90 293 0
434 438 6
923 15 2
1245 930 12
240 1345 2
167 39 8
442 829 2
29 259 8
1502 598 2
591 25 2
235 269 2
499 1214 0
42 533 3
1357 1428 2
1355 62 2
489 63 8
997 1550 7
317 1389 7
653 1446 2
1140 47 7
1246 34 12
607 1310 5
325 1059 7
247 167 8
442 1053 2
632 1335 1
558 1371 33
1140 25 2
1419 88 5
238 104 2
545 479 2
1084 1114 2
324 653 2
534 1409 2
599 1514 0
997 1482 7
1561 656 2
627 812 1
735 850 52
1553 882 2
209 656 2
88 172 7
420 689 2
300 1525 2
658 90 8
368 573 15
420 981 2
795 338 5
199 47 8
363 1325 5
655 1482 8
877 747 2
686 298 5
322 663 8
777 1062 8
1084 1437 8
1533 1447 1
58 872 2
241 1314 1
285 551 2
863 21 7
398 167 2
273 795 7
601 1479 2
1177 126 27
172 808 8
1253 1014 0
927 472 1
601 1037 7
939 136 6
926 124 1
1061 491 2
61 433 3
772 1639 77
1252 1436 2
1174 503 2
1336 910 5
834 109 7
479 1389 7
810 590 1
1025 1054 7
1112 658 0
1521 75 3
145 322 2
1502 287 33
533 922 30
125 442 2
563 1166 1
498 462 8
1039 365 2
707 479 2
148 63 8
563 1161 7
485 269 8
1379 610 2
1373 1014 2
316 1062 6
923 935 2
907 1342 7
1035 325 2
792 1391 2
1355 702 12
1346 726 2
59 358 5
913 677 2
823 75 3
1454 22 2
1336 1544 7
1474 455 2
1382 107 7
447 2 2
770 531 7
812 347 14
295 1541 2
591 97 15
1329 920 2
86 663 8
199 284 2
869 1309 2
973 1321 2
616 233 27
769 21 8
738 1310 8
325 986 70
563 47 8
471 573 15
329 53 35
1084 363 2
236 801 10
155 1388 7
479 1315 5
625 1131 2
886 158 8
32 627 6
647 269 8
1497 581 1
847 741 7
263 1314 2
1291 863 7
752 269 8
1394 778 27
1181 958 3
109 1014 0
1488 909 1
812 684 1
1557 205 19
880 75 3
577 1011 2
976 1392 30
618 65 8
490 1420 8
747 277 8
34 597 2
1495 533 2
266 992 2
986 1252 40
1483 823 2
499 611 34
673 1047 2
145 1242 2
998 293 66
784 306 77
1207 51 5
1250 671 33
1399 424 8
634 855 5
804 1333 2
487 341 3
1252 289 2
1144 1384 8
800 1239 2
470 324 2
1304 412 5
673 233 27
812 1439 14
917 1345 2
547 774 2
450 840 2
581 1230 2
324 374 2
931 21 8
681 910 2
900 1310 8
89 264 2
218 179 8
438 1084 7
449 533 3
491 53 35
733 441 66
1000 1287 2
551 350 2
423 1309 2
971 714 1
1098 1447 2
992 419 7
878 59 7
919 581 3
1349 1135 2
1250 330 8
43 627 52
736 973 2
48 1488 2
277 534 2
1232 42 48
327 1126 14
211 1305 8
170 1418 7
1227 1482 8
1522 1314 7
720 1078 1
1132 1335 5
270 1436 2
1084 264 23
396 347 16
58 421 2
1040 1325 5
399 1252 2
719 433 7
318 172 8
833 1131 2
290 1207 8
856 914 2
662 68 24
1192 1420 8
503 112 2
179 44 8
827 732 7
30 938 2
726 1200 2
35 1258 2
150 259 2
1158 68 1
945 98 33
311 919 30
507 663 59
1042 1075 2
1087 724 35
576 1606 2
157 1324 39
601 518 7
321 958 5
1494 79 7
1025 1395 7
223 1200 2
1042 1367 2
899 1325 7
494 21 8
575 1258 2
1251 1087 2
150 191 2
816 167 8
1098 1373 0
449 792 2
348 526 2
239 882 2
335 882 2
193 579 57
720 63 8
693 798 2
551 1396 7
825 63 8
250 104 8
579 888 2
1478 1355 2
355 104 8
582 179 8
905 556 2
432 311 1
70 1355 1
563 980 2
546 1359 1
420 1388 7
323 662 7
1357 890 33
1253 277 8
792 872 2
1023 533 3
1468 601 7
623 1210 6
906 1227 8
1087 1491 7
763 1424 2
645 295 1
662 762 2
205 109 7
886 1482 8
396 1439 16
1325 1243 7
1314 1409 2
651 189 38
317 228 8
673 119 8
573 1267 15
78 479 2
581 476 30
1227 507 8
434 626 8
777 32 8
499 1110 2
859 150 2
595 347 16
183 433 7
14 1447 1
31 311 2
1085 245 13
1394 35 27
380 677 2
251 98 16
177 98 8
498 1207 8
1207 163 8
377 1457 8
1029 1417 27
855 793 8
723 433 7
1259 1399 2
718 1047 33
586 1078 2
1196 21 8
270 289 2
522 424 8
1055 112 7
32 883 2
1144 627 6
1180 63 59
591 287 33
499 998 29
923 1216 2
1180 167 8
577 200 2
661 111 6
1463 685 7
784 1164 7
440 1456 2
677 638 27
914 1044 53
491 42 8
787 910 7
804 1377 8
577 492 2
552 858 12
170 642 30
792 1568 2
774 461 1
350 808 8
914 1148 2
819 226 3
464 673 2
1000 572 2
1358 1405 2
98 681 7
902 1392 7
1503 21 8
743 663 62
1317 743 5
361 958 3
334 1355 2
126 114 8
939 32 8
552 732 7
430 108 1
731 958 5
547 255 2
98 613 7
550 397 2
997 684 7
347 75 3
779 1437 8
418 1140 1
1446 952 33
1262 960 35
344 22 8
526 436 1
541 32 8
1209 442 7
1280 1507 5
65 1125 7
1108 59 8
1429 1127 7
581 1500 30
978 350 2
270 693 2
729 1424 2
285 545 2
393 1309 2
279 1345 2
1184 616 2
938 381 16
1544 47 8
1403 493 6
945 466 2
1076 1252 2
862 1207 8
938 1076 2
1317 3 8
1054 798 2
572 75 5
503 453 2
1061 89 2
285 76 8
1245 1057 57
601 171 7
978 675 30
579 568 1
25 63 8
1510 958 2
1288 533 3
599 326 8
126 1211 2
689 433 7
248 397 75
907 590 2
753 1000 5
28 101 8
1162 21 8
563 701 2
923 137 2
746 1214 5
598 32 8
1247 992 2
819 808 8
990 242 57
1003 1314 2
782 1488 2
89 837 2
733 1014 66
1110 1392 7
555 1309 2
563 1420 8
1232 787 48
1232 391 48
804 626 8
221 300 2
546 1345 2
420 937 7
992 1388 7
792 83 7
1253 222 8
464 21 8
540 677 2
1084 229 33
905 32 8
1120 793 8
552 22 8
82 63 8
420 1161 7
1009 80 8
1156 1328 5
581 421 30
983 600 44
1084 837 23
577 54 20
1223 21 2
932 779 6
1087 1305 8
69 59 8
324 1204 30
1550 167 8
373 1389 7
747 824 23
145 220 2
692 938 6
1084 226 3
1405 898 2
595 987 2
858 588 8
259 493 6
784 1575 77
1078 1097 7
938 393 2
912 1227 6
491 929 7
1141 273 6
32 536 2
128 1375 27
718 596 33
945 671 33
233 1375 27
154 804 2
28 437 8
1053 479 2
58 206 39
485 104 2
157 154 2
145 881 3
28 1125 8
1016 1511 74
923 1161 2
1359 1352 2
941 462 8
563 619 27
18 21 8
170 191 30
244 167 8
982 75 5
341 2 2
1358 662 2
1321 373 6
1029 625 2
910 1111 7
98 626 7
661 763 2
1567 236 12
1471 1253 59
322 798 2
532 1239 2
649 1345 2
763 1309 2
992 751 2
1429 848 7
576 39 8
761 298 1
98 604 2
98 208 2
85 510 2
1102 651 12
450 266 2
192 1084 2
1000 25 2
409 420 2
883 269 7
1215 605 7
1405 223 26
154 1469 47
1393 513 26
973 714 1
327 36 14
576 722 14
503 739 27
1008 32 8
1304 1296 7
172 233 27
300 672 2
1239 836 3
1009 440 35
1511 1072 5
190 442 2
981 1567 7
170 183 6
191 1419 8
420 524 2
542 104 2
127 1325 5
471 311 25
499 1287 2
318 1334 80
647 104 2
616 1393 2
1394 1364 27
298 129 8
926 179 15
573 99 0
157 517 1
1141 638 27
251 671 16
667 1325 5
663 993 5
1056 938 6
506 1396 8
285 26 2
486 1575 2
1078 163 8
1458 651 41
1084 808 8
362 476 2
577 841 2
565 1131 2
370 938 2
1055 685 7
293 1187 0
55 627 8
479 140 7
1292 1144 44
601 116 7
170 1283 30
662 991 5
128 1042 2
1158 390 8
1042 569 2
673 1565 2
673 1169 2
686 808 8
406 1207 5
1239 929 7
1450 513 26
155 401 2
688 526 2
1004 819 7
1344 1076 57
1555 513 26
1253 824 23
396 861 30
438 1252 2
286 63 1
1239 803 2
673 1393 2
434 1608 2
578 75 3
907 462 8
452 63 8
632 1110 1
420 928 2
697 808 14
923 743 3
1237 958 3
1553 365 2
437 1349 8
836 961 31
170 1316 7
89 714 2
547 1516 2
1221 433 7
533 836 2
1131 1190 55
1131 794 55
69 1342 7
1003 1087 2
1128 377 8
850 1455 2
934 1325 5
1084 821 2
306 891 8
638 1227 8
1177 365 27
417 300 27
4 381 14
1429 97 7
221 172 8
1084 1212 8
498 1375 27
1179 531 7
285 722 2
199 114 8
23 1446 2
390 663 8
52 1577 8
1313 1396 8
864 63 8
747 1100 2
641 59 8
604 1000 2
1087 622 35
140 1506 7
996 21 8
563 338 5
1025 81 10
46 65 22
1230 350 55
162 591 2
503 1026 2
1363 293 0
1460 782 30
1485 747 2
1460 1458 20
1314 453 34
1352 75 5
32 877 2
46 1156 8
1188 98 50
487 1217 8
1315 533 3
1304 1626 5
1028 1309 2
1258 1391 2
21 497 2
1164 20 2
534 1214 0
457 1084 2
311 1251 1
1472 651 12
923 710 2
1359 901 2
250 330 8
661 1 6
362 116 8
792 770 2
1070 193 5
155 1420 8
1382 346 7
912 172 2
917 533 3
1040 1207 8
343 958 3
912 167 8
917 487 8
411 513 26
1446 99 0
70 311 2
658 957 8
540 958 2
545 882 2
872 461 1
419 812 2
325 588 8
330 908 8
930 145 40
27 22 30
1126 98 7
396 873 16
1215 258 7
409 365 2
961 657 1
88 1309 2
1340 21 8
980 882 2
1396 139 5
297 1029 2
920 160 14
1223 662 2
1231 377 8
867 510 2
1144 419 35
1409 75 5
1411 1424 1
1423 1245 17
77 433 7
295 893 33
420 177 2
1239 47 8
1215 190 7
246 1344 37
544 531 30
686 1389 5
637 973 74
1304 485 7
721 300 27
192 1253 2
591 1214 0
309 1062 8
501 462 57
616 1338 2
1304 777 7
684 658 0
1158 1381 7
850 704 2
1246 1498 57
606 157 7
590 1298 7
1552 3 8
485 1141 2
393 1131 2
505 958 3
95 109 0
1141 846 6
999 910 77
362 421 2
384 433 7
241 671 2
127 311 2
470 167 2
64 642 30
808 1544 2
126 116 8
699 1207 8
240 377 2
1042 514 2
1483 890 2
1030 804 2
921 426 7
334 1253 2
434 158 6
1124 1342 7
1252 460 2
1000 0 0
1247 590 2
901 1392 7
434 846 6
1009 1125 8
329 527 7
98 511 7
1371 1299 29
270 840 30
462 716 8
71 483 15
563 231 2
903 1227 8
899 300 7
1460 574 2
442 39 7
281 914 27
442 773 2
1317 575 27
75 1213 7
430 667 2
417 21 27
1044 1029 40
1174 958 5
1352 656 2
650 199 2
535 1355 2
1554 590 2
647 1141 2
581 1330 30
753 732 7
747 821 2
650 491 2
1446 118 2
534 1061 2
1429 42 7
1402 43 6
1570 663 8
270 1211 2
55 981 2
285 766 8
938 223 26
1298 1156 7
1023 1070 5
1129 719 15
45 34 53
510 1199 7
1140 1514 0
266 1567 2
601 803 2
483 70 1
205 590 77
324 1094 30
1131 432 15
1271 360 2
601 1153 7
1391 1342 7
607 295 2
638 1396 8
491 527 7
503 575 2
167 460 2
1164 1298 7
1551 266 4
487 37 7
241 1299 2
350 233 27
1396 90 7
1283 2 2
928 886 2
601 689 7
1258 648 2
126 1041 2
135 1396 8
710 1062 8
470 1483 2
468 1567 2
595 908 8
145 37 8
1474 1554 2
707 199 2
34 239 38
792 423 2
148 179 8
337 125 27
217 104 2
28 259 8
563 859 2
808 59 7
645 534 1
681 2 2
1148 52 8
913 59 7
463 21 8
795 42 8
306 1199 7
1228 662 1
1463 97 8
99 433 3
792 647 2
4 1126 14
1232 909 48
306 1491 7
1317 1495 27
347 487 8
185 285 27
581 249 8
172 1333 2
650 443 12
111 75 3
1506 0 0
317 3 8
397 163 1
869 1029 2
745 433 7
1177 938 27
102 65 8
1555 1078 2
732 421 2
285 1295 2
611 671 2
66 836 2
980 462 8
377 863 7
285 189 27
774 1304 5
1424 147 7
756 75 3
287 558 2
577 1004 27
572 1325 5
514 534 2
45 662 2
1207 730 8
357 1357 2
377 853 12
34 643 38
21 1242 2
1394 498 27
483 1381 7
1144 506 6
4 1125 6
591 1173 2
241 324 2
247 1342 7
52 83 8
193 1446 57
35 350 2
1188 671 50
140 350 2
558 81 10
817 1156 8
591 458 33
259 675 33
563 1555 2
64 191 30
435 136 6
876 75 5
1383 556 7
599 366 33
1041 269 2
1500 1000 2
238 1252 2
170 417 30
147 63 8
295 1187 0
702 362 7
1478 155 2
365 39 8
479 3 8
479 341 3
1252 796 8
1200 412 5
390 938 6
1029 455 2
810 433 3
98 852 7
1525 1131 20
460 1200 2
346 881 3
70 155 1
1153 1396 8
1037 462 8
796 1310 8
1474 803 2
823 377 8
311 49 1
634 1236 6
1247 462 8
1216 1314 7
997 459 7
1227 937 7
854 656 1
779 1212 8
676 534 2
555 487 8
77 656 2
300 898 2
300 502 2
69 882 2
541 104 2
1054 513 26
65 1296 7
631 211 1
1429 1298 7
712 1227 7
623 1405 2
925 179 15
406 65 8
617 656 2
923 1335 5
1087 848 8
1351 70 35
1303 1025 7
618 882 2
1524 793 2
1054 677 2
599 1101 12
736 958 3
876 59 8
1475 721 57
1253 3 10
145 1366 2
391 442 2
646 269 8
497 1424 2
999 795 77
1173 1253 2
634 163 8
75 44 8
1288 330 8
119 493 6
539 513 30
596 63 8
508 881 3
1164 1243 7
387 793 8
1155 433 7
601 284 2
978 450 30
728 21 8
713 466 2
28 1583 8
478 59 8
118 920 2
507 533 3
873 573 15
1456 911 31
108 1342 7
434 1127 6
563 872 2
126 1377 8
795 929 7
1377 1227 7
1252 1033 2
442 1122 2
127 1207 8
1029 1479 2
825 179 8
32 298 8
324 722 2
1408 1618 5
653 1447 2
886 937 7
756 697 1
1338 325 2
1084 345 0
1346 787 2
1463 88 3
1035 21 8
211 1388 7
1317 1148 27
1253 393 8
1022 377 8
1355 36 33
1463 42 8
878 1141 2
158 958 5
1447 297 2
787 663 8
1261 63 8
1084 1407 2
1014 581 3
958 681 27
151 812 2
434 54 8
961 542 7
1438 958 3
58 436 1
1377 533 5
600 875 6
1304 83 7
387 1156 7
493 1305 6
1187 1156 8
1320 80 7
727 1446 2
1144 241 35
237 1567 1
1424 92 7
847 114 7
601 1376 2
810 1055 1
157 497 2
1397 269 7
1271 933 2
718 702 12
555 513 26
910 1244 36
1233 396 1
150 607 2
385 793 8
586 798 2
1295 150 2
849 300 2
1262 527 7
477 758 2
1056 104 2
1340 487 5
805 1000 2
1129 1364 1
590 770 2
1197 21 8
1166 1310 8
145 219 2
20 847 7
306 382 5
116 479 2
157 716 8
276 1396 8
527 104 5
116 433 7
1250 1087 2
411 1070 5
459 172 8
455 533 2
217 677 2
1487 59 8
1304 77 5
295 1226 12
1483 24 2
1479 479 2
960 1239 30
423 1078 2
558 1404 2
1025 743 3
1232 1482 48
563 116 8
216 675 2
804 1321 8
85 285 2
1252 277 8
190 285 2
1317 69 27
98 333 7
576 502 8
997 800 7
1332 491 1
285 101 26
576 893 14
300 843 2
650 89 2
1214 32 7
847 1206 7
437 32 8
761 437 8
761 833 8
325 980 3
1429 1243 7
761 1125 8
1541 21 8
1080 616 2
499 347 33
478 1342 7
507 104 59
977 32 8
1271 1561 2
599 1046 12
1042 516 2
1084 291 8
1062 292 2
1087 37 8
1056 1488 2
1054 914 2
1317 119 8
503 173 2
148 661 2
609 462 8
368 1607 2
365 393 2
258 531 2
484 677 2
1322 434 14
199 1194 30
170 1454 30
1567 758 1
601 229 2
650 718 10
1037 420 2
114 533 2
533 240 30
64 368 30
1029 1492 2
337 54 6
914 854 27
357 155 2
287 1456 30
1474 1152 2
591 367 2
840 697 14
746 934 5
265 973 9
341 405 2
118 63 7
1158 97 8
107 1389 7
29 101 8
337 411 27
106 295 2
170 1282 30
1439 362 31
1358 150 2
1483 1340 2
389 761 15
747 345 0
850 1153 52
244 531 29
386 1430 5
1474 1376 2
432 372 1
335 479 2
442 603 2
632 1281 1
420 703 2
1253 384 3
512 389 36
190 1309 2
666 129 7
420 1391 2
542 971 2
424 675 2
613 136 6
1289 658 0
1562 858 12
1505 1325 5
300 1075 2
1321 167 8
55 833 7
541 677 2
435 32 8
1401 43 6
74 172 2
499 1439 33
577 1609 47
483 364 1
1402 269 6
512 891 7
634 908 8
1084 1284 2
277 443 12
63 292 2
1179 306 7
285 497 2
503 869 2
1373 384 5
270 1333 2
74 104 2
83 63 8
499 1371 33
381 433 7
497 1309 2
154 300 2
1247 718 10
779 1118 5
784 1399 77
1042 1436 2
747 160 33
915 1000 1
365 584 1
365 625 2
1131 945 21
503 796 8
829 172 8
377 726 8
1046 973 74
613 1062 8
505 59 8
1000 1214 0
205 644 77
1487 1342 7
32 944 2
1372 792 7
1000 1646 7
368 564 2
658 472 1
126 1163 2
907 1334 2
269 960 25
502 450 30
450 1073 2
1262 742 2
1249 270 1
914 917 2
337 1039 27
29 1125 8
604 1392 30
1029 53 2
89 1243 7
1225 1156 48
1172 910 5
98 54 7
997 125 7
355 793 8
581 881 3
297 493 6
1031 1310 8
847 99 0
655 1395 7
1439 1200 2
634 438 6
166 1375 27
1176 948 15
211 341 3
1392 781 30
685 533 3
980 365 2
1215 429 7
592 450 50
1087 1388 7
809 450 30
559 21 8
362 117 30
1184 513 26
874 462 8
317 917 8
981 599 7
361 1325 5
1446 1264 2
393 1078 2
972 973 2
199 855 3
731 1325 7
1562 491 2
858 1004 8
55 128 2
273 104 2
1385 770 22
958 981 2
813 686 1
291 63 8
199 519 30
626 150 2
297 1419 8
434 950 14
592 1210 6
1547 1457 8
1271 1110 2
599 368 33
658 393 5
1275 1554 7
1207 852 8
408 65 8
27 564 2
34 765 38
1239 152 30
294 101 8
488 662 2
1383 850 7
790 293 0
1047 1131 7
1160 397 2
270 582 2
199 451 30
627 663 8
117 1359 1
1495 479 2
1042 393 2
170 607 30
479 1190 33
591 976 33
1137 1310 7
1037 365 2
992 1015 36
1042 289 2
228 442 2
1483 1061 2
343 1342 7
1399 766 8
673 889 2
126 183 8
325 685 6
840 350 14
1488 1516 2
1252 235 2
1158 88 3
1271 998 29
1152 1396 8
499 1105 0
1158 42 8
1253 160 33
344 533 3
1567 572 2
346 1457 8
270 907 30
1245 1091 7
442 256 2
555 1078 2
1110 270 1
1069 145 30
677 262 2
1550 1342 7
882 833 2
1474 925 2
1506 1214 0
1242 269 2
1116 199 2
420 648 2
1304 623 6
236 1489 5
1210 737 7
531 1554 2
547 548 2
1533 718 1
762 1309 2
178 373 6
1106 1355 2
728 487 5
1449 365 2
438 858 7
1406 1507 1
524 300 2
971 1321 2
291 327 1
655 685 8
638 556 2
1322 59 7
398 126 2
65 1418 7
993 63 8
712 1349 7
1446 226 3
1201 601 7
1287 1291 33
52 568 7
493 903 6
391 1424 2
147 324 7
347 1070 5
1424 233 27
1306 601 7
1180 1156 59
601 636 7
381 28 2
1415 595 12
483 241 1
601 974 2
604 324 2
601 928 7
403 769 8
391 663 8
1126 1456 30
1058 433 7
374 534 2
499 355 8
1551 833 4
974 1392 30
167 626 8
373 298 7
147 886 2
155 916 8
479 1321 8
1493 533 2
601 860 7
487 937 8
595 1598 38
1129 607 2
876 1325 5
914 739 27
1258 423 2
154 172 8
1025 1283 2
899 479 7
28 102 8
1029 667 27
590 264 2
1028 1029 2
337 627 6
454 324 7
259 172 8
595 584 2
1316 573 15
89 1415 37
551 1342 7
1351 568 1
1485 295 2
1456 555 2
1201 1078 1
923 1217 8
929 21 8
372 80 8
55 412 5
221 661 2
1131 252 2
1303 1245 5
813 533 3
28 326 8
1357 824 23
999 779 7
581 92 8
1451 167 2
869 493 6
1351 891 7
542 1252 2
550 671 33
54 136 52
362 50 71
917 581 3
285 1242 2
1442 99 2
1447 419 2
107 228 8
295 1328 2
995 362 33
535 155 2
1075 1227 7
616 834 2
765 75 8
118 961 35
869 1200 2
191 104 8
850 200 2
661 355 8
1236 21 8
1156 1329 5
59 1243 7
1156 933 5
1341 21 8
981 882 2
850 492 2
274 1511 74
53 675 2
531 803 2
686 1505 5
829 43 6
958 484 58
300 206 54
854 167 8
462 384 5
1394 341 27
1388 850 6
350 1047 16
1213 65 8
1186 462 7
1287 1359 2
713 992 2
1456 1500 30
1396 957 7
850 424 2
599 248 12
704 591 1
651 1525 40
1506 1561 2
1482 533 5
150 833 2
1394 273 27
923 1626 2
270 235 2
522 766 8
167 1213 7
1055 454 7
1465 1245 5
1226 749 5
155 1445 2
923 1522 2
573 133 1
210 1342 7
111 136 52
1194 793 8
28 730 8
125 961 2
1240 172 5
98 463 31
856 104 8
543 1200 15
796 779 6
661 57 6
900 1375 27
1520 65 8
371 32 8
673 834 2
277 718 10
170 192 30
1468 847 7
552 1084 2
657 1084 2
1398 21 8
98 627 7
424 1507 1
576 796 8
458 63 7
1250 98 33
916 533 3
564 987 2
1449 1375 27
1355 890 33
799 1227 8
325 941 2
1451 1483 2
1016 466 75
1207 936 7
858 146 5
98 559 7
576 728 8
170 252 6
1215 1002 7
651 763 38
246 75 5
32 881 5
1447 1112 23
1126 779 8
325 122 33
1437 600 2
273 513 26
300 627 7
579 138 35
1326 377 8
1460 119 81
1546 1062 8
1156 646 5
1299 1562 2
514 1396 8
1525 601 2
287 1357 2
285 486 8
1055 1546 7
510 1315 7
273 677 2
49 98 33
747 77 2
152 531 2
1421 65 8
468 293 0
436 1310 5
1337 396 55
483 186 1
651 154 40
503 399 2
1391 1062 7
167 284 2
1459 167 30
723 1345 2
145 1491 7
31 1131 7
329 1566 37
596 1144 44
1284 466 2
1460 51 30
565 1424 2
601 455 2
1393 798 2
470 136 6
227 298 1
269 114 8
720 22 8
1158 787 8
1160 1262 2
737 52 8
609 958 3
779 1377 6
359 1351 2
779 1418 7
244 1156 8
825 22 8
903 1252 2
1503 663 8
742 1200 15
28 47 8
563 647 2
320 938 6
1179 675 71
491 908 8
70 1314 1
1084 91 67
124 83 8
1227 1454 2
792 97 7
1258 341 3
210 533 2
324 893 2
997 1326 7
1567 469 12
1567 1541 2
362 1094 30
1479 22 2
112 269 8
673 1389 8
1080 1227 6
104 140 2
325 1523 7
442 1121 2
420 1221 2
569 462 8
328 1310 8
631 1078 1
1446 254 12
606 1392 30
107 277 8
1230 1424 2
894 1309 2
318 32 80
880 1025 2
868 919 2
343 1325 5
1211 325 2
1100 1314 2
317 119 8
491 1566 37
718 0 0
1374 958 5
503 320 6
655 1550 8
493 1184 6
391 1309 2
167 1376 2
499 1001 2
1460 851 30
1490 658 0
402 1062 8
1401 493 6
876 462 8
350 596 16
1393 1156 7
1506 818 2
1183 850 7
507 1062 8
1127 1070 5
1131 1176 15
22 1445 2
268 958 3
1506 1110 2
259 43 6
1397 732 7
1397 1070 2
145 458 2
408 59 8
21 1358 2
1394 218 27
623 28 8
870 973 9
543 479 20
155 1098 2
999 718 5
925 1291 33
971 1398 39
85 1345 41
582 479 2
1055 3 7
958 69 7
531 781 30
295 683 0
1152 671 2
1460 148 20
337 1333 27
820 330 8
1258 1054 7
582 433 7
591 562 23
301 1558 77
246 656 2
945 52 8
1403 21 7
380 792 2
1372 1310 7
1372 914 7
140 65 8
39 533 3
442 1187 7
442 1525 2
1144 54 6
337 869 27
577 383 2
359 663 8
823 269 8
565 673 2
505 1325 5
156 179 15
321 373 52
548 656 1
558 1283 2
551 1584 28
447 534 2
1140 789 2
479 119 8
287 1245 5
265 1392 30
1536 958 5
270 546 31
1126 63 7
1200 1298 7
1114 1087 2
1253 796 8
632 428 1
447 466 2
1239 116 8
216 450 2
1098 491 2
311 206 2
1215 259 7
1184 1070 5
1000 367 2
1291 176 45
576 277 8
829 293 0
1570 104 8
1215 551 7
441 581 3
1418 1544 2
581 307 30
23 513 30
226 1483 30
1210 163 7
869 66 2
158 798 2
1385 996 22
462 957 5
573 441 0
694 920 1
958 1161 7
1085 1160 13
432 732 60
514 882 2
607 1271 2
388 812 2
306 37 8
942 1299 2
1183 167 7
1131 97 15
1047 1299 2
577 1183 2
161 471 8
34 1283 38
675 272 31
231 1375 27
1152 1299 2
237 591 1
1029 975 2
1163 661 2
1359 883 33
1156 875 2
596 75 8
1042 911 2
1258 1578 7
1483 1287 2
64 539 30
106 534 2
1357 821 2
1140 1101 12
235 350 2
1488 694 39
483 787 8
124 1298 7
1001 1357 2
790 779 7
365 387 8
29 272 8
89 436 2
1232 1381 7
270 737 30
1053 65 8
300 1418 2
563 128 2
1567 1090 2
442 436 7
442 774 2
85 1084 2
442 728 7
1336 1325 7
1216 59 7
1383 1070 5
917 75 3
396 191 16
170 1554 7
635 599 1
1200 588 8
1557 629 2
747 1114 2
706 493 6
168 958 2
961 262 7
1545 1310 8
503 265 6
620 300 2
110 658 0
513 1230 2
534 347 33
499 550 2
1405 857 2
579 88 5
49 671 33
713 590 2
621 242 7
367 1392 7
928 955 2
601 1154 7
780 531 30
961 194 7
747 1437 8
1506 367 2
33 325 2
927 485 1
1194 63 8
1271 653 2
770 1325 5
145 1004 27
729 663 8
365 796 2
1184 1062 8
1397 677 7
858 83 8
1405 393 2
167 852 8
608 80 7
227 183 1
887 1373 0
150 723 2
32 31 2
586 914 2
568 1229 6
1215 881 5
110 1314 7
810 311 1
1252 1449 2
373 816 7
475 958 2
81 1475 1
1214 533 5
145 335 2
899 997 7
1259 433 7
457 634 2
1475 1496 12
1258 936 8
712 65 8
707 533 3
1262 517 2
817 65 8
1031 798 2
1456 1073 2
238 958 3
32 646 8
763 493 6
343 462 8
1156 119 8
633 779 6
423 798 2
1346 1135 2
1069 1291 30
435 462 7
80 1346 7
375 450 30
763 804 2
880 910 2
590 1206 36
285 1364 2
1544 929 7
1317 185 27
1297 718 1
66 905 2
750 350 2
534 1439 33
172 1230 2
932 1325 5
195 716 8
859 1078 2
891 663 8
658 1127 8
636 1227 8
13 63 8
1262 1566 37
686 1335 5
376 386 1
1314 366 33
179 808 8
893 1239 30
1215 428 7
486 858 12
173 199 2
1359 445 0
934 211 1
848 1544 2
1146 743 5
43 147 7
590 848 7
1029 1152 26
563 412 5
1085 313 13
380 1141 2
157 1236 8
300 596 30
938 516 2
145 1031 2
1271 554 23
1382 300 7
1402 63 8
1173 1314 2
667 1469 47
359 179 7
505 462 8
601 53 2
40 1062 8
337 1510 27
756 1070 5
1042 168 2
64 192 30
1519 65 8
905 1424 2
983 761 15
1029 524 2
520 658 0
270 458 30
28 852 8
772 317 77
918 1360 2
31 697 14
340 1506 7
1019 1342 7
483 44 8
415 1062 5
1446 345 0
912 350 2
1354 1447 2
792 1298 7
634 1305 6
56 350 30
814 32 8
1253 1437 8
1029 852 2
1544 855 5
330 1550 8
1140 1420 7
270 390 30
576 626 8
1158 213 8
479 296 8
563 177 2
774 1258 2
350 1267 14
905 1252 2
265 362 30
997 1612 7
718 810 15
184 1346 57
1207 766 7
632 605 1
420 423 2
1210 908 7
607 1268 5
623 1078 2
190 1029 2
199 1384 8
1304 1127 7
1215 1520 7
978 882 2
1144 993 35
281 792 27
581 880 30
1476 199 30
1217 167 8
338 1392 30
450 782 30
1319 718 2
503 693 2
626 1309 2
595 1439 16
1405 114 2
1216 269 8
1385 1569 22
605 1239 2
270 1449 2
573 1014 0
601 411 7
1282 1253 1
503 229 2
927 138 1
905 1304 5
662 1578 5
277 433 7
31 1299 2
271 126 2
747 264 23
357 675 2
486 491 2
1264 812 2
1183 450 29
1044 677 38
1495 882 2
1379 344 2
718 36 33
1041 1258 2
479 1393 2
170 1406 30
1485 534 2
713 462 8
682 1314 7
346 1199 7
1158 1305 8
159 663 8
28 273 8
1421 1227 5
1028 804 2
661 1203 6
396 1448 30
346 1491 7
1463 1381 7
1036 1131 2
1474 1500 2
534 1105 0
858 1068 5
112 104 2
576 1213 7
230 1392 33
337 759 27
109 650 2
810 958 3
421 1345 2
885 1394 27
1456 622 2
1335 493 6
1008 1252 2
728 958 5
1131 27 2
619 1314 5
1209 1310 7
211 1389 7
1291 926 15
1447 274 12
168 136 6
804 298 8
1098 89 2
634 158 6
145 1315 5
447 59 8
671 838 8
293 196 1
671 1135 2
960 718 1
1325 568 7
387 747 5
1262 53 35
519 675 2
981 365 2
681 167 8
847 183 7
443 610 75
443 214 75
1090 697 2
916 1070 5
620 581 2
53 450 2
747 284 33
403 1199 7
979 479 2
546 75 3
1405 1138 2
297 1207 8
875 462 8
761 102 8
393 798 2
1376 961 1
508 1199 7
483 1395 7
1179 1342 7
285 1236 8
834 1309 2
727 1447 2
499 727 2
270 78 2
847 511 7
178 167 8
195 197 8
1279 1360 2
1284 1342 7
183 487 8
52 97 8
227 1220 1
241 1557 12
616 833 2
263 1084 2
179 393 8
142 938 2
490 1550 8
31 324 2
1384 1314 7
179 685 8
595 1550 8
938 857 2
1055 229 7
32 604 2
780 1314 1
337 1163 27
124 568 7
599 730 8
1029 177 2
914 1333 2
1188 513 50
449 1141 2
1229 603 6
1391 479 2
609 59 8
658 815 7
1391 433 7
463 663 8
58 281 55
1399 90 8
749 99 0
746 307 5
531 1499 10
1474 421 2
63 296 5
124 833 8
127 129 8
1261 1156 8
792 1243 7
1253 264 23
1442 925 1
1359 309 33
1483 713 2
1297 1359 1
1183 1070 5
97 433 3
773 1375 27
919 269 8
555 798 2
434 273 6
305 1232 2
614 1419 5
1207 711 7
555 793 8
1442 1294 2
581 893 30
1098 1009 2
880 1483 2
1217 59 48
1215 777 7
886 228 8
535 558 2
22 117 30
1502 568 15
1009 1578 3
980 1396 8
1547 1581 8
1205 11 2
62 1392 7
655 743 3
403 265 8
761 730 8
1210 681 7
768 21 8
1198 1309 2
1458 1200 15
267 1310 7
493 623 6
55 471 8
1515 325 2
1357 345 0
1055 1613 7
910 881 5
1055 1217 7
443 376 5
148 324 7
148 662 2
533 309 30
927 83 1
483 393 8
368 1567 1
434 412 5
1548 32 8
1078 627 8
999 1429 77
718 1292 33
322 1314 5
483 685 8
775 801 10
268 59 8
847 139 3
402 573 15
479 1437 8
355 1446 2
1029 1493 2
599 47 8
1246 242 57
891 938 6
126 536 2
1008 577 2
1042 1033 2
899 199 7
916 1062 8
907 311 2
590 83 8
677 741 1
677 782 2
1252 233 27
1474 1445 2
442 672 2
792 314 2
440 98 2
447 992 2
551 1062 7
556 1044 12
29 102 8
1052 65 8
247 433 7
579 554 2
447 1342 7
1364 661 2
1304 998 5
1315 1346 52
923 937 8
458 1200 2
438 1419 8
825 21 8
89 908 7
1437 1129 7
85 914 2
1232 112 48
1128 914 2
546 1025 1
1357 160 33
98 706 44
530 1262 2
39 1070 5
1227 1453 2
21 704 25
170 1384 7
600 611 35
491 412 5
627 1488 2
150 911 31
306 855 59
857 1309 2
66 399 2
867 346 2
686 445 66
179 114 8
602 958 5
1312 59 7
285 498 2
503 95 6
1009 139 3
747 229 33
1232 97 8
632 627 8
761 47 8
600 321 6
1333 1314 5
52 88 3
1146 341 5
46 1396 8
932 792 6
179 384 3
1312 32 8
466 163 1
750 167 8
52 42 8
475 1252 2
616 778 2
718 1428 2
89 1206 36
157 42 8
369 958 2
747 837 23
938 114 2
1526 1156 8
609 1342 7
792 865 52
818 1062 7
9 590 1
1144 1 6
485 581 2
1405 911 2
1129 622 1
1213 533 5
522 90 8
167 974 8
1055 174 7
1271 444 23
1230 179 15
1369 1344 1
620 1131 20
195 856 20
605 32 8
1029 619 27
820 793 8
434 1305 6
552 512 2
1035 663 8
386 41 9
1164 83 8
634 903 6
112 677 2
230 362 33
519 295 1
221 1405 2
98 347 7
249 104 8
787 508 7
11 301 19
80 1572 7
13 65 8
23 64 30
362 794 71
778 882 2
634 1127 6
211 296 8
1317 411 27
439 917 2
185 804 27
577 471 20
83 1156 8
138 1392 30
973 872 2
894 63 7
308 167 2
1323 59 8
834 779 6
300 393 2
17 761 15
162 293 0
850 944 2
159 938 6
211 228 8
1457 533 3
652 167 7
1207 588 7
729 798 2
534 209 2
850 840 2
1009 453 35
494 1084 2
311 205 2
377 1428 2
1372 1475 5
499 1404 2
1084 602 2
1271 1191 12
858 568 7
162 1355 2
1394 689 27
268 1342 7
55 83 7
439 950 30
270 1047 2
917 658 0
1174 1042 2
1396 1305 7
1292 28 2
303 462 8
189 1314 5
206 1344 5
939 1399 6
938 930 53
294 102 8
408 462 8
1282 747 1
718 745 2
486 89 2
1460 259 20
824 732 7
1094 1239 30
582 882 2
362 588 8
817 1342 7
913 1342 7
594 1379 8
804 638 27
1158 507 8
125 1309 2
932 1207 8
591 873 33
25 21 8
1359 950 33
1078 108 8
228 1131 2
658 1388 7
552 1140 2
533 519 31
1483 1354 2
430 178 1
563 763 2
1179 1325 5
1360 296 7
512 70 35
686 1217 8
1087 1315 5
1127 1156 7
457 172 8
632 1295 1
29 47 8
530 109 0
1253 837 23
238 59 8
1082 1567 1
1126 1200 2
1140 873 33
696 150 8
643 462 57
1355 246 2
882 1230 2
323 377 7
199 823 2
311 609 2
1541 1245 37
1317 1039 27
139 450 30
420 1337 2
801 879 9
1253 226 3
1330 491 1
411 581 2
302 599 7
928 600 41
671 728 8
716 1070 5
491 994 37
1080 1258 2
172 773 2
986 1589 38
1000 347 33
1183 346 7
655 937 7
403 838 8
1232 88 3
391 1029 2
503 1211 2
147 663 2
279 533 27
870 32 8
58 1056 2
1539 21 8
828 1446 2
599 401 2
147 955 2
601 929 7
618 1396 8
847 46 8
747 1212 8
847 384 3
535 1456 30
599 893 33
1025 1352 2
917 513 26
1160 671 33
4 273 6
486 1009 2
1144 1153 6
1385 20 22
150 498 2
155 818 2
477 649 2
1172 1419 8
907 1640 2
1055 119 7
591 282 23
292 1131 20
192 671 30
1100 1132 0
1401 1207 8
563 1391 2
502 396 30
454 955 2
179 939 15
1567 950 33
440 671 2
442 1199 7
1164 424 8
221 662 2
1242 1258 2
301 1210 77
255 663 8
558 1003 2
217 172 2
600 960 35
401 1325 5
192 43 6
667 601 7
1123 433 7
1323 1342 7
88 1156 7
1245 13 7
650 1359 2
104 488 2
1232 685 48
314 533 2
1446 153 1
661 424 8
1463 957 8
82 430 2
1000 1439 33
294 1161 7
70 324 2
634 1550 8
592 396 50
295 1329 2
761 355 7
66 1076 2
406 1239 7
809 396 30
1304 670 7
1009 384 3
395 1405 2
1305 1310 7
74 350 2
306 1578 3
77 533 3
499 637 12
297 1042 2
526 484 2
72 167 8
655 341 3
847 1097 7
1317 1389 8
867 1310 8
603 673 2
721 21 27
41 920 7
590 1246 37
1373 1296 0
158 914 2
1397 1544 7
594 709 2
21 277 21
1525 662 2
1077 365 2
381 1345 2
168 938 33
698 1392 1
522 1127 8
157 620 2
1039 661 2
395 21 8
145 514 2
97 573 15
1117 1070 5
140 882 2
770 948 15
294 47 8
150 1126 2
35 126 2
655 1335 5
594 199 7
718 890 33
577 903 2
285 83 8
852 1392 30
726 63 8
1035 1309 2
359 1084 2
938 979 2
988 651 41
914 1163 2
919 1483 2
273 269 8
1037 311 2
240 98 2
1042 235 2
1483 611 2
575 126 2
792 1515 2
440 1299 2
362 366 2
1253 821 2
447 590 2
1084 1118 5
1359 523 23
1253 1212 8
1145 52 8
244 65 8
686 766 8
324 266 2
87 1446 2
836 362 30
107 1321 8
1121 533 2
1009 1097 7
1004 651 53
856 761 15
899 21 7
609 1325 5
1221 167 7
810 59 8
1001 1009 2
1025 820 8
126 68 24
416 104 2
190 804 2
1304 1298 7
557 21 8
1215 1295 7
1080 136 6
992 936 8
98 1581 8
671 772 14
1219 958 3
177 350 2
1304 1194 7
510 1384 7
263 1132 0
854 1156 8
441 533 3
541 172 2
1209 285 7
297 21 7
391 1078 2
686 135 5
1225 1575 4
928 477 41
61 1207 8
147 608 2
190 1419 8
759 179 8
601 186 7
1351 138 35
601 524 2
1054 1141 2
373 312 7
573 743 5
172 249 8
497 804 2
601 874 7
601 478 7
466 111 6
864 21 8
357 450 2
21 335 2
1179 462 8
285 711 8
365 516 2
1081 104 2
325 1327 6
1078 68 24
1493 479 2
1378 1239 2
484 1488 2
1252 1565 2
1252 1169 2
126 762 2
126 366 2
183 1070 5
563 648 2
341 1342 7
126 320 7
325 863 6
206 958 2
454 608 2
718 523 23
1567 1226 12
442 898 2
430 751 1
216 1557 1
440 324 2
675 726 2
1227 1455 2
792 494 7
155 1086 8
1258 296 8
545 616 2
32 1578 5
576 1321 8
662 722 2
1258 588 8
295 666 12
189 377 6
1136 63 8
1039 129 8
300 223 26
1557 562 57
869 43 6
258 64 30
268 325 1
1442 441 2
417 662 27
981 558 7
279 882 27
872 1252 2
1009 387 8
66 625 2
995 1310 8
1502 111 15
155 81 10
86 104 8
1200 936 8
98 205 14
1077 1375 27
859 798 2
939 377 6
503 321 6
1547 728 8
581 368 30
869 1042 2
547 694 39
850 438 2
503 613 6
754 487 8
553 961 35
1081 462 7
1215 148 7
1055 72 7
627 330 8
698 958 5
1360 899 5
4 158 6
297 1310 8
707 324 2
590 568 7
1394 219 27
377 1250 2
1271 1001 2
1275 1445 7
1016 749 5
4 846 6
1375 1125 7
1078 1377 8
1193 63 8
377 523 23
1058 75 3
1227 1335 5
874 1325 5
1055 296 7
259 396 33
1306 129 8
140 462 8
1041 350 2
673 488 2
652 1070 5
179 1220 15
1495 662 2
1253 474 2
563 1568 2
314 882 2
923 1400 2
910 1418 7
527 172 5
663 1644 2
269 156 15
168 1399 6
795 355 8
219 661 2
1252 855 3
710 32 8
94 421 2
789 1291 33
289 1460 2
1474 524 2
997 936 7
386 1157 62
199 421 2
540 1252 2
636 1310 7
284 792 52
1061 658 0
1506 1105 0
1207 486 7
1232 1024 2
447 462 8
1232 1550 48
168 1227 6
789 330 8
841 1375 27
531 1445 2
623 798 2
362 344 30
1442 1361 2
762 804 2
1304 1243 7
968 732 7
49 443 12
1080 1252 2
565 1291 30
1547 1315 7
1221 377 8
979 882 2
534 727 2
267 793 7
197 462 8
1087 178 2
632 1377 8
626 1029 2
404 167 2
285 36 8
49 1447 2
858 1127 8
795 412 5
747 419 2
508 728 8
534 53 34
988 1239 30
1009 611 35
601 527 7
1055 1388 7
91 293 66
533 480 30
468 1009 2
978 531 30
944 167 2
992 1206 36
772 733 77
761 338 5
1352 1475 37
592 63 7
503 241 2
479 46 6
1460 719 15
577 1080 2
1399 957 8
1502 388 2
1527 75 3
1460 50 41
479 1212 8
834 270 3
601 355 7
170 1126 30
581 1367 2
1505 129 8
1252 1510 2
1398 663 8
346 1315 7
240 671 2
126 707 2
135 1062 8
154 63 8
1518 65 8
660 90 1
126 702 8
259 63 8
1122 1062 7
325 808 6
1207 412 5
1567 775 12
899 662 7
21 504 2
913 1396 7
442 843 2
818 433 7
738 948 15
29 273 8
564 873 2
545 269 2
1123 1342 7
1317 1333 27
210 479 2
98 805 7
1009 982 7
499 1578 5
1252 1437 8
167 451 30
315 433 7
563 916 8
57 1210 6
1014 32 8
429 1131 2
724 1359 1
1316 1055 1
1253 114 8
1022 98 8
1230 1078 2
369 362 30
1084 452 12
494 1132 0
1451 350 2
416 677 2
1062 412 5
1454 533 3
285 1133 2
1210 1548 7
107 119 8
343 59 8
1380 564 41
1549 1252 2
334 433 3
269 829 2
664 1460 8
512 568 1
295 888 23
747 1407 2
406 373 7
598 1567 1
1563 63 8
503 1041 2
1552 1389 8
159 377 6
167 93 1
127 1405 2
285 565 2
522 37 8
503 1333 2
1314 31 33
479 1138 6
917 1070 5
181 75 3
1200 813 8
1550 59 8
562 293 0
1409 434 2
944 503 2
1284 1062 7
1396 848 7
1180 1342 7
1275 1098 7
707 269 2
1271 550 2
127 1291 7
485 59 8
1351 88 5
148 150 2
514 533 3
1081 677 2
971 267 55
1252 1450 2
491 1550 8
598 958 3
1055 287 2
1080 32 8
1176 32 8
1262 936 7
1488 1024 2
914 1053 2
558 901 2
712 462 8
145 628 2
1253 419 2
1355 837 23
675 903 2
909 269 2
780 1299 2
783 199 2
1025 983 33
1009 741 2
1052 1156 8
63 412 5
880 938 1
192 269 6
170 375 30
1232 1037 2
109 1389 8
1326 1314 7
1357 363 2
1223 677 2
662 189 27
306 1097 7
1284 718 10
1000 873 33
439 796 2
515 718 1
199 366 2
434 471 8
79 1314 7
98 1401 44
624 1446 1
145 1337 20
1442 1014 2
192 493 6
1215 497 7
861 599 2
499 1247 2
756 104 2
1000 209 2
341 1325 5
66 1198 2
591 111 15
317 297 8
300 168 2
487 1491 7
847 1323 7
1447 998 29
179 855 3
20 958 5
1429 568 7
377 824 6
961 845 12
1084 80 8
1176 4 1
503 1565 2
655 813 8
1210 838 8
732 611 2
522 957 8
32 1416 2
1283 992 2
1141 1153 6
913 55 5
497 798 2
43 440 7
177 167 8
770 293 0
1496 1594 38
1253 345 0
599 1112 23
1414 462 8
999 1149 77
330 412 5
147 75 3
293 683 0
1570 1314 5
464 914 2
674 1355 2
199 915 30
1519 462 8
229 1200 2
722 487 8
1291 553 44
126 360 2
596 21 8
1406 270 3
94 770 2
126 355 8
126 256 2
681 992 2
816 1156 8
1253 1443 2
677 898 2
1572 1482 7
1207 357 5
515 1373 0
883 1299 2
819 249 8
329 766 7
997 1613 7
971 436 1
997 1217 7
89 278 2
1327 938 6
1404 1132 0
1008 958 3
997 787 22
68 1000 2
85 634 2
1232 228 48
13 1156 8
1357 264 23
789 512 2
538 1070 7
84 997 2
84 601 2
1087 527 2
1210 805 7
690 98 14
311 676 2
611 1511 58
1215 1125 7
1446 425 2
399 1042 2
1304 1420 7
1128 269 8
254 660 5
303 938 2
769 663 8
306 387 8
750 59 8
179 1437 8
626 914 2
512 554 2
1087 751 2
75 114 8
391 804 2
485 1342 7
355 462 5
285 568 7
270 1450 2
22 1404 2
270 1054 2
1390 910 1
1281 136 6
858 97 8
1544 116 8
381 533 3
1042 1553 2
317 654 5
607 534 2
1360 393 5
938 230 2
503 855 3
385 63 8
24 599 2
568 779 6
1119 531 30
923 670 2
110 1557 1
1174 66 2
763 671 30
1567 1003 1
1355 821 2
324 1480 2
335 1000 2
595 355 8
853 749 5
547 1609 47
1185 269 8
1036 1424 2
21 1077 2
34 82 38
792 1058 2
148 22 8
442 974 7
634 623 6
1135 63 8
763 43 6
912 59 8
185 300 27
325 1045 33
1132 568 7
384 1070 5
1232 586 2
779 500 2
869 269 6
1232 460 48
787 269 8
415 686 7
417 1557 1
70 157 7
1232 752 48
540 350 2
95 591 2
66 455 2
1076 1375 27
377 837 6
324 1341 30
191 172 8
1438 1310 8
821 487 1
1219 59 8
595 412 5
1321 98 33
483 1005 1
1207 308 7
729 914 2
65 511 7
1044 8 5
1359 99 0
1268 787 5
1299 1106 2
1193 65 8
150 1073 2
350 823 16
270 475 2
1295 616 2
1468 293 66
616 1230 2
35 365 2
278 145 2
651 905 40
52 390 8
1340 1245 5
28 929 7
917 373 6
21 1481 2
27 285 2
1400 997 7
590 1127 8
599 381 33
546 1070 5
22 653 2
95 293 0
702 377 7
714 29 2
913 1062 7
804 1418 7
64 138 30
1258 1515 2
170 724 30
1475 264 57
581 569 2
699 1000 2
125 1029 2
1146 80 7
856 172 8
1133 1375 27
662 101 26
143 330 8
95 850 52
223 531 2
907 372 2
638 1304 5
1191 755 5
1259 75 3
686 937 8
1442 530 1
992 888 2
430 627 2
1424 88 5
1250 65 8
101 32 8
997 766 7
208 1299 2
750 1342 7
664 1131 2
635 558 1
855 1342 7
614 109 5
66 1479 2
1317 759 27
1371 1456 30
992 1112 2
1536 373 52
170 320 6
1210 750 7
1227 1217 8
1330 211 1
534 637 12
886 917 8
438 958 3
12 55 20
147 1291 16
1328 686 7
1405 1417 27
1200 83 8
420 296 8
1375 881 5
450 1124 30
1183 462 7
257 293 0
1084 274 12
89 606 35
420 588 8
270 707 2
58 484 2
30 673 2
503 535 2
858 1307 13
58 380 2
1239 861 30
373 87 7
28 1161 7
297 66 2
266 1355 2
601 253 7
435 779 6
747 932 8
1172 1207 8
443 1065 5
346 1213 7
484 512 84
65 139 3
1237 1325 5
64 1126 30
1526 75 3
150 322 2
155 246 2
923 323 2
523 1000 5
779 1153 6
903 1424 2
912 1342 7
563 423 2
903 1419 8
454 779 2
126 829 2
1346 406 2
1210 384 5
1028 1042 2
723 75 3
1471 19 59
489 663 8
1357 229 33
1488 158 2
1364 662 2
1409 311 35
1025 622 34
901 601 7
372 139 3
1478 1314 2
234 21 8
910 543 2
125 377 8
355 63 8
1080 1399 6
1069 98 30
421 1245 7
859 513 26
1450 350 2
1124 29 2
769 1309 2
83 34 53
1357 837 23
1555 350 2
265 938 52
1219 1342 7
377 99 0
658 1086 8
690 671 14
1456 891 8
1533 1359 1
403 1213 7
295 1445 2
52 1381 7
628 661 2
66 796 2
292 150 2
1304 390 7
55 1127 7
292 442 2
862 22 8
850 609 2
747 853 12
847 817 7
1184 1258 2
503 1163 2
170 47 8
192 793 8
252 661 27
1551 1250 4
1390 1087 1
285 1479 2
1424 39 7
311 1282 30
54 914 2
518 65 8
159 914 2
335 533 5
927 1004 1
660 1408 1
291 21 8
130 732 7
563 1515 2
359 512 2
145 922 2
486 1357 2
21 1030 2
277 75 3
170 949 71
255 792 2
155 1562 2
1262 766 7
577 623 2
239 1141 2
671 61 15
117 1025 1
218 1129 7
464 804 2
125 1078 2
581 514 2
1036 1309 2
769 938 6
922 1345 2
735 75 8
64 375 30
1483 727 2
242 307 79
914 1211 2
167 412 5
479 291 8
988 595 41
1253 932 8
1152 1062 8
1133 21 7
1483 263 2
576 855 3
455 330 7
418 1271 1
1058 513 26
1360 376 3
689 75 3
211 297 8
1463 1305 8
981 1357 7
563 355 8
1309 638 27
84 199 2
1098 1351 2
1429 1550 7
1227 766 8
1570 172 8
291 430 2
850 841 2
1326 98 8
1409 1310 7
177 65 8
750 1156 8
388 656 2
1000 53 34
1156 367 5
1299 1283 2
391 798 2
76 487 8
860 269 8
273 2 2
35 938 2
721 661 27
216 1239 30
694 1029 2
126 258 2
1160 1447 2
999 687 77
601 594 7
403 39 8
597 600 2
359 1140 2
938 1035 2
671 368 31
602 920 2
1042 1047 2
577 855 2
568 377 6
1447 1554 0
118 812 2
64 315 30
866 293 0
337 30 27
1326 1070 5
438 1042 2
98 1044 7
819 881 3
329 1002 2
555 373 6
1100 109 0
1271 25 2
1372 403 7
434 623 6
1179 396 71
917 938 33
265 920 9
546 747 1
1154 1156 8
442 618 2
446 1062 7
348 430 2
222 63 8
795 1550 8
450 684 2
228 1419 8
790 847 7
295 0 0
369 601 30
1252 1212 8
1023 167 8
894 1156 7
576 1437 8
779 139 3
165 327 1
551 882 2
211 1321 8
1022 269 8
99 270 3
420 1338 2
303 1227 8
211 1217 8
184 11 7
1444 339 2
295 1098 2
877 1000 2
1210 1323 7
768 663 8
534 191 33
880 350 2
270 638 27
961 772 2
50 595 2
374 1000 2
1399 1491 7
775 1489 5
491 1002 2
285 1127 8
155 1283 2
1084 453 34
1355 345 0
263 579 2
658 1315 5
237 1355 1
847 298 7
366 1567 1
179 226 3
471 779 6
1506 831 2
145 575 2
21 1079 2
772 1532 77
1085 149 13
1400 199 7
999 4 77
380 581 2
923 896 2
1262 419 7
300 36 30
167 1316 8
337 1054 27
565 66 2
88 59 5
650 658 0
1258 1108 8
810 1207 8
582 487 8
129 1071 7
1291 784 14
36 462 8
591 191 33
787 522 7
211 1104 78
634 412 5
1084 1225 0
546 1271 1
420 863 6
673 500 2
210 882 2
1454 671 2
763 269 6
440 1360 2
541 1342 7
1026 150 2
1359 200 33
462 102 8
71 591 0
212 595 2
677 1324 39
650 1360 2
1483 208 2
1069 671 30
464 671 14
681 462 8
661 722 2
1355 160 33
1253 855 3
344 98 8
558 622 34
1231 63 8
614 1310 5
1227 424 2
546 32 8
531 873 2
281 300 27
1009 47 8
295 1371 33
997 296 7
530 129 2
886 119 8
623 914 2
488 513 26
960 1232 7
263 109 0
1405 619 27
55 97 7
1200 1243 7
45 1299 2
951 109 21
279 269 2
655 296 8
1497 59 5
1081 1252 2
145 834 1
294 116 8
595 191 16
377 891 6
655 588 8
514 1062 8
1373 855 5
1394 1031 27
505 311 2
255 1141 2
1084 147 8
1339 1245 5
1084 881 3
1405 1553 2
1407 920 2
957 75 59
1158 1395 7
154 433 7
43 215 7
350 911 31
601 247 7
4 506 6
1299 1160 2
1188 533 3
1085 1173 13
157 908 8
1259 1639 2
533 200 30
673 88 5
938 980 2
145 1495 2
590 1307 13
1245 273 57
1176 1227 8
1350 1314 1
577 1196 2
127 325 2
19 1420 8
46 533 3
28 1420 8
1245 565 57
912 882 2
541 1304 5
91 433 5
1229 1122 6
561 1446 2
1163 377 8
1029 988 2
452 971 74
673 836 2
1359 1292 33
126 31 2
270 922 30
662 223 26
524 64 30
907 98 2
296 293 0
464 1309 2
102 1299 2
1227 1120 2
1123 1062 7
333 1310 8
1317 1053 27
22 1204 30
226 300 2
997 1388 7
329 879 2
1085 88 5
329 833 7
98 1213 7
796 172 8
397 153 5
344 330 8
641 1132 7
300 1035 2
543 1607 2
1232 3 48
98 597 44
792 33 2
534 1247 2
1314 254 12
109 855 3
1215 900 7
1215 1296 7
992 937 8
522 1491 7
971 872 2
347 269 8
1321 59 8
183 104 2
95 129 8
192 63 8
1455 533 3
958 1578 7
200 129 8
1555 172 2
1547 101 8
856 433 7
213 65 8
1329 21 8
579 724 35
30 503 2
1463 1315 5
676 1392 30
981 155 7
620 21 2
318 65 8
199 1094 30
408 1396 8
812 1606 2
293 338 3
958 1114 7
600 987 2
1058 1078 2
917 1227 6
1460 809 30
1163 1078 2
77 75 3
373 605 7
126 831 2
173 1392 30
1396 568 7
238 1375 27
1061 329 2
1271 374 2
468 1357 2
300 1292 30
159 804 2
632 54 8
127 661 2
240 1483 2
115 910 1
21 1024 2
495 1310 8
211 1306 1
1299 81 2
491 879 2
1081 59 7
479 1169 2
631 21 8
543 483 15
911 1131 2
1250 992 2
1158 685 8
337 603 27
1215 1290 5
591 1247 2
1164 42 8
479 454 33
194 812 1
215 1611 2
910 837 2
673 1418 7
563 1337 2
449 581 2
349 1351 2
340 599 7
1037 1227 8
209 1475 37
179 489 15
1125 1156 7
494 1314 5
104 898 2
542 434 1
961 974 30
1084 1170 0
528 109 0
792 729 2
975 1567 1
504 293 0
552 1291 33
98 284 2
719 658 0
676 1299 2
657 1291 33
1114 65 2
1232 235 48
314 479 2
673 80 8
1200 568 7
435 958 3
633 792 6
552 330 8
420 1515 2
1129 1468 24
1565 662 2
419 433 7
1568 804 2
66 626 2
248 755 5
915 65 8
977 1253 2
880 923 2
1281 1399 6
195 833 8
913 1200 30
86 793 8
854 433 7
1547 1125 8
285 667 27
936 487 5
195 1125 8
211 119 8
486 1359 2
75 855 3
1227 296 8
494 579 2
692 850 6
600 1236 6
1299 1173 2
24 732 7
32 844 2
411 167 8
601 1503 7
290 21 8
181 377 8
1226 660 5
380 1258 2
582 795 7
663 209 5
1258 1358 2
642 1392 30
145 1148 2
1380 938 2
1383 346 7
1009 1005 36
1388 1062 7
577 453 2
1359 1264 2
1055 297 7
362 83 8
387 179 8
53 1239 30
618 533 3
470 126 2
1025 151 2
125 1200 2
125 804 2
723 533 3
501 1227 8
126 471 8
59 1184 5
114 662 2
22 355 8
1025 834 8
219 662 2
873 362 31
457 63 8
325 852 2
912 462 8
1232 1619 48
442 112 2
1058 1070 5
362 985 71
761 606 1
649 98 16
491 1335 5
300 584 53
1121 479 2
1357 419 2
676 324 2
997 937 7
1304 875 6
1321 1342 7
329 824 2
894 300 2
1449 325 2
1140 368 33
1447 347 33
503 272 31
1025 766 8
206 104 2
281 581 27
652 462 7
420 540 2
300 980 2
1315 426 52
850 1135 2
939 1325 5
420 57 6
173 324 2
761 929 7
170 95 6
1304 848 7
1144 1110 35
886 296 8
1553 269 2
1456 376 3
190 1042 2
1304 1536 7
493 863 6
858 1128 8
1405 231 2
1193 1156 8
1075 365 2
731 534 7
270 774 2
287 1200 2
1271 983 33
58 551 2
522 1305 8
1055 1389 7
880 167 8
699 1575 2
601 820 7
601 424 7
361 886 2
1527 98 8
1183 65 7
277 533 3
1009 1237 36
619 63 8
533 1152 26
577 1081 2
1446 1554 0
359 1262 2
505 1207 8
938 1553 2
1033 1309 2
1164 1303 2
488 1078 2
491 824 2
602 1392 7
337 256 27
917 1483 2
122 1424 2
1481 1007 2
919 350 2
677 517 1
1160 98 33
819 1457 8
126 604 2
1357 1407 2
595 471 8
790 1469 7
769 377 6
792 778 2
696 377 8
907 1062 8
1456 739 2
545 958 2
648 1141 2
598 1325 5
78 513 26
1330 1078 1
1031 63 8
1135 75 8
183 513 26
1329 433 7
635 1357 1
563 813 8
429 1424 2
993 656 2
177 1342 7
323 792 7
1124 533 3
1047 573 15
1291 258 31
1414 75 5
1210 1153 7
406 442 7
403 1384 7
1444 1253 2
285 1030 2
1055 1315 5
503 627 6
519 58 7
499 236 12
55 1298 7
183 677 2
200 311 2
1175 1137 2
779 147 8
779 881 3
974 1483 2
172 891 8
324 1457 30
349 718 10
514 269 2
145 36 1
1304 97 7
377 489 6
167 823 2
377 1264 2
1394 233 27
285 957 8
170 114 8
1194 65 8
601 1052 7
1303 793 8
154 1156 8
752 52 8
560 1178 5
1372 1325 7
22 81 2
213 75 5
1207 1505 5
259 661 2
170 384 3
1210 855 5
29 929 7
1262 937 7
477 1168 2
1035 804 2
32 716 8
531 624 30
1166 677 39
1402 21 8
914 1450 2
181 1070 5
109 1422 1
157 438 8
581 289 2
487 88 3
1398 377 8
1483 502 2
468 155 2
795 743 3
282 1268 5
1140 381 33
325 459 7
112 1141 2
819 18 8
1155 75 3
1317 255 27
1035 1419 8
107 1212 8
570 1227 8
438 75 7
1325 1381 7
396 418 30
1404 109 0
346 502 8
844 396 71
1483 726 2
85 403 2
98 1402 44
13 75 3
624 1447 1
1474 366 2
1251 65 8
1239 355 8
68 269 2
646 1342 7
1210 178 7
293 936 7
1436 662 2
1084 446 2
1317 83 27
1314 1124 33
960 1359 1
756 59 7
777 462 8
1215 790 7
939 910 5
988 792 2
1303 1156 7
842 1355 1
300 857 2
642 32 8
713 718 10
1326 269 8
274 129 7
452 660 5
1008 1325 5
1282 591 1
1084 769 8
157 1161 7
1084 670 2
124 215 5
1087 119 8
145 1393 2
1184 350 2
1043 1083 57
727 89 2
601 77 7
518 1156 8
1447 1397 0
444 1268 5
415 1132 5
808 1456 2
30 325 2
24 1575 2
22 1001 2
577 1026 2
544 109 21
298 958 5
1341 958 5
311 598 30
595 643 38
601 639 2
702 920 74
931 63 7
1466 663 1
54 761 15
1275 244 7
1025 719 8
335 269 2
325 1133 2
907 324 2
442 393 2
560 1494 1
1562 658 0
729 1314 5
512 138 35
1359 62 2
442 1081 2
533 68 1
1131 1045 33
649 671 16
894 581 2
958 414 5
311 1100 1
42 1456 50
656 684 1
1253 229 33
1215 1194 7
1456 684 2
324 681 2
447 1396 8
576 1212 8
81 1351 2
397 1154 1
550 443 12
80 269 7
769 1029 2
116 75 3
1000 191 33
311 1073 2
787 330 8
579 622 35
854 1342 7
168 531 7
1215 1418 7
966 732 7
66 516 2
1295 513 26
55 1243 7
977 747 2
945 1000 2
722 98 16
619 21 2
472 1325 5
618 1141 2
151 433 7
177 1156 8
836 1252 2
65 176 7
600 438 6
111 761 15
503 883 2
284 28 2
138 591 1
1522 59 8
66 484 9
66 47 8
858 390 8
1193 671 50
271 420 2
1042 1450 2
1299 307 2
927 724 1
877 1392 30
377 745 2
122 1309 2
938 127 2
717 697 2
899 1304 7
160 1456 30
337 829 27
522 1315 5
20 910 7
1364 1078 2
1304 1415 5
125 798 2
320 1062 6
66 1152 26
1039 325 2
974 1567 1
1483 447 2
1310 412 5
1082 450 30
897 167 7
1116 1360 2
337 1053 27
362 187 71
330 770 2
63 358 5
581 166 2
897 63 7
789 98 33
438 66 2
1090 1344 37
997 535 7
27 671 30
315 1345 2
66 1417 27
396 1126 16
1297 1025 1
837 1200 15
555 167 8
172 1199 7
31 573 15
1326 1156 7
74 882 2
77 686 7
202 58 2
459 63 8
1499 534 10
1446 274 12
503 908 6
1087 1448 2
199 604 2
705 293 0
1215 47 7
1009 114 8
938 1439 16
565 98 30
300 114 2
1328 59 7
318 1532 80
980 1062 8
157 464 2
1000 879 9
1285 386 1
939 792 6
157 756 2
1299 1003 2
252 1405 27
385 1156 8
536 1392 30
1424 387 7
55 142 2
1500 1084 2
1301 63 7
237 155 1
1129 568 15
157 688 2
392 793 8
145 978 2
145 582 2
1160 433 7
813 992 1
999 407 77
22 258 2
1055 861 2
362 606 2
712 1396 8
961 1500 30
1460 272 20
1399 848 8
595 296 38
817 1396 8
1152 1483 2
350 891 8
572 1475 37
573 593 7
565 819 7
32 1581 8
1029 763 2
1274 920 74
1253 993 2
1087 389 36
274 466 75
220 1078 2
1124 1131 7
673 903 2
126 197 8
1463 1388 7
442 0 7
1567 666 12
222 179 8
433 770 2
42 170 30
1040 21 8
324 334 2
742 573 15
1161 63 8
1253 611 34
600 53 35
391 671 30
581 1581 8
1252 932 8
1355 363 2
1000 1247 2
139 531 30
653 1351 2
159 1314 5
1079 595 53
483 939 15
850 1315 7
170 321 6
1271 1514 0
1210 355 7
311 622 2
1259 1070 5
434 1337 8
416 172 2
65 1500 7
1317 1052 27
285 628 2
295 818 2
300 1138 2
1522 1342 7
747 610 2
466 1517 5
1547 272 8
160 779 8
322 172 8
503 536 2
686 978 1
167 421 2
721 1405 27
281 362 2
499 437 8
155 1003 2
46 1062 8
601 988 2
443 1066 5
373 817 8
893 761 15
90 1227 52
271 365 2
97 779 6
126 898 2
1171 1310 8
377 393 8
150 219 2
457 886 2
914 256 2
594 21 8
337 774 27
820 167 8
321 1314 5
1567 949 1
1029 1391 2
917 2 2
1008 434 1
699 21 8
1194 179 8
28 116 8
460 533 2
1421 1070 5
211 532 78
359 104 8
923 881 3
763 426 7
792 900 2
792 504 2
109 1384 8
1232 766 48
4 983 14
357 1239 30
774 126 2
662 848 7
796 179 8
769 914 2
548 430 2
512 88 5
1355 264 23
1223 172 2
472 462 8
1127 167 8
723 1070 5
661 833 8
795 1335 5
897 377 8
552 793 8
950 761 15
928 1345 41
1232 464 2
686 899 5
809 513 30
657 793 8
1223 104 2
808 1325 5
66 693 2
360 1245 37
1272 377 5
428 961 35
722 671 16
1200 1004 8
369 1424 2
961 782 7
1360 743 5
1085 669 13
466 875 6
253 1557 1
252 662 27
1307 663 8
834 377 6
35 311 2
450 1125 6
522 848 8
582 616 2
914 911 1
927 1005 1
601 1570 7
550 718 10
573 611 1
369 1252 2
1237 293 0
31 167 2
1181 129 8
519 1239 30
442 223 26
34 1120 38
624 1239 30
1184 167 8
250 1156 8
1140 1322 2
254 397 75
346 796 8
270 642 30
1474 368 2
1357 274 12
1154 75 3
483 228 8
913 882 2
558 309 33
563 33 2
1062 1335 5
754 658 0
1463 937 7
569 1227 8
277 1070 5
770 1132 7
862 958 48
450 349 2
789 671 33
819 140 8
878 32 7
1317 773 27
346 728 8
662 1418 2
300 859 2
86 1269 2
211 298 8
1294 658 0
842 1253 1
362 692 71
590 338 5
126 1578 5
421 145 2
494 1446 2
1565 150 2
1295 1258 2
195 1236 8
285 177 2
295 367 2
1341 1419 8
650 329 2
497 656 1
157 1037 2
535 311 85
162 1357 2
1461 531 30
777 958 3
1489 1408 1
96 129 8
176 330 2
500 1131 2
721 662 27
119 850 6
1084 891 8
167 366 2
161 1004 8
1325 97 8
479 665 2
399 365 2
1287 2 2
1015 1200 15
256 661 2
711 1456 2
1058 798 2
433 1578 5
324 536 30
1527 269 8
847 108 8
1163 798 2
852 32 8
928 1084 2
533 152 30
377 384 3
22 831 2
1098 658 0
22 1181 7
350 1073 2
577 1148 2
1344 763 57
421 576 1
32 160 2
1158 743 3
170 1194 30
295 81 10
1028 300 2
673 1184 2
396 1340 30
670 1392 7
89 527 7
1251 992 2
1162 377 8
1239 845 1
186 433 5
707 32 8
442 911 2
199 1243 7
1363 732 7
1497 63 8
923 92 8
1121 882 2
337 255 27
671 803 2
124 97 8
1164 90 8
372 39 8
66 619 27
167 519 30
976 1567 1
650 1025 2
311 903 2
718 345 0
1451 126 2
68 927 63
427 1062 3
32 485 30
661 90 8
80 65 22
1292 270 5
747 1251 2
503 506 6
1210 928 7
4 464 14
1295 1070 5
107 291 8
416 1141 2
1035 1314 5
1437 595 33
637 129 7
910 440 35
891 104 8
191 63 8
277 1062 8
1550 533 3
277 1359 2
1144 1578 5
581 381 30
462 51 5
1179 442 7
1399 1388 7
178 59 8
1042 638 27
1160 1342 7
502 365 2
3 8 5
1295 65 7
819 1199 7
533 780 30
813 590 1
590 685 7
186 21 8
1384 1544 2
271 938 2
205 1640 77
595 947 2
162 601 8
1383 462 7
718 160 33
663 617 5
1132 472 1
565 651 53
1233 477 1
914 829 2
671 1161 7
350 390 2
1052 1396 8
695 1310 8
581 856 2
1201 958 5
1483 277 2
879 434 1
782 145 2
974 1310 5
1355 229 33
563 1243 7
658 1395 7
1468 910 7
923 1116 8
1232 1047 48
127 21 8
42 311 50
645 1000 1
812 893 14
519 534 1
218 75 3
1317 322 27
346 277 8
651 498 38
183 373 6
920 301 19
1340 63 7
1100 129 2
111 167 8
1223 1141 2
492 443 10
1217 1342 7
758 1345 2
325 504 2
1429 808 7
718 939 15
534 236 12
1215 273 7
158 1469 47
1084 617 2
1327 59 7
65 1098 7
761 1086 8
671 47 8
1227 1108 8
1124 1392 30
1215 565 7
1117 32 8
628 1131 2
976 1253 2
986 1584 28
399 1375 27
531 1098 2
986 804 38
1317 80 8
291 663 8
572 311 35
1436 661 2
406 533 3
266 558 2
577 869 2
350 31 16
52 1305 8
618 616 2
14 377 1
920 684 1
573 1184 1
157 1305 8
601 144 7
599 888 23
1028 21 2
662 1415 5
54 172 8
772 850 77
1131 111 15
159 172 8
1162 98 8
1551 49 4
1252 543 2
503 68 24
600 584 2
552 1447 2
228 1042 2
350 622 2
586 300 2
479 834 2
746 1187 5
219 1078 2
702 792 7
533 70 31
1384 59 7
575 420 2
934 21 8
449 350 2
563 314 2
673 1525 2
1409 958 5
1429 338 5
13 1396 8
434 1298 7
1024 601 2
1239 831 2
1004 779 7
769 493 6
1349 701 2
442 856 2
330 1578 7
632 1138 1
1442 1445 1
792 498 2
1460 553 2
914 78 2
923 37 8
417 104 27
1351 909 2
124 42 8
1232 1395 7
582 75 3
325 485 33
300 1036 2
141 801 9
189 43 6
438 1207 8
519 1507 12
317 1457 8
658 685 8
1232 296 48
1136 21 8
1553 325 2
34 620 40
634 770 2
515 499 1
1555 533 2
1084 1199 7
528 179 8
178 1342 7
522 1388 7
267 442 27
859 172 2
842 155 1
1547 102 8
1549 577 2
756 1488 2
1421 32 8
747 452 12
836 1131 2
309 462 8
195 102 8
1188 59 7
450 851 30
939 43 6
406 94 7
655 1217 8
1177 325 27
324 781 30
620 22 2
503 366 2
1179 491 7
824 938 6
435 1325 5
1548 958 3
929 938 6
1084 742 23
823 1342 7
49 89 2
686 1491 7
167 934 8
491 1298 7
359 671 33
263 129 2
338 1567 1
606 1488 7
357 1140 2
350 1004 27
317 1118 5
186 1178 5
910 1415 37
677 223 26
150 737 2
905 1375 27
442 1214 7
285 1391 20
911 1424 2
247 1062 8
479 1457 8
1188 350 50
157 158 8
696 793 8
77 1070 5
206 1252 2
1036 804 2
432 961 1
397 1246 5
1179 1446 30
217 479 2
298 779 6
463 63 7
359 330 8
322 479 2
910 1125 8
34 1024 40
265 958 5
1232 1388 48
322 433 7
671 1376 2
285 338 5
595 541 40
330 936 8
312 167 2
581 728 8
880 992 2
240 32 8
1525 513 26
1228 677 1
661 272 2
880 1342 7
641 450 7
152 64 30
65 355 7
581 730 30
377 613 6
1215 218 7
600 1305 6
146 386 1
409 325 2
958 208 7
1525 677 2
1570 63 8
526 35 2
1080 126 2
973 1056 2
292 961 2
65 287 7
1429 685 7
145 92 1
1053 1252 2
847 1377 8
45 1141 2
30 1424 2
1207 813 8
403 102 8
1084 139 3
267 63 7
927 432 15
36 1131 7
290 22 8
499 1583 8
261 579 2
1456 743 5
285 390 8
99 109 0
154 1405 2
897 1227 52
772 795 77
1383 1373 2
1446 881 5
1047 1258 2
986 1270 5
115 124 1
1252 488 2
1110 1245 37
1158 3 8
63 829 5
124 929 7
1304 215 5
1158 341 3
581 1033 2
1467 1262 1
349 377 2
1247 910 2
1025 881 3
338 1207 7
279 64 50
1251 590 2
563 259 2
1428 1507 5
1232 1620 48
362 986 71
787 992 7
677 911 2
434 1243 7
1024 150 2
311 528 1
1351 562 2
228 1310 8
734 958 5
9 59 8
1317 603 27
98 867 7
98 471 7
836 601 30
839 958 5
438 819 7
98 763 7
1158 1335 5
526 690 1
724 1025 1
211 1212 8
264 1200 15
1380 269 20
1429 1381 7
1456 39 8
804 80 8
1517 1498 57
528 129 2
261 109 0
530 599 2
278 576 1
1215 1138 7
95 75 8
200 75 8
71 556 2
687 1118 5
55 1004 8
324 830 30
1547 47 8
398 311 2
117 531 30
295 554 23
52 1550 8
176 556 2
1177 270 27
655 766 8
641 32 8
503 707 2
159 43 6
403 626 8
145 739 27
804 101 26
47 433 7
747 742 23
600 158 6
503 702 8
273 958 3
55 936 8
1398 697 1
1395 1342 7
909 1399 6
487 502 8
390 172 8
616 219 2
227 606 1
928 914 2
157 1482 8
701 1131 2
858 88 3
145 70 2
899 732 7
150 390 2
595 936 8
586 581 2
320 850 6
1377 1310 7
858 42 8
122 1029 2
907 1532 2
1291 902 44
534 1187 0
336 136 6
56 1456 30
648 1227 6
244 1396 8
373 1212 8
1364 798 2
1304 1135 5
1053 32 8
176 55 45
755 99 0
874 1310 7
454 847 2
1359 118 2
440 167 2
89 685 7
1232 937 48
417 677 27
981 136 6
1140 401 2
325 667 27
396 950 16
217 59 8
806 1456 30
1454 98 2
1210 1550 7
285 1031 2
1453 65 2
330 813 8
1456 959 8
747 366 33
285 1381 7
1562 397 2
1324 145 2
190 63 8
293 980 3
32 83 6
747 1409 2
606 1446 1
1077 325 2
300 230 2
1025 1170 0
868 1451 2
72 59 8
579 743 5
1054 1342 7
976 747 2
850 281 2
494 129 2
1131 704 25
98 451 30
1495 513 26
761 116 8
406 1396 8
938 647 2
1210 108 8
722 1141 2
360 1131 2
270 488 2
1506 307 33
154 662 2
487 1381 7
856 65 8
43 881 3
1360 1517 1
259 662 2
34 207 38
1416 311 2
363 1070 2
1229 1081 6
22 374 2
577 399 2
1477 1506 2
598 1310 8
938 475 2
1130 124 1
240 350 2
1104 958 5
1055 535 7
109 1418 7
1479 958 2
91 324 5
1567 41 1
1025 92 8
108 1070 7
1090 75 5
438 1375 27
483 3 8
1354 718 2
220 798 2
483 341 3
1316 63 5
1344 238 57
440 1483 2
1474 831 2
1207 23 5
689 269 8
350 147 8
350 881 3
677 856 2
221 1078 2
800 1310 8
1216 1342 7
681 590 2
1304 862 7
1304 384 5
936 21 8
905 1310 8
533 667 27
1221 59 7
454 533 3
779 1578 3
1251 462 8
550 533 3
632 668 1
85 300 2
761 916 8
190 300 2
420 778 2
1230 293 2
581 907 30
474 1475 5
84 663 2
1210 471 7
499 1541 2
1080 595 53
938 568 6
156 491 1
1304 1086 7
419 75 3
1100 579 2
659 63 8
1424 1199 7
269 148 2
957 433 7
541 59 8
497 327 1
411 350 2
1058 677 2
362 730 2
138 1567 1
503 256 2
662 424 65
1047 1607 2
440 801 10
464 1469 47
150 1004 27
311 375 30
34 1591 38
1055 939 7
1046 129 7
395 442 2
43 734 7
863 136 19
479 1128 2
1160 443 12
14 499 1
27 337 38
126 722 2
377 118 2
22 606 2
435 792 6
142 269 2
1494 223 7
551 461 1
228 493 6
476 1314 2
150 335 2
491 770 2
1030 1405 2
674 1253 2
1264 433 7
454 522 7
479 664 2
51 1239 30
224 732 7
217 1342 7
32 326 8
1036 798 2
590 97 8
677 796 2
454 792 2
1474 1459 2
632 1364 1
913 32 7
104 393 2
1252 1384 8
211 1457 8
1261 533 3
1210 1563 7
880 590 2
1079 651 53
1008 1310 8
595 35 40
1135 21 8
837 573 15
658 119 8
586 1131 20
72 1342 7
65 1556 7
277 910 2
981 450 7
880 126 2
306 1437 8
112 43 19
910 611 35
55 848 7
479 1153 6
762 63 8
1404 129 2
1381 533 5
55 1536 7
55 1577 8
592 373 6
116 1070 5
1090 656 2
1142 779 5
284 29 2
241 1567 1
211 1118 5
370 1424 2
265 1419 8
1416 324 2
958 30 7
721 150 27
479 1418 7
1396 1133 2
1129 704 1
32 252 6
373 728 7
1055 256 7
931 1156 7
1146 1125 7
36 311 2
363 327 2
373 1457 8
938 128 2
1061 1140 2
1518 1396 8
988 761 15
1262 91 7
36 697 14
362 1577 8
910 982 7
167 1384 8
193 1351 57
792 1024 2
1266 1310 8
337 1122 27
1164 957 8
167 1094 30
170 390 30
581 235 2
1544 139 5
903 66 2
780 109 21
1026 1078 2
1014 634 7
1355 1407 2
673 672 2
1084 1397 0
1455 1483 2
1025 37 8
104 625 2
199 381 2
787 590 7
1253 274 12
420 1327 6
1450 595 53
438 651 53
442 399 2
515 1025 1
958 1335 5
836 199 30
350 92 8
992 554 2
1446 1415 2
1338 1309 2
1029 360 2
438 21 7
628 1078 2
662 1138 2
1392 345 0
997 432 7
69 563 2
303 325 2
211 18 8
59 1381 7
427 1419 8
420 35 2
972 327 1
878 126 2
673 891 8
1552 1199 7
1550 1062 8
1308 792 6
946 533 62
1210 20 7
66 1041 2
441 32 8
599 1562 2
616 1196 2
317 932 8
1396 1491 7
958 726 7
1221 269 8
847 770 7
862 663 8
1412 980 2
145 1047 2
420 259 2
170 355 7
218 513 26
1510 1375 27
1317 147 8
284 1345 2
36 1299 2
145 233 27
387 433 7
1055 884 7
699 732 7
59 163 59
699 1070 2
613 462 8
601 315 7
769 1314 5
488 677 2
718 363 2
455 98 16
362 607 2
242 724 79
527 1156 5
1131 277 21
1502 572 2
897 1156 7
531 1094 30
1505 21 8
722 330 8
373 18 8
301 372 77
224 242 79
1025 670 2
64 724 30
710 958 3
628 958 5
349 499 2
1228 1599 1
1463 1389 7
590 42 8
322 850 6
459 1156 8
1025 957 8
1474 1404 2
311 650 1
518 75 5
362 536 30
1349 768 2
1317 1121 27
453 443 2
381 1070 5
396 1166 1
362 1224 30
524 675 2
1207 1298 7
1210 648 7
1533 1025 1
756 971 2
83 533 3
880 462 8
1184 1342 7
601 719 7
195 273 8
651 292 40
183 167 8
582 513 26
1394 1230 2
31 1607 2
503 54 6
599 1371 33
503 829 2
999 1396 77
150 684 2
285 848 8
58 278 2
668 433 5
977 958 3
499 730 8
938 638 27
727 1351 2
819 1315 7
1460 930 41
577 854 27
1158 1217 8
927 670 1
1061 397 2
360 661 2
595 766 8
1193 513 50
126 189 27
806 920 1
1541 961 35
510 47 8
747 453 34
1084 1014 0
301 1396 77
1316 948 15
462 1161 7
929 63 7
627 1207 5
117 295 1
327 777 2
285 1458 20
170 335 30
489 269 8
20 793 8
1069 1252 30
998 59 5
1355 1352 2
111 59 8
673 221 2
452 397 75
1082 396 30
995 513 33
250 65 8
430 1549 2
228 66 2
770 109 7
789 1447 2
1337 1424 2
780 1483 2
350 37 8
576 183 8
1299 911 31
613 792 6
868 1453 2
415 971 2
1017 199 2
1160 718 10
27 513 30
1098 329 2
1236 63 7
872 1029 2
281 21 27
581 505 30
1191 971 74
1227 140 8
1341 63 7
1078 189 27
503 1525 2
1215 681 7
534 248 12
806 199 30
581 437 30
850 903 2
1173 109 0
246 1475 37
391 63 8
24 858 12
1015 573 15
1516 577 2
273 59 8
1055 829 7
20 1156 7
813 938 1
1401 22 8
403 101 8
443 280 5
126 216 2
923 1199 7
24 1070 2
777 1325 5
912 311 2
483 297 8
577 917 2
1000 90 57
56 311 30
1155 32 8
674 747 2
189 850 6
450 39 6
1163 98 8
1344 824 57
1037 325 2
217 882 2
126 148 2
301 317 77
1481 109 7
1469 3 7
463 1200 2
438 662 7
779 1097 7
1258 88 3
186 581 1
1140 888 23
1348 591 2
447 1000 2
1305 958 5
816 75 3
1145 462 8
551 616 2
420 297 6
666 920 74
330 1298 7
1317 774 27
293 1528 1
778 1141 2
377 1043 5
222 21 8
577 1230 20
1206 293 0
547 972 2
1203 938 6
1009 1111 7
664 1078 2
650 2 2
81 858 12
701 1245 5
534 572 2
415 242 7
61 961 1
311 1205 64
1207 1243 7
391 426 7
841 1239 2
47 718 2
1132 97 8
858 1322 13
315 581 3
1209 403 7
302 558 7
1258 1118 5
424 179 8
487 1231 17
493 1327 6
318 107 80
616 166 2
172 39 8
1424 1321 7
55 1076 2
750 581 3
1403 1210 6
1131 631 15
1547 114 8
89 53 35
1179 211 7
634 813 8
179 18 8
860 167 8
958 1231 7
686 1315 7
256 662 2
503 774 2
227 485 1
754 269 8
479 183 6
382 686 7
1062 1243 7
599 360 2
1547 46 8
32 229 2
1547 384 3
450 735 6
599 355 8
1000 1187 0
891 850 6
1472 300 57
126 844 2
1078 471 8
716 65 8
53 330 8
455 671 16
1110 1494 1
483 1321 8
111 1342 7
1028 661 2
923 562 2
1494 741 7
1101 755 5
1391 104 2
1364 677 2
1025 596 33
1025 200 33
106 1000 2
1081 1325 5
109 174 1
442 934 7
591 572 2
1193 98 50
396 1341 30
1040 663 8
1252 1183 2
540 1375 27
661 1417 27
563 1058 2
218 1078 2
1207 877 5
1375 47 7
442 912 2
923 489 8
804 259 8
817 533 3
459 22 8
112 581 2
346 384 3
917 167 8
779 387 8
3 973 9
322 34 69
824 1062 6
58 690 1
704 513 30
197 1227 8
1079 1227 7
406 510 7
531 831 2
390 269 6
1232 743 3
178 29 2
850 160 2
273 1342 7
54 487 7
730 1446 2
373 1418 7
1177 673 27
1400 269 7
835 1446 2
632 471 8
126 101 26
534 113 2
145 541 2
267 179 7
620 662 2
1085 907 13
1295 462 7
1404 579 2
930 1594 38
577 739 27
508 114 8
336 1399 6
980 199 30
145 869 2
592 1156 7
220 513 26
1112 483 15
1229 856 6
836 433 3
323 958 5
999 590 77
941 433 3
508 384 3
233 1131 2
1045 662 38
982 104 5
220 677 2
673 502 2
205 779 7
1355 853 12
1009 991 37
1314 925 10
558 1274 12
1200 1381 7
1474 606 2
1371 1310 8
362 706 71
878 420 2
545 1258 2
595 889 40
1351 282 2
330 1243 7
98 191 7
1078 101 26
300 409 2
564 947 2
902 28 8
1309 189 27
199 831 2
867 886 2
211 932 8
769 172 8
1132 88 3
865 167 7
1394 1393 27
72 462 8
318 533 3
292 1309 2
604 1567 1
518 1396 8
619 1460 2
157 937 7
96 75 8
1207 1161 8
499 893 33
1540 377 8
145 1128 1
145 1565 2
1184 126 2
503 31 2
1551 514 4
408 1062 8
493 808 6
1385 1303 22
167 307 8
1 792 6
167 604 2
601 541 7
111 792 52
888 658 0
314 513 26
1177 1419 8
126 497 2
928 634 2
22 1173 2
581 1449 2
1330 324 29
195 85 20
1288 65 8
581 739 27
377 226 3
124 1381 7
1486 1070 7
1105 1132 0
829 22 8
1548 1325 5
491 936 8
588 433 7
783 1360 2
32 106 2
29 355 8
951 52 8
814 462 8
235 365 2
226 662 2
1357 452 12
1008 325 1
269 1578 5
1355 274 12
919 462 8
1258 719 8
126 716 8
442 857 2
770 1310 7
104 168 2
1456 460 2
139 362 30
576 1384 8
221 269 8
1221 462 7
172 393 2
997 1578 7
1100 1446 2
1314 1328 2
534 1541 2
177 1396 8
686 739 67
634 766 8
306 1212 8
1281 377 6
1050 658 0
1333 63 8
938 983 16
1087 888 2
269 551 2
582 1070 5
1378 958 5
977 1310 8
1304 178 7
86 63 8
395 1309 2
324 782 30
479 824 6
601 1237 7
1459 531 30
836 1424 2
500 1309 2
483 446 1
33 804 2
486 1025 2
1061 1087 2
150 514 2
1397 1156 7
600 506 6
579 441 0
350 952 16
599 933 2
157 232 2
470 792 6
591 537 12
604 1253 2
1085 96 13
145 855 3
21 922 2
469 386 1
752 65 8
590 527 7
1373 1214 2
586 533 2
340 1357 7
348 677 2
1485 1000 2
923 739 2
1391 677 2
464 300 2
144 65 8
1252 1418 7
591 1541 2
1398 98 8
1481 1310 7
266 433 3
1474 259 2
558 200 33
718 265 15
792 685 7
70 591 1
430 464 2
1451 1456 2
221 798 2
1227 335 2
1252 80 8
421 104 2
1216 1062 7
185 661 27
997 603 7
1131 1077 2
1025 36 8
264 573 15
1316 531 2
632 388 1
869 1405 2
718 489 15
910 39 8
420 498 2
1400 910 7
69 270 2
1215 511 7
1373 1208 0
195 1127 8
1405 1568 2
616 1367 2
502 1007 2
35 461 1
315 75 3
189 63 8
499 942 33
747 149 8
435 293 0
747 446 2
1394 582 27
913 533 5
514 910 2
541 269 20
483 159 1
938 1391 2
145 1510 2
294 355 8
1282 1000 1
838 1310 8
1141 875 6
329 1206 36
411 65 8
270 836 2
858 1482 8
858 1086 8
577 1211 2
155 151 2
599 1561 2
865 377 8
1448 22 30
263 1446 2
1447 1514 0
170 861 30
735 663 8
22 722 2
591 1126 33
122 798 2
337 1525 27
673 1097 7
632 97 15
127 663 8
577 1039 2
1271 873 33
688 104 2
239 350 2
1158 296 8
1140 1445 2
1483 1247 2
661 619 27
673 1075 2
329 848 7
1503 172 8
441 634 7
533 704 31
1100 293 0
755 1408 1
1140 1126 33
673 1367 2
1025 1128 8
489 104 8
769 43 6
907 733 2
1357 742 23
499 1187 0
1023 59 8
22 1047 30
1561 697 2
526 1024 2
491 1206 36
1314 201 12
514 1314 2
442 1125 8
534 1090 2
503 1 6
1555 479 2
1062 808 6
519 11 64
46 136 6
1232 341 3
854 1396 8
55 568 7
759 487 8
177 882 2
618 1258 2
269 1184 2
619 34 2
403 627 8
905 269 20
671 915 30
116 1227 6
1177 563 27
384 59 48
1382 533 5
503 604 2
770 573 15
1396 119 7
1232 1335 5
1303 63 8
40 462 8
117 534 1
455 513 26
1025 1491 7
524 311 30
701 1424 2
772 1320 77
1271 282 23
150 287 2
595 833 8
703 129 8
596 663 8
510 114 8
1323 533 5
1357 1409 2
932 21 8
676 1314 2
1442 1319 21
41 1029 14
808 129 8
112 479 2
137 958 3
1372 1215 7
816 533 3
279 1567 1
102 167 2
673 387 8
1439 269 7
1035 793 8
442 1384 7
1565 677 2
545 1252 2
307 1000 2
1355 453 34
997 256 7
270 101 26
598 513 30
205 601 7
997 548 7
524 1078 2
872 804 2
651 681 38
406 1132 7
581 676 30
547 1398 39
1552 1315 7
365 412 5
634 1298 7
306 1389 8
1562 2 2
531 1057 2
325 390 8
1291 844 31
287 295 2
65 593 7
65 989 7
167 1243 7
1304 459 7
960 1025 1
158 433 7
300 231 2
1330 75 3
861 558 2
272 1131 2
868 1452 2
1544 1181 7
986 403 38
110 1268 5
172 1581 8
736 21 8
48 145 2
850 678 2
1090 1062 7
157 436 1
716 1342 7
170 116 8
145 1163 2
1084 39 8
155 1407 2
126 223 26
114 513 26
599 818 2
52 112 8
261 129 2
219 513 26
1140 0 0
258 675 2
599 1110 2
546 104 35
365 638 27
1245 921 57
590 808 7
601 35 7
300 160 30
876 104 5
21 1495 2
707 1252 2
1042 488 2
303 1304 5
903 1375 27
923 1312 2
661 603 6
598 1207 8
909 1424 2
1233 600 1
1166 971 39
674 1314 2
823 433 7
1164 1305 8
1023 1342 7
919 65 2
581 979 2
1442 1404 1
98 485 7
1128 1342 7
230 396 33
1401 21 8
1567 771 2
442 455 2
770 1304 7
483 296 8
752 75 5
677 857 2
563 497 2
1001 1262 2
228 819 7
1429 1395 7
425 433 7
170 506 6
430 1037 2
325 1482 8
421 677 2
447 1062 8
1317 841 27
22 596 30
1304 1155 7
753 373 6
507 1239 1
65 929 7
744 747 1
563 424 8
170 438 6
322 65 8
66 1493 2
284 1131 7
1201 450 2
958 304 5
1394 1223 27
1058 350 2
416 581 2
95 21 8
49 1359 2
1176 1055 1
285 641 2
971 1056 2
938 873 16
627 433 7
650 397 2
1326 167 8
1200 97 8
43 1578 3
148 1141 2
512 909 2
938 1568 2
34 1592 38
168 462 8
192 179 8
382 65 7
584 1589 38
127 1309 2
419 1070 5
1405 762 2
1287 466 2
662 1246 5
297 179 8
1008 327 1
155 719 8
269 665 2
718 419 2
980 1345 30
380 126 2
402 948 15
377 114 8
371 1310 8
1271 162 2
1446 1397 0
729 172 8
1025 702 12
388 75 3
350 1199 7
491 766 8
359 98 33
1233 21 1
1373 766 7
834 172 8
385 22 8
923 728 8
24 558 2
1140 1371 33
259 663 8
688 677 2
547 714 1
582 32 8
350 1491 7
903 1042 2
365 1384 8
958 776 5
325 681 27
847 1554 0
317 1315 7
1557 523 57
125 63 8
563 729 2
109 318 2
56 98 16
814 958 3
442 979 2
1156 92 8
1078 1578 5
322 324 7
1213 1310 7
22 1224 30
83 616 2
300 1555 2
1217 1062 48
659 1156 8
1169 513 26
1418 1375 27
1463 3 8
1463 341 3
1223 581 2
106 1392 30
289 1309 2
1377 958 5
65 246 7
546 11 64
634 1243 7
528 599 2
531 606 2
591 445 0
318 510 80
992 88 3
616 569 2
1525 172 2
269 1069 2
55 1479 2
737 1007 2
973 551 2
957 958 7
717 1344 37
32 321 6
89 1289 36
1183 1396 7
1463 1335 5
1525 104 2
61 21 8
668 293 66
155 1352 2
47 75 3
599 367 2
1460 986 41
278 104 2
450 1138 6
1061 98 33
1037 1424 2
701 1309 2
1146 1418 7
140 616 2
143 65 8
716 1156 8
712 1062 8
923 1257 2
577 241 2
650 761 15
840 98 14
817 1062 8
903 651 53
491 83 8
1379 1224 2
1106 109 0
98 476 2
1483 53 2
170 287 30
1131 1079 2
346 855 3
533 681 27
126 259 8
813 1314 8
401 311 35
673 569 2
1025 726 8
1474 381 2
1360 417 2
952 533 5
795 936 8
1220 792 6
1050 479 19
244 533 3
430 586 2
997 829 7
909 1291 14
1215 805 7
599 81 10
43 321 52
603 1062 52
671 183 8
555 362 2
710 1325 5
69 1252 2
199 606 2
531 942 2
1215 737 7
1409 1392 7
1278 512 1
872 66 2
1184 365 2
1436 63 7
1075 325 2
1200 88 3
1085 1018 13
1398 656 1
1042 108 1
512 562 2
1200 42 8
1200 438 8
1397 1614 7
1493 513 26
1062 321 2
1002 98 14
1156 1197 2
577 1041 2
285 122 2
1244 293 0
1233 1345 1
35 556 2
1078 259 8
880 59 8
508 855 3
573 960 1
577 1333 2
446 1475 37
487 393 8
256 377 8
390 63 8
601 258 2
1054 479 2
590 1381 7
495 63 8
266 1314 2
830 150 2
1146 47 7
487 685 8
145 1267 8
747 495 8
205 733 77
1259 59 7
1062 936 8
1440 1082 20
662 1152 26
923 282 2
1359 77 2
819 265 8
1252 611 2
883 1607 2
1129 246 1
1129 287 2
396 1457 30
265 671 30
665 1131 2
977 1325 5
910 278 2
1458 1227 7
558 62 2
1140 360 2
1372 21 7
218 798 2
582 269 8
563 778 2
346 1437 8
769 269 6
442 1028 2
541 1375 27
1003 1355 2
218 793 8
1161 65 8
662 1417 27
1451 311 2
1337 63 7
652 1342 7
34 464 40
1317 1122 27
1442 1554 2
1156 37 8
362 1401 71
420 1024 2
417 172 27
1349 1457 2
545 350 2
1000 1541 2
350 1119 30
651 1590 38
309 311 2
1081 1375 27
1209 1215 7
138 396 30
759 1078 2
552 167 8
1460 949 2
1307 938 6
655 1457 8
43 1403 6
557 1392 50
63 321 2
552 63 8
503 898 2
1424 1377 7
657 63 8
279 616 27
295 1404 2
35 1310 7
616 514 2
534 893 33
168 651 69
1357 1397 0
581 102 30
1061 466 2
1394 125 27
634 1161 8
1273 1494 1
1145 75 5
834 43 6
1394 417 27
1351 341 5
155 901 2
810 961 1
69 32 8
1567 594 10
100 293 0
813 311 1
601 1236 7
1357 1225 0
676 1567 1
1229 284 6
808 324 2
690 28 2
442 995 1
218 1156 7
915 1253 1
1028 1405 2
1138 1375 27
1055 134 7
148 330 8
609 32 8
29 1550 8
337 672 27
820 65 8
221 1141 2
819 1581 8
1495 104 2
1039 663 8
558 702 12
88 1239 7
205 499 7
228 651 53
1232 768 48
314 616 2
463 172 8
719 761 15
56 671 16
634 863 6
269 286 15
1000 1126 33
325 689 2
1468 923 7
824 761 15
860 1342 7
774 420 2
66 763 2
576 80 8
1304 753 7
880 1456 2
581 796 8
1215 750 7
1232 1217 8
535 531 2
1404 293 0
195 929 7
1200 1371 2
1474 258 2
1225 98 48
241 396 30
641 1252 2
1093 373 6
520 1502 2
1499 377 10
600 1081 6
1387 1325 5
1429 1217 7
434 1047 14
1215 682 7
22 418 30
318 687 80
721 792 27
1424 298 7
599 1404 2
1073 1200 2
677 1610 56
152 675 2
1506 1541 2
30 285 2
97 948 15
1058 172 2
560 59 5
377 77 2
359 433 7
841 1227 8
601 307 2
1058 167 8
722 52 8
929 1156 7
902 324 5
278 677 2
656 823 14
1061 671 33
1350 1000 1
277 32 8
396 782 30
441 1310 5
772 175 77
917 1342 7
483 298 8
22 893 2
1374 1446 2
651 1256 5
329 1246 37
588 199 2
586 21 2
677 714 1
1215 384 5
840 671 14
746 908 5
442 307 7
324 349 2
817 32 8
216 1345 2
29 471 8
1258 147 8
438 663 7
1029 606 2
819 502 8
689 59 7
449 462 8
850 1127 52
1372 362 7
795 1217 8
1355 670 2
1236 1156 7
308 75 5
790 910 7
1316 961 1
1557 17 57
792 219 2
170 336 6
1210 766 7
1567 562 23
222 22 8
534 1329 2
347 59 8
1210 1058 7
557 63 7
416 479 2
372 521 5
1000 1090 2
195 1161 7
209 576 2
971 517 1
1314 360 2
1120 533 3
372 1209 5
681 1396 8
1124 32 8
747 637 12
1207 848 7
1210 594 7
1232 309 48
158 850 6
1394 1449 27
816 1070 5
1446 214 2
1436 1078 2
1207 1577 8
1281 493 6
55 1077 2
178 1396 8
1541 920 2
768 1310 8
1055 1526 7
318 4 80
395 1029 2
172 728 8
491 1246 37
601 957 7
500 1029 2
1002 671 14
374 1355 2
58 620 2
601 539 2
265 1310 8
115 992 1
350 1097 7
411 1156 8
539 1456 30
150 922 2
623 172 8
401 21 8
1460 823 30
1502 818 2
292 377 8
601 831 2
1193 167 50
978 601 30
599 653 2
1123 1070 5
1026 513 26
1110 324 5
1271 388 2
1173 129 2
1481 1144 2
1357 1170 0
1028 662 2
125 362 2
126 1236 8
205 910 77
145 138 2
195 829 20
927 908 1
116 2 2
1125 1342 7
150 458 2
721 1511 9
211 839 78
1344 1057 57
720 330 8
1052 1062 8
1355 610 2
825 330 8
813 958 3
28 355 8
424 1345 2
1140 933 2
1391 32 8
512 441 0
408 779 5
104 516 2
1023 462 8
144 533 5
34 1037 40
869 1210 6
417 1141 27
25 961 35
513 1437 2
886 1457 8
1045 1029 40
890 1299 2
221 914 2
1338 804 2
595 158 40
62 1245 37
774 365 2
423 533 2
990 595 12
172 1033 2
1450 882 2
847 437 7
243 99 0
1555 882 2
581 451 30
933 958 5
729 433 7
58 1024 2
78 350 2
285 1495 2
1207 561 7
1499 718 10
843 1131 2
1414 1310 7
434 596 14
929 1314 5
63 848 7
1525 2 2
819 441 0
834 293 0
46 1227 6
915 1392 30
287 362 2
1287 992 2
292 1078 2
730 1447 2
181 167 8
526 48 2
936 938 6
850 453 2
979 269 2
45 1258 2
847 265 7
85 63 8
618 350 2
1458 396 30
1271 1480 2
98 915 30
870 958 3
1271 753 23
1084 502 8
24 1084 2
337 1417 27
258 450 2
1111 293 66
595 256 38
619 1156 8
699 1357 2
43 174 7
933 327 2
157 872 2
388 533 3
599 554 23
730 63 8
455 373 6
856 75 3
1185 462 8
591 950 33
279 1456 50
240 126 2
1233 479 1
945 32 8
816 1062 8
271 1227 8
350 387 8
836 98 30
350 684 2
917 531 7
1041 365 2
1213 1399 6
790 923 7
1355 883 33
1029 259 2
347 1342 7
233 1419 8
793 296 48
293 1105 0
1495 677 2
1140 1561 2
479 495 8
479 891 8
900 1131 2
1258 92 8
673 399 2
1114 1567 2
891 433 7
893 1345 2
661 689 2
1474 607 2
344 65 8
325 574 2
761 724 1
563 272 2
795 766 8
662 619 27
1025 848 8
1463 1217 8
247 32 8
506 792 6
430 416 2
613 1325 5
1324 576 1
1456 125 2
610 1475 5
168 1375 27
185 1405 27
662 54 2
1215 1323 7
420 158 2
869 150 2
1153 533 5
804 139 3
581 1371 30
595 950 16
109 80 8
861 1357 2
411 882 2
533 899 3
285 416 2
1304 1550 7
958 808 6
23 1140 2
192 22 8
769 793 8
1475 921 57
297 22 8
1084 838 8
475 1375 27
601 506 7
718 274 12
747 789 8
377 650 2
270 1184 2
577 1163 2
1180 1062 59
1460 476 30
147 522 7
1000 445 0
491 568 7
1240 433 5
479 1196 2
1397 65 7
1303 179 8
550 658 0
1288 462 8
64 915 30
1461 651 41
325 891 6
491 937 8
193 499 57
118 656 2
914 148 2
450 613 6
311 945 1
1482 1310 8
1252 1525 2
582 104 2
1488 411 2
32 399 2
596 779 8
327 231 1
1367 661 2
1145 1396 8
562 732 7
450 1284 2
1031 150 2
1488 1398 39
1478 1567 2
555 1342 7
546 591 1
899 677 7
89 766 7
1362 34 53
736 1210 6
563 900 2
563 504 2
578 59 8
673 112 2
1084 441 0
70 1567 1
552 65 8
170 1305 6
534 1226 12
795 83 8
290 324 5
433 1577 8
1080 792 6
491 866 36
929 1373 0
865 1156 7
1314 933 2
108 32 8
750 98 2
673 39 8
517 1070 7
632 53 1
686 1187 5
999 1310 8
1084 1097 7
1098 512 2
1310 1243 7
1388 136 6
503 1416 2
267 1424 27
160 1200 2
961 278 7
54 433 7
263 491 2
479 1554 7
850 398 2
1207 83 8
600 903 6
517 29 2
701 1507 1
1193 533 3
498 1419 8
1460 1500 30
1295 350 2
475 1042 2
32 803 2
805 1200 2
590 178 2
33 1029 2
484 145 2
1055 720 7
591 1226 12
1172 21 8
923 740 2
1302 63 8
1144 83 6
362 88 3
337 898 27
362 438 8
1140 818 2
912 98 2
415 450 5
1252 149 8
396 604 30
877 1567 1
1140 1110 2
215 199 2
208 75 7
1357 446 2
1447 1101 12
790 508 7
1474 552 2
362 652 71
804 1125 8
293 1023 1
185 662 27
1239 833 8
1065 658 0
109 139 3
321 433 7
1499 1359 10
322 350 33
32 855 5
86 1156 8
300 647 2
435 1207 8
82 1062 8
661 957 8
1209 362 7
724 295 1
442 102 8
77 697 2
801 41 9
170 158 6
1098 1140 2
76 52 8
294 424 8
499 1274 12
1307 377 6
35 462 1
35 503 2
1278 579 1
270 905 2
1080 420 2
195 1420 8
728 1446 2
1141 1236 6
1295 1396 7
1329 75 3
957 533 3
278 971 2
1200 213 8
96 21 8
1314 474 2
252 1078 27
1084 387 8
167 258 2
909 377 6
115 590 1
1009 412 5
350 1033 2
124 1395 7
1271 942 33
479 849 2
1460 421 30
1164 1388 7
1039 798 2
978 199 30
780 1373 21
232 1029 2
1083 822 9
22 723 2
128 1309 2
329 1472 37
907 510 2
569 1424 2
334 1575 2
350 569 2
231 1131 2
673 1436 2
143 1156 8
661 1388 7
923 57 2
259 487 8
184 1498 57
836 671 30
1364 172 2
311 494 1
244 1062 8
579 753 2
32 47 8
819 728 8
478 32 8
89 419 7
491 546 35
1549 327 1
80 59 7
555 850 6
1127 1342 7
747 441 0
104 114 2
893 269 7
1456 406 2
792 3 7
952 948 15
1137 1207 8
1144 102 8
4 424 14
534 775 12
880 311 2
528 491 2
190 1405 2
592 22 50
424 433 7
877 1253 2
1123 32 8
627 1349 7
809 22 30
978 1258 2
530 1357 2
516 677 2
555 1156 8
1463 119 8
1437 1156 7
137 1325 5
741 1344 7
489 761 15
1552 1125 8
600 228 6
330 83 8
622 1299 2
84 1304 2
650 98 33
671 1305 14
616 289 2
318 269 8
491 1472 37
1321 533 3
490 178 1
154 104 2
439 125 30
601 787 7
190 21 8
973 667 2
847 259 7
176 850 2
576 1161 7
579 1005 36
944 531 2
745 59 7
111 483 15
852 958 3
634 936 8
98 117 30
33 1042 2
357 1447 2
599 1439 33
162 858 2
581 606 31
362 1371 2
150 1148 2
1373 412 5
1055 23 2
337 619 27
923 753 2
1393 1062 7
579 341 5
1396 808 7
1158 1389 8
927 446 1
579 1111 7
199 315 30
66 68 24
908 1399 6
1056 145 2
392 179 8
20 992 7
701 1029 2
36 324 2
683 372 1
586 479 2
1180 32 8
707 958 3
836 1299 30
457 955 2
1141 796 2
337 843 27
479 139 3
792 1037 2
588 75 3
917 462 8
220 172 2
1359 837 23
155 622 34
673 393 2
3 1227 8
59 837 6
1326 1342 7
269 61 15
189 350 33
1474 101 2
1232 1231 48
1239 90 8
362 597 71
155 1170 0
439 382 7
848 533 5
875 136 6
519 718 1
281 1299 2
438 34 7
624 718 1
188 1314 7
920 823 14
1098 397 2
442 47 8
750 1062 8
1295 595 53
769 63 8
1084 113 2
717 75 5
162 1262 2
910 960 35
1337 1419 8
1084 108 8
267 1309 27
858 808 8
1317 438 27
66 762 2
1057 1498 57
318 858 80
232 1245 5
494 1575 2
1080 365 2
498 1309 2
1140 81 10
603 651 53
599 1191 12
497 430 2
152 450 2
1076 325 2
177 533 3
750 1392 30
21 854 27
1055 605 7
32 1376 2
52 743 3
160 1007 44
110 269 1
1330 1070 5
1350 1567 1
577 1053 2
479 794 2
922 1483 2
1458 450 30
1087 138 35
151 75 3
257 732 7
116 373 6
325 489 6
761 622 1
350 514 2
1373 81 2
1176 958 3
1215 159 5
858 469 5
195 338 5
406 1419 5
1359 1016 12
1247 1253 2
820 1156 8
450 486 2
396 781 30
912 1062 8
507 1325 5
555 882 2
280 658 66
1082 269 20
563 498 2
595 83 8
83 513 26
673 917 2
1085 341 5
1000 1329 2
882 1033 2
661 1166 1
813 59 8
85 324 7
1210 541 7
1232 256 48
314 104 2
219 798 2
1316 1424 1
49 658 0
1144 47 8
1210 833 7
1227 863 7
599 1105 0
750 1299 2
769 300 2
806 671 30
449 65 8
650 466 2
524 792 2
759 798 2
311 694 7
1177 285 27
1087 91 2
990 34 12
867 94 2
814 1325 5
406 346 7
369 1375 27
503 618 2
1424 1097 7
657 179 8
55 852 2
1239 1340 30
450 1139 30
318 175 80
395 804 2
269 833 8
993 533 3
945 1355 2
601 1128 7
727 1140 2
1200 390 8
1550 32 8
500 804 2
671 861 30
1183 373 7
1193 1396 8
1253 1397 0
867 21 8
581 638 27
382 462 7
589 1314 7
385 533 3
127 914 2
1405 763 2
772 1334 77
75 1578 5
261 1446 2
1460 598 30
1215 855 5
455 1227 6
1129 766 1
32 355 7
1252 1423 2
491 1127 8
701 1078 2
364 21 8
1348 293 0
186 1070 5
449 938 2
494 63 8
1299 266 2
457 608 2
1373 1105 2
502 199 30
1359 425 2
1359 821 2
1364 1141 2
703 75 8
671 940 2
287 1268 5
170 56 30
139 1345 30
1567 1016 12
338 75 7
1069 577 30
1040 1419 8
825 793 8
1229 228 6
211 1418 7
1126 28 2
397 1430 5
1082 513 30
1120 1062 8
856 658 0
747 1014 0
1355 742 23
388 1070 5
1354 329 2
347 462 8
419 686 7
720 761 15
592 199 50
1215 178 7
1450 365 2
516 958 2
285 1338 2
530 858 12
1380 477 41
1317 159 27
98 27 7
346 114 8
756 1342 7
291 1488 2
576 191 14
581 622 30
1446 617 2
1200 1482 8
531 607 2
847 504 7
855 616 2
872 1042 2
992 147 8
1429 937 7
1402 938 6
1394 541 27
650 671 33
596 270 5
66 707 2
318 407 80
269 1362 2
154 677 2
369 1042 2
1262 1472 37
387 167 7
263 1009 2
603 804 2
1282 599 1
360 1078 2
914 633 1
1084 277 8
336 779 6
1196 63 8
923 1326 2
161 390 8
199 596 30
1129 998 1
1169 798 2
531 536 30
679 1310 7
1045 798 38
34 584 2
1573 1412 1
125 1156 8
1140 1404 2
340 1084 7
1391 462 7
483 18 8
1028 150 2
823 29 2
907 4 2
780 1567 1
1025 1292 33
818 59 7
109 1266 1
912 324 2
1271 368 33
47 1070 5
56 324 30
819 326 8
470 311 2
124 1550 8
64 390 30
438 779 7
1567 717 2
396 726 30
1503 63 8
519 1359 1
879 1232 2
311 24 1
795 937 8
1184 1325 5
624 1359 1
1064 658 0
1474 674 2
1225 910 48
1470 242 7
981 1399 6
778 1258 2
253 1268 5
311 357 2
210 32 8
187 98 16
167 772 16
1453 1000 2
997 726 7
490 776 5
1210 778 7
806 324 30
159 1210 57
1215 1098 7
112 65 8
847 1574 2
629 1156 7
1237 21 8
434 1004 8
98 1094 30
1207 568 7
639 531 2
671 116 8
1394 1565 27
1394 1169 27
534 201 12
530 491 2
1533 295 1
1436 798 2
241 558 1
841 1252 2
1424 646 7
161 1482 8
199 1292 30
601 385 7
26 661 2
914 223 26
780 450 30
663 1090 5
1124 1567 1
377 425 2
1062 568 7
199 1224 30
155 670 2
1502 246 2
396 1420 8
350 1213 7
261 599 2
601 609 7
601 213 7
1025 1428 2
317 163 5
360 327 2
1162 167 8
483 646 8
1275 552 7
359 1447 2
923 283 2
1521 65 8
534 683 0
1125 1062 7
1162 63 8
1210 412 5
337 45 27
823 1345 2
1535 1131 20
511 658 66
1201 52 5
1129 976 2
1310 384 5
1152 462 8
89 937 7
689 1141 2
1000 1226 12
334 21 8
1383 1325 5
84 910 2
314 677 2
1232 829 48
804 272 8
547 1321 2
36 573 15
1001 129 2
207 58 2
464 63 8
1396 1315 5
1106 129 2
863 65 7
1436 1156 7
679 32 8
362 1518 30
528 1009 2
172 857 2
779 108 8
550 1359 2
1128 433 7
1214 1419 8
1224 65 2
322 581 3
306 1384 8
641 958 3
494 89 2
650 324 33
531 552 2
1219 32 8
992 92 8
66 360 2
63 568 7
625 433 7
1247 1132 0
608 1137 2
739 1131 2
590 994 37
390 1156 8
859 533 2
651 586 40
292 798 2
317 147 8
55 1420 8
601 1305 7
850 173 2
1306 63 7
77 167 8
632 588 8
1405 648 2
595 737 2
784 1325 77
1183 1342 7
1283 910 2
377 657 2
988 450 30
1494 1554 7
517 533 3
522 119 8
52 3 8
627 65 8
32 974 2
52 341 3
1069 779 7
978 1345 30
1258 1196 2
599 1001 2
157 341 3
468 512 2
925 443 12
1121 513 26
899 1544 7
1233 595 1
626 63 8
718 611 34
1460 222 15
211 791 78
22 162 2
18 167 8
678 1299 2
229 362 2
1468 992 7
1448 1567 1
124 766 7
792 1217 7
18 63 8
455 462 7
1029 375 2
99 211 1
270 309 30
1357 617 2
1140 554 23
908 958 3
350 39 8
1225 167 48
1232 1457 48
787 433 7
686 1170 66
1208 1506 2
795 90 8
1444 1446 2
1087 1418 7
552 1156 8
607 1392 30
330 568 7
172 739 27
170 1 6
92 1446 2
1215 355 7
547 638 2
854 576 1
389 658 0
576 769 8
1158 776 5
1527 1342 7
1314 25 2
1283 1314 2
789 65 8
526 464 2
590 1289 36
894 65 8
145 917 1
214 1507 5
1394 1510 27
494 1009 2
252 1317 27
958 178 1
1084 626 8
499 1329 2
971 551 2
938 368 16
910 855 5
590 1395 7
277 2 2
