694 656 1
1488 434 1
1233 34 1
631 594 1
631 998 1
440 87 1
440 783 1
208 93 1
1233 212 1
720 1184 1
934 546 1
504 1166 1
720 453 1
502 995 1
761 527 1
540 995 1
694 178 1
880 1623 1
1549 178 1
548 434 1
915 1173 1
507 1453 1
694 697 1
1233 917 1
705 90 1
1233 187 1
115 809 1
1152 1623 1
1224 1166 1
1224 1507 1
603 880 1
1141 178 1
998 958 1
1453 845 1
1360 93 1
279 1166 1
546 1562 1
172 995 1
1190 1166 1
115 1062 1
1233 147 1
115 1118 1
915 349 1
1228 1166 1
202 697 1
1419 178 1
1240 139 1
1556 1228 1
720 1424 1
879 656 1
251 1228 1
1190 1664 1
1158 1166 1
1324 656 1
547 178 1
88 320 1
521 1166 1
207 697 1
891 934 1
440 410 1
1228 1604 1
1228 921 1
1228 593 1
891 908 1
1285 90 1
440 734 1
1233 1139 1
115 1 1
1233 1255 1
440 1374 1
1453 1517 1
1233 1481 1
915 1287 1
1270 874 1
1187 124 1
1198 880 1
1270 990 1
1228 166 1
526 697 1
1228 337 1
546 24 1
1233 553 1
744 530 1
1233 322 1
1144 1228 1
575 995 1
546 558 1
1228 488 1
365 178 1
225 90 1
1228 501 1
1228 1593 1
720 590 1
1270 1566 1
0 124 1
1052 995 1
440 308 1
891 51 1
891 1199 1
124 1306 1
1233 45 1
914 880 1
1233 796 1
1270 1102 1
744 1359 1
1270 598 1
440 868 1
546 534 1
1365 995 1
440 936 1
891 1132 1
891 307 1
353 90 1
1040 995 1
292 88 3
1252 139 3
642 958 3
923 958 3
1019 139 3
1103 88 3
1087 139 3
42 139 3
478 958 3
210 958 3
406 338 3
1054 139 3
276 139 3
143 139 3
535 88 3
823 958 3
97 88 3
1371 88 3
1463 958 3
371 88 3
1128 958 3
999 88 3
452 139 3
858 958 3
1526 139 3
897 958 3
864 958 3
419 958 3
759 958 3
205 88 3
1333 139 3
86 139 3
495 139 3
795 958 3
928 139 3
898 139 3
234 139 3
290 139 3
28 139 3
739 1062 3
1438 88 3
847 88 3
249 1062 3
1207 139 3
590 1322 13
323 1322 13
332 1322 13
700 1322 13
275 1322 13
510 1322 13
702 1322 13
939 1322 13
612 1322 13
669 1322 13
759 1024 2
1198 1515 2
586 546 2
771 1070 2
1562 466 2
292 975 2
620 1073 2
917 883 2
923 1429 2
1525 917 2
380 488 2
176 1088 2
26 88 2
501 1506 2
284 453 2
1359 1407 2
558 821 2
457 847 2
453 1046 2
933 178 2
923 1334 2
1024 1393 2
1082 45 2
33 88 2
1132 1400 2
530 397 2
118 178 2
988 1128 2
176 80 2
176 1396 2
349 474 2
530 1264 2
1517 11 2
880 1260 2
879 1608 2
1351 434 2
176 824 2
451 453 2
891 1544 2
176 1342 2
192 349 2
1221 1128 2
944 451 2
1287 113 2
187 1470 2
453 671 2
1351 742 2
12 1082 2
1090 434 2
879 940 2
1151 1506 2
1072 178 2
176 682 2
1394 796 2
1461 1144 2
880 1296 2
1236 86 2
923 1112 2
923 1630 2
923 846 2
596 940 2
923 1638 2
923 1529 2
708 290 2
923 1641 2
439 1221 2
1071 465 2
453 242 2
86 1027 2
1530 406 2
290 549 2
307 1585 2
923 587 2
923 15 2
923 1631 2
923 1639 2
86 1269 2
923 57 2
923 1326 2
1152 1325 5
1300 93 5
90 1465 5
1341 1070 5
1215 958 5
1013 1102 5
998 1209 5
1280 845 5
958 1524 5
34 8 5
1536 139 5
788 1072 5
1508 1072 5
467 1072 5
1142 1072 5
1559 80 7
1470 1083 7
958 885 7
323 169 7
323 1612 7
323 1572 7
338 1581 7
1022 1236 8
161 1062 8
1360 904 9
1507 17 57
93 1504 57
338 64 30
1476 535 30
809 781 30
1476 1074 30
1356 761 15
548 1609 47
946 88 62
796 1584 28
1062 559 2
1394 1338 27
988 974 30
823 728 7
1173 458 33
1158 140 8
118 444 2
495 743 3
349 910 2
1075 596 30
205 283 77
982 1209 5
925 1351 2
140 1581 8
880 60 41
322 865 6
359 1054 7
337 321 6
568 337 6
381 928 45
1300 1000 5
457 102 2
1052 39 8
83 1070 5
897 1395 7
0 196 1
1252 849 2
453 458 2
230 915 33
1306 393 5
939 355 8
346 1342 7
98 1296 7
651 1604 38
880 272 31
1360 991 2
988 1449 2
312 1224 2
1225 795 48
558 1292 33
563 620 2
434 875 6
259 90 8
291 338 5
546 265 6
1225 124 1
761 1364 1
995 433 7
720 743 5
1330 124 1
176 203 41
1338 1198 54
535 1160 2
1541 697 2
1100 771 2
424 546 2
854 1199 7
880 436 7
1447 113 2
1080 908 6
421 1488 2
80 454 7
995 56 33
759 628 2
988 70 2
524 914 2
159 284 6
867 320 2
176 355 7
1476 350 30
620 104 2
620 500 2
843 796 2
761 21 8
273 1054 2
35 1198 2
1295 739 27
834 57 6
1084 824 23
45 235 2
1054 1121 2
620 36 2
1461 722 30
938 88 2
999 1635 77
148 1556 2
1337 546 25
276 1384 8
858 179 8
304 858 10
501 390 8
1258 1141 2
1166 834 8
97 623 6
883 368 31
737 535 30
28 424 8
28 820 8
988 119 81
380 541 2
1030 322 2
435 1 6
753 939 15
598 355 8
457 730 2
199 1507 1
880 584 41
24 681 2
337 618 27
870 1325 5
904 1328 84
565 26 2
229 307 2
1106 0 0
593 228 8
688 1488 2
55 338 5
502 357 30
900 504 2
387 1070 5
314 958 2
80 1546 7
234 1310 8
1022 1321 8
898 1388 7
752 1118 5
1110 742 2
1114 452 12
1419 533 5
1565 1141 2
375 546 30
318 1199 7
646 1581 8
27 64 30
1341 766 7
279 1258 27
1215 300 7
535 81 2
1321 1062 8
1250 453 34
995 83 8
879 262 2
504 223 26
995 976 33
534 579 2
530 89 2
843 1424 2
190 33 2
999 50 14
958 618 7
462 1102 5
1330 97 8
145 502 1
518 1062 8
1326 3 8
172 384 3
159 1515 2
727 883 33
1399 80 7
116 320 6
1193 147 8
197 958 5
157 936 8
651 1270 5
909 97 6
488 533 2
535 1094 30
381 212 44
958 1617 3
476 823 2
255 1393 2
594 957 8
1039 914 2
594 1307 13
502 1437 20
49 453 34
1152 1340 2
928 3 8
460 1073 2
928 300 2
928 341 3
501 1310 8
1233 1168 1
713 823 33
999 884 77
766 338 5
674 1090 2
452 1388 7
454 697 2
817 1581 8
702 459 7
1140 1562 2
1121 958 2
1024 628 2
220 575 2
673 796 2
126 90 8
1166 83 8
1253 823 33
719 939 15
759 513 26
1127 1062 7
534 109 0
744 591 1
377 990 5
1098 1264 2
1565 166 2
1351 576 2
1536 627 52
928 678 41
1040 102 8
80 107 7
54 1581 7
43 1236 52
928 574 41
759 677 2
1056 1609 47
108 139 3
1024 1337 20
1019 32 8
80 3 7
1183 320 7
1210 936 7
179 1199 7
177 1062 8
76 796 8
322 75 3
176 638 2
1541 178 2
1087 554 2
530 1009 2
642 399 2
1129 761 15
530 282 23
307 418 30
1461 375 30
1438 21 8
601 507 7
290 1420 8
1287 602 2
159 540 2
1506 512 2
1538 97 8
784 923 77
269 1296 8
1110 338 5
371 1550 8
854 694 39
186 97 8
139 399 2
1054 1457 8
93 888 57
784 1215 77
33 762 2
727 596 33
115 938 1
1052 393 2
938 33 2
999 1580 77
1144 1127 6
720 52 8
628 42 8
45 112 2
1052 289 2
944 183 2
154 147 8
1519 1581 8
1566 727 57
1054 1389 8
143 1212 8
642 724 30
813 593 7
672 671 7
907 858 2
1375 796 2
575 1075 2
440 312 1
457 779 2
24 334 2
1371 743 3
325 1184 6
1456 93 1
1468 590 7
337 563 27
789 1407 2
124 743 3
817 502 8
1158 937 8
1481 976 7
1098 1151 21
854 1070 5
192 1294 21
596 782 30
958 513 26
998 226 1
322 834 2
761 37 7
1322 1418 7
1439 620 2
1327 1342 7
390 284 6
995 1298 7
823 1500 30
667 1236 8
138 915 30
920 205 19
183 1052 2
1409 936 7
211 147 8
796 704 25
216 904 9
603 647 2
620 677 2
625 1393 2
88 622 34
1215 177 7
292 628 2
346 1325 5
1303 147 7
958 563 7
958 167 7
584 284 16
507 1384 8
145 488 2
1400 112 7
575 1479 2
266 530 2
51 341 3
270 210 2
595 1255 2
1052 625 2
603 475 2
1400 800 7
999 605 77
729 936 8
1407 91 7
270 502 2
594 907 2
1396 1156 7
1024 513 26
381 553 44
1350 1287 1
1054 18 8
292 1337 20
192 877 30
899 1374 7
1383 702 7
745 440 35
361 510 2
274 1285 5
1139 831 2
1104 1351 1
1098 507 0
349 1292 33
823 533 3
207 543 1
98 940 2
593 743 3
1023 1396 8
990 1430 57
1152 1212 8
657 1351 2
1199 129 5
1025 502 8
205 1414 7
228 586 2
495 1335 5
1019 1315 7
1102 627 12
403 1325 5
454 178 2
898 3 8
322 1457 8
474 1557 5
69 1424 2
1533 534 1
183 1342 7
69 1419 8
241 915 30
744 468 1
1209 259 7
327 596 14
173 284 2
1445 933 2
425 1112 2
179 1581 8
233 338 5
1399 284 6
504 272 2
995 588 8
854 1062 8
642 47 8
977 530 2
880 200 2
1424 1213 7
270 1198 2
45 1436 2
1326 226 3
601 452 7
483 453 1
176 119 2
1538 42 8
1545 936 8
406 435 8
65 338 3
999 837 77
631 1305 8
1540 908 8
1390 590 1
24 1274 12
34 1605 38
1188 1341 50
1173 976 33
34 987 2
1329 1070 5
478 101 8
64 861 30
28 22 8
1083 1511 9
349 1428 2
1037 908 8
527 1225 5
596 947 44
360 97 8
406 1475 5
1316 97 15
563 914 2
231 1424 2
1562 345 0
228 1236 7
383 1139 30
1207 1129 5
1505 90 8
453 684 2
883 1337 7
215 1224 2
1026 172 2
1421 908 5
210 1196 2
905 26 2
910 742 2
502 573 15
341 1581 8
234 116 8
795 75 3
440 126 2
1351 753 2
707 1325 5
22 1341 30
1251 742 23
809 23 30
1415 1112 57
1331 1322 13
917 59 8
416 998 2
1487 139 3
1424 743 5
880 604 2
307 1354 2
178 1213 6
915 1455 30
207 125 2
1333 766 8
88 215 7
809 315 30
756 1062 7
322 18 8
1212 958 3
1525 854 27
805 671 30
251 138 35
824 850 6
35 1424 2
620 622 2
739 568 7
1204 936 8
1078 1424 2
1525 289 2
804 1152 26
1281 908 6
49 397 2
292 177 2
338 98 30
309 697 14
763 823 30
527 813 8
647 80 8
380 543 2
45 357 2
1246 742 57
33 647 2
1461 21 20
486 1264 2
603 128 2
752 80 8
385 147 8
514 958 3
923 1150 2
1166 1420 8
938 210 2
858 743 3
705 732 7
35 45 2
745 453 35
337 912 27
1053 796 2
1052 1258 2
917 536 2
88 313 5
988 483 15
934 957 8
590 812 2
1472 1112 57
116 917 2
440 489 1
999 1395 7
780 1287 1
447 113 2
347 883 2
852 1139 30
1495 172 2
361 90 8
208 21 7
1252 387 8
455 529 7
1231 322 2
498 338 5
550 823 33
1098 466 2
264 880 15
350 502 8
540 1122 2
413 290 1
774 488 2
78 1333 2
1371 1204 30
258 598 30
985 1470 2
737 1424 2
1476 1204 30
535 599 2
242 293 0
563 90 8
526 1031 2
254 353 5
546 114 8
45 1449 2
867 1461 8
284 1135 2
1394 889 27
805 338 5
411 80 8
1404 771 2
150 739 27
290 330 8
208 976 30
69 1296 8
1303 720 7
1087 881 3
166 1131 2
1295 1342 7
1177 988 2
1117 1325 5
454 501 41
939 1203 6
452 224 5
1458 915 30
55 908 8
252 1024 27
999 925 5
796 277 21
976 998 29
577 1054 2
940 159 7
1407 1002 2
1015 934 15
1382 914 7
144 1396 8
917 1456 2
1094 1371 30
796 1327 6
1257 1070 7
1166 377 8
908 1154 7
1177 1207 8
596 600 44
478 46 8
936 848 8
575 673 2
478 384 3
360 88 3
340 225 7
454 923 2
546 550 1
360 42 8
1024 458 2
450 883 2
1040 104 8
1480 1112 23
193 682 57
702 484 74
891 957 1
81 1087 2
1126 1062 7
315 453 2
774 1184 2
1017 1360 2
862 338 5
151 1070 5
915 611 2
1019 326 8
681 1199 7
80 297 7
1566 1044 12
420 1141 2
744 713 1
1463 75 3
1215 1550 7
307 611 2
894 891 7
330 97 8
300 1221 2
1098 671 33
37 1236 6
290 1381 7
32 1325 5
1544 568 7
1328 1062 7
81 596 33
200 284 2
349 3 10
1309 796 2
762 90 8
291 1549 2
1022 296 8
961 534 1
867 90 8
1239 1341 30
897 1268 5
514 739 27
244 1236 52
434 36 14
411 1396 8
1456 904 9
507 591 2
24 1292 33
939 228 6
155 702 12
1461 893 30
928 1176 7
1183 1062 7
823 1131 7
586 889 2
1551 534 4
1052 911 2
718 742 23
702 1381 7
1249 88 1
255 540 2
337 857 27
271 380 2
808 45 2
279 604 50
575 905 2
847 1578 5
337 393 27
631 1315 5
250 147 8
829 42 8
1481 101 33
349 890 33
1152 23 2
548 576 1
923 918 8
337 1081 27
1481 651 69
593 341 3
1040 1420 8
238 1184 2
507 293 0
570 908 8
80 633 7
440 803 2
322 664 2
527 23 5
502 477 41
451 480 2
1454 406 2
759 1495 2
635 1562 1
1351 1384 7
1079 1072 7
417 917 27
889 1141 2
1444 1562 2
438 26 2
576 139 3
880 1177 2
279 1033 27
1215 471 7
1215 75 7
917 477 70
657 1173 2
958 1004 27
1160 1070 5
765 172 8
135 1325 5
593 1335 5
546 13 64
1309 1424 2
42 1310 7
437 24 2
620 903 2
581 915 30
514 474 2
1215 403 7
546 59 8
58 1488 2
287 534 2
761 424 8
620 1195 2
1394 834 27
535 179 8
276 1418 7
1252 1304 5
847 833 7
1407 327 2
1087 92 8
722 739 27
627 440 7
737 1296 8
1141 1127 6
1221 228 8
847 1125 7
1506 1262 2
603 701 2
1299 1359 2
1340 1566 5
417 904 9
598 831 2
999 435 77
586 1121 2
442 1325 5
322 658 0
1173 562 23
999 1123 77
674 933 2
372 936 7
577 603 2
1052 1097 7
876 51 5
147 341 3
543 988 41
1495 917 2
917 1401 2
779 846 6
1463 728 7
596 941 44
495 21 8
595 97 8
1160 453 34
568 57 6
565 1221 2
36 1581 8
806 292 2
1233 1235 1
1076 596 30
1296 1518 0
457 218 2
1001 1173 2
202 741 1
1037 42 8
218 172 2
205 848 7
653 1087 2
672 88 2
57 837 6
598 1448 30
438 1072 7
80 346 7
205 1140 7
170 57 6
1237 90 8
681 1581 8
1145 80 8
77 1342 7
907 958 3
1317 1184 27
147 678 41
889 166 2
534 1446 2
330 88 3
534 666 12
594 393 5
1424 341 5
679 139 3
330 42 8
902 97 8
750 1199 7
80 174 7
647 958 2
976 1287 2
68 406 2
527 83 8
1552 958 3
1536 626 52
369 546 31
958 1021 7
721 1141 27
270 1424 2
285 880 2
1507 444 57
15 776 5
915 485 30
101 1325 5
1296 3 7
941 846 6
913 307 30
384 1342 7
1395 1199 7
780 451 30
49 883 33
739 1583 8
727 702 12
928 433 7
945 1296 8
307 485 30
486 466 2
1506 579 2
357 546 2
1052 168 2
858 341 3
147 636 2
90 980 5
292 98 8
115 1005 1
1 1153 6
1488 255 2
720 119 8
1160 1359 2
1024 1495 2
1041 1525 2
292 390 8
449 488 2
235 898 2
1380 45 2
899 917 7
796 239 1
841 139 3
904 360 84
586 662 2
1024 1031 2
1453 881 5
1052 387 8
1339 521 5
36 205 14
1031 322 2
247 796 8
858 1335 5
1158 1108 8
1459 739 2
338 21 7
125 307 2
843 1152 26
80 974 7
80 578 7
771 817 1
548 854 2
879 154 2
727 742 5
419 282 2
432 1419 8
1187 372 1
192 499 2
499 0 0
897 743 3
168 1132 7
1111 8 7
880 726 2
183 535 2
410 610 2
279 978 27
1215 20 7
1297 534 1
770 0 7
1476 1094 30
82 502 8
872 988 2
1196 1393 2
1207 719 8
406 524 7
1227 495 8
195 172 8
504 1418 2
0 683 0
1541 1322 13
502 844 2
147 1332 2
183 759 2
451 750 30
487 1342 7
45 979 2
599 1070 2
784 1326 77
1352 1325 5
1396 1395 7
713 1046 12
780 1371 30
207 1610 56
784 15 77
735 172 8
252 914 27
365 1298 7
1295 80 7
988 347 30
55 88 3
543 192 30
914 1496 53
486 671 33
917 716 7
1201 761 15
591 671 33
928 119 8
254 821 75
240 535 2
1292 928 45
595 42 8
1040 1305 8
350 796 8
1272 97 8
1158 75 3
178 136 6
1358 1393 2
108 1296 8
1014 1207 8
879 741 1
208 877 2
1188 1207 5
152 598 30
1474 620 2
1009 824 2
491 1070 5
1253 1581 8
199 908 8
1317 337 27
528 858 12
715 88 5
880 1412 7
754 1342 7
530 901 2
1215 648 7
1186 908 7
292 1495 2
971 620 2
338 624 30
902 42 8
867 1296 2
681 1062 8
1424 930 53
759 689 2
262 178 1
595 671 16
620 1080 2
84 452 2
855 1581 8
731 45 7
642 223 2
841 1198 2
873 1144 44
273 823 2
514 1112 23
739 53 2
656 893 14
290 848 8
1141 681 27
1329 97 8
606 547 7
1193 891 8
163 507 49
1127 88 5
208 533 5
365 661 2
1382 1536 7
1526 3 8
1038 995 1
1447 1187 0
1264 686 7
479 917 2
33 122 2
143 978 3
558 77 2
782 1252 2
1082 168 20
143 932 8
1056 80 8
939 424 8
42 769 8
455 1393 2
769 284 6
847 1514 0
361 908 8
915 468 1
1082 856 20
434 1381 7
301 612 77
898 433 7
1371 21 8
671 831 2
449 365 2
819 796 8
139 840 30
1507 784 19
361 1236 8
1225 796 48
823 1392 30
28 21 8
300 1515 2
917 298 8
502 22 30
80 919 7
910 908 8
546 1000 1
555 1396 8
728 1566 5
323 303 7
34 411 40
1022 298 8
1346 208 2
72 1199 7
118 724 35
370 1255 41
1144 1541 35
1327 1062 7
973 178 1
205 83 8
71 1090 2
642 1310 8
1209 1058 7
1128 1108 8
1110 42 8
406 177 7
842 530 1
432 1296 8
1401 603 6
1438 833 8
279 563 27
156 908 1
1375 1152 26
761 22 8
1305 936 7
281 671 2
284 678 2
139 1211 2
279 855 27
1069 897 7
349 441 0
1356 1014 0
502 393 2
890 928 45
1054 1122 2
1287 274 12
1461 1119 30
1296 1305 8
858 226 3
592 891 7
999 1636 77
1496 1166 38
1173 491 2
251 31 16
360 527 7
752 147 8
1307 172 8
1497 891 8
596 863 7
451 272 31
365 1243 7
586 1011 2
272 796 2
1292 212 44
1052 1033 2
917 311 2
582 958 3
1055 45 7
1158 1457 8
914 857 2
575 1131 2
337 1375 27
125 1052 2
1166 1127 8
581 488 2
279 1518 50
88 776 5
440 701 2
457 731 2
1480 1090 2
322 183 6
923 1149 2
904 1329 84
1082 704 30
323 1395 7
210 911 2
569 908 8
1451 908 7
476 24 2
337 911 27
1391 1082 8
238 1072 7
1310 958 5
932 90 8
98 322 7
1359 229 33
1272 42 8
1128 1121 2
1306 1314 5
1120 1581 8
555 322 2
325 928 2
915 149 8
1093 284 6
1247 958 3
1225 45 48
671 75 8
880 1299 2
86 778 2
1215 989 7
1447 1046 12
535 374 2
555 249 8
739 667 27
603 850 52
17 632 15
526 806 2
535 1161 8
211 495 8
616 739 27
434 890 14
603 1391 2
1210 205 7
494 1351 2
1562 363 2
1322 32 8
1054 1004 27
739 102 2
634 97 8
849 917 2
598 741 12
934 704 1
599 1351 2
1303 495 7
231 1152 26
411 147 8
172 47 8
759 269 8
601 276 7
290 793 8
225 658 0
441 1325 5
1329 88 3
507 129 8
1326 296 8
928 369 2
856 495 8
271 1198 2
255 998 2
1570 1118 5
1500 1562 2
565 1515 2
116 1342 7
192 1170 0
539 671 30
1447 1132 0
820 1396 8
117 24 1
1045 921 38
771 1415 5
135 1207 8
470 502 2
479 147 33
552 1407 2
434 493 6
1413 958 5
778 739 27
769 540 2
558 246 2
672 210 2
429 880 2
1236 1395 7
80 72 7
1482 908 8
1120 502 8
981 1184 11
325 1556 2
1315 1198 52
233 42 8
1341 1395 7
314 172 2
168 1 6
1019 789 8
1215 929 7
202 1232 2
474 1509 5
897 341 3
796 75 3
1201 546 1
1443 1371 33
81 702 12
880 324 2
519 202 7
1306 937 7
371 412 5
1080 1525 2
1193 1199 7
1090 562 2
743 1062 2
631 1388 7
279 112 27
365 568 7
419 787 8
618 934 7
856 1128 2
178 32 8
1439 999 14
903 139 5
897 1335 5
86 22 8
1283 113 2
619 147 8
582 739 27
575 415 1
33 763 2
543 80 8
323 346 5
927 527 1
1191 397 75
1383 143 7
380 555 2
940 562 7
795 1491 7
1264 909 2
0 109 0
236 879 74
1152 366 2
24 1291 33
1292 553 44
575 1076 2
558 650 2
1481 987 2
320 865 6
205 1149 77
1082 357 30
1025 824 23
641 1152 26
249 92 8
440 605 1
360 742 2
586 492 2
923 698 2
998 691 1
911 988 2
210 856 2
783 344 2
1104 1453 2
284 810 15
917 480 2
167 1224 30
581 365 2
808 440 2
68 995 1
1019 1125 8
302 1562 7
995 1094 33
205 287 7
1128 1457 8
524 1556 2
416 1054 2
882 80 7
527 568 7
590 519 35
726 1070 5
78 365 2
406 1214 7
1090 1475 37
12 1230 20
1215 246 7
995 75 3
46 846 6
492 452 10
1252 39 8
1262 546 35
797 90 8
591 594 10
86 723 2
507 1021 1
738 682 2
847 676 7
45 877 2
534 129 2
381 1342 7
620 678 2
497 178 1
1550 796 8
45 1169 2
534 421 2
294 90 8
588 1118 5
620 1366 2
1525 241 2
1256 1525 83
166 455 2
1295 1062 7
154 1141 2
497 547 2
33 1391 2
603 872 2
380 1183 2
915 1445 1
191 598 30
150 1393 2
914 1138 2
302 858 10
1042 210 2
928 246 2
934 1305 8
601 90 8
990 1499 57
205 174 77
738 338 5
151 88 3
208 833 7
145 1396 8
915 503 2
925 858 12
256 88 3
915 399 2
923 114 8
256 42 8
990 1431 57
185 1024 27
883 1340 2
334 1173 2
192 938 6
106 453 2
564 1255 2
1450 1525 2
191 1073 2
1287 1225 0
441 593 7
1019 46 8
999 743 3
1019 384 3
901 88 3
915 326 8
1536 865 52
3 139 3
530 726 8
1128 18 8
419 112 8
279 125 27
847 1304 7
535 961 85
542 1324 39
586 513 26
72 1062 8
1403 338 5
1476 241 30
841 1424 2
736 1419 8
603 1568 2
493 824 6
999 1302 77
739 675 2
631 937 7
419 44 8
12 479 20
451 1500 30
1058 1052 2
900 338 5
161 1550 8
154 166 2
1476 173 30
45 126 2
1448 1073 30
1506 62 2
722 891 7
277 958 3
928 1338 2
928 942 2
1212 1325 5
1405 88 2
1001 594 10
598 22 8
737 28 8
139 1033 2
337 285 27
1393 728 7
1106 594 10
1322 1220 14
1052 235 2
713 113 2
1037 914 2
25 178 2
1146 908 7
1148 1424 2
1173 873 33
380 140 2
944 421 2
279 324 50
575 625 2
125 546 2
1429 1335 5
1309 1152 26
1253 113 2
514 1325 5
1040 848 8
922 453 2
878 1252 2
576 1296 8
45 347 30
325 1190 33
593 119 8
1367 504 2
773 1166 1
1228 358 1
553 1345 2
998 568 1
1124 958 3
451 200 2
744 1061 1
1232 897 48
1232 501 48
411 1525 2
307 1355 2
823 1446 30
750 45 2
212 50 2
880 1293 2
702 1095 5
211 139 3
177 1199 7
1438 663 8
74 958 2
1409 824 2
620 623 2
447 1187 0
514 590 2
1295 365 2
1207 390 8
1058 1342 7
1174 178 1
1170 1070 2
596 1099 2
1349 958 5
1284 1046 12
883 948 15
374 1112 23
1356 810 15
928 1570 2
936 1122 6
28 719 8
380 836 2
80 743 5
97 1210 6
1383 320 7
1173 1009 2
586 841 2
998 661 5
594 61 2
1141 779 6
914 1479 2
1173 282 23
1371 1298 7
535 1335 5
147 119 8
796 1079 2
108 1144 2
1391 917 2
419 1289 36
899 1612 7
1248 421 2
1007 1228 1
1454 93 1
142 1199 8
773 1152 26
916 80 8
464 540 2
102 93 1
250 891 8
250 495 8
1081 139 5
1252 393 2
491 97 8
637 705 5
417 1333 27
373 139 3
338 424 7
679 1296 8
1284 1132 0
1135 1128 8
1102 766 57
205 568 7
957 1070 5
863 1184 6
270 1152 26
1187 1531 1
386 845 5
532 1453 2
1287 1170 0
664 880 2
1110 527 7
1446 1046 12
809 1340 30
1098 824 23
167 1507 1
1525 882 2
1287 718 10
879 1177 2
1326 298 8
724 534 1
45 1450 2
1129 720 15
1536 54 52
385 1199 7
440 537 10
676 915 30
546 513 30
267 292 27
501 1214 2
208 412 5
271 1424 2
736 1296 8
205 523 77
277 466 2
928 491 2
1030 1141 2
841 1296 8
1446 1132 0
775 1285 5
1296 92 8
1322 873 14
148 1054 7
772 1396 77
1110 521 5
1224 881 5
795 1381 7
771 1245 5
591 874 2
314 739 27
1245 1112 57
527 683 66
478 47 8
1466 1088 1
879 920 1
391 823 30
1372 603 7
337 493 6
1359 1047 33
270 1073 30
572 936 7
1137 97 7
672 504 2
823 769 8
1259 15 2
1056 147 8
457 269 8
916 1396 8
1161 147 8
158 1118 5
447 1046 12
98 1072 7
699 97 8
97 770 2
1221 1449 2
80 298 7
1247 1112 23
441 1207 8
501 1208 0
541 1184 2
540 148 2
1207 1381 7
98 1144 44
84 923 2
681 823 33
168 898 2
419 393 8
419 690 2
181 1342 7
367 958 5
1128 533 3
410 726 2
419 685 8
398 620 2
1561 891 7
1022 297 8
126 338 5
1084 284 33
859 322 2
1443 933 2
177 1581 8
1438 1004 8
1476 418 30
847 566 7
724 1507 12
484 1609 47
1013 991 5
1058 1333 2
1103 719 8
447 1132 0
1554 1112 23
1062 1381 7
155 1087 2
45 595 53
504 1138 2
292 519 2
1124 453 35
883 881 5
384 87 7
1082 154 2
656 381 14
202 281 55
847 102 7
269 1419 8
1223 904 9
592 1062 7
1400 3 7
936 1446 2
1295 34 53
1538 908 8
222 527 1
1052 516 2
716 891 8
138 547 7
588 1360 2
1144 43 6
1047 488 2
594 6 2
24 537 12
531 598 30
192 476 30
29 1236 8
1188 208 50
917 436 7
41 999 19
128 1198 54
145 603 2
195 502 20
1466 1612 1
1140 1070 2
999 32 77
918 208 2
457 1194 2
558 837 23
654 1013 57
1431 1504 57
1354 1087 2
674 530 2
917 706 2
221 759 2
1213 1236 6
774 210 2
903 26 2
627 1118 5
558 1100 2
593 296 8
934 1127 8
334 771 2
774 502 2
849 939 15
185 914 27
657 858 12
27 596 30
1136 507 8
507 919 1
383 322 20
80 1614 7
1566 1231 17
1481 722 33
61 124 1
540 672 2
1252 265 8
720 611 1
183 883 2
1562 602 2
1080 1 6
482 1118 5
651 921 38
988 370 2
1221 297 8
847 1194 7
43 87 7
595 338 5
1474 320 19
620 1196 2
1076 1424 2
446 440 35
907 1325 5
510 1181 7
462 1566 5
594 1156 7
759 44 8
424 1070 5
507 92 59
172 114 8
1042 504 2
582 1342 7
206 990 5
254 904 74
501 1550 8
934 1500 2
1184 256 2
1042 796 2
789 1118 5
1232 1609 47
139 235 2
1041 210 2
1040 1388 7
1052 1436 2
26 259 2
1015 880 15
1296 37 8
703 1461 8
1526 119 8
85 187 41
1118 619 1
702 303 7
476 1287 2
917 627 6
355 1199 7
437 642 30
1004 1152 26
501 1482 8
917 1402 2
1041 898 2
205 4 77
415 934 5
240 883 2
1357 1046 12
242 976 79
322 1315 7
546 54 6
238 210 2
904 25 84
301 332 77
819 958 3
338 601 7
1493 172 2
535 1345 2
939 76 8
322 938 33
27 1224 30
917 18 8
1019 272 8
995 1448 33
1025 917 8
862 1054 7
1022 18 8
434 929 7
958 658 0
823 1616 71
1132 226 3
302 349 7
139 492 30
1444 88 2
928 350 41
697 863 14
189 553 2
1525 1455 2
1221 1321 8
88 881 3
303 908 8
1209 778 7
432 1062 3
166 667 27
1199 39 7
961 521 2
620 221 2
1451 139 3
553 138 35
176 706 2
66 26 2
406 626 8
697 684 1
594 1388 7
127 883 7
834 553 2
727 1087 2
1162 34 53
586 1004 27
702 1395 7
1000 594 10
439 309 30
601 575 7
847 47 7
419 622 35
1042 1424 2
371 1181 7
64 1448 30
1061 821 2
36 284 2
880 477 41
974 998 29
858 296 8
1145 908 7
510 471 8
780 558 1
1567 1374 1
1296 957 8
917 31 2
350 739 27
716 80 8
934 848 8
563 1141 2
455 739 27
1389 1544 2
596 1307 14
28 833 8
440 421 2
250 139 3
675 823 2
259 507 8
282 115 15
1430 17 57
1082 477 41
901 527 7
338 22 7
210 1418 8
307 1253 2
897 433 7
226 1024 2
3 682 7
800 936 8
897 37 7
98 42 7
68 1166 1
917 646 8
279 272 31
905 936 8
1022 646 8
449 1396 8
228 26 2
643 1236 6
1451 502 2
540 325 2
787 495 7
406 989 7
417 759 27
1132 808 8
997 45 7
642 929 7
998 685 7
328 97 8
545 1333 2
279 1375 27
279 979 27
1215 21 7
37 603 6
1505 338 5
300 88 2
266 0 0
1296 1388 7
1429 92 7
850 535 2
719 700 32
1461 1588 41
761 766 8
1424 595 53
406 1213 7
277 1112 23
1139 1291 16
1454 904 9
927 631 15
1515 1568 2
1525 704 2
535 813 8
26 272 2
338 513 30
444 115 15
1054 159 2
961 11 64
114 739 27
1180 958 3
752 891 8
752 495 8
505 284 2
1259 1342 7
1468 1062 7
24 1098 2
1264 59 7
1172 90 8
1188 781 50
1140 1351 2
144 891 8
1240 215 5
1023 1199 7
716 1396 8
270 671 30
575 168 2
220 1052 2
1082 1448 30
1481 675 33
795 848 8
1152 1384 8
880 368 16
627 88 5
990 1498 57
1102 888 57
939 21 8
528 596 33
1414 958 5
864 1619 2
62 958 5
1016 113 75
796 213 8
1280 1564 5
325 880 2
1336 795 7
187 1496 2
22 781 30
797 97 8
958 1035 7
936 1315 5
1019 149 8
1221 479 2
17 1376 15
898 341 3
1421 1342 7
862 1322 13
1114 139 3
207 267 55
922 939 15
1090 282 2
623 1515 2
739 450 2
517 1581 8
279 228 27
493 891 6
1141 1305 6
411 891 8
883 976 30
864 167 8
606 548 7
1458 642 30
944 368 2
738 97 8
42 109 7
1520 908 8
549 1652 62
1152 272 31
139 516 2
1163 1515 2
1397 147 7
642 513 30
488 882 2
723 1342 7
1058 759 2
940 282 7
239 488 2
668 338 5
702 876 7
720 65 8
1493 917 2
914 230 2
1252 1310 8
696 249 8
980 1325 5
1304 1334 5
215 1360 2
502 813 15
349 1100 2
1085 1325 5
383 915 30
598 21 8
744 1404 1
457 792 2
440 366 2
923 855 3
546 627 6
565 88 2
284 926 15
502 23 30
917 200 2
582 1325 5
990 523 57
502 303 20
1228 524 7
995 418 33
452 341 3
328 88 3
359 1118 5
1528 1306 1
328 42 8
900 97 8
1215 362 7
995 350 33
1438 834 8
847 792 7
1550 958 3
1529 1580 18
1429 433 7
1429 37 7
1400 297 7
277 1342 7
1198 206 2
1130 939 15
737 796 2
601 1252 7
292 641 2
1 1399 6
307 1455 30
137 97 7
619 891 8
601 1544 7
380 611 2
484 1407 84
1054 104 2
483 1581 8
1144 269 6
1173 388 2
999 326 77
1259 1333 2
1078 1419 8
926 527 1
1364 1333 2
572 1102 37
337 980 27
702 198 1
917 604 2
24 36 33
344 1070 7
1044 207 38
980 451 30
880 381 16
392 936 8
1228 829 1
457 1420 2
140 796 8
913 1252 2
915 223 2
634 338 5
1250 1296 8
95 1062 52
790 590 7
702 125 7
1252 168 2
1359 853 12
836 453 30
841 1152 26
275 1578 5
598 1047 30
46 1325 5
1252 163 8
241 697 14
602 546 35
1483 530 2
1126 502 7
1407 866 36
1225 406 48
1224 1000 2
1280 1509 5
457 36 8
307 155 2
797 88 3
1109 8 7
187 1045 2
1570 147 8
1011 28 8
846 1153 6
845 892 2
995 377 8
451 1392 30
526 411 2
476 642 30
1080 898 2
292 1395 7
847 1420 7
160 307 2
1509 1112 57
759 239 2
581 642 30
1403 891 6
251 1124 16
1198 834 2
1084 474 2
796 138 25
502 1418 2
1400 1217 7
35 80 1
1173 1480 2
147 303 2
1247 0 0
161 937 7
1281 1 6
1239 781 30
739 390 8
546 976 30
1326 297 8
934 1388 7
1461 437 30
290 1086 8
1493 739 27
145 1525 2
738 42 8
928 324 7
251 952 16
337 336 6
213 1236 6
359 1407 2
93 554 57
1264 282 2
21 322 2
63 97 8
139 852 8
1132 1421 1
1215 296 5
0 211 1
540 223 26
455 284 16
220 1333 2
774 1424 2
713 958 3
849 1139 30
478 114 8
915 455 2
485 139 3
729 1118 5
223 1371 2
239 365 2
952 697 14
1082 22 30
102 846 6
1082 418 30
440 311 2
499 594 10
923 462 8
1239 1152 2
1024 922 2
671 777 2
907 1207 8
1242 898 2
1116 1224 2
290 59 5
453 301 2
547 1177 2
1355 118 2
281 958 27
226 914 2
81 824 23
1326 728 7
323 541 7
197 908 8
87 390 2
1144 116 8
982 88 1
900 88 3
279 577 27
894 1396 8
897 296 8
504 689 2
809 36 30
292 70 2
900 42 8
411 1199 7
534 458 33
86 533 3
279 869 27
750 453 2
86 487 8
1371 1335 5
322 369 3
864 808 8
847 341 7
176 932 2
1191 466 75
139 1553 2
124 1335 5
49 118 2
786 1118 5
558 345 0
601 1139 2
491 1322 13
1054 1418 7
45 78 2
945 1419 8
1356 926 15
137 42 7
1283 406 2
1125 88 5
380 556 2
879 191 14
1397 720 7
716 1062 8
1394 206 27
268 1296 8
914 470 1
365 1131 2
1562 1554 0
923 767 2
531 320 19
222 594 1
524 1082 30
934 287 2
167 1187 8
582 507 8
1252 1492 2
1488 774 2
931 891 7
245 80 7
453 1101 2
917 607 7
1421 1325 5
238 1424 2
69 1325 5
689 1333 2
28 663 8
915 1479 2
1044 1236 8
210 857 2
792 759 2
143 533 3
772 24 77
209 824 2
122 26 2
283 988 31
817 796 8
588 147 8
551 739 27
1140 1173 2
1023 1062 8
86 500 2
80 1097 7
1357 113 2
349 2 2
618 1325 5
1450 898 2
207 542 2
1180 1132 0
22 51 30
1031 1128 8
632 124 1
558 160 33
80 1389 7
584 586 40
988 609 2
690 823 14
540 843 2
271 1152 26
915 433 3
1210 323 7
1215 247 7
861 349 2
202 154 2
971 178 1
981 1173 7
620 1039 2
671 21 8
1146 958 5
1424 259 7
54 796 7
502 1035 2
1392 275 67
619 1199 7
619 1141 2
1326 18 8
864 1395 7
1110 908 8
1337 501 55
306 139 3
620 1367 2
391 322 2
411 139 3
323 1335 5
1488 741 1
451 873 30
1141 903 6
929 284 6
26 498 2
489 1224 2
1306 83 7
928 315 2
1393 1004 27
575 667 27
192 1239 30
88 1418 5
143 500 2
772 824 77
1173 1357 2
847 1340 30
63 88 3
1391 1333 2
1440 988 20
1052 1211 2
475 26 2
1044 488 38
337 1553 27
155 502 8
928 247 2
613 139 3
205 175 77
1110 1566 37
502 1292 30
320 183 6
796 1381 7
524 761 15
1166 390 8
334 858 12
661 1393 2
277 1325 5
584 1584 28
365 83 8
915 359 1
681 1046 12
692 495 8
162 594 10
202 517 1
1006 1228 1
51 919 30
981 1198 11
324 534 2
1020 80 8
54 1118 5
301 795 77
298 57 6
1283 1132 0
1566 562 57
1231 1062 8
176 455 41
159 1118 5
1019 47 8
1407 606 35
527 1494 1
1474 1139 2
653 824 23
563 507 8
1451 45 2
202 782 2
411 502 2
1317 1252 27
1336 917 7
1215 1563 7
818 453 35
279 126 27
86 140 8
88 219 2
1144 1328 35
1549 551 2
1326 646 8
1438 36 8
530 309 33
262 697 1
1387 139 5
1054 1081 2
277 590 2
993 178 2
1253 1187 0
489 720 15
474 163 1
951 1296 21
1124 1325 5
406 360 7
292 239 2
172 855 3
1013 293 0
1173 942 33
26 1418 2
1265 824 6
864 685 8
914 1417 27
205 1267 77
486 534 2
584 1604 38
337 1305 6
923 816 2
1236 1335 5
1166 1482 8
97 875 6
1356 441 0
34 296 38
1341 1335 5
923 1108 2
923 712 2
321 1118 5
1152 604 2
575 626 2
641 1325 5
558 1284 2
390 823 30
1139 150 2
810 1419 8
923 644 2
530 658 0
1082 199 30
1161 891 8
158 1070 5
565 210 2
1160 147 8
1076 1152 26
510 1578 5
581 702 8
1355 1087 2
208 421 2
1329 697 2
658 891 8
1232 502 48
325 34 69
981 97 6
277 419 67
322 677 2
898 1217 8
922 1139 30
865 1396 7
759 1148 2
1371 911 31
183 603 2
502 980 2
434 390 8
836 26 2
534 367 2
878 139 3
1394 555 27
720 159 1
109 1187 0
1296 1491 7
1407 444 2
502 516 2
1525 479 2
829 928 2
604 1562 2
599 858 12
1184 39 8
934 491 1
1258 1333 2
1166 1381 7
33 1337 2
796 373 6
178 893 14
466 903 6
1306 424 7
1047 940 2
938 504 2
704 1488 7
1078 42 8
340 1562 7
584 921 38
424 1118 5
1179 1360 30
820 891 8
449 1184 2
1173 191 33
1152 1227 8
51 536 30
1158 269 8
455 891 7
995 1340 33
45 976 30
770 936 7
102 823 2
127 172 8
900 1024 2
598 877 30
56 338 30
1179 553 71
665 914 2
879 517 1
883 890 2
220 759 2
1102 663 57
1247 1207 8
1518 1187 0
961 1287 1
988 890 2
57 850 6
535 1357 2
292 233 27
546 877 2
308 1021 2
147 399 41
878 502 2
434 1482 8
442 702 8
393 1199 7
156 124 1
307 277 2
1562 274 12
247 1325 5
713 1132 0
596 980 5
584 1270 5
1024 833 20
535 893 2
932 338 5
197 42 8
265 284 52
1438 377 8
349 345 0
406 54 8
1253 1132 0
626 1396 8
1103 92 8
440 1226 10
365 68 1
493 1062 6
958 1034 7
1184 672 2
829 1556 2
915 1319 21
411 1062 8
737 42 8
1031 1070 5
932 603 6
761 1468 24
290 916 8
135 669 7
172 462 8
1396 92 7
932 936 7
1180 1419 8
933 812 2
662 1566 5
205 816 77
167 97 8
933 766 7
148 1393 2
1239 338 5
823 1135 2
686 1342 7
858 832 5
494 90 8
880 1578 5
118 909 2
1373 1132 2
591 771 2
1152 1418 7
495 766 8
1120 406 2
736 338 5
676 1287 2
555 1199 7
586 383 2
1024 1148 2
337 455 27
858 660 5
307 681 2
93 1091 2
349 160 33
112 488 2
878 1198 2
648 1070 7
234 63 8
876 88 1
736 603 6
1209 1298 7
88 918 7
1319 1506 2
311 999 2
718 115 15
763 795 7
1215 183 2
745 990 37
880 109 7
69 292 2
912 1132 0
516 917 2
789 453 34
54 1128 2
1438 568 7
381 883 2
1207 3 7
42 976 7
162 0 0
981 307 7
162 478 2
620 569 2
620 173 2
1324 1398 39
97 111 15
159 1024 2
737 279 2
147 1449 2
960 534 1
166 54 2
1394 500 27
1394 104 27
1544 1127 8
1230 1070 5
292 416 2
502 857 2
627 147 8
530 213 8
487 1396 8
1000 1280 5
575 929 7
162 702 2
1112 286 15
1400 296 7
28 957 8
713 1112 23
259 928 2
208 519 30
910 1566 37
377 1062 8
1259 1062 7
1144 336 6
914 1029 2
1371 848 7
923 1384 8
998 899 5
321 88 5
147 65 8
720 1156 8
449 1525 2
501 355 8
415 307 5
936 68 2
1037 172 8
440 728 1
1139 723 2
658 1199 7
1128 1315 7
1292 1371 30
936 63 8
1251 113 2
1537 1070 5
512 1325 5
145 891 8
502 1235 41
88 513 26
440 1457 2
1090 341 5
350 80 7
593 297 8
124 1217 8
221 1052 2
205 514 7
880 1201 7
80 1615 7
1102 1004 57
1333 1305 8
550 466 2
300 504 2
182 208 2
629 891 7
1001 771 2
546 484 7
78 488 2
1126 1556 44
1106 771 2
1215 765 7
1215 369 7
433 292 2
192 1140 2
1221 303 2
1198 677 2
535 942 2
350 451 30
894 147 8
819 1325 5
93 784 19
191 495 8
1221 298 8
1139 1340 30
419 3 8
69 1207 8
898 119 8
618 488 2
850 883 2
497 697 1
156 1 1
262 1024 2
35 292 2
440 775 10
49 1264 2
1461 1330 15
147 370 2
960 1507 12
1224 1392 30
820 1199 7
369 26 2
914 619 27
31 940 2
507 197 8
928 437 2
361 702 2
485 1252 2
682 1315 7
27 207 38
502 765 39
1393 269 2
127 917 8
586 104 2
1179 958 3
1284 958 3
453 248 2
917 1299 2
487 249 8
349 528 2
1102 1408 57
1056 139 3
1171 936 8
575 516 2
939 833 8
806 586 2
917 584 33
546 789 1
1127 1199 7
1336 45 5
1232 1199 7
1359 329 2
393 1070 5
341 1082 2
1152 129 8
217 1581 8
1000 1173 2
80 244 7
905 210 2
647 1424 2
452 119 8
995 138 33
119 88 3
530 1250 2
403 908 7
1078 1152 26
759 350 2
530 523 23
124 1178 5
647 1252 2
1211 88 2
590 1335 5
524 928 2
824 1138 6
847 116 7
406 627 8
620 514 2
373 603 52
192 92 8
365 1078 2
754 249 8
382 1062 7
421 1139 30
724 11 64
1131 939 15
1028 1141 2
536 671 30
1207 213 8
858 297 8
419 519 35
555 1070 5
833 97 8
192 782 30
328 338 5
457 916 2
720 855 3
523 939 15
598 833 8
25 697 2
620 1124 14
1480 1371 33
1562 1225 0
565 504 2
990 647 57
52 1070 5
279 1239 50
28 834 8
28 438 8
558 1114 2
80 1336 7
315 1342 7
368 1236 8
1371 766 8
1232 796 48
337 1028 27
1122 739 27
823 32 8
459 502 8
362 172 8
207 421 2
766 57 6
550 1046 12
269 338 5
290 1150 5
596 851 30
205 459 7
681 113 2
796 793 8
1476 1456 30
1090 1384 7
726 1517 1
447 958 3
90 971 9
1341 1217 8
1121 172 2
880 1416 2
1144 579 35
761 1127 8
232 1102 5
1525 773 2
82 796 8
432 42 8
167 1371 2
1179 1215 7
445 1132 0
1295 488 2
1207 1305 8
124 135 5
1081 898 2
1087 39 8
737 1144 2
178 728 8
421 1270 5
1052 1450 2
618 365 2
880 32 8
1461 483 15
1085 923 13
367 527 7
45 1565 2
1330 939 15
1351 241 35
1461 833 20
1497 1199 7
1391 1207 8
468 771 2
634 42 8
145 1199 7
4 1236 6
1184 197 8
925 702 12
1322 368 14
1488 1177 2
945 1199 8
720 1437 8
1526 65 8
338 719 7
27 1236 8
26 497 2
988 986 41
170 596 30
1215 412 5
1264 690 2
290 1554 5
702 937 7
702 541 7
34 428 2
329 697 2
581 1525 2
126 172 8
1082 568 15
1024 350 2
221 1333 2
646 507 21
867 671 16
1252 516 2
323 433 7
440 31 2
878 796 2
1296 1361 0
377 1072 5
1371 83 8
923 182 8
995 168 7
1016 474 75
450 671 2
1021 891 8
1287 1397 0
1478 558 2
344 80 8
635 534 1
555 671 2
83 739 27
555 1062 8
457 92 8
1437 1062 7
172 638 27
744 1001 1
85 847 2
208 1125 7
1019 114 8
1209 792 7
1247 998 29
951 847 21
1445 1070 2
295 397 2
928 692 41
1570 891 8
1570 495 8
279 297 27
1541 656 2
868 335 2
534 562 23
1380 34 41
671 716 8
1326 817 8
1232 694 39
176 360 2
638 936 8
1476 309 30
1281 57 6
483 590 1
996 90 8
167 292 2
491 697 2
192 37 8
1133 338 5
1554 998 29
341 1166 1
259 1190 33
439 255 30
601 917 7
27 488 38
874 412 5
34 1124 2
784 1333 77
1054 1080 2
307 724 30
833 88 3
359 1359 2
1207 974 5
145 166 2
823 1315 7
586 677 2
1388 80 7
1232 1070 5
1174 279 2
337 1041 27
40 139 3
1024 1338 2
363 178 2
125 322 2
340 349 7
145 139 3
478 462 8
910 879 2
1028 914 2
320 1315 7
1160 883 33
202 920 1
1359 610 2
1359 214 2
878 1424 2
45 519 30
81 1566 1
1545 338 5
1152 311 2
914 455 2
817 958 3
1458 1072 7
844 1360 30
337 577 27
116 1584 28
452 1156 8
1040 916 8
695 936 8
992 1342 7
930 1525 40
1562 718 10
1047 697 14
800 90 8
631 719 15
1306 980 5
1190 70 35
1184 223 26
893 1073 2
558 264 23
334 558 2
804 908 8
1341 433 7
1179 936 7
86 152 2
390 1073 2
502 859 2
395 1393 2
115 265 15
255 88 5
737 527 7
86 881 3
937 958 5
398 1139 2
172 1384 8
1283 93 1
466 850 6
1438 1127 8
1024 272 20
504 619 27
864 1156 8
543 596 14
470 1236 6
357 1585 2
165 292 2
434 952 14
479 1236 6
551 1325 5
1139 911 31
1069 795 7
270 292 2
49 466 2
1526 1389 8
1141 623 6
255 1128 2
944 893 2
205 1274 77
575 1493 2
297 88 3
692 824 6
1259 1334 2
1154 1342 7
1302 88 3
1112 1200 15
440 1459 2
1061 284 33
1335 1070 5
1026 1333 2
820 1062 8
189 824 6
1054 32 8
992 990 37
240 86 2
217 1252 2
1158 44 8
205 1100 7
108 1207 8
143 881 3
1254 80 8
202 278 2
45 1439 30
588 495 8
217 1184 2
552 742 23
185 1141 27
329 178 2
1121 917 2
507 1105 0
598 1340 30
401 338 5
1252 852 8
438 172 7
535 840 2
324 546 2
1008 90 8
98 908 7
507 1397 0
192 1388 7
1019 163 8
80 134 7
88 1004 27
552 1396 8
406 1563 7
744 550 1
284 1127 52
818 1325 5
279 1553 27
313 1070 7
168 0 7
12 664 20
847 1025 7
1209 377 7
292 1338 2
278 904 58
562 761 15
17 926 15
1549 667 2
1209 273 7
1536 685 7
1497 1070 5
1460 934 15
1184 843 2
3 958 5
406 855 3
528 97 8
617 1062 7
484 1252 2
110 320 5
1002 284 14
1461 730 30
928 663 2
64 1047 30
26 1138 2
139 66 2
864 743 3
933 937 7
1451 1507 1
921 1227 7
300 883 30
380 221 2
1399 1396 8
1132 1422 1
255 80 8
596 119 8
586 622 2
1505 172 8
1252 1553 2
819 1207 8
173 915 30
1495 1333 2
1025 821 2
988 265 15
28 36 8
218 1052 2
97 568 7
1082 23 30
910 824 2
988 272 31
1082 315 30
897 32 7
548 58 2
1254 1396 8
416 1184 2
1424 533 5
178 1399 6
808 596 14
119 251 55
1221 1121 2
1120 796 8
1289 115 15
1445 1351 2
440 536 2
449 891 8
990 230 17
541 1252 2
998 581 1
1062 59 5
878 1296 8
898 937 8
897 297 8
1333 92 8
659 891 8
46 908 6
514 1371 33
3 879 9
671 1388 14
1226 821 75
86 92 8
71 933 2
650 1224 2
168 251 33
1211 210 2
468 594 10
1515 1131 2
62 527 7
712 308 7
179 958 3
315 1139 30
1087 1578 3
858 533 3
1482 139 5
526 1008 39
1103 787 8
139 1450 2
277 998 29
161 296 8
1413 908 8
594 246 2
1058 1396 8
1174 1024 2
164 42 8
736 97 8
361 1556 2
155 824 23
1221 881 5
1393 1437 7
205 1615 77
33 661 2
796 489 6
1284 1112 23
323 244 5
1112 61 15
466 623 6
380 849 2
271 908 8
322 99 0
1252 1493 2
1144 111 6
914 804 2
988 531 30
718 823 33
594 132 7
350 365 2
1350 558 1
1502 1351 2
934 976 2
988 584 41
897 728 7
218 1342 7
338 213 7
404 958 5
256 172 8
1140 858 12
1121 739 27
737 671 30
82 434 1
590 1217 8
361 172 8
1480 933 2
1191 225 5
452 1437 8
558 229 33
284 1179 31
1357 474 2
416 1609 47
792 1052 2
417 1054 27
775 879 74
1354 824 23
1215 608 7
670 908 7
988 1006 2
603 865 52
1078 338 5
842 1173 1
629 1062 7
759 854 27
228 936 8
70 547 7
1022 1457 8
439 1131 2
333 90 8
534 491 2
620 1436 2
187 595 2
287 671 2
178 252 6
761 957 8
823 810 15
328 908 8
502 1036 2
921 347 30
988 938 2
1446 1112 23
1221 32 7
722 823 16
1221 370 2
287 1359 2
999 341 3
1315 908 7
318 1233 80
565 883 30
759 226 3
176 250 2
208 1094 30
1394 903 27
485 320 6
703 914 2
720 903 1
528 88 3
574 1507 1
522 1396 8
275 789 2
988 114 39
406 462 8
694 909 1
1058 322 2
528 42 8
384 783 7
771 1430 5
759 112 8
1287 214 2
1163 322 2
1448 739 30
769 1118 5
1056 1252 2
1507 764 2
699 1562 2
1160 1264 2
371 766 8
999 1335 5
1252 1375 27
928 608 2
723 883 2
1551 24 4
651 380 40
646 1132 0
488 773 2
419 658 66
474 52 1
224 90 1
1173 1307 13
598 1583 8
923 85 2
1522 139 3
530 99 0
1448 671 30
115 446 1
1382 928 7
546 750 30
669 1482 7
919 45 2
349 699 2
978 451 30
205 1381 7
1466 705 1
208 1127 7
1552 1325 5
337 506 6
1377 936 7
292 1335 5
85 1199 7
45 117 30
349 264 23
933 519 35
1001 858 12
190 1141 2
226 172 2
1227 1342 7
176 60 41
210 462 8
221 540 2
810 1062 3
209 434 2
796 44 8
846 1399 6
447 1112 23
921 1439 30
1172 338 5
1003 1090 2
1221 728 7
1209 1414 7
995 309 33
420 759 2
744 727 1
84 1040 2
1497 1419 5
530 1025 2
279 127 27
216 147 8
1333 37 8
353 441 0
406 825 7
702 469 5
1226 474 75
861 1562 2
880 563 2
620 854 27
494 883 33
321 147 8
246 1325 5
290 1395 7
181 1396 8
730 1073 2
86 37 8
759 808 8
879 309 14
1382 958 5
620 289 2
150 488 2
176 436 7
127 1393 2
858 140 8
115 850 1
600 1255 2
502 285 2
90 342 9
1394 220 27
1119 642 30
381 535 2
1357 1132 0
1129 453 1
45 420 2
1287 446 2
32 1 6
33 314 2
888 934 15
738 908 8
360 419 7
1299 349 2
880 941 41
61 97 8
586 903 2
24 246 2
39 139 3
1155 1207 8
958 44 8
1468 502 7
1371 568 7
923 1104 8
586 1195 2
1447 0 0
284 784 14
914 1041 2
28 213 8
218 891 7
501 471 8
816 958 3
575 1310 8
184 87 57
449 1199 7
1274 771 75
1371 937 8
885 108 1
590 138 35
792 1393 2
408 1325 5
761 246 1
540 857 2
659 1199 7
1252 54 8
1228 256 1
809 678 30
1128 909 2
83 1342 7
535 334 2
289 1393 2
1429 728 7
1098 821 2
1207 815 7
1525 256 2
1215 485 7
238 338 5
535 266 2
1333 957 8
1296 1502 2
424 147 8
502 981 2
395 1515 2
1221 18 8
1438 957 8
205 890 14
74 1252 2
1209 267 7
228 883 30
12 158 20
961 879 7
939 938 6
759 726 33
252 759 27
704 1562 1
1101 397 75
434 678 14
90 970 9
166 798 2
158 1024 2
446 453 35
1184 40 8
290 685 8
1545 908 8
627 891 8
364 1128 8
365 667 27
88 1014 0
45 1340 2
1240 59 5
1193 1341 50
1054 326 8
137 908 7
716 1199 7
1054 623 2
28 1305 8
1271 1562 2
796 1395 7
1082 1292 30
1052 1553 2
720 1212 8
739 213 8
118 282 2
823 462 7
155 349 2
582 1333 2
579 434 2
34 203 2
1025 419 2
936 119 8
880 1622 1
143 769 8
1220 1236 6
1407 724 35
1139 675 2
1122 1333 2
930 380 40
1355 113 2
1040 63 8
762 1141 2
27 1341 30
880 1124 16
449 139 3
210 47 8
281 1141 27
323 432 7
147 692 41
489 1118 5
187 1168 2
880 216 2
419 59 8
190 914 2
1297 24 1
1221 646 8
395 540 2
880 508 2
1424 1125 7
55 880 2
157 697 1
1204 908 8
45 638 27
913 739 5
1476 480 30
1507 562 57
488 1122 2
731 406 7
1224 1448 30
267 586 27
365 798 2
390 147 8
504 804 2
273 1184 2
1515 661 2
64 877 30
698 527 1
33 259 2
192 606 30
371 1298 7
928 785 2
1214 139 5
1265 1062 6
784 1400 77
157 88 3
1025 1407 2
1233 50 1
914 986 53
915 1001 1
1378 1453 2
576 1608 2
594 459 8
594 63 8
1224 1124 16
642 412 5
449 502 2
42 838 8
290 646 5
899 535 7
28 158 8
457 568 2
1374 102 2
796 685 8
234 424 8
451 611 2
1463 59 7
1266 936 8
1087 441 0
349 837 23
880 183 1
307 974 2
756 1609 47
226 1141 2
704 781 30
295 1264 2
52 1118 5
877 1562 2
148 1118 5
355 502 8
1187 75 5
880 912 2
1190 241 35
1008 1236 8
419 1448 2
88 919 7
821 1475 5
1211 504 2
552 147 8
281 166 27
503 603 6
534 89 2
646 1419 8
880 844 2
568 90 8
401 1102 37
1087 1097 7
201 771 75
865 1342 7
353 1014 0
750 284 2
292 485 2
1321 796 8
1251 1187 0
736 292 2
867 682 2
1085 320 7
1166 1395 7
170 90 8
162 771 2
1517 1205 2
454 823 16
453 184 5
510 789 2
24 1283 2
866 761 15
42 1201 7
225 99 0
1160 466 2
928 206 2
380 1075 2
999 537 5
618 80 8
22 349 2
921 420 2
716 1581 8
1545 97 8
1233 678 1
535 536 30
406 412 5
692 891 6
586 1080 2
485 958 3
814 908 7
1399 147 8
191 823 31
230 1481 2
1233 574 1
548 543 1
39 1062 8
659 1070 5
937 97 8
1024 138 2
1326 881 5
665 928 2
796 922 2
1359 366 33
928 75 3
64 418 30
913 1424 2
808 1419 8
472 908 8
1481 396 33
205 1271 7
546 162 1
442 33 2
867 338 5
540 1138 2
1024 70 2
551 365 2
451 1135 2
774 504 2
1296 743 5
649 1470 2
1254 147 8
1215 834 7
1284 1325 5
212 985 2
921 1037 30
1230 1224 33
1214 90 7
1221 664 2
183 1199 7
1215 766 7
534 1009 2
863 1396 7
946 855 62
1525 829 2
1215 662 7
720 1197 1
1215 1058 7
287 1585 2
534 282 23
739 531 2
1400 1389 7
177 796 8
139 701 2
391 795 7
820 809 1
1087 387 8
1204 97 8
1322 393 8
172 116 8
391 1128 8
311 642 30
878 1152 26
40 1296 8
864 226 3
1284 590 2
928 438 2
495 92 8
252 284 6
26 1309 2
1394 856 2
349 993 2
944 381 2
1114 1296 0
1166 685 8
1054 1196 2
1506 246 2
1521 139 3
1503 891 8
119 824 6
986 292 40
1461 454 41
729 88 3
724 1139 30
904 491 84
723 1396 8
470 279 2
834 88 3
1041 796 2
1367 172 2
279 216 50
908 1290 7
907 988 2
434 1395 7
1316 958 5
1351 714 2
806 879 2
80 605 7
1132 255 2
34 889 40
210 693 2
439 54 2
1152 31 2
337 297 27
606 1224 30
530 445 0
218 759 2
1284 0 0
874 766 7
894 1199 7
902 419 7
548 125 2
823 1406 30
894 1141 2
234 743 3
435 90 8
284 258 31
389 939 15
999 1217 8
248 225 5
880 393 2
279 1041 27
1215 83 7
399 1166 1
401 178 2
865 891 7
292 138 2
747 933 2
1424 638 27
1326 769 8
1460 1371 30
530 36 33
874 116 8
739 1550 8
1326 1457 8
1251 1132 0
601 1333 7
692 320 6
996 88 3
1526 817 8
620 411 2
1077 1198 54
1525 78 2
1179 880 7
553 724 35
960 521 2
554 115 15
127 1515 2
244 846 6
810 594 1
447 1325 5
681 1187 0
737 908 8
698 1199 7
1393 1212 7
290 179 8
271 292 2
42 1583 8
443 1285 5
582 603 2
510 1125 8
1283 474 2
1545 88 3
1237 338 5
73 1187 0
631 119 8
191 761 15
1446 0 0
1288 1581 8
899 1572 7
1545 42 8
1250 1090 2
24 1160 2
760 593 5
501 743 3
931 1396 8
1371 1127 8
1188 51 50
1201 720 15
1240 260 1
581 898 2
205 528 7
28 1127 8
1247 1371 33
220 322 2
452 1212 8
314 1333 2
761 472 1
540 1479 2
634 1184 6
78 898 2
156 631 15
1442 1296 2
702 41 74
912 958 3
894 166 2
889 739 27
1102 554 57
178 95 6
1371 1457 30
297 338 5
208 102 7
546 321 64
322 1196 2
1476 1457 30
759 233 27
995 1455 33
501 1348 21
281 739 27
631 159 1
915 163 8
981 908 6
620 1211 2
898 75 3
1215 711 7
1215 315 7
720 850 1
860 1199 7
1554 1371 33
318 1112 80
409 26 2
118 743 5
958 701 7
279 1565 27
978 365 2
933 1015 36
973 1549 2
292 1058 2
160 28 2
898 65 8
1071 655 2
1497 739 67
1056 320 6
157 1024 2
603 1405 2
1383 908 7
626 891 8
371 568 7
255 1184 2
933 433 7
447 0 0
739 116 2
1204 88 3
411 166 2
525 904 9
30 210 2
625 147 8
1082 765 39
601 290 7
1322 1125 14
1461 834 20
693 739 27
171 28 8
928 779 2
495 37 8
1461 450 30
1082 1518 30
471 914 2
371 833 8
674 1173 2
976 1224 30
915 599 1
272 501 55
960 11 64
1079 596 30
514 998 29
1144 1243 7
470 620 2
1313 697 14
880 1126 16
1036 322 2
575 66 2
934 63 8
451 1416 2
742 1201 15
730 320 19
1225 823 48
1003 933 2
440 32 2
744 674 1
322 1554 7
761 704 1
434 903 6
925 596 33
323 726 7
761 1491 7
792 540 2
80 190 7
779 86 2
999 433 7
452 65 8
505 338 5
526 1516 2
380 1304 5
999 766 8
787 147 8
1324 1321 2
1084 1287 2
106 915 30
928 985 41
503 97 6
817 1325 5
855 739 27
1322 1097 7
1139 1518 30
285 891 8
292 479 2
880 1125 8
616 488 2
269 988 2
387 1396 7
676 998 29
1090 576 2
734 424 2
176 607 7
718 1046 12
1061 452 12
858 214 75
502 60 2
1394 391 27
737 124 7
192 330 8
1287 617 2
1117 139 5
178 384 3
681 1132 0
487 891 8
1372 795 7
449 796 2
335 845 1
495 957 8
150 883 2
457 862 2
73 1132 0
923 884 2
211 868 78
1166 1550 8
21 1062 8
167 908 8
907 1233 2
1158 728 8
29 1128 8
337 1042 27
31 1144 44
1221 533 5
1172 97 8
1503 1396 8
1024 233 27
1481 1059 7
672 1024 2
1566 1430 57
218 1062 7
1479 823 2
558 1352 2
1125 1199 7
457 1086 2
670 742 2
1031 917 8
787 510 7
795 167 8
1193 1207 5
164 338 5
778 488 2
917 197 8
1424 881 5
108 908 8
995 1381 7
1226 904 74
462 90 8
1046 1067 5
230 192 33
1321 320 6
1128 1080 2
86 909 2
322 849 2
898 1389 8
295 671 33
922 915 30
1355 824 23
526 145 2
322 1044 69
151 1342 7
734 1120 2
1058 1525 2
880 1362 2
590 866 36
1324 638 2
860 1581 8
1544 1381 7
494 702 12
377 1046 12
823 926 15
32 139 5
530 112 8
698 1070 5
599 702 12
439 952 30
1424 272 7
23 700 32
847 1086 7
183 1062 8
452 130 5
69 702 8
603 662 2
558 658 0
729 1024 2
858 881 3
208 418 30
1050 93 1
488 269 2
530 44 8
462 1062 5
1394 623 27
255 1525 2
517 796 8
923 1580 2
440 666 10
606 205 2
380 905 2
33 1405 2
1302 147 8
796 837 6
1141 189 27
1323 1325 5
1112 1201 15
88 743 5
1162 1396 8
1139 622 2
480 823 2
988 983 30
1259 24 2
1054 789 8
909 57 6
228 795 7
816 1342 7
1516 380 2
464 1073 2
428 883 16
1215 358 5
791 1224 2
290 1500 5
1044 501 38
230 596 33
220 603 2
279 106 50
1136 1054 7
208 1243 7
452 1389 8
1120 739 27
1371 75 3
547 551 2
860 1070 5
1413 521 5
1333 1491 7
81 821 2
1352 434 2
1126 796 7
883 1354 2
86 1491 7
165 656 1
1153 958 5
548 1398 39
1506 719 15
1087 686 2
1079 178 7
434 1550 8
158 824 6
530 745 2
1198 1196 2
437 1296 8
12 269 20
761 1305 8
550 958 3
61 1322 13
17 927 15
720 1418 7
721 1394 27
1128 32 8
1310 936 7
249 441 0
410 167 2
234 1335 5
71 598 2
917 223 26
514 1287 2
612 789 2
374 933 2
706 1228 1
150 208 2
1340 1341 30
1393 856 2
616 365 2
945 1090 2
118 753 2
127 671 7
45 140 2
128 1393 2
1284 1207 8
1054 1026 2
670 958 5
25 656 2
192 381 30
927 590 1
64 1340 30
936 1283 2
847 272 8
205 884 77
33 722 2
1264 576 2
457 411 2
586 623 2
18 1396 8
904 1009 84
81 1184 1
230 1224 33
1210 958 5
3 292 2
1188 45 50
349 1443 2
20 276 7
575 1035 2
502 383 41
744 1247 1
623 1118 5
901 419 7
671 675 2
1568 172 2
139 684 30
1454 208 2
325 212 2
914 693 2
809 106 30
1031 502 8
192 373 6
80 763 7
501 1335 5
1329 80 7
1128 728 8
435 796 59
99 97 8
1184 1057 57
1443 1070 2
406 485 7
778 365 2
322 789 8
279 475 27
1380 212 41
761 330 8
406 777 7
534 552 2
147 1293 2
118 341 5
872 1236 8
917 1578 5
279 1163 27
530 62 2
29 338 5
499 1351 2
1453 836 3
883 301 14
702 1109 5
451 607 30
487 1199 7
530 950 33
821 250 1
45 836 2
671 1292 30
944 907 2
713 1287 2
271 586 2
1090 753 2
1400 932 7
446 1325 5
1394 672 27
285 1396 8
594 247 2
33 1418 2
32 57 6
1015 97 15
1525 200 2
451 539 30
590 1472 37
147 206 2
28 296 7
917 136 6
825 1396 8
113 817 1
357 1359 2
1056 958 3
143 265 8
1054 384 3
1125 1070 5
838 936 8
363 1112 2
915 1404 1
692 1062 6
438 1152 26
586 855 2
259 1054 7
457 1389 7
252 34 53
914 1493 2
548 714 1
543 34 41
109 1506 2
917 1239 2
1567 187 1
112 1252 2
702 432 7
217 1198 2
1358 958 2
125 891 8
742 111 15
558 853 12
990 1458 57
1082 1340 30
661 284 6
994 742 57
633 1184 6
792 34 53
1024 241 2
1487 908 8
81 474 2
545 1525 2
238 42 8
1215 1005 7
854 434 1
178 321 6
207 1232 2
347 1581 8
988 611 2
653 821 2
555 166 2
1209 391 7
70 548 7
988 1299 2
338 877 30
657 596 33
988 903 2
1110 879 2
437 558 2
543 1144 2
958 99 0
1215 541 7
530 2 2
546 890 2
972 1549 2
1536 136 52
1215 833 7
210 59 8
168 880 33
318 1630 80
172 355 8
40 1144 2
436 596 14
977 558 2
1438 98 8
1554 933 2
160 546 2
28 1388 7
527 213 8
506 1296 8
285 322 2
1507 282 57
1184 393 2
1394 1196 27
492 80 7
917 1201 7
928 213 2
1111 1187 66
581 1424 2
1039 1515 2
507 265 8
575 360 2
1139 36 16
91 1062 5
1037 936 8
914 1375 27
365 54 2
119 891 6
155 796 8
795 1395 7
686 1396 8
267 28 8
34 947 2
931 147 8
1396 37 7
593 1457 8
1483 1173 2
349 992 2
917 160 2
672 914 2
440 258 2
999 331 7
320 373 6
923 310 2
546 1253 1
248 466 75
332 1307 13
592 51 50
1152 197 8
290 298 5
1221 1125 7
1020 1062 8
874 833 7
80 312 7
555 1581 8
138 596 30
1264 1237 36
116 1139 55
759 882 2
430 694 39
1144 63 8
28 1314 5
1209 1311 7
816 1325 5
541 1198 2
867 178 2
1476 604 30
99 42 8
322 384 3
1207 1395 7
420 1052 2
1144 355 8
1436 891 7
627 1252 2
253 320 5
416 958 2
279 420 27
1380 553 41
865 1062 7
739 1330 2
166 239 2
1321 958 3
249 1014 0
410 344 2
868 750 2
1476 536 30
86 726 8
86 330 8
1461 976 30
159 1141 2
1062 1395 7
1394 221 27
737 292 2
390 891 8
1123 1325 5
761 1315 5
263 397 2
268 1207 8
829 1190 33
439 774 30
601 1040 7
126 1054 7
1039 540 2
455 823 16
317 990 5
88 341 5
380 399 2
590 444 2
337 1203 6
1047 210 2
873 1341 30
322 441 0
598 568 7
201 353 5
1171 97 8
586 1196 2
1024 1565 2
594 119 8
337 872 27
242 138 79
1562 1397 0
817 1207 8
316 1046 10
453 1340 2
914 1042 2
1493 1333 2
374 998 29
1160 118 2
917 450 7
673 26 2
891 357 1
999 959 7
242 70 79
1382 178 7
1463 1578 3
322 1097 7
216 453 2
230 1128 8
795 685 8
439 807 7
1568 1141 2
1076 671 30
848 958 5
455 535 2
610 1102 5
81 419 2
653 474 2
1567 397 2
138 1224 30
576 671 14
1287 441 0
370 796 20
759 1510 2
880 1214 7
1443 1351 2
241 596 30
1223 958 2
590 204 5
1438 1381 7
1180 1325 5
208 611 2
1019 54 8
552 891 8
555 502 8
1110 824 2
592 1070 5
197 172 8
466 1000 5
159 1062 6
77 1062 8
1101 466 75
913 1073 30
631 622 1
1341 848 7
639 279 2
995 269 8
1187 1422 1
1215 778 7
623 1024 2
847 916 7
232 1566 5
768 90 8
958 768 7
401 1322 13
1141 1210 6
905 338 5
1207 685 8
177 958 3
406 116 8
956 1581 8
28 937 7
252 1052 27
626 1062 8
1285 721 1
1196 147 8
858 1457 8
124 978 1
1569 761 15
912 97 6
147 91 2
266 771 2
577 1082 2
1296 119 8
694 751 1
164 908 8
125 1199 7
774 1152 26
718 113 2
380 1423 2
349 713 2
143 838 8
944 101 2
1166 743 3
1013 732 7
1062 685 8
915 374 1
877 1102 5
1252 360 2
34 600 2
722 80 8
820 1581 8
917 1416 2
316 846 6
337 189 27
1024 882 2
936 417 2
852 192 30
1344 921 57
51 830 30
1503 147 8
1158 167 8
1355 474 2
432 546 1
555 824 6
787 1260 7
915 639 2
451 1483 2
457 228 8
307 347 2
359 453 34
576 908 8
1254 891 8
1197 88 5
550 419 2
241 1224 30
1180 0 0
917 32 8
60 1228 1
34 145 40
334 97 8
515 24 1
84 590 2
143 441 0
999 937 8
322 387 8
1445 858 12
951 915 21
528 397 2
534 1357 2
420 1393 2
800 1070 5
1046 146 5
739 983 2
285 1062 8
124 899 5
1252 412 5
1313 908 7
1424 1418 7
1192 1199 8
355 1207 5
1082 285 2
601 761 7
618 1187 7
1459 451 30
166 681 27
618 1525 2
176 428 2
944 505 2
734 199 2
620 235 2
89 546 35
527 390 8
124 1227 5
1179 308 7
176 1116 2
143 1097 7
1565 904 9
603 497 2
502 231 2
1119 192 30
439 31 30
594 137 2
944 437 2
52 147 8
546 1392 30
238 1152 26
241 1549 7
1078 1198 54
693 1333 2
575 641 2
487 1062 8
1223 187 19
161 83 8
125 166 2
1438 1315 5
366 1371 2
1283 590 2
1252 638 27
923 1055 2
923 659 2
1284 998 29
457 929 2
1307 1118 5
1024 1510 2
940 643 7
722 1396 8
255 891 8
255 495 8
20 502 7
279 960 50
1061 453 34
1117 908 7
502 160 30
237 176 2
570 936 8
1550 1325 5
501 21 8
290 1335 5
1359 31 33
440 831 2
844 501 71
917 728 8
445 1151 2
314 365 2
654 434 1
359 147 8
80 1349 7
322 692 2
247 1207 8
1022 728 8
45 191 30
228 504 2
464 147 8
1468 276 7
1073 911 31
419 1111 7
1325 1418 7
1330 1342 7
1216 1419 8
809 624 30
1138 90 8
653 419 2
1283 0 0
550 1112 23
264 97 15
1151 1180 0
297 891 6
90 260 2
176 1520 2
434 743 3
685 139 3
177 739 27
1215 35 7
720 174 1
390 1199 7
1203 284 6
761 848 8
1201 147 7
292 882 2
702 1335 5
1046 1066 5
1424 47 7
864 932 8
671 1518 30
1446 998 29
183 796 7
1073 1345 2
495 1491 7
365 681 27
1459 1371 30
563 1207 5
154 998 2
494 397 2
1372 1184 5
979 365 2
1533 24 1
171 1419 8
603 729 2
252 1393 27
365 1381 7
380 1436 2
24 1284 2
1173 537 12
1328 440 35
1505 1054 7
522 891 8
914 1391 2
727 705 59
759 3 8
759 341 3
128 540 2
381 1396 8
205 135 77
626 147 8
988 362 30
841 908 8
300 823 30
205 427 77
772 612 77
349 274 12
476 558 2
350 488 2
42 873 50
917 1069 2
18 147 8
1382 1215 7
167 0 8
455 488 2
1117 1536 7
315 93 1
453 206 2
1039 936 8
552 1199 7
457 277 8
1137 42 8
208 1310 7
551 1054 2
34 158 40
739 1491 5
1215 1127 7
736 656 1
1221 665 2
1287 1014 0
186 1342 7
527 1381 7
334 88 3
447 998 29
1056 1236 6
76 208 2
631 903 1
334 42 8
869 642 2
1198 1367 2
1098 284 33
292 1510 2
502 1555 2
1525 1122 2
1087 753 2
158 891 6
1402 284 6
1436 1515 2
1103 3 8
1103 341 3
915 513 30
181 891 8
125 1070 5
945 933 2
618 1132 7
176 373 2
207 281 55
1548 90 8
388 1342 7
226 284 30
999 1091 77
1295 1525 2
517 1199 8
1399 1199 7
1132 1225 0
35 936 7
1253 1325 5
1055 1207 7
958 1314 8
721 1393 27
972 292 2
333 338 5
227 527 1
1 493 6
147 664 2
1174 172 2
1341 83 8
1396 39 7
337 101 26
1053 26 2
510 102 8
701 1052 2
478 355 8
933 1109 7
729 147 8
1193 208 50
27 501 38
205 659 77
33 497 2
750 1325 5
42 852 8
535 1457 30
533 883 30
575 878 2
22 1562 2
940 296 7
586 2 2
1259 323 2
337 74 27
239 898 2
904 388 84
210 762 2
1254 1199 7
1024 1455 2
337 762 27
934 119 8
917 1496 69
455 1070 7
986 8 5
540 1417 27
1087 1005 36
28 104 8
1082 813 15
999 458 1
80 1002 7
234 766 8
344 1581 8
908 21 8
563 1054 7
1463 384 3
1232 858 48
981 57 6
442 908 7
106 998 29
624 823 30
1152 324 2
416 1252 2
187 1047 16
1132 881 3
286 809 1
53 598 30
905 504 2
928 1401 41
1371 830 30
392 1070 5
670 97 8
988 154 2
27 208 30
541 1424 2
322 569 2
618 1536 7
655 1342 7
143 1014 0
463 90 8
96 1322 13
1476 726 30
713 0 0
620 480 2
1341 487 8
1562 214 2
279 938 27
47 1342 7
1404 397 2
761 793 8
859 166 2
1333 848 8
1058 1199 7
147 1418 7
934 159 1
912 1325 5
1376 97 15
936 250 5
1438 848 8
398 1152 2
1306 92 7
178 462 8
45 611 2
944 1474 2
507 1583 8
603 778 2
53 1073 2
466 863 6
1253 0 0
380 693 2
27 1593 38
836 210 2
1207 179 8
122 883 16
290 226 3
708 732 7
988 375 30
1177 546 2
1522 958 3
470 1623 1
590 728 7
380 625 2
26 231 2
143 40 8
171 1296 8
1399 139 3
1348 1187 0
457 1210 2
915 515 21
999 340 77
999 775 5
586 1026 2
760 990 5
923 1628 2
162 936 8
359 397 2
1262 697 2
598 1127 8
161 588 8
1373 0 2
855 1139 30
1090 1244 36
1466 249 1
960 1139 30
990 837 57
98 697 7
205 1217 7
856 934 15
1254 139 3
459 796 8
552 1581 8
598 1457 30
1227 1224 2
1324 325 1
547 667 2
1135 917 8
202 291 2
897 1457 8
633 891 6
657 702 12
921 983 30
1449 88 2
1201 1 1
671 158 8
995 1456 33
1228 1458 7
526 889 2
1052 412 5
34 35 40
846 875 6
1546 1236 8
619 172 27
1562 446 2
929 88 5
1456 139 3
912 0 0
522 1199 7
292 1455 2
504 471 2
671 382 8
880 102 8
739 873 2
1209 390 7
557 671 50
1351 311 35
504 763 2
1394 1075 27
1403 1342 7
636 28 8
1461 519 30
1322 47 8
176 318 2
1394 1367 27
713 1371 33
1371 1491 7
1047 1424 2
1132 1170 0
365 689 2
290 808 8
1322 1126 14
115 686 1
674 858 12
1 438 6
124 1491 7
1052 638 27
33 150 2
507 40 8
1180 1207 8
139 475 2
483 958 3
265 936 8
1144 1203 6
272 1190 55
192 743 5
324 671 2
1158 789 8
447 1287 2
338 1305 7
1158 393 8
98 1371 2
337 707 27
1114 1507 1
324 1359 2
98 1325 7
1352 908 7
1087 991 37
1225 824 48
457 459 2
558 329 2
85 917 2
1082 420 20
910 936 8
1082 36 30
147 987 41
1351 614 7
104 210 2
454 1396 8
789 1087 2
1456 898 2
761 1388 7
559 1396 8
533 178 1
880 803 2
1549 751 1
796 112 8
344 1062 8
759 1053 2
670 42 8
181 1199 7
873 1255 2
1209 1482 7
392 631 15
434 341 3
824 658 0
928 986 41
1436 1062 7
453 1500 30
1278 1407 1
1417 796 2
1507 753 57
622 999 2
625 1141 2
12 909 20
1476 311 30
847 63 7
958 854 27
1221 1457 8
238 671 30
381 671 2
847 355 7
661 1118 5
1414 936 7
335 139 5
727 284 33
620 357 2
522 139 3
1400 256 7
466 808 6
41 178 7
824 1314 7
434 1335 5
24 486 2
178 47 8
591 1359 2
1287 910 2
33 778 2
642 1204 30
879 1610 56
246 434 2
20 796 7
719 80 8
1453 152 30
575 1555 2
1566 1499 57
502 1176 15
1193 781 50
205 1628 77
575 1550 8
907 1630 2
1348 1132 0
158 495 8
457 1155 2
1237 1054 7
337 647 27
921 265 7
945 998 29
1428 990 5
569 936 8
440 1021 2
253 147 8
1052 1384 8
1321 97 6
338 330 7
598 782 30
88 340 5
218 1396 8
371 83 8
696 1128 8
449 917 2
176 1616 41
80 1138 6
205 766 7
322 476 7
208 116 7
540 1029 2
604 1224 30
1342 770 2
998 1389 7
81 590 2
212 584 2
1046 1068 5
1447 1562 2
410 919 2
192 1100 2
98 178 7
88 1042 7
27 781 30
1340 51 7
1163 1070 5
552 1062 8
289 1461 2
546 318 2
406 833 7
1173 445 0
1198 569 2
1526 1418 7
1536 252 52
863 891 7
620 1449 2
620 1053 2
502 757 2
921 464 30
927 939 15
1144 818 35
1424 273 7
535 730 2
1536 59 7
263 1264 2
871 1236 8
880 47 8
1326 32 8
165 586 2
133 338 5
315 904 9
1400 884 7
497 526 2
270 586 2
574 1228 1
406 183 8
829 1393 2
252 1515 27
439 1177 30
860 495 8
1173 36 33
267 26 27
26 116 2
475 504 2
1054 399 2
307 1499 10
1292 1556 44
361 594 2
139 128 2
148 187 33
26 804 2
575 681 27
1144 856 6
899 147 7
415 1187 5
1399 1062 8
1541 546 35
723 891 8
442 620 2
783 1451 2
819 86 2
1158 384 3
192 1125 6
795 1156 8
210 256 2
638 1152 26
1166 112 8
540 619 27
361 917 8
572 1112 2
326 1581 8
1567 1264 2
218 322 2
265 883 30
546 681 1
899 371 7
322 1500 7
495 1315 5
1001 1359 2
1324 1002 1
551 488 2
1482 936 8
631 1197 1
170 603 6
369 535 30
540 1553 2
1106 1359 2
697 1220 14
623 824 6
1333 1388 7
800 97 8
550 590 2
1138 1236 8
631 1093 1
671 1127 8
57 1315 6
300 1024 2
1128 101 8
1481 980 3
530 1106 2
756 1252 2
905 97 8
80 32 7
281 917 27
787 139 3
596 844 31
914 68 24
879 1607 2
1128 393 8
1447 1371 33
1549 1029 2
1322 355 7
117 642 30
631 1421 1
671 663 8
620 78 2
534 1482 7
402 97 8
279 140 27
971 1549 2
504 648 2
972 586 2
1547 90 8
1082 60 2
387 1342 7
195 90 8
706 891 6
928 1025 2
383 1190 2
445 0 0
761 743 5
1299 534 2
1191 821 75
623 147 8
252 540 27
1058 1062 8
273 1252 2
996 761 15
297 1198 54
241 1324 7
439 98 30
847 273 8
205 1281 77
1166 808 8
475 1424 2
1526 244 8
24 363 2
568 939 6
974 1224 30
1343 419 5
471 988 2
917 216 2
359 883 33
15 691 2
914 762 2
575 1036 2
28 330 8
558 610 2
1035 507 8
1481 947 2
713 1207 8
939 957 8
440 606 2
1079 880 1
452 610 75
995 726 33
416 1082 2
56 883 16
528 1264 2
545 898 2
88 1033 2
653 590 2
980 210 2
880 1376 2
1337 1236 8
86 855 2
1544 1395 7
908 471 8
759 1230 2
881 868 7
1019 1377 8
1326 1315 7
757 34 53
999 75 3
176 1295 2
650 1581 8
1198 514 2
1393 341 5
292 1053 2
1515 1133 2
1144 367 35
145 80 1
856 1342 7
1461 117 30
1312 1296 8
879 950 14
939 1388 7
403 90 8
944 1200 2
823 1567 1
1477 847 0
603 900 2
1188 139 3
1271 1351 2
1394 569 27
380 1211 2
1259 1641 2
903 1152 26
239 1424 2
1298 80 7
522 1062 8
139 638 27
721 540 27
367 419 7
656 347 14
920 904 58
1054 47 8
154 1393 2
361 143 2
435 603 6
452 973 74
938 914 2
259 1393 2
707 898 2
598 957 8
457 1332 2
24 264 23
27 1128 8
192 341 5
917 844 2
565 1024 2
1382 594 7
702 433 7
1381 292 2
710 90 8
936 137 2
1252 471 8
1124 940 2
524 720 15
349 657 2
718 880 15
952 205 14
648 898 2
1221 102 7
1215 1298 7
1555 739 27
905 88 3
995 685 8
1128 46 8
648 1581 8
171 1166 1
1128 384 3
905 42 8
1209 684 7
546 157 7
744 789 1
112 139 3
402 88 3
208 1456 30
158 1062 6
160 1556 44
554 934 15
11 193 5
720 1265 1
880 229 2
192 393 8
402 42 8
759 479 2
181 1062 8
492 883 2
28 1389 7
656 1439 14
387 891 7
1180 1506 2
1071 732 7
262 656 1
1054 1436 2
652 139 3
734 315 2
1252 1469 47
1191 474 75
872 90 8
1196 891 8
468 1359 2
139 769 2
1407 690 2
143 1213 7
723 1199 7
977 90 8
1009 338 5
377 958 3
727 821 2
26 689 2
227 594 1
1037 546 2
1403 1396 7
1321 1325 5
489 208 2
1146 936 7
380 168 2
349 1061 2
1025 452 12
33 272 2
42 627 8
495 848 8
899 720 7
21 166 2
457 753 2
586 569 2
369 97 24
840 823 14
1224 1567 1
1098 1118 5
1024 834 2
1481 600 2
218 603 2
1479 26 2
324 1585 2
210 829 2
817 80 8
453 609 2
874 1298 7
1120 1207 8
769 1141 2
1306 836 5
540 231 2
383 115 15
349 611 34
1144 424 8
894 917 2
598 604 30
139 922 30
1408 1517 5
207 154 2
1221 1418 7
519 453 2
641 33 2
592 1073 51
988 221 2
1329 656 2
411 739 27
879 577 2
1171 338 5
540 455 2
510 916 48
620 1047 2
292 206 2
263 466 2
1515 1078 2
183 166 2
530 341 3
847 581 7
1002 823 14
338 23 30
1230 251 55
53 452 2
33 1364 2
666 353 5
451 485 30
1394 514 27
281 212 55
1393 1384 7
147 1458 8
24 1016 12
52 495 8
931 1199 7
1287 1428 2
618 139 3
737 1082 30
192 851 30
699 1173 2
558 1251 2
988 1200 15
177 1325 5
21 1581 8
650 115 15
958 963 60
772 332 77
1468 796 7
594 808 8
1283 998 29
582 702 8
565 1198 54
112 1198 2
207 517 1
253 322 19
1567 466 2
905 975 2
143 39 8
1085 139 5
1025 80 8
670 527 7
322 265 6
359 495 8
1082 1235 41
187 1006 2
590 724 35
1215 555 7
207 782 2
823 784 14
430 1024 2
559 147 8
172 1243 7
1215 1243 7
1221 47 7
1329 1342 7
1137 90 8
1500 1341 30
300 914 2
724 999 2
765 1236 8
279 844 2
1098 1407 2
1562 617 2
1215 779 7
926 1184 1
191 212 44
848 292 2
642 21 8
521 855 59
868 68 2
183 1581 8
338 1047 30
618 898 2
958 1457 7
618 502 2
1054 693 2
391 166 2
380 1492 2
1284 1371 33
157 1488 2
39 796 2
603 1077 2
590 1491 7
856 1584 28
148 1128 2
255 1252 2
263 671 33
998 1317 5
155 419 2
727 474 2
365 27 1
359 1264 2
1187 39 7
739 179 8
1026 1525 2
928 159 2
1173 950 33
671 813 15
941 1296 8
944 102 2
1398 1062 8
489 1360 2
1177 1236 8
647 671 30
271 172 8
127 540 2
923 32 2
753 115 15
21 507 2
362 546 2
541 1152 26
1030 1393 2
646 1325 5
337 190 27
18 891 8
423 739 27
1535 880 20
211 308 78
12 543 2
994 1280 57
222 192 2
914 360 2
210 1375 27
919 284 2
163 1070 5
903 1128 8
917 106 2
1000 1359 2
1407 622 35
1480 88 59
57 1213 6
874 1243 7
1025 1396 8
194 1024 2
1022 101 8
606 1341 30
1481 122 33
279 101 26
1461 597 2
780 502 2
1121 1333 2
88 235 2
880 974 2
880 578 2
396 883 16
550 1207 8
12 856 20
80 258 7
1446 1371 33
83 603 2
995 152 33
147 986 41
88 1314 8
1232 406 48
981 1 6
1132 533 3
279 762 27
600 891 6
1184 1035 2
1126 928 45
1407 1389 7
382 1248 7
603 667 27
915 861 30
14 1287 1
1 1305 6
601 1054 7
62 419 7
527 787 8
1544 1550 8
642 1047 30
852 1184 2
603 498 2
913 1325 5
1429 167 7
24 657 2
259 284 6
1538 936 8
33 1309 2
1376 908 1
936 735 6
594 92 7
361 1052 2
936 1114 2
178 114 8
85 1190 41
588 1342 7
944 730 2
1037 1515 2
419 241 35
1503 1199 7
1160 1112 23
1461 265 15
936 1406 2
883 1186 16
187 138 35
825 891 8
454 1184 2
646 0 0
741 596 14
1358 917 2
687 1070 7
418 546 30
28 916 8
1224 1126 16
594 65 8
211 936 78
22 307 2
1207 1335 5
457 1321 8
160 1341 30
1152 844 2
854 1325 5
594 357 8
593 32 8
885 415 1
674 558 2
187 70 35
823 114 8
265 1341 30
1206 761 15
1190 311 35
101 1461 8
905 1024 2
1252 366 2
28 848 8
1566 1498 57
447 1371 33
322 693 2
1358 1141 2
205 937 7
713 998 29
1326 1213 7
540 804 2
823 46 8
434 433 7
823 384 3
442 90 8
1355 284 33
761 485 1
192 1271 2
763 1054 7
217 958 3
555 453 2
1287 3 10
718 1132 0
189 1556 2
1253 998 29
1360 39 8
1025 249 8
528 671 33
988 794 2
581 944 30
21 115 15
636 1424 2
1215 432 7
863 1062 7
631 959 7
913 915 30
934 903 1
684 1296 0
1525 1183 2
1547 1236 8
451 730 30
1287 1101 12
451 1126 30
902 934 5
526 541 2
834 1556 2
736 586 2
383 45 2
847 1154 7
72 958 3
1283 1287 2
495 1388 7
49 284 33
991 904 9
1162 1199 7
252 1394 27
1322 163 8
1295 898 2
933 888 2
1295 502 2
1500 1073 2
391 502 8
603 1418 2
602 697 2
988 1119 30
1516 620 2
1173 1226 12
596 29 2
727 419 2
147 32 8
20 1199 7
507 52 59
982 1062 5
1 158 6
759 296 8
784 323 77
205 32 77
535 830 30
596 574 44
572 139 5
976 1341 30
148 1396 8
723 1062 8
457 247 2
464 1141 2
577 1252 2
917 1362 2
648 796 2
836 883 30
917 1316 7
1024 1120 2
575 183 2
1566 523 57
361 593 2
1228 1587 1
1359 952 33
1358 166 2
526 576 1
1201 453 1
594 422 5
1198 1436 2
1215 1420 7
880 127 2
1209 910 7
999 533 3
868 417 2
759 773 2
303 936 8
1360 959 8
77 1199 7
1553 88 2
527 112 8
1314 1090 2
695 1070 5
928 706 41
622 823 2
676 1224 30
151 990 37
416 453 2
1139 1239 30
222 720 15
1184 980 2
507 852 59
292 200 2
766 90 8
1326 435 8
494 671 33
737 251 2
530 98 33
883 1455 30
903 338 5
292 492 2
1177 88 27
485 1236 6
601 999 7
403 1236 8
205 50 14
626 1141 2
915 683 0
45 672 2
271 26 2
928 1150 7
1144 1327 6
147 665 2
1394 112 27
1278 1351 1
860 502 8
18 1199 7
593 1315 7
428 546 35
594 37 7
29 917 8
936 1455 2
944 675 2
33 498 2
392 495 8
928 1420 2
279 974 50
770 1102 5
915 552 1
986 586 40
939 800 8
1377 1128 7
1391 147 2
697 909 2
9 933 1
45 309 30
337 763 27
464 166 2
202 1002 1
555 739 27
1417 1152 26
934 808 8
1235 883 16
1522 1325 5
502 106 30
922 603 2
226 1052 2
440 381 2
593 269 8
563 1393 2
179 1325 5
406 293 0
460 34 12
205 486 7
761 138 1
13 80 8
1152 716 8
192 528 2
83 488 2
209 908 7
507 95 0
598 726 30
1009 908 8
88 762 7
1198 854 27
526 262 2
543 292 2
1102 27 12
1144 606 35
1443 858 12
867 697 2
1236 92 8
624 534 1
437 97 8
972 656 1
9 338 5
345 1187 0
620 877 2
1394 516 27
285 1199 7
1458 45 2
1215 377 7
1198 289 2
858 728 8
409 88 2
620 1169 2
1304 276 7
139 189 27
365 1395 7
535 450 2
292 1120 2
292 724 2
616 1525 2
1352 958 5
823 258 31
471 1184 6
626 166 2
939 1122 6
729 1141 2
36 940 2
380 1382 2
1225 990 5
359 466 2
115 59 1
1233 985 1
440 1104 1
111 603 52
1188 809 50
1403 147 7
1200 1118 5
796 850 6
1054 114 8
591 596 33
1166 296 8
1009 1102 37
419 99 66
1480 1070 2
337 1391 27
502 1094 30
998 743 5
1176 936 8
1253 1287 2
1171 908 8
1138 1128 8
742 179 15
329 656 2
171 338 5
208 568 7
452 972 74
357 147 8
762 1393 2
205 1114 7
552 1087 2
483 1325 5
527 1395 7
795 808 8
202 688 2
219 322 2
189 1190 33
457 119 8
323 392 7
824 1376 15
139 173 30
1333 1212 7
1336 823 7
778 1525 2
81 501 1
535 1250 2
1317 1054 27
988 1075 2
507 1452 1
1231 796 8
1221 903 2
1209 459 7
578 139 3
80 148 7
1391 139 5
1125 502 8
1162 1070 5
986 1604 38
475 1152 26
1186 1166 1
1237 720 15
285 166 2
858 822 74
980 936 8
1184 1029 2
834 1062 6
1394 1436 27
1565 187 19
279 256 27
20 1070 5
1338 90 8
539 823 30
387 1062 7
512 434 2
864 533 3
1054 1211 2
1177 33 27
1520 936 8
1306 1305 7
617 434 2
30 504 2
208 1455 30
843 26 2
1033 1141 2
471 880 2
1184 857 2
1526 32 8
491 656 2
365 685 8
739 743 3
1264 1111 7
582 1525 2
698 419 1
1439 720 15
686 1199 7
1114 847 0
507 437 8
1 1127 6
126 540 2
384 1581 8
64 1457 30
1029 1393 2
1506 89 2
205 605 77
891 1176 1
371 1127 8
899 891 7
279 919 50
320 613 6
579 908 7
1164 147 8
1503 1062 8
1131 1224 33
1348 1166 1
787 176 7
80 844 7
451 399 2
1536 1004 52
369 883 30
1025 453 34
1296 345 0
416 1198 2
1128 454 2
279 223 26
1001 596 33
1152 265 8
736 1184 6
642 1298 7
880 1096 2
86 179 2
1223 502 2
1280 153 5
550 998 29
434 296 8
82 80 8
527 685 8
847 424 7
1009 97 8
247 139 5
1429 65 7
345 1132 0
1075 1221 2
1191 904 74
434 588 8
284 311 2
1390 1090 1
737 928 2
287 453 2
611 858 2
1184 1553 2
406 1227 8
958 855 27
292 773 2
54 958 3
1077 88 2
451 724 30
42 1161 7
862 249 8
575 412 5
1438 1086 8
139 1568 2
176 1239 2
1397 1199 7
491 1342 7
486 1360 2
1394 289 27
474 817 1
1144 297 6
1453 484 9
586 1436 2
557 88 5
276 1310 8
768 1070 5
703 988 2
487 1581 8
205 1629 77
26 177 2
25 1396 8
1054 163 8
808 988 2
1162 1062 8
1031 1342 7
104 178 1
501 1004 8
1326 341 5
1054 59 8
1250 933 2
1409 546 35
999 1491 7
170 208 30
226 1333 2
667 998 2
607 998 29
295 594 10
917 856 2
240 45 2
558 1250 2
1483 558 2
795 65 8
789 113 2
1025 147 8
383 192 30
205 1059 7
463 1128 8
112 1296 8
127 1118 5
285 1070 5
1215 330 7
350 697 14
438 1198 54
610 1566 5
1160 1325 5
71 1351 2
1187 1266 1
547 905 2
1114 1090 2
272 97 15
555 575 2
546 611 2
177 365 2
534 901 2
162 1359 2
620 1450 2
639 451 2
462 1132 5
650 823 33
1436 322 2
1198 1258 2
1207 1217 8
1526 1315 7
1076 1236 7
754 1581 8
934 646 5
934 1421 1
562 720 15
1271 1407 2
879 267 55
1251 0 0
1515 667 27
403 42 8
535 1124 30
703 928 2
858 1428 75
792 1118 5
806 178 1
1055 702 7
147 159 2
594 1279 8
161 834 8
586 854 27
917 1214 7
1466 891 1
468 1407 2
452 1418 7
1372 406 7
527 974 5
1217 1325 5
742 820 15
899 440 7
575 769 2
629 1070 5
586 289 2
18 1062 8
877 1566 5
598 390 8
207 920 1
457 765 2
284 991 5
329 891 7
205 1395 7
997 1342 7
805 90 8
1351 1475 37
434 850 6
80 497 7
489 147 8
1044 172 8
1225 1062 48
1022 272 8
915 707 2
1565 488 2
1445 702 12
238 292 2
308 1451 2
457 296 8
197 936 8
1210 1326 7
592 64 50
80 429 7
1333 119 8
823 1194 30
306 908 8
85 1082 8
1188 908 7
368 761 15
86 119 8
1429 114 7
322 59 8
1179 548 7
1454 139 3
639 1371 2
958 1568 7
69 26 2
731 939 7
279 829 27
369 178 1
504 1337 2
1172 1054 7
862 90 59
1090 523 2
1515 798 2
1287 248 12
754 502 8
45 106 2
784 1641 77
961 999 2
506 42 8
706 1184 6
592 824 6
150 502 2
877 1224 30
337 1388 6
1252 1578 7
353 1408 1
205 886 77
1008 338 5
365 1550 8
1340 1070 5
380 516 2
825 1062 8
934 607 2
419 704 35
1207 1214 5
440 675 2
641 1082 20
1372 1326 7
1082 1458 20
1153 908 8
253 139 3
923 727 2
852 596 30
923 1123 2
678 823 2
941 28 8
1548 338 5
914 763 2
221 958 2
241 284 2
347 1419 8
279 485 30
502 624 30
1171 88 3
1354 530 2
80 1125 7
323 1301 7
596 1500 30
88 1452 7
1451 1152 2
1326 1384 7
1446 845 1
323 1197 7
1454 502 2
406 1243 7
557 1396 8
586 1230 20
880 981 2
1567 118 2
846 438 6
71 1296 2
192 1437 8
1406 1517 1
1188 1536 7
406 779 7
1110 936 8
1207 433 7
1304 502 7
1394 638 27
409 210 2
1184 127 2
1141 1327 6
172 21 8
1024 116 20
893 880 45
739 368 2
1098 453 34
88 963 60
381 1199 7
638 97 8
1112 820 15
590 1315 7
913 521 5
514 898 2
607 1287 2
598 1381 7
35 26 2
1141 863 6
1351 1578 5
24 1352 2
1062 433 7
1407 751 2
1456 1507 1
1184 54 8
510 1307 13
546 485 30
681 0 0
453 272 31
143 163 8
1312 338 5
1459 823 16
1466 440 1
208 384 5
1035 1141 2
73 0 0
451 1376 2
454 276 2
45 1455 30
1207 531 5
314 1525 2
434 863 6
116 1581 8
170 781 30
823 855 3
686 1062 8
702 726 7
341 988 2
739 1335 5
279 53 50
81 452 12
891 1097 7
59 1070 5
799 1128 8
563 540 2
1020 796 8
80 442 7
80 46 7
440 216 2
859 739 27
1198 1211 2
642 150 2
259 1118 5
858 1213 7
559 891 8
1481 588 8
57 865 6
880 298 2
1190 1124 16
1355 419 2
535 976 2
897 269 8
796 3 8
939 1315 5
1264 70 35
1225 939 48
1102 1231 17
1266 1070 5
322 108 8
117 192 30
452 1065 5
147 706 41
1429 59 7
720 1266 1
925 939 15
1337 90 8
210 68 24
933 1472 37
1407 1109 7
269 880 2
618 908 7
957 998 59
1262 990 37
1054 1041 2
539 1341 30
1476 98 30
939 269 6
171 908 8
503 988 2
1283 1371 33
722 898 2
483 1207 8
24 377 2
928 903 2
883 573 15
944 450 2
205 435 77
988 573 15
125 575 2
1030 34 53
205 1123 77
451 1567 1
34 256 38
150 671 2
586 70 2
1215 829 5
858 801 10
457 1437 8
421 1609 47
744 1554 1
837 1465 5
1525 223 26
116 147 2
502 173 30
397 1472 5
451 229 2
205 657 7
205 261 7
267 1070 5
598 1315 5
440 844 2
297 284 6
821 1557 5
168 603 6
416 1424 2
1407 743 5
90 49 2
1481 470 33
88 233 27
406 792 7
1075 1515 2
1541 1199 7
592 1074 51
1531 1306 1
1395 1325 5
903 97 8
1144 89 35
419 1457 8
589 990 5
620 1340 2
502 648 2
1525 611 2
166 533 2
419 1389 8
158 759 2
594 216 7
671 1239 30
533 88 3
1075 90 7
510 929 7
32 1139 2
17 483 15
45 1075 2
638 42 8
466 1327 6
41 697 7
380 1553 2
688 1609 47
1141 808 6
255 917 2
594 877 8
917 83 6
815 208 2
1262 891 7
1328 453 35
155 284 33
392 502 8
1527 139 3
988 1201 15
135 42 8
928 220 2
64 604 30
57 765 19
501 834 8
1047 504 2
1467 1264 1
143 108 8
908 848 7
1027 1416 2
692 1342 7
999 408 77
750 915 30
787 702 7
901 1062 7
915 81 2
988 428 41
1382 936 7
1021 406 2
605 90 8
428 671 16
900 1052 2
1252 813 8
1140 702 12
1166 3 8
1232 1342 7
653 452 12
116 1062 8
458 307 29
836 535 30
695 88 3
883 116 7
1458 178 7
1215 848 7
978 210 2
1190 381 16
535 1025 2
620 638 27
390 1517 1
139 240 30
1217 292 2
1223 1252 2
1144 1009 35
97 390 8
1166 1335 5
555 796 8
499 883 33
45 1095 12
541 908 8
186 1396 8
158 320 6
847 1570 7
368 501 71
199 936 8
1184 804 2
1394 1211 27
1562 910 2
116 115 15
554 880 15
1186 936 7
419 18 8
502 1568 2
601 823 7
780 596 30
176 94 2
978 535 30
987 453 35
118 389 36
1461 983 30
928 916 2
1292 796 7
551 139 5
784 739 77
1130 809 1
1058 166 2
388 1396 8
594 1505 8
355 846 6
390 502 8
858 44 8
1 506 6
1216 1325 5
171 97 8
917 1399 6
1566 647 57
25 147 8
899 1062 7
1466 1013 1
716 958 3
1235 671 16
568 434 6
236 771 75
586 411 2
51 1124 30
238 586 2
559 1199 7
1253 1371 33
917 102 8
501 83 8
103 156 2
939 848 8
307 1001 2
1152 108 8
591 453 34
440 101 2
1354 24 2
97 1086 8
869 284 6
1261 80 8
642 723 2
1152 40 8
1023 958 3
789 824 23
183 284 2
739 1345 2
284 272 31
1039 1118 5
759 1121 2
1209 1550 7
818 139 5
176 848 7
1183 1556 7
1184 1036 2
1224 836 3
625 917 2
872 1128 8
600 1184 6
380 1375 27
960 999 2
596 1131 7
402 908 8
780 1224 30
957 1342 7
217 1325 5
651 1024 40
292 881 3
842 558 1
558 99 0
870 90 8
1506 1352 2
1207 296 8
642 1340 30
1210 42 8
721 139 27
440 532 1
1351 384 5
586 1211 2
270 26 2
1271 858 12
598 916 8
575 189 27
1497 1342 7
32 620 2
161 377 8
866 720 15
917 803 2
1341 830 30
20 1260 7
381 1062 8
91 275 67
218 1199 7
238 1236 7
72 1325 5
359 118 2
598 848 8
34 829 38
240 284 2
586 1039 2
127 249 8
42 539 50
934 1156 8
654 1525 2
623 880 20
1541 1070 5
170 671 30
917 930 69
912 702 8
928 92 8
849 642 30
1507 301 19
143 277 8
1377 97 7
1114 933 2
1022 1418 8
454 139 3
9 42 8
1451 936 7
824 1200 15
125 1082 24
540 1493 2
559 139 3
1009 527 7
763 1393 2
1261 1396 8
300 172 2
530 650 2
409 504 2
874 831 2
1304 1088 7
546 48 7
54 1342 7
823 949 71
981 1359 7
187 838 7
450 451 30
514 796 2
291 891 8
1198 1033 2
462 1199 5
1103 65 8
594 1127 2
401 1112 2
932 284 6
591 631 15
806 535 30
395 147 8
1151 95 0
736 879 2
26 648 2
440 443 10
1337 187 55
1265 846 6
926 1062 1
999 1153 77
255 1198 2
30 620 2
228 891 6
104 958 5
929 1199 7
1313 883 14
209 958 5
45 206 54
694 1031 2
739 813 8
699 1351 2
701 322 2
171 42 8
478 21 8
279 347 50
575 648 2
1200 1070 5
19 1581 8
471 928 2
454 502 2
772 510 77
858 3 10
1158 114 8
42 1459 50
1024 1121 2
903 1371 2
329 1062 7
1461 1007 2
558 446 2
917 47 8
320 265 6
1572 1314 7
1120 702 8
323 52 7
1022 47 8
744 1084 1
170 338 5
368 172 8
1082 829 20
1236 1491 7
933 704 35
889 488 2
845 444 57
631 1265 1
789 1199 8
1341 1491 7
168 97 6
557 147 8
641 880 33
880 128 2
880 816 2
710 338 5
1019 129 8
881 308 7
619 521 27
869 540 2
512 908 7
1179 323 7
527 743 3
30 1024 2
761 167 8
374 1070 2
406 218 7
1224 484 9
852 1198 2
1084 1296 8
76 1581 8
32 8 1
1541 1062 8
241 1173 1
616 898 2
86 222 8
183 453 2
166 423 2
1401 284 6
1476 324 30
45 673 2
879 98 14
864 881 3
1054 1163 2
917 1417 27
1085 323 13
261 671 33
1506 901 2
33 859 2
323 442 5
510 63 7
720 149 8
24 499 2
944 676 2
312 958 5
1037 1461 2
1488 577 2
192 450 30
719 139 3
1252 189 27
501 36 8
484 1087 84
125 796 8
575 1568 2
1028 1393 2
64 98 30
813 1419 8
546 1445 1
565 172 2
895 1199 7
598 793 8
1133 1393 2
915 1574 2
546 1399 6
27 172 8
558 31 33
872 338 5
897 462 7
977 338 5
1447 1351 2
334 349 2
592 535 50
80 900 7
673 210 2
424 1342 7
88 1227 7
957 593 5
553 1496 2
778 210 2
604 1341 30
796 1217 8
650 1046 12
661 891 8
502 348 41
417 1184 27
778 898 2
540 1042 2
192 46 6
418 530 1
406 1310 7
651 207 38
212 597 2
1341 808 7
192 1212 8
88 1451 7
805 823 30
847 1214 2
86 1314 8
990 930 12
867 594 2
1199 1384 7
898 92 8
614 88 1
652 958 3
620 774 2
563 1118 5
1437 1224 33
737 880 2
579 958 5
292 1121 2
502 770 2
1055 594 7
451 676 30
917 377 6
656 983 14
45 905 2
759 18 8
796 627 6
181 502 8
1400 605 7
421 192 30
218 1070 5
417 879 9
158 917 2
836 504 2
1141 667 27
1184 230 2
1394 1033 27
999 1098 77
582 898 2
40 908 8
702 277 7
1493 1525 2
3 1453 2
917 1376 2
980 535 30
543 1255 41
64 726 30
415 908 5
359 1087 2
143 626 8
422 824 57
1228 1601 1
434 684 1
1371 1381 7
208 929 7
63 593 5
259 249 8
1201 88 5
1247 1070 2
1158 59 8
524 187 41
192 1138 6
547 1029 2
396 598 30
265 208 30
555 320 6
997 1062 7
1114 1506 2
1025 891 8
82 1525 2
1566 230 17
1336 824 7
1266 97 8
24 1225 0
307 531 2
183 739 27
1336 720 7
295 821 2
958 627 6
1080 603 6
534 537 12
297 34 53
172 497 2
530 443 12
1264 241 35
898 32 8
603 1227 52
1128 114 8
1554 1070 2
889 365 2
928 652 41
993 80 8
923 1578 5
54 1584 28
419 244 8
858 1511 74
546 1403 19
860 958 3
147 1075 2
1058 1252 2
1424 1310 7
192 65 8
419 140 8
178 1384 8
504 661 2
671 782 30
86 167 8
291 1396 8
1438 63 8
139 545 2
440 1016 10
452 1064 5
847 21 7
864 92 8
33 116 2
488 911 2
65 97 8
118 1344 37
620 23 2
208 855 5
1460 915 30
1424 206 54
812 1608 2
631 533 3
281 1255 55
1252 1298 7
45 154 2
702 1197 7
507 730 8
357 453 2
28 119 8
519 546 30
1193 51 50
501 377 8
1206 720 15
873 823 31
1160 998 29
1166 1217 8
546 1098 1
1082 106 30
440 791 2
368 917 8
586 241 2
923 447 2
1252 1568 2
457 1212 8
1364 958 2
339 421 2
1359 254 12
372 97 8
911 1128 8
696 502 8
917 229 2
669 183 2
1087 1244 36
796 479 2
360 546 35
507 109 0
894 739 27
489 495 8
796 433 7
915 1550 8
104 504 2
689 139 3
990 651 12
804 936 8
551 1525 2
1001 397 2
1106 397 2
1215 391 7
391 739 27
865 1199 7
1216 1207 8
88 1104 7
205 743 3
27 51 30
868 1283 2
88 1437 8
1429 462 7
1013 1246 5
1100 671 33
526 104 2
111 1325 5
1198 235 2
843 1515 2
993 1396 8
729 759 2
603 689 2
502 423 2
284 604 2
986 166 38
42 766 7
290 533 3
385 1396 8
292 1457 8
847 1482 8
618 0 7
290 487 8
140 210 2
1153 1184 52
544 596 30
195 1221 20
595 1396 8
895 1070 5
227 998 1
337 1405 27
1262 1062 7
27 917 8
1173 98 33
934 622 1
590 909 2
501 568 7
1240 568 1
349 550 2
1398 502 8
298 1184 6
349 446 2
1481 1045 33
1481 649 33
988 203 41
994 824 57
1540 1070 5
661 1141 2
148 891 8
148 495 8
1232 434 1
1468 1260 7
244 86 2
540 1391 2
156 939 15
903 1198 54
178 111 6
458 80 7
338 916 7
327 28 2
220 958 2
24 622 34
990 1076 57
1258 80 8
217 1207 8
337 272 2
58 1609 47
1139 805 2
572 1070 2
546 629 64
1266 88 3
542 586 2
433 249 8
606 781 30
13 999 19
307 476 2
206 210 2
185 1393 27
534 1262 2
997 939 7
1341 1381 7
769 166 2
1227 1062 8
1215 1311 7
1221 849 2
417 796 2
1128 59 8
434 1217 8
24 718 10
84 323 2
1210 527 7
681 998 29
176 287 7
739 424 2
55 322 2
1184 475 2
3 590 5
216 1139 30
601 598 7
1312 42 8
759 533 3
176 265 2
942 1371 2
42 421 2
1461 362 30
176 557 2
45 167 2
488 856 2
1356 293 0
999 1275 77
147 556 2
1152 1622 1
34 737 2
1046 484 74
588 1224 2
720 39 8
1053 210 2
1252 1243 7
873 761 15
36 1144 44
1166 433 7
916 908 8
1177 97 8
1166 766 8
1025 1199 7
442 914 2
119 1342 7
1251 1287 2
457 766 2
551 908 7
904 572 84
32 90 8
1562 3 10
453 726 2
502 719 15
372 42 8
265 781 30
849 115 15
596 873 30
1303 1207 5
1003 1173 2
647 1236 7
323 570 7
1025 742 23
194 1488 2
308 1452 2
205 377 7
1307 824 6
528 534 2
36 64 30
917 50 70
1562 1101 12
531 700 32
1075 897 7
347 958 3
1081 1152 26
1221 1081 2
530 1016 12
995 324 33
865 1581 8
1333 808 8
635 1359 1
1437 1199 7
83 1062 8
852 1424 2
1184 1161 7
318 669 80
86 52 8
535 44 8
1527 1296 8
45 503 2
1413 936 8
1518 936 8
380 981 2
999 443 5
159 759 2
33 689 2
841 26 2
1307 147 8
1076 90 7
1394 235 27
271 936 8
836 97 8
1339 845 5
1502 1087 2
122 671 16
941 97 8
77 440 35
81 1506 0
834 928 2
586 882 2
919 1152 2
590 562 2
1246 1112 57
530 718 10
988 199 30
55 1070 5
64 324 30
80 1153 6
419 1475 37
922 1190 2
673 504 2
591 883 33
908 568 7
784 1072 7
314 898 2
976 781 30
192 345 0
193 1407 57
45 724 30
135 90 8
778 796 2
671 1330 2
230 208 33
42 606 50
1338 1141 2
1240 49 1
865 1070 5
205 713 7
173 192 30
1139 458 2
750 845 1
1025 139 3
208 63 7
1126 80 7
80 1418 7
88 1349 7
108 1112 8
228 1198 54
1014 1419 8
172 223 26
406 1582 2
980 504 2
995 59 8
1215 568 7
530 425 2
846 1127 6
616 1424 2
625 1342 7
555 958 3
1080 97 6
1438 1395 7
62 891 7
1326 47 8
1329 1396 8
769 502 8
308 701 2
1098 452 12
526 677 2
434 766 8
979 898 2
1054 1375 27
136 1062 52
437 908 8
1515 681 27
938 1052 2
595 883 16
502 996 2
1184 128 2
879 206 39
1075 88 2
849 1184 2
454 251 41
451 1194 30
23 1073 2
1515 116 2
601 147 7
26 423 2
145 1062 1
391 575 2
90 99 0
148 1199 7
739 296 8
780 1296 0
594 1225 8
486 823 33
766 1070 5
897 1384 7
421 642 30
173 596 30
596 92 8
1255 584 2
575 423 2
601 371 7
880 983 16
349 727 2
1193 45 50
928 522 7
1348 0 0
1028 540 2
673 1424 2
325 824 6
534 445 0
457 315 2
778 1424 2
883 974 2
791 1360 2
1359 1124 33
301 824 77
489 139 3
1352 742 2
424 535 2
455 1199 7
1564 17 57
1040 834 8
80 47 7
681 1287 2
1137 507 8
1069 284 30
1022 114 8
147 379 41
824 1014 0
569 28 8
584 620 40
279 551 27
190 1393 2
307 653 2
1461 1006 2
928 1238 41
1333 65 8
548 255 2
205 341 3
1438 65 8
796 296 8
759 841 2
833 1342 7
86 65 8
641 90 8
1476 167 30
1183 880 7
1177 620 27
65 292 2
167 546 2
393 739 27
1407 1448 2
1281 603 6
768 1128 8
155 452 12
1007 546 35
154 488 2
1438 685 8
978 883 30
944 519 2
492 1073 2
374 1173 2
205 1335 5
603 219 2
371 1381 7
601 1463 7
478 789 2
33 1030 2
738 936 8
642 1456 30
852 1296 8
915 1480 1
915 1084 1
148 166 2
940 829 7
24 670 2
1129 809 1
1224 152 30
292 533 3
173 1224 30
15 310 2
279 750 50
450 846 6
380 66 2
696 796 8
349 1355 2
43 139 3
25 891 8
128 322 2
266 97 8
148 139 3
24 602 2
1100 594 10
1145 936 7
1082 624 30
323 1315 7
322 1375 27
671 983 2
928 867 45
1506 622 34
453 1299 2
671 937 7
119 249 8
1069 620 30
1138 172 8
1221 1384 7
1443 702 12
322 706 2
451 126 2
1565 958 2
350 139 3
823 59 8
377 908 6
57 183 6
625 1333 2
279 1075 27
192 1284 2
1014 1296 8
17 156 15
1176 124 1
322 1321 8
922 115 15
1394 980 27
485 1 6
1539 891 8
318 846 80
502 545 2
995 228 8
642 83 8
958 1169 2
1110 546 35
45 1076 2
928 1554 7
88 226 3
1177 975 2
999 1016 5
291 147 8
586 1163 2
988 840 30
1052 1243 7
1055 593 7
1488 543 1
377 1112 23
977 97 8
914 1405 2
246 908 7
825 1199 7
205 149 77
891 324 1
925 821 2
495 167 8
1480 858 12
1009 1566 37
114 958 2
350 898 2
322 627 6
840 434 14
219 958 2
51 893 30
783 1239 2
1040 533 3
230 781 33
576 940 2
337 148 27
206 504 2
1317 898 27
139 309 30
1360 65 2
1003 771 2
551 42 7
208 974 2
1019 21 8
541 586 2
1228 1600 1
1025 1062 8
323 168 7
308 1446 2
457 291 8
147 428 41
1429 1384 7
547 736 2
202 756 2
292 513 26
552 824 23
1336 891 7
420 1128 2
639 642 2
1087 543 2
530 602 2
1481 379 70
273 1152 26
154 1609 47
368 1608 46
575 1335 5
281 208 2
263 594 10
512 1070 2
1476 216 30
177 488 2
824 99 0
676 1341 30
158 1342 7
534 309 33
147 850 2
367 1062 7
147 454 2
513 796 2
739 942 2
1023 1325 5
95 1118 5
820 1184 1
618 796 2
806 883 30
395 891 8
727 452 12
540 68 24
1515 689 2
636 97 8
601 720 7
544 1187 0
834 1190 33
45 393 2
176 387 2
1404 671 33
1506 329 2
1282 1562 1
944 464 2
1076 26 2
806 697 1
1454 1507 1
256 322 2
1402 1396 8
1 903 6
102 1507 1
1141 68 1
594 96 2
468 883 33
33 219 2
510 116 8
928 1578 3
1323 139 5
1240 1335 5
266 88 3
266 42 8
838 97 8
457 992 2
1162 502 8
913 90 7
24 151 2
1082 173 30
437 1562 2
1304 1070 5
594 23 8
1322 533 5
1467 118 1
3 868 8
234 92 8
1155 139 3
837 631 15
338 63 7
415 1144 2
898 1196 2
999 863 7
857 739 27
13 139 3
897 114 7
1010 936 7
1296 75 5
233 90 8
540 762 2
322 646 8
759 1122 2
185 540 27
1082 648 2
868 1454 2
661 147 8
988 460 2
406 670 7
1090 714 2
850 284 2
1215 98 7
420 80 8
814 338 5
761 119 8
717 824 2
620 890 2
731 1062 7
720 133 1
292 841 2
42 937 7
1459 642 30
1287 1443 2
847 820 7
45 625 2
25 1199 7
42 833 7
603 584 53
1013 1245 5
603 792 2
1085 275 13
1053 1424 2
380 707 2
933 554 2
584 207 38
1500 739 2
543 338 30
208 152 30
784 57 77
150 917 2
1259 1429 2
814 936 7
1180 593 59
668 1062 5
1488 1321 2
1166 973 39
195 928 20
720 789 8
912 1 6
1230 939 15
917 321 6
925 474 2
1238 596 16
380 1035 2
825 1581 8
883 362 31
143 54 8
1042 26 2
512 958 5
349 617 2
1037 97 8
45 950 30
1382 90 7
338 3 7
90 691 2
324 453 2
155 249 8
425 990 37
592 883 50
1228 857 1
1333 233 27
458 147 7
1202 88 5
758 1470 2
1207 728 7
1442 915 2
534 745 2
1408 93 5
958 14 5
759 1004 27
880 1500 2
1282 781 30
1539 1199 7
202 305 2
178 506 6
83 1525 2
1562 248 12
441 90 8
1341 1156 7
1525 857 2
1223 1198 2
1215 1086 7
805 1070 5
547 973 2
139 519 31
1131 251 55
118 70 35
254 225 5
836 1024 2
1207 1389 8
277 113 2
1394 1553 27
113 991 5
158 1333 2
739 199 2
285 575 2
1132 1310 5
756 958 3
1326 101 8
1460 307 30
934 1093 1
636 88 3
176 40 2
890 697 14
1187 387 8
492 671 2
636 42 8
928 862 2
446 139 5
91 1419 5
544 1132 0
26 1337 2
117 307 30
391 796 8
315 642 30
726 883 2
638 908 8
125 739 27
495 808 8
1062 1389 8
1024 461 1
1078 936 8
1138 338 5
25 139 3
338 1491 7
64 782 30
1264 728 7
205 326 77
135 908 8
922 45 2
1493 958 2
575 545 2
1481 852 2
838 88 3
498 90 8
502 1496 41
862 1070 5
907 620 2
150 166 2
1024 1122 2
210 325 2
501 75 3
671 873 2
238 90 7
124 167 8
1479 210 2
1230 1342 7
928 361 45
1152 54 8
234 37 8
28 63 8
594 738 10
80 565 7
995 167 33
1225 1526 48
1000 883 33
369 208 30
999 808 7
898 1578 3
380 269 20
594 716 5
897 59 7
829 1118 5
981 349 7
141 858 9
880 421 2
880 817 2
1209 808 7
410 701 2
302 1359 7
279 673 27
192 486 2
138 781 30
395 1199 7
1128 462 8
395 1141 2
534 950 33
1192 1070 7
988 108 8
500 1141 2
162 452 2
1537 1342 7
1400 46 7
872 975 2
915 1204 30
499 397 2
992 80 8
1376 527 1
1482 338 5
603 409 2
118 75 5
1174 139 2
284 324 2
1394 78 27
41 656 7
988 40 8
1284 908 7
502 831 2
307 1204 30
737 936 8
558 441 0
380 360 2
560 1419 5
594 39 7
631 881 3
491 1396 8
1152 463 2
1493 898 2
586 1449 2
988 730 30
586 1053 2
923 1259 2
104 1152 26
1337 338 5
1003 594 10
259 187 33
925 419 2
914 189 27
546 1446 1
1024 1004 27
921 325 2
170 501 71
787 593 7
923 1191 2
598 1086 8
45 1291 30
557 1199 7
552 821 2
1436 1070 5
1187 384 5
812 671 14
42 381 50
390 846 6
548 1177 2
670 419 7
849 192 30
1009 879 2
1483 279 2
879 436 1
419 1315 7
592 1224 50
234 957 8
908 1004 8
205 1176 7
423 1333 2
1154 80 8
753 320 6
57 373 6
540 647 2
265 631 15
207 278 2
632 908 1
946 140 62
1210 419 7
192 735 6
720 441 0
192 1114 2
438 586 2
761 1156 8
190 540 2
1296 1418 7
42 412 5
20 908 5
166 1120 2
62 1062 7
1209 125 7
1316 546 1
1207 605 7
641 1236 8
503 1515 2
84 147 2
186 891 8
978 33 2
1326 114 8
603 1037 2
393 1342 7
1287 1328 2
399 88 2
88 114 8
720 1097 7
1062 255 2
707 1139 2
1461 1200 15
495 65 8
928 411 2
1313 42 8
1383 1556 7
1123 139 5
1144 938 6
594 959 7
127 495 8
450 97 6
365 648 2
1393 197 7
702 570 7
143 627 8
939 119 8
1503 796 8
1481 63 7
1160 284 33
1082 167 30
119 1062 7
558 952 33
823 1377 8
1539 1070 5
867 596 16
1567 590 2
852 34 41
344 406 2
208 1200 2
421 1252 2
570 97 8
575 21 8
920 999 19
88 149 7
1404 594 10
208 1550 7
551 898 2
377 1325 5
417 502 27
1322 833 7
540 360 2
605 338 5
642 568 7
880 366 2
739 840 2
396 671 16
279 618 27
1019 471 8
1212 90 8
52 1342 7
719 320 6
292 1004 27
157 1342 7
867 308 2
176 681 2
192 71 2
503 57 6
369 1152 26
852 1144 2
226 988 30
279 154 27
1087 1384 8
504 662 2
642 833 8
1536 1389 7
1527 958 3
713 1070 2
928 1097 7
877 1341 30
380 701 2
33 409 2
1162 796 8
350 1424 2
359 1342 7
127 1024 2
631 92 8
1485 1173 2
852 781 30
1079 1252 30
167 936 8
720 387 8
1024 1367 2
688 1252 2
590 282 2
25 1062 8
1442 1151 21
988 303 20
1179 1224 30
672 1052 2
440 355 1
575 722 2
1566 1458 57
28 808 8
934 719 8
155 453 34
552 474 2
923 839 8
795 533 3
657 474 2
290 436 5
1144 957 8
1121 1525 2
417 1198 27
1232 1062 48
357 1139 30
1026 166 2
823 298 8
209 527 7
1152 627 8
774 26 2
205 433 7
108 936 8
1230 1584 28
323 1314 7
681 1371 33
999 1381 7
1261 891 8
1215 684 7
1223 796 2
906 172 8
1333 1156 8
59 824 6
1438 1156 8
1058 739 27
1056 1 6
42 1523 7
841 546 2
1163 739 27
252 958 27
530 77 2
1016 1285 5
486 1046 12
536 1341 30
631 59 7
729 1052 2
393 1333 2
829 1128 2
995 3 8
1394 1047 27
329 546 35
673 1152 26
594 1018 2
147 1554 7
290 92 8
944 922 2
42 1059 7
902 1118 5
558 1014 0
303 28 8
210 223 26
690 904 58
914 101 26
796 865 6
488 625 2
1383 1151 2
222 1070 7
519 1139 30
300 284 30
1062 533 3
1488 714 1
115 298 1
1402 147 8
147 221 2
1371 1395 7
42 730 50
823 265 7
1229 846 6
26 471 2
464 1393 2
458 883 2
699 858 12
435 1054 7
1481 54 2
349 447 2
1054 68 24
205 1129 7
596 758 44
870 338 5
459 1396 8
51 960 30
238 26 2
205 1061 7
139 480 30
570 88 3
570 42 8
882 796 2
80 163 7
1455 284 2
147 203 41
555 1333 2
186 1199 7
603 1403 6
178 336 6
761 1437 8
1336 1062 7
1087 714 2
1221 116 7
1215 916 7
720 1014 0
1223 1424 2
1221 454 2
279 271 27
1403 88 5
81 742 23
833 1062 7
1183 308 7
84 720 2
1071 1652 2
913 1334 5
922 192 30
729 1342 7
527 296 8
176 626 2
406 109 7
721 958 27
1460 917 20
872 172 8
210 1578 5
726 1073 2
982 42 8
1448 823 30
1054 762 2
347 1325 5
601 495 7
601 891 7
45 168 2
1054 1450 2
488 857 2
42 813 8
1037 1024 2
307 1094 30
928 646 7
1240 1178 5
1277 290 22
127 1073 2
93 876 57
271 210 2
353 386 1
147 849 2
1350 1562 1
726 1396 8
163 495 8
988 1588 41
631 37 8
1032 1394 27
996 720 15
147 1578 3
808 307 2
453 1191 2
28 65 8
1252 1577 8
1567 1190 1
575 766 8
899 734 7
907 846 2
672 1393 2
578 908 8
337 259 27
1003 858 12
727 453 34
453 973 58
898 1097 7
1319 1296 0
1371 685 8
337 551 27
671 1099 2
284 464 14
657 419 2
424 883 2
1321 1 6
124 685 8
1136 80 8
286 1062 1
882 1424 2
80 791 7
789 284 33
672 883 7
432 908 1
1355 452 12
515 558 1
392 939 15
796 1108 8
323 1259 7
323 863 7
1022 462 8
311 1549 7
610 93 5
1132 728 8
909 823 14
209 742 2
897 222 8
1184 1568 2
848 1453 2
1447 1070 2
642 1479 2
886 80 8
1183 936 7
565 284 30
59 1544 2
1461 1455 30
305 620 2
847 663 7
176 1254 2
90 822 9
139 1479 2
61 249 8
832 90 1
401 656 2
178 355 8
1441 253 2
292 616 2
502 661 2
754 796 8
834 1393 2
349 1397 0
290 37 8
1006 546 35
555 1325 5
150 796 2
1173 363 2
380 878 2
915 1140 1
159 1052 2
753 880 15
259 1128 2
603 859 2
1193 80 8
565 759 2
101 1166 1
702 168 7
917 929 7
1240 135 5
479 502 2
627 904 9
91 739 67
88 1044 5
796 1121 2
575 1295 2
1479 1424 2
675 1371 2
454 0 7
1481 595 33
143 855 3
265 97 8
540 1337 2
221 1252 2
1166 972 39
702 392 7
1487 936 8
593 393 8
1547 338 5
507 683 0
936 533 3
897 1314 8
264 631 15
805 97 8
1136 1396 8
322 716 7
305 1024 2
907 90 8
97 179 8
910 97 8
1090 1243 7
308 770 2
898 387 8
792 139 3
915 21 8
1325 1384 7
76 406 2
1444 349 2
863 1199 7
1304 1260 7
780 284 2
823 513 30
410 1451 2
861 1359 2
1198 1169 2
411 488 2
647 90 7
676 320 19
86 1437 8
420 488 2
590 511 5
1552 90 8
729 1333 2
392 1342 7
450 915 30
117 546 30
261 534 2
162 883 33
1326 272 8
628 147 8
1322 983 14
1054 707 2
278 1252 2
719 958 3
1131 115 15
917 792 6
1461 704 30
1240 1227 5
96 1118 5
240 1152 2
115 183 1
1173 1283 2
206 1152 26
1176 1128 8
127 284 7
1341 341 5
523 115 15
0 186 1
1 623 6
917 1161 7
586 200 2
917 1499 2
1155 1296 8
1455 1507 1
154 80 8
560 739 67
1082 719 15
93 753 57
202 1469 47
1538 1070 5
162 88 3
1110 495 5
590 167 8
753 846 6
365 743 3
579 742 2
1133 891 7
1040 881 3
569 97 8
218 166 2
307 722 2
57 1227 6
82 1252 2
780 620 2
508 338 5
1351 741 2
604 781 30
1190 1126 16
1261 139 3
790 147 8
1505 1118 5
425 1062 7
530 274 12
369 671 30
655 1581 8
1053 1152 26
1341 393 8
82 1324 39
1444 1269 2
192 261 2
192 657 2
915 1047 30
246 958 5
86 462 8
642 1127 8
524 1128 2
410 768 2
176 907 2
1555 365 2
322 298 8
466 373 6
403 936 7
374 858 12
1264 533 5
747 1419 8
993 891 8
1119 671 30
45 53 2
1376 594 1
507 817 59
1303 80 7
263 821 2
1247 1187 0
759 1457 8
847 144 7
590 576 2
1224 513 30
33 1031 2
642 1457 30
1127 1325 5
159 1393 2
858 393 8
259 1073 2
124 310 1
337 900 27
161 98 8
1497 1396 8
594 835 8
925 590 2
1039 495 8
454 1198 2
575 1298 7
1166 75 3
913 1 6
259 1396 8
452 481 74
790 510 7
408 958 5
783 216 2
1322 881 5
593 46 8
338 119 7
900 322 2
917 651 69
1252 83 8
205 263 7
1371 531 29
671 1230 7
218 1581 8
460 883 2
1128 938 2
57 252 6
208 347 2
1102 753 57
773 178 1
555 535 2
1360 855 3
1453 20 2
1482 97 8
417 1252 27
279 1076 27
1215 910 7
1568 1393 2
535 295 2
988 912 2
874 156 2
639 307 2
1103 1457 8
995 297 8
1376 631 15
879 872 2
1209 296 7
535 983 2
1287 1567 2
338 782 30
535 601 85
452 280 5
631 186 1
279 803 2
514 908 8
1465 1557 5
401 891 7
411 365 2
1173 1016 12
502 1234 2
627 87 7
1396 1097 7
1291 940 2
427 88 3
1472 1504 57
164 936 8
784 113 77
1054 256 2
269 90 8
928 582 2
912 57 6
388 1062 8
21 739 27
365 423 2
873 1608 46
147 384 3
546 724 30
1478 534 2
650 1132 0
1024 514 2
1039 1024 2
234 1491 7
205 1355 7
915 334 1
320 54 6
534 340 62
1236 1384 7
689 958 3
761 903 1
879 1469 47
591 397 2
1040 92 8
863 1070 5
576 936 8
844 1224 30
796 18 8
847 1208 0
997 1526 7
80 681 7
80 285 7
546 803 2
323 461 7
1455 406 2
474 1430 5
360 1070 5
1132 326 8
978 504 2
720 1281 1
1424 384 5
1176 338 5
1084 1090 2
307 599 2
846 1305 6
1227 1581 8
995 1321 8
623 1342 7
1424 1550 7
279 393 27
671 1307 14
1313 936 7
624 24 1
1554 858 12
88 882 2
291 1199 7
876 42 8
387 1199 7
1264 1475 37
434 75 3
864 728 8
655 1062 8
721 1184 27
761 226 3
371 1395 7
1103 18 8
377 933 2
139 1077 2
279 325 27
504 833 2
115 1220 1
858 114 8
115 61 15
501 1491 7
1117 338 5
1448 1341 30
147 1097 7
592 320 6
1459 307 30
673 958 5
747 1296 8
485 26 2
784 1429 77
97 850 6
1166 1457 8
192 531 30
495 1156 8
1336 594 5
385 80 8
834 34 69
923 687 2
831 1073 2
220 739 27
457 957 2
586 1169 2
1141 798 2
244 1296 8
1117 936 7
672 1515 2
914 259 2
216 93 1
560 139 1
769 739 27
1481 485 33
170 45 30
290 607 5
605 97 8
68 761 63
290 899 5
796 646 8
347 1207 8
908 36 8
1371 476 29
399 596 16
598 1204 30
286 1184 1
998 836 1
322 652 2
248 705 5
540 763 2
1446 1070 2
775 771 75
889 1525 2
276 412 5
650 1112 23
83 502 2
1505 88 5
978 1424 2
55 1199 7
1098 1087 2
279 1417 27
1562 297 2
404 1453 2
1215 459 7
1215 63 7
868 1455 2
1562 893 33
45 986 53
875 1236 8
647 26 2
309 940 2
1082 941 2
83 1581 8
1329 891 8
1198 595 53
1316 307 2
391 34 53
494 821 2
546 47 8
39 97 6
595 1199 7
1084 42 8
761 808 8
620 1183 2
1416 279 2
384 410 7
158 998 2
1527 1419 8
594 793 2
611 823 2
874 424 8
32 603 6
823 272 31
279 1392 50
1306 3 7
1039 1141 2
1526 1125 8
9 1351 1
371 685 8
1388 908 7
988 390 30
841 936 8
1052 1131 2
602 656 2
35 210 2
486 118 2
780 1187 0
637 353 5
594 1116 8
630 147 8
726 147 8
1035 1393 2
591 118 2
1152 1161 7
126 322 2
287 451 30
1158 244 8
756 1325 5
1146 97 7
140 898 2
980 944 30
661 917 2
287 1139 30
277 1187 0
921 627 7
127 147 8
42 437 50
365 341 3
1252 661 2
322 638 27
695 1322 13
1093 846 6
1215 863 7
1040 37 8
1214 124 1
341 380 2
1371 1500 29
880 1523 7
1221 355 7
1215 1155 7
939 63 8
555 1207 8
97 743 3
526 972 2
1019 259 8
789 474 2
546 806 7
1209 541 7
761 1212 8
365 1335 5
623 1333 2
43 603 52
829 824 6
172 213 8
590 341 5
1458 1252 30
824 441 0
794 453 35
1108 90 8
84 495 2
993 139 3
1326 462 8
514 1090 2
24 1170 0
769 917 8
864 277 8
176 401 2
399 540 2
279 1376 2
988 765 39
34 1595 38
1184 647 2
926 1424 1
721 1525 27
1394 1450 27
915 1294 21
739 492 2
279 270 27
385 139 3
843 504 2
1172 891 7
298 507 8
1438 226 3
330 1070 5
1515 239 2
86 226 3
811 1166 1
202 206 39
64 851 30
1240 661 5
527 3 8
42 588 8
205 1226 5
1054 829 2
1042 1515 2
928 1155 2
847 471 8
1162 958 3
349 1314 2
30 914 2
784 1374 77
442 338 5
357 534 2
1376 124 1
917 1375 27
729 904 9
337 498 27
1287 297 2
1500 349 2
702 1314 7
720 732 60
338 1388 7
991 824 57
1090 311 35
1163 796 8
218 1252 2
934 881 3
454 796 2
575 937 8
880 396 41
677 1488 2
320 627 6
527 1335 5
454 1088 2
575 833 8
210 722 2
598 63 8
744 1446 1
337 722 27
416 988 2
718 998 29
1327 1236 6
178 1203 6
657 590 2
548 154 2
1040 957 8
990 565 57
768 1054 7
796 533 3
719 1236 6
59 320 6
1136 147 8
322 597 2
546 1376 2
1001 118 2
311 1324 7
109 936 8
657 80 7
1215 112 7
897 393 8
419 562 2
406 976 7
1424 667 27
160 694 7
261 594 10
501 681 21
1483 320 19
543 251 2
1530 787 2
847 834 7
1564 999 19
1090 614 7
77 958 3
761 65 8
1462 139 3
1546 172 8
620 836 2
873 212 44
1394 475 27
277 1046 12
1405 1393 2
594 446 2
1526 1097 7
292 391 2
616 796 2
69 90 8
101 338 5
499 702 12
958 326 7
1436 495 8
1510 1393 2
917 43 6
266 397 2
1287 993 2
1515 1555 2
1461 573 15
514 42 8
28 932 8
944 1330 2
852 1419 8
192 1500 30
139 1577 8
586 1450 2
930 1584 28
594 670 2
1052 1076 2
359 821 2
1287 611 34
780 1173 1
548 517 1
337 1418 27
780 1132 0
384 958 3
530 1170 0
582 1252 2
377 998 29
684 1506 2
1054 78 2
218 1438 7
28 1156 8
205 458 1
1328 1325 5
242 324 79
468 397 2
1240 581 1
792 1252 2
170 1190 71
277 1132 0
1317 1166 1
457 1457 8
795 881 3
283 1481 31
341 33 2
233 1128 8
548 741 1
1224 347 16
823 646 8
1258 139 3
139 200 30
507 412 5
555 365 2
85 249 2
322 829 2
1329 1199 7
1183 1325 5
878 26 2
999 167 8
547 627 2
595 1070 5
1090 1310 7
1424 986 53
1461 154 2
846 903 6
1144 901 35
849 1424 2
86 1212 8
1152 412 5
227 720 15
1549 416 2
499 671 33
434 1230 8
176 346 2
1270 1415 1
318 139 3
553 70 35
1407 888 2
181 796 8
902 1070 5
1461 1201 15
590 1384 7
879 281 55
291 1062 8
38 732 48
501 1381 7
128 1141 2
205 340 77
205 775 5
999 1392 77
503 33 2
933 686 7
148 917 2
150 284 2
139 503 2
24 214 2
1277 406 22
602 891 7
143 1384 8
1461 428 41
595 593 38
115 646 1
1526 387 8
1078 90 8
1402 891 8
1252 568 7
487 958 3
702 1259 7
702 863 7
207 1002 1
1406 904 9
479 1296 8
335 178 1
64 624 30
592 958 3
934 92 8
1259 332 2
939 808 8
1527 1325 5
457 91 2
102 1371 2
790 1260 7
910 527 7
1505 249 8
761 1421 1
1121 898 2
337 271 27
307 893 2
1507 772 19
652 1236 6
147 947 41
1411 603 1
88 442 7
712 958 5
1293 995 1
897 384 3
279 619 27
779 42 8
295 1407 2
292 112 2
1508 382 5
290 1491 7
847 487 7
234 1315 5
1183 1052 7
600 284 6
1563 147 8
1479 1152 26
1394 420 27
53 1046 2
1103 140 8
279 843 27
877 1236 8
754 958 3
665 1118 5
828 1360 2
930 921 38
871 172 8
42 770 2
385 1062 8
439 577 30
45 516 2
944 983 2
269 1236 8
20 824 7
1110 1070 5
928 1332 2
279 1282 50
830 1073 2
1400 216 7
139 1131 2
24 446 2
595 1062 8
1193 809 50
1132 196 1
335 1166 1
598 808 8
1233 597 1
999 313 77
806 1549 2
428 284 16
161 269 8
77 453 35
917 987 2
836 88 3
941 88 3
836 42 8
1128 1177 2
451 366 2
941 42 8
102 292 2
210 189 27
702 112 7
982 51 5
207 688 2
805 1128 8
1333 1230 2
880 1459 2
844 187 71
300 86 7
97 341 3
87 768 2
1232 995 48
27 809 30
322 436 7
410 1239 2
584 1024 40
736 178 1
417 93 1
194 526 2
631 133 1
1324 667 2
1215 685 7
720 428 1
671 63 8
285 739 27
1407 389 36
980 908 8
451 983 30
154 1252 2
303 97 8
97 1335 5
151 1199 7
623 759 2
502 1405 2
35 504 2
154 1184 2
573 908 1
140 504 2
928 753 2
913 139 5
938 1393 2
1480 702 12
598 1395 7
1461 477 41
374 558 2
1233 829 1
1538 88 3
699 596 33
464 998 2
1313 671 14
192 1153 6
148 147 33
1398 796 8
527 445 66
453 460 2
915 150 2
446 1070 2
551 620 2
1535 322 20
909 1481 2
323 408 7
899 795 7
1481 1235 33
1004 795 7
187 381 16
383 451 30
546 1001 1
192 1377 6
552 284 33
850 1062 52
1215 1381 7
936 881 3
547 872 2
874 685 7
205 1354 7
258 1453 30
300 1052 2
1128 129 8
1082 325 20
452 39 8
442 507 8
546 974 2
1488 267 55
311 526 7
1283 1507 1
450 998 29
307 374 2
534 1160 2
133 1062 5
823 861 30
1132 393 8
1014 97 8
530 670 2
594 899 5
1326 355 7
279 168 27
192 377 2
820 1424 1
862 1199 7
618 995 1
768 917 8
530 1457 8
1151 683 0
89 453 35
512 742 2
856 1184 2
176 627 2
368 720 15
617 742 2
168 988 2
98 1608 46
1359 1554 0
1402 1199 7
999 1637 77
172 663 8
714 205 16
1041 1515 2
864 435 8
147 476 7
944 240 2
847 743 3
1174 322 2
478 568 7
601 1184 7
140 1424 2
919 845 1
1207 75 3
1458 1255 41
1383 172 8
139 1076 2
586 256 2
536 883 30
547 1469 47
1246 90 57
1373 891 7
365 1217 8
914 498 2
336 603 6
390 904 9
1053 504 2
591 1264 2
565 86 7
1252 1479 2
62 546 35
478 833 8
698 1342 7
155 742 23
689 1424 2
380 475 2
558 254 12
635 1118 5
145 365 2
598 685 8
689 1419 8
478 1125 8
45 98 30
460 671 2
1031 891 8
1176 97 8
594 533 3
1084 1187 0
116 958 3
914 722 2
1424 855 5
1039 147 8
95 847 2
3 936 8
1000 118 2
1287 293 0
673 97 8
234 848 8
1228 693 1
1506 1376 15
530 1047 33
790 495 8
27 720 15
921 145 30
292 1081 2
526 1398 39
977 1562 2
871 917 8
303 88 3
1329 1062 8
297 1396 8
338 106 30
1271 1087 2
303 42 8
527 1217 8
88 611 34
251 368 16
1264 881 5
1330 1371 29
45 1553 2
1198 78 2
1166 1491 7
611 702 2
145 796 1
408 42 8
858 855 3
502 662 2
1488 436 1
1525 625 2
530 18 8
1525 229 2
731 1526 7
214 990 5
1339 1207 5
1405 1515 2
147 1500 7
934 241 1
258 453 2
357 700 32
1510 1515 2
1024 471 20
1224 861 30
290 726 8
910 338 5
1398 80 7
1085 739 13
1520 97 8
999 198 77
189 1118 5
357 1342 7
1402 139 3
276 1550 8
1391 1424 2
294 1118 5
999 886 77
1379 1453 2
23 671 2
1271 596 33
210 101 26
42 676 50
1327 1325 5
634 1070 5
565 1052 2
1467 590 1
1076 823 30
702 461 7
914 1418 2
88 1045 5
829 187 33
349 789 2
1525 1230 20
1139 424 2
742 432 15
923 102 8
898 854 27
936 92 8
880 873 16
613 502 20
596 810 15
915 22 8
555 883 2
300 1393 2
389 115 15
452 421 9
80 401 7
323 181 7
551 883 14
1106 1264 2
1087 264 2
999 685 8
311 809 2
546 1310 8
1215 862 7
631 1097 7
642 505 2
983 940 2
279 217 27
502 1358 2
1396 743 5
845 764 2
534 98 33
631 1389 7
818 440 35
45 1493 2
1562 381 33
74 26 2
862 1581 8
1128 298 8
526 971 2
118 138 35
1207 1457 8
958 1122 2
1179 452 7
419 32 8
858 1437 8
934 1265 1
1172 1062 7
1461 309 30
876 90 8
1164 1342 7
45 114 2
1506 446 2
297 249 8
747 1062 3
619 80 8
1062 728 7
381 958 3
22 1073 2
704 205 2
365 479 2
34 1594 38
33 300 2
642 726 30
1127 990 5
1556 311 35
349 1101 12
90 743 5
365 433 7
337 273 27
127 915 2
923 407 2
841 28 8
1505 147 8
907 1152 2
365 766 8
1224 873 16
1024 1258 2
1173 861 33
337 565 27
450 908 6
450 1287 2
978 1152 26
183 1325 5
349 637 12
1087 1245 37
915 723 2
1374 1454 2
867 823 16
1176 88 3
210 497 2
440 183 2
434 1491 7
337 497 27
1565 796 2
540 259 2
1456 1152 2
301 1118 77
141 702 9
311 1517 12
172 689 2
80 737 7
97 808 8
711 958 5
1294 1132 0
759 911 2
205 324 7
514 1187 0
673 42 8
1228 737 7
769 1393 2
744 1445 1
406 459 7
148 1236 6
362 251 71
1124 999 14
869 1073 2
279 449 27
45 1375 27
395 917 2
519 809 2
419 728 8
915 1340 30
859 365 2
628 1141 2
292 1026 2
502 675 2
315 139 3
847 213 7
858 129 7
862 502 8
1177 914 27
1230 279 55
534 62 2
420 139 3
620 611 2
603 581 2
854 1324 39
980 88 3
631 387 8
858 462 8
1244 720 15
1304 406 7
491 1199 7
980 42 8
1174 603 2
845 13 2
451 513 30
1162 1342 7
252 1141 27
45 930 53
270 504 2
901 546 35
934 186 1
1112 432 15
1306 119 7
821 52 1
1259 858 2
1520 88 3
1180 90 8
939 856 6
980 440 30
20 1342 7
704 845 12
1383 308 7
1520 42 8
568 1144 6
586 829 2
694 125 2
457 1305 2
1152 531 2
453 1511 58
256 147 8
1252 53 2
1025 113 2
361 147 8
64 167 30
502 536 30
1083 421 9
1054 244 8
527 135 5
527 531 5
1036 1393 2
116 1198 2
1391 1296 8
912 33 2
804 1128 8
823 129 8
419 1137 2
607 1224 30
631 1267 15
322 1418 7
230 51 33
1458 251 2
192 1354 2
265 45 30
1037 88 3
880 1243 7
1031 1396 8
1332 590 1
936 37 8
596 743 5
713 1187 0
420 502 2
563 147 8
463 917 8
383 34 41
883 471 7
197 97 8
115 813 15
995 298 8
1215 411 7
409 914 2
292 1258 2
1226 113 75
1407 1344 37
558 925 10
279 1200 2
947 1255 2
1394 878 27
852 292 2
869 322 2
594 849 2
273 586 2
406 437 8
395 166 2
115 489 1
1151 109 0
594 1491 7
992 440 35
361 452 2
700 733 32
26 662 2
471 322 2
1383 936 7
998 881 5
1030 1525 2
216 845 1
485 898 2
877 781 30
468 1264 2
602 1062 7
527 1227 5
938 1515 2
1461 203 41
380 638 27
147 47 8
1402 1062 8
1322 1578 5
726 891 8
1024 911 2
337 218 27
591 466 2
1163 958 3
702 638 7
1442 1359 1
1352 419 7
1053 97 8
693 958 2
593 610 17
438 1184 7
234 1388 7
847 1335 5
99 1400 2
524 307 30
127 891 8
558 1124 33
586 78 2
1239 1073 2
337 150 27
806 1024 2
546 493 6
860 1325 5
598 179 8
440 524 2
337 442 27
1481 459 7
502 111 15
1295 1325 5
238 936 8
913 26 2
343 90 8
1230 1396 8
759 856 2
744 1098 1
1283 1296 0
1144 37 8
917 68 24
514 1132 0
889 898 2
406 800 7
1087 837 2
921 35 30
297 603 2
1209 1217 7
285 1342 7
868 1120 2
273 1236 7
45 651 53
671 919 30
988 126 2
322 244 8
547 206 39
1236 167 8
1409 419 7
499 118 2
643 88 3
201 397 75
1110 97 8
1184 1391 2
265 1102 7
992 139 3
620 160 2
620 556 2
941 1228 1
1341 167 8
1400 59 7
365 1120 2
1245 1504 57
721 166 27
944 362 2
33 581 2
162 397 2
478 1127 8
575 1358 2
1394 127 27
380 769 2
712 97 8
1252 667 27
24 617 2
498 507 8
939 1279 8
938 540 2
592 1342 7
841 210 2
720 163 8
594 489 8
586 774 2
594 52 7
693 898 2
505 90 8
1242 1515 2
829 495 8
829 891 8
210 1138 2
624 1371 30
1152 476 2
575 894 2
337 1138 27
1372 823 7
620 485 30
917 366 2
1359 444 23
939 815 8
905 1052 2
917 35 23
435 57 6
80 1378 7
1374 424 2
502 930 41
1371 808 8
216 823 2
42 102 50
124 808 8
80 1310 7
1232 1166 48
1136 891 8
322 607 7
1154 139 3
1001 466 2
995 1204 33
1022 1377 8
281 488 27
1106 466 2
620 960 2
279 1418 27
1215 460 7
437 868 8
438 307 2
207 291 2
1317 45 27
244 958 5
809 877 30
802 990 5
318 1296 8
1396 341 5
462 934 5
287 883 2
86 932 8
1208 507 49
166 1133 2
1082 1234 2
944 1454 2
1525 455 2
721 502 27
158 603 2
804 338 5
530 140 8
181 958 3
393 1396 8
759 32 8
1055 1296 7
298 172 8
1125 1325 5
172 102 8
1461 199 30
403 172 8
699 702 12
22 671 2
584 501 38
488 693 2
533 284 30
718 1371 33
89 990 37
577 988 2
823 437 7
1374 1120 2
800 1342 7
1144 1388 7
350 908 8
241 93 12
34 574 2
42 1194 50
1141 116 2
1024 460 2
1384 292 2
192 1225 0
453 481 58
928 59 8
1053 42 8
1082 272 20
325 320 6
917 675 33
432 124 1
42 1126 50
546 438 6
301 320 77
437 1173 2
1161 80 8
1215 1156 7
272 631 15
1000 1264 2
1152 116 8
139 152 30
526 973 2
787 338 3
988 1450 2
658 80 8
869 671 2
531 1585 2
921 1291 30
233 97 8
721 1198 27
837 891 6
419 326 8
877 1128 8
338 960 30
153 824 57
654 1324 39
1106 671 33
1209 766 7
759 728 8
106 596 30
990 645 2
295 453 34
162 118 2
1306 1388 7
1278 1087 1
824 1125 6
584 1593 38
907 338 5
147 355 7
276 770 2
1133 88 5
122 284 16
593 802 57
377 1371 33
726 1199 7
847 81 2
1 1210 6
1526 47 8
598 533 2
712 42 8
127 1141 2
77 1325 5
1252 1358 2
491 1062 8
1291 1144 44
1373 1062 7
338 1389 7
337 395 27
1016 879 74
667 453 2
1152 421 2
820 80 8
1214 338 5
939 1156 8
1137 1054 7
418 451 30
440 805 2
885 1375 38
998 75 5
254 474 75
259 891 8
259 495 8
822 999 19
546 1404 1
69 1152 26
1382 97 7
459 139 3
914 497 2
703 1118 5
1479 504 2
592 598 50
51 53 30
642 1381 7
384 1325 5
1272 88 3
209 936 7
191 208 2
289 917 2
238 823 30
552 419 2
1443 1562 2
658 1396 8
620 905 2
880 715 2
1184 1298 7
651 166 38
292 460 2
502 505 2
590 1344 37
759 1315 7
74 380 2
1424 21 7
45 1036 2
289 1141 2
292 1148 2
183 1207 8
166 1078 2
603 411 2
581 453 30
847 1127 7
294 249 8
502 833 2
1141 373 6
338 1315 5
212 611 35
720 372 1
1186 97 7
584 1166 1
42 1176 7
486 1112 23
1396 1384 7
829 1141 2
721 739 27
35 620 2
917 336 6
736 90 8
983 697 14
934 1491 7
933 59 7
468 466 2
1271 702 12
1173 443 12
127 166 2
598 1156 8
1052 1077 2
726 139 3
1488 872 2
218 739 27
160 928 45
246 742 2
1468 1342 7
1475 34 12
1240 978 1
593 1321 8
1136 1199 7
452 1097 7
208 1330 2
116 1419 8
1054 1578 5
362 495 8
1474 1073 2
540 1405 2
401 88 5
307 266 2
1230 603 2
1158 18 8
894 488 2
595 1252 40
487 1325 5
1114 1173 2
270 883 30
809 1518 30
575 83 8
1304 1396 7
332 318 80
592 1325 5
305 1488 2
1144 1262 35
375 883 30
303 914 2
1360 978 3
898 59 8
165 697 1
1395 139 5
1525 1492 2
535 1106 2
1040 1315 5
591 939 15
535 724 85
958 1315 7
1488 1469 47
784 700 77
1054 843 2
406 663 8
118 1475 37
1461 840 30
1084 908 8
309 1144 44
1325 114 8
880 355 8
110 845 1
1 863 6
1052 667 27
1298 1199 7
1460 546 30
1037 1141 2
1403 1199 7
317 958 5
999 997 77
1240 899 5
1494 465 7
33 471 2
457 556 2
368 553 2
1069 86 7
1033 1393 2
982 1199 5
429 1190 41
301 669 77
470 546 2
900 1199 7
365 937 8
279 191 50
1138 1393 2
1024 1033 2
579 936 7
449 26 2
468 671 33
1074 1340 30
922 284 2
1139 1619 2
1481 357 7
1003 1359 2
1019 568 7
1356 997 22
68 720 63
210 272 2
1497 80 8
598 743 3
440 750 2
914 150 2
1259 958 3
445 1070 2
852 671 30
1251 1296 8
451 31 2
702 1428 75
1364 917 2
780 1152 2
176 949 41
1132 855 3
1136 139 3
774 88 2
419 576 2
88 839 7
1019 833 8
1424 681 27
452 387 8
166 1004 27
106 1341 30
1022 183 8
420 1252 2
1236 65 8
941 1184 6
502 158 2
642 1200 2
279 912 27
279 516 27
74 33 2
1184 1243 7
883 50 14
1304 249 7
166 335 2
183 365 2
957 1199 7
1166 1315 7
162 1087 2
1400 681 7
466 837 6
872 917 8
527 937 8
860 1207 8
222 809 1
406 1583 8
1052 798 2
841 504 2
328 1070 5
47 1581 8
160 212 44
518 28 8
228 284 30
33 411 2
1356 573 15
1458 51 30
154 453 2
544 0 0
478 1307 13
1506 745 2
408 90 8
1193 139 3
577 586 2
36 1236 8
259 1141 2
914 1242 2
1216 139 5
337 1364 27
1221 855 5
190 1118 5
42 396 50
1041 88 2
1184 129 8
932 147 8
988 230 41
1039 172 2
702 181 7
373 28 8
673 914 2
270 208 30
228 759 2
889 1424 2
632 527 1
504 658 0
998 1418 7
205 727 7
1284 1187 0
343 1236 8
796 1457 8
520 1506 2
988 652 2
325 917 2
555 702 8
437 307 2
1239 147 8
24 441 0
192 1061 2
102 908 8
921 889 30
63 1199 7
894 365 2
292 1033 2
728 1224 2
1550 1236 8
12 255 20
177 28 8
759 326 8
707 338 5
165 178 1
391 365 2
1322 21 8
226 307 30
712 1374 7
939 1327 6
380 189 27
849 1198 2
797 1070 5
915 1477 21
1 808 6
604 349 2
771 1472 5
1173 357 33
26 833 2
1448 781 30
42 83 8
143 980 3
1144 489 6
362 453 2
371 808 8
1397 80 7
524 546 30
1152 1330 2
726 1062 8
382 958 3
1264 562 2
34 696 2
359 284 33
154 139 3
361 847 2
619 1074 51
873 720 15
1075 823 30
1166 37 8
223 671 2
259 139 3
742 1176 15
738 1070 5
899 796 7
478 102 8
575 729 2
1566 1069 57
430 434 1
458 1073 2
126 1128 8
939 650 8
452 108 8
543 97 15
1090 1578 5
1210 1062 7
714 883 14
337 217 27
230 1584 28
56 284 16
631 743 5
1044 1525 40
81 1102 1
1172 88 5
218 575 2
452 40 8
323 633 7
1509 1504 57
1437 934 7
88 1122 2
569 88 3
546 929 7
557 1341 50
306 936 8
1236 114 8
1173 718 10
569 42 8
1000 671 33
1460 1190 2
885 183 2
251 311 35
279 565 27
258 251 71
406 867 7
504 677 2
972 178 1
642 848 8
1092 1224 2
880 605 2
524 453 2
279 857 27
915 1456 30
847 37 7
45 238 2
292 350 2
1128 646 8
1563 139 3
176 1316 2
795 382 5
944 601 2
844 1371 2
1397 880 7
406 403 7
178 21 8
471 1481 2
1078 1128 8
147 815 2
900 1070 5
613 936 8
535 341 3
292 277 8
45 66 2
642 782 30
126 1141 2
575 1133 2
1163 1342 7
390 642 30
1173 425 2
380 148 2
1372 1062 7
1028 958 2
271 504 2
33 648 2
359 24 2
1154 1419 8
1108 338 5
1400 454 7
1173 717 2
823 1583 7
939 1346 8
1213 338 5
210 1309 2
301 1638 77
20 702 7
337 913 27
337 1309 27
581 26 2
290 743 5
186 1419 5
1314 594 10
1354 558 2
1374 199 2
125 988 24
322 450 7
1226 879 74
714 596 14
334 534 2
438 249 8
1114 771 2
98 548 7
31 761 15
1136 1062 8
57 265 6
87 610 2
815 958 5
867 847 2
590 1237 36
229 1139 71
620 1423 2
995 18 8
1324 905 2
596 1607 2
292 978 2
397 487 1
57 489 6
1054 108 1
154 1198 2
847 957 7
606 202 7
434 1220 14
162 1264 2
1283 1090 2
1317 42 8
253 93 1
139 667 27
958 449 7
451 861 30
1205 205 19
1424 471 7
747 97 8
739 719 8
1301 147 7
380 1568 2
1461 27 41
205 666 5
1383 1052 7
945 1062 3
1179 90 8
530 1397 0
337 269 6
479 504 2
1284 90 8
1350 1173 1
1024 235 2
1031 1525 2
170 809 30
341 620 2
287 915 30
361 891 8
69 338 5
1360 980 3
753 908 6
923 4 2
323 250 7
139 31 30
900 1062 8
63 1070 5
507 1373 0
1287 1214 0
438 1128 7
722 451 30
1100 1407 2
563 891 8
563 495 8
804 97 8
1264 1578 5
24 1014 0
1407 75 5
602 88 5
534 1106 2
84 631 2
380 101 26
995 646 8
1562 993 2
880 258 2
1187 196 1
837 1062 6
279 114 27
49 1046 12
54 147 2
324 451 30
419 789 8
177 898 2
176 177 2
747 1090 2
324 1139 30
226 880 30
466 39 6
139 798 2
537 669 76
267 1396 7
1416 1371 2
486 590 2
503 620 2
1081 90 7
1172 1396 8
34 1045 2
387 1581 8
1163 1333 2
262 694 39
908 1122 6
596 1401 44
575 1078 2
434 1227 6
657 1296 21
923 408 2
607 320 19
1252 1133 2
717 434 2
479 1424 2
193 1087 57
479 1419 8
518 958 5
1372 939 7
125 535 2
1505 1128 8
1258 958 3
454 1260 2
432 527 1
575 568 7
89 1062 7
590 65 8
1274 466 75
1319 847 0
553 1006 2
311 1173 1
381 451 30
1166 291 39
671 942 2
210 1577 8
1015 988 2
209 419 7
192 727 2
1019 663 8
507 335 1
897 1321 8
1506 441 0
630 1342 7
322 665 2
636 880 2
85 80 8
447 90 8
824 483 15
295 883 33
620 1076 2
880 886 2
419 1125 8
279 1138 27
651 337 38
172 1305 8
530 32 8
842 349 1
754 1207 8
1080 88 2
65 249 7
626 365 2
1526 1310 8
958 102 7
1173 670 2
712 868 7
1436 172 2
594 910 2
973 694 39
118 1310 7
926 809 1
1506 324 33
917 111 6
45 1035 2
42 1243 7
490 1581 8
747 42 8
1461 303 20
263 1407 2
796 658 0
1173 602 2
999 144 77
440 839 1
433 1070 5
586 1122 2
923 1328 2
1249 338 5
122 759 2
1172 249 8
229 883 2
60 546 35
697 29 2
914 1364 2
88 595 5
594 1129 8
241 547 7
696 1342 7
582 1419 8
1479 1371 2
290 1316 5
540 101 26
609 90 8
913 1128 7
641 338 5
458 671 2
1001 590 2
1070 743 5
440 1500 2
1090 384 5
1078 1070 5
1009 656 2
1339 80 7
917 986 70
219 917 2
774 546 2
648 97 6
1242 88 2
1058 1325 5
902 1581 8
185 958 27
546 153 12
109 97 8
1215 876 7
284 61 15
1163 1325 5
550 113 2
183 908 6
739 513 26
367 546 35
736 697 1
140 51 5
1391 338 5
300 897 7
1536 111 52
838 1342 7
1215 808 7
824 184 5
139 241 31
534 1447 2
285 365 2
1536 403 52
419 46 8
292 1213 7
172 231 2
419 384 3
1303 1070 7
429 1082 8
1054 722 2
327 823 14
176 518 2
883 85 45
999 1632 77
1295 936 7
408 908 8
406 730 8
739 505 2
1413 97 8
256 1141 2
1515 648 2
480 1371 2
1518 97 8
575 335 2
864 222 8
455 846 6
205 408 77
999 1460 77
647 596 30
268 90 8
271 97 8
806 656 1
1252 1078 2
761 1265 1
596 728 8
674 1562 2
737 1070 5
151 440 35
1481 574 2
895 1342 7
232 1549 2
279 258 50
590 114 8
1148 88 3
808 90 8
234 119 8
323 531 7
596 730 30
193 276 57
555 1525 2
457 555 2
761 1197 1
457 159 2
168 284 6
789 1287 2
795 32 8
1317 1152 26
1253 42 8
139 604 30
1568 488 2
494 1118 5
217 26 2
540 497 2
880 607 2
773 1141 2
590 70 35
307 1357 2
1450 88 2
1352 936 7
1087 1415 37
759 857 2
530 1315 7
653 113 2
1019 1004 8
12 1177 20
1566 930 12
1209 1578 7
1050 958 5
201 466 75
666 397 75
1090 741 2
620 625 2
1322 1194 7
921 36 30
1198 638 27
1407 1418 7
462 307 5
880 831 2
880 435 2
1215 125 7
762 80 8
659 1396 8
603 27 53
1025 1132 0
402 936 8
269 1481 2
925 1506 0
629 958 3
1080 33 2
847 159 7
176 750 2
45 360 2
764 999 19
1207 32 8
162 466 2
1061 933 2
159 1070 7
915 1100 1
864 1314 8
620 849 2
603 423 2
1488 327 1
958 47 7
1141 489 6
190 249 8
1287 1110 2
936 1097 7
142 914 2
774 796 20
934 861 2
478 1420 8
457 959 2
1173 151 2
24 910 2
988 56 30
24 514 2
584 166 38
34 857 38
1055 205 7
1233 269 1
1201 1542 5
792 1333 2
128 166 2
914 1309 2
1481 1156 7
181 1325 5
219 739 27
228 34 53
468 118 2
80 1379 7
208 362 2
1124 1255 2
119 1556 55
910 1322 13
563 166 2
124 855 3
383 620 82
652 1 6
92 1224 2
375 671 30
547 416 2
1135 1062 8
872 1461 2
771 1154 1
207 756 2
1304 824 7
501 222 0
57 95 6
1221 21 7
563 139 3
1328 879 2
1506 1014 0
1225 169 48
673 908 8
1460 45 2
526 638 2
590 75 5
634 1199 7
1211 1515 2
872 1393 2
1215 753 7
530 214 2
1215 357 7
1144 622 35
1436 917 2
1217 88 59
93 772 19
928 399 41
1323 90 8
639 546 2
1291 139 5
163 1342 7
762 1396 8
541 26 2
847 787 7
944 1455 2
504 116 2
867 1396 8
108 338 5
488 762 2
494 1407 2
1407 568 1
917 293 0
1052 1493 2
273 90 7
1081 26 2
56 451 30
599 1407 2
902 1187 5
557 1207 5
699 1087 2
162 671 33
1518 88 3
1413 42 8
978 440 30
1 875 6
210 1417 27
750 1224 30
213 958 5
1336 205 5
271 42 8
1024 857 2
823 730 7
1562 293 0
119 1581 8
173 781 30
453 236 2
596 277 8
593 1377 8
632 631 15
1235 284 16
737 631 15
908 1381 7
484 419 84
126 507 8
546 43 6
80 300 7
1359 25 2
915 568 7
167 1070 5
440 470 2
1458 1221 2
564 1470 2
211 1419 8
774 1515 2
1232 1525 2
1336 1199 7
1158 1578 5
1330 590 1
934 37 8
534 1016 12
594 743 5
315 284 2
186 739 67
596 607 30
88 559 7
262 1609 47
950 139 5
168 57 6
1322 789 2
189 187 33
1184 1405 2
617 936 7
819 338 5
1562 888 23
837 1184 6
759 1026 2
1054 1295 2
1306 1389 7
1461 1292 30
1169 739 27
179 90 8
176 357 7
466 265 6
1540 796 8
847 104 7
1054 189 27
544 51 30
620 106 2
1400 401 7
737 212 2
1296 910 59
1207 269 8
165 694 39
772 1630 77
284 382 8
1515 533 2
98 720 15
56 1371 30
573 1 1
1129 1062 1
1252 1381 7
1458 97 15
944 704 2
507 813 8
419 611 35
510 424 8
928 1449 2
1481 877 7
466 489 6
1459 546 30
1028 1525 2
33 423 2
373 1419 8
1052 54 2
603 300 2
34 114 38
880 758 41
252 172 27
1047 26 2
1138 34 53
1082 877 30
349 893 33
702 1511 74
125 365 2
1479 1198 54
1359 1409 2
905 998 2
290 1310 5
899 1199 7
1566 1076 57
593 298 8
1206 631 15
575 1127 8
1557 1112 57
124 462 8
1003 596 33
540 778 2
1024 2 2
533 1342 7
419 982 7
12 1458 20
209 879 2
704 1341 30
418 558 1
207 305 2
205 447 7
88 791 7
1436 739 27
750 620 2
1019 1577 8
208 531 2
1544 1491 7
297 1199 7
603 627 52
1439 1073 2
634 1581 8
527 1457 8
494 452 12
686 1209 5
895 1325 5
859 488 2
894 80 8
502 798 2
451 704 30
961 1488 7
847 732 7
1404 1407 2
759 46 8
1495 1152 26
1424 584 53
1394 769 27
53 999 2
594 740 2
1525 693 2
1271 824 23
1461 179 15
596 1606 2
594 298 7
1339 1671 5
1407 554 2
1322 424 14
40 936 8
1041 504 2
618 307 7
1194 1581 8
772 587 77
738 88 3
933 690 2
695 1342 7
790 702 7
1233 1238 1
812 940 2
1127 908 7
823 716 8
932 495 8
1061 998 29
1567 284 1
51 750 30
903 1052 2
185 1252 27
653 1090 2
1201 939 15
936 728 8
572 419 7
1114 858 12
1391 1419 8
325 1333 2
369 284 30
650 1371 33
657 1070 7
1458 1166 2
51 974 30
139 98 30
1121 1252 2
834 1118 5
1209 884 7
37 1184 6
116 212 55
934 810 15
1239 891 8
1283 1187 0
170 284 6
1435 80 7
211 1296 8
420 917 2
84 406 2
1259 1325 5
279 285 27
267 575 27
880 424 8
1333 533 3
205 75 3
1536 728 7
1438 533 3
1128 1578 5
928 728 7
603 21 2
494 80 8
858 298 8
292 2 2
596 626 8
1087 611 35
371 1156 8
830 739 2
923 183 2
928 1389 8
904 363 84
442 1393 2
720 54 8
914 219 2
337 341 27
605 1322 13
598 766 8
579 879 2
341 1419 2
941 172 8
337 1029 27
113 163 1
373 1296 8
1053 908 8
575 1077 2
698 1396 8
855 1524 5
572 178 2
1374 315 2
833 1070 5
634 824 6
325 1584 28
279 981 27
80 805 7
1450 210 2
1124 1072 8
208 476 2
1525 1375 27
1236 462 8
1054 101 26
682 1578 5
87 726 2
1555 898 2
723 1325 5
869 1141 2
620 455 2
646 1236 8
875 1128 8
878 28 8
628 917 2
921 158 30
518 97 8
1144 512 35
780 1082 30
1287 1404 2
17 286 15
166 628 2
1438 719 8
847 677 7
45 878 2
271 1024 2
944 1345 2
781 1204 30
1400 578 7
252 917 27
139 1493 2
380 960 2
251 381 16
988 350 30
853 113 75
923 1275 2
276 1298 7
668 1419 5
494 1396 8
1 1388 6
273 26 2
596 1213 7
1527 1207 8
796 136 6
20 1118 7
497 548 2
432 631 15
1139 609 2
915 1446 1
712 908 8
24 1428 2
911 1393 2
35 97 8
702 578 7
702 481 74
1052 1310 8
435 284 6
555 1 6
1158 32 8
1031 1199 7
1317 338 5
371 743 3
662 739 27
527 978 1
297 1070 5
1110 697 2
823 197 8
1145 28 8
436 28 2
98 546 2
594 3 10
933 622 35
1221 189 2
1393 1578 5
1304 1342 7
1437 307 7
57 613 6
208 766 7
859 1525 2
933 441 0
1217 90 8
338 919 30
116 553 55
620 1479 2
869 166 2
1324 920 1
61 527 1
638 546 2
411 210 2
162 1342 7
992 958 3
502 1079 2
294 495 8
1077 1141 2
530 435 8
995 325 7
1415 90 57
1504 417 5
411 898 2
139 704 31
338 851 30
865 80 7
479 1152 26
1054 497 2
1052 681 27
847 1305 7
48 1252 2
736 1128 8
1461 390 30
841 1128 8
594 1313 2
721 917 27
933 1389 7
1058 365 2
1398 434 1
739 676 2
26 834 2
370 880 2
292 384 3
287 998 29
1515 423 2
737 97 8
45 127 2
396 1371 30
891 1150 1
192 368 30
1271 349 2
921 819 7
143 1227 8
1502 419 2
1004 824 6
780 0 0
479 1144 2
903 891 7
579 824 2
1461 865 2
863 1207 5
671 730 2
1031 166 2
546 269 6
1026 739 27
228 1342 7
546 1003 1
323 306 7
472 88 3
1239 1199 7
1154 958 3
457 330 2
85 1184 2
277 0 0
1549 690 1
643 891 6
505 1070 5
569 507 8
45 56 30
540 272 2
287 990 5
928 1321 41
837 761 15
917 129 8
530 1428 2
189 1128 2
80 750 7
166 513 26
34 638 40
681 90 8
535 1366 85
1100 1359 2
420 1198 2
1079 897 7
55 1396 7
4 823 14
1439 671 2
176 989 2
872 540 2
1461 765 39
981 534 7
1429 39 7
922 451 30
880 606 2
1080 1515 2
915 1457 30
913 883 30
762 147 8
45 531 2
847 330 7
730 1070 7
297 1062 8
307 1457 30
867 147 8
527 487 8
241 1359 1
843 1024 2
205 1275 77
419 1397 66
150 823 2
1522 936 8
276 1243 7
717 908 7
524 1139 30
538 88 3
510 213 7
178 309 14
380 545 2
1129 1184 1
42 1004 8
945 97 8
927 809 1
1156 292 2
536 781 30
980 453 30
584 337 38
707 988 2
35 88 3
988 519 30
29 1396 8
565 322 2
35 42 8
1201 921 5
164 1070 5
558 1328 2
218 934 7
125 883 2
140 42 8
1002 904 58
1228 763 1
796 1080 2
427 1342 7
795 39 8
607 1341 30
897 1377 8
875 603 6
230 64 33
528 1581 8
1338 1393 2
1453 790 2
1304 891 7
1303 88 5
1110 178 2
999 59 8
1517 888 57
631 372 1
162 1333 2
878 210 2
434 893 14
620 1028 2
24 3 10
629 1342 7
365 776 5
823 1578 5
923 412 5
596 1567 1
437 936 8
292 979 2
1080 57 6
189 80 8
679 338 5
874 957 8
573 527 1
877 172 8
765 917 8
507 1298 7
320 1578 5
51 255 2
557 883 50
864 114 8
633 694 39
391 603 2
406 158 8
39 936 8
849 1144 2
594 862 2
290 728 8
488 829 2
115 606 1
3 495 5
152 453 2
161 808 8
737 88 3
1152 1298 7
263 1359 2
810 124 1
992 453 35
999 888 77
1414 97 8
1359 1191 12
478 116 8
24 2 2
1519 97 8
250 1296 8
852 338 30
192 1397 0
51 976 30
1252 798 2
702 359 7
210 231 2
1304 921 5
771 1246 5
337 231 27
24 890 33
219 1333 2
324 883 2
1357 1090 2
891 1418 7
196 1306 1
452 54 8
910 419 7
546 552 1
1496 620 40
744 1283 1
546 506 6
34 255 40
210 455 2
139 324 30
620 1304 5
1221 424 7
1215 1620 7
80 403 7
897 298 8
234 167 8
796 32 8
1047 1608 46
108 97 8
650 933 2
1237 147 8
1162 1325 5
1221 1450 2
91 80 7
281 1184 27
1562 347 33
530 366 33
971 1488 2
1253 90 8
620 53 2
978 914 2
720 1295 1
287 1287 2
419 102 8
399 1073 2
1156 1264 5
20 1325 5
12 829 20
172 183 2
548 1610 56
750 90 8
702 749 5
1221 1377 8
977 1173 2
601 1199 7
252 846 6
527 140 8
292 291 8
45 476 2
143 1243 7
294 1396 8
30 759 2
406 390 8
1081 33 2
1207 44 8
276 937 8
215 139 5
81 1187 0
365 1133 2
601 1073 2
205 860 77
920 1608 2
20 320 7
1401 1581 8
945 88 3
1472 439 57
145 380 2
102 1184 6
945 42 8
631 277 8
442 1515 2
138 548 7
338 1457 7
923 1092 8
337 859 27
1367 958 2
1481 922 2
284 813 15
284 772 14
501 167 8
139 1416 30
1152 588 8
702 72 7
910 697 2
736 1070 5
590 462 8
1128 1069 2
1552 338 5
796 728 8
440 873 2
1019 1420 8
228 249 8
912 90 8
1371 1217 8
745 1102 37
880 955 2
1447 702 12
617 1325 5
1455 1152 2
1031 1062 8
997 169 7
80 1323 7
535 718 2
986 488 38
652 90 7
406 753 7
371 1335 5
1215 181 7
1054 223 26
904 301 19
557 208 50
406 1482 8
393 898 2
471 631 15
528 1359 2
670 546 35
279 1035 27
365 1496 1
1145 958 5
519 999 2
338 53 30
139 681 27
300 540 2
266 534 2
862 796 8
59 1342 7
507 1243 7
349 925 10
913 495 5
686 88 1
432 97 8
701 739 27
1424 651 53
506 936 8
176 183 2
958 395 7
829 917 2
1141 837 6
1394 836 27
999 505 77
445 1187 0
620 1291 14
499 824 23
488 1375 27
1224 1204 30
1393 1310 7
155 113 2
1184 424 8
290 277 8
550 1187 0
739 269 8
494 453 34
246 936 7
170 823 30
42 1577 8
1152 1243 7
1039 759 2
808 1139 2
1287 347 33
357 24 2
1266 1342 7
599 453 34
495 533 3
468 534 2
565 603 2
1519 88 3
1414 42 8
1207 109 5
1480 1562 2
207 1469 47
241 548 7
922 739 2
1519 42 8
800 1396 8
122 1052 2
1448 208 30
1507 629 2
1140 1407 2
118 562 2
230 809 33
455 880 7
796 1315 7
205 1314 7
264 939 15
917 396 33
1474 453 2
349 248 12
552 1287 2
502 1518 30
555 898 2
1239 739 2
434 373 6
13 908 8
322 1362 2
285 1325 5
1463 1418 7
925 742 23
322 1316 7
1215 877 7
547 327 1
981 1424 11
1413 338 5
307 334 2
883 833 7
88 325 2
547 1056 2
1518 338 5
1230 1062 8
541 546 2
596 368 31
1019 273 8
658 139 3
158 1609 47
213 42 8
106 781 30
1566 595 12
928 455 41
1554 1322 13
1103 149 8
419 47 8
1281 284 6
1359 1514 0
1184 729 2
621 87 57
868 390 2
883 1204 30
1314 771 2
147 436 7
292 241 2
1183 97 7
928 607 7
205 1016 5
391 488 2
453 1567 83
267 1342 7
1287 1439 33
75 90 8
35 1024 2
929 846 6
594 1097 7
139 1036 2
277 1207 8
543 1341 30
314 1152 26
1337 720 15
494 147 8
1046 342 74
653 1187 0
944 424 2
145 33 2
279 1119 50
575 628 2
629 1325 5
349 1328 2
348 292 2
266 671 33
1130 1062 1
1468 143 7
309 596 30
1133 1199 7
210 804 2
1133 1141 2
1166 305 39
337 804 27
820 139 3
905 322 2
593 18 8
442 1054 7
80 648 7
234 808 8
769 1070 7
689 1207 8
1380 928 20
457 848 2
1144 3 8
31 720 15
1144 341 3
540 498 2
546 1516 7
1451 279 2
1536 533 5
894 1184 2
1487 97 8
917 355 8
1213 1322 13
31 1608 46
1306 743 5
411 1424 2
905 546 2
1335 1199 7
1228 189 1
1544 1315 7
261 1118 5
621 783 57
582 671 30
601 1070 5
1316 1 1
534 77 2
620 626 2
529 1314 7
540 722 2
479 338 5
929 1151 0
686 1325 5
972 697 1
988 128 2
761 881 3
502 622 2
281 796 2
284 803 2
147 347 16
279 980 27
777 90 8
1296 1097 7
939 183 6
292 869 2
17 61 15
466 613 6
847 848 7
432 88 3
1383 323 7
1391 1152 26
1124 781 30
33 233 27
650 998 29
934 133 1
21 1525 2
216 642 30
727 113 2
290 222 8
550 1132 0
81 934 15
829 147 33
501 808 8
24 160 33
259 917 2
201 225 5
228 603 2
502 1239 30
923 1274 2
27 553 2
908 358 7
849 671 30
593 646 8
220 365 2
1421 521 5
742 1000 5
91 958 1
451 831 2
337 471 2
205 863 7
125 1396 8
440 1446 2
1251 97 8
552 452 12
681 908 8
1084 0 0
311 93 12
878 504 2
540 1418 2
657 452 12
1400 743 5
0 341 3
1287 1105 0
98 671 7
809 1239 30
1294 0 0
769 365 2
641 928 2
147 1439 16
628 1342 7
191 453 2
1476 1500 30
681 1236 8
292 1565 2
323 114 8
65 891 7
557 781 50
1336 796 7
551 671 14
401 1199 7
1424 766 7
285 603 2
365 1004 27
1209 432 7
796 286 15
26 677 2
796 1399 6
575 513 26
14 530 1
1183 42 7
4 631 15
212 960 35
267 891 7
208 1204 30
865 958 3
977 307 2
656 1291 14
139 981 2
858 18 8
1544 37 8
601 671 2
1296 387 8
443 353 5
307 536 30
605 1453 2
653 1132 0
501 1395 7
796 1227 6
135 936 8
361 1082 8
1502 590 2
122 1333 2
1252 628 2
729 187 19
1251 1090 2
914 335 2
1004 891 6
790 1342 7
244 908 8
702 877 7
438 1073 2
510 21 8
290 287 5
59 1325 5
914 231 2
990 300 57
796 326 8
234 65 8
458 1199 7
596 676 30
1481 766 7
1358 488 2
915 907 2
1497 139 3
1102 1496 12
546 336 6
333 1396 8
230 322 2
112 26 2
898 1169 2
1210 1526 7
1451 620 2
1487 88 3
279 409 27
501 1430 57
894 1525 2
478 1314 5
1284 338 5
999 855 3
868 1135 2
192 514 2
1173 1170 0
410 1021 2
398 915 2
1476 421 30
552 80 8
276 253 57
1442 192 2
658 1062 8
391 1525 2
406 247 7
1322 1577 8
880 777 2
1103 326 8
499 821 2
761 92 8
292 126 2
1333 881 3
1541 1342 7
524 917 2
118 441 0
1082 949 2
867 323 2
759 1418 8
398 451 2
435 1118 5
1438 881 3
1188 936 7
1284 936 7
641 172 8
292 855 3
434 269 8
208 1335 5
159 958 2
176 1384 2
500 1393 2
116 1325 5
1050 1507 1
772 1631 77
603 369 2
620 399 2
503 1139 2
1400 298 7
1141 39 6
858 646 8
883 432 15
1176 307 2
928 1450 2
586 1081 2
1264 1384 7
390 1396 8
1112 1000 5
290 167 8
307 1456 30
1458 64 30
796 252 6
1525 68 24
164 97 8
192 375 30
145 210 2
478 929 7
1372 1526 7
419 1237 36
1207 1310 5
145 898 2
457 1197 2
1270 719 2
337 689 27
1419 776 5
464 488 2
1562 1214 0
42 513 50
42 117 50
259 147 33
1035 1396 8
1187 412 5
501 685 8
502 324 30
1251 88 3
1153 936 8
192 109 21
205 808 7
1474 739 2
1251 42 8
1545 1070 5
1062 1310 5
1253 908 8
51 347 30
576 97 8
458 139 3
937 1070 5
286 1424 1
547 654 2
628 1333 2
178 83 6
1304 1062 7
27 823 30
657 742 23
1200 1342 7
514 0 0
1409 1062 7
534 650 2
1305 1342 7
546 355 8
1215 303 7
797 147 8
823 573 15
734 1455 2
284 1376 2
1525 762 2
596 1337 7
190 495 8
759 47 8
303 507 8
113 1000 5
292 1437 8
879 1047 14
626 488 2
883 1094 30
207 206 39
294 147 8
999 1127 77
999 731 77
988 1094 30
1047 1515 2
1197 1396 8
35 914 2
447 338 5
788 377 5
464 1184 2
934 1097 7
751 596 14
780 51 30
140 914 2
80 855 5
1448 502 30
575 1491 7
739 787 8
1127 139 5
170 1341 30
661 846 6
784 590 77
908 1395 7
1526 54 8
1382 795 7
647 883 30
371 1217 8
1030 917 2
139 899 3
1341 75 5
1204 1070 5
682 1181 7
1481 23 7
575 54 2
917 122 33
1300 1344 5
1225 1207 48
258 1139 30
9 936 8
1131 1584 28
1035 249 8
1215 1395 7
679 97 8
1139 1282 30
157 1609 47
109 908 8
185 166 27
381 1325 5
573 631 15
266 594 10
736 1549 2
1562 1561 2
609 338 5
933 743 5
512 824 2
285 488 2
996 147 8
0 1575 4
47 1419 8
453 1499 10
516 796 2
1172 1199 7
324 915 30
437 1341 30
1438 92 8
856 1198 2
45 647 2
369 1052 2
1397 205 7
864 855 3
42 459 7
211 338 5
33 833 2
770 761 15
603 314 2
1515 479 2
1287 209 2
522 80 8
810 527 1
138 845 12
137 147 7
164 88 3
1357 1187 0
45 475 2
939 297 6
33 369 2
171 936 8
1518 908 8
457 850 2
125 671 2
546 1081 6
841 97 8
1130 1184 1
1152 368 2
337 1030 27
238 795 7
1213 1184 6
917 258 2
53 642 30
1325 533 5
238 1128 8
125 603 2
139 1483 30
995 476 33
1468 593 7
1351 937 7
1030 166 2
546 1305 6
614 1062 5
381 915 30
881 1374 7
369 809 30
576 88 3
268 338 5
307 1480 2
592 45 50
620 1417 27
1252 213 8
576 42 8
373 338 5
1019 1127 8
867 276 2
424 1581 8
859 898 2
681 42 8
281 380 27
747 1562 2
1099 1062 8
1207 182 7
81 113 2
118 384 5
1383 139 5
516 1424 2
1570 139 3
1517 1091 2
1525 311 2
42 1133 2
762 891 8
954 86 2
33 1169 2
1166 1213 7
1303 510 7
867 891 8
466 735 6
380 961 2
113 153 5
498 1054 7
392 1062 8
913 603 6
712 936 7
938 1024 2
290 52 8
1475 242 57
739 44 8
625 80 8
1461 813 15
1510 322 2
1323 596 14
1173 23 33
170 598 30
1124 338 5
240 143 2
535 750 30
999 1043 5
524 934 15
1166 167 8
45 1204 30
907 642 2
783 750 2
127 796 8
1145 97 8
185 1198 27
479 908 8
891 59 1
101 307 2
430 1394 27
449 33 2
126 502 8
1025 474 2
449 28 8
54 115 15
915 505 2
429 603 2
438 917 7
454 249 2
1506 483 15
744 1003 1
923 116 8
542 178 1
720 412 5
1224 191 16
311 558 1
1135 1581 8
904 772 19
1338 34 53
823 1168 71
679 88 3
717 958 5
98 897 7
569 172 8
501 345 0
679 42 8
1190 873 16
12 325 20
528 823 33
295 1087 2
1264 611 35
344 702 8
600 546 35
719 1 6
1561 434 2
1209 726 7
147 455 41
311 823 2
433 502 8
1087 278 2
1227 1419 8
1562 1110 2
322 149 8
787 80 8
534 443 12
485 1166 1
279 231 27
37 1062 6
915 830 30
267 1581 7
530 728 8
586 223 26
419 114 8
874 1305 8
390 671 2
147 607 7
349 109 0
307 830 30
646 90 8
1438 37 8
847 36 8
864 462 8
784 939 77
148 846 6
599 883 33
151 958 3
731 169 7
90 533 5
128 739 27
46 97 6
256 958 3
917 1203 6
118 741 2
1264 982 7
1173 1047 33
159 488 2
45 128 2
51 1392 30
944 199 2
1506 460 2
543 1461 41
1158 1125 8
325 908 6
917 867 33
1082 476 30
1125 908 7
880 649 41
586 611 2
841 42 8
1256 380 83
430 1525 2
316 1236 6
218 307 7
880 1291 16
279 722 50
1525 269 20
558 993 2
1214 1396 7
563 917 2
218 1333 2
1019 848 8
596 1194 30
88 750 7
284 1245 5
643 1184 6
78 88 2
419 523 2
312 1453 2
995 1418 7
880 675 2
1135 502 8
897 646 8
1172 1070 5
809 782 30
1128 716 8
88 1416 2
842 534 1
183 380 2
543 212 2
1232 1324 39
1538 80 7
308 102 2
981 535 7
85 139 3
1314 858 12
1191 879 74
434 167 8
279 859 27
1540 1342 7
632 502 8
1405 958 2
406 1161 7
406 765 7
620 693 2
1525 360 2
284 974 2
1144 62 35
398 1073 2
934 372 1
745 527 7
502 689 2
1515 1120 2
1082 675 2
1037 1342 7
33 1510 2
247 338 5
162 534 2
145 504 2
841 451 2
1084 172 8
4 891 6
124 393 1
917 228 6
573 124 1
35 507 8
720 1384 8
279 1126 50
594 918 8
380 442 2
1028 1252 2
33 1338 2
1380 914 2
575 1381 7
192 893 30
116 988 2
240 88 2
1125 1536 7
1139 555 2
913 917 7
577 33 2
1138 891 48
457 1418 8
790 593 7
1144 433 7
917 831 2
397 1557 5
879 690 1
592 1082 50
762 917 2
1156 908 8
85 502 2
1098 933 2
1471 1141 59
434 489 6
365 75 3
795 728 8
527 1315 7
855 1166 1
488 68 24
333 147 8
783 919 2
836 284 30
744 552 1
279 1555 27
1215 993 7
547 484 2
438 502 7
1252 390 8
1502 1506 0
597 453 35
307 450 2
437 546 2
867 1199 7
620 1029 2
650 598 2
1562 367 2
109 88 3
416 26 2
917 1448 30
720 960 1
1424 937 7
419 163 8
208 1047 30
20 990 5
642 63 8
281 284 2
1024 1230 20
218 1325 5
1424 833 7
507 75 3
796 61 15
603 1223 2
947 1228 1
16 507 21
500 540 2
841 1371 2
145 1424 2
267 1062 7
115 211 1
594 817 7
56 915 30
1141 854 27
699 824 23
495 881 3
1382 917 7
150 365 2
199 1517 1
322 1399 6
24 295 2
56 1139 30
1505 502 8
51 873 30
341 914 2
497 694 39
1152 258 2
279 375 50
151 453 35
934 277 8
1328 139 5
671 676 2
1252 1086 8
449 210 2
269 761 15
874 1389 7
796 101 8
796 2 2
546 111 6
81 1090 2
55 1190 41
933 1237 36
338 226 3
1221 763 2
846 1388 6
1418 178 1
183 33 2
1223 26 2
1022 471 8
1022 75 8
1566 651 12
399 671 16
1183 139 5
55 1342 7
540 150 2
171 178 1
1476 592 30
1463 32 8
322 326 8
1075 1141 2
1504 991 5
731 914 7
355 958 5
279 804 27
1184 1077 2
368 598 30
762 139 3
539 1371 30
1103 789 8
1515 773 2
383 1166 2
535 18 8
856 1424 2
741 28 2
42 685 7
1037 1333 2
512 936 7
928 1293 2
856 1419 8
45 769 2
847 568 7
30 1052 2
944 840 2
761 533 3
503 914 2
1522 90 8
586 960 2
24 699 2
988 241 30
362 1342 7
494 891 8
147 1450 2
1174 166 2
45 701 2
874 1315 5
1556 606 35
596 1437 8
1120 1166 1
988 173 30
1252 681 27
368 1073 2
1035 488 2
124 270 1
440 942 2
1024 1553 2
211 1374 78
534 718 10
546 1203 6
792 1054 2
898 638 27
45 1094 30
914 1030 2
548 688 2
1029 166 2
292 1230 20
572 697 2
1128 1362 2
208 37 7
208 433 7
322 1131 2
349 297 2
234 1156 8
1443 1407 2
87 1021 2
1082 930 41
1232 1248 48
998 1310 7
479 42 8
540 1242 2
322 930 69
1536 881 5
61 590 1
915 390 8
1461 60 2
343 1128 8
413 702 1
27 598 30
176 1563 2
281 502 27
769 80 8
534 425 2
620 974 2
1173 658 0
534 717 2
279 831 2
946 563 62
530 326 8
1394 905 27
54 1419 7
518 908 8
850 988 2
292 1212 8
425 440 35
113 1154 1
1458 535 30
841 1024 2
1156 118 5
380 1479 2
139 409 2
1123 338 5
570 1342 7
1394 272 2
1055 914 7
972 694 39
88 957 5
470 451 2
125 1525 2
71 939 15
501 1156 8
951 28 8
455 908 6
83 1325 5
1039 1052 2
978 453 30
701 759 2
457 393 2
261 453 34
276 83 8
1296 39 8
337 177 27
925 823 33
202 812 1
229 1073 2
1247 1562 2
931 80 8
1352 1112 2
1566 565 57
80 21 7
440 191 2
236 397 75
208 957 7
334 742 23
1098 1506 2
281 1198 27
1040 52 8
546 831 2
1250 97 8
357 642 30
1562 1404 2
491 440 35
1424 412 5
897 244 8
1225 914 48
823 1114 30
647 1128 8
254 705 5
284 362 31
1180 338 5
16 1187 0
323 462 8
450 1224 30
1322 568 7
546 1550 8
168 553 2
177 908 8
619 958 27
530 1251 2
594 1125 6
880 101 2
875 172 8
903 88 5
823 61 15
659 1062 8
172 916 8
297 166 2
177 1236 8
1019 1314 5
1404 596 33
544 64 30
1052 239 2
167 406 7
1487 338 5
1394 154 27
568 824 6
1173 877 33
261 1359 2
279 724 50
627 139 3
871 1118 5
349 1329 2
470 1371 2
887 1296 0
595 796 8
986 1024 40
502 216 30
519 642 30
546 856 6
624 642 30
29 891 8
1082 651 41
337 409 27
255 488 2
464 208 2
1371 881 3
226 1198 2
453 877 2
1026 365 2
338 92 7
917 424 8
28 881 3
1355 1090 2
581 210 2
575 848 8
1019 929 7
1022 716 8
1380 1221 20
1171 1070 5
210 1420 8
155 1132 0
727 1187 0
406 1059 7
642 1395 7
88 804 7
183 898 2
796 1330 15
864 1384 8
919 1224 30
1336 169 7
581 535 30
1305 1062 7
284 1200 2
434 685 8
49 1090 2
90 972 9
894 139 3
1138 1118 5
278 586 2
205 1220 14
535 533 3
1393 223 26
297 1581 8
867 1062 8
1085 700 13
1009 546 35
1403 320 6
1173 617 2
913 45 5
1388 603 6
759 59 8
769 249 8
1397 1296 7
53 1070 7
666 225 5
1388 936 7
1196 80 8
178 833 8
909 284 6
1052 1555 2
1488 517 1
1174 739 2
1158 1583 8
1187 116 8
1052 1550 8
343 338 5
980 284 30
599 742 23
246 824 2
205 123 77
702 318 7
1112 568 15
1166 384 3
891 298 1
928 91 2
735 904 9
678 1371 2
21 147 2
476 546 2
371 937 8
359 452 12
798 739 27
42 861 50
823 833 8
455 97 6
1252 689 2
702 250 7
865 1325 5
665 917 2
373 97 8
173 51 30
565 795 7
210 619 27
883 893 2
337 122 27
438 796 7
1550 338 5
1503 80 8
997 1207 7
220 1054 2
879 812 1
641 1393 2
457 265 8
1250 88 3
208 1298 7
1264 1388 61
1250 42 8
207 654 2
894 898 2
894 502 2
1210 795 7
3 88 3
3 42 8
295 466 2
303 928 2
16 1132 0
534 602 2
391 898 2
485 603 6
880 150 2
1103 433 3
846 1210 6
1131 212 55
1439 205 14
720 1181 7
1087 741 2
1562 554 23
642 685 8
55 80 7
997 139 3
880 46 2
1424 663 7
533 249 8
592 1 6
176 23 7
294 891 8
315 671 30
843 172 2
297 502 8
1468 990 5
1100 453 34
494 139 3
503 507 8
158 1581 8
479 988 2
1351 1015 36
1215 817 5
1039 1333 2
27 593 38
1037 759 2
507 83 8
834 495 8
718 1070 2
928 719 2
919 620 2
157 80 8
449 504 2
454 824 2
1567 1046 12
1162 80 8
1047 88 2
1327 139 5
1316 631 15
20 143 7
914 628 2
1024 1047 2
1478 1359 2
575 798 2
28 92 8
218 1207 8
516 1152 26
833 115 15
97 1457 8
70 1359 1
440 368 2
752 958 5
915 1200 2
551 936 7
907 1322 13
322 287 7
322 625 2
34 774 40
1417 178 1
464 80 8
147 412 5
1570 1296 8
671 1126 2
362 1139 30
192 136 6
900 172 2
1230 1199 7
144 958 5
307 1200 2
139 1135 30
897 817 8
671 1220 14
1296 341 5
1262 440 35
324 998 29
211 42 8
277 1562 2
269 1054 7
172 1161 8
543 279 2
1439 739 2
590 241 35
1215 72 7
192 447 2
361 1190 41
996 891 8
32 284 6
269 928 2
1000 904 9
1384 139 5
601 1322 7
535 140 8
309 1236 8
986 207 38
33 889 2
406 1305 8
265 1342 7
1287 637 12
323 472 5
192 840 30
303 172 8
1271 821 2
1032 995 1
1266 1306 1
380 1077 2
849 292 2
497 1324 39
1173 1250 2
834 1128 2
29 1199 7
518 42 8
543 208 30
694 774 2
85 251 41
1524 326 2
1087 960 35
805 1342 7
81 880 15
613 90 8
249 619 2
26 219 2
1047 28 2
34 804 38
1389 292 2
173 64 30
626 80 8
800 208 2
449 1424 2
388 958 3
1138 1062 48
598 719 8
988 348 41
605 307 2
187 1439 16
42 806 50
823 382 8
486 998 29
917 606 2
18 80 8
990 929 57
1325 881 5
192 441 0
648 57 6
800 891 8
229 671 2
373 42 8
591 998 29
183 139 5
582 1207 8
1082 222 15
223 453 2
263 453 34
334 1359 2
102 307 2
867 1088 2
208 893 2
422 742 57
540 1364 2
705 1014 0
880 1474 2
903 249 8
139 160 30
43 284 52
1461 1169 39
84 176 2
1438 1491 7
514 771 2
951 501 21
846 863 6
734 1456 2
620 1492 2
877 349 2
1525 763 2
45 189 27
1215 992 7
739 173 2
849 988 2
372 1306 1
694 741 1
365 513 26
277 1371 33
1204 495 8
1025 0 0
177 42 8
1054 568 7
1400 1323 7
1306 1437 8
655 958 3
139 239 2
362 535 2
377 90 8
933 1448 2
454 279 41
365 677 2
391 1062 8
988 1044 41
982 934 5
912 603 6
205 443 5
565 1581 8
1054 833 8
1054 1125 8
1219 338 5
923 245 2
598 140 8
904 425 84
912 914 2
349 888 23
904 717 84
588 1296 8
1304 593 5
914 177 2
923 532 8
558 25 2
1481 758 2
218 365 2
272 939 15
596 948 15
558 713 2
28 37 8
698 1062 8
773 1393 2
337 1337 2
228 1396 8
281 1424 27
1019 104 8
279 647 27
172 423 2
80 471 7
874 1388 7
759 1041 2
768 1396 8
596 1179 31
515 530 1
118 1005 36
945 1562 2
279 183 27
192 433 3
399 1141 2
66 322 2
115 1078 1
913 208 30
790 990 5
1436 1342 7
1536 1418 7
256 1333 2
642 1550 8
670 1070 5
307 782 30
996 80 8
1271 474 2
471 824 6
205 1392 77
33 1230 2
1183 908 7
33 834 2
928 1418 7
265 891 7
1537 1581 8
1085 590 13
139 1555 2
1076 1198 54
915 1284 1
380 626 2
348 879 2
30 1515 2
626 139 3
259 934 7
276 568 7
631 855 3
878 338 5
1174 337 2
952 1072 8
1152 437 2
161 297 8
934 357 2
596 1212 8
796 99 0
360 917 2
483 1236 8
847 1004 8
186 1209 5
1377 1396 7
1052 689 2
1383 42 7
1548 88 5
1371 728 7
1084 594 10
1239 1517 1
337 1031 27
1453 1557 1
952 999 14
324 1287 2
694 255 2
1104 1087 1
558 653 2
674 771 2
880 36 16
1102 264 57
1371 730 29
558 945 2
80 1563 7
420 1236 6
23 451 30
1122 172 8
205 1150 7
632 590 1
1526 412 5
981 1393 2
995 1457 33
745 1566 37
1315 586 52
540 1309 2
766 284 6
1046 660 5
596 581 5
1295 139 5
1450 504 2
535 890 2
535 494 2
633 824 6
1340 80 8
1562 1439 33
208 770 2
1316 124 1
988 1007 2
77 434 2
1100 397 2
797 139 3
720 388 1
406 1550 8
620 1041 2
530 101 8
995 32 8
1394 1076 27
158 1252 2
530 393 8
530 789 8
736 502 8
290 855 3
172 63 8
1461 160 30
1224 1340 30
45 1568 2
498 1393 2
1303 1199 7
1054 455 2
275 1307 13
90 1509 5
1461 56 30
452 1181 7
594 583 2
1185 1236 8
541 596 14
265 249 8
594 974 8
1407 59 7
1460 880 15
1350 1359 1
1264 355 7
26 104 2
1261 1356 1
800 1199 7
178 950 14
1158 102 8
905 1199 7
205 245 77
1139 1299 2
1139 903 2
434 613 6
1166 1056 39
1252 519 2
151 1325 5
457 460 2
42 983 50
192 1014 0
1359 873 33
1138 1396 8
1158 326 8
672 284 7
442 540 2
515 1562 1
558 1580 18
434 837 6
1008 1128 8
9 90 8
333 891 8
915 793 8
1562 1575 2
1040 119 8
1562 1191 12
1445 742 23
409 1052 2
463 1453 30
69 1054 7
928 987 41
769 488 2
1221 833 7
874 937 7
1005 11 64
80 20 7
692 453 35
1340 1396 8
427 249 8
1403 846 6
1326 716 8
1424 189 27
113 1246 5
411 504 2
996 139 3
1216 90 8
620 66 2
1436 1333 2
1179 535 7
63 958 3
279 128 27
172 341 3
960 526 7
616 26 2
192 728 8
290 1437 8
26 1196 2
52 1581 8
759 855 3
143 568 7
1054 1479 2
1398 1525 2
999 1305 77
1438 726 8
1271 419 2
553 311 35
1506 425 2
752 1419 8
261 883 33
944 200 2
582 586 2
913 1152 26
902 0 5
1230 115 15
1215 1335 5
944 492 2
195 1118 5
118 1384 7
922 988 2
862 1325 5
900 739 27
1112 111 15
380 503 2
1028 917 2
250 42 8
904 602 84
81 1132 0
783 68 2
29 1062 8
1562 1105 0
53 192 30
369 823 30
1152 606 2
894 1424 2
253 80 8
1351 1243 7
1035 891 8
514 594 10
463 80 8
1451 451 2
641 540 2
1253 507 8
205 699 7
778 26 2
1553 1393 2
880 676 2
1337 891 7
112 936 8
144 1184 5
404 1360 2
217 90 8
281 995 1
1341 728 7
147 191 16
874 3 8
1079 795 7
850 880 2
1108 1322 13
986 501 38
1517 554 57
1177 1393 27
406 766 7
434 856 8
1394 729 27
24 345 0
544 535 30
292 1041 2
530 46 8
1394 625 27
1092 208 2
619 796 2
72 90 8
381 940 2
290 462 8
501 657 2
590 614 7
261 823 33
543 823 14
1439 928 45
363 990 37
24 1443 2
4 1184 6
858 769 8
1356 813 15
1141 850 6
119 320 6
761 1267 15
1406 139 3
696 1470 2
490 1199 8
97 1213 6
298 1118 5
178 1291 14
440 561 1
1391 988 2
1404 453 34
780 1359 1
1436 1325 5
1224 309 16
463 1073 2
901 1396 7
596 114 8
1466 67 1
1483 534 2
917 1124 2
814 90 8
1135 1199 8
774 1024 2
1102 837 57
1333 1097 7
344 28 8
1282 1341 30
1028 166 2
208 723 2
383 64 30
1225 702 48
463 1396 8
311 207 7
1451 1371 2
1252 787 8
997 914 7
534 853 12
530 747 2
857 898 2
309 1371 2
424 453 2
504 854 27
1019 390 8
543 1128 8
720 961 1
1489 1678 1
501 802 57
898 973 9
1376 939 15
379 1255 2
1341 18 8
1424 834 7
1131 279 55
160 535 2
1184 1138 2
627 1296 8
728 1360 2
818 1566 37
759 462 8
618 936 8
905 1070 5
836 1052 2
1054 1127 8
392 1199 7
1458 883 30
535 1392 30
113 1415 5
53 208 2
665 1190 41
1237 761 15
546 1204 30
761 1014 0
818 1102 37
940 523 7
586 229 2
336 284 6
646 1151 21
402 1070 5
1339 88 5
601 739 2
1515 662 2
192 315 30
279 840 50
28 39 8
349 1445 2
501 297 8
575 1037 2
440 315 2
157 147 8
337 856 6
337 233 27
907 1112 2
333 1199 7
619 42 30
210 916 8
1040 1156 8
97 1133 2
769 1525 2
440 539 2
1031 796 8
1019 1086 8
1035 80 8
540 219 2
1371 533 3
36 761 15
634 320 6
96 1199 8
795 384 3
715 958 5
789 1296 8
1082 595 41
1087 920 2
548 577 2
1333 387 8
642 1156 8
873 1073 2
435 88 3
759 1163 2
304 923 32
86 387 8
1019 1310 8
745 879 2
415 1112 8
530 952 33
1310 1544 2
1207 114 8
1322 1307 13
406 711 7
620 1035 2
226 1139 30
1100 883 33
479 1184 6
731 1207 7
279 701 27
717 527 7
380 1417 27
671 830 30
944 841 2
1013 994 5
752 97 8
212 53 35
495 1578 3
380 852 2
270 172 2
594 181 2
1233 455 1
148 488 2
586 857 2
24 992 2
144 97 8
355 292 2
506 988 20
1188 279 50
125 898 2
142 928 2
1028 1198 2
1036 1525 2
335 1393 2
549 746 62
1144 46 6
380 1076 2
502 960 30
501 1217 8
537 353 5
790 143 7
1166 654 39
772 320 77
914 1031 2
669 731 2
451 912 2
800 1062 8
51 191 30
438 166 2
558 1567 2
1321 603 6
338 44 7
1019 1381 7
905 1062 8
1102 386 57
645 1562 1
88 223 26
558 444 23
1140 742 23
1354 1090 2
434 39 6
451 844 2
1463 1125 8
202 158 2
1230 45 2
981 1515 2
547 430 2
1308 891 6
192 1314 2
535 324 2
185 917 27
823 772 14
1144 704 35
74 914 2
206 26 2
85 276 2
1566 645 2
1538 1342 7
306 97 8
631 611 1
581 883 30
411 97 8
1419 68 1
12 148 20
1151 1477 21
295 118 2
834 824 6
166 1148 2
642 743 3
43 90 7
596 258 31
535 458 85
1188 1371 50
1306 1212 8
925 115 15
1458 1224 30
392 1581 8
252 1333 27
1288 42 8
1144 1138 6
1354 1562 2
921 779 7
382 86 2
1264 523 2
958 1418 8
694 1177 2
390 139 3
475 322 2
464 1252 2
64 531 30
1447 594 10
1054 905 2
891 646 1
478 63 8
1374 1135 2
208 1468 2
939 215 8
145 90 8
263 883 33
236 466 75
430 1609 47
434 735 6
138 205 2
334 823 33
1035 139 3
1040 855 3
891 974 1
596 291 8
1024 1163 2
126 917 8
1221 1069 2
419 991 37
1437 1187 7
1114 596 33
1144 65 8
939 1267 15
1458 897 7
1073 272 31
545 88 2
258 212 71
894 908 7
1461 981 2
530 248 12
1201 1184 1
1001 742 23
1322 929 7
1564 11 2
1022 21 8
934 483 15
98 88 3
1438 728 8
1536 1094 52
87 167 2
552 139 3
1103 47 8
743 908 2
626 1252 2
1099 502 8
176 777 2
517 1608 2
201 821 75
449 1152 26
267 540 27
1405 1141 2
847 222 7
913 671 30
998 458 29
1329 958 3
1054 1309 2
1541 1396 8
928 1239 2
852 880 2
1510 1141 2
601 1438 7
1312 90 8
191 205 14
1197 139 3
434 381 14
752 42 8
153 11 2
471 891 6
1130 1424 1
938 172 2
1078 917 8
717 742 2
1252 1395 7
178 102 8
594 855 3
510 834 8
1177 249 8
194 1609 47
1173 214 2
380 729 2
309 598 30
796 265 6
598 881 3
880 1168 41
692 1419 8
320 1399 6
646 338 5
852 809 30
1488 551 2
453 1274 2
1135 406 2
428 1470 2
1322 855 5
1031 1082 2
347 1236 8
1138 147 8
782 292 2
111 90 8
435 495 8
1102 727 57
451 101 2
205 925 7
125 1062 8
430 1324 39
230 1062 8
1371 437 29
1224 790 2
1187 1528 1
880 1194 2
86 277 2
897 769 8
388 1102 37
98 337 7
559 80 8
57 54 6
657 1581 8
397 52 1
936 1154 5
526 305 2
195 1396 8
739 854 27
406 992 7
1340 147 8
306 42 8
1177 1515 27
729 1252 2
1526 1181 7
841 642 2
474 1000 5
90 973 9
252 1054 27
411 42 8
1424 36 7
863 1342 7
292 1163 2
1303 682 7
1295 908 7
278 879 2
558 1214 0
724 526 7
1306 32 7
1209 98 7
1544 167 8
1054 626 2
1173 910 2
913 338 5
1278 419 1
360 1342 7
208 911 31
535 1282 30
905 1609 47
772 669 77
999 1140 77
1204 147 8
923 1298 7
923 1636 2
577 620 2
613 88 3
258 535 2
115 394 1
1330 1325 5
338 789 7
613 42 8
64 476 30
780 64 30
575 239 2
994 921 57
337 833 2
1144 1389 8
1000 17 57
1252 685 8
742 222 15
1481 140 7
877 700 32
208 1345 2
939 92 8
82 879 2
515 1296 0
1225 928 48
1309 739 27
244 535 29
27 1252 40
392 115 15
80 259 7
323 39 7
333 1062 8
631 960 1
328 796 8
1210 796 7
980 1052 2
1215 1116 7
334 596 33
1533 1173 1
614 51 5
190 917 2
1055 958 5
451 1518 30
88 168 2
880 511 2
1328 1070 2
409 1515 2
1438 277 8
295 824 23
1177 540 27
1548 147 8
1394 1479 27
824 1153 6
434 3 8
897 18 8
1184 1364 2
623 1581 8
1295 1536 7
1058 898 2
360 990 37
937 1544 2
527 32 8
290 1212 8
883 1047 30
292 183 8
1163 898 2
908 646 5
113 1245 5
1271 590 2
1360 384 5
1506 992 2
1526 471 8
255 210 2
586 455 2
1440 1461 20
1172 1581 8
1256 620 83
1269 1416 2
928 1116 2
761 810 15
1054 1577 8
1037 1052 2
128 34 53
701 1333 2
925 113 2
1372 796 7
186 1325 5
349 1567 2
543 631 15
381 697 14
1359 388 2
546 1140 1
598 92 8
1207 976 5
923 588 8
104 322 2
631 65 8
1408 1507 5
1152 381 2
1323 338 5
1035 1062 8
1128 565 2
172 902 1
1240 310 1
633 320 6
1371 450 29
919 1236 8
558 1061 2
1566 1431 57
578 936 8
1019 916 8
1131 603 2
1184 1227 52
463 147 8
388 1325 5
595 292 40
202 48 2
406 1005 7
172 433 7
279 1391 27
1215 433 7
1215 37 7
995 421 33
1486 88 3
88 1583 8
63 1342 7
537 821 75
65 502 7
406 937 7
878 88 3
495 1097 7
558 611 34
526 542 2
872 1396 8
419 1310 8
546 21 8
285 1525 2
858 716 8
190 166 2
292 420 2
485 1152 26
166 350 2
494 1087 2
642 3 8
499 1407 2
1424 377 7
642 341 3
599 1087 2
42 808 7
380 1078 2
159 1252 2
116 57 6
595 284 16
535 539 30
440 800 1
360 1333 2
1173 1251 2
999 793 77
1295 97 7
1383 1296 2
921 377 7
34 769 38
263 904 2
923 1243 7
1081 1236 8
625 139 3
11 764 2
290 65 8
1172 502 8
1024 638 27
657 115 15
575 1495 2
28 789 8
642 1335 5
371 533 3
1054 102 8
325 1 6
928 32 8
655 1325 5
799 1062 8
998 335 5
1252 239 2
301 1 77
47 1325 5
1522 338 5
192 1567 1
1371 1474 29
930 620 40
139 229 30
330 1342 7
1326 1482 7
1481 27 2
434 265 6
939 37 8
874 433 7
988 1131 2
891 1197 2
1183 958 5
208 848 7
647 1152 26
759 1375 27
1145 42 8
546 722 2
1515 513 26
980 1393 2
665 1082 8
57 627 6
395 488 2
847 1491 7
728 824 6
176 83 2
620 1493 2
1322 63 7
406 341 3
1436 365 2
726 93 1
1084 936 8
957 1207 48
302 534 7
505 1054 7
35 880 2
546 1047 30
1530 65 2
1313 823 14
262 1252 2
1193 908 8
1127 501 5
495 387 8
933 1111 7
999 1421 77
527 269 8
915 261 1
1404 883 33
772 1638 77
539 1139 30
387 1419 8
823 1376 2
1215 763 5
239 504 2
978 284 30
550 0 0
369 249 8
125 45 2
1054 730 8
337 735 6
1506 77 2
42 390 8
1025 1287 2
0 255 2
598 37 8
36 172 8
170 1070 5
863 1325 5
915 1214 2
337 300 27
1252 1555 2
322 1235 33
771 487 1
897 102 7
433 1342 7
1221 957 7
1252 1550 8
218 1054 2
1221 1295 2
551 928 2
346 90 8
650 1070 2
190 1198 2
87 65 2
1035 147 8
983 1371 2
279 648 27
1449 1393 2
205 59 7
1128 833 8
880 1084 2
1019 793 8
343 172 8
620 1375 27
488 223 26
1314 1359 2
1128 1125 8
322 102 8
1461 1204 30
322 836 3
349 1214 0
557 45 50
761 39 8
65 51 7
1402 846 6
1322 1420 8
1394 449 27
279 872 27
720 53 1
1540 1396 8
1087 1310 8
447 594 10
901 453 35
401 697 2
1550 172 8
45 545 2
347 596 30
1460 1255 41
470 891 6
1303 176 7
618 33 2
592 908 7
1171 1199 7
704 694 7
374 1562 2
1375 891 7
681 1151 21
437 1070 5
1295 42 7
595 1342 7
988 309 30
158 453 2
586 1028 2
161 298 8
594 248 2
594 644 2
290 114 8
32 891 7
1322 36 14
1166 497 39
891 1500 1
1152 1126 2
1152 730 2
508 90 8
653 0 0
284 1305 14
796 95 6
1302 139 3
1403 80 7
696 1581 8
750 781 30
1206 939 15
479 1139 33
1233 454 1
440 1406 2
197 1342 7
1382 406 7
1354 933 2
1424 1335 5
795 855 3
855 1073 30
1544 341 5
1026 488 2
98 1073 2
1564 742 57
1374 610 2
1252 179 8
902 1342 7
1483 546 2
1438 1213 7
1110 656 2
1228 1460 7
1308 1062 6
118 1388 61
102 936 8
1371 1392 30
406 1578 7
671 92 8
995 101 8
593 1578 5
880 1316 2
279 1568 27
1481 341 3
1221 148 2
859 796 2
664 603 2
750 1152 2
172 1298 7
1209 392 7
1080 914 2
620 1042 2
168 51 7
1394 1077 27
434 808 8
1054 1417 27
98 176 45
548 267 55
451 1340 30
1221 471 8
23 823 2
1326 21 8
318 1631 80
452 412 5
26 569 2
450 596 30
1054 415 1
28 1097 7
681 507 0
856 908 8
514 936 8
845 784 19
1173 1428 2
505 1322 13
928 318 2
42 1448 50
155 474 2
1460 451 30
1359 942 33
470 915 2
213 1184 6
1056 42 8
143 836 3
899 824 7
457 65 2
61 1062 1
468 284 33
498 1118 5
724 915 30
1382 1326 7
107 1322 13
596 462 8
453 421 2
192 684 21
51 1282 30
1164 80 8
178 1122 6
1340 1132 7
1003 1264 2
1214 1062 7
1031 958 3
1214 1400 2
546 228 6
796 114 8
1110 1342 7
323 265 7
437 1359 2
440 259 2
878 1024 2
541 975 2
540 335 2
322 516 2
1023 90 8
915 1086 8
112 210 2
995 1125 8
69 1393 2
36 51 30
796 384 3
86 112 2
12 911 20
172 661 2
671 1403 14
995 311 33
847 65 7
483 594 1
133 1419 5
747 1173 2
1156 590 5
1429 102 7
322 47 8
1187 211 1
463 251 71
1184 798 2
1333 39 8
330 1325 5
642 808 8
371 1491 7
172 296 8
727 933 2
160 883 2
849 251 2
49 530 2
1292 940 2
86 39 8
307 1124 30
1284 1562 2
1287 236 12
439 551 30
466 54 6
1351 1206 36
784 1233 77
867 502 8
217 1152 26
471 1062 6
1295 33 2
122 1525 2
741 823 14
1009 1070 5
1412 139 2
1383 452 7
1173 745 2
1174 575 2
40 97 8
364 502 8
1152 675 2
28 387 8
468 24 2
951 1062 3
1377 1342 7
145 97 8
891 1399 6
126 1393 2
506 1070 5
1291 1072 8
558 1355 2
586 905 2
337 581 27
858 1578 5
1233 399 1
457 1381 2
322 1417 27
1152 607 2
869 846 6
891 341 48
595 586 40
795 462 8
1371 676 29
1359 191 33
812 883 14
696 1062 8
189 320 6
1128 1479 2
900 759 2
343 917 8
1291 999 14
387 1325 5
208 492 2
322 651 69
928 1616 41
1090 937 7
534 214 2
540 859 2
1570 1419 8
1446 1562 2
661 1396 8
95 1199 8
1135 796 8
869 739 27
406 1523 7
1187 1298 7
997 958 3
995 384 3
779 936 8
521 1317 7
45 894 2
347 1341 30
70 202 7
633 1062 6
338 531 30
718 1187 0
705 441 0
847 1381 7
632 796 8
47 292 2
530 47 8
1394 626 27
1078 1393 2
1322 390 8
158 1198 2
858 838 8
46 406 22
544 1224 30
292 938 2
1141 1315 6
912 1151 21
739 59 8
1461 432 15
26 514 2
618 210 2
510 1305 8
603 889 2
425 453 35
1259 1630 2
432 939 15
950 1072 8
695 1199 7
610 904 9
1250 1562 2
1313 1070 5
178 1292 14
710 147 8
596 183 8
365 167 8
24 229 33
1240 836 1
1375 1396 7
1166 114 8
1054 625 2
928 555 2
515 847 0
1466 824 1
220 898 2
237 928 2
349 1110 2
673 1515 2
1035 1525 2
950 999 14
1036 166 2
1031 739 27
233 1342 7
766 593 5
778 1515 2
341 242 7
51 539 30
610 1507 5
193 419 57
101 546 2
230 823 33
931 139 3
936 855 3
334 1581 8
672 172 2
85 796 2
1019 63 8
595 1325 5
552 1296 8
1198 470 1
796 59 8
1360 836 3
85 1088 2
417 26 27
1554 1351 2
1040 65 8
1221 429 2
411 914 2
49 1562 2
1407 441 0
980 1515 2
671 269 8
300 958 2
1338 80 8
1215 1183 7
1214 147 7
528 466 2
419 129 8
160 208 2
768 891 8
1445 596 33
684 596 14
485 338 5
973 80 7
1476 258 30
512 1112 2
1084 771 2
166 854 27
1515 1004 27
176 997 2
176 601 2
655 1207 8
1087 517 2
1429 47 7
1103 163 8
880 218 2
872 147 8
279 74 27
313 28 8
902 1325 5
890 147 45
1424 1127 7
263 1046 12
595 1604 38
353 721 1
1322 1305 14
147 450 7
722 908 7
507 719 8
1054 1029 2
1515 335 2
297 575 2
601 1158 7
780 535 30
292 646 8
1265 1236 6
176 825 2
1054 1420 8
1173 2 2
586 626 2
365 1196 2
127 944 2
1052 648 2
147 1116 2
40 88 3
1173 890 33
582 90 7
903 1199 7
944 438 2
301 1215 77
3 249 7
40 42 8
349 666 12
106 1562 2
1481 949 2
380 53 2
315 845 1
24 297 2
1377 891 7
145 42 8
457 638 2
915 1003 1
1505 796 8
588 1419 8
1488 667 2
1367 917 2
1479 307 2
910 656 2
85 1424 2
917 833 8
80 1058 7
80 662 7
208 437 2
1463 102 8
1210 1199 7
265 88 5
435 507 8
144 338 5
1022 1125 8
201 904 74
1443 742 23
406 1176 7
625 1424 2
634 1342 7
396 823 16
1144 77 35
880 1305 8
1338 1396 8
1187 1243 7
534 1047 33
921 411 30
526 421 2
1401 846 6
1476 1282 30
847 638 7
919 1341 30
338 476 30
620 1036 2
1283 771 2
1215 140 7
1054 619 27
1264 855 5
879 952 14
502 636 2
284 421 2
590 1475 37
861 534 2
1543 1322 13
934 611 1
1458 631 15
466 627 6
439 1124 30
466 1315 6
1394 503 27
24 993 2
631 244 8
923 1460 2
1196 139 3
360 1062 7
694 154 2
999 860 77
517 671 14
1301 139 3
631 932 8
1129 1424 1
1052 1568 2
627 879 9
796 321 6
922 1166 2
702 435 7
261 397 2
249 390 8
464 917 2
1042 172 2
24 611 34
1357 0 0
349 367 2
796 613 6
306 338 5
1166 59 8
638 1070 5
823 158 8
1082 1239 30
565 958 2
1090 412 5
1173 523 23
901 1342 7
446 1102 37
1220 891 6
1252 743 3
1359 368 33
997 928 7
1003 466 2
1503 139 3
349 591 2
1102 1075 57
1343 80 7
346 1236 8
519 1488 7
205 877 7
80 83 7
1137 147 8
87 919 2
744 499 1
322 1420 8
1458 212 2
1179 501 71
595 1270 5
546 893 2
323 155 7
528 1046 12
1562 732 7
1453 296 7
530 297 2
1308 1184 6
933 1244 36
988 1234 2
988 838 2
1424 848 7
55 603 2
1525 189 27
1340 891 8
289 365 2
279 833 2
747 771 2
1184 584 53
768 80 8
720 1298 7
35 759 2
739 241 2
46 57 6
408 936 8
865 702 8
958 1446 7
562 934 15
290 932 8
1249 1062 5
349 293 0
828 1224 2
541 823 14
736 917 8
1183 452 7
606 1073 2
833 1544 2
527 44 8
1322 890 14
380 667 27
381 1144 44
476 1359 2
988 1455 30
1522 97 8
823 813 7
917 1474 2
42 269 8
701 365 2
1087 53 35
279 390 50
901 990 37
613 880 20
157 139 3
33 206 2
1329 1325 5
672 917 2
28 277 8
1236 1310 7
228 1199 7
210 471 2
322 619 27
669 1314 7
586 399 2
1253 671 33
546 1210 6
547 690 1
210 763 2
112 504 2
1104 1360 2
1295 958 5
1001 823 33
80 711 7
323 491 7
1225 880 48
205 298 7
934 948 15
672 1141 2
501 1225 0
590 1578 5
1106 823 33
692 958 3
359 139 3
546 1084 1
915 916 8
1463 47 8
406 433 7
464 139 3
1003 671 33
925 880 15
279 423 27
666 821 75
66 166 2
59 1 6
880 463 2
502 854 27
1562 983 33
1232 958 3
1561 908 7
205 167 8
1262 453 35
434 59 8
775 397 75
961 547 7
1482 88 5
1296 1389 59
852 1236 8
273 1139 2
841 307 2
292 140 2
502 581 2
147 1069 2
1525 148 2
834 917 2
439 381 30
1144 246 35
847 119 7
903 1070 5
147 1460 8
470 1062 6
823 362 31
1400 20 7
380 798 2
1343 702 5
205 1460 77
499 453 34
265 1396 8
1375 1062 7
716 908 8
145 292 2
927 1062 1
1082 960 30
1152 505 2
1216 338 5
834 1141 2
699 419 2
1485 1562 2
565 575 2
167 1139 30
145 620 2
805 1396 8
440 848 1
418 535 30
218 1187 7
1140 1087 2
218 1525 2
1019 1395 7
527 109 5
910 1396 8
116 1 6
20 1581 8
228 166 2
1210 1070 5
464 502 2
917 723 2
695 1062 8
18 139 3
321 603 52
233 440 7
581 504 2
112 1424 2
98 406 7
809 974 30
558 1409 2
880 1555 2
763 739 27
537 904 74
1225 593 48
787 1296 8
673 936 8
1210 169 7
1140 596 33
1458 553 2
78 504 2
462 147 8
471 939 15
995 272 8
69 540 2
168 1224 33
216 781 30
862 1396 59
17 820 15
1141 776 5
1476 1459 30
1549 165 2
1209 167 7
1073 1299 2
1497 172 5
731 178 7
1424 37 7
1198 625 2
1166 978 27
829 846 6
926 1118 1
720 1243 7
158 1419 8
462 1187 5
1322 116 8
147 94 2
161 769 8
217 338 5
1054 231 2
928 557 2
140 1054 7
161 1457 8
658 1187 0
759 68 24
488 722 2
507 213 8
923 1637 2
634 1325 5
285 139 3
598 1491 7
823 1200 2
1522 88 3
703 1082 8
783 1283 2
464 1198 2
531 1139 30
1360 68 1
1138 1199 7
495 39 8
1221 1578 5
478 743 3
371 881 3
1372 169 7
72 338 5
205 313 77
25 80 8
337 1230 2
825 139 3
1292 697 14
761 441 0
320 321 6
228 1581 8
457 627 8
534 658 0
440 102 2
29 502 8
337 416 27
187 873 16
205 1554 7
575 167 8
230 1341 33
991 742 57
171 1070 5
449 97 8
300 1252 2
553 564 2
36 1608 46
1283 594 10
1525 101 26
988 1479 2
323 40 7
501 1170 0
1340 1199 7
1237 796 8
721 1517 5
933 533 5
979 1515 2
761 1097 7
666 474 75
894 796 2
347 90 8
605 88 5
534 1314 7
419 355 8
1221 551 2
35 1062 7
759 762 2
670 147 8
1404 1046 12
88 857 2
1321 172 8
1075 1393 2
925 1187 0
1223 210 2
856 988 2
1022 259 8
1352 546 35
527 789 8
626 1198 2
527 393 8
279 300 27
285 898 2
1183 697 7
488 1418 2
437 88 3
1179 603 7
731 702 7
1539 80 8
368 823 31
586 1417 27
1158 929 7
183 45 2
178 116 8
45 661 2
1506 993 2
908 1335 5
928 1081 2
856 1207 8
818 1112 2
39 88 3
228 1070 5
1517 13 2
227 809 1
359 1046 12
510 92 8
316 702 10
457 932 2
1141 1169 2
46 936 8
161 18 8
852 823 30
1052 770 2
620 68 24
1055 178 7
1152 450 2
1466 1678 1
1133 739 27
80 623 6
1335 846 6
1481 1129 7
1112 179 15
1429 1578 5
218 1132 7
541 338 5
502 851 30
998 104 5
923 886 2
42 844 30
1052 743 3
1482 1396 8
904 670 84
907 1631 2
1463 355 7
440 1126 2
440 730 2
457 1156 2
337 648 27
338 39 7
1252 3 8
905 166 2
1152 377 8
774 172 2
1252 341 3
742 658 0
548 872 2
1009 178 2
917 663 8
1221 1305 7
1022 663 8
270 284 30
879 464 2
993 824 2
1451 915 2
995 782 33
590 311 35
147 1616 41
97 44 8
898 1418 7
1548 1199 7
990 986 12
322 1310 8
540 1030 2
1449 34 53
1337 1396 8
1324 416 2
1568 917 2
1442 847 2
809 851 30
406 1298 7
631 174 1
462 908 5
507 417 1
1215 726 7
1340 139 3
1252 1335 5
595 8 5
701 990 5
183 1236 8
1100 118 2
455 697 14
1179 939 7
1209 112 7
847 1156 7
729 1198 2
761 387 8
279 723 2
620 762 2
1314 596 33
26 854 27
838 796 7
466 1213 6
720 401 1
1295 504 2
1190 191 16
1081 914 2
270 759 2
49 933 2
276 1381 7
502 758 2
1322 160 14
1525 325 2
1539 1396 8
1224 1457 30
54 1207 7
26 289 2
1313 97 8
395 80 8
317 1566 5
441 1062 5
507 54 59
606 671 2
1061 1070 2
1085 939 13
28 1213 7
1461 173 30
999 398 77
658 1132 0
259 846 6
1264 991 37
403 88 3
575 854 27
752 908 8
974 320 19
162 284 33
139 296 8
548 1469 47
161 646 8
594 992 2
1041 172 2
565 1252 2
1252 704 2
118 523 2
144 908 8
582 1236 7
1260 770 2
928 330 2
934 1389 8
804 1342 7
925 1046 12
1228 1589 1
917 649 33
1480 1351 2
463 1199 7
457 181 2
981 598 5
42 704 50
349 554 23
1024 366 2
1572 1315 7
383 596 30
783 1452 2
1158 47 8
230 598 33
3 1322 13
176 350 41
417 178 1
449 42 8
228 1062 8
546 723 2
65 1199 7
546 677 7
421 879 2
617 139 5
1497 1209 5
557 80 8
1394 1493 27
823 610 30
535 1135 2
1056 338 5
1392 1187 0
768 1062 8
88 68 7
1128 102 8
925 1132 0
1326 437 8
986 1593 38
847 1388 7
743 507 2
527 46 8
160 671 2
883 1457 30
166 233 27
527 384 3
406 296 8
4 939 15
884 28 8
1326 1125 8
322 163 8
646 172 8
1337 249 8
156 590 1
1253 594 10
267 139 27
267 1199 7
726 823 2
493 908 6
406 588 8
507 390 59
411 908 8
1132 1578 5
1424 1298 7
1184 1305 8
272 1584 28
1054 804 2
1148 1342 7
879 31 14
395 1396 8
1521 97 8
944 281 2
33 500 2
33 104 2
928 1125 8
1526 21 8
506 88 3
133 139 1
150 210 2
155 530 2
143 1310 8
1052 423 2
605 1396 8
510 37 8
150 898 2
586 693 2
337 369 27
876 934 5
934 23 2
1037 998 2
263 118 2
915 486 1
527 1310 5
1377 1062 7
575 808 8
1358 796 2
1053 936 8
586 625 2
923 435 2
383 1224 30
1082 782 30
598 330 8
668 958 1
548 421 2
913 1198 54
80 833 7
463 139 3
796 462 8
1022 1004 8
527 310 1
440 607 2
67 658 0
981 284 6
1019 1550 8
998 355 7
641 553 2
168 1141 2
795 114 8
1196 1424 2
542 1549 2
824 286 15
530 1443 2
1187 1023 1
1310 1342 7
603 513 26
1507 1499 57
88 1092 7
765 80 8
734 1135 2
172 1108 8
867 631 2
138 1341 30
195 891 8
205 685 8
292 1122 2
16 0 0
111 596 14
867 923 2
925 934 15
1173 99 0
1271 452 12
761 728 8
199 904 9
292 366 2
603 677 2
620 707 2
530 163 8
42 1150 7
502 703 2
54 1198 2
329 1325 5
48 292 2
1313 88 3
1146 1396 7
380 628 2
501 769 8
939 1097 7
470 1184 6
128 488 2
145 914 2
535 485 30
1277 1356 22
222 1062 1
23 24 2
1188 451 50
866 934 15
1035 917 2
455 57 6
122 166 2
246 1112 2
510 957 8
739 3 8
233 734 7
189 1236 6
917 1309 2
575 1395 7
1358 1424 2
371 37 8
340 1285 7
782 879 2
1062 114 8
322 493 6
915 240 2
914 1495 2
761 372 1
1321 338 5
1024 311 2
192 779 6
1220 1062 6
1140 1199 7
876 958 1
208 840 2
322 804 2
367 453 35
995 1459 33
1008 502 8
1316 590 1
653 1287 2
988 1077 2
879 1037 2
507 1454 1
102 546 2
915 63 8
491 1325 5
416 504 2
614 338 5
1413 1342 7
307 68 2
727 0 0
534 1250 2
1481 296 8
847 1437 7
534 523 23
507 1381 7
759 256 2
510 1388 7
1128 47 8
1403 908 6
271 1342 7
1078 34 53
870 1396 8
622 702 2
216 338 5
1360 152 30
402 147 8
611 1371 2
988 185 39
208 1457 30
1184 859 2
1077 1393 2
586 619 27
616 88 2
1461 1176 15
1424 1243 7
739 704 2
285 783 8
157 1252 2
1188 97 7
261 1264 2
928 1075 2
1461 350 30
936 610 2
1348 507 0
359 1419 8
915 499 1
940 244 7
1041 1141 2
115 913 1
702 838 7
42 44 8
1 269 6
1247 1407 2
728 139 3
710 891 8
29 796 8
337 314 27
218 380 2
501 18 8
1166 462 8
1312 1070 5
454 320 2
42 1548 5
28 52 8
502 53 30
1485 349 2
546 297 6
1391 26 2
65 1070 5
1224 950 16
417 1507 1
789 1090 2
1453 393 5
1035 166 2
349 347 33
139 803 30
700 925 8
328 1342 7
620 269 20
307 1160 2
80 486 7
581 88 3
273 338 5
575 685 8
596 861 30
88 417 7
1153 97 8
962 441 0
80 778 7
1554 1407 2
1337 603 2
990 584 12
778 88 2
238 1198 54
1052 1335 5
230 502 8
1236 39 8
470 1190 41
1333 108 8
406 896 7
809 53 30
1221 1127 7
880 1030 2
880 634 2
372 1070 5
172 662 2
192 699 2
347 999 14
530 381 33
138 598 30
1184 1555 2
862 147 59
702 832 5
1221 1460 8
1476 606 30
1183 923 7
70 205 2
1547 1128 8
118 1244 36
620 360 2
406 770 2
593 1057 57
1394 395 27
872 891 8
731 928 7
488 101 26
1198 168 2
843 1052 2
1405 917 2
195 80 8
503 1054 7
292 311 2
880 957 8
1400 551 7
382 908 7
1393 1161 7
717 936 7
677 1609 47
1244 761 15
745 824 2
337 1377 6
33 677 2
259 823 2
1282 349 1
138 1073 2
24 713 2
365 1148 2
256 1207 8
931 908 7
1152 676 2
337 1338 27
41 1525 14
80 412 5
128 365 2
702 155 7
1367 1333 2
135 88 3
182 958 5
1266 1062 8
144 42 8
463 739 2
457 1377 8
279 911 31
1338 1525 2
184 90 57
438 575 2
1296 533 5
1525 856 20
880 1388 7
722 958 5
657 1046 12
281 292 27
1558 923 32
515 1173 1
119 958 3
789 42 8
126 1118 5
9 97 8
420 147 2
639 453 2
1003 118 2
995 47 8
613 891 6
1344 34 12
1215 556 7
1144 425 35
241 598 30
1214 249 8
535 728 8
1144 717 35
1424 568 7
659 958 3
847 1382 7
1252 1131 20
738 1342 7
42 1395 7
548 206 39
225 293 0
284 873 2
514 1351 2
322 1458 20
1538 1396 8
440 274 10
294 796 8
1216 97 8
756 90 8
1119 1341 30
739 357 2
1287 1541 2
1246 1504 57
1322 678 14
1515 104 2
1083 970 9
1054 793 8
488 497 2
176 480 65
380 1493 2
226 546 31
913 406 5
139 423 2
1461 348 41
124 980 1
1035 1198 2
1405 166 2
1398 380 2
823 929 7
1510 166 2
1215 654 5
951 88 3
1258 26 2
920 940 2
928 556 2
575 411 2
359 1296 8
558 873 33
350 936 8
193 24 57
440 273 2
915 808 8
923 424 8
539 1073 2
900 1342 7
558 209 2
1221 848 7
435 172 59
1082 541 82
1137 495 8
234 533 3
1561 742 2
1153 42 8
1565 26 2
1351 436 2
457 626 8
474 1472 5
1055 338 5
1087 982 2
540 177 2
880 287 2
1262 1325 5
857 796 2
1545 1342 7
195 139 3
1124 1144 44
1209 570 7
1326 663 8
874 1217 8
399 1393 2
759 829 2
1100 1264 2
406 85 7
922 64 30
671 960 30
781 830 30
1239 1371 30
290 1384 8
497 739 27
292 256 2
710 1199 7
625 958 3
1180 1054 7
1404 118 2
944 903 2
205 888 77
928 1310 7
657 934 15
279 806 50
112 1152 26
380 122 2
580 990 1
568 546 6
205 1576 77
1307 80 8
1394 168 27
823 1161 7
858 421 9
1256 292 83
24 274 12
582 33 2
991 921 57
1092 958 5
176 101 45
1206 934 15
990 438 57
501 533 3
684 1371 2
934 932 8
551 1515 2
80 1127 7
284 85 45
62 453 35
799 502 8
540 581 2
139 1376 30
875 284 6
952 176 45
238 917 8
338 881 3
192 273 6
1022 438 8
205 646 7
1108 1342 7
1128 1420 8
997 593 7
602 453 35
1204 1342 7
208 730 2
908 766 8
631 53 1
9 88 3
872 1199 7
872 1141 2
98 495 8
32 88 5
596 369 5
183 620 2
535 678 2
1287 1262 2
591 115 15
1304 796 7
1056 656 1
166 882 2
1326 1583 8
796 960 25
1526 1298 7
858 789 2
603 903 2
705 1408 1
1141 865 6
272 1062 7
150 1424 2
1407 753 2
944 1135 2
1458 598 30
494 824 23
1177 1062 8
927 1118 1
261 466 2
833 958 3
340 1287 7
1240 75 5
1112 1430 5
599 824 23
1185 1128 8
575 233 27
28 1321 8
913 1184 6
337 1223 27
594 767 2
222 1184 1
1233 1437 1
45 1457 30
1252 479 2
674 1359 2
820 908 8
1252 433 7
581 1024 2
205 137 77
1561 958 5
593 1125 8
1139 399 2
171 88 3
274 669 76
1357 771 2
1082 21 20
240 620 2
81 0 0
900 1333 2
547 751 1
390 1236 6
1102 1076 57
1220 1184 6
307 362 2
322 675 33
1201 143 5
849 97 15
726 915 30
941 546 35
429 1184 2
1407 1005 36
992 879 2
139 1335 5
202 348 2
210 63 8
872 166 2
255 958 5
210 355 8
1407 341 5
1080 1141 2
419 471 8
1128 273 8
169 1314 7
391 178 7
838 1199 7
1076 1393 2
160 796 7
113 1430 5
1317 936 8
1184 689 2
488 1138 2
115 519 1
35 1052 2
734 610 2
1056 1549 2
147 833 8
1527 90 8
617 908 7
616 210 2
172 83 8
1515 677 2
297 958 3
928 1301 2
1438 222 8
883 1456 30
1232 1325 5
1054 929 7
928 1197 2
371 1314 7
999 1093 77
988 1456 30
988 179 15
1119 535 30
1158 1310 8
701 1054 2
279 287 50
988 111 15
449 914 2
320 377 6
218 898 2
590 39 8
1029 739 27
999 627 7
1242 1141 2
987 1255 2
1359 401 2
909 322 2
632 939 15
1573 4 1
999 1315 7
934 855 3
230 796 8
598 607 30
737 939 15
1461 947 2
550 1562 2
212 477 2
205 200 1
88 981 2
1080 1062 6
995 606 33
596 983 30
501 1518 0
205 591 7
81 1371 33
933 881 5
1213 891 7
619 546 31
775 466 75
434 29 2
451 455 2
824 61 15
880 522 7
978 1515 2
192 925 2
1540 1199 7
897 435 8
1087 1550 8
406 1414 7
86 730 8
395 1184 2
1403 1325 5
1443 596 33
535 326 8
1438 626 8
483 338 5
961 548 7
195 1062 8
958 1375 27
176 1129 7
1476 1124 30
1438 1314 8
367 990 37
979 88 2
45 1077 2
870 147 8
1207 312 7
761 732 60
544 823 30
534 329 2
1078 1342 7
434 347 14
620 878 2
499 452 12
900 1325 5
1507 1498 57
1424 98 7
858 1125 8
874 119 8
1023 338 5
292 829 2
147 1362 2
32 1073 2
722 1424 2
721 488 27
596 1354 2
1424 390 7
1393 619 27
271 759 2
1166 1384 8
209 546 35
1226 1285 5
936 1418 7
466 865 6
291 80 8
4 284 6
851 1341 30
208 536 30
586 1492 2
923 1302 2
1052 1217 8
594 712 2
76 958 5
1460 620 82
1233 986 1
3 823 7
914 1338 2
485 1198 54
1299 998 29
1391 880 2
673 322 2
418 1224 30
460 823 2
561 1224 2
145 908 8
1253 1054 7
1166 297 8
223 535 2
1383 1236 8
440 1474 2
1242 166 2
1232 1556 48
73 1151 21
338 387 7
787 928 7
977 1070 5
782 586 2
1481 581 3
429 45 2
468 453 34
859 995 1
957 1325 5
988 852 2
297 846 6
300 917 2
744 49 1
322 929 7
526 667 2
208 1303 2
1198 986 53
550 1371 33
992 824 2
623 1424 2
557 809 50
1562 236 12
534 1025 2
1536 377 52
434 1439 14
883 779 8
928 428 41
1497 1325 5
737 1342 7
880 177 2
1209 168 7
535 1251 2
847 1212 7
988 1076 2
1100 466 2
300 1141 2
380 1495 2
546 766 8
297 739 27
631 850 1
279 675 2
323 1578 5
838 1581 8
51 1197 2
623 1252 2
647 1198 54
1507 523 57
241 534 1
510 1491 7
380 681 27
562 880 15
720 1577 8
1187 83 8
23 1287 2
26 1033 2
1544 65 8
546 1456 30
172 424 8
706 320 6
928 850 2
266 1359 2
1438 167 8
1163 1252 2
1312 97 8
349 1009 2
933 728 7
577 914 2
1551 558 4
524 642 30
912 1054 7
244 936 8
51 1126 30
702 1301 7
470 1082 8
1037 322 2
742 1376 15
636 1070 5
586 53 2
73 507 0
1031 365 2
642 911 31
672 759 2
787 1556 7
63 1325 5
923 213 7
823 1420 8
923 650 8
337 417 27
337 21 27
707 90 8
32 249 8
1461 996 2
1461 600 2
88 484 58
455 1152 26
418 1562 1
1408 1465 5
344 1236 8
88 588 7
552 113 2
838 1070 5
558 53 34
657 113 2
1445 823 33
1407 1392 7
880 805 2
279 661 27
1184 1388 7
504 1169 2
988 101 2
1338 891 8
395 1525 2
1306 1418 7
661 80 8
1476 381 30
347 781 30
620 531 2
872 1062 8
528 958 3
1358 1152 26
717 419 7
374 1351 2
1526 833 8
958 21 7
195 147 8
0 658 0
241 1507 12
1357 594 10
604 1073 2
208 899 5
590 789 2
292 769 8
1397 908 7
899 1296 7
380 1036 2
255 504 2
485 586 2
1052 433 7
506 880 20
101 1073 2
923 1346 8
255 796 2
586 1041 2
1052 766 8
1350 349 1
109 1400 2
708 621 2
565 917 2
484 292 2
1190 606 35
581 914 2
242 311 79
210 1337 2
451 1200 2
552 908 8
1296 412 5
548 436 1
593 259 8
540 1495 2
990 888 57
1252 296 8
1184 1314 5
51 375 30
1228 498 1
205 476 7
241 434 14
298 824 6
766 1199 7
1396 384 5
183 914 2
322 524 2
1225 143 48
420 26 2
264 1465 5
540 1031 2
462 139 3
325 958 2
75 1054 7
915 179 8
921 638 30
1325 1583 8
1413 1062 7
178 43 6
651 488 38
1230 958 3
295 474 2
845 629 2
995 114 8
1117 90 8
1306 47 7
45 1358 2
939 743 5
1414 1342 7
534 610 2
1326 102 8
65 1088 7
167 1342 7
1299 1287 2
1525 722 2
623 1296 8
270 1052 2
112 338 5
1544 114 8
1396 1310 7
298 147 8
35 546 2
1054 177 2
163 1581 8
1404 1264 2
403 147 8
980 988 30
1506 1518 2
424 1325 5
888 97 15
488 272 2
119 97 6
1537 958 3
127 488 2
1287 893 33
1224 393 5
1382 823 7
255 1424 2
1172 796 8
255 1419 8
1158 116 8
416 1152 26
1483 1359 2
446 1112 2
311 349 1
434 627 6
939 3 8
12 27 2
652 603 6
626 1152 26
192 1127 6
1164 139 3
1461 941 2
301 587 77
1247 1351 2
325 251 33
1306 369 5
905 172 2
1521 338 5
575 743 3
1460 251 2
1306 661 5
1110 1396 8
1022 273 8
1445 1087 2
889 26 2
406 324 7
124 32 8
880 458 2
766 139 3
279 314 27
846 1122 6
372 739 67
88 69 7
1525 1418 2
974 1073 2
880 750 2
1326 438 8
647 917 8
289 488 2
737 1584 28
1549 1031 2
1326 730 8
1421 90 8
1476 722 30
919 781 30
620 476 2
1077 34 53
631 1418 7
1540 1062 8
1240 441 66
685 891 6
155 1287 2
205 381 14
601 934 7
1053 322 2
944 678 2
1054 1493 2
42 23 7
507 787 8
1461 1094 30
565 739 27
575 882 2
380 689 2
148 28 8
1270 400 2
1044 1584 28
454 1424 2
637 669 76
1233 584 1
337 1058 27
337 662 27
535 1567 1
1056 292 2
192 676 30
1544 75 5
805 891 8
309 823 31
1374 344 2
143 270 3
440 676 2
457 706 2
45 536 30
780 349 1
692 1207 8
27 502 8
42 22 50
1454 279 2
792 1184 2
419 1002 2
347 1128 8
27 934 15
778 504 2
124 728 8
80 834 7
3 1374 8
88 1161 7
769 1198 2
664 45 2
789 1657 59
1338 1199 7
208 167 7
432 1342 7
995 1124 33
651 501 38
685 88 3
377 338 5
434 646 8
406 848 7
883 377 8
118 412 5
533 1581 8
1309 1333 2
290 1418 7
862 891 59
86 852 8
451 678 30
176 959 7
939 1125 6
452 146 5
1414 891 7
406 1217 8
377 603 6
721 26 27
1198 516 2
1052 1120 2
208 830 30
1394 1035 27
805 88 5
1527 1236 8
26 235 2
1172 80 7
910 88 5
52 958 3
365 854 27
1054 122 2
575 1510 2
1383 847 2
157 958 3
53 1296 8
1144 183 6
24 1061 2
22 883 2
702 211 7
1480 742 23
923 1482 7
557 1536 7
101 883 16
1052 1298 7
361 249 2
238 1393 2
51 724 30
737 1139 30
479 936 8
591 823 33
1463 929 7
681 771 2
552 1090 2
1254 97 8
45 1456 30
87 1451 2
233 1396 8
42 942 50
187 368 16
1296 881 5
205 1445 7
349 53 34
185 1054 27
344 42 8
507 1455 1
1221 568 7
23 642 30
1338 166 2
457 54 8
1337 1224 33
551 97 7
534 1251 2
521 68 1
1322 766 7
1338 139 3
279 259 27
12 285 20
510 1389 7
570 1070 5
262 434 1
55 1062 8
89 440 35
452 1066 5
858 1583 8
600 320 6
1168 1470 2
488 1309 2
1341 32 8
731 593 7
739 309 2
1461 1131 20
35 1515 2
115 982 1
642 766 8
1044 921 38
507 44 8
604 671 2
928 1076 2
727 1287 2
419 1578 5
140 1515 2
1275 530 7
263 1112 23
1054 1042 2
249 1550 8
205 1043 5
42 743 3
595 702 8
208 1564 1
259 488 2
1382 1396 7
159 1199 8
1052 661 2
3 308 2
309 761 15
125 284 2
478 424 8
208 1491 7
898 1131 2
1359 572 2
1482 891 8
381 596 30
546 981 12
911 1062 8
905 453 2
919 1128 8
1221 1138 2
995 381 33
1022 158 8
234 881 3
1329 434 2
1567 1112 23
1228 383 7
867 249 2
208 450 2
82 380 2
233 249 8
338 533 3
528 419 2
973 434 1
768 1199 7
1037 1609 47
880 1323 2
399 739 27
1476 607 30
939 341 5
292 672 2
277 1351 2
706 846 6
1515 1148 2
535 789 8
535 393 8
1209 3 7
1251 594 10
265 1199 7
544 598 30
1073 1135 2
1013 1472 5
21 995 1
603 623 2
503 1393 2
347 338 5
671 743 5
1404 466 2
45 784 2
140 540 2
205 1632 77
642 1500 30
796 506 6
701 1525 2
88 412 5
1238 823 16
148 210 2
498 1396 8
502 750 30
729 958 3
1399 42 8
910 1199 7
769 1236 6
440 588 1
1081 1128 8
148 502 2
988 152 30
866 880 15
1166 736 39
364 796 8
1402 80 8
1573 1267 1
261 118 2
805 1073 2
1452 1517 1
570 1062 8
501 881 3
205 770 7
558 1253 2
502 974 30
322 43 6
452 920 74
1253 771 2
1140 824 23
208 808 7
1254 42 8
42 199 50
900 365 2
763 846 6
1252 423 2
685 292 2
1009 697 2
903 502 8
208 390 2
455 898 2
1359 381 33
575 3 8
1047 176 45
575 341 3
442 147 8
631 401 1
644 1322 13
915 743 3
850 1139 2
1179 1526 7
1173 345 0
1215 557 7
432 249 8
202 464 2
178 269 6
502 1053 2
928 203 41
528 1112 23
1198 1553 2
642 492 2
728 320 6
502 1345 2
166 1230 2
1287 1226 12
1438 114 8
759 197 8
1141 513 26
1210 502 8
1173 1443 2
251 983 16
546 833 8
1179 147 7
1225 1566 5
938 1333 2
1184 409 2
406 83 8
1141 1213 6
617 1070 2
605 1360 2
759 129 8
267 322 27
176 199 2
618 504 2
928 287 7
1054 1086 8
719 1296 8
200 1118 5
905 739 27
921 1131 2
0 174 1
605 891 8
255 42 8
450 603 6
305 1609 47
555 603 6
596 769 8
915 377 1
742 1431 5
1054 1310 8
349 1404 2
320 493 6
674 596 33
795 1384 8
923 326 2
546 972 7
219 898 2
1093 1236 6
530 1110 2
613 1221 20
307 1106 2
1461 667 2
1221 1479 2
722 1152 26
744 1140 1
39 891 6
36 720 15
1198 1493 2
897 259 8
534 1428 2
1333 54 8
1132 265 8
410 68 2
1325 730 8
808 1207 5
164 1342 7
318 275 80
292 325 2
86 54 8
115 568 15
502 370 2
1209 1259 7
1076 34 53
1211 172 2
77 90 8
945 1351 2
167 535 2
1054 681 27
266 823 33
47 1506 2
1198 114 2
265 1581 8
522 42 8
860 1419 8
833 1584 28
166 479 2
171 502 8
380 519 2
681 594 10
45 729 2
33 623 2
507 1305 8
419 311 35
1056 586 2
603 104 2
392 958 3
586 524 2
1045 1255 2
98 823 31
1225 419 5
1521 908 8
1482 1199 7
904 910 84
1252 1455 2
576 1342 7
1359 537 12
384 90 8
594 531 8
1119 883 30
1052 937 8
27 796 8
468 823 33
858 1489 5
1488 1029 2
162 453 34
28 626 8
218 908 7
501 92 8
796 35 23
833 1325 5
1275 1322 13
1139 460 2
658 936 7
208 65 7
558 191 33
322 763 2
1506 611 34
228 575 2
823 116 8
1337 1199 7
990 663 57
547 165 2
617 958 5
997 594 7
1447 1407 2
1340 0 7
598 851 30
1022 1127 8
88 1283 7
638 1438 7
258 642 30
427 1581 8
1198 1375 27
410 1452 2
57 136 6
322 1086 8
322 987 2
551 33 2
451 803 2
824 1201 15
265 1070 5
846 373 6
49 1173 2
809 919 30
921 309 30
1525 961 2
45 1133 2
768 502 8
1073 1416 2
842 1359 1
48 879 2
850 620 2
1326 273 8
497 434 1
578 338 5
870 891 8
1198 930 53
910 1070 5
841 1052 2
603 1196 2
958 424 7
1525 497 2
133 958 1
720 568 7
1400 1125 7
852 279 2
570 1609 47
978 88 2
255 975 2
24 1355 2
273 1198 54
1285 732 7
594 1227 8
152 823 2
177 172 8
1112 1431 5
699 452 12
1039 1184 2
31 1073 2
1383 631 7
999 862 77
1461 241 30
371 728 8
1275 24 7
1383 923 7
1506 974 33
365 114 8
1040 1418 7
162 147 8
279 56 50
192 533 5
1135 1070 7
852 208 30
143 390 8
1359 1126 33
527 658 66
297 1325 5
593 1418 8
899 320 7
106 1173 2
320 438 6
365 384 3
1377 502 7
223 883 2
1127 936 7
42 1335 5
236 821 75
322 681 27
208 1381 7
897 1583 8
221 210 2
1444 290 2
883 1200 2
1481 533 3
80 377 7
205 1567 7
1098 1070 2
787 42 8
1008 917 8
80 273 7
796 298 8
323 449 7
307 295 2
506 891 6
1336 880 7
530 591 2
202 1037 2
1436 898 2
112 97 8
631 1266 1
503 284 6
569 1070 5
534 366 33
1221 663 8
736 1342 7
1404 1112 23
1438 291 8
527 114 8
824 875 6
291 1525 2
582 495 8
1196 796 2
999 1558 77
1179 720 7
1062 627 6
382 507 7
124 1243 5
267 603 27
1207 18 8
605 1199 7
910 546 35
147 1131 2
594 1418 7
1141 183 6
1160 1562 2
154 26 2
1119 208 30
657 880 15
371 1315 7
575 1053 2
98 761 15
380 464 2
235 1393 2
143 1482 8
1193 279 50
349 1357 2
192 519 30
940 763 7
266 596 33
858 326 8
512 546 35
210 833 2
1046 1428 75
980 1118 5
25 434 2
594 476 8
178 160 14
1214 88 5
1479 322 2
341 1515 2
290 1059 5
1304 1419 5
279 976 50
1466 1691 1
805 1062 8
558 1247 2
298 320 6
584 1236 8
593 47 8
438 739 27
349 562 23
910 1062 8
397 1475 5
96 1070 7
988 27 41
210 661 2
1087 412 5
207 158 2
1232 1221 48
1090 1015 36
158 1325 5
1479 546 2
307 1283 2
1152 390 8
702 214 75
1138 502 8
1128 929 7
997 143 7
908 321 2
1294 1296 0
1000 823 33
582 596 30
1476 1193 30
156 1062 1
1198 651 53
534 2 2
513 1481 2
279 1405 27
1424 167 7
255 1152 26
507 1550 59
292 461 1
534 890 33
488 1417 27
1211 1141 2
45 1078 2
1414 1062 7
535 138 85
148 504 2
1538 891 8
858 730 8
500 166 2
1482 1070 5
915 1335 5
9 1407 1
623 958 3
1460 64 30
934 850 1
1015 631 15
684 847 0
1556 519 35
365 233 27
395 139 3
590 741 2
618 97 8
271 1052 2
33 1196 2
933 543 2
145 586 2
88 930 5
692 908 6
586 1493 2
1160 1371 33
254 879 74
584 488 38
127 208 2
938 759 2
489 1419 8
1233 987 1
699 742 23
1382 939 7
594 1104 8
471 1584 28
1188 915 50
1391 1236 8
365 59 8
679 891 7
350 504 2
577 975 2
1155 90 8
914 233 27
341 540 2
455 504 2
1466 320 1
507 1361 0
1152 1482 8
1054 116 8
673 178 1
1017 1453 2
1166 298 8
849 596 30
804 1396 8
558 368 33
1082 259 20
1224 98 16
563 488 2
1228 1602 1
417 1152 26
301 15 77
486 1187 0
845 562 57
284 627 52
1502 934 15
338 1119 30
1351 327 2
870 1199 7
1125 671 14
112 88 3
631 1310 7
112 42 8
419 21 8
1525 1138 2
995 462 8
702 376 5
1221 1004 8
395 502 2
1019 179 8
1326 158 8
1209 461 7
172 498 2
1056 1184 6
504 834 2
736 891 7
118 392 36
527 59 8
377 178 2
1371 1567 1
176 785 2
864 265 8
784 742 77
1317 90 8
1184 239 2
35 998 2
503 540 2
148 1424 2
739 480 2
820 1118 1
720 1095 12
52 1419 8
858 47 8
1544 462 8
147 1076 2
546 1457 30
1031 1325 5
361 720 2
1351 606 35
111 338 5
309 172 8
1054 916 8
586 1375 27
1141 1004 27
944 398 2
88 1558 5
97 95 6
33 221 2
1503 908 8
945 1173 2
552 1187 0
466 183 6
380 409 2
337 1213 6
498 147 8
503 904 9
998 1499 10
907 1073 2
1 837 6
514 90 8
912 1393 2
818 1070 2
349 191 33
1250 771 2
1024 1075 2
337 778 27
756 338 5
1355 771 2
455 1424 2
192 396 30
292 856 20
1128 592 2
1025 1296 8
383 1341 30
1482 1062 8
116 90 8
851 883 30
575 1217 8
1351 685 7
824 179 15
897 116 7
625 1152 26
662 898 2
805 147 8
212 27 2
194 1252 2
395 1198 2
808 284 14
291 1536 7
1084 1359 2
898 1125 8
1232 702 48
528 590 2
279 1058 27
279 662 27
1390 1264 1
229 212 71
865 908 7
605 1070 5
318 936 8
502 200 2
284 381 2
880 1098 2
1215 392 7
573 939 15
45 335 2
292 843 2
874 75 3
338 368 30
754 1419 8
434 298 8
747 858 12
45 627 2
1526 834 8
736 249 8
581 440 30
1314 1322 13
102 1070 5
187 379 2
139 1242 2
272 603 2
1393 937 7
451 726 30
1119 781 30
1539 1062 8
1230 1325 5
582 620 2
486 1070 2
591 1046 12
575 1230 2
101 671 16
1461 464 82
380 1037 2
380 641 2
618 42 8
452 568 7
242 1257 2
28 1212 8
647 284 30
586 1042 2
1271 742 23
45 952 30
249 183 2
530 1554 0
1083 342 9
1140 1046 12
1054 66 2
902 1470 2
452 833 8
451 805 2
928 387 8
233 783 7
1537 1325 5
1191 705 5
322 506 6
127 80 8
452 1125 8
1446 1407 2
349 1439 33
202 411 2
152 642 30
1132 1583 8
1026 898 2
192 792 6
106 307 2
417 90 57
362 192 30
1287 683 0
212 947 2
980 1024 2
823 344 30
915 226 3
589 1566 5
70 1073 2
437 349 2
1088 770 2
526 905 2
1215 728 7
641 187 33
1538 1199 7
183 1139 2
1413 1396 8
292 1075 2
936 1290 5
159 1236 6
603 1026 2
626 908 8
796 156 15
208 782 30
548 281 55
535 1194 30
869 187 19
1323 284 14
889 796 20
147 287 7
1177 1581 8
1 850 6
917 1388 7
934 1418 7
381 90 8
847 112 8
128 1525 2
849 1341 30
1526 83 8
1139 1382 2
1042 1052 2
1494 452 7
1377 796 7
657 1132 0
524 192 30
148 1296 8
238 34 53
259 208 2
605 1062 8
447 1407 2
337 35 27
1341 1567 1
56 546 30
1378 1360 2
674 702 12
1349 1224 2
1166 183 8
361 988 8
575 479 2
458 823 2
579 527 7
1314 1657 5
1259 320 2
527 976 5
696 958 3
575 433 7
783 1454 2
323 789 2
1001 1046 12
323 347 7
210 259 2
510 743 5
1104 419 1
311 1371 2
1106 1046 12
1252 1217 8
393 1325 5
874 728 7
1562 1274 12
1461 1234 2
1461 838 2
621 410 57
212 368 2
88 430 7
1019 820 8
546 971 7
1227 88 59
98 553 44
283 322 31
922 596 30
1058 914 2
229 553 71
83 380 2
1333 855 3
917 1314 5
507 424 1
1326 1127 8
1476 723 30
309 917 8
1438 855 3
176 670 2
1183 1040 7
295 284 33
1429 116 7
836 1581 8
1001 1132 0
271 322 2
1506 1500 33
322 68 24
178 63 8
779 1070 5
85 1139 41
1174 365 2
1515 1196 2
937 1342 7
1146 1062 7
630 139 3
1343 594 5
713 1351 2
1461 168 20
484 1090 84
813 594 1
150 504 2
1214 1070 5
1461 1044 41
543 939 15
1185 172 8
1233 189 1
714 28 2
241 11 64
581 172 2
558 681 2
593 273 8
1029 365 2
1037 80 8
52 1325 5
796 829 2
672 1333 2
878 1396 7
203 1584 28
1228 804 1
1201 998 5
229 284 2
457 1395 2
311 1562 1
1181 1118 5
124 1125 8
42 315 50
897 730 8
671 1389 7
880 1505 7
593 101 8
212 600 2
272 1481 20
176 1168 41
1019 1156 8
547 232 2
601 1325 5
88 1454 7
88 1058 7
453 1403 19
507 1120 1
322 762 2
117 1341 30
1119 1128 8
922 1224 30
737 883 2
1393 412 5
988 675 2
502 773 2
1424 685 7
1209 59 7
759 21 8
291 380 2
530 817 8
526 782 2
813 998 1
1438 1437 8
1200 1581 8
847 1395 7
45 1200 2
738 1396 8
707 1141 2
603 1367 2
1394 1036 27
599 284 33
958 199 7
586 1391 2
222 1424 1
30 172 2
1322 399 14
1525 960 2
1287 1274 12
912 284 6
1355 594 10
834 1333 2
1245 742 57
1275 1506 7
618 620 2
392 1419 8
269 249 8
126 208 2
572 88 5
988 604 30
835 406 2
359 1090 2
907 671 2
907 275 2
988 1292 30
24 347 33
702 900 7
1160 933 2
220 620 2
891 438 6
218 0 7
1022 1161 7
1207 533 5
87 1452 2
792 210 2
208 1156 7
878 759 2
434 865 6
1371 384 3
792 502 2
519 1562 1
1082 50 41
1566 300 57
507 1456 1
1252 766 8
124 384 3
372 908 5
178 1081 6
1008 796 8
116 187 55
578 97 8
874 627 12
13 936 8
142 1118 5
1207 839 7
255 338 5
999 728 8
869 488 2
1215 1301 7
546 957 8
769 1199 8
928 947 41
941 824 6
83 33 2
880 300 2
642 881 3
1019 743 3
856 880 2
618 1024 2
1545 1396 8
1547 502 8
297 365 2
1438 462 8
452 1067 5
42 433 7
731 594 7
1176 1199 7
795 1243 7
843 322 2
858 273 8
147 568 7
1 735 6
162 823 33
1407 1111 7
462 0 5
601 880 7
365 882 2
1287 579 2
369 166 2
266 1581 8
701 898 2
1042 1333 2
1497 88 1
380 239 2
45 449 2
97 613 6
704 202 7
575 1120 2
1307 139 3
320 1305 6
597 1470 2
858 101 8
1052 662 2
457 1116 2
912 1515 2
914 882 2
337 1004 27
449 586 2
1031 488 2
97 837 6
80 848 7
558 1314 2
440 622 2
729 1325 5
101 891 8
290 766 5
548 327 1
545 914 2
548 1056 2
88 711 7
417 1424 27
501 1294 0
908 533 3
395 1424 2
334 958 3
806 694 39
1228 681 1
1463 116 8
1108 1396 8
1443 1087 2
70 671 2
87 701 2
641 891 8
1437 880 33
531 823 2
809 347 30
284 269 7
620 722 2
528 1207 8
1341 1125 8
284 607 2
1287 109 0
292 673 2
395 1252 2
451 624 30
1313 1322 13
925 0 0
176 1243 2
863 1581 8
507 1388 7
1075 34 53
821 163 1
1538 1062 8
1394 981 27
284 831 2
252 1184 27
1084 97 8
1052 1358 2
267 796 8
191 642 30
32 1199 7
739 18 8
910 275 67
33 1367 2
1506 1409 2
484 879 2
1054 63 8
34 662 38
1054 360 2
586 872 2
303 1070 5
1460 97 15
1054 355 8
228 320 6
476 349 2
912 540 2
1359 1561 2
702 449 7
1252 492 2
1026 796 2
613 172 8
1480 596 33
990 1079 57
1567 933 2
665 1070 7
126 80 8
396 546 30
234 1578 3
596 692 44
753 603 6
322 336 6
1354 1173 2
885 217 38
907 147 8
189 1139 33
419 646 68
534 99 0
761 611 1
539 739 2
207 812 1
322 396 33
86 1161 7
1341 1384 7
641 1128 2
74 1393 2
1221 852 2
281 586 27
246 546 35
1019 22 8
1110 891 8
1114 671 33
656 777 2
1215 850 7
24 1397 0
362 642 30
671 228 8
1525 1309 2
1562 753 23
1221 383 8
638 453 2
269 603 2
279 497 27
1406 93 1
869 365 2
117 535 30
1461 1437 20
569 1118 5
133 1306 1
45 667 27
999 1278 77
731 143 7
1014 1070 5
1041 1052 2
780 598 30
148 880 33
45 102 2
14 558 1
944 173 2
421 596 30
999 1210 77
211 87 78
276 167 8
1166 769 8
126 1073 2
1382 1342 7
377 172 8
119 908 6
457 373 2
365 462 8
42 1292 50
1259 510 2
1327 338 5
1252 1120 2
118 543 2
1152 287 2
1229 97 6
1133 1240 7
478 766 8
1000 1046 12
28 291 8
126 1396 8
349 282 23
939 918 8
357 958 3
1291 720 15
442 1141 2
392 1325 5
721 879 9
45 31 30
337 485 27
789 933 2
1327 603 6
34 577 40
1291 1608 46
742 99 0
1132 730 8
756 1549 2
172 677 2
1135 80 8
596 704 30
1131 45 2
1460 1166 2
12 1219 20
80 1017 7
759 189 27
322 360 2
34 905 40
322 355 8
620 375 2
540 471 2
416 975 2
131 998 67
1176 1070 5
419 424 8
1058 995 1
69 322 2
279 729 27
1215 167 7
535 47 8
58 1252 2
576 284 14
292 618 2
673 1070 5
527 462 8
45 798 2
176 792 2
443 669 76
944 869 2
1526 568 7
434 464 14
603 569 2
705 386 1
1394 238 27
1084 88 3
1502 1090 2
594 605 2
1078 1396 8
69 249 8
147 1479 2
1046 1511 74
594 163 7
45 730 2
934 174 1
599 821 2
261 1112 23
381 1236 8
1401 1070 7
1173 297 2
380 416 2
1259 846 2
999 274 5
291 139 3
928 1500 7
514 97 8
838 502 8
988 820 15
913 891 7
988 98 30
337 889 27
1082 974 30
998 441 66
101 1199 7
23 208 2
1036 739 27
238 1342 7
1215 1472 5
46 90 8
917 805 2
1164 958 3
847 345 0
183 338 5
334 474 2
446 656 2
1166 18 8
442 166 2
799 796 8
1520 1070 5
533 739 27
231 322 2
1344 242 57
233 891 8
649 1166 1
900 702 8
365 3 8
95 1070 7
1328 1102 37
438 80 7
1025 28 8
148 1152 26
845 282 57
200 1070 7
921 774 30
1221 63 7
995 851 33
988 865 2
823 85 45
434 769 8
1190 36 16
620 1295 2
434 1457 8
627 586 2
210 21 8
49 1070 2
620 189 27
641 1396 8
338 375 30
759 148 2
1396 1550 7
1141 1227 6
318 28 8
642 37 8
534 31 33
108 88 5
1209 181 7
934 1266 1
176 213 2
618 914 2
635 944 2
406 75 3
139 438 2
517 940 2
820 546 1
488 804 2
1460 796 20
419 293 66
148 1144 2
739 200 2
759 75 8
883 830 30
396 1581 8
88 986 5
86 412 5
917 1122 6
1019 1335 5
606 694 7
42 296 8
309 720 15
495 855 3
322 1081 6
923 444 2
908 1491 7
1078 249 8
1382 891 7
1459 1481 1
722 97 8
457 318 2
761 960 1
359 1207 8
309 1608 46
803 1073 2
337 206 27
923 340 2
774 1333 2
1079 284 30
1505 80 8
320 43 6
1166 646 8
1333 638 27
1082 119 81
1039 139 3
652 338 5
917 619 27
1224 1564 1
1251 771 2
457 250 2
322 1305 6
1259 90 8
390 451 30
586 66 2
386 1517 5
634 1 6
598 167 8
1110 1199 7
323 518 7
453 606 2
36 1118 5
883 863 7
1315 1072 52
1104 590 1
1254 908 8
559 796 2
1052 83 8
894 936 7
664 796 2
347 172 8
586 68 24
1215 1491 7
67 99 0
1326 929 7
1317 178 1
140 1062 5
463 212 71
506 1184 6
143 412 5
406 392 7
1090 436 2
654 380 2
12 804 20
279 778 27
1445 824 23
897 101 8
192 591 2
988 1169 39
514 883 33
390 93 1
1106 118 2
980 147 8
507 199 1
1476 102 30
847 250 7
939 273 6
292 563 2
1054 1337 2
928 929 7
55 1581 8
421 1341 30
993 434 2
434 18 8
692 57 6
1230 212 55
1322 1550 8
620 148 2
603 514 2
1394 183 27
494 474 2
139 1358 2
835 1224 2
127 1252 2
599 474 2
616 504 2
373 440 7
1284 1351 2
737 249 8
648 1184 6
205 1127 77
944 350 2
33 569 2
806 1609 47
514 88 3
24 209 2
903 739 27
498 495 8
519 671 30
498 891 8
1047 172 2
1377 1199 7
97 735 6
1207 1059 5
32 671 2
772 1 77
253 42 8
586 762 2
337 834 27
362 1581 8
1082 919 30
192 293 0
1166 627 39
1359 775 12
623 1325 5
1321 284 6
696 1419 8
1372 1207 7
917 750 2
1505 1396 8
669 1259 32
908 52 7
205 265 7
723 90 8
361 80 8
1354 771 2
334 419 2
1037 147 8
759 101 26
546 1447 1
1082 851 30
1454 451 2
193 1287 57
213 669 2
1223 1152 26
1316 939 15
228 958 3
557 908 7
322 1059 7
671 1606 2
787 594 7
307 1284 2
1536 855 5
1172 1325 5
593 272 8
1338 917 2
1333 1384 8
1371 1194 30
1474 24 2
297 908 6
880 1176 7
555 172 8
258 192 30
1326 1161 7
1438 1384 8
1476 1194 30
1446 1351 2
1198 360 2
1317 33 27
1536 43 52
921 255 30
166 829 2
278 178 1
1359 81 10
1424 798 2
1458 939 15
528 998 29
1437 0 7
1283 1407 2
606 24 1
1221 273 8
1438 1212 8
1056 57 6
1397 1325 7
323 32 8
176 158 2
505 883 2
150 1371 2
466 1227 6
1270 831 1
999 876 77
729 1207 8
1295 914 2
276 1395 7
1184 3 8
522 908 8
101 1070 5
1184 300 2
1184 341 3
739 244 8
479 51 7
161 728 8
501 838 8
1527 97 8
945 249 8
1383 915 2
1265 1 6
779 891 6
234 1097 7
277 90 8
205 444 77
126 671 2
162 139 3
495 462 8
452 1307 13
1114 594 10
307 1268 5
998 1014 66
233 1199 7
882 1152 26
1364 504 2
1313 434 14
1009 1342 7
928 47 8
82 178 1
1364 796 2
322 1337 2
1228 1603 1
97 462 8
1391 1461 8
334 1112 23
677 1141 2
1006 1470 2
1454 1371 2
546 805 2
307 309 2
447 1351 2
377 1102 5
1210 824 7
547 1031 2
1252 937 8
530 1001 2
1221 1078 2
535 925 2
178 856 6
620 101 26
139 536 30
387 139 5
759 497 2
919 172 8
1053 1070 5
526 920 1
66 739 27
1407 1244 36
651 1593 38
796 244 8
1264 311 35
759 393 2
1565 210 2
1124 90 8
49 1351 2
1428 1070 2
928 722 41
158 908 6
759 325 2
779 88 3
941 891 6
338 743 5
658 338 3
176 390 2
1087 743 3
869 883 2
1139 347 16
1437 251 33
466 252 6
945 858 12
30 575 2
315 596 30
772 1325 77
625 908 8
1171 1342 7
147 1077 2
930 337 38
1394 128 27
588 1453 2
1103 244 8
944 399 2
599 419 2
1037 1184 2
419 1554 66
507 112 8
510 119 8
1303 338 3
939 46 6
1506 556 2
1397 178 7
33 514 2
1272 1581 8
933 1418 7
1372 824 7
24 550 2
276 685 8
65 1207 5
780 534 1
586 707 2
1024 1076 2
546 1122 6
228 739 27
341 1461 2
301 1400 77
1364 1424 2
558 401 2
28 855 3
570 502 8
546 1100 1
234 387 8
1125 936 7
1351 686 7
1391 90 8
546 1491 7
80 1311 7
61 1424 1
998 833 7
891 75 48
990 554 57
83 504 2
88 486 7
1321 57 6
880 1563 2
581 507 8
1212 891 8
286 1118 1
1215 65 7
868 1457 2
1562 1291 33
74 540 2
153 1112 57
88 1174 7
988 463 2
641 1062 8
265 1236 52
787 908 8
1525 1417 27
602 1325 5
1336 143 7
620 893 2
747 596 33
1215 393 7
737 603 2
502 889 2
54 988 2
834 846 6
17 432 15
531 530 2
1287 1446 2
45 628 2
847 427 7
1287 666 12
603 399 2
1394 68 27
498 1199 7
939 1138 6
1377 1070 5
1337 251 55
498 1141 2
1376 809 1
1526 1127 8
958 315 7
1383 590 7
284 606 2
722 1371 2
1394 360 27
387 90 7
1052 1133 2
713 1407 2
284 1388 14
465 1315 7
128 898 2
128 502 2
20 1556 7
988 324 30
22 208 2
270 249 8
170 279 30
484 586 2
3 1062 7
805 1199 7
1247 397 2
659 1325 5
338 298 7
64 381 30
1024 393 2
349 552 2
796 1177 2
520 847 0
28 1437 8
88 1578 7
322 903 6
810 249 8
454 97 8
126 147 8
939 65 8
325 1424 2
1024 325 2
774 759 2
1453 991 2
247 90 8
86 878 2
410 1283 2
768 406 2
384 338 5
530 550 2
418 1173 1
596 573 15
1502 880 15
921 1292 30
489 338 5
88 199 7
284 865 52
1110 1062 8
889 88 2
898 47 8
995 116 8
869 208 2
824 438 6
292 1076 2
880 119 8
586 269 20
739 890 2
0 1310 5
172 881 3
267 166 27
409 1024 2
338 893 30
796 937 5
740 1322 13
1461 536 30
759 265 8
1390 118 1
1184 581 2
1193 936 8
226 642 30
631 1125 8
642 533 3
1536 355 7
1490 90 1
233 1070 5
261 590 2
170 1371 30
1506 209 2
498 139 3
928 355 7
1466 962 1
1054 1550 8
586 360 2
898 1417 27
598 65 8
982 1187 5
1487 1396 8
15 135 2
118 714 2
923 561 8
900 1525 2
501 32 8
1082 483 15
98 1342 7
173 1341 30
919 917 8
1082 833 20
208 1509 1
335 891 8
43 338 5
419 1245 37
1207 881 5
1082 53 30
457 471 8
284 994 5
124 102 8
139 421 30
1444 809 2
548 484 2
671 704 2
1407 533 5
1553 1141 2
796 129 8
501 1014 0
809 531 30
185 488 27
1054 902 1
80 792 7
1476 396 30
1294 1187 0
1132 437 8
620 150 2
1215 46 7
1177 1141 27
406 910 7
637 474 75
1058 1166 1
261 419 67
279 900 27
192 713 2
519 526 7
318 739 80
292 393 2
502 834 2
1303 308 7
524 1184 2
601 1296 7
205 347 14
205 1421 77
1461 1456 30
1394 409 27
253 1507 1
1397 1215 7
505 80 8
1110 1419 5
1394 701 27
163 1296 8
365 1230 2
291 1324 39
292 716 8
1052 1078 2
1458 761 15
335 88 5
1174 1054 2
1055 90 7
719 97 8
1461 111 15
1180 249 8
1054 179 8
153 93 2
1287 888 23
24 727 2
322 228 6
939 1389 8
406 658 0
941 495 8
914 834 2
24 53 34
1325 855 5
51 390 30
805 1581 8
1090 1206 36
303 1118 5
343 1396 8
1359 554 23
661 796 2
520 0 0
849 883 30
45 830 30
1030 488 2
804 891 8
454 42 8
759 223 26
718 720 15
383 208 30
152 192 30
233 1062 8
406 1314 7
540 1338 2
363 440 35
1152 1305 8
925 998 29
819 90 8
88 1455 7
908 881 3
139 513 26
582 823 30
419 1583 8
1481 369 3
718 594 10
97 226 3
1397 1187 0
322 1550 8
1163 1152 26
823 794 71
1502 1187 0
1336 320 7
1525 737 2
1373 1325 5
1215 570 7
535 747 2
55 45 2
623 1207 8
172 92 8
1394 1037 27
1153 1342 7
270 603 2
938 1054 2
208 1124 30
919 1517 1
505 1396 8
694 543 1
982 908 5
518 936 8
928 346 2
64 730 30
601 883 2
1039 1252 2
33 112 2
1166 197 8
160 205 14
928 638 2
760 1184 5
1087 1335 5
1382 1062 7
598 114 8
723 908 8
982 1132 5
98 995 7
173 598 30
1158 355 8
42 341 3
759 1578 5
670 1342 7
1461 852 2
805 502 8
527 1214 5
320 506 6
439 1227 7
907 891 8
167 904 9
1506 1201 15
440 287 2
878 1052 2
104 172 2
1565 504 2
546 1381 7
124 47 8
676 1073 2
139 366 30
921 1177 30
1210 1342 7
978 1024 2
200 208 2
535 1443 2
1315 1342 7
1123 90 8
300 1333 2
322 179 8
1019 766 8
415 527 7
1525 619 27
1022 116 8
1144 92 8
406 563 7
897 272 8
995 1377 8
1052 1004 27
161 1213 7
603 854 27
535 163 8
267 739 27
452 1068 5
45 226 2
759 843 2
164 1396 8
147 929 7
1183 590 7
177 936 8
1459 535 30
117 883 30
531 24 2
855 33 2
500 917 2
1127 1102 5
603 289 2
999 1626 77
90 855 5
1052 335 2
227 1062 1
720 390 8
1103 1578 5
292 265 8
45 450 2
1193 451 50
1246 439 57
35 1082 23
126 1525 2
39 507 49
983 720 15
719 42 8
1024 223 26
575 1121 2
122 739 27
143 1550 8
501 277 8
1258 1424 2
192 983 30
983 1608 46
138 694 7
440 650 1
670 990 37
255 292 2
745 546 35
760 501 5
648 891 6
1468 928 7
674 349 2
112 596 7
1102 238 57
205 436 7
1274 113 75
1140 821 2
917 916 8
913 147 7
1247 883 33
334 590 2
278 596 14
34 1029 40
686 90 8
87 770 2
1565 1424 2
917 848 8
947 546 35
1424 513 26
1406 845 1
535 468 2
642 1491 7
1272 1072 5
973 1525 2
205 1389 8
988 981 2
308 424 2
420 210 2
1239 80 8
620 723 2
1337 1581 8
999 384 3
1453 417 2
1502 1132 0
1554 883 33
530 75 8
1211 917 2
698 1325 5
917 1458 20
475 739 27
33 1436 2
479 1224 33
1458 284 30
385 936 8
119 57 6
1298 97 7
116 603 6
53 1207 8
1055 371 7
999 943 77
26 78 2
1152 1389 7
610 891 8
694 1321 2
720 1310 8
702 518 7
1188 88 3
249 770 2
1193 1371 50
1212 1070 5
784 510 77
249 1161 8
1383 1040 7
1317 1070 5
804 1199 7
46 88 3
1354 858 12
1468 1556 7
249 743 3
46 42 8
565 1333 2
338 1212 7
223 208 2
1451 1062 7
85 824 2
383 781 30
308 1120 2
207 854 2
569 147 8
1215 919 7
547 806 2
1215 1315 7
1252 1108 8
880 22 2
631 1055 1
27 1371 30
759 272 2
671 297 8
1128 63 8
526 736 2
642 458 2
292 223 26
80 390 7
1120 28 8
1506 286 15
1128 355 8
252 1152 26
357 1325 5
546 1200 2
117 208 30
858 1161 7
889 210 2
1239 1396 8
406 508 7
1210 823 7
686 51 5
406 112 7
1100 284 33
530 1000 2
926 97 15
1341 47 8
880 246 2
1407 833 7
168 1190 33
279 498 27
12 524 20
1184 433 7
1554 596 33
941 1062 6
1160 139 5
1160 1351 2
876 147 8
387 908 7
864 437 8
736 1396 8
269 891 8
172 957 8
592 97 6
1179 45 7
1196 908 8
841 1396 8
1550 90 8
138 24 1
406 377 8
147 852 2
1400 163 7
1287 129 2
0 99 0
718 874 2
876 1187 5
671 851 30
944 70 2
33 289 2
692 1 6
907 1199 7
1082 347 30
1300 1564 5
0 1197 2
290 384 5
424 845 1
558 572 2
1140 474 2
88 293 0
189 1 6
68 934 63
840 1139 30
575 1389 8
632 1424 1
1228 403 1
563 1184 2
322 429 2
987 1228 1
878 891 7
1474 208 2
1442 24 1
530 1404 2
1252 75 3
671 1321 8
1214 1199 7
880 942 2
346 172 8
988 238 2
1447 742 23
200 1073 2
253 338 5
759 1583 8
285 995 1
581 284 30
743 1342 7
1215 168 7
848 1342 7
1296 1243 7
1526 929 7
980 495 8
502 664 2
616 1024 2
1525 231 2
868 1456 2
1144 329 35
292 911 2
584 671 16
1438 932 8
494 530 2
348 697 1
738 891 8
761 855 3
841 322 2
284 777 2
721 210 27
1141 136 6
377 1562 2
1210 1325 5
1527 1128 8
1101 1285 5
1298 42 7
1173 274 12
24 637 12
191 192 30
530 244 8
166 773 2
1174 488 2
656 309 14
292 838 8
1287 1445 2
187 606 35
1054 743 3
117 1562 1
88 651 5
28 1384 8
595 1470 2
699 1581 8
849 781 30
197 1118 5
596 706 44
263 284 33
1322 1335 5
468 958 3
1258 1236 8
1024 168 2
774 998 2
1029 488 2
903 80 7
1025 97 8
905 1342 7
1450 1515 2
673 1024 2
1199 412 5
1463 1550 8
681 1351 2
1300 417 5
778 1024 2
558 381 33
1324 909 1
846 735 6
995 355 8
1006 1581 8
880 1570 2
402 1342 7
410 1454 2
1413 1199 7
1057 1280 5
315 90 8
1209 250 7
534 747 2
486 1132 0
1210 80 7
1079 86 7
546 848 8
530 653 2
29 1325 5
591 1132 0
139 1004 27
995 183 8
45 681 27
1424 808 7
1209 578 7
172 219 2
1051 527 1
934 1267 1
267 337 27
1314 466 2
768 796 8
1283 1359 2
606 809 2
1461 311 30
630 958 3
501 1213 7
1364 1152 26
1394 1555 27
933 1310 7
557 958 5
804 1070 5
34 1596 38
539 546 30
977 349 2
365 773 2
915 911 31
472 1306 1
263 24 2
478 92 8
279 418 50
876 1132 5
307 911 31
1025 1090 2
102 824 6
457 715 2
1110 739 67
18 908 8
276 743 3
1300 1509 5
593 1420 8
596 716 8
338 1097 7
817 88 3
1252 1457 8
702 1315 7
590 102 8
1140 419 2
915 657 2
320 336 6
349 1247 2
755 90 1
226 1184 2
728 990 5
440 76 1
541 891 7
92 292 2
1225 1070 2
1359 360 2
904 745 84
1566 986 12
898 1310 8
744 1447 1
1058 338 5
1458 1556 2
976 700 32
642 1135 2
1221 1030 2
286 546 1
307 1345 2
234 39 8
548 551 2
83 620 2
997 205 7
1031 702 8
419 730 8
274 353 5
936 159 5
1561 936 7
535 1183 85
88 894 7
165 1525 2
1108 891 8
988 183 2
427 796 8
84 1296 2
491 139 5
543 28 2
70 11 64
117 781 30
775 821 75
1541 742 2
600 908 6
877 1073 2
406 685 7
176 1156 7
747 1359 2
502 609 2
292 168 2
534 952 33
297 488 2
1013 1014 0
59 1419 8
1547 917 8
620 545 2
838 958 3
973 999 19
1397 594 7
374 742 23
1055 307 2
255 586 2
337 903 27
499 1087 2
488 619 27
161 101 8
325 1152 26
45 676 2
505 147 8
227 1184 1
118 1243 7
269 1396 8
88 304 5
1141 1148 2
1040 1097 7
825 908 8
558 537 12
1467 933 1
20 880 7
488 54 2
796 1069 2
591 1112 23
586 763 2
359 530 2
452 484 74
193 1356 57
457 1239 2
1166 232 39
897 929 7
290 957 5
1252 383 2
338 18 7
1483 453 2
1128 1337 2
905 1333 2
208 350 2
1289 720 15
1025 42 8
88 1298 7
346 917 8
371 167 8
322 623 6
920 883 14
804 1062 8
11 784 19
584 1252 40
127 139 3
325 1144 2
1010 891 7
350 97 8
824 820 15
437 534 2
598 1194 30
1527 338 5
207 348 2
406 1381 7
637 904 74
895 958 3
536 1073 2
249 1335 5
980 1141 2
995 259 7
872 739 27
57 83 6
939 533 5
1214 502 8
847 1239 7
1084 397 2
738 1199 7
841 671 2
603 1211 2
1341 852 8
284 1126 2
369 739 27
751 28 2
1562 579 2
1081 1393 2
544 1082 30
69 891 8
1184 369 2
671 119 8
1525 804 2
530 197 8
166 1122 2
109 1070 5
594 805 7
1549 125 2
739 214 2
535 855 3
1174 1525 2
89 1325 5
1326 116 8
372 1342 7
140 1024 2
1515 854 27
603 1039 2
958 663 7
1307 958 3
161 1125 8
689 1152 26
1322 863 14
694 714 1
880 63 8
1160 1173 2
494 284 33
1037 453 2
143 743 3
478 37 8
779 1184 6
1253 1359 2
907 739 2
90 226 5
558 1126 33
192 1214 0
897 1161 7
1252 1011 2
829 139 3
768 93 1
1040 387 8
1413 1070 5
98 1062 7
489 42 8
1449 917 2
590 47 8
880 50 41
575 533 3
1518 1070 5
126 891 8
1052 75 3
440 458 2
744 1100 1
1371 114 8
299 1382 2
271 1070 5
889 504 2
631 1281 1
1001 1112 23
623 908 6
124 114 8
210 663 8
1209 531 7
404 1224 2
410 424 2
642 684 2
550 1070 2
1106 1112 23
1449 1141 2
57 1399 6
1221 929 7
200 671 2
868 726 2
1506 1200 15
641 1224 33
434 32 8
322 980 3
1103 21 8
929 1187 0
1081 80 7
1087 766 8
759 722 2
800 1325 5
395 796 2
1424 1381 7
905 1325 5
957 1240 59
289 502 2
507 1161 59
616 914 2
139 616 2
45 689 2
847 92 7
359 1562 2
118 1415 37
772 1326 77
1076 322 2
127 1198 2
1393 1337 2
1078 891 8
605 1438 7
393 702 8
1489 90 1
43 88 3
739 1457 8
155 1296 8
24 155 2
320 1081 6
179 1118 5
261 998 29
988 1491 5
432 809 1
34 498 38
478 957 8
598 855 3
148 42 8
24 447 2
1024 1077 2
923 518 2
880 903 1
1155 97 8
922 620 2
1037 139 3
573 249 8
440 398 2
80 875 6
851 781 30
88 1243 7
1108 1199 7
1082 454 41
350 88 3
853 1285 5
546 1388 7
42 36 50
13 97 8
322 947 2
1213 1199 7
1184 1210 57
1415 1280 57
997 90 7
778 914 2
1407 881 5
479 1070 5
172 1196 2
1215 462 7
995 450 33
399 823 16
988 464 2
71 1087 2
1449 166 2
281 26 27
308 199 2
297 1525 2
1429 929 7
922 1341 30
655 90 8
1262 139 5
1443 824 23
292 449 2
31 823 31
721 504 27
284 675 2
1081 1396 7
341 1118 5
178 777 2
397 250 1
507 1502 2
535 462 8
1447 453 34
1209 72 7
514 397 2
847 1116 7
864 1583 8
33 1211 2
42 1129 7
434 983 14
24 1247 2
1404 284 33
1317 97 8
752 936 8
720 793 8
1124 1341 30
252 1252 27
582 914 2
192 1094 30
401 1396 8
144 936 8
64 450 30
1472 1280 57
1185 917 8
1375 1199 7
780 1151 21
457 1520 2
1042 322 2
1480 1087 2
998 1156 5
598 1437 8
276 3 8
276 341 3
253 908 8
900 898 2
665 1184 2
1158 471 8
1247 702 12
1126 940 2
742 1268 5
670 1062 7
900 1581 8
783 1120 2
879 1516 2
421 178 1
503 1118 5
1371 59 8
594 384 5
774 1052 2
276 1335 5
69 1199 7
328 1062 8
69 1141 2
530 1439 33
1221 524 2
1210 702 7
979 1024 2
106 598 30
833 1132 7
1554 702 12
1156 338 5
724 1488 7
1322 1217 8
824 1127 6
279 273 27
877 1062 8
763 702 8
533 958 3
1184 1338 2
721 1424 27
411 936 8
530 444 23
1341 114 8
1438 183 8
1552 147 8
1151 684 0
125 1325 5
609 1073 2
30 917 2
115 704 1
594 1310 7
385 28 8
155 558 2
1460 535 30
510 65 8
154 210 2
274 821 75
106 1073 2
26 1169 2
936 1021 2
143 937 7
1109 739 67
501 101 8
944 241 2
34 1496 2
1565 1152 26
609 1396 8
899 908 7
575 841 2
915 514 1
349 1541 2
126 1199 7
1264 1002 2
259 502 2
546 1114 1
598 462 8
193 558 57
350 1371 2
1024 1418 2
231 1141 2
925 1371 33
1109 275 67
709 1322 13
596 838 8
575 773 2
584 1128 8
176 1006 41
419 1246 37
1403 958 5
890 1371 2
322 600 2
769 846 6
878 1062 7
596 840 30
695 958 3
1224 417 2
192 111 6
897 355 7
550 1351 2
530 1191 12
902 1112 8
433 1199 7
593 163 8
1014 502 8
69 166 2
12 1391 20
527 270 1
847 441 7
869 1525 2
168 1393 2
1259 338 5
1087 1298 7
915 1500 30
1084 883 33
273 1393 2
1078 1199 7
1551 1562 4
702 801 10
307 1500 30
619 936 8
1461 1457 30
252 1236 6
1506 1256 7
1252 513 26
738 1062 8
408 147 8
145 546 2
732 453 2
268 1396 8
729 702 8
1000 1132 0
1112 1268 5
290 39 8
290 435 8
796 1295 2
361 276 2
782 178 1
91 172 5
1039 917 2
1207 1578 5
126 166 2
1108 1070 5
119 1 6
923 1091 2
530 1105 0
337 373 6
479 212 2
1213 1070 5
565 365 2
694 577 2
1152 983 2
217 540 2
338 244 7
1250 858 12
230 279 33
917 873 2
1152 937 7
244 97 8
126 139 3
108 891 8
527 99 66
543 904 58
915 200 2
1421 338 5
143 1335 5
915 533 3
790 1296 8
334 998 29
540 233 27
894 26 2
1020 172 8
307 492 2
330 1581 8
641 1199 7
641 1141 2
1211 1333 2
1128 471 8
118 311 35
1322 37 7
646 249 8
761 1384 8
399 488 2
1077 1525 2
49 858 12
30 739 27
279 218 27
83 90 8
160 284 2
1545 1062 8
958 189 27
251 309 16
926 908 1
421 781 30
28 1418 7
952 28 2
315 883 30
1184 423 2
273 642 2
734 344 2
647 823 30
118 436 2
601 546 7
507 3 8
470 944 2
507 341 3
1158 424 8
502 1392 30
784 858 77
1336 419 5
1251 1407 2
457 94 2
806 1252 2
844 1453 30
109 124 1
202 909 1
32 502 8
329 908 7
118 614 7
139 831 30
1152 3 8
849 631 15
1047 553 44
796 148 2
1140 590 2
808 249 8
999 366 1
80 910 7
1019 881 3
1087 1246 37
546 1283 1
437 1342 7
210 498 2
569 495 8
1443 821 2
1307 1236 6
654 620 2
419 568 7
1561 419 7
671 1437 8
433 1581 8
1447 397 2
736 1525 2
641 166 2
541 540 2
82 88 3
289 796 2
1108 1062 8
524 1198 2
277 702 12
279 158 27
1224 685 8
1184 1223 2
406 460 7
419 833 8
419 437 8
192 263 2
1380 187 41
1081 540 2
848 1062 7
1174 380 2
1547 796 8
166 269 2
1082 370 2
466 817 1
681 1118 5
1054 1405 2
689 338 5
1025 1187 0
999 1627 77
474 487 1
380 601 2
143 1578 7
191 697 14
162 958 3
345 1400 2
915 95 21
161 272 8
1052 628 2
931 936 7
380 533 2
518 1070 5
1252 1491 7
218 995 1
1505 1199 7
1355 1359 2
33 1033 2
922 914 2
747 88 3
1520 147 8
371 114 8
320 1203 6
1030 210 2
923 1140 2
1054 21 8
1207 1523 5
657 0 0
1233 428 1
228 365 2
783 390 2
314 914 2
1350 534 1
139 1459 30
531 642 30
903 34 53
636 1190 41
593 116 8
238 1396 8
371 384 3
774 322 2
244 42 8
492 858 10
208 417 2
502 986 41
792 1424 2
1010 1062 7
915 140 8
199 453 2
35 1070 5
438 535 2
1106 590 2
1197 936 48
737 1190 2
192 1355 2
891 355 8
1407 392 36
624 1173 1
289 1424 2
298 1342 7
292 1035 2
753 97 6
999 47 8
211 90 8
1517 876 57
1526 1381 7
915 1518 0
1221 54 2
631 355 7
1446 453 34
170 891 7
871 1199 8
462 990 5
1209 298 7
12 189 20
86 1384 8
466 1399 6
986 1525 40
609 671 2
1489 1700 1
1264 1245 37
864 102 8
1001 0 0
606 879 7
145 1515 2
279 805 2
713 883 33
731 205 7
663 1264 5
575 1004 27
1233 1124 1
1039 1198 2
108 1199 7
440 1279 1
917 1176 7
279 138 50
334 1287 2
359 933 2
128 917 2
694 206 39
702 789 2
457 39 2
699 823 33
457 435 2
915 841 2
1481 1238 33
823 831 2
229 823 2
210 219 2
1487 891 8
1024 516 2
337 219 27
1111 739 67
579 419 7
459 1296 8
455 527 7
238 322 2
713 88 3
205 1357 7
6 1322 13
681 1407 2
279 362 50
879 909 1
677 917 2
1028 488 2
1306 226 5
80 459 7
80 63 7
657 1371 33
744 1271 1
598 226 3
208 1395 7
454 908 8
643 824 6
307 377 2
559 908 8
1315 1481 52
377 1566 5
1237 891 8
1087 614 2
1221 808 7
1215 1212 7
880 711 2
880 315 2
410 199 2
80 391 7
1087 568 7
1340 934 7
958 101 26
526 1029 2
586 856 20
297 380 2
427 958 3
1391 1070 5
1476 287 30
1110 1581 8
506 1342 7
614 958 1
655 1236 8
417 279 27
1555 88 2
199 139 3
880 247 2
1439 208 2
782 1341 30
1087 937 8
124 441 66
880 539 2
1424 1156 7
1052 513 26
279 395 27
1081 147 7
252 880 1
1054 1058 2
601 1187 7
45 464 2
864 730 8
1199 421 2
1177 172 27
603 235 2
867 80 8
872 796 8
365 829 2
858 116 8
1052 677 2
1078 1062 8
916 406 22
337 623 27
45 584 53
276 1217 8
1287 818 2
1037 1252 2
20 308 7
192 241 30
221 1152 26
266 118 2
704 883 2
590 523 2
320 856 6
1457 1517 1
1207 1176 5
544 1151 21
371 59 8
1028 1184 2
988 160 30
337 555 27
502 258 30
1056 936 8
1409 453 35
1166 348 39
1161 936 8
783 335 2
905 365 2
1152 873 2
796 325 2
479 97 8
1261 908 8
361 139 3
343 891 8
796 716 8
205 674 7
898 929 7
1371 855 3
311 1507 12
556 88 2
447 147 8
809 362 30
540 833 2
642 1483 2
1215 633 7
192 1404 2
207 464 2
1044 380 40
1313 1342 7
981 1141 2
176 1550 2
197 147 8
620 961 2
912 1118 5
1525 628 2
530 21 8
721 279 27
494 1287 2
1215 461 7
632 1062 8
922 1461 41
270 166 2
409 172 2
292 516 2
292 912 2
599 1287 2
1525 524 2
737 1062 8
526 278 2
498 917 2
279 458 2
478 1491 7
505 208 2
154 1424 2
1400 792 7
1139 1439 16
999 201 77
139 104 2
602 434 2
24 1314 2
163 1419 8
554 97 15
1176 796 8
1262 908 7
505 891 8
829 1296 8
290 265 8
1172 702 8
820 936 8
1252 1004 27
934 1197 2
455 603 6
581 1052 2
527 193 5
392 1207 8
558 1561 2
440 828 1
609 147 8
502 1282 30
761 293 0
452 929 7
143 813 8
598 1212 8
325 97 6
917 56 33
1144 1097 7
272 251 55
1215 163 5
51 513 30
1252 335 2
438 488 2
628 1166 1
1252 726 8
563 210 2
383 761 15
82 1024 2
1253 1407 2
349 236 12
540 1169 2
563 502 2
1140 284 33
1120 42 8
1414 1070 5
233 1581 8
981 1062 6
761 850 1
720 1004 1
210 487 8
61 809 1
1040 39 8
307 718 2
809 1282 30
1461 675 2
1304 1556 7
417 292 27
305 1252 2
1128 743 3
939 881 5
988 1555 2
971 1525 2
535 556 85
934 573 15
1237 80 8
1447 883 33
81 307 33
1549 541 2
524 796 2
514 1264 2
988 1550 8
1122 1236 8
981 166 2
1445 821 2
941 320 6
251 1291 16
416 586 2
273 540 2
1080 1393 2
759 437 8
68 891 8
838 1584 28
164 891 8
292 229 2
888 631 15
1306 1097 7
945 1359 2
1461 604 30
45 409 2
176 403 2
213 1070 5
143 1217 8
34 1597 38
944 480 2
406 719 8
1270 1472 1
577 1393 2
437 1139 30
276 433 7
1130 1118 1
362 1419 8
1171 1396 8
298 1325 5
1487 1199 7
155 1062 3
1180 1396 8
581 1342 7
1287 367 2
205 793 77
33 235 2
1166 716 8
344 1054 7
830 502 2
575 616 2
337 1227 6
661 1236 6
712 147 8
323 110 5
563 1198 2
337 500 27
337 104 27
238 603 2
337 792 27
1566 888 57
671 1340 2
917 119 8
1357 1359 2
438 1070 7
1087 1472 37
575 881 3
1266 958 3
1221 1391 2
551 1024 2
1156 97 8
1144 387 8
923 957 8
1371 462 8
432 1581 8
1261 97 8
1553 917 2
1242 1393 2
457 1227 8
880 159 1
368 642 30
1221 1381 7
886 1236 8
419 1127 8
36 598 30
535 359 2
1313 891 7
759 1138 2
205 155 7
524 1424 2
35 1609 47
205 983 14
638 1342 7
1177 917 27
79 1322 13
1215 114 7
124 1014 66
292 565 2
1046 749 5
1525 177 2
1394 545 27
656 31 14
847 148 7
292 857 2
1174 898 2
26 638 27
599 452 12
45 1037 2
45 641 2
315 1341 30
507 1217 8
1526 848 8
323 910 5
36 1073 2
284 723 2
726 1536 7
1184 65 8
1233 722 1
923 1388 7
594 839 8
337 1196 27
777 1118 5
178 424 8
1029 210 2
594 1131 8
1188 546 50
502 539 30
960 1341 30
558 1226 12
154 1296 8
478 1305 8
502 114 39
796 1362 2
1481 1505 7
1497 936 8
596 652 44
145 936 8
42 160 50
1179 251 71
724 883 30
369 1371 30
1247 118 2
447 397 2
64 102 30
1024 114 2
108 1062 8
107 1128 8
1000 590 2
205 1247 7
437 535 2
322 957 7
540 1510 2
442 796 8
325 307 7
763 1072 7
438 365 2
322 189 27
1212 1199 7
1324 751 1
1215 1206 7
978 172 2
1450 1393 2
535 591 2
207 1037 2
185 1184 27
409 917 2
441 502 8
344 172 8
928 60 41
526 627 2
292 1553 2
323 102 8
1445 474 2
534 297 2
620 1242 2
291 908 8
720 485 1
1553 166 2
84 510 2
406 3 7
1087 436 2
639 535 2
686 338 5
214 1566 5
739 611 2
37 824 6
505 1199 7
162 1112 23
1184 662 2
514 1141 2
136 1236 52
159 26 2
143 433 7
603 1436 2
1177 166 27
151 90 8
527 18 8
139 677 2
1397 308 7
228 908 6
505 1073 2
703 1070 7
999 1462 77
161 1418 8
823 787 7
1264 848 7
1298 908 7
138 202 7
64 1194 30
856 936 8
575 269 2
1506 222 2
1166 265 8
772 923 77
267 212 55
502 1459 30
590 116 8
823 719 7
1382 1526 7
858 754 5
772 1215 77
457 557 2
1304 739 5
1024 1138 2
445 847 2
192 1210 6
1201 452 5
1240 1310 7
726 1224 30
163 1325 5
903 1342 7
192 780 21
80 685 7
816 90 8
56 1166 1
1351 690 2
1261 88 3
1568 26 2
1463 21 8
694 267 55
697 1305 14
911 796 8
1261 42 8
1439 502 2
411 1461 2
139 830 30
897 75 7
845 753 57
671 1212 8
1371 513 30
880 437 2
279 689 27
147 949 41
958 223 26
164 1199 7
821 1000 5
297 898 2
1019 834 8
1173 1554 0
574 546 35
734 919 2
1075 958 2
880 765 2
1184 1389 8
83 97 8
30 1333 2
1155 338 5
880 1156 8
1487 1070 5
1341 462 8
1141 95 6
739 1135 2
500 739 27
274 904 74
205 464 14
796 1578 5
671 750 30
507 433 7
13 338 5
1453 226 3
1397 936 7
419 960 35
1127 1566 5
323 459 5
933 1384 7
505 139 3
999 91 77
161 47 8
1037 1082 2
25 742 2
374 596 33
1306 40 8
380 704 2
1193 915 50
891 1203 6
1152 433 7
495 1384 8
1481 1554 7
1160 90 8
915 1299 2
449 1515 2
558 775 12
286 97 15
9 1342 7
179 631 15
1383 917 8
1233 203 1
1371 770 7
337 677 27
1164 908 8
1479 166 2
570 796 8
596 1292 30
849 208 30
1447 1264 2
879 889 2
1451 944 2
1188 1396 7
981 322 11
539 284 2
974 700 32
350 434 14
1215 359 7
874 59 7
647 322 2
988 757 2
111 284 14
575 75 3
57 321 6
1080 284 6
1438 1227 8
514 466 2
70 694 7
323 47 8
65 824 7
1445 419 2
273 34 53
999 114 8
1562 129 2
534 254 12
190 488 2
292 1138 2
603 1449 2
603 1053 2
671 881 5
439 983 30
739 160 2
171 1342 7
702 280 5
303 495 8
656 1292 14
915 1225 0
1284 883 33
836 958 3
971 999 19
192 1455 30
1400 1310 7
999 1115 77
586 1405 2
139 226 2
1407 543 2
1383 1572 7
272 1581 8
720 1086 8
1052 1381 7
679 1199 7
1510 365 2
730 24 2
507 119 8
266 1264 2
279 309 50
64 347 30
371 855 3
1372 143 7
1374 1451 2
739 485 30
1359 983 33
440 1346 1
282 1465 5
301 323 77
1247 1087 2
1487 1062 8
322 101 26
29 80 8
898 1375 27
176 379 41
742 489 15
86 1298 7
344 917 8
879 684 1
934 39 8
962 293 0
546 373 6
1025 908 8
744 650 1
1460 279 2
915 881 3
284 1227 52
551 914 2
944 272 31
1570 936 8
978 1141 2
476 1139 30
1203 1236 6
307 840 2
190 1184 2
1446 883 33
1019 533 3
192 155 2
1166 1578 5
1198 189 27
1424 1395 7
1019 487 8
869 210 2
1219 1396 8
1554 1087 2
770 139 3
736 1199 7
993 97 8
869 502 2
869 898 2
185 796 2
1278 1090 1
411 546 2
841 1199 7
440 1101 10
1445 1112 23
695 1325 5
83 88 3
1124 761 15
253 845 1
88 53 34
1351 622 35
514 671 33
290 1583 8
347 720 15
502 104 2
1077 166 2
444 1465 5
580 501 1
45 239 2
1200 958 3
292 54 8
1177 739 27
713 702 12
466 95 6
568 1141 6
337 1125 6
795 779 5
143 1298 7
1439 697 14
419 1105 66
1337 934 15
138 879 7
577 1515 2
586 722 2
1460 1224 30
792 1152 26
917 22 2
722 936 7
1166 838 8
458 1536 7
192 704 30
533 1139 30
1251 1359 2
880 692 41
457 442 2
563 1424 2
1287 554 23
289 1152 26
923 860 2
1233 148 1
440 704 2
45 960 30
1351 1389 7
674 466 2
287 1102 5
1031 210 2
457 1125 8
840 915 30
845 1498 57
301 1639 77
897 424 7
1478 24 2
1052 360 2
696 1207 8
447 883 33
1031 898 2
343 1062 8
208 241 2
673 172 2
70 24 1
555 33 2
778 172 2
216 307 2
80 1550 7
322 497 2
323 1330 7
439 265 7
423 898 2
1371 357 29
419 957 8
284 911 31
603 1375 27
1215 408 7
77 1102 37
1232 380 2
88 1017 7
172 1388 7
1239 139 3
403 1062 7
50 1255 2
836 739 27
1087 75 3
834 1 6
980 172 2
958 272 2
1069 1236 7
913 823 30
165 1324 39
181 172 8
576 1070 5
1080 540 2
1117 1207 5
960 1488 7
175 1322 13
1054 150 2
915 1170 0
45 1555 2
939 1418 7
33 1449 2
294 80 8
335 1517 1
505 671 2
252 1198 27
1047 1052 2
577 540 2
505 1062 8
668 908 5
24 1101 12
739 32 8
1112 489 15
266 958 3
64 396 30
917 942 2
1180 147 8
501 626 8
702 531 7
42 75 3
371 462 8
1250 596 33
1354 1359 2
581 1515 2
796 1583 8
143 588 8
148 908 8
1139 890 2
1371 1384 8
109 1199 7
322 1210 6
761 401 1
42 678 50
823 213 7
1359 1575 2
565 1054 2
581 759 2
790 928 7
588 936 8
1333 1243 7
1158 21 8
124 1384 8
411 796 20
1481 2 2
1258 97 8
880 1047 16
86 1243 7
1225 452 48
267 34 55
1126 1236 7
1271 1187 0
434 136 6
202 255 2
323 355 7
85 936 8
632 809 1
878 322 2
933 611 35
272 115 15
648 928 2
1444 24 2
671 18 8
883 1330 2
1215 932 7
190 1525 2
1001 998 29
317 1128 8
1019 36 8
1106 998 29
537 113 75
620 1364 2
993 42 8
512 419 7
922 208 30
1198 1568 2
452 1490 5
279 219 27
841 1581 8
617 419 7
1436 1419 8
318 97 8
1322 663 8
679 1070 5
747 502 8
1371 272 31
164 1062 8
958 1583 8
739 728 8
1054 778 2
527 244 8
1236 412 5
33 78 2
718 1351 2
171 249 8
933 982 7
915 528 1
1287 246 2
992 338 5
736 694 39
255 26 2
1024 1036 2
256 1296 8
42 324 7
1304 1325 5
192 357 30
928 932 2
89 1102 37
939 1104 8
1409 1325 5
596 1402 44
478 848 8
425 139 5
440 357 2
457 387 2
677 1333 2
790 1556 7
1488 416 2
1247 1264 2
1468 594 7
631 813 15
923 800 8
1566 663 57
917 191 2
1349 1360 2
421 1549 2
1152 296 8
1087 1206 36
805 796 8
558 201 12
546 1284 1
549 621 2
563 1296 8
844 251 71
449 936 8
1351 812 2
804 502 8
1436 995 1
841 1070 5
154 1152 26
1126 1144 44
1221 1156 7
360 440 35
880 663 2
343 147 8
259 1152 26
12 1337 20
1313 1062 7
759 1309 2
77 178 2
59 97 6
921 160 30
847 387 7
1429 424 7
1446 891 8
1154 338 5
33 1375 27
411 1515 2
824 1305 6
1296 568 7
620 1077 2
54 880 2
1141 321 6
377 1351 2
139 1495 2
1081 891 7
648 172 8
1527 917 8
671 976 30
847 657 2
42 728 7
739 1315 7
269 1199 7
502 677 2
1141 613 6
854 42 8
558 683 0
439 873 30
606 1517 12
292 627 8
607 1073 2
45 416 2
1183 1572 7
228 1325 5
157 202 2
1085 858 13
1400 116 7
41 434 7
643 495 8
380 894 2
999 317 77
1500 530 2
259 1144 2
1262 1070 2
1173 444 23
586 1295 2
337 1367 27
688 1549 2
477 1255 2
20 1052 7
586 189 27
1398 172 8
1544 384 5
768 1325 5
3 1360 2
1140 1287 2
266 466 2
140 495 8
1054 22 8
208 153 1
601 139 3
716 936 8
610 139 3
552 771 2
322 863 6
1019 1491 7
898 681 27
228 1054 2
548 690 1
222 1296 8
582 1128 8
897 601 7
702 408 7
438 208 2
458 42 7
86 1234 2
1008 80 8
1224 991 2
540 889 2
452 1310 8
999 116 8
1122 1128 8
383 51 30
447 891 8
304 17 1
83 1024 2
915 37 8
362 553 71
1253 453 34
720 724 1
657 1287 2
178 297 6
1304 880 7
1340 307 7
1312 1342 7
620 667 27
13 205 19
420 504 2
1128 21 8
425 824 2
65 1342 7
972 1525 2
620 1309 2
451 919 30
318 88 3
394 406 2
1407 837 2
602 908 7
61 1581 8
702 110 5
318 42 8
739 678 2
1264 1246 37
601 502 2
262 380 2
1461 324 30
1047 1333 2
841 1062 8
1540 958 3
1130 546 1
999 1237 77
988 1204 30
269 139 3
396 1199 8
115 491 1
1158 766 8
1053 172 2
1037 958 3
143 770 2
701 406 2
527 345 66
609 891 8
317 338 5
457 40 2
1098 847 0
880 1292 16
1166 728 8
1036 488 2
160 451 30
524 34 41
586 148 2
454 936 7
337 220 27
265 451 30
51 861 30
1040 163 8
284 1246 5
548 48 2
934 265 8
1029 1525 2
886 1128 8
265 1139 30
472 80 8
643 1013 57
1008 1396 8
457 259 8
1253 147 8
1536 912 52
1217 891 48
1525 1469 47
869 796 2
1173 1397 0
202 1516 2
642 460 2
328 1581 8
763 898 2
917 63 8
251 606 35
1533 1562 1
880 608 2
279 464 27
859 88 2
1022 63 8
745 178 2
1549 889 2
524 1144 2
507 718 2
322 22 8
1461 1124 30
1476 976 30
420 1424 2
54 284 52
620 730 2
922 781 30
176 877 7
139 1148 2
279 792 27
1325 1086 8
1080 34 53
1545 1199 7
1046 469 5
507 650 2
218 338 5
45 69 2
504 1196 2
1448 1371 29
810 809 1
292 577 2
944 536 2
269 1581 8
1283 397 2
527 817 8
139 1080 2
466 321 6
179 88 3
950 28 2
843 958 2
33 1047 2
53 823 2
374 702 12
268 891 8
673 739 27
348 1488 2
365 1122 2
945 596 33
4 824 6
281 187 55
380 479 2
161 114 8
1129 1118 1
25 908 8
1472 824 57
279 1455 50
380 375 2
388 90 8
663 118 5
646 88 5
80 1156 7
22 45 2
1140 452 12
922 1152 2
772 15 77
1252 104 2
982 0 5
912 147 8
1082 986 41
220 1198 54
265 1371 30
598 983 30
1474 502 2
1232 1236 48
540 834 2
540 1230 2
547 125 2
202 145 2
333 80 8
410 1120 2
37 320 6
292 981 2
728 1 6
502 1026 2
172 158 27
166 911 2
48 178 1
979 172 2
1312 891 7
841 338 5
1084 118 2
1445 590 2
620 1358 2
1429 601 7
434 728 8
1446 742 23
176 1505 7
1207 1125 8
858 813 8
440 248 10
292 913 2
35 453 2
582 338 5
877 502 8
808 88 5
290 730 8
501 925 2
586 101 26
1152 909 1
739 326 8
913 88 5
55 958 3
999 637 5
140 1141 2
944 1456 2
145 1461 2
792 338 5
478 1388 7
488 471 2
1061 1562 2
252 1424 27
1037 739 27
47 90 8
782 883 30
1407 714 2
1087 83 8
1184 314 2
488 763 2
1144 1125 6
929 936 7
703 1128 2
155 97 8
118 327 2
450 284 6
3 1199 7
596 54 8
782 697 1
1028 210 2
779 1342 7
82 656 1
942 915 30
1028 502 2
823 777 2
1480 824 23
362 958 3
284 899 5
981 1481 11
1201 172 5
176 50 41
208 991 2
541 603 2
178 938 6
1036 365 2
1360 770 2
546 486 1
1122 914 2
172 854 27
437 883 2
942 1139 30
526 1002 1
1019 330 8
211 1128 8
210 92 8
1207 1092 7
139 258 30
643 1062 6
1337 80 7
1306 104 5
24 925 10
1328 1112 2
415 419 7
74 322 2
1252 1337 20
1566 584 12
406 59 7
1266 1325 5
1224 226 3
251 1292 16
208 341 3
631 929 7
824 903 6
1502 0 0
639 883 2
1322 848 7
642 728 8
382 535 7
279 341 27
1545 1581 8
941 1342 7
278 1549 2
147 763 2
759 730 8
1194 88 3
1284 702 12
176 800 2
944 877 2
205 862 77
642 730 30
1090 327 2
371 1384 8
1258 1152 26
266 1112 23
117 671 30
158 26 2
527 1578 5
586 497 2
337 569 27
24 248 12
713 397 2
1037 1198 2
269 1062 8
1152 199 2
699 113 2
24 1124 33
34 219 38
1352 1062 7
988 432 15
406 99 0
794 1228 1
457 1004 8
468 1112 23
1253 397 2
804 796 8
570 958 3
1090 606 35
555 1515 2
917 808 8
238 891 8
286 908 1
1247 671 33
27 307 30
1128 1295 2
208 704 2
759 1161 7
995 531 33
267 1325 5
993 527 7
865 1184 52
1298 958 5
1296 384 5
1446 702 12
190 380 2
66 488 2
83 914 2
879 145 2
419 1420 8
279 1037 27
421 292 2
13 88 3
315 97 8
495 1243 7
646 1396 8
197 139 3
1090 685 7
268 1199 7
546 63 8
603 1169 2
1396 766 7
1530 790 2
514 118 2
957 90 8
380 1120 2
45 1330 2
991 879 9
1402 42 8
255 880 2
835 208 2
911 1184 1
972 999 19
914 1367 2
219 1152 26
155 42 8
928 183 2
808 1073 2
702 306 7
535 513 30
28 1227 8
176 1391 45
879 576 1
322 297 6
434 83 6
1233 947 1
992 1102 37
476 534 2
228 488 2
1468 1052 7
852 939 15
1252 677 2
903 365 2
548 812 1
766 846 6
192 875 6
917 1337 2
688 292 2
1240 980 1
1556 1314 7
447 702 12
418 1359 1
555 57 6
933 1388 61
154 338 5
85 320 2
1541 1102 37
228 1207 8
759 1417 27
380 54 20
210 37 8
295 558 2
49 702 12
57 377 6
880 206 2
1221 641 2
874 1578 3
1214 796 8
979 1141 2
999 462 8
1053 739 27
638 998 2
572 453 35
898 68 24
563 1152 26
656 952 14
1536 833 7
499 474 2
398 208 2
1287 89 2
3 1070 5
713 118 2
1321 90 8
727 1090 2
847 533 3
1183 323 7
784 702 77
406 269 8
488 648 2
1283 883 33
1563 338 5
586 150 2
524 671 30
1382 1199 7
1 865 6
1459 671 16
348 586 2
565 1525 2
936 346 2
702 1330 7
596 627 8
1481 531 7
1271 113 2
628 1325 5
349 1262 2
527 1059 5
501 114 8
249 1577 8
1052 104 2
434 1399 6
646 1296 21
1082 531 30
284 1472 5
230 1371 33
1351 1109 7
681 883 33
1024 1035 2
1566 438 57
671 890 2
1140 320 7
558 360 2
823 1451 30
1221 1395 7
934 387 8
1221 1337 2
515 349 1
124 116 8
933 855 5
185 210 27
1092 1453 2
812 284 14
641 1190 33
1176 939 15
88 841 7
530 1583 8
719 1184 6
976 24 2
1082 1006 2
1476 806 30
530 873 33
993 742 2
486 0 0
850 642 2
124 1156 5
391 1072 7
843 1252 2
992 97 8
591 0 0
66 365 2
170 80 8
268 1581 8
1287 717 2
847 94 7
701 995 1
142 917 2
1287 1009 2
211 1070 5
419 961 35
1394 423 27
1351 743 5
590 714 2
33 1565 2
1078 1581 8
1526 1086 8
457 1254 2
683 1400 2
1082 114 39
439 872 30
917 324 7
238 1199 7
246 419 7
876 0 5
392 702 8
750 823 30
349 579 2
1250 1359 2
1152 704 2
104 1333 2
654 1488 2
530 1514 0
997 452 7
1436 1152 26
1466 225 1
1541 1325 5
1009 891 8
1154 97 8
761 53 1
434 252 6
995 1500 33
1458 86 7
510 75 5
268 1070 5
1215 756 7
1215 360 7
438 603 2
988 758 2
373 1070 5
507 1135 1
292 1161 7
1297 1562 1
443 821 75
409 759 2
636 1342 7
641 147 33
631 428 1
603 1450 2
995 471 8
1562 818 2
1322 487 8
514 824 23
259 1236 6
782 781 30
1051 419 1
170 1396 8
147 23 7
35 575 2
737 1581 8
59 292 2
630 908 8
934 1055 1
290 852 8
1544 39 8
192 1456 30
486 1371 33
359 1173 2
591 1371 33
829 1424 2
772 1333 77
476 883 2
379 553 2
517 823 14
594 1017 8
365 269 2
829 1419 8
1078 502 8
928 360 2
453 531 2
1158 437 8
1158 833 8
899 178 7
102 320 6
1481 476 7
28 197 8
91 1209 5
1200 1325 5
452 183 2
323 479 7
836 451 30
1305 1325 5
852 720 15
337 391 27
1317 1141 27
836 1139 30
1461 574 2
1253 883 33
983 796 7
139 844 30
980 1342 7
1358 26 2
789 771 2
472 147 8
440 301 2
1355 0 0
434 1213 7
546 1395 7
1215 1384 7
437 1396 8
1224 37 7
1447 118 2
281 451 2
880 779 2
1209 770 7
759 1029 2
88 390 7
1128 424 8
928 412 5
1443 474 2
879 35 2
759 1420 8
1084 1264 2
1207 1583 8
398 453 2
406 181 7
620 505 2
743 783 7
819 1236 52
1341 116 8
399 1525 2
971 1324 39
622 1371 2
1127 1184 5
1382 1070 5
503 1141 2
147 989 2
1351 519 35
847 39 7
349 445 0
901 440 35
944 707 2
713 1087 2
908 1310 5
507 1212 8
944 311 2
718 1407 2
575 911 2
1438 769 8
139 855 2
1131 546 25
507 1108 8
503 1073 2
890 176 45
1087 961 35
999 1640 77
1112 222 15
457 907 2
268 1062 8
1028 1424 2
276 1389 8
1187 1305 8
1141 265 6
90 1557 5
854 90 8
1133 1424 2
914 569 2
154 504 2
101 284 16
579 891 7
917 315 2
205 1312 77
1166 484 39
192 309 30
1481 1500 7
1323 1070 5
501 291 8
880 985 41
1210 990 5
464 26 2
923 1153 2
459 97 8
112 1052 2
917 539 2
545 1393 2
595 1024 40
1001 1371 33
205 450 7
558 1329 2
502 1376 15
717 546 35
1154 88 3
322 498 2
681 495 8
308 610 2
920 671 14
1003 823 33
759 619 27
439 954 7
897 1086 8
190 210 2
322 1577 8
1304 308 7
190 502 2
368 1453 30
443 474 75
874 384 3
281 1371 2
960 1562 1
933 1005 36
1476 983 30
1306 21 7
864 1161 7
1312 1062 7
1283 1264 2
603 707 2
620 737 2
620 1133 2
636 891 7
391 88 2
284 622 2
377 1407 2
546 685 8
1145 1118 5
65 1062 7
720 668 1
739 106 2
1258 338 5
318 1326 80
292 980 2
293 139 3
642 167 8
1052 1395 7
238 1070 5
1372 990 5
266 590 2
626 26 2
33 1450 2
1416 453 2
945 502 8
928 373 2
933 355 7
380 1242 2
497 898 2
707 1393 2
594 1259 2
1132 1528 1
1152 1345 2
1054 766 8
905 1525 2
1316 205 5
454 702 2
1158 22 8
420 1152 26
737 115 15
210 628 2
648 1393 2
1562 81 10
258 781 30
980 1333 2
551 172 2
874 1097 7
82 1488 2
546 261 1
368 80 8
1016 397 75
757 1198 54
323 648 7
307 494 2
1009 1396 8
307 390 2
596 813 15
859 1515 2
510 1418 7
995 716 8
20 1102 5
1075 917 2
1019 37 8
398 502 2
618 1052 2
806 1139 30
747 1264 2
1443 419 2
1211 1581 7
646 147 8
322 379 70
1536 856 52
1184 889 2
720 1395 7
910 453 35
55 1419 8
1180 1199 7
601 908 7
54 936 8
1081 34 53
33 475 2
729 26 2
928 1059 7
1515 1169 2
867 139 3
205 1125 16
176 867 2
315 781 30
784 824 77
1383 147 7
577 1461 2
1396 183 2
1129 546 1
569 739 27
914 514 2
1255 1345 2
71 934 15
1052 685 8
1008 1525 2
575 1080 2
810 1581 8
502 375 30
527 1577 5
960 781 30
558 666 12
27 80 8
176 470 45
203 1470 2
1132 813 8
238 1062 8
1359 562 23
80 808 7
796 833 8
796 437 8
504 1014 0
88 1135 7
108 502 8
957 501 5
1148 495 8
838 1325 5
1471 502 59
221 1198 54
1253 495 8
889 1024 2
205 728 8
250 1070 5
999 1384 8
1103 568 7
1402 1228 1
330 1296 8
809 375 30
1447 1087 2
140 1132 5
1215 646 7
155 1187 0
874 387 8
891 21 8
988 648 2
292 701 2
988 252 2
650 1562 2
322 766 8
281 210 27
406 1150 7
620 1078 2
176 1225 7
820 1 1
1376 1062 1
958 568 7
694 327 1
721 292 27
1075 166 2
601 1536 7
270 575 2
507 1577 59
290 54 8
713 1264 2
1187 1550 8
507 1389 8
338 450 30
484 178 1
1396 833 7
526 291 2
36 453 2
359 771 2
279 471 2
606 883 2
1193 97 8
1400 805 7
641 1461 20
870 904 9
938 958 2
595 207 38
1184 75 3
915 681 21
572 990 37
620 1292 14
161 462 8
262 1324 39
1151 650 2
742 156 15
928 250 2
1030 504 2
936 181 2
213 824 6
864 412 5
483 90 8
63 501 5
42 624 50
277 594 10
1540 1325 5
122 365 2
588 90 8
912 891 8
1333 1131 2
547 541 2
1029 898 2
1152 1217 8
535 831 2
1296 855 5
185 1424 27
575 32 8
1566 273 57
1037 1325 5
80 125 7
205 1315 7
1506 813 15
202 889 2
192 1357 2
78 1393 2
12 259 20
139 311 31
759 231 2
530 730 8
606 558 1
1549 262 2
647 795 7
1237 139 3
1219 891 8
12 551 20
1407 1415 37
292 619 27
868 167 2
1084 466 2
1411 45 1
84 682 2
1438 39 8
1295 1052 2
58 292 2
958 800 7
848 323 2
1445 998 29
934 1281 1
759 455 2
489 1184 6
504 569 2
115 560 1
606 823 2
980 1139 30
33 420 2
735 593 7
1479 739 27
703 1184 2
973 1324 39
241 999 2
806 434 1
1405 488 2
774 1609 47
276 533 3
406 1548 5
1510 488 2
337 289 27
591 933 2
1160 858 12
1252 1148 2
1158 663 8
619 28 8
154 97 8
381 172 8
184 1504 57
575 728 8
192 199 30
558 599 2
1030 1424 2
915 1135 2
337 221 27
1133 908 7
323 997 7
585 1322 13
445 915 2
502 286 15
1040 852 8
307 1135 2
311 845 12
438 1525 2
176 794 41
1136 42 8
551 1141 2
80 357 7
323 929 7
234 855 3
823 1518 30
323 825 7
846 1377 6
141 1046 9
880 1005 2
880 609 2
419 848 8
192 674 2
759 859 2
1304 594 7
86 83 8
1424 854 27
148 1184 6
1283 466 2
1563 97 8
620 335 2
434 101 8
1476 873 30
1200 1207 8
211 97 8
671 1282 30
1207 102 8
993 908 8
726 1371 2
620 231 2
1394 662 27
1087 1127 8
390 936 8
1084 671 33
596 1161 7
385 908 8
936 438 6
179 147 8
45 362 2
1343 452 5
1056 178 1
1193 88 3
348 656 1
1207 326 8
1193 42 8
1383 720 7
9 1087 1
1124 823 31
1400 750 7
1233 1131 1
1306 108 8
363 742 2
349 62 2
501 855 3
364 1062 8
796 1479 2
988 1176 15
993 1566 37
845 301 19
55 1325 5
1483 535 2
673 759 2
143 83 8
349 950 33
95 603 52
1166 46 8
1463 848 7
1000 1371 33
447 118 2
1359 732 7
42 173 50
1024 231 2
434 95 6
593 355 8
917 1156 8
209 1062 7
80 1381 7
1357 397 2
396 451 30
1481 226 3
1114 1359 2
82 586 2
552 936 8
77 1112 2
744 486 1
546 542 7
1215 531 7
720 670 1
530 388 2
992 527 7
750 1073 2
894 210 2
142 1190 41
1396 412 5
1107 1580 18
57 493 6
1124 928 45
642 70 2
535 604 2
535 1000 2
747 466 2
1210 143 7
1209 605 7
546 119 8
847 1253 7
836 365 2
1400 1550 7
391 210 2
1394 894 27
497 796 2
33 638 27
1295 1393 2
1077 917 2
263 1070 2
1283 671 33
780 279 30
504 514 2
1183 147 7
266 1207 8
933 523 2
382 178 2
1506 607 33
1399 936 8
1052 1495 2
1015 939 15
720 1550 8
772 1400 77
1171 1062 8
912 1199 7
1245 824 57
912 1141 2
804 739 27
64 519 30
24 893 33
154 42 8
361 1088 2
1494 187 7
454 928 2
917 350 33
152 781 30
65 990 5
468 1207 8
912 1073 2
915 684 2
923 3 8
923 341 3
42 258 30
453 484 58
1359 491 2
1327 284 6
457 273 8
1511 999 19
329 742 2
1351 433 7
1254 936 8
1566 554 57
1567 1070 2
535 1404 2
190 1424 2
307 684 2
1247 824 23
847 1225 0
458 908 7
40 1118 5
903 1396 8
343 502 8
1219 1199 7
234 462 8
534 1110 2
744 1114 1
744 718 1
1128 663 8
425 1070 2
485 1070 5
1209 1301 7
322 36 8
435 147 8
889 914 2
872 488 2
631 1295 1
530 236 12
417 586 27
419 793 8
501 1431 57
570 1325 5
759 804 2
88 561 7
1304 143 7
86 424 8
922 761 15
724 1562 1
1438 716 8
542 694 39
1563 42 8
1373 139 5
1554 824 23
527 435 8
731 452 7
434 384 3
623 26 2
499 530 2
1409 990 37
30 1054 2
1207 47 8
292 231 2
1284 1087 2
739 856 2
747 671 33
1393 685 7
377 858 12
164 1581 8
292 127 2
381 917 8
1510 1525 2
439 368 30
667 1152 26
839 1224 2
847 881 3
1006 453 35
1538 958 3
603 78 2
1400 403 7
150 307 2
440 215 1
385 97 8
915 1443 1
586 498 2
858 355 8
600 1470 2
1 1213 6
720 179 8
1152 200 2
1024 1555 2
337 1258 27
594 109 8
923 1392 2
579 1062 7
235 958 2
255 936 8
501 71 2
1152 492 2
315 338 5
939 1227 8
454 1556 2
1035 26 2
420 338 5
349 1226 12
752 1070 5
915 1271 1
417 1280 5
502 893 30
1132 211 1
910 1342 7
323 1570 7
9 1396 8
878 1199 7
557 936 7
552 558 2
674 534 2
107 502 8
287 1566 5
144 1070 5
1232 620 2
560 88 1
1011 1581 8
208 309 2
762 796 2
68 1517 1
753 57 6
998 848 7
1446 1087 2
867 796 2
70 879 7
1454 307 2
1349 208 2
207 411 2
233 796 8
1227 1207 59
731 1544 7
12 1460 20
1252 269 8
1308 824 6
192 1247 2
829 1152 26
535 653 2
370 322 20
809 893 30
166 857 2
57 438 6
1209 258 7
1329 908 8
1090 686 7
555 28 8
636 1062 7
1562 246 2
777 80 8
855 914 2
726 1507 1
1402 1236 6
603 774 2
620 804 2
620 1200 2
166 393 2
24 1329 2
642 384 3
124 193 5
522 936 8
1376 1184 1
502 1196 2
154 975 2
1287 1357 2
582 1054 7
939 1153 6
883 844 31
177 88 3
171 1396 8
21 1515 2
489 1453 2
838 1207 8
468 933 2
1407 264 2
938 1184 2
1052 1148 2
306 1070 5
829 1144 2
713 671 33
1045 1584 28
586 1418 2
1339 1673 5
284 1403 14
565 898 2
1029 504 2
569 1342 7
1393 272 2
1252 350 2
891 287 1
337 46 6
93 264 57
1377 80 7
1407 611 35
908 1437 8
724 781 30
1242 488 2
1382 796 7
125 1461 24
447 1087 2
891 1578 48
606 642 30
419 1388 7
29 139 3
1040 54 8
421 656 1
665 1198 2
656 1099 2
558 129 2
613 1070 5
206 759 2
762 1424 2
443 904 74
652 284 6
847 1170 0
364 1072 5
1082 116 20
643 320 6
1008 891 8
1463 83 8
1536 803 52
1445 452 12
546 1156 8
432 796 8
292 1555 2
183 1515 2
530 1253 2
699 1132 0
1080 1070 7
303 917 2
1407 1245 37
303 958 3
1217 147 8
338 976 30
1443 590 2
1438 265 8
176 476 7
872 365 2
1216 249 8
999 1532 77
1437 279 33
30 603 2
843 917 2
1172 908 7
618 759 2
625 936 8
90 278 9
1407 1310 7
1515 256 2
698 139 5
1544 387 8
1055 1544 7
369 365 2
147 1059 7
972 1324 39
736 1581 8
35 988 23
944 31 2
1183 720 7
1054 1242 2
1287 732 7
154 292 2
424 596 30
380 438 2
385 88 3
568 466 6
488 1337 2
1526 63 8
385 42 8
419 1314 5
688 656 1
419 1514 66
1291 1556 44
1174 45 2
1330 338 5
914 289 2
594 450 8
594 54 8
1275 558 7
1029 1424 2
51 1448 30
1381 1581 8
1466 1665 1
89 1566 37
440 92 1
28 149 8
457 163 2
125 380 2
586 375 2
1003 1046 12
907 1326 2
502 203 41
1225 1612 48
360 958 3
1224 1047 16
1351 1448 2
250 97 8
878 1581 8
969 293 0
419 751 2
217 322 2
185 279 27
355 97 8
582 172 8
1395 90 8
1221 1338 2
990 582 57
1225 1544 48
982 958 1
1357 883 33
995 873 33
898 1550 8
1188 1062 7
824 432 15
1132 916 8
322 568 7
787 936 8
1084 1342 7
406 1389 7
406 993 7
743 1199 7
1227 172 8
419 929 7
868 1021 2
681 147 8
848 1199 7
535 1423 85
759 981 2
292 872 2
1304 320 7
115 719 15
541 1396 8
745 697 2
140 1199 5
531 558 2
1360 776 5
595 1166 1
322 833 8
471 115 15
1085 702 13
626 210 2
546 743 3
292 804 2
147 1337 2
1284 1264 2
244 1184 6
399 166 2
934 428 1
451 1047 30
23 530 2
833 45 2
933 517 2
499 284 33
294 139 3
380 1358 2
841 502 8
878 1070 5
227 1424 1
880 1401 41
569 1333 2
1264 63 7
140 172 2
170 307 30
702 648 7
1249 958 1
796 913 2
910 739 68
337 95 6
1166 272 8
1312 88 5
1139 611 2
1251 397 2
912 671 2
674 419 2
452 1550 8
434 321 6
546 49 1
1333 568 7
292 1469 47
823 663 8
1252 222 8
1000 933 2
1359 622 34
205 1486 7
527 980 1
325 988 2
194 202 2
265 1325 5
1231 1236 8
718 631 15
1554 821 2
1207 1379 7
534 1000 2
170 1132 7
530 568 7
1324 1031 2
416 546 2
880 152 2
48 697 1
805 1325 5
1271 1132 0
843 739 27
1209 435 7
524 292 2
1219 1062 8
541 322 2
216 1341 30
65 1118 7
111 88 5
910 1325 5
1394 1120 27
1326 424 8
1326 820 8
399 502 2
554 1465 5
1536 576 52
1548 80 8
493 603 6
958 1309 2
1295 1515 2
594 1383 2
849 1322 13
172 3 8
307 539 30
604 24 2
205 753 77
909 846 6
95 1296 0
266 998 29
1402 908 8
887 847 0
970 999 19
138 883 2
771 1475 5
923 198 2
1129 307 2
362 1207 8
1507 1205 2
1158 834 8
575 112 2
1453 899 5
125 33 2
1252 1314 8
440 37 1
782 1549 2
655 338 5
546 735 6
1008 1199 7
93 837 57
452 41 74
102 1342 7
160 915 30
250 88 3
447 1264 2
1152 22 2
214 1070 2
265 915 30
393 958 5
468 998 29
671 1227 8
550 702 12
1359 282 23
1506 820 15
672 958 2
879 104 2
532 208 2
439 269 2
406 646 7
569 1325 5
168 1128 2
880 780 2
737 284 2
419 920 2
330 958 3
360 453 35
464 796 20
36 823 31
932 1236 6
618 1062 7
1321 1128 8
738 406 2
646 495 8
434 272 8
1438 838 8
502 678 43
406 870 7
620 798 2
952 796 7
879 772 19
284 287 2
1295 540 2
1453 533 3
178 92 8
1515 829 2
720 770 2
1204 139 3
847 769 8
45 533 2
1112 607 5
944 604 2
145 172 1
380 1011 2
1076 166 2
251 36 16
271 575 2
1052 350 2
517 88 3
1383 495 7
1144 273 6
915 109 21
1047 322 2
594 236 2
914 1258 2
582 917 8
905 898 2
922 928 2
796 83 6
195 1128 20
1481 1397 7
1358 1515 2
142 1082 8
880 986 41
254 771 75
939 1349 8
349 129 2
234 1384 8
1259 1322 13
457 1127 8
534 1554 0
787 452 7
891 384 48
439 627 7
790 594 7
1152 942 2
702 129 7
1132 1161 8
891 109 1
808 891 8
1252 167 8
1228 765 1
848 1070 5
681 397 2
1008 139 3
641 934 7
563 42 8
57 336 6
1109 80 7
74 1141 2
367 440 35
891 833 8
1554 474 2
744 261 1
84 178 2
1215 306 7
1186 88 5
1207 532 7
809 1119 30
534 945 2
846 865 6
1536 297 52
1502 97 15
863 936 7
921 905 30
290 183 2
365 223 26
433 958 3
1139 485 30
1328 656 2
652 147 7
988 996 2
988 600 2
1509 824 57
538 958 3
1401 1236 6
1312 1396 8
1482 1325 5
1526 1395 7
434 1291 14
1400 929 7
893 1341 30
514 1393 2
32 846 6
1030 1152 26
406 228 8
865 172 8
823 911 31
35 958 3
158 1236 8
172 52 8
1187 341 3
370 603 2
928 770 2
999 1101 5
501 1384 8
159 210 2
864 116 8
176 240 2
33 140 2
845 772 19
999 562 77
1391 1054 7
285 410 8
723 936 8
1515 78 2
759 1314 5
285 796 20
702 825 7
460 1371 2
1187 1335 5
891 1201 1
279 152 50
1039 1207 8
1357 1264 2
1054 663 8
269 934 15
381 720 15
440 23 2
1227 338 5
222 42 8
595 958 3
202 576 1
381 1608 46
665 1424 2
1315 1667 52
1304 527 5
89 879 2
547 889 2
290 63 5
472 139 3
1549 741 1
1338 488 2
796 102 8
1316 809 1
1056 1070 5
177 1141 2
308 1135 2
69 739 27
1228 82 1
1264 961 35
88 800 7
88 404 7
87 102 2
1098 1562 2
1400 855 5
1173 1514 0
1198 1242 2
1568 210 2
1127 90 8
854 1488 2
739 803 2
279 581 27
1232 90 8
290 1161 7
409 1333 2
519 207 7
504 693 2
273 1073 2
318 24 80
1128 766 8
118 606 35
1019 726 8
514 1333 2
530 368 33
847 53 7
518 1322 13
1000 998 29
1278 933 1
139 869 2
176 1332 2
504 625 2
620 347 2
1322 957 8
737 453 2
1390 1407 1
365 911 2
273 1396 8
178 37 8
263 558 2
1283 118 2
89 139 5
936 158 6
466 438 6
656 160 14
349 683 0
470 824 6
1054 1364 2
642 1194 30
1135 1507 1
1373 908 7
923 433 7
586 961 2
337 1033 27
932 1419 8
155 1090 2
546 1335 5
231 739 27
1166 430 39
575 1081 2
380 492 2
125 210 2
1193 307 50
1082 362 30
440 1047 2
457 681 2
915 1483 2
546 1250 1
1463 568 7
193 1090 57
540 623 2
1251 883 33
883 29 2
307 1483 2
598 704 30
1454 546 2
809 840 30
593 471 8
593 75 8
212 574 2
1080 1118 5
1031 1236 8
208 480 2
796 730 8
1025 172 8
88 1032 7
216 546 2
646 1199 7
281 279 27
631 491 1
605 1325 5
333 139 3
373 1236 52
1504 1000 5
1276 1072 5
338 855 3
1562 89 2
546 262 7
1252 44 8
1335 90 8
1069 1152 1
72 147 8
35 739 27
847 681 7
45 882 2
1078 739 27
65 320 7
338 519 30
48 1024 2
736 796 8
1061 1351 2
777 147 8
1522 891 8
841 796 8
594 585 2
494 1296 8
1055 795 7
166 856 2
451 877 30
739 47 8
1058 33 2
147 252 2
703 917 2
594 976 8
169 206 2
178 957 8
599 1296 8
205 1558 77
271 1252 2
148 928 2
1284 671 33
883 911 31
24 1328 2
1288 88 3
808 1199 7
1166 102 8
558 1575 2
478 167 8
913 1199 7
1483 883 2
913 1141 2
558 1191 12
818 178 2
1374 1239 2
335 80 7
992 1566 37
1497 90 8
923 119 8
1446 1517 1
1004 320 6
383 809 30
631 412 5
206 34 53
438 898 2
1272 958 3
883 1345 2
671 726 2
1536 1578 5
742 1057 5
286 1 1
1221 485 2
988 1345 2
300 1072 7
57 1305 6
526 327 1
543 1190 2
438 1581 8
1481 477 70
1008 1062 8
370 1481 20
796 47 8
546 499 1
526 1056 2
1132 63 8
642 126 2
322 649 33
437 891 8
399 796 2
439 159 2
380 513 26
530 1127 8
1132 355 8
256 1152 26
642 855 3
1209 265 7
883 1267 14
1333 40 8
747 80 7
1547 80 8
226 208 30
483 527 1
1394 1242 27
113 1472 5
922 51 30
1196 936 8
102 1139 30
829 1236 6
115 957 1
365 856 2
54 90 8
784 478 77
1183 495 7
1495 1393 2
619 97 8
592 57 6
836 1333 2
45 423 2
1160 596 33
265 1207 8
323 296 5
1025 1173 2
167 453 2
720 341 3
328 995 1
858 75 8
1035 210 2
668 172 5
1007 453 35
1488 35 2
1396 83 7
1187 1575 4
337 978 27
337 582 27
170 1453 30
903 1525 2
290 412 5
1503 936 8
1525 272 20
304 1046 10
575 1026 2
915 699 1
527 1523 5
913 166 2
454 880 2
1359 151 2
452 743 3
672 1252 2
1253 118 2
337 514 27
1306 881 5
1451 453 2
1052 167 8
917 138 2
324 1562 2
62 440 35
1201 521 5
808 139 3
139 675 30
720 1335 5
298 1 6
671 1354 2
978 1333 2
138 642 30
40 1070 5
447 671 33
80 650 7
856 338 5
186 88 1
406 476 7
974 1585 2
303 1342 7
1082 584 41
512 1062 7
435 891 8
540 104 2
1444 1287 2
408 1342 7
763 796 2
216 90 8
739 1376 2
410 390 2
309 1073 2
616 1052 2
427 1207 8
292 647 2
879 158 2
434 102 8
176 1217 2
958 1417 27
98 192 30
1166 1161 7
1547 1396 8
162 933 2
620 628 2
494 558 2
190 28 8
1314 742 23
761 149 8
208 750 30
718 883 33
411 88 3
501 591 2
1488 690 1
25 879 2
813 453 1
1214 1325 5
380 841 2
223 1623 1
1054 37 8
796 377 6
1110 1209 5
192 1292 30
486 1562 2
380 1133 2
586 1242 2
762 1152 26
161 116 8
366 453 2
1526 1550 8
24 201 12
586 1138 2
242 476 79
760 1102 5
1132 1023 1
917 1230 2
1112 1057 5
601 45 2
1252 70 2
1152 840 2
908 95 6
327 1608 2
710 80 8
808 1581 8
1357 466 2
1166 47 8
359 936 8
674 590 2
102 535 2
1572 1181 7
673 1052 2
276 75 3
1252 2 2
778 1052 2
365 32 8
540 1196 2
823 834 8
823 438 8
1252 789 8
459 908 8
774 958 2
322 667 27
501 293 0
1221 92 7
722 883 16
492 702 10
383 720 15
951 1118 5
1228 1283 1
87 1303 2
915 281 2
999 355 8
322 1309 2
24 683 0
823 652 71
631 668 1
213 1322 13
1307 1 6
530 681 2
1522 1199 7
535 1001 2
318 1322 13
190 1062 3
66 1525 2
534 444 23
671 301 14
170 1199 7
424 90 8
759 177 2
823 768 30
871 1070 7
88 272 2
526 1037 2
1214 80 7
934 1295 1
543 1062 8
546 808 8
1476 191 30
1387 88 5
488 833 2
703 1198 2
872 80 8
739 229 2
124 937 5
285 308 8
12 429 20
877 796 8
471 320 6
977 80 8
1436 1207 8
508 1396 8
147 429 2
1052 854 27
873 697 14
34 1006 2
913 1070 5
626 936 8
1042 1252 2
226 1152 26
1054 957 8
543 115 15
488 661 2
97 136 6
697 777 2
242 1500 79
483 1128 8
726 908 8
1041 958 2
337 235 27
1173 531 33
988 1496 41
18 936 8
373 502 8
365 728 8
338 1125 7
118 517 2
1028 504 2
527 1176 5
36 553 44
1408 904 9
1333 667 27
710 1396 8
847 1294 0
28 265 8
176 429 45
673 1342 7
1028 796 2
1236 1298 7
790 1052 7
1538 1325 5
228 1525 2
836 915 30
1133 796 2
1468 90 7
894 178 1
238 166 2
1357 671 33
437 1199 7
34 551 40
771 250 1
997 1544 7
1055 1070 5
1481 855 3
671 903 2
1031 42 8
80 303 7
847 1518 0
596 678 30
908 114 8
59 57 6
70 1517 12
945 527 67
451 150 2
694 281 55
84 928 2
731 917 7
901 958 3
880 555 2
279 411 27
410 335 2
419 1086 8
535 21 8
1301 1536 7
338 117 30
270 739 27
189 1296 8
434 47 8
466 336 6
398 917 2
704 530 1
176 766 2
1424 27 53
1520 1342 7
503 917 2
226 1073 30
620 177 2
284 458 2
170 139 3
285 936 8
1443 998 29
594 183 2
668 521 5
292 128 2
604 823 2
1396 770 2
45 704 2
978 1139 30
1256 1024 83
977 1396 8
25 824 2
928 1520 2
1271 530 2
934 877 2
1506 1328 2
825 936 8
713 824 23
419 1015 36
34 185 38
208 272 31
1061 1173 2
255 546 2
1259 1112 2
336 846 6
998 215 5
923 997 2
1215 1154 5
594 407 2
707 891 7
359 558 2
1375 1342 7
534 1397 0
914 1033 2
586 1479 2
1306 54 8
1359 1480 2
1360 1468 2
982 307 5
143 75 3
1480 474 2
320 1388 6
220 88 2
546 1138 6
675 883 2
80 1395 7
880 160 16
796 1420 8
323 1571 7
1253 1087 2
1382 169 7
583 1322 13
981 846 6
558 458 33
42 1179 30
1481 399 33
1463 1127 8
1008 1324 39
1252 384 3
341 166 2
1172 958 5
1568 1424 2
1220 824 6
565 596 30
1136 908 8
57 111 6
284 321 52
527 1137 2
1137 80 8
507 1315 7
824 1176 15
736 320 6
279 1039 27
823 597 71
1044 620 40
57 43 6
1215 373 7
535 550 2
421 586 2
42 1316 7
1209 155 7
546 65 8
535 460 85
636 1396 8
704 1549 7
265 86 2
729 1236 8
158 620 2
222 1187 0
68 904 9
500 488 2
820 124 1
115 159 1
1301 97 7
1224 1500 30
582 1393 2
1287 151 2
484 697 1
958 1420 8
1055 917 7
1380 1198 2
147 770 2
1054 219 2
539 915 30
172 119 8
1461 216 30
303 1325 5
1303 1296 8
503 166 2
999 733 77
798 1152 26
147 743 3
162 998 29
1173 476 33
988 1045 41
3 1438 7
1249 1306 1
875 1207 5
891 976 1
192 515 21
673 1333 2
681 1264 2
21 33 2
337 112 27
1236 1243 7
1161 97 8
1341 1243 7
688 586 2
1522 1070 5
1355 397 2
1009 1199 7
292 412 5
453 476 2
1225 917 48
1152 75 3
548 232 2
238 502 8
1019 277 8
435 139 3
908 59 8
1340 1187 7
501 1554 0
440 22 2
658 97 8
99 1581 8
335 904 9
506 1199 7
420 988 2
360 1325 5
643 1342 7
978 759 2
411 1024 2
837 908 6
934 813 15
20 1566 5
1525 1460 2
806 915 30
588 338 5
1187 433 7
71 419 2
1549 1177 2
124 1578 5
1351 704 35
35 1342 7
883 1500 30
759 1042 2
671 485 30
406 298 7
913 1419 5
140 1342 7
1476 368 30
261 1046 12
537 474 75
176 711 2
380 1004 27
620 122 2
347 1118 5
1400 21 7
1 1227 6
1141 54 6
928 777 2
847 52 7
957 908 8
944 324 2
1397 603 7
928 1069 2
252 292 27
380 335 2
24 579 2
1193 546 50
4 320 6
457 1316 2
1551 1173 4
577 322 2
1004 846 6
193 933 57
301 1429 77
1396 601 7
1233 626 1
1384 891 7
575 856 2
178 31 14
820 97 8
899 1215 7
575 1148 2
880 706 41
28 838 8
1480 419 2
787 276 7
259 908 8
1354 349 2
220 33 2
440 1114 2
998 384 5
761 183 1
947 453 35
614 1132 5
548 464 2
80 876 7
1217 1199 7
502 428 41
908 250 7
1506 683 0
988 492 2
880 1150 7
1232 1128 48
27 546 30
151 338 5
483 1070 5
451 723 2
619 1152 26
185 504 27
1429 957 7
1322 1491 7
187 477 2
1087 1381 7
1040 412 5
988 424 2
880 1420 2
285 1536 7
659 90 8
1476 704 30
847 852 7
859 504 2
1447 824 23
176 1397 7
1476 1392 30
466 1305 6
514 821 2
251 160 16
24 109 0
619 594 17
45 1345 2
944 1416 2
1058 1515 2
703 796 2
536 1371 30
222 1132 0
1407 278 2
69 796 8
139 854 27
720 1217 8
530 1314 5
24 1567 2
933 991 37
307 1310 5
54 1236 8
98 642 30
237 530 1
1337 212 55
1303 908 7
1056 697 1
833 0 7
192 1518 30
1053 1342 7
391 33 2
928 94 2
1394 116 2
500 365 2
671 463 31
824 770 2
205 853 5
999 282 77
586 1364 2
337 1436 27
272 212 55
468 1371 33
1132 1249 1
1500 1287 2
253 936 8
739 46 8
1152 1457 8
1054 487 8
1166 273 8
1151 718 2
908 654 7
1520 1325 5
1253 1264 2
485 1128 8
1145 495 8
995 568 7
592 1139 50
911 80 8
530 579 2
221 26 2
205 1487 7
1019 222 8
891 1577 8
864 1578 7
65 1187 7
534 1001 2
437 671 2
658 42 8
684 823 14
466 1564 5
979 1052 2
1198 1358 2
437 1062 8
1213 80 7
506 1581 8
846 1213 6
579 546 35
995 833 8
1322 808 7
631 1181 7
1080 958 2
1536 848 7
191 1072 8
1160 338 5
1452 891 8
449 1070 5
1209 728 7
759 1086 8
140 1333 2
1367 1152 26
226 671 30
712 1342 7
527 326 8
279 233 27
603 638 27
208 1500 30
858 22 8
1124 720 15
152 1371 2
1041 1252 2
1160 702 12
1141 1375 27
1124 1608 46
590 91 7
466 158 6
205 368 14
575 577 2
235 917 2
1037 1054 2
689 891 7
933 1392 7
1526 743 3
1115 1072 5
1078 796 8
144 1128 8
914 235 2
1479 34 53
820 88 3
349 458 33
301 1374 77
1158 1127 8
820 42 8
235 1141 2
340 353 7
1082 1200 15
1375 80 7
1497 97 8
457 401 2
604 642 30
1242 958 2
9 891 8
1166 82 39
206 1333 2
897 820 8
530 1161 7
1304 1 6
88 798 2
302 1287 7
172 1169 2
759 1391 2
1290 1013 57
993 419 7
650 1351 2
990 627 12
1100 1046 12
322 852 2
1443 452 12
893 1072 8
795 102 8
437 87 8
519 205 2
419 916 8
1065 90 1
636 603 2
176 1388 2
1025 594 10
176 992 2
147 1305 7
616 1515 2
200 1199 8
893 999 14
466 417 5
1550 917 8
720 433 7
596 937 7
720 37 7
1287 1352 2
222 1118 1
475 1525 2
1184 219 2
720 766 8
596 833 7
1141 627 6
1515 1122 2
433 1325 5
934 1161 7
1053 1333 2
380 616 2
573 590 1
485 166 2
205 1278 77
171 891 8
363 936 7
1173 789 2
51 318 2
586 913 2
586 1309 2
161 183 8
917 609 2
282 761 15
684 1073 2
1252 241 2
1035 1296 8
230 307 33
502 724 30
1180 502 8
1148 958 3
278 284 14
1047 1556 44
681 466 2
228 380 2
540 1367 2
547 262 2
119 1419 8
147 1335 5
548 1037 2
1287 658 0
753 284 6
535 844 2
223 284 2
769 210 2
555 620 2
1019 167 8
1207 929 7
1120 172 8
65 1132 7
190 504 2
898 21 8
534 550 2
301 1072 7
620 1495 2
430 380 2
311 546 2
466 1509 5
979 1393 2
1125 883 14
1009 1062 8
318 1396 80
647 166 2
395 26 2
526 416 2
12 272 20
620 681 27
631 766 7
506 1062 8
242 658 0
444 761 15
197 1325 5
1394 1358 27
554 631 15
868 216 2
1173 1101 12
1237 934 15
285 380 2
617 1112 2
642 65 8
601 178 7
246 1062 7
582 1515 2
1054 1133 2
42 59 7
259 1139 33
590 1243 7
1391 1393 2
471 1198 2
983 176 45
189 1152 26
322 513 26
912 917 2
528 1187 0
1052 59 8
923 144 2
1344 742 57
51 1047 30
598 39 8
42 32 8
101 320 7
64 983 30
823 1305 8
1024 1391 2
454 308 2
329 936 7
1036 210 2
301 923 77
478 119 8
1315 669 5
919 891 8
28 40 8
575 350 2
915 460 2
1247 284 33
349 1446 2
527 1243 5
1036 898 2
1360 1303 2
1521 1070 5
145 88 3
1207 459 5
1207 855 5
1497 42 8
744 1354 1
457 346 2
316 891 6
1023 147 8
792 90 7
98 1248 7
681 671 33
671 678 2
187 983 16
205 102 8
823 1239 30
1447 821 2
1080 824 6
143 658 0
1306 533 5
189 1144 2
80 766 7
995 368 33
1128 1127 8
491 338 5
530 1480 2
530 1084 2
880 330 2
279 582 27
763 178 7
406 884 7
1322 1381 7
880 622 2
192 390 8
841 739 27
160 940 2
292 763 2
1082 794 2
879 368 14
1054 1491 7
347 598 30
176 937 2
1468 1566 5
434 114 8
252 586 27
1572 1578 5
848 1360 2
1130 97 15
61 958 3
168 187 33
1287 901 2
1129 908 1
45 479 2
45 83 2
369 488 2
290 116 8
582 540 2
1284 824 23
192 324 30
928 1295 2
590 1002 2
237 24 1
796 493 6
1110 1325 5
1148 739 27
158 90 8
337 638 27
546 1377 6
1082 1119 30
9 1199 7
451 911 31
347 1073 2
521 776 5
290 1156 5
699 474 2
28 272 8
205 366 1
698 90 8
1374 216 2
546 1251 1
440 1340 2
287 596 30
1253 466 2
912 166 2
207 255 2
338 149 7
1357 118 2
908 855 3
507 658 0
208 39 7
322 1133 2
322 737 2
657 307 33
48 656 1
1102 986 12
867 1260 2
1081 88 5
872 1184 2
406 1116 7
631 388 1
639 45 2
328 958 3
1446 824 23
1124 1371 30
731 1612 7
1570 97 8
530 401 2
1124 212 44
1401 1228 1
292 1391 2
502 1436 2
507 1418 7
57 506 6
344 1118 5
647 502 8
281 504 27
1377 1325 5
171 1199 7
581 988 30
450 598 30
752 502 8
704 1324 7
655 172 8
1016 669 76
950 796 7
938 1424 2
285 33 2
1184 500 2
1184 104 2
1400 1563 7
829 988 2
721 586 27
642 114 8
917 183 6
1339 1517 5
860 90 8
1325 21 8
1448 451 30
694 517 1
1396 1127 7
1393 116 2
101 823 16
997 338 5
64 704 30
140 759 2
205 248 77
1526 341 3
938 1252 2
1004 97 6
45 1500 30
476 671 2
914 1436 2
594 1201 8
322 1122 6
1322 1315 5
568 594 6
1024 648 2
528 1132 0
1264 920 2
1448 279 30
774 1082 2
903 898 2
217 1141 2
470 453 2
279 98 50
575 399 2
1481 706 2
908 735 6
287 1224 30
847 1014 0
750 1517 1
322 1491 7
102 883 2
810 796 8
814 80 8
323 267 7
457 390 8
1526 1335 5
1227 1054 7
1351 888 2
124 21 8
1461 758 2
559 936 8
447 824 23
1332 1351 1
1341 1310 7
995 1127 8
1447 474 2
191 1371 2
1019 52 8
327 671 14
323 199 7
1358 210 2
205 47 8
915 728 8
322 54 2
534 1181 7
347 249 8
995 663 8
1139 1455 30
1407 384 5
700 1014 66
915 1126 30
1184 1196 2
1210 1581 8
530 1420 8
151 1102 37
71 590 2
43 891 7
759 916 8
45 200 2
48 1549 2
862 80 59
86 437 8
1153 1070 5
1476 539 30
784 1631 77
638 1062 8
1028 1152 26
759 102 33
233 1325 5
236 225 5
271 739 27
553 606 35
365 857 2
1155 1342 7
871 80 8
45 424 2
618 1515 2
901 1102 37
205 876 77
1506 360 2
738 958 3
1481 627 6
1568 1152 26
730 1296 8
1024 1469 47
478 1156 8
914 1045 53
337 979 27
1250 1264 2
1158 957 8
1152 609 2
279 726 50
1024 1568 2
458 1371 2
220 1515 2
919 1073 2
1355 1264 2
501 183 8
178 1315 5
570 702 8
1480 590 2
789 1359 2
420 1184 6
596 1094 30
558 562 23
1460 1556 2
199 93 1
464 210 2
540 569 2
898 189 27
439 856 2
588 97 8
548 1031 2
809 390 30
593 21 8
1069 596 30
464 596 14
418 349 1
541 1199 7
541 1141 2
446 178 2
1317 1342 7
85 97 8
796 1458 20
1125 90 8
993 879 2
761 619 2
872 1525 2
202 104 2
1570 88 3
1230 90 8
66 502 2
66 898 2
790 1566 5
292 648 2
750 739 2
1046 832 5
502 693 2
900 958 3
613 824 6
1570 42 8
530 942 33
934 668 1
1418 1581 8
1151 1170 0
119 212 41
1085 478 13
45 1120 2
369 1525 2
777 139 3
858 342 74
171 1581 8
1013 1344 5
267 42 7
720 560 1
24 1446 2
1045 883 16
9 1070 5
24 666 12
139 233 27
1545 958 3
642 59 8
261 558 2
384 440 7
1424 433 7
605 208 2
1045 593 38
1407 741 2
1054 335 2
1120 1517 1
594 1214 8
1537 90 8
928 265 2
1180 796 8
1337 279 55
1054 330 8
286 631 15
259 988 2
145 1024 2
1042 917 2
999 849 77
337 1211 27
1216 1070 5
613 147 8
350 546 2
897 1305 7
791 1453 2
270 451 30
578 1396 8
782 656 1
1153 1062 8
143 377 8
325 57 6
270 1139 30
442 488 2
228 898 2
228 502 2
555 914 2
761 982 1
923 65 8
375 1139 30
792 26 2
301 57 77
1247 821 2
1381 502 8
307 350 2
207 1516 2
1128 37 8
272 322 20
1019 393 8
541 166 2
323 144 7
84 697 2
655 917 8
1019 685 8
416 322 2
1215 825 7
1198 1133 2
322 595 33
631 961 1
894 504 2
84 593 2
995 1004 8
1209 211 7
419 63 8
55 988 2
140 0 5
292 1568 2
1076 739 27
1306 833 7
1204 958 3
1207 1420 8
391 504 2
374 474 2
1306 1125 7
285 210 2
1184 677 2
504 516 2
115 903 1
958 1039 7
594 1550 8
901 1325 5
1460 338 30
730 558 2
55 1207 8
1515 269 2
1397 323 7
784 1112 77
1139 1479 2
359 858 12
377 147 8
915 713 1
1302 1296 8
393 90 8
858 21 8
27 45 2
442 1184 2
1233 54 1
365 1125 8
24 591 2
917 152 2
1040 471 8
338 1418 7
89 1070 2
1026 88 2
1407 960 35
270 1371 30
672 1198 2
334 113 2
551 1052 2
9 1062 8
898 1298 7
1463 63 7
3 453 2
697 1388 14
417 1052 27
540 514 2
207 145 2
185 292 27
886 1322 13
1138 139 3
880 916 2
343 796 8
1223 322 2
638 1609 47
322 335 2
1128 957 8
322 330 8
434 116 8
1176 1424 1
1207 76 7
1103 793 8
1453 39 8
762 97 8
973 292 2
761 163 8
318 939 80
705 721 1
524 988 2
936 412 5
350 883 16
527 437 8
45 773 2
747 1342 7
555 90 8
944 844 2
1090 690 2
534 25 2
527 1125 8
49 349 2
603 836 2
743 1581 8
797 338 5
150 1461 2
1271 1287 2
451 476 30
893 781 30
1061 858 12
1042 739 27
244 1342 7
1052 882 2
1173 248 12
52 90 8
510 59 7
720 937 8
1493 1393 2
936 1452 2
380 391 2
178 848 8
189 338 5
590 436 2
291 172 8
1506 1329 2
171 1062 8
478 1437 8
753 1465 5
692 603 6
853 669 76
143 98 8
329 1102 37
772 323 77
923 1389 8
452 1298 7
917 780 2
505 796 8
56 64 30
898 101 26
720 1161 8
24 888 23
917 297 6
1304 139 5
535 1578 5
302 1046 10
1479 1333 2
917 676 2
472 958 3
541 1070 5
999 1243 7
1251 118 2
454 143 2
1054 1315 5
322 1381 7
107 796 8
258 1190 71
51 418 30
1364 26 2
297 880 1
106 349 2
891 568 7
859 1024 2
390 1507 1
1333 1310 8
1461 648 2
70 823 2
1312 1199 7
864 1298 7
1429 1305 7
165 434 1
1224 1468 2
1215 770 7
202 677 2
761 1583 8
1201 90 7
1087 167 8
921 577 30
958 1156 7
1453 959 8
659 42 8
1549 154 2
279 21 27
962 732 7
491 1102 37
1126 1341 30
374 419 2
1394 1133 27
363 1566 37
1548 139 3
631 833 7
147 433 7
880 92 8
988 1457 30
1298 936 7
26 625 2
147 766 8
85 553 41
599 113 2
929 1536 7
1403 936 7
718 397 2
1042 1198 2
928 442 2
111 1199 7
380 104 2
143 726 8
928 833 8
160 697 14
138 208 2
1253 1342 7
702 997 7
476 1585 2
1250 466 2
936 701 2
1355 466 2
1371 1483 29
1272 1207 8
716 88 3
558 491 2
818 697 2
923 247 2
419 994 37
1300 1415 5
899 880 7
1358 504 2
284 743 5
558 983 33
1035 28 8
551 1393 2
61 1118 1
323 1181 7
1444 558 2
193 530 57
1336 1612 7
823 1403 14
688 879 2
1306 412 5
286 124 1
596 624 30
1303 958 5
1183 88 5
653 671 33
641 365 2
80 541 7
995 539 33
1483 998 29
530 888 23
998 63 7
769 1296 8
707 1118 5
625 178 1
631 1138 1
1184 1026 2
958 1388 7
168 1199 7
1322 1156 7
1304 90 7
978 1052 2
762 42 8
74 166 2
273 1199 7
848 824 6
796 1314 5
147 1129 7
541 1062 8
754 242 79
1230 187 55
1547 891 8
620 519 2
1394 158 27
470 284 16
870 80 8
712 87 7
97 3 10
143 1381 7
222 546 1
450 824 6
737 958 3
1053 365 2
161 75 8
648 1118 5
934 531 2
627 97 8
119 34 41
154 586 2
466 506 6
33 836 2
195 917 20
619 908 8
150 546 2
586 737 2
586 1133 2
923 943 2
921 369 2
914 979 2
586 1029 2
1090 622 35
464 504 2
1164 936 8
301 1326 77
1177 80 8
109 1342 7
1252 854 27
502 840 30
551 1333 2
349 246 2
796 929 7
208 324 2
1355 671 33
369 880 30
233 1207 8
783 417 2
1247 419 2
380 1337 20
880 1197 2
419 1395 7
1215 491 7
774 453 2
1252 226 3
681 118 2
650 1407 2
192 1554 2
864 1243 7
1090 1389 7
1198 335 2
190 620 2
133 172 5
789 97 8
1394 854 27
1215 715 7
22 451 30
894 97 8
502 1211 2
1174 1166 1
1438 1583 8
450 320 19
759 63 8
42 1554 7
338 983 30
1518 1342 7
168 139 3
759 355 8
626 504 2
747 249 8
537 705 5
1177 139 27
1416 535 2
1394 1078 27
999 1578 5
1544 102 8
880 37 8
508 891 8
178 1124 14
582 897 7
671 1186 16
321 338 5
475 166 2
1148 1333 2
1054 848 8
276 32 8
357 558 2
1382 1207 7
139 140 7
823 296 7
1024 423 2
53 1341 30
122 898 2
1 373 6
1359 1274 12
464 1424 2
1158 104 8
190 1152 26
1030 1198 54
51 1455 30
1082 573 15
205 247 77
317 1342 7
1225 535 48
672 796 2
590 21 8
502 483 15
939 387 8
1025 936 8
210 350 2
440 36 2
649 596 16
823 957 8
1052 3 8
814 147 8
1052 341 3
207 909 1
57 685 6
68 93 1
813 249 8
535 1583 8
504 1375 27
1019 119 8
211 917 8
1264 1015 36
205 114 8
938 1166 1
328 1419 8
627 697 1
631 1578 7
285 504 2
1252 1230 20
295 1090 2
1184 1367 2
1128 487 8
880 4 7
1321 502 8
178 1388 7
1476 22 30
267 488 27
1477 1296 0
205 384 3
913 969 5
804 1325 5
111 1070 5
1183 631 7
406 140 7
1526 433 7
216 1070 5
139 882 2
276 728 8
115 1421 1
702 472 5
479 1342 7
1551 1187 4
823 1388 7
591 1070 2
45 199 2
81 594 10
934 476 2
977 891 8
118 766 7
392 90 8
1039 26 2
24 129 2
939 791 8
205 943 77
1130 908 1
981 904 9
519 883 30
923 888 2
702 1570 7
598 387 8
624 883 30
1459 322 1
923 1279 8
1479 535 2
397 1000 5
1158 1420 8
1087 1289 36
699 590 2
672 1424 2
880 652 41
1481 1401 2
449 1024 2
1082 375 30
19 28 8
452 770 2
541 1438 7
923 815 8
1082 428 41
1451 917 2
124 424 8
548 806 2
1296 683 0
1128 1188 2
1407 855 5
1128 792 2
1215 40 7
1087 1395 7
273 1070 5
290 1578 7
484 205 19
651 593 38
988 438 2
1126 172 7
1326 685 7
1236 83 8
1547 1199 7
322 848 8
824 1388 6
789 88 3
1308 320 6
823 1314 5
699 0 0
894 42 8
939 384 5
599 1090 2
172 1389 8
1476 942 30
1209 46 7
1211 958 2
240 1118 5
388 697 2
543 502 8
734 1452 2
1394 335 27
139 1510 2
271 1333 2
685 1070 5
1525 259 2
596 1230 7
337 1450 27
849 880 2
1129 97 15
1396 1243 7
834 1419 8
1493 1515 2
1403 97 6
480 535 2
363 879 2
928 40 2
550 594 10
519 823 30
116 284 6
908 627 6
238 739 27
24 1445 2
1259 1631 2
307 1567 1
192 445 0
148 936 8
700 1624 7
702 199 7
985 1190 41
760 1566 5
1310 1325 5
170 546 30
702 491 7
546 911 31
332 789 2
218 33 2
849 809 30
575 114 8
317 891 7
915 125 2
1239 93 1
1001 1070 2
88 681 27
1106 1070 2
383 187 41
202 971 2
1221 206 2
226 292 2
681 1087 2
846 1227 6
797 908 8
575 384 3
281 1024 27
1125 97 8
1128 104 8
933 412 5
124 293 66
1087 690 2
997 88 3
1087 685 8
607 700 32
865 97 7
1128 36 8
172 18 8
1552 80 7
1547 139 3
432 958 3
1151 658 0
796 820 15
646 502 8
514 284 33
1322 722 14
1279 208 2
999 1320 77
265 897 2
642 462 8
479 1333 2
273 1062 8
267 365 27
26 455 2
1527 249 8
685 824 6
510 39 8
596 588 8
208 881 5
1117 88 5
159 504 2
484 1549 2
653 594 10
1054 1030 2
126 823 2
349 443 12
927 594 1
707 80 8
683 124 1
586 231 2
904 617 84
598 728 8
1413 1325 5
1152 32 8
1481 716 7
923 828 8
558 717 2
349 1447 2
176 584 41
145 147 8
1300 1245 5
478 808 8
1251 1264 2
575 1039 2
558 1009 2
880 597 41
908 255 2
271 1325 5
274 225 5
80 835 7
1197 958 5
558 282 23
440 609 2
761 1281 1
744 1251 1
87 68 2
316 1184 6
540 289 2
978 1054 2
795 116 8
909 80 8
290 357 5
852 187 41
530 1445 2
808 502 8
1450 172 2
759 1337 2
158 1152 26
515 534 1
380 471 20
824 1000 5
1236 424 8
1568 504 2
1022 834 8
658 908 8
277 1407 2
322 793 8
1213 1342 7
1562 151 2
279 479 27
147 959 7
1204 1419 8
360 1566 37
1384 88 5
1271 0 0
977 1199 7
913 1542 5
1085 594 13
45 840 2
580 1102 1
1045 1470 2
1054 1388 7
810 1184 1
1207 116 8
48 586 2
486 1351 2
620 641 2
212 519 35
623 90 8
586 1031 2
1453 376 3
508 139 3
843 1333 2
1052 1053 2
1500 558 2
1187 1217 8
926 546 1
328 1325 5
604 1287 2
45 772 2
944 1239 2
26 168 2
287 320 19
388 178 2
478 1212 8
363 824 2
380 458 2
159 1424 2
143 269 8
36 1199 8
124 341 1
586 859 2
988 536 30
707 1396 8
1184 92 8
0 1574 2
595 166 38
1201 1334 5
694 551 2
702 144 7
880 1450 1
710 139 3
621 1374 57
1128 1491 7
451 622 2
205 1446 7
1224 1415 2
787 1128 8
915 70 2
1487 958 3
551 540 2
1252 114 8
897 957 7
1480 998 29
789 596 33
676 24 2
81 874 2
1359 753 23
98 858 7
651 1166 38
1014 1396 8
1304 908 7
879 971 2
208 728 7
526 430 2
736 434 1
90 770 2
739 1375 27
65 682 7
546 206 2
915 393 8
1125 42 8
636 1199 7
1098 1173 2
187 600 2
1254 1070 5
411 172 2
535 722 2
502 1041 2
530 793 8
627 1024 2
1221 37 7
419 179 8
290 813 8
42 1384 7
865 42 7
451 1239 30
526 654 2
466 991 5
981 34 53
1438 102 8
374 590 2
391 620 2
1407 63 7
594 1275 2
872 139 3
1237 880 15
27 1144 2
507 269 59
977 139 3
1407 355 7
577 1141 2
1271 1371 33
601 124 7
1152 1315 7
796 1122 6
147 937 8
987 546 35
908 75 5
42 384 3
279 167 50
140 1052 2
1160 1322 13
944 160 2
1506 25 2
1156 891 7
852 249 8
999 1197 77
119 603 6
199 845 1
803 823 2
1224 899 5
457 360 2
1176 1396 8
1026 1515 2
101 208 2
1158 330 8
1224 952 16
138 671 2
1025 771 2
478 65 8
563 586 2
1122 1393 2
738 1325 5
632 1118 1
592 823 30
894 1024 2
944 485 30
255 1070 5
530 1098 2
57 1203 6
518 1342 7
1117 1396 8
524 880 2
574 453 35
1274 1285 5
1232 172 48
1397 124 1
996 97 8
650 858 12
437 1581 8
872 898 2
872 502 2
1499 349 10
1296 109 0
620 362 2
922 809 30
983 553 44
958 1455 7
1226 771 75
1198 667 27
616 322 2
1438 730 8
1034 1166 1
1470 1340 30
424 1419 8
759 813 8
452 1335 5
369 898 2
42 1097 7
99 1132 0
1547 1062 8
1283 821 2
718 1264 2
1224 533 3
1285 1408 1
16 1151 21
58 879 2
536 915 30
524 809 30
1460 1082 30
858 437 8
591 1296 2
888 939 15
1055 406 7
1303 97 8
883 899 5
25 936 8
796 43 6
1556 622 35
349 1016 12
85 338 5
1259 891 7
596 108 44
915 1061 1
45 765 19
1035 504 2
1526 820 8
534 1514 0
522 1070 5
457 1384 2
880 1238 41
586 804 2
1479 365 2
1545 1325 5
135 80 8
338 163 7
625 338 5
80 1116 7
905 1082 2
125 1236 8
440 890 2
916 147 8
1019 1437 8
1305 139 5
208 787 2
230 1236 8
1082 893 30
1289 761 15
1474 530 2
357 1341 30
540 1258 2
1252 59 8
51 138 30
207 889 2
83 1393 2
108 742 8
98 453 2
261 1132 0
258 338 30
57 228 6
1450 1141 2
995 942 33
205 531 7
1128 1305 8
1137 139 3
1555 1141 2
835 958 5
999 21 8
1447 284 33
1211 1252 2
543 796 8
878 172 2
1373 1187 0
1215 94 7
823 1006 71
1198 798 2
995 273 8
1421 891 7
189 42 8
847 524 7
45 1121 2
934 961 1
338 362 30
1306 102 7
283 1322 13
880 867 45
454 883 16
284 1099 2
160 1144 44
34 1290 38
164 958 3
917 1196 2
533 1524 5
1055 1326 7
54 97 8
234 1243 7
1054 628 2
1108 1325 5
28 1310 8
1204 1325 5
917 1150 7
999 850 77
519 1341 30
1460 761 15
349 717 2
240 1073 2
624 1341 30
772 275 77
1047 796 7
1 252 6
365 102 8
1035 1424 2
1144 1418 7
665 988 2
1481 652 2
673 1054 2
41 380 14
1000 1070 2
335 365 2
899 308 7
1114 1046 12
1251 466 2
1196 1152 26
208 1415 2
502 1588 41
80 37 7
546 514 1
323 213 7
1133 124 7
576 958 3
187 1345 2
774 1252 2
307 747 2
101 80 8
1336 936 7
880 1554 7
1158 1315 5
885 159 2
419 91 7
295 933 2
1340 908 7
303 603 2
1562 309 33
323 437 7
1022 36 8
84 594 2
434 1384 8
1562 1352 2
39 824 6
594 412 5
880 221 2
1190 1047 16
411 1141 2
759 471 2
216 97 8
1087 812 2
1024 1131 20
957 936 48
1209 900 7
279 369 27
321 97 8
501 1243 7
759 763 2
1375 1325 5
395 936 8
922 720 15
507 326 8
852 603 2
1240 1156 5
727 1173 2
527 102 8
824 863 6
334 1187 0
45 438 2
42 646 7
945 1342 7
1183 406 7
620 239 2
1103 390 8
192 213 8
915 345 0
500 1525 2
1405 796 2
35 1333 2
546 1500 30
479 284 6
1510 796 2
1173 893 33
439 35 30
977 1062 8
470 320 6
928 848 7
713 821 2
118 937 7
1303 42 8
544 1118 5
829 1139 33
575 1041 2
704 24 1
449 575 2
1207 1150 5
914 595 53
320 1122 6
1052 479 2
1468 452 7
1341 1578 5
1407 961 35
453 893 2
899 936 7
590 424 8
28 163 8
575 869 2
1139 101 2
1354 466 2
80 228 6
1446 93 1
921 21 2
796 1086 8
1120 1054 7
1302 338 5
1351 728 7
1232 917 48
1082 203 41
647 739 27
942 192 30
540 911 2
928 1168 41
347 891 8
1251 671 33
251 519 35
749 90 1
279 1169 27
307 1271 2
101 1396 8
346 147 8
880 1267 7
212 758 2
367 1325 5
322 628 2
988 505 2
308 344 2
406 715 7
1324 125 2
1291 823 31
1090 1109 7
546 533 3
1304 42 7
642 1384 8
1103 1086 8
300 210 2
1215 435 7
1215 39 7
1525 498 2
483 998 1
1126 999 14
464 1152 26
1303 697 7
1400 766 7
670 440 35
999 175 77
380 1148 2
1405 1424 2
551 284 14
90 920 9
1506 287 33
1394 798 27
1327 90 8
958 1086 8
928 211 2
380 1080 2
64 199 30
1424 765 19
1185 1062 8
1287 309 33
1053 1396 8
575 1565 2
517 507 8
434 111 6
527 459 5
143 787 8
1480 452 12
508 147 8
594 1092 8
337 1449 27
365 47 8
702 662 7
143 369 3
593 663 8
192 903 6
876 307 5
642 272 31
1090 743 5
689 249 8
317 1062 7
314 1393 2
463 908 7
213 1342 7
1228 1590 1
334 1046 12
35 1325 5
323 158 7
1078 1325 5
430 620 2
158 338 5
620 233 27
328 1207 8
599 1187 0
894 914 2
890 28 2
206 322 2
205 1500 7
139 960 31
939 855 5
1515 223 26
1314 113 2
927 761 15
437 783 8
506 824 6
877 24 2
1525 834 2
1562 901 2
24 1214 0
631 1298 7
285 620 2
419 743 3
958 1053 7
694 812 1
1570 908 8
739 536 2
1209 449 7
573 1062 1
321 42 8
1476 138 30
176 85 2
1326 834 8
1461 974 30
334 1132 0
527 47 8
176 39 7
1265 1184 6
672 1152 26
267 908 7
1416 883 2
1184 623 2
406 297 8
1383 1260 7
594 1455 7
252 26 27
921 1471 7
112 1070 5
601 292 2
713 474 2
771 1557 5
601 642 7
205 767 77
183 90 8
928 1131 2
1163 1236 8
915 222 0
915 263 1
1264 751 2
337 78 27
707 147 8
911 502 2
720 83 8
453 942 2
1158 848 8
1121 1393 2
737 1325 5
939 839 8
667 90 7
223 1152 2
80 318 7
1359 1291 33
389 720 15
558 388 2
457 518 2
28 108 8
125 42 8
575 855 3
1082 479 20
551 998 2
998 533 1
1228 219 1
440 780 2
62 1102 37
233 80 8
627 338 5
519 349 1
238 796 8
729 1152 26
880 862 2
1190 1292 16
290 1298 7
834 1152 26
736 846 6
988 158 2
767 332 2
140 934 5
1291 761 15
552 97 8
151 1112 2
1476 1126 30
657 97 8
1198 584 53
913 279 30
462 958 5
880 1086 2
670 453 35
147 309 16
936 358 5
720 519 1
42 531 7
745 656 2
813 809 1
1179 593 7
836 1525 2
139 938 2
847 810 7
176 1005 2
1284 284 33
1197 97 8
33 905 2
638 1581 8
406 1321 8
323 884 5
915 1355 1
1264 1109 7
858 663 8
611 452 2
377 702 12
1458 115 15
258 307 2
1525 375 2
720 487 8
834 1144 2
718 671 33
1044 1604 38
1303 178 7
796 269 6
485 575 2
97 1399 6
753 631 15
463 279 2
143 44 8
737 915 30
591 307 33
586 1030 2
988 311 30
823 65 7
1382 80 7
347 1199 7
1090 519 35
284 1307 14
1479 883 2
917 622 2
878 739 27
928 83 8
593 1004 8
742 286 15
452 1217 8
618 1070 5
323 1414 7
82 547 2
152 338 30
1110 434 2
990 1044 12
1224 31 16
213 891 7
699 998 29
872 1424 2
1308 1236 6
637 879 74
253 1642 5
880 1449 1
657 1090 2
1446 284 33
913 1371 30
83 1515 2
1360 369 3
441 80 8
900 1207 8
599 1132 0
1449 488 2
192 1550 8
371 1578 5
446 697 2
1117 147 8
535 1253 2
97 326 8
557 451 50
1019 226 3
555 1128 8
1207 650 7
988 1078 2
557 1139 50
1198 628 2
85 908 8
463 1224 30
505 823 2
958 269 6
1424 728 7
631 1243 7
934 412 5
178 1099 2
584 823 16
510 1097 7
711 1224 2
35 603 2
466 1203 6
945 590 2
727 771 2
181 1236 8
279 609 2
324 596 30
514 1407 2
1394 140 7
631 820 8
124 433 5
1287 950 33
1376 1424 1
22 1287 2
24 458 33
1448 915 30
713 419 2
594 1337 8
480 883 2
383 553 2
861 998 29
205 712 77
884 1118 5
498 80 8
115 622 1
1341 384 5
51 1456 30
1252 882 2
550 821 2
255 97 8
1158 793 8
1481 436 7
137 139 3
447 284 33
97 252 6
1474 988 2
1414 1325 5
742 810 15
575 462 8
796 189 2
494 338 5
692 172 8
62 1325 5
1537 338 5
1316 908 5
1207 1346 7
1230 914 2
167 1325 5
1338 210 2
1317 1393 27
83 540 2
501 1105 0
823 960 30
530 1561 2
903 1581 8
880 411 2
945 419 67
868 701 2
636 45 2
1120 917 8
290 1243 7
441 1396 8
501 1397 0
898 766 8
759 661 2
1128 848 8
552 88 3
1019 808 8
557 1371 50
34 667 40
176 726 2
1044 1270 5
552 42 8
406 605 7
159 1152 26
1224 376 3
1213 1062 7
657 42 8
915 1194 30
913 620 30
86 213 8
1326 719 8
1530 20 2
1476 315 30
671 724 30
42 476 7
307 1194 30
324 1224 30
533 944 30
879 381 14
843 365 2
1446 904 9
823 1389 7
1461 1496 41
161 21 8
1052 773 2
522 97 8
1187 937 8
510 387 8
278 28 2
450 1062 6
590 327 2
45 492 2
901 1566 37
31 208 2
88 120 5
927 546 1
575 1163 2
1146 1342 7
913 320 6
24 818 2
1025 858 12
1082 840 30
1137 1419 8
994 242 57
1399 88 3
1317 88 5
1351 1418 7
337 1047 27
806 1525 2
1196 338 5
457 1550 8
290 877 5
1481 1402 2
1481 1006 2
125 620 2
696 1236 8
210 233 27
452 433 7
167 915 30
139 1500 30
796 916 8
135 147 8
558 1357 2
1139 223 2
1019 1212 8
452 766 8
80 1183 7
322 922 2
457 1482 8
633 908 6
540 1033 2
590 606 35
50 1190 41
1254 88 3
1220 320 6
438 284 2
671 1418 8
155 594 10
880 1097 7
1261 936 8
69 488 2
535 568 7
893 1371 2
86 1305 8
338 309 30
300 796 2
147 950 16
1184 854 27
527 1420 8
761 390 8
898 83 8
846 136 6
908 875 19
1103 916 8
279 1223 27
1215 265 7
390 1371 2
1525 724 2
55 90 7
762 908 8
1424 277 7
849 553 2
1536 63 7
521 341 59
745 891 7
42 1500 7
502 1449 2
1303 923 7
867 908 8
1326 36 8
380 978 2
1275 1562 7
1264 994 37
631 770 2
707 1525 2
566 1166 1
1184 221 2
926 998 1
1394 628 27
1081 1199 7
823 18 7
1407 517 2
1302 908 8
1158 1388 7
625 97 8
1 95 6
302 904 9
934 960 1
1229 891 6
26 516 2
581 1252 2
730 97 8
501 230 17
699 1287 2
1112 810 15
739 68 24
578 1199 7
1083 971 9
127 26 2
488 498 2
126 488 2
1162 90 8
1225 1102 5
818 656 2
147 480 65
231 488 2
290 1505 5
34 379 2
783 1455 2
914 1449 2
1024 661 2
1413 990 5
1166 116 8
205 1106 7
270 915 30
952 928 45
20 90 8
344 891 8
593 1577 8
915 126 2
157 338 5
546 726 2
814 139 3
314 1515 2
915 855 3
677 958 2
721 1465 5
1016 821 75
531 1562 2
923 75 3
452 83 8
202 972 2
95 1506 2
383 823 30
416 166 2
614 0 5
323 676 7
921 872 30
530 1214 2
530 818 2
1045 380 40
769 504 2
300 1424 2
438 1199 8
999 424 8
1209 743 7
1212 80 8
1019 65 8
891 1420 8
80 432 7
420 880 2
869 97 6
787 97 8
359 338 5
253 527 1
761 1310 8
1216 502 8
880 387 8
861 1287 2
934 1364 1
828 1453 2
502 78 2
601 936 7
1438 54 8
471 97 6
527 215 3
864 83 8
1054 1495 2
507 789 8
913 1207 5
560 1062 5
30 1184 2
1081 166 2
1184 1578 3
222 0 0
1078 1207 8
522 88 3
1284 821 2
45 145 2
1155 1396 8
147 848 7
944 216 2
891 393 5
1046 822 74
45 437 2
847 277 8
934 318 2
891 1122 6
582 34 53
192 678 30
1045 1062 8
692 917 8
24 367 2
586 628 2
1215 991 5
852 307 30
442 1252 2
1233 122 1
1453 743 5
1152 622 2
217 575 2
910 434 2
1121 1515 2
681 1342 7
1036 796 2
489 90 8
813 495 8
1137 1296 8
440 610 2
623 1152 26
314 540 2
347 671 2
323 1304 7
147 1168 41
889 1052 2
915 1437 8
347 1062 8
530 1446 2
917 881 3
897 663 8
633 97 6
727 594 10
880 646 7
1128 1030 2
200 823 2
920 284 14
641 488 2
502 1375 27
1003 1112 23
322 357 7
1212 1396 8
251 622 35
1461 1500 30
1446 821 2
504 638 27
1317 1396 8
1487 1325 5
69 365 2
292 661 2
502 706 2
86 390 8
737 1207 8
85 88 3
1035 1152 26
1082 692 2
45 841 2
944 912 2
33 1131 2
1397 795 7
85 42 8
1394 281 27
1394 677 27
704 1287 1
24 293 0
4 908 6
1126 781 30
625 88 3
285 90 8
1296 1550 8
1040 1298 7
439 1126 30
244 700 32
917 974 7
380 855 2
274 113 75
1302 97 8
1360 1564 1
999 174 77
485 796 8
1047 958 2
923 1462 2
1138 908 48
1166 129 8
201 705 5
849 823 30
1382 702 7
907 208 2
355 249 7
823 228 8
1232 338 5
192 683 0
703 1199 8
702 437 7
207 576 1
287 598 30
593 834 8
679 1342 7
230 546 33
1024 606 2
487 90 8
1407 53 35
205 1447 7
1128 1388 7
592 90 8
425 1102 37
787 1088 7
507 1457 1
915 71 2
434 506 6
231 365 2
208 1135 2
789 397 2
1179 279 71
729 338 5
915 462 8
992 656 2
447 821 2
1170 1187 0
1351 554 2
1098 858 12
81 771 2
879 972 2
627 656 1
1146 1325 5
701 1566 5
759 259 2
1100 1090 2
541 575 2
603 1496 53
534 789 2
279 1299 2
620 1338 2
124 727 5
1176 809 1
530 1086 8
1181 1070 7
594 1298 7
739 311 2
647 796 8
292 1243 7
1477 1187 0
1054 1148 2
507 46 8
307 396 30
578 1070 5
291 936 8
933 1002 2
864 424 8
208 1392 30
999 1266 77
731 527 7
485 1393 2
841 1342 7
139 773 2
387 1322 13
928 218 2
1081 502 8
1562 622 34
26 693 2
56 1224 30
1265 891 6
1287 512 2
928 568 7
455 596 16
1087 519 35
1128 1314 5
1139 1200 2
996 338 5
365 455 2
923 91 2
9 419 1
586 177 2
1133 936 7
102 1199 7
575 693 2
337 541 27
919 739 2
1338 504 2
1190 138 35
1333 681 27
1131 205 2
315 891 7
1566 929 57
617 546 35
116 249 8
546 1299 2
440 555 2
540 235 2
307 699 2
1135 172 8
877 1287 2
919 1062 8
809 56 30
917 92 8
534 1101 12
1405 1152 26
1553 958 2
582 1118 5
995 315 33
1022 92 8
410 417 2
1446 474 2
1476 609 30
995 607 33
70 208 2
391 880 1
65 0 7
1326 1305 8
168 917 2
117 823 30
823 379 71
993 936 8
49 534 2
972 434 1
292 314 2
863 97 7
731 1322 13
627 1549 2
1215 155 7
1527 891 8
292 606 2
1321 917 8
847 626 8
45 390 2
205 1634 77
784 1529 77
33 1076 2
1061 1359 2
1394 226 27
485 80 7
148 212 2
988 258 30
893 176 45
858 834 8
494 908 8
734 1239 2
1233 471 1
1525 150 2
255 1024 2
693 1393 2
594 588 8
1393 1388 7
465 1181 7
1145 1342 7
1040 1243 7
125 914 2
704 809 2
939 1310 8
205 1462 77
1302 42 8
796 336 6
1360 1509 1
1526 1217 8
908 163 7
440 918 1
457 989 2
915 1354 1
502 976 30
248 1322 13
775 225 5
210 1169 2
453 1345 2
914 1047 2
337 1169 27
337 1565 27
605 139 3
1024 259 2
53 781 30
147 83 8
164 1325 5
742 61 15
578 1062 8
1338 1424 2
192 623 6
990 1408 57
322 373 6
397 1415 5
1463 808 7
784 891 7
569 702 8
447 474 2
213 1062 7
1474 823 2
912 796 8
598 840 30
1215 955 7
54 338 5
346 891 8
809 976 30
1317 540 27
653 771 2
1437 553 2
661 936 8
1019 59 8
1209 341 7
769 97 8
409 958 2
441 147 8
555 507 8
850 1073 2
718 761 15
1562 329 2
1209 633 7
1207 1550 8
546 881 3
190 292 2
502 987 2
26 1375 27
639 284 2
576 1325 5
401 936 7
1499 1562 10
0 1514 0
295 530 2
820 998 1
1184 411 2
834 1236 6
395 210 2
1140 1187 0
1053 1525 2
847 1213 7
1312 1581 8
1207 1086 8
500 210 2
1477 1132 0
59 90 8
706 97 6
913 846 6
712 783 7
388 1112 2
1166 980 27
500 898 2
500 502 2
841 1333 2
704 1517 12
575 1375 27
784 846 77
273 166 2
384 734 7
988 1231 41
1152 1162 1
1 613 6
126 26 2
718 118 2
596 83 8
928 163 2
361 824 2
1055 1322 13
80 1335 5
944 106 2
205 91 77
999 1143 77
933 833 7
806 380 2
110 527 1
586 122 2
1041 917 2
657 1187 0
931 97 8
883 1315 7
71 1506 0
1566 582 57
1082 303 20
449 172 2
779 1199 7
891 1381 7
796 63 8
458 936 7
899 205 7
80 726 7
1316 1062 1
796 355 8
898 568 7
417 322 27
1198 1495 2
763 97 6
889 546 2
312 1360 2
125 90 8
995 929 7
917 37 8
88 239 2
1019 291 8
338 1455 30
429 1461 8
1198 681 27
638 1082 2
432 1207 8
981 488 2
1446 419 2
898 833 8
406 817 8
824 111 15
45 1004 27
926 761 15
969 732 7
1103 63 8
1184 1097 7
499 558 2
1087 808 8
863 42 7
1396 167 7
1306 1127 7
168 147 33
961 202 7
292 551 2
756 694 39
347 823 31
870 139 3
33 625 2
171 796 8
634 1207 8
273 1581 8
115 1093 1
702 1414 7
591 858 12
81 720 15
1262 1102 37
205 1115 77
642 983 30
707 208 2
928 1479 2
575 938 2
337 1153 6
586 458 2
239 958 2
1526 766 8
95 284 52
1250 419 2
45 368 30
1162 1236 8
29 908 8
723 88 3
921 44 7
528 0 0
1461 1401 2
1252 78 2
1525 116 20
593 36 8
1359 36 33
820 939 15
736 1325 5
1120 1393 2
774 739 27
452 937 8
841 1325 5
76 1360 2
447 419 2
1444 1199 2
295 1562 2
1287 99 0
368 1360 30
185 586 27
535 681 2
1046 801 10
281 172 27
1014 891 8
183 915 2
202 1398 39
1090 1448 2
322 916 8
546 92 8
858 787 8
1372 501 5
859 914 2
939 493 6
745 1062 7
338 704 30
1461 347 30
242 99 0
494 1090 2
158 975 2
1283 284 33
750 1371 30
1047 1252 2
1196 97 8
270 365 2
594 770 2
1184 387 8
370 45 2
1506 976 33
923 1314 7
161 716 8
1246 1280 57
514 453 34
241 521 2
273 502 8
484 656 1
1398 620 2
701 33 2
1130 1 1
1166 355 8
1154 249 8
241 453 2
1033 796 2
1382 824 7
702 267 7
1082 1588 41
931 88 3
623 338 5
1247 452 12
1102 1079 57
931 42 8
453 607 2
1503 97 8
1486 80 7
1252 1389 8
434 336 6
349 491 2
779 1581 8
1228 1591 1
317 1396 8
1225 548 48
102 671 2
540 1436 2
383 598 30
878 80 7
648 1128 2
102 1062 8
722 1070 5
1044 1024 40
933 311 35
139 524 30
139 961 31
1003 590 2
143 99 0
1209 518 7
140 307 5
172 159 2
1554 452 12
84 936 2
530 554 23
1553 488 2
133 1209 5
530 916 8
1394 1495 27
880 459 2
12 737 20
1172 936 7
147 737 2
1398 1024 2
609 823 2
836 898 2
294 908 8
944 455 2
1177 488 27
139 661 7
988 1459 30
1526 533 3
858 36 8
637 113 75
1307 28 8
1516 1252 2
795 1298 7
941 1581 8
1507 892 2
205 372 77
338 1095 12
1106 1132 0
479 1396 8
249 1611 2
317 593 5
718 1087 2
532 958 5
380 2 2
157 97 8
928 1127 8
166 68 24
742 1330 15
494 42 8
699 1371 33
348 547 2
202 714 1
1033 1424 2
301 700 77
1024 1460 2
1138 1424 2
20 452 7
796 641 2
593 377 8
671 1607 2
1283 904 9
420 284 6
1225 1572 48
1019 932 8
307 925 2
451 458 2
915 1212 8
464 97 8
645 24 1
1371 106 29
141 904 9
889 1515 2
897 834 8
78 172 2
516 1333 2
1009 958 3
1304 452 7
581 495 8
880 1155 2
507 99 0
642 1299 2
1228 543 7
322 574 2
995 437 33
759 1405 2
300 178 7
1025 1118 5
879 411 2
1424 1004 27
1314 1046 12
1231 172 8
434 355 8
721 93 5
503 846 6
1177 1184 27
406 557 7
1445 113 2
879 1398 39
996 908 8
546 37 8
1198 689 2
535 162 2
166 762 2
86 899 3
267 1525 27
45 616 2
883 810 15
939 438 6
944 1479 2
170 0 7
377 1087 2
1173 579 2
580 1566 1
271 1054 2
1196 88 3
841 535 2
603 1075 2
208 539 30
586 1495 2
1460 720 15
1196 42 8
923 1305 2
707 1199 7
1052 1121 2
934 388 1
115 63 1
380 1026 2
582 1396 8
1230 546 25
980 642 30
403 139 3
796 1337 2
661 178 1
1314 1132 0
713 284 33
1383 510 7
626 97 8
380 922 2
64 437 30
502 806 30
923 1633 2
923 1237 2
779 824 6
432 1424 1
707 1073 2
300 1152 26
520 507 0
1171 958 3
18 97 8
1058 90 8
800 908 8
290 1225 5
1544 412 5
914 1565 2
1046 421 9
1 39 6
914 1169 2
479 249 8
540 1449 2
1503 88 3
1253 284 33
1163 90 8
3 1342 7
1527 1070 5
98 702 7
82 548 2
1503 42 8
1014 1199 7
990 1045 12
563 26 2
1336 535 7
1215 785 7
530 246 2
1232 1549 2
190 586 2
891 848 8
501 1057 57
575 59 8
1264 389 36
324 320 19
988 1079 2
823 1021 30
624 1562 1
1108 80 8
724 845 12
603 1479 2
1394 1148 27
631 848 7
1184 1033 2
721 1515 27
55 42 7
1554 742 23
1326 92 8
1080 917 2
1393 854 27
1184 569 2
594 1005 7
853 771 75
285 97 8
90 270 5
602 936 7
1224 743 5
1402 936 8
338 1086 7
847 101 8
671 362 31
702 1304 7
205 317 77
42 114 8
928 681 2
468 1070 2
24 1439 33
1389 891 7
978 988 30
1494 45 7
825 97 8
642 873 30
1052 78 2
707 139 3
1300 1430 5
440 106 2
483 917 8
1162 42 8
673 1199 7
337 420 27
720 75 3
769 1152 26
122 796 2
51 1457 30
453 342 58
1207 937 5
1359 745 2
1488 165 2
685 1544 2
453 492 2
576 1207 8
1024 1405 2
582 249 8
139 873 30
453 784 2
1158 1086 8
335 488 2
315 1062 7
28 54 8
176 597 41
988 1437 7
211 1342 7
323 732 7
1242 917 2
1317 1394 27
898 1127 8
1380 1128 20
464 42 8
357 781 30
998 766 7
1333 183 2
1326 59 7
1019 855 3
1152 269 8
759 662 2
88 815 7
1046 3 10
27 880 15
205 116 8
820 761 15
1114 466 2
1224 39 8
1071 1649 2
852 1190 2
620 138 2
1142 377 5
1476 676 30
855 540 2
500 1424 2
350 1118 5
534 873 33
1394 69 27
1213 1396 8
488 1004 27
455 1118 5
69 80 8
1077 488 2
1396 685 7
1515 857 2
750 904 9
934 401 1
939 779 6
544 307 30
24 491 2
858 213 8
155 1173 2
439 158 30
350 999 16
373 1342 7
502 68 24
181 90 8
1383 501 2
626 88 3
501 716 8
205 1633 77
205 1237 77
33 1075 2
1054 167 8
796 111 6
1287 200 33
519 781 30
577 166 2
193 1173 57
1233 470 1
18 88 3
45 1282 30
624 781 30
1152 678 2
242 606 79
1052 1389 8
18 42 8
282 720 15
1252 200 2
914 1510 2
1069 1525 30
679 1062 7
349 89 2
1415 904 9
662 1424 2
125 908 8
681 821 2
212 1345 2
322 877 7
1481 584 33
121 1322 13
897 719 8
419 888 2
1315 603 52
1215 730 7
1450 917 2
78 1141 2
1114 406 2
178 46 6
912 904 9
221 1236 8
98 958 3
510 341 5
1340 97 8
937 1325 5
1438 1161 7
1211 1424 2
1209 116 7
535 803 2
45 1315 7
1457 891 8
1209 408 7
454 1070 5
1391 88 5
510 1323 48
1224 959 8
1336 308 7
425 527 7
603 1028 2
620 1058 2
502 762 2
493 284 6
678 1139 30
1322 65 8
720 1093 1
24 1105 0
420 936 8
819 1118 5
292 1405 2
502 1450 2
451 960 30
1421 1396 8
367 1102 37
1326 37 8
847 1384 7
33 1479 2
42 1397 7
69 1396 8
736 1207 8
636 1581 8
606 530 1
28 1550 8
723 1073 2
796 1203 6
285 88 3
444 720 15
1287 1292 33
1184 514 2
1295 1024 2
285 42 8
28 1086 8
1158 119 8
917 489 6
1479 1525 2
1083 972 9
1229 1184 6
91 495 5
688 178 1
240 453 2
470 535 2
899 548 7
928 626 2
1359 2 2
598 102 8
772 739 77
783 1456 2
160 596 30
464 1371 2
1024 662 2
265 596 30
1296 1335 5
1359 890 33
301 590 77
1148 1207 8
771 52 1
57 1388 6
322 1505 7
741 1608 2
202 577 2
323 677 7
333 908 8
546 973 7
897 36 8
226 586 2
290 23 5
846 1125 6
279 952 16
833 338 5
1140 113 2
1321 80 7
1031 172 8
1215 1254 7
880 357 2
1019 462 8
1221 792 2
465 1578 5
80 433 7
652 1199 7
717 990 37
322 167 8
398 823 2
177 1393 2
156 594 1
661 28 8
1462 28 59
406 551 7
620 479 2
503 823 2
279 541 27
279 145 27
922 187 41
848 320 6
3 1325 5
929 958 5
467 377 5
178 65 8
1244 880 15
641 80 8
166 256 2
1326 957 8
928 1030 2
996 42 8
154 546 2
606 1549 7
176 896 2
485 34 53
277 1396 8
157 292 2
852 1062 8
259 546 2
162 612 2
1338 1152 26
365 929 7
139 1121 2
613 958 3
631 83 8
594 313 2
858 158 8
1373 936 7
390 908 8
1024 1358 2
161 259 8
1567 1236 1
373 891 7
1037 898 2
527 1514 66
928 1254 2
279 1204 50
936 1243 7
501 265 8
113 487 1
707 671 2
598 730 8
21 914 2
1082 390 30
704 879 7
1250 590 2
923 731 2
923 1127 2
1327 1070 5
253 97 8
594 532 8
1035 908 8
124 1127 8
135 139 3
898 667 27
1502 307 33
719 1070 5
440 611 2
28 627 8
681 474 2
572 434 2
1354 534 2
451 684 2
88 1456 7
440 903 2
170 1236 6
898 1309 2
1326 1388 7
540 979 2
380 833 20
208 462 7
1124 1396 8
1337 908 7
307 1443 2
895 90 8
863 139 5
192 1446 2
177 1333 2
88 1388 7
1084 823 33
621 868 57
1014 1062 8
1329 1112 2
606 1562 1
377 1236 52
527 929 7
1119 1062 8
442 139 3
248 353 5
1394 350 27
1215 211 7
37 1 6
517 28 2
318 612 80
292 662 2
502 707 2
1103 1550 8
530 63 8
494 933 2
934 1078 1
290 83 8
530 355 8
1221 36 8
1126 823 31
841 365 2
603 905 2
1053 1199 7
1400 834 7
958 471 2
988 606 30
300 671 30
213 88 5
543 451 30
666 705 5
110 419 1
1061 596 33
543 1139 30
1393 471 2
1333 412 5
1549 1610 56
561 1453 2
1567 553 1
1438 412 5
143 167 8
373 249 8
1391 1396 8
220 914 2
26 68 24
790 507 7
45 1459 30
92 958 5
761 668 1
1176 1062 8
396 535 30
1252 773 2
1128 1389 7
1236 685 7
206 166 2
1463 1156 7
1188 1070 5
452 75 3
442 502 2
673 1062 8
526 751 1
268 1325 5
1114 1112 23
307 468 2
1291 928 45
617 88 5
530 1160 2
1215 907 7
46 1070 5
535 1480 2
535 1084 2
98 1152 7
988 909 2
1525 1366 2
823 851 30
1221 737 2
535 1376 2
441 891 8
1323 891 7
878 958 3
1247 453 34
743 410 7
322 112 8
1352 440 35
1415 742 57
1429 63 7
554 939 15
1103 179 8
12 116 20
267 380 27
864 75 3
1515 455 2
1306 1243 7
698 338 5
626 1024 2
607 24 2
45 159 2
1506 491 2
1002 596 14
391 914 2
999 1267 77
133 88 1
139 774 2
1054 1395 7
847 291 8
250 1342 7
734 216 2
912 846 6
147 881 3
155 771 2
163 90 8
543 1371 30
1129 124 1
1448 642 30
928 907 2
1041 1333 2
1188 64 50
1039 210 2
915 727 1
434 1203 6
1550 1118 5
1391 322 2
442 1198 2
430 1488 2
648 824 6
247 1396 8
1052 533 3
210 1230 2
210 834 2
98 1556 7
1409 440 35
1158 916 8
624 671 30
950 928 45
327 940 2
753 824 6
1340 1371 2
187 1291 16
917 458 2
101 1581 8
440 160 2
913 80 7
1221 1491 7
1391 249 8
1035 97 8
795 63 8
995 676 33
502 230 41
889 998 2
763 928 2
1132 719 8
880 638 2
112 502 8
62 1566 37
860 338 5
22 64 30
46 824 6
501 1578 5
988 622 2
565 671 30
1429 3 7
1200 1236 8
322 641 2
1328 178 2
357 338 5
285 1024 2
406 728 7
1382 1325 5
1341 663 8
981 1128 2
440 485 30
1144 25 35
102 192 30
406 1457 8
502 652 2
1525 219 2
834 988 2
1053 898 2
847 627 8
1126 761 15
602 1102 37
212 70 35
1403 57 6
380 869 2
1047 284 2
359 349 2
1287 98 33
145 759 2
24 1009 2
1393 1389 7
594 886 2
451 782 30
199 642 30
1040 1577 8
20 923 7
999 120 77
1062 63 8
584 593 38
1054 685 8
489 1128 8
143 112 8
240 739 2
1233 696 1
440 815 1
917 794 2
1004 1 6
790 452 7
436 1608 2
51 604 30
819 80 8
1291 212 44
1140 1090 2
768 1507 1
1252 817 8
558 1480 2
745 88 5
806 1324 39
108 1396 8
558 753 23
322 1395 7
213 1396 8
720 658 0
1308 908 6
483 720 15
1461 370 2
880 1220 7
671 626 8
744 447 1
1144 1409 35
1306 568 7
541 958 3
502 638 27
557 915 50
939 1305 6
1418 739 27
642 31 2
763 172 8
1325 37 8
720 1314 7
384 1199 7
1033 1152 26
1407 766 7
238 1325 5
419 22 8
279 35 27
1055 1396 7
794 546 35
958 1462 7
1138 1152 26
45 104 2
961 205 2
406 18 8
421 598 30
999 1212 77
999 816 77
661 958 5
35 702 8
772 1429 77
915 1283 21
934 1578 7
726 936 8
1287 62 2
1155 891 8
914 638 27
1258 322 2
1252 1122 2
1236 1227 52
891 1059 1
64 840 30
575 707 2
159 292 2
463 1371 2
217 739 27
53 97 8
377 502 8
127 936 8
1372 928 7
1024 492 2
365 693 2
823 1099 2
1129 1 1
909 45 2
1315 1525 52
42 1518 50
805 28 8
421 1073 2
997 1572 7
86 1395 7
1214 908 7
674 823 33
1242 796 2
695 90 8
441 1199 7
1480 139 3
1565 322 2
1035 42 8
91 8 7
395 178 1
1439 940 2
101 1062 8
897 158 8
759 833 2
207 104 2
147 98 16
43 1199 7
905 958 3
197 702 8
1128 916 8
322 685 8
1003 998 29
1184 1436 2
1317 891 8
620 601 2
1522 80 7
402 958 3
1296 1217 8
507 808 59
502 597 2
1204 1207 8
1184 610 17
737 702 8
939 158 6
944 803 2
205 1580 77
862 28 8
33 626 2
620 533 2
1526 881 3
1271 558 2
1076 365 2
704 823 2
143 1395 7
923 733 2
1394 464 27
277 453 34
823 1457 7
923 1421 2
1215 1578 5
178 119 8
1244 934 15
1255 1496 2
1090 704 35
380 350 2
618 147 8
1197 42 8
128 210 2
88 584 5
1053 1062 8
1139 463 2
723 147 8
468 558 2
1047 453 2
116 891 8
230 1152 2
1233 641 1
546 1557 12
623 988 20
823 119 8
1479 208 2
1152 1578 3
460 874 2
1483 45 2
990 562 57
1136 936 8
11 772 19
541 739 27
86 294 2
1123 891 7
559 97 8
86 685 8
441 139 3
535 974 2
1025 1070 5
466 1388 6
136 603 52
173 208 2
406 1301 7
720 472 1
1024 54 20
631 568 7
401 824 2
843 1525 2
917 441 0
502 829 2
437 451 30
26 360 2
365 1375 27
1151 99 0
1282 530 1
928 177 2
5 249 1
883 1124 30
124 533 1
277 147 8
841 883 2
1184 289 2
1233 1045 1
554 761 15
988 1124 30
23 546 2
923 1315 7
1233 1337 1
147 37 8
1322 455 14
702 732 7
722 495 8
739 129 8
1173 888 23
32 45 2
917 1097 7
42 1239 50
1054 471 2
917 1389 7
1042 365 2
928 401 2
899 323 7
575 256 2
143 685 8
1022 1389 7
1474 1173 2
1252 311 2
276 384 3
1045 502 8
337 140 27
395 1152 26
329 1112 2
1228 1592 1
320 269 6
853 353 5
517 904 58
1357 284 33
241 1139 30
1566 627 12
534 1084 2
1506 568 15
883 1135 2
761 1550 8
98 1419 8
52 338 5
347 502 8
995 479 7
1132 213 8
526 909 1
929 847 0
411 1052 2
915 983 30
759 778 2
489 1070 5
837 115 15
1424 1437 7
176 109 7
1099 172 8
995 102 33
752 1342 7
45 513 26
592 338 5
818 88 5
880 460 2
1103 743 3
1540 1236 8
285 914 2
267 210 27
1296 433 7
720 1491 7
144 1342 7
267 898 27
267 502 27
1476 36 30
1377 139 5
292 497 2
1047 739 27
728 292 2
381 891 8
713 452 12
45 677 2
606 1324 7
1506 1009 2
847 855 3
592 603 6
491 1112 2
138 530 1
30 1252 2
594 83 8
337 836 27
631 1468 24
159 1198 54
142 147 2
934 53 1
42 462 8
97 377 6
1025 1359 2
514 80 8
980 307 30
479 187 33
1036 995 1
154 936 8
1445 1187 0
440 850 2
170 212 71
923 605 8
1211 1152 26
1316 1325 5
259 936 8
1166 165 39
36 642 30
1517 301 19
424 1054 7
51 98 30
43 1070 5
1114 590 2
1480 958 59
88 1231 7
440 678 2
148 1070 5
772 1072 7
495 412 5
1451 535 2
306 1342 7
995 1194 33
454 88 3
1317 1199 7
515 1359 1
406 1418 7
1317 139 27
846 321 6
1171 1325 5
411 1342 7
603 1417 27
1223 166 2
1215 54 7
868 1446 2
1281 1236 6
418 534 1
207 677 2
559 42 8
593 1314 5
867 702 2
1144 611 35
995 730 33
979 488 2
348 1609 47
620 882 2
1199 1388 7
1130 631 15
1563 936 8
620 778 2
350 1070 5
1562 512 2
161 438 8
717 1062 7
702 1578 5
292 729 2
387 147 7
806 192 30
613 1342 7
619 880 2
178 1156 8
879 1126 14
759 22 8
237 558 1
944 1376 2
1166 1243 7
939 1127 6
1303 936 7
242 441 0
603 1076 2
53 1371 2
988 381 30
1047 1198 2
1061 702 12
1052 1122 2
1087 3 8
360 908 7
454 671 16
1087 341 3
138 1549 7
940 1290 7
40 958 3
594 711 8
152 307 2
702 677 7
34 564 2
780 847 21
1374 750 2
1054 119 8
569 898 2
349 901 2
1028 26 2
1463 1395 7
1252 256 2
702 213 7
406 1344 5
322 233 27
540 1450 2
192 850 6
1361 192 2
569 1581 8
51 726 30
247 147 8
548 1516 2
1158 63 8
1046 1489 5
1450 1333 2
425 1566 37
322 1225 7
741 990 7
1306 384 5
27 1255 41
1360 685 8
661 1424 2
546 1135 2
416 575 2
1221 220 2
858 1388 7
1242 1252 2
1333 1550 8
139 470 30
823 1307 14
988 1080 2
806 596 30
69 1525 2
805 958 5
986 921 38
1212 139 3
86 1550 8
84 90 2
39 320 6
176 450 7
176 392 2
534 1253 2
277 397 2
620 199 2
731 371 7
1424 626 7
173 1073 2
1536 808 7
917 1014 0
1451 904 9
879 1008 39
147 1079 2
539 1224 30
172 32 8
1341 102 8
324 598 30
960 205 2
865 1236 8
455 824 6
847 71 2
373 783 7
1306 1310 7
1461 421 30
629 90 8
928 750 2
514 139 3
159 586 2
33 516 2
1069 1198 54
1526 37 8
162 332 2
706 908 6
111 1236 52
239 917 2
362 1236 8
118 433 7
928 1078 2
1024 1078 2
45 158 2
944 229 2
453 853 2
349 853 12
796 259 2
575 829 2
449 759 2
913 365 2
1442 1562 1
1445 1132 0
193 546 57
440 399 2
457 825 2
170 553 71
586 641 2
1359 246 2
1152 46 8
301 1334 77
897 119 7
1500 320 19
530 81 10
1152 384 3
548 541 2
548 145 2
502 56 30
592 192 50
922 553 2
550 1407 2
1100 1562 2
315 1396 8
650 1087 2
898 1133 2
202 1321 2
901 879 2
381 598 30
59 603 6
411 1333 2
878 1342 7
806 1224 30
598 676 30
1447 452 12
322 27 69
982 1296 8
1155 1070 5
27 451 30
1437 51 7
1209 1384 7
466 153 5
527 1086 8
273 739 27
874 32 8
1521 80 7
1084 1581 8
176 974 7
1179 1296 7
650 596 33
279 889 27
623 1198 54
13 1070 5
720 70 1
1198 239 2
115 1388 1
292 778 2
603 693 2
90 484 9
530 179 8
1436 90 8
381 1073 2
960 845 12
1296 1298 7
77 147 8
470 908 6
562 97 15
212 241 35
142 1184 2
334 0 0
1375 908 7
441 1419 5
603 625 2
208 485 30
1400 158 7
988 722 30
258 546 2
1262 1112 2
988 379 41
32 908 7
1015 115 15
488 628 2
499 1296 8
951 796 8
1479 898 2
917 1033 2
1472 921 57
1152 1097 7
1335 1102 5
1461 54 20
88 414 5
988 1376 15
142 1070 7
1240 193 5
939 1378 8
286 761 15
898 1491 7
1233 867 1
678 883 2
242 607 79
1371 1376 2
381 176 45
761 388 1
232 380 2
192 73 21
819 147 8
679 1396 8
1225 147 48
334 530 2
1374 919 2
789 118 2
596 1456 30
281 759 27
420 322 2
898 54 2
1098 1359 2
99 1207 8
202 638 2
1337 1198 2
192 1106 2
556 874 2
546 684 2
57 297 6
147 952 16
1215 627 7
535 1200 2
307 480 2
858 937 7
641 1187 7
1225 371 48
172 1315 7
392 338 5
641 1525 2
1128 167 8
1221 119 7
28 412 5
546 278 7
1482 958 5
744 514 1
620 1455 2
603 1029 2
1443 113 2
76 495 8
170 934 7
1525 622 2
1407 937 7
263 1562 2
720 1381 7
1141 223 26
307 513 30
928 403 2
1438 116 8
1265 284 6
606 526 7
242 1014 0
1458 620 30
176 269 2
928 357 7
999 1383 77
1173 1445 2
1013 441 0
452 1491 7
128 1424 2
122 914 2
115 241 1
739 355 8
278 694 39
594 1243 7
1103 1335 5
780 307 30
56 1341 30
1155 1062 8
83 1118 5
648 320 6
978 642 30
1158 808 8
317 88 5
928 627 2
1459 883 16
1163 1128 8
915 155 1
575 774 2
478 881 3
915 447 1
677 1424 2
13 1062 8
917 1238 33
1252 829 2
576 904 58
440 344 2
457 770 2
1251 284 33
1164 97 8
238 365 2
1152 387 8
1506 53 34
453 730 2
917 277 8
429 914 2
218 620 2
913 34 53
291 697 1
596 877 30
88 433 7
744 1314 1
85 1556 2
898 1078 2
901 90 7
1456 453 2
634 57 6
995 396 33
308 1456 2
889 322 2
878 1333 2
639 1152 2
12 636 20
82 694 39
704 915 30
185 26 27
599 0 0
1525 1004 27
290 1482 7
443 113 75
1429 119 7
322 23 7
1212 1062 8
787 1207 5
747 1581 8
1317 1062 8
1184 1211 2
1216 796 8
1090 888 2
1058 1141 2
922 823 30
279 834 27
279 438 27
1532 891 7
1525 335 2
361 1296 2
14 1359 1
944 974 2
727 858 12
928 1381 7
209 440 35
670 1325 5
999 1615 77
928 1323 2
936 875 6
139 1122 2
1275 1173 7
33 693 2
524 823 30
115 1265 1
1556 704 35
263 1371 33
1394 239 27
999 304 77
940 888 7
584 1470 2
1246 824 57
1040 568 7
702 1482 7
1284 1407 2
284 1267 14
582 891 8
1219 1325 5
1315 1325 5
1154 1396 8
590 957 8
1403 42 7
371 102 8
586 922 2
340 558 7
804 898 2
143 228 8
790 276 7
686 147 8
772 57 77
1181 1517 5
1488 1031 2
51 324 30
45 1124 30
433 1536 7
1188 1073 51
593 104 8
1479 671 2
98 593 7
88 1457 7
108 824 8
203 143 7
25 546 35
1326 1389 7
1121 34 53
907 139 3
1506 111 15
322 1156 8
981 1252 2
528 1562 2
546 291 7
1215 676 7
192 1447 2
464 908 8
1187 1315 7
671 54 8
425 879 2
995 63 8
596 836 5
879 638 2
191 307 2
244 1070 5
157 656 1
988 574 2
159 1184 6
867 824 2
498 1424 2
338 840 30
347 928 45
33 1493 2
437 958 3
1394 1039 27
721 322 27
731 1572 7
173 671 2
1527 1199 7
277 883 33
1075 488 2
933 1245 37
45 1135 2
267 45 27
1080 1199 8
833 988 2
1306 116 7
1056 1342 7
878 1325 5
1400 1127 7
1144 875 6
999 932 77
24 1357 2
115 186 1
1054 350 2
1158 65 8
934 1298 7
1564 1504 57
897 1388 7
781 1567 1
1448 307 30
796 1081 6
674 1046 12
329 139 5
361 936 8
480 671 2
87 1455 2
907 502 2
365 116 8
1164 88 3
1202 958 5
894 759 2
106 883 2
552 671 33
396 1224 30
1452 93 1
98 1221 7
217 1393 2
139 368 30
453 675 2
1225 720 48
279 350 50
919 796 8
57 938 6
535 1445 2
546 528 1
563 936 8
1093 891 6
681 284 33
170 846 6
1216 80 7
1210 880 7
978 958 2
1407 412 5
279 555 27
279 159 27
1562 31 33
768 908 8
88 648 2
1549 543 1
1424 1212 7
528 1371 33
1163 338 5
1515 1417 27
1389 88 5
881 87 7
925 594 10
1214 1581 8
494 1562 2
322 743 3
411 759 2
139 843 2
176 910 2
1296 833 59
999 1628 77
147 909 2
534 368 33
815 1360 2
419 766 8
820 1342 7
270 1525 2
628 90 8
112 1207 5
1087 1217 8
1284 452 12
694 1610 2
1245 1665 57
479 1199 7
527 116 8
292 663 8
1054 1437 8
1506 388 2
1397 406 7
1054 1338 2
162 558 2
544 915 21
380 138 2
923 849 2
1264 888 2
1052 269 2
21 928 2
147 1133 2
1021 1517 1
917 1500 7
988 216 30
192 1335 5
642 704 30
1152 241 2
544 847 21
380 70 2
718 824 23
1481 1316 7
514 147 8
1348 1506 2
371 47 8
852 546 30
34 1031 40
898 1381 7
148 97 8
607 642 30
45 381 30
713 453 34
1152 173 2
417 739 27
318 1236 8
187 1292 16
900 33 2
545 917 2
598 678 30
990 386 57
533 1166 1
671 1337 7
249 341 3
620 911 31
322 39 6
1190 724 35
205 266 7
1025 88 3
1443 1090 2
869 1515 2
879 255 2
251 241 35
790 90 8
30 1166 1
283 502 31
1446 452 12
334 1207 8
439 420 2
686 1132 5
809 350 30
1336 371 7
1333 743 3
545 1141 2
592 642 50
1252 18 8
190 26 2
86 743 3
504 189 27
1221 55 2
45 1044 53
483 1184 1
264 115 15
406 1125 7
850 739 2
167 845 1
45 1148 2
1207 424 8
291 620 2
1177 1252 27
1526 1314 7
620 1345 2
1400 848 7
1215 449 7
27 8 5
147 1491 7
292 900 2
847 925 2
451 851 30
850 671 2
152 546 2
1214 958 5
724 205 2
45 1080 2
45 684 2
939 506 6
205 1532 77
810 1424 1
618 172 2
248 904 74
495 1550 8
506 958 3
992 546 35
999 585 77
870 879 9
498 1296 8
841 702 8
1397 1326 7
594 491 2
222 908 1
707 917 2
36 1070 7
145 1052 2
138 1324 7
1541 90 8
915 272 31
267 1419 8
1284 80 8
23 558 2
917 1213 7
934 1243 7
1372 1612 7
601 28 7
106 208 2
1031 1515 2
24 191 33
307 272 31
108 1470 2
322 735 6
435 846 6
1440 502 20
127 210 2
596 987 44
743 1325 5
124 1305 8
1264 91 7
462 292 2
447 452 12
1220 908 6
702 676 7
848 1325 5
93 892 2
648 917 2
200 594 73
421 697 1
535 1098 2
98 1166 7
98 1207 8
664 914 2
168 1236 6
1003 1371 33
80 392 7
796 21 8
1336 603 7
1429 1388 7
869 57 6
1351 59 7
1132 37 8
1215 1249 7
720 992 1
390 1184 6
545 166 2
671 627 8
1338 42 8
1187 186 1
279 104 27
1407 994 37
409 1252 2
759 498 2
1100 933 2
534 381 33
1326 228 8
176 563 2
1337 45 2
158 1054 7
739 258 2
631 916 7
1087 433 7
1264 568 1
1313 958 3
395 504 2
980 139 3
1562 200 33
1200 90 8
1527 502 8
500 504 2
1322 1267 14
40 1342 7
784 452 77
1515 693 2
1305 90 8
145 1342 7
500 796 2
266 1046 12
277 891 8
205 849 77
1156 1199 7
600 97 6
999 1505 77
1173 1567 2
533 1073 30
337 223 26
365 762 2
923 398 2
276 462 8
82 1609 47
720 269 8
596 377 8
1087 70 35
402 1325 5
688 697 1
866 97 15
1448 880 30
685 1342 7
1284 1396 8
97 493 6
1509 11 2
915 277 1
186 1062 5
218 914 2
707 166 2
836 944 30
148 88 3
1030 88 2
546 1227 6
1015 1082 2
1310 139 5
840 781 30
1201 495 5
1332 1264 1
995 1395 7
1082 230 41
648 1062 6
362 1341 30
1455 453 2
633 57 6
1481 838 8
109 1062 8
753 1062 6
890 796 7
266 1132 0
70 1488 7
208 399 2
323 800 7
205 607 7
4 697 14
540 78 2
1124 891 8
642 1416 2
419 719 8
1306 1494 1
1082 652 2
1562 1292 33
650 702 12
620 206 2
1227 249 8
824 1122 6
1215 102 7
720 241 1
1399 1184 6
1314 1112 23
1404 1371 33
843 898 2
611 242 2
620 894 2
1394 533 27
90 1430 5
1424 114 7
318 795 80
502 890 2
934 568 7
1287 1447 2
852 1581 8
1518 1062 8
1259 1199 7
212 704 35
999 134 77
255 575 2
1295 172 2
923 1422 2
1485 1287 2
524 1341 30
391 172 8
110 1517 1
594 390 7
661 1152 26
1215 1475 5
922 1128 2
263 933 2
1481 1201 7
925 874 2
380 1039 2
349 329 2
1250 742 23
1166 21 8
609 80 8
1391 891 8
915 31 2
337 136 6
735 879 9
942 451 30
581 958 3
1029 26 2
1325 1389 7
1228 569 1
410 1456 2
504 101 26
434 777 2
761 491 1
778 958 2
787 917 8
311 453 2
1236 1305 8
78 917 2
1336 548 7
1449 210 2
1341 1305 8
307 255 2
1424 1044 53
647 365 2
1014 1581 8
501 95 0
218 90 8
1421 1199 7
1326 277 8
1515 619 27
534 681 2
17 1129 15
927 720 15
686 275 67
1230 1190 55
176 112 2
1526 1491 7
1282 1287 1
768 42 8
406 32 8
572 440 35
1129 631 15
1131 187 55
1055 1342 7
1396 1381 7
594 1523 8
367 1566 37
917 1125 6
780 546 30
707 1198 2
145 1333 2
1452 904 9
947 1470 2
357 349 2
718 821 2
933 848 7
149 1322 13
834 1139 33
796 945 21
380 233 27
322 1335 5
268 80 8
479 1062 8
135 958 3
1024 798 2
220 1141 2
112 739 27
33 168 2
25 97 8
907 332 2
1323 88 5
1481 856 2
51 782 30
761 412 5
1307 338 5
247 891 8
247 495 8
41 620 14
825 88 3
1358 172 2
1481 450 7
917 52 8
671 877 2
825 42 8
460 88 2
1082 834 20
999 957 8
44 1236 52
211 1396 8
898 848 8
1336 1572 7
1463 743 3
780 453 2
1173 1214 0
530 1283 2
978 1184 2
178 1138 6
295 1173 2
1075 1072 7
530 1575 2
86 341 3
874 1418 7
279 677 27
1124 80 8
88 828 7
805 596 30
847 591 2
739 189 27
1082 597 2
434 21 8
1119 502 8
988 112 8
1207 22 8
1156 1070 5
406 619 7
922 598 30
739 831 2
377 821 2
1261 1070 5
1536 1156 7
1126 1608 46
292 498 2
1333 1335 5
139 255 27
958 37 7
192 813 8
69 139 3
1141 83 6
154 322 2
1424 59 7
401 434 2
45 678 2
147 1381 7
928 1156 7
1477 0 0
484 1264 84
486 397 2
86 1335 5
558 445 0
439 1031 30
692 284 6
205 1422 77
858 330 8
916 1342 7
138 526 7
915 1314 1
999 79 77
227 1118 1
1233 259 1
582 1062 8
373 1396 8
922 1073 2
796 228 6
689 1199 7
1054 226 3
1383 176 7
28 471 8
908 393 2
142 1128 2
1132 186 1
143 3 8
323 1545 7
790 51 7
143 341 3
457 777 2
1382 143 7
907 45 2
1468 1088 7
912 365 2
225 732 7
558 36 33
452 848 8
674 113 2
548 889 2
40 1325 5
997 147 7
1228 514 1
298 1236 6
1031 936 8
80 1197 7
191 546 2
170 97 6
540 1047 2
824 1430 5
1252 244 8
700 293 66
1536 46 52
997 371 7
1525 514 2
69 898 2
69 502 2
1215 347 7
1453 978 3
160 1371 2
1199 1389 7
1328 697 2
211 249 8
165 380 2
1184 595 53
999 102 8
1295 917 2
393 1054 7
270 380 2
677 1152 26
594 1135 7
1424 291 7
161 1127 8
1055 891 7
535 366 85
395 97 8
1141 1399 6
880 65 8
919 1207 5
718 474 2
856 249 8
601 322 7
1540 90 8
1184 235 2
1400 1298 7
1173 1561 2
1391 1199 7
446 88 5
1295 1141 2
22 558 2
161 663 8
127 504 2
543 915 30
1055 823 7
487 507 49
739 75 8
365 355 8
361 320 2
1173 450 33
796 856 6
126 210 2
25 88 3
458 546 2
274 474 75
208 1376 2
1208 1132 0
1054 808 8
25 42 8
454 452 2
1082 159 20
1024 383 2
231 898 2
386 1465 5
325 603 6
897 1491 7
1371 116 8
923 215 8
819 891 8
819 495 8
139 539 30
443 879 74
653 1359 2
478 533 3
238 80 8
1438 1578 7
789 466 2
546 699 1
555 1054 7
247 80 8
86 1578 7
87 1454 2
1124 139 3
919 904 9
9 958 3
1239 936 8
878 365 2
85 880 2
898 798 2
1093 1062 6
1209 825 7
1178 1187 0
858 1389 7
84 847 2
557 97 8
1221 909 2
411 998 2
1098 596 33
267 620 27
823 919 30
1128 119 8
88 423 2
739 844 2
303 1184 2
1562 98 33
759 719 8
74 139 2
322 226 3
176 393 2
1323 1396 8
289 504 2
546 1205 64
1151 345 0
620 200 2
377 474 2
527 355 8
796 519 25
841 1525 2
1539 88 3
35 898 2
620 492 2
643 1581 8
39 1342 7
1539 42 8
909 1236 6
54 249 7
998 366 29
307 861 30
55 1461 8
1160 1407 2
641 139 3
151 656 2
292 438 8
1054 1212 8
466 83 6
1259 739 2
315 823 30
1526 726 8
945 742 23
510 54 8
138 809 2
586 314 2
127 1424 2
1158 1156 8
171 958 3
380 241 2
208 1567 1
1374 68 2
419 866 36
575 1122 2
1258 1128 8
449 1052 2
1284 453 34
1322 75 5
907 1296 8
80 918 7
301 939 77
284 1344 5
124 848 8
582 147 8
1292 176 45
498 1152 26
36 192 30
657 874 2
298 97 6
654 1024 2
553 758 2
208 229 2
739 101 26
690 284 14
419 554 2
1132 787 8
251 704 35
1227 147 8
671 1377 8
172 1125 8
1476 678 30
195 908 8
939 412 5
880 1389 8
1156 1351 5
603 986 53
636 1419 8
322 808 8
695 338 5
1359 345 0
846 95 6
620 1120 2
620 724 2
284 609 2
747 823 33
1562 62 2
547 1610 56
514 1087 2
1453 855 3
631 63 7
477 1470 2
1303 590 7
958 610 7
1404 933 2
590 690 2
45 855 2
69 1062 8
395 42 8
689 1070 5
603 626 2
1013 1475 5
1076 488 2
1173 818 2
1055 80 7
35 147 2
1173 1110 2
918 1224 2
586 1338 2
367 879 2
350 453 2
139 159 2
241 809 2
290 424 8
1123 88 5
1 54 6
1326 743 5
939 1379 8
1054 65 8
1284 147 8
143 226 3
449 1342 7
590 1305 8
1443 1187 0
772 113 77
593 916 8
64 676 30
658 1400 2
452 1428 75
673 1252 2
909 796 2
205 1133 7
686 891 8
1382 320 7
783 726 2
778 1252 2
46 147 8
213 1199 7
1324 741 1
1236 766 7
1070 855 5
1359 160 33
997 720 7
620 54 20
348 694 39
774 1054 2
535 873 2
641 1198 2
541 365 2
80 167 7
281 1052 27
631 472 1
598 412 5
1460 212 2
1210 308 7
1126 212 44
459 936 8
1178 1132 0
535 805 2
295 771 2
1304 923 7
958 140 5
980 1252 2
557 42 8
1215 1316 7
367 139 5
586 272 20
880 23 2
32 1236 6
338 1292 30
856 603 2
88 30 7
447 453 34
1461 539 30
979 958 2
729 1054 7
824 373 6
1314 590 2
535 611 85
1352 453 35
1164 338 5
463 1360 30
805 1507 1
711 1360 2
944 347 2
1151 222 0
380 1565 2
455 1062 6
661 338 5
944 639 2
33 66 2
259 212 2
993 1070 5
1240 1578 5
150 172 2
36 208 2
250 1396 8
259 504 2
1252 461 1
720 44 8
903 936 7
891 1523 1
1314 0 0
322 1138 6
1372 308 7
1421 1419 5
939 1092 8
578 958 3
1082 56 30
85 891 7
855 1118 5
125 507 49
897 65 7
116 1224 33
584 1062 8
1449 1424 2
796 424 8
308 1457 2
80 1133 2
205 382 7
88 726 7
1128 1156 8
87 424 2
265 1184 52
1132 44 8
140 1187 5
1124 1062 8
1119 796 8
1308 1 6
58 697 1
628 178 1
734 805 2
279 903 27
205 355 8
318 742 80
1209 1330 7
113 1557 5
526 158 2
867 593 2
86 813 8
620 773 2
236 705 5
1461 1459 30
872 908 8
1324 255 2
1550 891 8
835 1453 2
858 228 8
829 51 7
781 1194 30
1400 568 7
571 1166 1
158 880 2
858 916 8
502 665 2
908 1578 5
111 1207 5
630 97 8
704 558 1
157 586 2
290 437 8
162 510 2
478 1578 3
1173 367 2
380 882 2
923 1197 2
1359 992 2
124 369 1
34 677 38
437 1325 5
1233 485 1
880 1321 41
993 546 35
883 926 15
598 1384 8
20 1040 7
524 1461 41
449 1333 2
1180 80 8
170 915 30
769 1184 6
921 159 2
908 136 6
1525 1337 20
596 415 44
1443 1132 0
816 1396 8
1082 976 30
250 249 8
87 1120 2
1188 1074 51
819 139 3
464 586 2
558 950 33
170 451 30
207 972 2
1333 1217 8
416 739 27
1304 603 6
322 1162 2
1360 226 3
80 112 7
809 1094 30
1173 81 10
744 528 1
540 1565 2
284 1354 2
613 908 6
1325 1388 7
1357 453 34
1123 1396 8
1544 1298 7
671 50 14
980 1296 8
502 1069 2
410 1455 2
1221 65 7
773 898 2
524 212 2
1258 1070 5
769 507 8
1207 835 7
555 917 8
392 1054 7
466 1415 5
869 88 2
1173 293 0
759 213 8
1521 1342 7
65 934 7
1329 90 8
399 26 2
1076 1525 2
933 1246 37
270 898 2
759 150 2
35 1184 2
642 39 8
876 139 3
1120 1118 5
126 504 2
380 1510 2
471 1 6
998 1335 5
124 1388 7
1551 349 4
231 796 2
897 1389 7
702 800 7
1 627 6
318 1070 5
1187 1310 5
63 1184 5
286 939 15
1166 424 8
1030 1515 2
276 114 8
1488 1008 39
36 80 8
907 795 2
752 88 5
919 406 2
450 534 2
349 309 33
817 147 8
453 676 2
369 451 30
894 1052 2
1045 292 40
1306 215 5
535 1446 2
178 1377 6
891 1395 7
80 52 7
258 1341 30
125 172 8
208 1384 7
1019 769 8
551 1128 2
230 172 8
323 957 8
307 366 2
1022 119 8
1093 1184 6
642 844 2
419 881 3
419 444 2
627 1342 7
343 80 8
929 915 0
74 365 2
633 1 6
606 1173 1
252 891 6
421 694 39
58 178 1
168 934 7
118 1206 36
999 1629 77
1184 1449 2
897 1315 5
1184 1053 2
195 42 8
1045 284 16
261 1562 2
573 1424 1
864 719 8
147 1156 7
349 658 0
944 524 2
1054 233 27
1207 21 8
205 1197 77
33 1035 2
259 51 7
126 1424 2
1287 160 33
603 516 2
1394 185 27
1155 1199 7
1009 1325 5
301 1233 77
464 307 2
1037 1236 8
1039 504 2
361 1461 8
279 1047 50
13 1199 7
91 51 5
913 488 2
753 761 15
506 1325 5
629 338 5
1253 452 12
917 460 2
958 1513 5
1333 433 7
112 823 7
848 990 5
249 296 8
293 1070 2
1128 1437 8
86 433 7
1221 1389 7
1128 1338 2
688 694 39
62 139 5
1454 453 2
70 530 1
739 223 26
761 211 1
792 88 3
221 1128 8
284 903 2
279 1080 27
611 904 58
1215 518 7
995 743 3
45 1045 53
1544 1243 7
535 1086 8
434 424 8
736 380 2
1209 300 7
1090 728 7
534 401 2
1555 1393 2
434 716 8
869 33 2
514 917 2
631 685 7
440 236 10
1184 78 2
1424 462 7
45 1081 2
939 903 6
1055 1062 7
380 1163 2
951 1342 7
671 948 15
535 624 30
261 1371 33
380 1455 2
104 1166 1
119 284 6
911 1623 1
694 464 2
485 1396 8
539 596 30
586 1460 2
42 960 50
256 90 8
1296 83 8
1029 546 2
3 1187 7
1313 1325 5
205 589 5
596 438 8
1221 1315 5
581 1333 2
1039 1424 2
116 1199 7
1039 1419 8
1236 1388 7
276 59 8
551 453 2
724 823 30
494 594 10
503 187 19
1354 742 23
823 1156 8
332 183 2
761 1298 7
739 1578 5
510 533 5
641 1424 2
1228 1605 1
546 136 6
343 139 3
796 22 8
979 1252 2
70 1549 7
1098 702 12
307 311 2
1424 1496 53
1253 80 8
1132 330 8
530 1003 2
631 1381 7
419 92 8
1444 530 2
161 1161 7
1297 349 1
1076 1072 7
148 824 6
990 27 12
297 210 2
1306 1550 7
158 1393 2
731 147 7
1476 117 30
1476 513 30
176 460 2
752 1396 8
391 1221 2
1103 22 8
1549 206 39
55 1236 8
1458 1139 30
205 850 77
1552 891 8
704 547 7
1307 88 3
986 380 40
365 763 2
697 1099 2
1262 656 2
227 546 1
904 579 84
1307 42 8
1155 1581 8
24 236 12
1478 1562 2
15 260 2
4 1 6
1154 891 8
70 1562 1
1429 1315 5
457 601 2
457 997 2
799 172 8
1562 1014 0
854 1609 47
238 488 2
139 942 30
912 80 8
1525 471 20
315 1073 2
990 228 57
1252 32 8
596 604 30
779 958 3
1463 65 8
787 249 7
1326 1321 8
614 1209 5
1439 546 2
386 93 5
995 519 33
1548 936 7
1084 1046 12
168 846 6
650 824 23
1239 28 8
880 877 2
661 908 8
144 593 5
547 58 2
273 846 6
847 601 7
369 1166 1
1228 849 7
1266 338 5
1219 80 8
750 1396 8
1029 796 20
1177 1198 27
279 460 2
915 1397 0
720 138 1
594 901 2
594 505 2
1525 458 2
192 1161 8
1230 720 15
336 1236 6
1224 1194 30
45 1026 2
290 663 8
694 436 1
1400 726 7
999 135 77
291 97 8
988 102 30
1083 481 9
145 998 2
1380 1184 2
752 249 8
670 1566 37
999 427 77
1062 766 8
1055 147 7
1173 554 23
941 958 3
1188 535 50
1026 1141 2
232 620 2
1031 1461 2
128 504 2
143 59 8
3 1132 7
1151 71 2
1025 397 2
925 771 2
334 1562 2
1163 172 8
638 1325 5
1468 1040 7
463 936 7
761 560 1
923 39 8
1158 226 3
1236 937 7
341 488 2
1341 937 7
42 1170 51
192 863 6
1215 867 7
178 183 6
912 1396 8
1333 1298 7
423 1393 2
1421 739 67
1264 138 35
329 1070 2
85 308 2
850 1236 52
1438 1298 7
476 915 30
773 796 2
539 620 2
166 101 26
65 936 7
267 338 5
620 1299 2
1201 124 1
1324 1177 2
720 938 1
652 1396 7
1424 1045 53
139 191 30
639 988 2
530 552 2
1144 960 35
419 37 8
409 1198 2
934 111 15
17 1130 15
127 1152 26
1226 397 75
395 914 2
466 1245 5
172 514 2
883 1194 30
603 1493 2
581 1139 30
363 958 5
277 118 2
1461 606 30
879 1439 14
1371 412 5
267 936 7
34 1599 38
1174 1515 2
1287 77 2
616 172 2
470 1 6
28 1578 7
759 663 8
139 270 2
292 158 8
1199 341 3
999 1055 77
503 488 2
927 1 1
855 249 8
322 1377 6
586 138 2
1351 441 0
1396 3 7
118 888 2
1024 1195 2
1029 1515 2
1408 879 9
1495 1141 2
1087 704 35
320 735 6
349 1250 2
502 241 30
1054 1156 8
501 102 8
1039 97 8
806 620 2
1045 796 8
1480 113 2
816 147 8
349 523 23
152 1341 30
1359 363 2
1082 519 30
1201 45 5
934 83 8
530 1352 2
334 1371 33
1402 546 35
1152 59 8
548 158 2
438 1296 7
295 858 12
773 1424 2
80 570 7
147 1006 41
87 199 2
31 205 14
417 166 27
653 596 33
207 1398 39
347 796 8
406 1084 7
1198 233 27
1215 116 7
46 320 6
295 1070 2
1123 147 8
1216 891 7
1338 908 8
86 296 8
1438 588 8
1153 1325 5
1200 1128 8
322 477 70
759 1364 2
971 380 2
292 859 2
243 249 1
671 85 45
603 122 2
620 152 2
731 720 7
780 1139 30
674 1187 0
864 1305 8
265 990 7
434 309 14
620 840 2
926 453 1
1077 210 2
1394 479 27
1394 83 27
155 1359 2
499 1090 2
1144 209 35
934 519 1
292 395 2
502 836 2
1054 1565 2
166 325 2
903 1325 5
1214 1187 0
291 88 3
796 297 6
1154 1199 7
1112 265 15
315 1070 5
1394 411 27
380 1053 2
24 901 2
291 42 8
486 702 12
357 1562 2
420 1070 5
27 251 2
999 372 77
578 1342 7
586 1058 2
244 1581 8
491 90 8
1495 166 2
176 636 45
238 1525 2
1505 1296 8
450 700 32
177 1118 5
143 296 8
1491 80 7
1283 453 34
1304 45 5
1359 264 23
387 1118 5
880 1576 7
107 1062 8
1483 284 2
823 68 30
192 808 6
1019 1227 8
1481 50 70
1131 914 2
205 1181 7
326 1322 13
458 97 7
246 440 35
501 109 0
997 406 22
879 774 2
941 453 35
1438 1243 7
824 1431 5
1090 1418 7
981 603 11
406 1316 7
1506 179 15
1227 891 8
158 284 6
761 1161 8
207 971 2
1461 158 2
292 1195 2
921 551 30
510 833 7
681 453 34
1221 277 8
526 165 2
535 916 8
12 21 20
759 92 8
524 279 2
1326 119 8
546 728 8
292 1482 8
557 307 50
506 1207 8
393 1393 2
841 898 2
9 1325 5
603 1042 2
993 88 3
802 1102 5
208 1194 30
1405 26 2
530 820 8
451 974 30
1510 26 2
601 323 7
1552 139 3
1461 471 20
1054 882 2
590 1388 7
958 622 34
452 1511 74
1449 1152 26
162 97 8
907 742 2
499 42 8
909 1608 2
524 208 30
790 1040 7
507 296 59
207 714 1
261 933 2
484 118 84
1173 347 33
1139 1330 2
507 1554 0
1567 1351 2
501 47 8
1228 1503 1
598 116 8
904 401 84
737 192 30
457 491 2
898 471 2
385 1118 5
1052 32 8
724 1341 30
1317 1525 27
540 638 27
697 1307 14
696 172 8
665 1461 8
502 101 26
317 1199 7
894 1515 2
555 1393 2
171 1325 5
550 742 23
995 117 33
878 1054 2
1553 796 2
614 307 5
548 35 2
1424 1384 7
279 623 27
83 891 8
534 888 23
504 1131 2
1128 808 8
495 433 7
925 720 15
661 42 8
252 1062 6
730 1173 2
622 671 2
277 1087 2
1268 406 5
296 88 2
26 189 27
1341 104 8
434 259 8
674 1132 0
139 911 2
1087 1389 8
32 292 2
1314 998 29
419 834 8
945 823 33
727 1359 2
45 228 2
244 824 6
831 1371 2
205 680 77
42 436 7
1054 1510 2
97 293 0
636 958 3
1173 1439 33
1550 147 8
590 751 2
209 453 35
642 840 30
408 139 3
718 284 33
998 135 5
923 1313 2
992 1070 5
337 1075 27
1549 267 55
256 1236 8
1052 728 8
161 273 8
805 908 8
28 813 8
670 879 2
502 418 30
1040 1310 8
274 705 5
1200 338 5
1351 982 7
1025 883 33
1357 823 33
569 1296 8
805 1236 8
778 917 2
917 626 8
657 771 2
290 1129 5
1179 1453 30
596 830 30
1333 937 8
1128 1212 8
322 882 2
596 1518 30
300 90 7
1346 1224 2
1305 603 6
434 663 8
1553 1424 2
795 424 8
720 99 0
809 418 30
912 187 19
722 284 16
191 28 2
913 880 30
862 908 59
980 958 3
1530 1468 2
762 936 8
1177 1424 27
1154 1070 5
867 936 8
620 1121 2
84 97 2
720 364 1
158 540 2
1198 533 2
176 3 2
162 1322 2
535 793 8
594 685 7
1295 759 2
1388 1544 2
1330 90 8
380 938 2
26 148 2
485 488 2
737 1224 30
928 23 7
418 1139 30
590 937 7
913 143 5
1056 1396 8
1322 347 14
1233 833 1
586 233 27
1144 929 7
1161 1396 8
594 1346 8
1052 1315 7
582 1199 7
582 1141 2
1460 187 41
541 1325 5
575 148 2
581 1207 8
1024 689 2
235 488 2
452 1381 7
692 249 8
349 1140 2
240 1199 8
546 713 1
216 1342 7
87 1468 2
1442 1173 1
761 1078 1
1227 1199 7
89 178 2
547 543 1
307 550 2
387 88 5
362 781 30
933 960 35
1549 436 1
167 192 30
80 168 7
317 1581 8
893 28 2
1100 1173 2
68 796 2
303 1198 2
70 1324 7
211 891 8
166 223 26
322 399 33
1184 462 57
846 792 6
1173 1105 0
869 504 2
30 1152 26
1139 1204 30
126 1152 26
631 1156 7
603 681 27
409 1424 2
647 488 2
921 1124 30
530 732 7
1415 824 57
1080 846 6
1128 65 8
437 998 29
291 1024 2
579 453 35
1188 958 3
1306 929 7
750 147 8
1564 205 19
419 533 3
1090 554 2
53 307 2
702 733 62
191 1341 30
1184 1169 2
958 1135 7
147 922 2
269 502 2
973 380 2
45 173 2
1538 90 8
701 914 2
928 989 2
999 1281 77
533 453 30
186 90 8
1287 264 23
923 174 2
222 1 1
938 26 2
940 554 7
1215 1415 5
919 93 1
923 862 2
524 781 30
582 166 2
112 365 2
479 1581 8
696 917 8
1240 1494 1
167 596 30
301 1641 77
317 1070 5
1154 1062 8
335 796 2
575 672 2
1566 1408 57
392 720 15
551 1252 2
546 945 1
1401 546 35
67 293 0
348 1024 2
517 1118 5
988 255 42
994 439 57
817 495 8
894 1062 7
1220 1 6
1221 1213 7
880 1116 2
630 338 5
205 424 8
287 700 32
1306 855 5
14 1118 5
406 518 7
1232 548 48
85 143 2
26 101 26
766 292 2
127 338 5
325 172 8
459 1070 5
406 1206 7
1077 504 2
880 1340 2
279 1196 27
54 495 7
292 689 2
1321 1396 8
722 1342 7
976 530 2
269 1198 2
530 983 33
1209 20 7
1076 210 2
45 869 2
919 1371 30
1397 823 7
65 307 7
406 1138 7
277 1264 2
575 101 26
603 1036 2
495 1298 7
1039 1152 26
1076 898 2
124 59 5
1207 833 8
372 88 1
208 396 30
530 22 8
1539 908 8
917 273 6
861 320 19
939 623 6
1249 172 5
1396 1217 7
263 1173 2
1287 443 12
28 766 8
125 1393 2
157 879 2
154 1128 8
761 1335 5
161 158 8
1179 139 3
355 323 2
1138 936 48
45 1194 30
1284 139 3
1221 743 5
574 1470 2
1152 1377 8
694 872 2
335 1424 2
1573 1576 1
399 697 14
889 1609 47
596 158 8
673 1198 2
383 934 15
45 1126 30
555 284 6
1445 0 0
242 450 79
912 488 2
207 577 2
1132 1388 7
996 406 22
1252 435 8
1025 495 8
809 1455 30
823 1267 14
641 1144 2
838 338 5
903 1207 8
311 521 2
1198 882 2
1207 800 7
1502 761 15
1525 1033 2
980 1198 2
720 1005 1
279 221 27
859 1052 2
502 1362 2
759 219 2
1077 1424 2
747 113 2
1555 34 53
1209 648 7
172 289 2
1264 866 36
349 99 0
1114 998 29
168 307 7
1400 1197 7
1461 381 30
646 80 8
33 681 27
1446 139 3
485 1525 2
849 1190 2
1515 1375 27
544 1139 30
747 796 8
1087 533 3
694 1469 47
12 471 20
49 742 23
1014 1132 0
505 1296 8
865 1128 8
618 917 2
730 307 2
1301 90 7
657 720 15
91 1199 5
176 508 2
1042 898 2
380 200 2
434 938 6
552 594 10
34 1598 38
1264 554 2
362 1128 8
941 1419 8
1279 406 2
605 908 8
596 98 8
657 594 10
586 601 2
1024 1366 2
238 380 2
891 735 6
1360 153 1
596 390 8
1466 739 1
575 325 2
563 178 1
349 1025 2
1312 1325 5
97 506 6
652 846 6
360 90 8
852 934 15
923 384 3
211 1199 7
147 470 45
65 1325 5
763 284 6
1233 27 1
437 1287 2
311 879 7
700 789 2
805 42 8
202 1177 2
307 727 2
510 881 5
542 1525 2
900 90 8
553 1045 2
553 649 2
172 693 2
502 223 26
647 1525 2
1437 1556 2
1045 8 5
381 823 31
382 1236 52
1022 808 8
534 1445 2
1380 917 20
447 139 3
978 1252 2
880 993 2
172 625 2
1135 28 8
192 266 2
754 90 1
880 1384 8
846 54 6
534 1126 33
518 1199 7
166 272 2
372 1325 5
535 63 8
867 143 2
1136 1070 5
499 933 2
1198 27 53
550 453 34
17 222 15
535 355 8
1476 861 30
731 891 7
1399 1342 7
1184 1450 2
454 284 16
620 219 2
179 891 8
285 1374 8
247 323 11
292 269 8
502 611 2
494 936 8
736 1324 39
856 1396 8
439 411 30
45 350 2
140 502 2
1126 720 15
33 1036 2
373 1199 7
419 724 35
171 1207 8
596 1482 8
821 155 7
1287 837 23
388 147 8
1082 1094 30
923 1097 7
1254 1342 7
22 97 8
337 905 27
1402 88 3
239 1333 2
387 249 8
20 590 7
914 1075 2
81 631 15
917 46 6
1251 823 33
155 88 3
1250 1581 8
596 1124 30
279 1340 50
762 178 1
1481 1214 7
440 919 2
999 1388 7
572 742 2
609 139 3
323 1613 7
1022 1212 8
907 113 2
1193 1070 5
314 1141 2
206 739 27
1298 1070 5
273 1325 5
847 293 0
230 451 33
1190 622 35
419 1491 7
555 540 2
70 526 7
1328 891 7
187 574 2
279 1081 27
979 917 2
1497 1062 5
859 1393 2
102 451 30
194 292 2
1418 1070 7
535 606 85
728 1453 2
655 147 8
526 232 2
653 453 34
870 908 8
1394 882 27
494 1173 2
656 368 14
599 1173 2
255 1342 7
63 90 8
720 1611 2
739 216 2
367 1070 2
594 1541 2
355 1360 2
531 1341 30
1240 293 66
145 1054 2
1151 591 2
1461 1376 15
28 1298 7
917 1138 6
706 57 6
1461 258 30
502 1340 30
883 1179 31
1374 1283 2
602 1112 2
115 133 1
772 700 77
503 208 2
830 620 2
268 139 3
1023 1306 1
912 1525 2
1024 519 2
1448 546 30
98 1236 7
1187 1548 5
478 39 8
476 998 29
1316 419 5
1345 1371 2
1561 990 37
1162 172 8
817 139 3
337 154 27
209 990 37
858 755 5
1114 1287 2
139 607 30
310 80 7
865 338 5
154 1070 5
85 1052 2
917 65 8
1209 997 7
541 488 2
303 1424 2
457 480 65
381 761 15
300 1236 7
506 908 6
1323 1199 7
534 1098 2
303 1419 8
623 1393 2
1062 420 6
954 1236 52
1176 1118 1
522 1342 7
823 60 71
1393 75 5
982 8 7
330 90 8
1541 419 7
1209 929 7
55 914 2
390 546 2
518 1581 8
454 1190 41
759 787 8
530 622 34
1409 527 7
779 1325 5
1193 1062 8
1131 761 15
999 1575 77
1400 167 7
285 928 2
1507 888 57
858 119 8
1057 17 57
972 380 2
292 219 2
1400 459 7
1400 63 7
1281 846 6
1527 796 8
1287 425 2
45 399 2
42 607 7
928 877 7
572 958 5
1461 1282 30
927 453 1
179 80 8
495 770 2
1236 1315 5
113 52 1
33 981 2
205 1143 77
205 1578 5
373 1581 8
891 1335 5
944 366 2
603 66 2
192 536 30
279 1457 50
829 212 2
1563 1070 5
457 670 2
988 489 15
380 773 2
309 642 30
1461 1231 41
124 260 1
926 1 1
720 167 8
855 307 30
586 778 2
29 936 8
1221 341 5
501 158 8
603 68 24
1152 480 2
249 18 8
28 588 8
1188 596 50
919 944 2
722 1139 30
1391 166 2
796 719 8
546 1567 1
558 1160 2
816 891 8
502 485 30
546 1125 6
855 34 5
878 1525 2
540 836 2
76 1342 7
42 106 50
1240 341 1
1029 88 2
1228 235 1
992 178 2
766 936 7
544 1199 8
322 949 2
144 990 5
1324 154 2
864 1388 7
537 879 74
70 809 2
433 90 8
279 1026 27
58 1549 2
846 627 6
921 667 30
119 187 41
847 1227 8
176 1381 2
1207 663 8
1125 284 14
761 813 8
575 223 26
603 762 2
1416 284 2
255 1333 2
1533 349 1
883 784 14
1522 1396 8
956 1199 8
178 873 14
269 45 2
258 1371 2
155 596 33
1054 206 2
699 1090 2
1383 593 7
28 1243 7
440 1227 1
125 1515 2
1516 292 2
483 80 8
923 1320 2
579 990 37
34 1196 38
1261 419 1
24 1541 2
1460 631 15
350 958 3
285 172 8
138 1517 12
1264 444 2
1188 1224 50
338 1161 7
71 1187 0
127 908 8
565 1236 7
774 898 2
51 1204 30
1377 172 7
928 63 8
1391 1581 8
787 1342 7
1374 1452 2
595 90 8
790 1088 7
156 720 15
1207 324 5
457 211 2
914 206 54
445 501 2
1001 1562 2
1004 178 7
187 160 16
455 1141 2
1106 1562 2
584 502 8
106 671 2
620 513 26
3 87 8
988 1162 2
57 1122 6
744 359 1
979 1198 2
211 1062 8
371 293 0
928 50 41
980 1424 2
686 0 5
1570 249 8
1187 133 1
168 1139 33
980 1419 8
902 90 8
1160 88 5
1549 872 2
880 91 2
1221 922 2
419 330 8
874 1125 8
1039 338 5
138 451 30
736 908 7
1321 147 8
303 1296 8
189 936 8
1480 1187 0
1461 607 30
824 837 6
847 211 7
294 936 8
34 1600 38
795 1227 52
1270 1475 1
739 893 2
250 1199 7
1081 365 2
1544 83 8
739 789 2
285 868 8
209 1325 5
143 715 7
1141 1417 27
1054 834 2
1054 1230 2
377 419 2
1372 548 7
1506 572 2
945 1581 8
483 1396 8
1162 917 8
337 503 27
753 720 15
1356 658 0
588 1396 8
1174 33 2
1379 208 2
337 399 27
1567 1407 2
1479 284 2
238 898 2
373 1062 8
97 336 6
1201 406 5
699 42 8
114 1141 2
575 843 2
502 138 30
1232 891 48
385 1070 5
558 98 33
33 68 24
1549 1469 47
457 834 8
1201 338 5
1152 357 2
671 833 7
569 958 3
558 745 2
845 1499 57
341 139 3
98 34 7
653 397 2
119 1144 55
1209 1570 7
80 1259 7
80 863 7
995 861 33
1106 1371 33
1188 1342 7
534 360 2
1341 916 8
1132 1575 4
880 719 2
279 1367 27
590 1015 36
1184 638 27
74 488 2
292 464 2
502 905 2
1014 796 8
172 1097 7
227 97 15
46 1342 7
82 495 8
531 546 2
1312 1207 8
62 1070 2
1554 113 2
620 841 2
284 726 2
1179 914 7
494 771 2
1052 857 2
292 792 2
166 722 2
1141 377 6
1252 223 26
124 505 1
290 213 8
1396 1388 7
720 808 8
936 1381 7
1372 1572 7
142 1198 2
205 1320 77
359 534 2
128 914 2
1271 1090 2
457 1243 2
933 63 7
1210 1102 5
586 1455 2
1047 365 2
772 590 77
233 868 7
485 891 8
365 21 8
42 851 50
1040 929 7
341 502 2
71 1132 0
114 166 2
143 297 8
205 1250 7
1462 242 1
85 322 2
127 97 8
546 95 6
1144 1310 8
588 249 8
783 1135 2
1304 338 5
623 284 6
112 1342 7
598 1094 30
438 322 7
1203 1062 6
1123 1199 7
672 26 2
322 1230 2
74 1184 2
1209 199 7
882 917 2
61 1 1
108 1581 8
194 586 2
344 904 9
162 338 5
429 988 2
425 656 2
1209 491 7
1407 1246 37
457 83 8
631 485 1
898 63 8
318 1581 8
1314 1371 33
880 140 2
579 1325 5
1505 958 5
1304 936 7
86 1217 8
116 251 55
166 1418 2
995 424 8
172 163 8
526 854 2
837 1236 6
1372 1102 5
1562 160 33
176 59 2
1323 1062 8
1056 1525 2
1382 139 5
503 210 2
1480 1132 0
631 808 7
527 21 8
1084 958 3
1151 1283 21
1325 222 8
600 57 6
45 854 27
1394 1004 27
503 502 2
1544 424 8
865 507 8
35 1252 2
48 694 39
739 437 8
1461 810 15
172 387 8
1407 1243 7
297 33 2
1046 278 74
1351 1005 36
361 682 2
140 1252 2
847 129 8
928 808 8
1110 51 5
1160 742 23
823 326 7
337 779 6
661 1184 6
1130 998 1
651 8 5
596 269 8
915 925 1
1069 90 7
852 451 30
512 453 35
829 97 8
1252 911 2
1160 1396 8
620 471 20
617 453 35
1258 502 8
527 1389 5
1300 994 5
42 1578 5
636 1325 5
452 167 8
1344 1112 57
546 1061 1
1496 1525 40
1488 125 2
744 1000 1
546 1056 7
178 1153 6
648 1333 2
344 1199 8
369 915 30
548 104 2
917 291 8
429 928 2
200 279 2
1022 291 8
1223 739 27
81 883 33
1136 97 8
140 908 5
1119 80 7
406 634 7
642 912 2
144 88 5
1325 1314 8
761 83 8
1187 1097 7
318 502 8
355 1070 5
535 960 85
45 297 2
292 409 2
391 1052 2
620 98 2
618 1342 7
1372 419 5
750 891 8
1397 939 7
759 199 33
620 390 2
734 750 2
603 360 2
823 1418 7
1119 451 30
854 147 8
382 1334 7
1119 1139 30
441 1132 0
1351 1237 36
928 1395 7
1396 937 7
928 1337 2
466 377 6
1481 1499 2
320 1377 6
505 28 8
598 813 8
363 527 7
720 393 8
999 318 77
255 759 2
337 1076 27
923 1210 2
720 685 8
1493 1141 2
852 1371 30
449 1054 2
883 258 31
1180 139 3
68 1507 1
371 116 8
311 1287 1
502 315 30
583 1581 8
1077 1152 26
127 88 3
323 1388 7
882 739 27
912 208 2
127 42 8
1239 620 2
1017 208 2
1009 434 2
92 1453 2
642 1567 1
1152 1321 8
880 1418 7
507 1574 2
74 1525 2
741 940 2
1025 507 8
281 322 27
1474 558 2
550 883 33
631 138 1
322 1129 7
546 305 7
530 151 2
24 445 0
1021 904 9
406 1554 7
734 1446 2
342 999 19
921 893 30
642 229 2
1053 995 1
292 1037 2
728 57 6
86 766 8
183 1393 2
88 75 3
1326 65 8
796 222 15
136 1184 52
759 330 8
915 1578 5
284 1299 2
1394 1053 27
1075 210 2
168 365 2
1305 292 2
634 90 8
1521 1396 8
1050 419 1
115 372 1
273 365 2
721 1024 27
507 18 59
485 1199 7
1119 1371 30
631 1086 8
290 390 8
573 809 1
143 646 8
33 128 2
1166 213 8
1188 1325 5
1233 834 1
440 1349 1
1144 493 6
1173 1404 2
250 1062 8
502 1460 41
911 88 1
1252 960 2
829 88 3
64 678 30
1493 166 2
1481 60 2
475 365 2
928 685 8
270 944 30
1283 139 3
1567 225 12
584 796 8
349 745 2
689 796 8
1515 68 24
744 653 1
1371 63 8
1024 622 2
551 917 2
452 112 8
207 1321 2
333 936 8
836 1073 30
889 453 2
744 945 1
1371 355 8
1436 338 5
1330 527 1
124 63 8
933 961 35
307 447 2
501 683 0
80 461 7
1136 88 3
1554 1090 2
1120 891 8
291 656 1
1100 1070 2
653 883 33
322 533 3
824 735 6
190 1515 2
534 1561 2
752 1199 7
27 97 15
782 694 39
322 487 8
279 569 27
620 1004 27
1333 83 8
205 21 8
627 1396 8
292 458 2
183 80 7
261 1351 2
88 662 2
1438 83 8
618 1333 2
1188 80 7
796 70 25
671 1094 30
616 759 2
42 450 7
391 1393 2
913 1236 5
1061 419 2
139 857 2
16 1296 21
1078 1236 8
507 250 59
737 45 2
601 501 7
350 284 16
147 877 7
1550 139 3
702 1613 7
1515 762 2
365 189 27
693 1141 2
1549 281 55
380 256 2
142 796 2
45 70 2
33 360 2
307 1392 30
1526 277 8
981 879 9
192 311 30
1340 1102 5
1112 156 15
127 1371 2
880 987 41
1359 274 12
1239 1507 1
337 625 27
1252 1583 8
42 53 50
565 33 2
1216 88 5
449 603 2
139 1474 30
1152 646 8
667 975 2
1082 350 30
1208 0 0
440 639 2
1251 1581 8
898 1395 7
1474 279 2
1337 936 7
207 638 2
548 677 2
88 728 7
315 1199 7
221 917 8
742 417 5
1561 1062 7
205 676 7
793 1322 13
641 908 8
1079 1236 7
57 269 6
322 1120 2
995 983 33
504 667 27
519 845 12
763 897 7
1224 978 3
620 1135 2
1562 77 2
855 1141 2
504 1309 2
1106 933 2
502 1131 2
1209 21 7
652 80 7
65 308 7
434 833 8
176 1214 7
466 1122 6
945 113 2
879 983 14
1198 479 2
335 1141 5
1380 1424 2
1424 183 7
853 397 75
611 999 2
934 246 1
401 908 7
147 240 2
478 1097 7
813 1184 1
925 1407 2
388 891 8
502 1456 30
361 176 2
337 377 6
1467 1351 1
775 705 5
27 1166 2
502 239 39
521 737 20
1144 438 6
242 519 79
483 147 8
452 1395 7
595 488 38
24 309 33
229 546 2
3 908 7
669 1181 7
232 292 2
1024 239 2
917 1169 2
601 42 7
126 97 8
847 1105 0
1250 823 33
154 88 3
913 1525 2
1316 139 5
917 454 33
1355 823 33
259 88 3
546 263 1
1567 858 12
335 406 2
847 1397 0
1352 990 37
792 172 2
981 1236 6
546 654 7
259 42 8
42 362 30
1040 213 8
539 1152 2
9 80 8
457 377 8
809 1456 30
894 322 2
192 1327 6
48 1609 47
1481 270 3
1252 728 8
1203 1184 6
80 114 7
281 603 27
647 898 2
664 928 2
1542 1482 7
421 1102 7
1019 435 8
1019 39 8
1407 1472 37
147 50 41
898 685 8
534 818 2
1253 139 3
1292 823 31
202 774 2
1285 441 0
307 324 2
761 1243 7
848 1 6
806 781 30
530 719 8
279 514 27
759 116 2
88 269 7
934 179 15
49 823 33
750 139 3
655 891 8
395 586 2
699 1187 0
40 1470 2
113 1564 5
1283 1046 12
1438 424 8
1200 172 8
626 1052 2
176 181 2
406 101 8
1563 88 3
176 531 7
1295 1333 2
270 796 2
47 891 8
1244 97 15
605 936 7
739 663 8
90 41 9
1519 1296 8
26 722 2
311 1139 30
1394 269 2
1507 1091 2
1037 975 2
350 1342 7
118 686 7
604 530 2
939 711 8
454 1040 2
259 451 2
1526 222 8
1509 93 2
139 1026 2
568 917 6
586 206 2
858 63 8
316 452 10
586 894 2
1112 417 5
478 387 8
575 618 2
89 1112 2
1193 1073 51
551 1198 2
928 1550 8
80 373 6
550 1264 2
1120 1141 2
369 453 30
915 1416 2
1082 348 41
51 646 5
452 685 8
1428 845 5
436 940 2
1299 320 19
87 335 2
912 139 3
1045 586 40
917 855 3
284 463 31
217 80 8
1100 1351 2
80 638 7
796 663 8
1236 3 8
889 958 2
1506 445 0
285 1052 2
1409 1102 37
1178 0 0
1156 1207 5
406 756 7
809 309 30
503 1424 2
620 684 2
1084 1112 23
1144 53 35
1216 1396 8
292 1031 2
502 1076 2
338 160 30
365 101 26
747 1046 12
1080 488 2
45 1211 2
1219 139 3
862 507 8
1224 855 3
1287 853 12
620 616 2
636 1207 8
1394 255 27
1130 761 15
603 878 2
1173 732 7
166 497 2
958 881 3
399 28 8
594 518 2
1407 436 2
1174 504 2
928 1563 2
495 1217 8
936 1156 7
380 829 2
45 1039 2
187 622 35
939 1298 7
97 1203 6
28 1004 8
928 252 2
380 1121 2
586 834 2
315 1517 1
1056 891 8
259 1371 2
143 140 8
1052 856 2
851 1371 30
457 1310 2
1152 536 2
485 1062 8
914 1076 2
1082 1044 41
912 502 2
593 808 8
1025 118 2
747 1132 0
1466 57 1
463 307 2
126 42 8
205 1025 7
1457 93 1
1008 380 2
216 883 2
1461 678 43
917 399 33
569 1419 8
77 990 37
85 51 7
233 908 8
628 338 5
973 697 1
761 568 7
205 957 7
917 1437 8
679 1581 8
322 1401 2
217 1396 8
1022 1437 8
527 646 68
1292 761 15
617 990 37
1031 90 8
466 1430 5
724 694 7
847 1310 7
761 937 8
406 1384 7
191 1556 44
1075 504 2
499 1562 2
1198 1120 2
49 1087 2
494 858 12
1359 1225 0
170 1187 7
1075 796 2
974 530 2
1326 291 8
12 485 20
172 235 2
501 937 7
825 1342 7
1073 1330 2
72 1396 8
647 1062 8
1037 1152 26
139 455 2
598 1298 7
752 1062 8
655 1128 8
75 139 3
406 384 3
365 497 2
273 883 2
263 1351 2
261 1173 2
546 1194 30
1515 360 2
144 1062 8
1045 1604 38
1173 983 33
501 1161 7
24 950 33
980 1073 30
147 808 8
49 596 33
1524 1462 2
205 120 77
507 244 8
899 406 7
999 1172 77
478 108 8
770 958 5
642 676 30
1526 167 8
1382 908 7
21 540 2
998 1178 5
365 424 8
823 789 7
823 393 7
1253 1046 12
782 1609 47
534 81 10
1430 1504 57
1505 97 8
478 40 8
914 393 2
718 453 34
1163 917 8
939 588 8
292 1315 5
1166 663 8
139 676 30
453 983 2
619 1070 5
1443 0 0
80 359 7
420 824 6
534 293 0
744 1567 1
878 898 2
89 697 2
459 1128 8
1040 390 8
1003 1070 2
553 595 2
315 739 2
880 611 2
1014 338 3
1450 488 2
88 618 7
823 1452 30
1221 1437 8
650 821 2
655 1199 7
305 292 2
792 1198 54
928 794 41
406 805 7
417 575 27
978 1198 2
1285 1014 0
279 399 27
47 1199 7
285 1393 2
474 417 5
1075 1424 2
507 216 1
1184 1418 7
932 958 5
347 915 30
502 625 2
88 1617 3
1321 891 8
183 540 2
297 504 2
1082 1007 2
601 1087 7
527 424 8
847 163 7
944 831 2
391 1515 2
147 753 2
139 979 2
879 873 14
277 824 23
616 917 2
227 908 1
1141 493 6
601 1019 7
147 1395 7
178 881 3
126 1371 2
581 546 31
838 172 8
88 658 0
380 774 2
498 908 8
377 453 34
939 1243 7
222 124 1
1036 1515 2
34 569 38
899 1326 7
371 355 8
359 249 8
577 365 2
904 1561 84
349 952 33
898 233 27
1152 877 2
914 625 2
1140 771 2
464 546 2
1145 1581 8
1214 1132 0
56 51 30
737 596 30
1525 833 20
548 971 2
361 97 8
1319 1132 0
810 1296 8
64 117 30
208 366 2
1538 338 5
374 1187 0
783 167 2
22 320 19
1006 1255 2
742 293 0
362 501 71
880 1239 2
1192 1118 5
667 1128 8
1252 326 8
438 42 7
1381 958 5
635 349 1
1223 1333 2
246 453 35
563 97 8
1045 1270 5
528 1351 2
1198 773 2
546 855 3
721 575 27
1082 947 2
1544 1482 7
874 102 8
858 970 74
1304 1052 7
86 937 8
562 631 15
166 1138 2
1562 264 23
1424 769 7
43 80 7
1404 1070 2
944 1459 2
234 412 5
1282 558 1
391 540 2
1056 1199 7
1310 90 8
1540 172 8
399 210 2
598 1243 7
622 452 2
1322 191 14
1161 1199 7
999 789 77
1359 718 10
216 88 5
155 397 2
759 37 8
24 1226 12
670 139 5
590 1109 7
232 586 2
1240 727 5
779 908 6
192 1457 30
796 938 6
1168 1255 2
908 1161 7
28 1577 8
527 293 66
1173 1575 2
928 825 2
495 83 8
102 97 6
1520 958 3
998 1227 5
1446 1507 1
1302 936 8
118 554 2
1210 139 5
337 168 27
1252 730 8
147 685 8
1135 1371 2
1478 1173 2
279 311 50
1259 57 2
1518 1132 0
1154 502 8
70 1173 1
882 1333 2
323 876 7
631 1005 1
222 97 8
534 1404 2
988 1163 2
674 1112 23
1330 594 1
650 474 2
1128 206 2
1019 265 8
350 1139 30
501 412 5
1264 724 35
88 563 7
88 167 7
182 1224 2
504 1417 27
16 847 21
34 416 40
872 26 2
671 471 8
1103 37 8
172 516 2
12 370 20
353 658 0
941 908 6
627 734 7
809 199 30
926 631 15
638 988 2
578 1325 5
936 52 5
973 620 2
759 1030 2
349 1014 0
796 241 25
43 1396 7
466 269 6
139 1028 2
547 267 55
297 1236 8
858 65 8
253 1342 7
594 1381 7
1394 145 27
374 1046 12
138 558 1
1296 1310 59
1526 808 8
702 1388 7
1141 438 6
928 765 2
1226 225 5
856 891 8
178 191 14
1180 1296 8
45 241 2
25 419 7
575 912 2
466 493 6
337 1127 6
1354 113 2
90 1157 62
1004 880 1
34 514 38
904 818 84
457 1304 2
138 823 2
586 724 2
934 450 2
904 1110 84
170 64 30
1488 541 2
1330 998 1
361 88 3
1554 1187 0
1557 824 57
558 1106 2
361 42 8
80 932 7
998 855 1
731 88 5
796 957 8
208 311 2
411 1609 47
981 45 11
1232 1184 48
1232 788 48
1444 1173 2
1442 558 1
982 172 5
333 28 8
217 603 2
438 33 2
553 1168 2
1128 1230 2
933 53 35
596 1239 30
527 341 1
988 480 2
1321 1199 7
603 735 52
759 1388 7
328 90 8
360 338 5
1476 1448 30
546 462 8
534 653 2
863 603 6
1296 1381 7
982 1207 8
54 1396 8
874 47 8
934 485 1
317 502 8
338 678 30
1303 276 7
974 24 2
712 410 7
1397 891 7
489 284 6
150 1333 2
1394 773 27
1179 1207 7
1457 904 9
643 958 3
1376 1118 1
820 453 1
931 1062 7
1396 1389 7
1510 88 2
727 397 2
667 338 5
33 1555 2
1 136 6
999 374 77
923 1266 2
598 1161 8
1054 881 3
495 424 8
1084 1325 5
917 652 2
241 823 2
216 1073 2
1158 533 3
917 1340 2
900 914 2
221 1393 2
1056 694 39
143 298 8
702 929 7
1158 487 8
928 743 3
230 642 33
991 439 57
572 527 7
502 1455 30
208 601 7
598 1455 30
206 365 2
1242 26 2
199 1371 2
111 1396 8
911 172 8
1236 1217 8
547 305 2
222 88 3
190 178 1
322 584 33
216 1396 8
321 1396 8
210 728 8
535 1283 2
591 720 15
88 216 7
885 233 38
650 419 2
1407 1206 36
80 181 7
308 1239 2
194 879 2
1280 1557 5
716 1118 5
191 1128 8
1565 172 2
1084 590 2
829 338 5
627 783 7
504 68 1
1055 88 5
1161 1070 5
1215 1330 7
183 34 53
1321 139 3
1404 1351 2
1209 424 7
279 289 27
534 554 23
1129 939 15
1562 837 23
756 891 7
453 104 35
189 90 8
818 990 37
527 22 8
159 322 2
764 205 19
443 705 5
406 272 8
592 284 6
658 1070 5
1139 309 16
139 577 2
47 1062 8
1325 119 8
1144 1305 6
1407 848 7
912 1424 2
488 233 27
205 346 77
739 730 8
738 90 8
64 1094 30
1374 1406 2
939 486 8
1166 957 8
1526 393 8
228 1515 2
575 857 2
24 512 2
1502 874 2
546 792 6
923 583 2
1526 685 8
904 367 84
1082 138 30
912 1252 2
671 893 2
1075 883 30
1359 670 2
702 1161 7
570 172 8
210 1033 2
118 685 7
3 0 7
1158 719 8
1025 1264 2
575 393 2
28 83 8
558 363 2
1554 1132 0
596 960 30
457 785 2
80 877 7
546 1354 1
1359 602 2
210 569 2
1084 419 67
1568 322 2
898 1156 8
848 139 5
279 693 27
1152 298 8
139 1126 30
139 730 30
809 152 30
823 1282 30
1019 838 8
820 1070 5
74 898 2
74 502 2
217 147 8
322 881 3
419 909 2
406 531 7
620 855 2
1227 502 8
1179 928 7
192 334 2
285 1515 2
1037 338 5
913 546 30
502 455 2
977 1287 2
300 26 2
1326 1437 8
401 742 2
847 785 7
905 796 20
177 139 3
936 1395 7
1394 30 27
553 704 35
380 672 2
33 1568 2
102 1325 5
208 513 30
1545 90 8
1525 350 2
722 1333 2
32 936 7
1133 958 5
137 90 7
178 368 14
937 90 8
155 883 33
205 1266 77
1287 229 33
1355 1046 12
915 1554 1
934 1086 8
1259 1326 2
24 1140 2
1056 1062 8
463 546 2
689 739 27
61 631 15
440 1451 2
1144 158 6
1161 1062 8
255 1052 2
1468 1396 7
917 597 2
849 934 15
1252 625 2
1252 229 2
982 521 5
917 1384 8
349 514 2
143 581 3
27 883 30
314 917 2
1019 1097 7
1253 1296 8
1236 433 7
438 210 2
1371 604 29
1239 908 8
992 697 2
917 1212 8
1077 880 1
547 542 2
886 502 8
362 51 30
874 355 7
189 212 2
434 957 8
1209 437 7
271 995 1
739 1417 27
620 1483 2
898 743 3
1394 1122 27
1562 425 2
285 540 2
502 1479 2
399 504 2
504 54 2
995 766 8
1204 90 8
102 915 30
165 620 2
1461 102 30
45 1510 2
646 139 3
452 749 5
933 751 2
176 297 2
30 586 2
297 42 8
734 68 2
562 1465 5
199 781 30
365 272 2
290 787 8
26 150 2
1249 521 5
34 477 2
1391 739 27
934 1381 7
656 1124 14
401 90 8
140 1198 2
1249 1209 5
1519 958 3
309 80 8
1467 1407 1
205 687 77
126 914 2
1369 990 1
1526 384 3
1461 379 41
205 583 77
1154 796 8
335 93 1
483 891 8
915 912 2
344 93 1
1052 47 8
454 1052 2
1252 857 2
588 891 8
914 168 2
1566 386 57
1372 371 7
1193 64 50
71 880 15
915 844 2
563 1024 2
546 273 6
575 1125 8
349 31 33
172 1375 27
1468 249 7
923 59 8
999 377 7
1565 917 2
546 1398 7
416 488 2
1439 451 2
546 1340 2
307 844 2
76 1224 2
210 514 2
823 1220 14
656 1606 2
1121 1141 2
501 684 0
401 958 5
530 1140 2
80 462 7
796 487 8
205 49 7
1570 1128 8
1221 1212 8
314 166 2
1019 387 8
211 1581 8
147 794 41
1307 1184 6
322 92 8
620 112 2
761 75 3
925 631 15
0 1567 4
880 318 2
1132 341 3
58 656 1
176 993 2
1517 264 57
1087 909 2
972 620 2
1424 1227 7
399 1424 2
1461 1126 30
856 1581 8
205 309 14
961 694 7
944 606 2
850 80 7
781 861 30
150 535 2
53 205 2
1081 488 2
246 990 37
569 1152 26
505 42 8
1058 1393 2
1515 763 2
866 631 15
1163 1393 2
290 104 8
42 716 8
1174 620 2
154 502 8
495 937 8
902 338 5
575 1138 2
883 272 31
323 236 5
34 344 38
192 604 30
999 264 77
454 1342 7
337 626 27
523 761 15
921 244 7
583 1199 8
559 1342 7
594 561 8
730 1341 30
591 1562 2
620 1337 20
913 898 2
945 1187 0
22 88 3
876 172 5
45 396 30
87 787 2
432 1270 7
1471 1248 59
451 609 2
1454 535 2
1332 419 1
1121 166 2
1439 1371 2
464 936 8
88 1021 7
988 706 2
441 338 3
526 125 2
856 1070 5
1360 581 3
317 796 8
928 1335 5
241 642 30
1239 97 8
999 63 8
1437 1190 33
1215 240 7
211 502 8
406 1500 7
981 1562 7
81 397 2
530 92 8
1322 39 8
1144 401 35
1081 1184 2
1303 502 7
1075 178 7
166 1309 2
458 1070 5
45 1163 2
606 207 7
505 279 2
1074 222 2
787 88 5
674 0 0
97 1578 5
1207 1127 8
768 172 8
1144 903 6
642 102 8
23 349 2
302 879 9
290 732 8
0 1528 1
1405 210 2
273 603 2
957 147 8
255 1396 8
1510 210 2
606 93 12
1330 761 15
205 236 77
240 823 2
374 113 2
265 172 8
880 1616 41
933 920 2
923 181 2
1371 1243 7
155 495 8
1160 891 8
217 1525 2
1565 739 27
1128 1418 7
1025 466 2
470 45 2
1401 97 8
234 1550 8
917 455 33
1075 1152 26
988 1402 2
1332 1407 1
202 551 2
434 1161 7
311 883 2
316 824 6
1215 1332 7
1252 1125 8
1023 80 8
307 789 2
1317 917 27
1315 534 5
1341 1298 7
534 1191 12
189 51 7
1019 40 8
1031 88 3
1221 1162 2
1338 26 2
988 1230 2
961 24 1
922 934 15
1210 548 7
1019 728 8
869 451 2
416 365 2
584 292 40
1337 1190 55
631 1004 1
505 1371 2
1087 562 2
869 1139 2
734 417 2
322 37 8
1084 1207 8
1333 75 3
586 116 20
631 1395 7
642 803 2
1226 466 75
192 719 8
86 75 3
12 833 20
327 883 14
176 578 2
54 502 7
719 1342 7
1377 338 5
292 300 2
944 259 2
1177 292 27
269 908 8
360 1102 37
297 620 2
1124 205 14
928 1004 2
440 1274 10
176 870 2
45 480 2
945 1046 12
391 897 7
1090 59 7
488 1169 2
53 546 2
483 1199 7
484 1525 2
122 1515 2
244 320 6
1056 1324 39
267 90 7
588 1199 7
147 765 2
255 322 2
856 1062 8
148 1190 33
179 139 3
20 720 7
279 782 50
28 377 8
81 761 15
903 1536 7
1185 80 8
242 318 2
139 1418 8
1191 669 76
786 1070 7
720 226 3
454 891 7
256 1128 8
255 249 8
233 308 7
125 540 2
582 796 8
450 1585 2
1193 1074 51
932 42 8
856 115 15
1258 917 8
945 1132 0
878 908 7
1496 1252 40
88 1034 7
440 877 2
1463 881 3
1025 671 33
704 1224 30
1447 1090 2
81 118 2
279 1211 27
1223 365 2
3 783 8
995 241 33
891 321 2
295 596 33
297 1024 2
410 1135 2
541 1525 2
1401 891 6
824 1268 5
739 619 27
620 1081 2
869 1371 2
909 671 14
1341 296 8
1517 837 57
603 568 6
1317 166 27
625 1396 8
502 1077 2
115 483 15
530 37 8
1394 616 27
1082 667 2
1081 1525 2
1151 1554 0
616 1333 2
736 42 8
131 1240 67
380 461 1
1323 205 14
1397 1062 7
796 393 5
1397 1400 2
145 1184 2
1400 808 7
996 936 8
988 976 30
663 933 5
923 1505 2
1521 891 8
898 1335 5
1284 113 2
1570 1070 5
1198 765 19
170 535 30
1024 854 27
1507 13 2
28 568 7
590 433 7
380 1122 2
999 149 77
177 147 8
187 519 35
64 241 30
601 97 8
876 521 5
483 139 3
796 1491 7
502 185 39
205 181 77
1210 1566 5
24 1262 2
242 861 79
1035 1515 2
602 1070 2
192 658 0
1252 455 2
1155 958 3
1144 1550 8
552 1359 2
233 936 7
215 208 2
42 919 50
1401 88 3
657 1359 2
438 504 2
1166 36 8
301 113 77
1401 42 8
1537 1118 5
527 433 5
13 958 3
451 890 2
99 1070 2
1036 88 2
787 1396 8
434 377 6
158 88 5
643 97 6
265 51 30
368 1341 30
778 1333 2
69 995 1
933 1289 36
550 118 2
1304 1572 7
86 1457 8
671 259 8
650 590 2
1340 936 8
974 1287 2
542 380 2
1446 113 2
1337 172 8
889 172 2
502 1309 2
1327 891 7
656 1126 14
868 102 2
145 1609 47
739 974 2
1306 1217 7
249 658 0
1372 1566 5
266 1562 2
727 1264 2
1148 1166 1
261 858 12
864 3 8
864 341 3
406 47 8
643 1419 8
168 488 2
594 1543 2
176 815 2
1507 554 57
127 642 2
1287 1047 33
273 488 2
1557 999 19
1187 114 8
929 891 7
379 1470 2
988 1500 30
338 412 5
127 596 7
290 1305 8
205 121 77
1160 1199 7
261 1070 2
1141 158 6
1014 1325 5
928 485 2
366 594 73
718 452 12
847 197 8
454 590 2
199 338 5
575 1028 2
468 1562 2
320 1213 6
595 507 8
365 722 2
527 1129 5
143 1457 8
250 1581 8
689 1342 7
1082 309 30
210 516 2
193 349 57
1250 113 2
1468 147 7
594 159 8
337 516 27
852 915 30
341 1198 2
902 242 7
590 119 8
1082 241 30
1549 920 1
291 1342 7
383 1371 30
795 37 8
307 674 2
1317 1198 27
872 546 2
1463 92 8
1459 453 2
1351 1111 7
634 603 6
653 118 2
994 34 12
292 854 27
530 1274 12
1108 908 8
988 200 2
869 1024 2
543 45 2
535 1492 85
439 325 2
459 88 3
406 1098 7
620 1026 2
1176 1325 5
642 1376 2
1099 1236 8
256 338 5
960 694 7
588 1070 5
292 581 2
502 626 2
1326 1212 8
361 338 5
936 837 6
157 547 2
374 1090 2
434 31 14
1439 176 45
1400 65 7
673 1325 5
380 843 2
45 1053 2
61 88 3
939 875 6
377 452 12
841 284 2
503 1198 2
85 1070 5
9 1090 1
61 42 8
721 172 27
255 603 2
1119 915 30
266 1371 33
901 338 5
1402 1322 13
1173 236 12
124 226 1
0 293 0
722 1062 7
958 344 7
1522 1062 8
1275 1359 7
555 1118 5
192 830 30
849 451 30
813 1070 7
1188 598 50
923 1278 2
792 1396 7
1461 255 42
250 502 8
24 200 33
290 974 5
1364 1393 2
1488 889 2
702 357 7
548 972 2
143 18 8
1054 533 3
541 1536 7
1010 908 7
279 1439 16
761 519 1
187 985 2
795 957 8
547 421 2
875 874 7
362 1190 71
200 1371 2
112 1396 8
210 52 8
535 1003 2
535 607 2
921 1029 30
546 764 64
147 1047 16
531 1359 2
338 1094 30
620 1258 2
1562 992 2
1317 739 27
858 971 74
763 88 3
510 1243 7
1341 1161 8
1221 291 8
736 620 2
1209 144 7
12 35 20
178 1578 3
958 1436 7
535 53 85
1054 672 2
1306 766 7
1475 1112 57
116 846 6
1394 1121 27
139 693 2
1058 540 2
1187 59 8
703 1424 2
572 1566 37
479 320 6
631 1550 8
355 824 6
590 1448 2
601 279 2
747 958 3
1054 500 2
478 54 8
232 879 2
917 1418 7
933 808 7
1483 1562 2
980 915 30
1075 671 30
928 1217 8
228 897 7
849 1371 30
772 939 77
836 1207 8
483 1062 8
434 1122 6
941 1207 8
588 1062 8
1158 881 3
1351 991 37
1052 114 8
1481 524 2
484 999 19
139 622 30
1455 93 1
457 213 2
220 1393 2
126 908 8
796 330 8
323 877 7
325 1393 2
899 868 7
1052 384 3
1207 1388 7
210 289 2
349 98 33
889 917 2
1463 37 8
1444 546 2
1536 1153 52
45 272 31
880 557 2
1000 1562 2
1152 18 8
550 1087 2
1396 1335 5
627 1199 7
621 440 57
1100 858 12
530 200 33
898 808 8
641 307 7
1177 586 27
406 355 7
1087 392 2
117 1139 30
166 1417 27
590 389 36
66 88 2
168 1187 7
281 453 2
1103 330 8
229 187 71
759 1031 2
273 1525 2
1084 998 29
527 766 8
1476 357 30
237 1562 1
176 1096 2
1556 611 35
486 821 2
371 1243 7
1526 855 3
158 322 2
847 838 8
259 642 2
1078 908 8
1525 70 2
1141 43 6
1394 438 27
144 1199 7
401 97 8
693 917 2
161 63 8
762 1070 5
978 1073 30
167 1419 8
377 742 23
575 913 2
594 404 8
986 620 40
1193 535 50
1166 1305 8
1025 1342 7
833 90 8
158 249 8
1251 1046 12
432 1118 1
377 1396 8
1166 194 39
337 693 27
903 33 2
1110 1102 37
1148 1062 3
973 656 1
440 707 2
1474 451 2
449 1062 8
1351 1392 7
242 287 79
1110 88 1
1019 1213 7
942 64 30
452 808 8
1098 419 2
208 604 2
1446 1090 2
208 1000 2
307 1247 2
393 88 5
1253 958 3
1035 936 8
540 1075 2
789 742 23
917 978 3
1215 479 7
192 1250 2
503 1236 6
809 1292 30
1371 324 29
1106 1173 2
997 795 7
27 535 30
1292 1608 46
1450 958 2
217 891 8
535 552 2
97 21 8
1409 1112 2
308 216 2
1555 958 2
993 697 2
1315 284 52
650 284 33
117 1371 30
474 991 5
187 758 2
720 446 1
1144 572 35
502 803 2
45 938 2
1054 221 2
813 1424 1
1400 638 7
1394 774 27
72 891 8
1173 901 2
632 1236 8
452 469 5
500 26 2
1087 32 8
434 1292 14
208 861 30
1061 1407 2
337 1493 27
1339 1676 5
923 1627 2
860 249 8
1040 1395 7
34 1503 38
263 858 12
355 1544 2
495 75 3
489 1342 7
205 407 77
297 90 8
349 254 12
527 727 5
1354 1046 12
928 766 8
447 1090 2
337 114 27
923 248 2
637 1285 5
1160 1062 8
1158 92 8
502 179 15
89 656 2
598 1456 30
1166 158 8
1082 464 82
883 1131 7
399 1152 26
546 430 7
80 250 7
189 1224 33
546 727 1
556 958 2
721 1507 5
65 1536 7
81 1264 2
1379 958 5
109 958 3
438 908 7
880 106 2
286 453 1
80 182 7
1562 853 12
988 1401 2
1392 739 67
1445 771 2
1053 1325 5
1128 881 3
359 88 5
39 1083 1
303 1207 8
869 914 2
731 796 7
1087 728 8
530 787 8
702 236 5
536 284 2
992 1322 13
594 1395 7
1515 259 2
739 1200 2
1217 958 59
66 28 8
1211 26 2
618 1054 2
1461 1230 20
747 474 2
530 753 23
438 883 30
43 1342 7
191 88 3
847 54 7
45 255 2
855 166 2
143 1418 7
33 545 2
752 1581 8
148 1342 7
928 1129 7
1526 462 8
627 694 39
598 156 2
1016 225 5
311 915 30
727 671 33
479 934 7
928 711 2
401 42 8
944 258 2
1333 513 26
20 891 7
20 495 7
466 43 6
1518 958 3
1495 739 27
823 1354 2
1360 1415 2
65 1566 5
598 83 8
851 915 30
720 59 8
923 876 2
15 49 2
914 516 2
1326 75 5
1505 908 8
627 1070 5
1069 823 30
888 80 7
980 546 31
80 837 6
893 796 7
546 1355 1
851 1139 30
915 1583 8
228 33 2
712 1325 5
823 1283 30
295 702 12
86 609 2
172 762 2
347 1396 8
1216 1199 7
83 759 2
1151 1105 0
458 88 3
1424 1375 27
502 1417 27
1401 1062 6
995 704 33
1329 419 7
1151 1397 0
620 460 2
306 1581 8
777 28 8
864 1217 8
1409 1566 37
534 599 2
1402 1184 6
292 411 2
620 1148 2
318 796 8
502 852 2
1082 838 2
636 988 2
847 390 7
1287 1409 2
347 642 30
671 1047 30
1452 139 3
380 673 2
192 1124 30
1112 573 15
1076 178 7
368 1255 2
1521 1062 8
267 97 7
1163 34 53
1144 623 6
999 680 77
586 1366 2
24 98 33
894 1070 5
1461 479 20
1055 796 7
1003 1187 0
1459 284 16
266 933 2
425 546 35
1258 1393 2
662 1102 5
42 149 8
440 1452 2
577 488 2
1082 1455 30
325 284 6
160 1608 46
316 320 6
479 958 3
917 890 2
595 501 38
1240 533 1
390 1118 5
702 479 7
903 210 2
891 459 1
1158 37 8
891 63 1
334 1351 2
217 1199 7
575 102 8
87 1135 2
555 1073 2
202 667 2
1454 883 2
457 98 8
534 1003 2
1336 406 7
995 881 3
545 365 2
653 1264 2
88 500 2
1209 834 7
178 1097 7
674 998 29
1360 533 3
1128 92 8
1329 178 2
1085 1333 13
166 619 27
631 724 1
1359 1397 0
474 1564 5
1087 282 2
512 990 37
279 235 27
453 622 76
980 1207 8
450 642 30
451 1282 30
1209 662 7
49 824 23
601 631 7
1525 233 27
176 298 2
148 1333 2
1438 437 8
1455 904 9
1179 178 7
847 40 8
1283 1112 23
1184 836 2
406 114 8
772 1233 77
419 1170 66
999 1308 77
577 1184 2
58 586 2
359 742 23
710 936 8
997 1070 5
1351 1244 36
595 1593 38
26 1131 2
702 1571 7
1037 988 2
359 1396 8
1028 1024 2
24 62 2
823 1299 2
823 903 2
93 444 57
707 365 2
598 424 8
114 1393 2
910 1102 37
457 403 2
494 1070 5
350 1333 2
912 1198 2
13 1342 7
586 219 2
219 1393 2
1310 338 5
792 147 7
455 1333 2
89 891 7
1566 1075 57
71 0 0
1481 986 70
80 531 7
217 166 2
1358 322 2
670 90 8
1019 852 8
796 848 8
26 1456 30
692 1128 8
641 1139 33
501 1373 0
217 139 3
809 98 30
1214 936 7
880 1075 2
862 139 48
995 357 33
769 1515 2
1463 533 3
1476 1047 30
864 433 7
118 1289 36
872 936 8
912 1296 0
1064 90 1
66 210 2
318 702 80
479 846 6
277 284 33
876 908 8
839 1453 2
178 387 8
72 139 3
54 891 8
944 607 2
1183 1296 7
833 51 7
439 889 30
1480 0 0
380 618 2
348 434 1
1207 104 8
4 603 6
747 1112 23
434 98 14
1324 1610 56
259 1556 2
52 249 8
451 531 30
917 611 2
205 1212 77
1204 1341 30
1172 42 8
364 1236 8
479 739 27
1003 1132 0
64 357 30
502 726 30
337 43 6
481 999 19
464 322 2
42 347 50
122 88 2
217 502 2
29 90 8
1040 1550 8
106 284 2
669 789 2
192 47 21
1415 879 9
1326 1418 7
220 540 2
998 978 1
322 794 2
673 365 2
575 47 8
540 905 2
435 1296 8
375 451 30
823 881 3
1252 102 8
657 1407 2
307 162 2
809 726 30
81 466 2
671 83 8
995 92 8
419 1109 7
1215 601 7
35 1152 26
997 917 7
842 1562 1
850 823 2
1019 101 8
1566 27 12
620 1033 2
350 1325 5
494 1359 2
1502 720 15
603 1295 2
170 908 7
502 1029 2
279 890 2
958 919 7
806 51 30
284 1606 2
273 380 2
643 1207 8
788 779 5
1437 34 69
419 167 8
594 1331 2
603 189 27
1153 139 5
934 1004 1
25 1342 7
510 1310 7
1404 858 12
934 1395 7
541 139 3
864 119 8
162 1562 2
1400 1156 7
151 178 2
109 1132 0
1359 1170 0
575 1417 27
488 1230 2
488 834 2
273 208 2
115 611 1
227 1 1
577 1525 2
361 178 2
170 883 30
1393 59 7
307 315 30
118 690 2
235 796 2
1166 848 8
42 326 8
1526 226 3
478 855 3
1001 1407 2
240 1070 7
388 453 35
1356 99 0
689 1062 7
1300 1246 5
907 823 2
1247 933 2
365 833 8
674 1287 2
914 114 2
1024 533 2
51 877 30
1133 527 7
1253 1112 23
453 704 2
1566 228 57
552 596 33
681 1419 8
452 59 8
206 488 2
323 256 7
1031 507 8
82 1342 7
484 694 39
210 163 8
627 1609 47
182 1360 2
322 1004 27
1237 908 8
253 88 5
1436 1393 2
1424 75 5
1221 1163 2
874 929 7
80 408 7
350 915 30
347 697 14
796 37 8
1128 769 8
88 677 2
395 1052 2
541 898 2
541 502 2
502 619 27
1051 1356 1
1207 1491 7
81 671 33
1438 390 8
1062 393 5
16 915 21
1081 210 2
620 350 2
880 556 2
12 834 20
55 928 2
584 8 5
290 1388 7
190 88 3
865 1054 7
702 754 5
912 1236 6
238 596 30
147 1230 2
1352 139 5
166 231 2
1326 932 8
1461 676 30
326 1118 5
1481 293 0
292 296 8
483 809 1
1409 879 2
729 322 2
1054 1367 2
928 959 7
796 1084 21
867 97 8
1400 181 7
1062 1491 7
527 833 8
714 1608 2
704 526 7
159 1128 8
1351 533 5
365 1138 2
1252 1161 7
739 1307 13
292 228 8
1396 433 7
1141 506 6
934 685 8
235 1424 2
558 274 12
880 485 30
737 781 30
363 419 7
1472 990 1
575 980 2
1270 206 2
1082 1437 20
915 653 1
586 500 2
157 90 8
148 34 69
1030 172 2
322 136 6
415 88 5
80 735 6
686 80 7
294 338 5
45 806 30
914 930 53
1468 891 7
368 1072 8
586 792 2
1468 495 7
1052 855 3
1152 890 2
343 908 8
1338 1515 2
80 1104 7
88 1035 7
527 581 1
205 295 7
796 1030 2
752 1072 5
1079 1152 1
213 320 6
1409 139 5
451 555 2
368 999 14
70 558 1
1132 1437 8
338 83 7
307 1314 2
592 671 50
1252 47 8
192 1025 2
1155 1325 5
1247 474 2
739 1388 7
653 466 2
995 37 8
1215 942 7
217 1062 8
535 723 2
973 1488 2
54 1199 7
374 1132 0
434 848 8
1401 1184 6
530 1291 33
13 1325 5
701 1102 5
620 978 2
279 1436 27
941 1 6
530 330 8
823 463 31
642 116 8
756 80 8
401 527 7
739 347 2
136 284 52
486 1224 2
655 502 8
1537 147 8
1394 841 27
1144 412 5
988 873 30
33 189 27
1047 898 2
47 502 8
155 118 2
505 908 8
127 307 2
191 176 45
34 368 2
915 1373 21
1230 631 15
55 172 8
363 697 2
1252 1417 27
189 1070 5
170 1224 30
1054 616 2
249 728 8
560 958 1
1446 1187 0
796 1388 7
306 1072 5
1236 728 7
928 937 8
1317 1325 5
350 535 2
1463 1491 7
524 338 30
112 1525 2
421 434 1
216 1199 7
301 510 77
739 1314 5
1026 1052 2
649 823 16
1352 824 2
810 42 8
321 1199 7
207 1177 2
1333 1381 7
329 419 7
1148 1419 8
284 1122 52
1328 88 5
677 879 2
192 912 21
1253 1419 8
907 700 2
915 730 8
795 1305 8
546 497 7
1461 692 2
462 936 8
1103 1388 7
1215 1570 7
1139 1457 30
681 1296 8
603 101 26
995 957 8
1237 97 8
1549 517 1
154 739 27
897 226 3
1250 1187 0
113 1475 5
416 603 2
1446 406 2
463 187 71
1525 1565 2
1525 1169 2
437 1224 30
12 383 20
1541 1112 2
1562 229 33
1184 1125 8
398 279 2
26 1133 2
1544 957 8
756 1396 8
908 412 5
1515 722 2
867 88 3
1111 1132 66
176 816 2
1540 917 8
277 821 2
1131 720 15
867 42 8
1144 1081 6
139 1041 2
731 795 7
996 1070 5
586 221 2
393 147 8
631 341 3
37 292 2
491 419 7
253 1396 8
147 711 2
523 720 15
1151 1574 2
642 678 30
392 249 8
279 1124 50
575 1029 2
988 156 15
1160 823 33
455 1581 7
34 235 38
27 34 2
457 1025 2
371 21 8
1359 446 2
907 1396 2
1488 262 2
301 742 77
1052 462 8
238 178 7
1421 1209 5
220 34 53
631 1335 5
167 781 30
507 1578 5
645 530 1
662 1393 2
717 440 35
502 152 30
558 443 12
111 139 3
1102 438 57
323 829 7
34 541 40
1090 441 0
1451 284 2
1213 936 7
419 753 2
424 1073 2
809 324 30
82 1584 28
373 1184 52
880 1301 2
1215 199 7
66 504 2
988 597 2
1304 57 6
1198 1004 27
279 1449 27
305 586 2
1144 360 35
398 1371 2
1476 877 30
555 147 8
731 1199 7
44 86 2
632 1128 8
686 934 5
734 1283 2
166 116 2
499 1173 2
318 824 80
290 3 8
739 1161 7
307 1292 30
290 341 3
166 804 2
604 1173 2
514 530 2
142 988 2
1207 330 8
1166 1388 7
1458 192 30
30 26 2
575 619 27
596 1389 7
594 856 8
1082 185 39
439 1047 30
491 178 2
727 118 2
1052 1163 2
0 1023 1
273 139 3
81 939 15
928 199 2
1240 393 5
1193 883 50
234 1217 8
707 823 2
1375 936 7
154 917 8
575 1553 2
999 387 77
945 958 3
934 1550 8
988 750 30
349 650 2
763 824 6
147 59 8
45 983 30
1166 542 39
1207 59 5
557 891 7
1470 39 7
1250 1046 12
1252 693 2
173 451 30
1026 1393 2
547 741 1
563 172 2
54 1070 5
546 155 1
442 26 2
540 1131 2
322 974 7
590 704 35
1316 323 5
546 447 1
1271 594 10
823 947 71
676 530 2
534 732 7
190 1024 2
628 1393 2
244 1325 5
1084 1371 33
312 208 2
501 520 0
639 620 2
74 1198 2
1209 213 7
178 1606 2
988 1121 2
323 119 8
1166 1314 5
57 1081 6
658 147 8
1237 42 8
322 32 8
168 210 2
21 1118 5
938 1062 52
858 972 74
1250 1132 0
530 512 2
168 502 2
33 101 26
829 1184 6
1184 1075 2
273 898 2
619 1653 2
341 1152 26
1562 611 34
601 406 7
26 1078 2
369 88 2
944 150 2
42 287 7
747 590 2
277 474 2
43 1062 7
999 1226 5
322 1014 0
1173 1541 2
686 958 1
834 212 2
1055 1199 7
110 88 5
475 210 2
494 97 8
1160 1087 2
304 702 10
601 234 7
1287 329 2
321 1070 5
599 97 8
341 874 7
40 1581 8
130 90 1
475 898 2
1526 114 8
180 42 30
1193 596 50
362 917 8
546 1247 1
1300 1472 5
880 428 41
365 663 8
915 1376 2
1351 833 7
337 66 27
1145 1296 8
858 1063 5
1040 743 3
958 743 5
936 685 8
820 147 8
1056 87 8
685 1581 8
80 306 7
183 1118 5
440 476 2
434 1388 7
1019 627 8
1082 1201 15
650 452 12
1022 769 8
881 410 7
440 768 2
4 671 14
176 675 41
1439 915 2
411 1082 2
503 1152 26
897 92 7
998 808 7
1023 891 8
1264 622 35
1338 936 8
534 983 33
59 284 6
973 586 2
1411 914 1
1264 441 0
1127 147 8
318 958 3
527 1127 8
279 638 27
176 1457 2
1232 147 8
795 1315 5
315 1371 30
406 1377 8
622 1046 2
625 891 8
54 1062 8
45 311 2
292 423 2
143 1416 2
1461 1194 30
601 1326 7
527 663 8
936 1454 2
380 393 2
1527 1396 8
671 1455 30
1515 189 27
1166 937 7
1139 950 16
380 1081 2
1310 97 8
27 279 2
1046 920 74
1141 336 6
914 1036 2
154 575 2
1264 1389 7
380 325 2
1252 619 27
387 502 8
205 1383 77
234 433 7
1158 1491 7
197 338 5
176 664 45
1193 1224 50
1343 521 5
923 932 2
1056 783 8
1035 322 2
1207 1315 5
143 32 8
535 911 31
1120 1333 2
1253 1090 2
915 1567 1
792 1342 7
909 940 2
1335 824 6
508 80 8
917 1006 2
1312 139 5
558 1016 12
492 1046 10
527 324 5
869 891 6
544 1070 7
111 1062 8
540 1076 2
787 891 8
216 671 2
915 229 2
1062 1315 5
569 1207 8
823 600 71
997 796 7
900 507 8
1562 610 2
1223 488 2
471 546 25
388 990 37
859 958 2
292 1223 2
565 823 30
191 502 8
1144 1329 35
1209 158 7
1090 982 7
744 263 1
655 796 8
1199 1314 7
737 914 2
872 33 2
166 689 2
278 434 1
1103 44 8
1407 686 7
1424 716 7
147 39 7
109 1325 5
956 1070 7
439 1292 30
558 718 10
1054 514 2
263 596 33
853 466 75
259 1184 6
507 32 59
788 382 5
1460 939 15
479 307 7
1152 1416 2
599 88 3
1515 148 2
596 296 8
1321 1236 6
1258 739 27
575 231 2
1041 1198 2
599 42 8
205 304 77
1526 59 8
248 113 75
1132 1531 1
213 846 6
1156 1342 7
383 642 30
118 59 7
596 228 8
586 335 2
1261 1342 7
1024 704 2
29 97 8
390 1070 5
1327 88 5
1214 0 0
558 425 2
575 455 2
507 1514 0
1319 0 0
903 908 7
476 1224 30
1257 1581 8
1497 147 8
88 182 7
761 1093 1
1481 35 23
1518 1325 5
434 937 7
210 235 2
744 1355 1
697 1267 14
805 172 8
417 139 27
540 393 2
880 503 2
1221 938 2
1144 1561 35
880 399 2
1019 108 8
1221 1230 2
796 104 8
1314 1070 2
869 915 2
546 1384 8
67 732 7
500 1515 2
534 1575 2
739 805 2
1179 594 7
365 1044 1
499 771 2
768 936 8
507 728 59
147 1005 2
28 1491 7
1341 424 8
192 787 8
176 646 2
45 256 2
944 723 2
1187 1389 8
317 1325 5
1042 995 1
64 1456 30
143 1315 7
335 527 5
552 1070 5
1184 206 54
930 593 38
927 998 1
1348 1296 0
834 51 7
155 1264 2
365 1309 2
1287 610 2
292 341 3
739 1420 8
1055 169 7
694 35 2
915 520 21
1245 90 57
439 145 30
439 541 30
591 1351 2
847 716 8
978 915 30
205 1328 77
205 932 77
728 90 8
925 397 2
1481 1458 2
170 187 71
1197 1070 5
1052 693 2
124 49 1
240 208 2
193 1264 57
337 1035 27
852 642 30
823 39 8
45 873 30
848 501 5
546 272 31
558 657 2
218 1393 2
674 1371 33
192 489 6
208 258 2
1518 0 0
759 1449 2
183 88 5
322 514 2
632 594 1
1132 1212 8
540 625 2
416 1525 2
823 941 71
368 781 30
1304 720 7
625 1199 7
1333 798 2
988 31 2
479 1325 5
552 453 34
74 796 2
1221 255 2
891 92 8
318 1118 80
317 80 7
1117 80 8
504 681 27
824 1377 6
823 477 71
1515 101 26
908 863 19
495 1381 7
272 928 2
1207 916 8
292 704 2
1201 307 2
1087 384 3
1394 1080 27
721 759 27
1141 685 6
1141 1081 6
1322 52 8
933 994 37
1424 265 7
1063 90 1
934 724 1
957 124 59
756 147 8
178 1126 14
189 97 8
45 838 7
704 1371 2
1397 1526 7
294 97 8
145 1252 2
926 590 1
1144 228 6
24 1106 2
586 1367 2
0 1249 1
702 256 7
1 83 6
1034 178 1
502 1458 20
64 309 30
242 241 79
524 939 15
234 1298 7
1082 1456 30
406 1210 62
535 1047 30
1139 907 2
322 1227 6
787 1199 7
1224 368 16
29 88 3
907 939 2
1040 341 3
29 42 8
1215 643 5
1082 111 15
971 656 1
737 1461 41
1223 1525 2
852 620 82
546 277 1
1251 958 3
542 620 2
1001 1351 2
1207 1279 7
1023 139 3
1506 1176 15
1106 1351 2
1570 502 8
547 1232 2
886 796 8
74 1424 2
647 178 7
535 1126 2
1002 28 2
1040 1335 5
869 172 2
1209 1127 7
995 22 33
406 246 7
380 223 26
235 1152 26
1075 1198 54
1306 957 7
872 210 2
192 49 2
877 530 2
1184 905 2
391 1024 2
620 70 2
1139 1456 30
1187 255 2
419 119 8
1327 1396 8
192 44 8
494 596 33
860 891 8
698 88 5
1 779 6
1515 497 2
928 1121 2
1052 1375 27
1461 396 30
1438 438 8
501 1298 7
747 1207 8
369 210 2
719 1396 8
1114 1187 0
374 530 2
620 2 2
945 1112 23
272 172 8
365 957 8
1024 1449 2
337 360 27
256 917 8
1024 1053 2
244 1207 8
205 585 77
657 631 15
28 98 8
575 804 2
360 178 2
88 99 0
527 1105 66
195 796 20
558 670 2
457 800 2
28 390 8
586 616 2
939 1017 8
211 410 78
1359 617 2
588 1581 8
1254 1062 8
1322 341 5
1221 75 5
80 95 6
995 1491 7
558 602 2
1357 1112 23
97 1583 8
824 1057 5
406 942 7
1555 917 2
168 1424 2
880 1076 2
1180 1187 0
530 1388 7
1082 852 2
847 800 7
891 37 8
671 1457 30
1156 1325 5
976 558 2
183 1073 2
53 671 2
1476 1340 30
1170 124 1
734 1454 2
187 649 2
1081 908 7
631 433 7
1080 210 2
1310 292 2
1158 1097 7
439 890 30
1080 502 2
847 628 7
45 829 2
35 1461 23
157 178 1
1148 1152 26
294 88 3
466 1081 6
466 685 6
380 911 2
1207 793 8
1526 932 8
294 42 8
930 1166 38
1351 881 5
1141 1337 2
24 1447 2
577 898 2
577 502 2
209 139 5
1174 914 2
720 1389 8
737 1419 8
154 796 8
1173 753 23
23 307 2
28 726 8
590 888 2
501 588 8
1229 824 6
849 915 30
939 1307 13
368 1128 8
371 424 8
349 425 2
557 1062 7
1213 1325 5
565 620 2
990 763 57
1253 1207 8
763 891 6
588 502 8
1442 1187 2
1132 1457 8
1009 742 2
625 1070 5
112 1199 7
928 480 65
208 831 2
978 546 31
1008 97 8
1554 0 0
1240 766 7
451 1299 2
451 903 2
1242 210 2
991 34 12
993 1342 7
406 1570 7
631 446 1
1105 1070 2
1324 543 1
202 905 2
61 546 1
265 64 30
1553 26 2
1230 891 8
1207 828 7
295 349 2
385 1342 7
1019 102 8
535 675 2
290 433 7
57 856 6
298 90 8
1209 676 7
211 796 8
663 143 2
631 670 1
759 1135 33
941 57 6
284 1607 2
1177 26 27
1555 166 2
411 453 2
353 99 0
1303 796 7
1515 150 2
1407 808 7
1424 838 7
1160 1046 12
601 915 2
1303 1088 7
739 1086 8
833 914 2
28 1381 7
1537 891 8
913 452 5
928 670 2
1521 1199 7
780 642 30
176 140 2
30 33 2
1296 63 59
1183 510 7
468 1351 2
787 1070 5
155 466 2
1173 309 33
1405 504 2
1296 167 8
601 451 2
1079 883 30
724 1371 30
702 829 7
720 18 8
1158 387 8
917 1153 6
1510 504 2
1041 1424 2
438 880 1
205 134 77
359 596 33
948 593 7
609 908 8
474 1415 5
1259 590 2
923 79 2
454 603 2
419 389 36
907 824 2
880 203 41
848 603 6
838 1062 5
925 883 33
795 1388 7
1453 384 5
1474 1562 2
1505 507 8
546 1314 1
689 1396 8
1333 1437 7
139 398 30
897 39 7
301 858 77
338 1127 7
993 990 37
472 97 8
432 594 1
558 151 2
804 172 8
1100 702 12
221 34 53
1120 1199 8
417 365 27
1132 18 8
75 292 2
210 852 8
928 101 45
1387 958 5
1009 90 8
671 1004 8
406 491 7
824 222 15
357 598 30
1322 1384 7
756 1525 2
679 958 3
318 320 80
1019 626 8
1209 1304 7
415 824 8
550 824 23
995 199 33
86 787 8
960 24 1
158 166 2
399 1371 2
544 192 30
191 928 45
702 755 5
625 1062 8
650 453 34
1298 1396 7
1460 1139 30
1544 1305 8
292 297 8
730 1359 2
713 933 2
297 914 2
470 1166 1
936 850 6
45 774 2
873 999 14
810 1118 1
357 1073 2
642 1094 30
97 938 6
701 1515 2
603 545 2
26 667 27
284 460 2
268 908 8
712 143 7
24 1100 2
860 1396 8
222 998 1
384 1062 48
1207 1554 5
377 1199 7
1130 720 15
1525 138 2
1141 111 6
923 1125 7
1510 1424 2
575 981 2
518 1325 5
1258 1342 7
1452 1507 1
155 671 33
213 97 6
249 393 8
1139 505 2
1171 90 8
999 107 77
1354 474 2
112 898 2
440 1239 2
1166 262 39
228 620 2
914 1035 2
594 800 8
447 530 2
1031 1141 2
1252 116 8
98 172 7
112 1581 8
598 1292 30
1008 42 8
1302 1070 5
423 1141 2
869 1062 6
879 973 2
85 452 2
787 1062 8
434 43 6
420 739 27
1486 958 3
1179 212 71
1308 603 6
897 932 8
546 604 2
333 97 8
720 686 1
78 958 2
1221 85 2
207 774 2
318 1342 7
519 1073 2
879 905 2
227 631 15
1221 39 7
936 817 5
535 719 8
530 1292 33
1312 908 7
555 891 8
555 495 8
1292 720 15
1283 1506 2
620 979 2
870 936 8
879 1291 14
255 1609 47
65 908 7
106 451 30
622 242 2
510 568 7
659 147 8
720 910 1
820 590 1
52 891 8
139 1375 27
1184 399 2
17 810 15
1141 1203 6
263 702 12
26 798 2
176 189 2
864 65 8
145 1082 2
365 1417 27
1054 289 2
999 907 77
1397 45 7
546 861 30
1407 685 7
727 466 2
1164 1396 8
1322 893 14
106 530 2
796 1389 7
143 435 8
205 79 77
42 272 8
205 1388 7
377 139 3
359 891 8
102 845 1
51 531 30
942 1224 30
1024 479 2
265 809 30
1296 1548 5
207 741 1
1050 917 19
226 575 2
453 254 2
936 743 3
218 540 2
1000 1351 2
472 42 8
1360 787 2
716 147 8
1567 702 12
721 904 9
323 98 7
1562 1409 2
540 168 2
1215 1571 7
411 1198 2
545 488 2
419 855 3
222 939 15
1128 220 2
1537 1199 7
1391 1325 5
624 349 1
168 908 7
686 307 5
912 1187 0
1198 104 2
761 213 8
627 1581 8
166 177 2
89 88 5
176 817 2
1506 363 2
605 1536 7
1042 1166 1
154 759 2
139 1042 2
547 281 55
1081 42 7
471 603 6
1394 159 27
632 761 15
988 191 30
831 34 12
747 998 29
586 514 2
1502 1407 2
1152 216 2
720 533 3
337 878 27
1481 941 2
482 1581 8
944 722 2
64 1455 30
418 642 30
125 451 2
73 1296 0
449 1252 2
323 420 5
707 488 2
1354 419 2
546 1153 6
792 1062 7
795 3 8
795 341 3
1251 1112 23
620 833 20
914 980 2
548 638 2
1187 533 5
238 908 8
917 726 2
80 613 6
1240 369 1
68 845 1
898 1230 2
415 1470 2
70 207 7
205 929 7
789 1581 8
744 155 1
743 1374 7
333 88 3
546 1418 7
1565 1333 2
1196 1199 7
333 42 8
528 702 12
1304 495 7
1447 933 2
112 1062 8
419 1437 8
279 1450 27
464 823 14
633 603 6
499 858 12
305 879 2
70 93 12
1476 1170 30
864 1389 8
603 894 2
922 1371 30
1394 563 27
724 202 7
77 1396 8
704 1173 1
1215 424 7
1264 743 5
1042 1152 26
631 560 1
1359 441 0
393 1141 2
502 524 2
1394 855 27
1141 856 6
1327 147 8
1296 1395 7
195 936 8
1109 1187 66
971 292 2
944 1126 2
290 296 8
1475 90 57
995 1315 5
266 1173 2
1287 366 33
603 722 2
1271 1173 2
157 1128 8
1101 669 76
238 880 1
1269 500 2
349 1251 2
679 936 7
487 80 8
1351 392 36
565 914 2
1044 337 38
1481 1523 7
650 1506 0
928 533 3
951 1581 8
71 97 15
320 136 6
489 1396 8
1028 172 2
763 1013 57
844 1190 71
242 704 79
468 1173 2
250 796 8
790 720 7
51 476 30
1242 504 2
1354 1112 23
337 127 27
450 453 2
217 917 2
160 720 15
1461 706 2
1008 620 2
572 879 2
552 883 33
1357 590 2
438 697 7
434 1099 2
281 1252 27
657 883 33
555 1141 2
435 1419 8
1237 507 8
210 54 8
1380 147 20
921 1031 30
958 340 5
347 139 3
880 223 2
676 823 2
988 1122 2
178 1607 2
52 1199 7
603 1377 52
931 1070 5
88 230 7
1431 17 57
436 883 14
1080 1424 2
847 1550 7
62 178 2
934 432 15
736 936 7
1035 1118 5
629 205 2
824 865 6
173 823 2
1536 647 52
1184 1076 2
958 1042 7
620 241 2
577 1424 2
1224 1455 30
860 1062 8
657 88 3
739 916 8
147 1121 2
1515 272 2
928 896 2
1476 23 30
33 662 2
183 147 8
108 1325 5
357 671 2
928 792 2
151 697 2
466 228 6
359 1199 7
213 1325 5
535 1518 30
1382 1612 7
907 1118 2
227 124 1
720 244 8
318 1325 5
1396 32 7
940 753 7
823 1097 7
1485 530 2
276 1125 8
1040 433 7
582 365 2
720 140 8
1352 1070 2
601 923 7
592 1396 8
566 178 1
923 201 2
419 1344 37
901 697 2
858 1064 5
1082 152 30
457 867 2
552 823 33
1242 1424 2
438 1371 2
737 208 30
1090 1005 36
502 820 15
1469 1062 7
438 1325 7
962 658 0
489 249 8
596 974 30
1463 39 8
681 1112 23
987 1470 2
763 1141 2
671 834 8
906 1236 8
279 707 27
1398 1609 47
1308 97 6
548 411 2
621 734 57
1198 513 26
1138 28 8
1215 437 7
530 890 33
1114 113 2
229 320 19
1151 1514 0
747 1287 2
626 1199 7
535 213 8
1438 1305 8
1184 1496 53
1409 1070 2
1402 1342 7
620 869 2
1210 90 8
838 507 7
1514 1070 2
1216 1581 8
256 1393 2
502 865 2
155 1342 7
883 1578 5
1396 728 7
724 521 2
903 958 5
45 604 2
671 1456 30
1109 1132 66
338 241 30
1303 631 7
279 366 2
365 619 27
699 771 2
466 856 6
1270 460 1
784 1639 77
544 642 30
486 1407 2
281 34 55
999 401 77
933 91 7
148 322 2
988 368 30
729 1128 8
591 1407 2
1246 921 57
1256 1252 83
1044 1593 38
1307 936 8
1061 742 23
176 665 45
917 341 7
623 928 20
28 793 8
125 1024 2
242 357 79
337 111 6
148 249 8
102 1 6
428 596 16
823 387 8
917 1007 2
1196 1070 5
763 1062 6
383 307 30
914 1553 2
1090 1237 36
1301 1070 5
698 147 8
192 837 6
598 1518 30
936 341 3
1450 1424 2
208 606 2
1474 349 2
572 824 2
761 70 1
1214 97 7
527 1491 7
988 1135 2
869 1184 6
632 546 1
84 249 2
375 915 30
1324 714 1
933 389 36
438 620 2
620 1565 2
510 384 5
183 1184 2
57 735 6
919 139 3
116 279 55
995 848 8
1503 1070 5
1404 702 12
516 739 27
606 349 1
936 1335 5
1199 1315 7
1506 432 15
399 914 2
1359 1014 0
290 140 7
222 761 15
502 1493 2
1184 625 2
510 1482 7
1274 353 5
26 628 2
88 44 8
147 728 7
507 393 59
1054 911 2
171 90 8
1193 958 3
1438 158 8
237 1173 1
883 1392 30
502 1169 39
706 603 6
988 1392 30
359 1581 8
860 147 8
1169 1393 2
1264 753 2
739 793 8
373 410 7
253 891 8
596 297 8
1024 773 2
1166 228 8
1439 823 31
140 1207 8
575 128 2
1235 596 16
642 861 30
1025 284 33
1252 929 7
598 437 8
540 667 27
453 480 2
338 1298 7
265 535 30
1052 68 24
930 1252 40
745 1325 5
453 772 2
1549 812 1
157 1070 5
891 1491 7
435 97 8
853 225 5
901 178 2
596 919 30
147 584 41
908 355 8
898 1120 2
543 1608 2
416 502 2
416 898 2
420 1342 7
761 1381 7
1250 958 3
671 779 8
185 172 27
980 26 2
627 1438 7
205 63 7
586 1337 20
926 939 15
759 1437 8
759 1338 2
176 715 2
19 1118 5
729 166 2
1144 1335 5
620 126 2
850 208 2
359 1070 5
411 1252 2
1099 1128 8
1264 341 5
365 1045 1
406 886 7
1441 110 2
464 1070 5
1284 933 2
382 1070 7
932 1184 6
858 269 8
292 369 2
470 603 6
507 833 8
1054 1097 7
507 1125 8
371 1482 7
1139 1292 16
1271 771 2
208 1578 5
1173 512 2
595 1054 7
454 1132 7
777 338 5
1052 762 2
365 1305 8
999 346 77
923 1634 2
808 292 2
279 851 50
125 1073 2
380 563 2
1374 390 2
905 914 2
226 1393 2
145 453 2
34 358 38
730 88 3
1037 26 2
440 722 2
1377 90 7
192 99 0
172 412 5
307 1554 2
59 593 5
1306 1335 5
349 77 2
626 1070 5
540 626 2
1446 933 2
325 553 2
308 919 2
744 277 1
751 1608 2
1304 284 6
18 1070 5
482 1072 5
421 535 2
535 499 2
292 1169 2
1449 26 2
183 1525 2
507 701 1
98 999 14
847 1148 7
349 1554 0
971 586 2
211 958 3
917 485 30
1041 1152 26
636 908 7
1125 147 8
1221 543 8
1438 1482 8
1476 1292 30
527 1305 8
162 1351 2
279 611 2
734 1406 2
434 1307 14
1394 1081 27
287 1073 2
49 821 2
782 1139 30
419 226 3
52 1062 8
502 1042 2
865 147 7
806 64 30
721 1052 27
249 99 0
501 1108 8
856 958 3
323 1050 5
1054 856 2
59 249 8
363 891 7
913 172 5
928 390 2
176 256 2
225 1408 1
128 1515 2
752 796 8
945 1207 8
1078 172 8
1224 384 5
147 255 2
921 954 7
355 320 6
437 596 30
1439 761 15
1448 453 30
321 1236 52
134 1322 13
1188 1082 50
1284 474 2
1054 387 8
42 47 8
173 642 30
359 1062 8
563 759 2
454 323 2
1252 524 2
447 933 2
1158 39 8
1081 958 5
1040 296 8
903 504 2
373 958 3
338 1243 7
786 1581 8
203 1255 2
1215 1414 7
722 642 30
546 674 1
988 1416 2
915 803 2
692 502 8
1209 800 7
729 1070 5
442 936 8
61 998 1
825 1070 5
323 269 7
420 1333 2
428 553 2
880 53 2
307 803 2
857 958 2
639 1139 2
809 160 30
929 1118 5
1092 1360 2
905 90 8
937 338 5
1209 732 7
12 623 20
699 594 10
995 23 33
756 1199 7
118 622 35
1461 861 30
527 726 8
527 330 8
1510 1152 26
638 1236 8
1087 576 2
938 671 16
402 90 8
782 1371 30
632 172 8
253 1199 7
1515 498 2
419 808 8
159 166 2
810 546 1
944 273 2
176 884 2
910 139 5
434 160 14
1519 1207 8
453 971 58
118 1389 7
28 787 8
575 701 2
380 112 2
512 139 5
923 427 2
4 97 6
1374 335 2
1391 365 2
381 642 30
880 947 41
914 651 53
337 981 27
923 1115 2
1354 590 2
1145 1419 8
1359 910 2
101 936 8
897 387 7
1152 611 2
1204 338 5
823 277 8
192 39 6
51 311 30
995 1388 7
593 487 8
212 986 2
642 1243 7
206 1525 2
322 856 2
322 1148 2
1439 642 2
889 1333 2
190 172 2
1009 42 8
425 178 2
507 750 1
419 1212 8
1215 663 7
547 154 2
1215 267 7
267 1515 27
37 57 6
502 763 2
166 648 2
1459 915 30
859 1141 2
1324 577 2
614 8 7
49 474 2
600 1228 1
35 586 2
1394 1026 27
756 139 3
934 670 1
722 1199 7
1515 1418 2
451 893 30
739 63 8
315 1325 5
1459 1139 30
380 912 2
708 1649 2
45 1122 2
45 726 2
939 1381 7
681 1325 5
1265 320 6
145 1198 2
1346 958 5
999 666 5
124 691 1
1166 782 39
988 1282 30
594 487 7
187 241 35
823 244 7
26 54 2
1 321 6
147 533 3
1158 52 8
338 568 7
575 122 2
782 434 1
1330 720 15
487 147 8
1054 728 8
646 1187 0
891 766 1
297 694 5
1171 42 8
592 147 8
322 1214 7
383 917 20
761 364 1
349 1114 2
1266 90 8
230 535 33
139 68 24
547 517 1
438 914 2
270 453 30
1247 1287 2
681 1090 2
879 1029 2
325 187 33
507 1446 1
903 1236 8
535 1140 2
796 167 8
323 318 7
879 1321 2
744 162 1
1351 543 2
988 1315 7
671 377 8
623 1199 7
547 782 2
1221 829 2
535 676 2
139 724 31
139 287 30
671 273 8
17 1330 15
1128 39 8
1221 387 7
88 384 3
395 322 2
650 208 2
1209 677 7
1219 908 8
502 681 27
1461 806 30
156 527 1
176 605 2
1210 1236 8
1394 1258 27
721 1333 27
999 1323 77
586 471 20
855 80 7
642 366 2
419 65 8
279 78 27
727 590 2
763 507 8
600 603 6
488 1196 2
472 338 5
1458 596 30
702 420 5
373 308 7
42 63 7
147 896 2
558 1225 0
679 1325 5
573 1118 1
315 451 30
1054 1033 2
42 355 7
470 97 6
604 558 2
497 1488 2
159 502 8
1139 98 16
24 77 2
127 1052 2
33 729 2
495 1305 8
365 804 2
1052 355 8
1339 93 5
823 1606 2
459 1342 7
1527 80 8
115 1197 1
1052 256 2
1163 1396 8
439 36 30
88 441 0
372 90 8
696 495 8
1275 349 7
1312 958 5
1160 824 23
192 216 30
1087 1237 36
737 51 30
575 1042 2
880 600 41
320 1227 6
923 372 2
1535 928 20
65 958 5
1233 56 1
365 1127 8
442 1536 7
163 1118 5
1040 770 2
1152 160 2
995 1437 7
555 1252 2
671 974 2
1040 1161 8
88 1097 7
205 357 7
88 701 7
717 453 35
750 93 1
1565 365 2
916 139 3
824 607 5
1021 139 3
1144 21 8
540 516 2
880 626 2
372 1062 5
279 878 27
307 1376 2
192 295 2
761 296 7
846 83 6
880 976 7
253 1070 5
1209 1305 7
641 26 2
279 774 27
535 92 8
1393 743 5
1429 387 7
322 728 8
159 824 6
463 1070 5
398 988 2
531 349 2
1207 119 8
1184 1479 2
769 88 3
1215 144 7
726 1342 7
49 419 2
90 1472 5
938 1152 26
42 1420 8
722 1581 8
1303 406 7
14 24 1
603 150 2
1230 761 15
380 857 2
162 1173 2
276 1137 2
1030 739 27
360 1112 2
988 539 30
586 1258 2
583 1070 7
858 719 8
694 158 2
1382 308 7
923 1418 7
865 1118 5
424 1517 1
891 23 1
368 1371 2
1229 1062 6
960 1371 30
990 1069 57
1166 63 8
1314 1187 0
250 958 3
1080 1152 26
282 934 15
1029 172 2
45 1392 30
207 551 2
710 28 8
1187 881 5
208 381 2
1250 1112 23
1102 391 57
761 241 1
1355 1112 23
322 1033 2
995 1292 33
990 1496 12
737 338 5
867 1556 2
1225 80 7
1198 1044 53
86 1025 2
777 908 8
1106 858 12
476 596 30
1198 1148 2
1145 1325 5
1371 1518 30
1502 631 15
424 502 8
1154 1325 5
1221 769 8
974 558 2
176 1523 7
1476 1518 30
603 1242 2
1210 452 7
1394 911 27
747 1371 33
1382 338 5
1306 848 7
1081 1424 2
124 661 5
157 1549 2
829 1342 7
958 762 7
49 1112 23
558 1170 0
1461 287 30
1242 1152 26
43 783 7
497 1141 2
601 419 7
719 891 8
444 934 15
517 958 3
908 1203 6
419 70 35
1173 1262 2
1173 1274 12
1135 1517 1
253 1062 8
365 848 8
815 1224 2
823 1213 7
64 536 30
42 1282 50
126 307 2
249 1418 8
702 970 74
928 881 3
936 433 7
1120 93 1
1003 0 0
1136 1342 7
106 823 2
143 728 8
1463 1097 7
494 88 3
692 796 8
337 183 27
923 317 2
1377 1236 7
1262 178 2
1251 1207 8
426 1236 52
923 312 8
623 1070 5
337 475 27
8 496 2
1567 1087 2
728 1070 5
510 855 5
697 1403 14
125 147 8
286 590 1
1291 205 14
234 83 8
87 344 2
869 759 2
1186 958 5
1357 998 29
1210 1544 7
417 603 27
284 368 31
322 1238 33
1444 1248 2
346 139 3
281 535 2
739 1337 2
630 1396 8
759 1212 8
988 159 2
406 369 7
277 1287 2
322 277 8
434 63 8
1035 1070 5
527 848 8
824 1213 6
1193 1342 7
650 742 23
831 883 2
147 1177 2
1400 92 7
1394 228 27
183 208 2
1298 1342 7
86 269 8
380 114 2
45 324 2
651 620 40
934 560 1
205 1172 77
183 495 8
796 46 6
154 1052 2
24 650 2
498 936 8
337 1210 6
1207 1500 5
904 901 84
1287 31 33
122 596 16
1383 682 7
214 845 5
999 121 77
255 166 2
454 1199 7
1264 1448 2
1052 829 2
124 581 1
392 147 8
701 1393 2
486 453 34
1301 88 3
667 891 7
673 33 2
143 149 8
478 1384 8
440 893 2
1372 1544 7
61 761 15
950 205 14
620 1230 20
1442 349 1
1144 766 8
92 1360 2
192 265 6
1359 1428 2
163 88 5
209 1070 2
805 936 8
880 929 7
338 390 7
903 42 8
208 722 2
891 728 8
1463 387 8
317 320 7
172 189 27
761 186 1
1438 1388 7
1476 1239 30
901 1322 13
185 575 27
643 1 6
611 879 58
390 824 6
894 172 2
1525 556 2
936 763 5
424 51 8
768 97 8
777 97 8
98 781 30
862 936 59
1087 114 8
642 355 8
1306 433 7
1306 37 7
759 65 8
33 1242 2
154 1342 7
1054 235 2
360 1393 2
266 1070 2
259 1342 7
297 172 8
1112 1330 15
999 1145 77
1460 322 20
23 534 2
631 1217 8
1173 200 33
127 546 2
276 102 8
468 858 12
694 690 1
255 1581 8
1506 861 33
138 1488 7
1252 763 2
341 586 2
1493 365 2
900 1393 2
1215 487 5
1544 1212 5
507 149 8
102 57 6
455 796 7
939 561 8
152 1139 30
323 216 7
325 1128 2
899 603 7
406 991 5
267 187 55
457 240 2
434 1081 6
337 128 27
386 1507 5
1029 1141 2
895 1396 8
349 229 33
93 764 2
1336 939 7
716 139 3
698 891 8
1231 917 2
1082 179 15
1442 501 21
97 340 2
681 1207 8
1008 908 8
1407 1289 36
202 736 2
988 1483 2
769 1024 2
1563 1342 7
898 881 3
542 292 2
540 114 2
546 736 7
897 533 3
464 88 3
1327 1199 7
178 1125 6
874 1550 8
374 0 0
147 31 16
168 504 2
981 26 2
176 435 2
719 1199 7
1322 852 8
945 1287 2
503 586 2
1103 393 8
925 761 15
527 793 8
277 452 12
534 622 34
1173 1292 33
1298 891 7
261 702 12
290 1217 8
960 202 7
263 349 2
1008 656 1
1421 80 8
274 879 74
380 455 2
936 1120 2
607 530 2
337 863 6
1527 1062 8
1197 147 8
707 210 2
1288 958 3
940 358 7
586 460 2
1252 1391 2
21 1141 2
359 823 33
1233 350 1
241 1488 7
586 1148 2
1193 598 50
899 939 7
575 872 2
925 118 2
449 1198 2
501 424 8
1179 1190 71
113 250 1
308 910 5
723 80 8
1031 1054 7
594 341 3
1454 45 2
726 1139 30
671 1200 2
934 743 3
840 1341 30
3 307 7
1220 97 6
1138 97 8
679 1207 8
1212 936 8
205 875 7
527 369 1
228 88 3
417 488 27
322 626 8
199 307 2
93 13 2
809 167 30
368 176 45
594 1335 5
292 889 2
834 891 6
737 998 7
678 915 30
526 255 2
636 1461 8
731 1438 7
756 1324 39
777 42 8
543 671 14
761 787 8
841 988 2
530 222 8
365 1388 7
1359 3 10
401 419 7
1087 59 8
1461 269 20
510 355 7
559 1070 5
1283 933 2
374 1371 33
154 1333 2
594 726 7
1160 474 2
590 686 7
380 979 2
663 1118 5
921 382 7
1461 230 41
277 80 8
24 443 12
1488 905 2
273 45 2
1245 439 57
841 1207 8
1164 891 8
1058 147 8
1172 507 8
720 1457 8
1495 488 2
187 704 35
210 638 27
623 1221 20
1163 147 8
452 838 7
143 326 8
928 37 8
28 1482 8
681 933 2
891 937 1
1193 1325 5
172 101 26
471 172 8
673 898 2
1377 42 7
790 1062 7
88 855 27
1207 298 5
1144 1298 7
783 768 2
558 1047 33
915 591 2
1224 381 16
178 158 6
669 1307 13
1461 652 2
1364 322 2
742 568 15
584 80 8
995 1518 33
186 958 1
1474 642 2
689 80 8
194 178 1
515 1287 1
575 116 8
1559 1315 7
1110 1112 2
1000 858 12
322 1213 7
787 1581 8
527 1388 7
190 575 2
631 910 1
1116 208 2
1215 670 7
202 973 2
421 883 2
859 1252 2
648 958 2
246 139 5
300 795 7
921 873 30
55 891 7
1209 848 7
951 507 21
918 958 5
278 1525 2
1120 904 9
452 832 5
548 1008 39
284 1337 7
603 1364 2
306 958 3
1548 97 8
1184 626 2
391 1141 2
1461 873 30
485 846 6
739 471 2
411 917 2
411 958 3
1303 1260 7
266 1351 2
435 338 5
847 158 8
1183 682 7
1306 1298 7
64 1518 30
1324 267 55
915 266 1
337 808 6
838 90 8
1162 891 8
577 1198 2
155 534 2
163 249 8
301 702 77
891 877 1
1114 1132 0
118 1109 7
344 1296 8
641 502 20
1481 1124 2
527 1314 5
1199 1310 5
1082 820 15
128 88 2
1082 98 30
1488 154 2
193 534 57
454 1062 8
337 701 27
547 920 1
124 881 3
457 808 8
290 531 5
45 539 30
369 944 30
265 1224 30
1355 590 2
1251 998 29
808 671 14
208 216 2
744 1253 1
552 397 2
550 284 33
627 1236 52
463 97 8
787 502 8
922 642 30
56 596 16
880 401 2
156 998 1
1215 91 7
657 397 2
406 955 7
1333 167 8
929 1070 5
1221 1227 8
530 1447 2
1075 1236 7
1187 1418 7
1340 88 3
1082 865 2
601 1341 7
45 618 2
537 771 75
761 44 8
1137 338 5
1058 1184 2
781 1340 30
1416 307 2
1250 0 0
159 891 6
77 891 8
49 590 2
960 879 7
434 576 14
20 88 5
1322 114 8
849 603 2
1515 1138 2
181 147 8
736 172 8
1461 156 15
1400 250 7
380 1028 2
357 1199 7
1397 796 7
211 1325 5
741 883 14
457 1217 2
586 1033 2
367 178 2
923 1635 2
921 269 2
290 119 8
24 837 23
917 287 7
1139 281 2
925 1087 2
581 1198 2
1054 52 8
813 1296 8
1082 726 30
334 702 12
240 502 2
1253 933 2
417 1525 27
1495 365 2
464 1024 2
547 278 2
234 937 8
1102 562 57
205 1156 7
809 1204 30
1128 1097 7
191 80 7
208 844 2
988 1081 2
442 210 2
799 1236 8
942 596 30
653 284 33
1442 1132 2
66 1024 2
898 37 8
575 68 24
1341 685 7
373 1325 5
684 1187 0
1283 845 1
535 787 8
1424 627 7
281 575 27
845 1205 2
1322 54 8
1139 830 30
1516 178 1
829 284 6
603 1309 2
1394 978 27
1082 1169 39
893 928 45
1179 205 7
1164 1199 7
1325 92 8
267 88 27
1054 857 2
727 1285 59
928 391 2
977 320 19
601 590 7
673 139 5
1054 852 8
719 1062 8
1383 1536 7
126 546 2
50 187 2
440 1378 1
928 1079 2
1461 750 30
988 942 30
1030 1333 2
365 628 2
1144 1210 6
1 377 6
24 89 2
479 488 2
1101 353 5
147 543 8
540 681 27
701 540 2
355 1342 7
823 1321 8
1024 1011 2
900 1515 2
487 495 8
337 685 6
454 720 2
1333 854 27
908 1243 7
681 1506 2
742 813 15
228 1024 2
259 34 69
936 937 8
575 762 2
322 1125 6
563 1052 2
907 936 8
1133 249 7
1557 742 57
761 1004 1
479 1207 8
230 883 33
124 92 8
934 341 3
761 1395 7
717 1325 5
178 1127 6
290 476 5
1449 1515 2
57 1377 6
206 898 2
206 502 2
796 119 8
1022 265 8
1080 1236 6
463 88 3
928 597 41
406 608 7
1570 796 8
530 1100 2
1221 1177 2
880 346 2
1184 929 7
1333 112 8
1128 387 8
934 1335 5
1562 366 33
62 697 2
45 271 2
1054 1553 2
322 52 8
872 504 2
365 595 1
285 1128 2
1457 139 3
406 436 7
162 669 2
1394 399 27
720 3 1
256 1342 7
913 451 30
502 360 2
1077 26 2
754 495 8
439 160 30
77 80 8
369 504 2
1207 167 8
1461 159 20
1348 847 0
1173 62 2
380 577 2
24 425 2
205 1635 77
33 1077 2
598 787 8
1141 228 6
24 717 2
586 978 2
453 972 58
582 488 2
470 1152 2
590 554 2
1083 278 9
458 1396 7
192 960 30
563 1342 7
1258 1396 8
1240 505 1
789 1046 12
1144 937 8
812 596 14
540 1036 2
434 228 6
901 1112 2
1040 1217 8
20 1396 8
207 667 2
1144 833 8
995 1389 7
593 92 8
212 987 2
990 721 57
645 1287 1
718 934 15
978 26 2
904 784 19
535 49 2
65 697 7
761 685 8
1429 1491 7
737 1166 2
1380 1255 41
1252 68 24
350 642 30
292 1011 2
338 536 30
684 1132 0
166 1337 2
1326 39 8
357 1070 5
393 917 2
603 1358 2
1013 1415 5
505 307 2
284 877 2
462 1070 5
1080 504 2
1184 516 2
1173 1446 2
147 269 2
33 667 27
919 1507 1
285 440 8
449 995 1
1407 812 2
1019 412 5
267 33 27
205 1575 77
582 1184 2
638 90 8
670 338 5
1112 813 15
486 883 33
489 1199 7
1183 176 7
1144 863 6
281 553 55
278 999 19
1354 1287 2
498 28 8
602 419 7
1184 47 8
1233 1496 1
115 174 1
269 172 8
594 1217 8
867 1190 41
903 914 2
1166 119 8
925 1264 2
140 702 8
1130 453 1
1375 90 7
483 796 8
787 1438 7
942 1341 30
1371 37 8
1024 200 2
1252 762 2
338 793 7
900 1054 7
124 37 8
722 192 30
307 421 2
1333 1395 7
988 1362 2
1008 292 2
1496 292 40
1128 108 8
1069 380 30
80 39 7
85 697 2
1215 896 7
1463 167 8
208 1518 30
1359 925 10
1184 1417 27
642 831 2
396 596 16
507 68 1
945 0 0
102 1224 30
1164 1070 5
1547 97 8
322 2 2
338 1456 30
77 139 3
1207 226 3
205 678 14
419 462 8
661 1070 5
622 883 2
1087 855 3
191 553 44
1376 1 1
863 147 7
1418 172 7
620 309 2
553 622 35
868 805 2
163 147 8
1298 1062 7
115 1266 1
1403 1062 7
479 1187 7
126 1515 2
592 1199 7
544 507 21
586 235 2
923 837 2
823 1607 2
858 92 8
323 605 5
602 178 2
457 711 2
912 1506 2
1359 248 12
1173 1291 33
384 139 3
1479 88 2
1152 229 2
172 1578 5
558 617 2
575 647 2
357 1062 8
80 839 7
769 824 6
1082 324 30
1391 702 8
322 95 6
1535 1221 20
878 936 7
1371 957 8
917 109 7
1341 59 7
1250 1207 8
307 1445 2
667 147 7
1001 883 33
1040 766 8
390 320 6
657 1087 2
1461 1402 2
185 759 27
593 37 8
917 838 8
1022 838 8
205 650 7
125 502 24
1019 1384 8
435 908 8
250 1325 5
406 1181 7
406 785 7
355 1325 5
1215 213 7
903 90 8
499 1359 2
74 292 2
759 1565 2
66 914 2
759 1169 2
1333 685 8
880 1310 8
86 789 8
921 416 30
519 739 2
281 883 2
86 393 8
873 1371 2
159 1013 57
45 844 2
1199 1197 2
629 1396 8
636 1236 8
485 97 6
1361 1132 0
157 526 2
1090 1111 7
534 388 2
502 641 2
945 1371 33
594 943 2
273 284 2
33 1358 2
1054 54 8
1141 101 26
770 1566 5
1468 88 5
543 781 30
718 1112 23
1439 1608 46
838 1236 8
594 433 7
1164 1062 8
820 958 3
904 1541 84
487 139 3
912 823 2
710 97 8
363 656 2
1466 86 1
143 101 8
455 958 2
847 683 0
478 129 8
991 242 57
581 1419 8
879 1002 1
1374 805 2
143 789 8
143 393 8
1481 867 33
1357 1371 33
917 428 33
116 1128 2
442 504 2
228 914 2
915 366 2
192 613 6
774 975 2
78 1424 2
1155 80 8
156 761 15
1040 83 8
1316 45 5
284 1081 52
643 57 6
211 1207 8
88 854 27
1198 1045 53
323 160 7
1210 917 7
1093 824 6
1101 821 75
614 172 5
534 1480 2
550 474 2
502 1337 2
1098 742 23
183 1252 2
871 1128 8
88 289 2
1187 174 1
34 1586 5
534 753 23
857 1141 2
1128 277 8
898 533 3
847 1563 7
1056 846 6
933 568 1
618 1252 2
176 551 2
406 471 8
872 97 8
824 1315 7
1087 462 8
273 178 7
1296 766 59
1475 439 57
1184 693 2
244 1 6
958 1451 7
562 939 15
1338 1070 5
439 154 30
618 1184 2
1330 307 29
908 808 6
1054 979 2
928 909 2
1506 717 2
205 837 77
535 1239 30
568 891 6
337 875 6
858 37 8
162 90 8
122 1024 2
420 88 5
702 971 74
1187 1578 5
575 300 2
349 1000 2
1040 487 8
373 1207 8
350 1581 8
1503 502 8
20 1062 8
1481 957 7
1372 917 7
586 112 2
598 213 8
248 474 75
45 418 30
314 488 2
348 548 2
1024 1169 2
1035 495 8
1413 1102 5
307 1098 2
442 1424 2
168 1152 26
848 338 5
1152 106 2
1419 855 5
1152 101 8
771 163 1
917 387 8
452 533 3
1108 936 8
869 1052 2
221 80 8
213 702 8
325 51 7
897 881 3
1184 1493 2
913 453 30
1090 991 37
1341 269 8
200 307 2
86 384 3
1215 158 7
398 642 2
1341 957 8
745 434 2
535 330 8
1477 507 0
434 455 14
743 868 7
168 1144 2
1481 1448 30
292 541 2
546 1455 30
166 471 2
1436 249 8
737 988 2
154 365 2
729 917 8
1424 102 7
45 325 2
52 502 8
42 929 7
1515 1309 2
166 763 2
951 1419 8
157 502 8
883 485 30
928 1491 7
796 735 6
195 988 20
999 518 77
915 1357 1
988 485 30
707 908 7
598 1305 8
265 90 8
694 104 2
337 1568 27
594 815 8
338 167 7
464 575 2
125 453 2
710 88 3
1229 320 6
898 513 26
684 1656 2
710 42 8
125 1141 2
934 1217 8
925 466 2
1031 1052 2
1391 488 2
489 1062 8
143 46 8
145 958 3
796 1338 2
143 384 3
849 307 30
359 502 8
823 108 8
282 880 15
969 658 0
552 1264 2
1231 1584 28
598 1239 30
1252 355 8
1152 1125 8
657 1264 2
665 880 2
685 958 3
86 1097 7
1321 846 6
727 1112 5
1438 1389 7
864 1418 7
88 1567 7
265 1062 5
434 1156 8
882 958 2
1207 1116 7
284 833 7
425 697 2
995 277 8
1103 1437 8
1223 898 2
1215 390 7
1184 619 27
1553 210 2
69 936 8
1525 849 2
48 434 1
880 181 2
1326 265 8
1209 568 7
1090 1392 7
619 1342 7
1183 178 7
1394 857 27
782 915 30
872 88 3
910 958 5
1536 313 52
1287 1124 33
620 1510 2
1184 930 53
1177 210 27
790 88 5
138 1562 1
55 147 7
872 42 8
739 191 2
1295 1252 2
958 1437 8
977 42 8
147 391 2
232 178 1
601 365 7
176 32 2
444 880 15
999 1146 77
377 113 2
544 501 21
1500 1359 2
1287 952 33
406 244 8
115 4 1
148 1062 8
596 18 8
915 674 1
981 796 20
1058 891 8
1079 671 30
85 501 41
528 594 10
863 1118 5
766 1184 5
381 80 8
1568 739 27
1163 891 8
220 1525 2
1351 1415 37
170 1360 30
936 321 2
349 945 2
93 282 57
205 318 77
847 1314 5
454 495 2
135 1296 8
1008 586 2
907 320 2
590 92 8
1162 147 8
126 936 8
337 1131 2
1207 646 5
907 612 2
1300 1431 5
440 503 2
453 201 2
925 671 33
1456 284 2
324 1073 2
20 147 8
234 75 3
911 1236 8
917 40 8
1215 1482 7
1424 101 26
186 1306 1
882 898 2
80 265 7
990 264 57
744 681 1
1128 626 8
202 1029 2
147 597 41
869 1393 2
322 291 8
485 1325 5
1062 646 5
221 322 2
270 1515 2
420 1396 8
172 108 1
824 1227 6
1099 917 8
279 769 27
666 771 75
1415 921 57
1184 1042 2
435 42 8
1536 1212 7
530 160 33
534 942 33
1082 981 2
381 453 2
1183 702 7
406 607 7
406 211 7
390 453 2
1119 596 30
241 1562 1
1453 270 3
450 1236 6
988 32 8
45 270 2
944 737 2
140 26 2
1506 602 2
928 1086 2
575 1337 2
590 59 7
607 823 2
729 502 8
1496 1584 28
97 1122 6
374 1287 2
323 435 5
873 176 45
150 958 2
159 917 8
852 1224 30
1258 488 2
486 742 23
20 510 7
1270 1147 2
670 1102 37
1384 908 7
28 167 8
934 433 7
591 742 23
813 1062 3
934 766 8
1031 1393 2
322 321 6
242 23 79
570 1236 8
1132 174 1
752 1325 5
552 958 3
322 613 6
1451 988 2
824 810 15
1221 1310 7
1121 365 2
144 1325 5
1102 282 57
82 202 2
1128 1213 7
847 109 0
997 823 7
1137 88 3
1250 998 29
1289 934 15
1474 307 2
1355 998 29
540 1035 2
1190 368 16
1525 461 1
344 139 3
192 1502 2
859 917 2
641 936 8
338 311 30
834 1184 6
847 1161 7
600 1062 6
603 1133 2
1287 381 33
620 1163 2
495 1395 7
1496 1604 38
176 1310 7
1174 759 2
284 1340 2
1383 928 7
1322 462 8
479 1 6
437 781 30
507 59 59
1187 32 8
49 998 29
380 980 2
999 695 77
371 957 8
348 1525 2
853 821 75
22 546 2
1391 1525 2
1132 1266 1
250 1207 8
306 1325 5
411 1325 5
1251 1371 33
1031 1333 2
361 308 2
1467 1087 1
114 488 2
230 671 33
1083 973 9
349 494 2
285 1221 20
446 824 2
1228 1594 1
825 147 8
1463 1384 7
590 37 8
916 958 3
790 1396 8
323 454 7
783 1457 2
995 189 7
937 1438 5
238 172 8
1357 933 2
187 31 16
664 1128 2
241 781 30
25 1070 5
765 1128 8
1383 958 5
45 223 26
365 1315 5
1022 277 8
992 1396 8
303 880 2
848 97 6
809 173 30
702 660 5
766 97 8
1326 838 8
630 891 8
1438 228 8
995 36 33
28 405 16
629 147 8
156 694 7
53 453 2
494 118 2
622 904 58
843 88 2
498 504 2
1050 796 1
1184 1310 8
1315 97 8
475 914 2
1284 1287 2
32 279 2
1163 1199 7
879 36 14
1163 1141 2
315 915 30
1506 151 2
1397 169 7
65 90 8
495 685 8
976 320 19
1561 440 35
360 656 2
915 1247 1
255 453 2
434 1327 6
61 720 15
797 1342 7
118 1448 2
28 112 8
54 934 15
380 229 2
670 178 2
1505 936 8
1375 97 7
440 784 2
1371 3 7
769 891 6
9 908 8
855 451 30
923 1227 8
396 1118 5
417 898 27
552 466 2
284 948 15
1040 937 8
657 466 2
1502 453 34
1496 1270 5
997 80 7
221 1062 8
45 1578 5
1326 1097 7
322 531 7
795 119 8
872 1024 2
790 249 8
1156 1407 5
540 980 2
380 1230 20
172 722 2
1317 365 27
605 958 5
921 191 30
297 759 2
936 654 5
601 1342 7
1200 1396 8
979 26 2
874 21 8
883 772 14
557 51 50
1056 97 6
166 661 2
620 420 2
850 502 2
176 1301 2
632 917 8
623 166 2
603 1078 2
24 853 12
1055 928 7
261 349 2
45 843 2
1258 1525 2
26 239 2
33 1133 2
1163 166 2
1055 824 7
1073 1126 2
988 315 30
1458 34 41
853 474 75
998 658 66
784 275 77
535 782 30
1270 991 1
1058 139 3
988 607 30
359 796 8
923 1532 2
866 939 15
39 958 3
654 1609 47
1250 1287 2
1161 1342 7
914 1568 2
594 937 8
1026 958 2
917 976 7
1367 1393 2
42 722 50
56 598 30
143 272 8
249 462 8
395 1070 5
913 936 7
991 17 57
1407 519 35
847 412 5
621 1112 5
658 1342 7
674 1070 2
823 626 8
592 809 50
1004 57 6
898 1004 27
383 546 30
858 224 5
895 891 8
1001 702 12
702 342 74
139 1578 5
1458 1144 2
1106 702 12
535 861 2
178 792 6
322 454 33
997 1396 7
346 958 3
1332 1087 1
796 226 3
284 856 52
999 881 3
202 627 2
80 155 7
1351 264 2
657 671 33
90 1133 2
49 1287 2
577 1152 26
1132 92 8
1215 1304 7
1019 116 8
1128 52 8
1338 97 8
436 671 14
1326 387 8
541 671 14
30 178 1
579 440 35
1050 845 1
1394 979 27
1394 1375 27
1187 318 2
1047 995 1
1437 187 33
1103 226 3
1296 937 59
735 1128 8
1296 650 2
999 1336 77
1337 631 15
557 1070 5
192 3 8
1324 206 39
581 1166 1
1109 0 66
730 349 2
784 1046 5
28 1395 7
928 1080 2
1275 534 7
33 54 2
419 138 35
533 440 30
1028 1052 2
631 75 3
720 32 8
1152 53 2
1493 488 2
958 226 3
1141 272 2
1351 1245 37
1544 1335 5
1495 958 2
364 172 8
64 1292 30
575 763 2
988 286 15
106 1287 2
738 720 15
962 1014 0
1375 42 7
1207 476 5
737 64 30
558 1025 2
761 1005 1
311 530 1
316 908 6
901 147 7
307 873 2
194 1549 2
284 881 5
45 485 30
1351 1310 7
158 1207 5
542 879 2
582 80 8
421 1525 2
1461 1122 2
226 540 2
671 1482 8
1003 1562 2
325 1224 33
1567 824 23
880 707 2
200 546 2
1424 223 26
80 387 7
998 310 1
796 808 8
441 1296 8
323 959 7
527 260 1
406 213 7
322 855 3
906 1128 8
1499 24 10
1210 1612 7
1058 1198 2
978 898 2
880 639 2
176 976 7
915 1094 30
1264 1244 36
759 889 2
69 380 2
876 936 8
1438 743 3
1068 90 1
1183 928 7
603 335 2
474 153 5
581 1152 26
455 307 30
527 916 8
1551 796 4
466 1154 1
729 796 8
1288 1207 8
1103 808 8
1141 297 6
535 37 8
181 139 3
1287 1314 2
928 974 7
1356 948 15
290 75 3
720 728 8
1527 1581 8
205 1636 77
33 1078 2
899 1526 7
360 891 7
26 681 27
440 1092 1
24 1114 2
586 979 2
923 789 2
1079 1525 30
926 593 7
208 315 30
1025 823 33
688 1525 2
42 375 50
1184 108 8
792 1199 7
702 160 7
982 495 5
341 26 2
575 1391 2
28 685 8
938 1198 54
796 1212 8
70 349 1
1468 510 7
1128 1449 2
1022 1213 7
1047 999 14
1090 533 5
763 1333 2
1371 1305 8
1093 320 6
1424 1578 5
917 836 3
1335 1342 7
290 1397 5
1371 974 29
208 790 2
476 781 30
184 783 57
625 739 27
1445 397 2
999 92 8
417 406 2
1081 880 1
534 512 2
581 1073 30
322 1437 8
474 1245 5
1103 1212 8
1215 957 7
1080 1198 54
729 1393 2
170 936 7
1227 1396 8
1077 1515 2
49 452 12
526 774 2
1338 88 3
327 284 14
769 495 8
499 596 33
1557 11 2
631 728 7
988 239 39
752 1207 8
721 603 27
1173 1447 2
503 26 2
739 362 2
253 419 1
471 57 6
829 1396 8
27 1556 2
1307 1128 8
246 1070 2
367 1112 2
442 1152 26
796 1138 6
266 858 12
1139 160 16
677 697 1
127 322 2
772 742 77
714 940 2
999 1213 77
1052 21 8
796 1449 2
1261 1199 7
1163 1062 8
582 139 3
1036 172 2
1251 933 2
386 904 9
672 596 7
323 680 7
915 813 8
551 1184 2
202 872 2
1101 904 74
501 658 0
558 214 2
530 1114 2
176 477 41
620 272 31
962 99 0
80 40 7
112 958 3
796 65 8
667 546 2
441 908 7
194 697 1
205 23 7
191 1342 7
535 1388 7
118 241 35
1549 1037 2
1351 837 2
80 728 7
1056 1325 5
452 214 75
534 1140 2
761 1611 2
1536 888 52
546 1091 64
998 646 7
322 462 8
1084 1236 8
1161 1325 5
279 148 27
872 914 2
406 450 7
530 1437 8
845 1091 2
586 833 20
69 33 2
800 761 15
279 836 27
290 1457 8
883 1292 30
759 834 2
289 322 2
862 97 59
1476 160 30
1461 1392 30
276 929 7
115 1267 1
1184 1041 2
610 1070 2
616 958 2
33 335 2
42 1086 8
657 939 15
466 297 6
380 127 2
1028 1333 2
337 1327 6
1166 1108 8
1521 958 3
21 917 2
192 974 30
1400 37 7
485 365 2
829 249 8
195 1070 5
482 1199 8
46 139 3
1525 1304 5
458 1342 7
558 910 2
934 937 8
320 1125 6
630 1070 5
546 875 6
403 338 5
1139 464 2
454 1581 8
307 1446 2
923 1349 8
545 1198 2
820 1325 5
581 1062 3
1325 1097 7
207 905 2
185 1052 27
298 603 6
27 338 30
636 914 2
1476 960 30
736 57 6
1315 87 52
999 37 8
1198 85 1
909 596 14
530 363 2
849 502 2
535 287 2
350 192 30
519 694 7
300 1198 54
1525 569 2
205 1307 14
452 376 5
1455 139 3
620 938 2
1271 1359 2
1394 577 27
494 1264 2
1198 350 2
176 216 2
598 1388 7
1184 66 2
1394 869 27
35 33 2
451 840 30
1075 26 2
703 880 2
1541 147 8
1424 54 7
152 535 2
792 1070 5
505 936 8
484 434 1
1515 54 2
771 1000 5
1083 920 9
154 1396 8
988 437 30
322 792 6
367 697 2
31 1072 8
143 462 8
265 42 8
1061 823 33
1111 0 66
780 507 21
1364 166 2
595 1525 40
677 178 1
1567 821 2
506 338 5
31 999 14
1030 1052 2
1259 139 3
527 1150 5
276 47 8
325 1199 7
814 42 8
323 229 7
325 1141 2
440 223 2
419 1418 7
362 598 30
506 603 6
88 312 7
789 958 3
1072 1227 52
1563 1396 8
1371 1315 5
1337 97 8
878 1207 8
1184 762 2
1333 3 8
88 244 7
158 739 27
1333 341 3
530 264 23
81 284 33
739 607 2
124 1315 5
630 1062 8
1393 1375 27
1200 147 8
398 307 2
1438 341 3
864 32 8
1303 1396 7
1184 986 53
86 3 8
638 1128 8
406 35 7
718 933 2
503 307 2
850 45 2
159 80 7
252 824 6
1516 697 1
208 1292 30
958 1452 7
1526 265 8
362 1073 2
731 823 7
507 462 59
722 1296 8
1054 980 2
307 624 30
1396 114 7
636 90 8
928 910 2
719 1581 8
606 1371 2
575 661 2
915 293 0
1438 1335 5
527 1554 5
974 781 30
4 57 6
923 387 2
704 93 12
259 322 2
632 720 15
1270 179 2
1468 176 7
586 869 2
320 1138 6
337 545 27
359 824 23
1176 90 8
543 620 82
883 1567 1
951 958 3
1036 1141 2
458 891 7
908 159 7
28 179 8
553 985 2
1258 891 8
189 284 6
723 139 3
769 1062 6
213 1 6
1120 1070 7
546 1554 1
440 455 2
170 1184 6
45 315 30
420 1525 2
1307 1070 5
337 769 27
1140 397 2
464 172 2
1145 1207 8
176 758 41
1040 1108 8
528 821 2
1152 102 8
1570 1342 7
519 24 1
321 80 7
988 229 2
392 761 15
524 1073 2
80 1301 7
145 1325 5
451 460 2
1207 489 7
1090 833 7
1138 88 3
720 298 1
702 1063 5
1138 42 8
377 846 6
69 210 2
1544 1217 8
216 451 30
502 947 2
1306 167 7
514 558 2
62 1112 2
150 1082 2
1394 126 27
466 938 6
270 88 2
154 1054 2
55 249 8
1052 189 27
1117 958 5
1303 249 7
1056 434 1
999 123 77
626 172 2
575 1243 7
277 139 3
594 420 8
139 21 8
452 1315 7
452 822 74
1152 803 2
1141 1418 2
1160 419 2
365 63 8
241 526 7
42 893 50
192 627 6
355 1224 2
143 47 8
228 172 2
322 273 6
320 95 6
349 610 2
1037 90 8
349 214 2
670 1322 13
362 249 8
440 1479 2
925 824 23
540 1555 2
726 904 9
933 138 35
1482 42 8
993 1199 7
895 1062 8
457 297 8
185 1333 27
1040 75 3
1261 1062 8
697 722 14
29 172 8
856 1325 5
676 558 2
88 1568 7
1046 1490 5
218 147 8
377 1187 0
1019 355 8
859 1333 2
864 1315 7
97 793 8
546 844 2
821 417 5
1215 787 7
847 1577 7
1279 958 5
1354 998 29
1562 637 12
1337 88 3
1380 502 20
295 534 2
823 335 30
1384 958 5
1337 42 8
929 501 0
1221 221 2
631 1314 7
32 958 5
1019 183 8
1285 293 0
527 167 8
824 136 6
618 1198 2
1210 1128 8
406 21 8
853 904 74
731 80 7
527 63 8
34 1587 38
1264 543 2
929 824 6
958 233 27
205 95 77
147 1080 2
1396 59 7
1515 231 2
64 1239 30
1503 958 3
575 314 2
435 1184 6
1264 1344 37
580 593 1
205 387 77
371 1305 8
1372 535 7
24 261 2
586 126 2
1052 148 2
904 512 84
1024 1183 2
594 75 3
883 61 15
702 910 7
657 761 15
1495 1525 2
470 988 2
1250 1371 33
689 898 2
988 61 15
28 228 8
1028 759 2
923 264 2
638 338 5
586 350 2
334 671 33
1471 28 59
901 656 2
1213 139 5
689 1581 8
85 1342 7
311 1488 7
453 890 2
861 1585 2
190 1342 7
545 796 2
1152 47 8
1201 1199 7
3 410 8
1055 1325 5
548 542 2
995 829 7
135 338 5
172 568 7
874 741 12
1207 1349 7
290 1314 7
995 160 33
530 229 33
88 489 7
84 891 2
552 118 2
73 1506 2
1306 1491 7
657 118 2
1087 1109 2
534 1274 12
988 678 43
1544 433 7
292 555 2
1047 1152 26
502 600 2
530 837 23
172 833 8
641 210 2
1437 139 3
159 320 6
1476 782 30
601 1062 7
176 1125 2
616 1252 2
1547 908 8
620 536 2
620 140 2
1400 39 7
494 466 2
1016 705 5
870 97 8
928 1505 7
603 798 2
893 1139 30
1497 958 1
530 226 3
291 694 39
270 33 2
161 92 8
147 974 7
154 603 2
45 563 2
1391 210 2
707 504 2
390 1139 30
380 1041 2
1258 1199 7
125 759 2
1391 898 2
1391 502 2
707 796 2
912 26 2
238 1221 2
1359 1443 2
1039 322 2
605 42 8
780 501 21
1031 998 2
1190 611 35
97 1388 7
346 908 8
558 1428 2
205 945 7
896 527 1
291 1070 5
942 781 30
900 540 2
545 1424 2
1536 743 5
439 1391 2
101 90 8
1047 781 30
548 774 2
997 824 7
659 1342 7
507 1283 1
1196 739 27
1215 800 7
547 291 2
191 535 2
880 347 16
1449 504 2
867 1052 2
377 1132 0
1144 961 35
1417 1166 1
895 147 8
322 1212 8
916 1325 5
466 1246 5
1215 732 7
572 546 35
318 1529 80
292 1183 2
1304 631 7
995 119 8
1394 1163 27
1221 265 8
1052 101 26
847 766 7
1153 338 5
338 604 30
939 1081 6
176 442 2
176 46 2
1540 147 8
858 481 74
603 1030 2
497 1393 2
594 728 7
1516 1024 2
102 596 30
1544 119 8
488 1033 2
1055 880 7
1174 1052 2
530 808 8
1141 1388 6
508 908 8
656 873 14
820 1207 8
928 112 2
170 1082 30
1448 535 30
599 671 33
852 45 2
928 800 2
1146 42 7
936 335 2
234 1381 7
707 1424 2
488 569 2
594 1389 8
571 178 1
1358 739 27
1252 606 2
1152 1376 2
1158 855 3
518 139 5
1029 1052 2
219 1141 2
512 440 35
205 264 77
454 45 2
373 702 8
453 903 2
710 908 8
1087 241 35
617 440 35
68 178 1
1082 148 20
880 1439 16
939 404 8
1082 160 30
1122 1184 2
858 280 5
836 823 30
160 598 30
440 53 2
462 502 8
816 80 8
1210 338 5
265 598 30
190 1333 2
648 1424 2
786 1199 8
502 432 15
762 1342 7
1221 1362 2
570 90 8
80 211 7
1506 1225 0
823 976 30
1306 270 5
172 455 2
1039 1070 5
303 1236 8
118 704 35
1439 28 2
928 1006 41
1525 1423 2
530 1212 8
281 823 2
534 200 33
739 833 2
631 1491 7
524 603 2
160 1073 2
1123 80 8
292 500 2
292 104 2
497 1333 2
988 46 8
847 83 7
870 88 3
1124 697 14
1341 92 8
284 366 2
1006 1118 5
870 42 8
285 1141 2
151 1396 8
1052 497 2
486 1087 2
1398 1252 2
365 1337 2
601 939 7
256 1396 8
1502 1264 2
591 1087 2
45 216 2
195 97 8
977 908 8
944 287 2
464 739 27
269 936 8
1515 804 2
1287 254 12
1567 1702 1
593 1231 17
33 798 2
1383 178 7
823 1337 7
1052 325 2
1133 1062 7
118 1111 7
160 176 45
337 667 27
1566 763 57
187 1124 16
1201 1070 5
453 1135 2
1158 1437 8
1177 42 8
593 277 8
28 743 3
501 663 8
1452 845 1
1025 1581 8
80 907 7
1240 226 1
596 1282 30
205 494 7
563 1396 8
1565 898 2
901 891 7
558 366 33
1454 284 2
185 139 27
789 1112 23
39 1325 5
823 291 8
590 622 35
293 891 7
1102 228 57
534 1292 33
1105 124 1
657 824 23
796 1156 8
1236 59 7
1289 880 15
1008 172 8
205 718 7
199 546 2
629 1199 7
787 796 8
540 981 2
1438 1217 8
78 796 2
1207 215 7
993 1062 8
588 1325 5
883 382 8
626 739 27
1215 677 7
510 766 7
958 271 7
297 1052 2
166 662 2
227 761 15
1209 63 7
45 1496 53
847 711 7
45 912 2
1252 856 20
558 3 10
153 17 57
1151 47 0
1071 621 2
1306 685 7
557 1073 51
1151 1319 21
595 596 16
1116 958 5
530 65 8
284 890 2
999 709 77
278 380 2
988 676 30
439 905 30
1174 1393 2
478 1243 7
1054 127 2
1 111 6
699 1407 2
1238 883 16
251 347 16
582 1296 8
939 1395 7
403 97 8
40 1207 8
142 1461 8
988 1330 15
999 245 77
913 527 5
157 917 8
340 1359 7
495 341 3
661 824 6
1359 1328 2
488 514 2
122 172 2
1506 357 33
772 858 77
1252 259 2
1371 1388 7
1 43 6
907 279 2
337 1295 27
1176 1236 8
42 1119 50
231 504 2
1152 1420 8
897 1097 7
836 440 30
1158 462 8
917 1310 8
1024 677 2
489 1581 8
934 75 3
270 535 30
478 197 8
317 908 7
558 2 2
604 320 19
85 590 2
563 322 2
1001 1087 2
1090 881 5
162 1070 5
1009 419 7
87 1456 2
761 670 1
558 890 33
1138 1198 54
1562 441 0
322 455 33
762 1333 2
575 63 8
1247 1296 8
1506 1170 0
575 355 8
898 39 8
563 249 8
546 232 7
45 1567 1
281 1333 27
1215 1305 7
452 801 10
729 739 27
1080 880 1
420 891 8
857 917 2
877 558 2
806 823 30
137 338 5
363 88 5
1221 838 8
1106 596 33
239 1152 26
1079 1198 54
424 904 9
1089 1580 18
618 1424 2
395 1024 2
449 1325 5
322 114 8
251 1439 16
981 210 2
205 399 14
176 619 2
500 1024 2
1183 593 7
334 594 10
734 390 2
1436 1396 8
1341 37 8
358 1013 57
370 914 2
195 88 3
1547 42 8
232 697 1
24 1047 33
1129 590 1
1054 1047 2
118 728 7
642 877 30
279 531 50
148 1581 8
150 453 2
923 850 2
1029 1333 2
1132 133 1
479 1132 7
220 1252 2
939 685 8
1166 1156 8
458 1062 7
1201 631 15
1258 1062 8
1035 172 2
1022 627 8
915 1161 8
686 139 3
1413 1566 5
1536 341 5
291 1609 47
1132 789 8
917 163 8
1045 1024 40
894 1342 7
716 1325 5
1221 1097 7
641 504 2
1438 433 7
208 455 2
995 678 33
1562 1124 33
1227 86 2
558 523 23
988 692 2
1414 139 5
70 279 2
199 90 8
406 1194 7
631 70 1
620 726 2
86 114 8
139 101 26
620 1122 2
1525 393 2
284 611 2
880 932 2
1144 491 35
628 891 8
988 228 2
292 677 2
502 722 2
490 1070 7
59 1199 7
297 1393 2
543 172 8
1461 1448 30
380 647 2
45 857 2
1207 92 7
1397 1207 7
603 628 2
1416 546 2
1394 297 27
1394 693 27
176 1201 7
1061 1046 12
275 183 2
720 1125 8
344 1507 1
631 726 8
101 1623 1
739 22 8
1193 1082 50
980 883 30
213 139 5
158 796 8
371 848 8
138 1371 2
1094 1139 30
904 1262 84
1152 974 2
1160 590 2
922 1184 2
1114 0 0
848 1102 5
891 95 6
1245 34 12
527 131 67
1128 1450 2
879 327 1
143 114 8
1468 1199 7
879 1056 2
402 338 5
1351 278 2
628 88 5
790 891 8
51 606 30
447 936 8
193 90 57
338 459 7
1121 488 2
880 1295 1
774 988 2
1221 168 2
139 22 30
809 1047 30
425 891 7
27 1082 30
1341 1388 7
1287 925 10
599 594 10
1221 856 2
226 249 8
910 90 8
1429 1097 7
322 1397 7
471 720 15
466 1472 5
190 759 2
1429 1389 7
1098 1581 8
90 1511 9
494 1342 7
1210 534 7
933 866 36
642 101 2
421 671 2
992 891 8
338 830 30
1303 824 7
315 80 8
606 534 1
154 1525 2
1184 1375 27
739 723 2
1052 223 26
1438 119 8
159 34 53
1302 80 7
159 739 27
683 1132 0
1295 1424 2
517 702 8
139 497 2
734 335 2
642 424 8
1541 891 8
917 493 6
285 734 8
152 883 2
860 796 8
258 1073 2
111 1184 52
23 1359 2
593 1213 7
21 1584 28
91 1187 5
71 631 15
609 936 8
192 347 30
891 1129 1
279 476 50
457 85 2
365 471 2
241 1371 2
923 107 2
823 877 2
454 631 2
122 1141 2
1336 702 5
337 661 27
867 883 16
468 596 33
32 97 8
349 366 33
1166 58 39
1330 88 5
348 1324 39
28 3 8
28 341 3
563 603 2
349 1409 2
1001 1264 2
795 1389 8
530 345 0
202 436 1
1521 1325 5
569 90 8
369 440 30
697 1125 14
653 823 33
1217 936 48
221 166 2
420 1199 7
550 1287 2
1114 1371 33
894 1333 2
917 108 8
1445 671 33
684 671 14
1014 42 8
598 624 30
891 114 8
116 139 3
28 1335 5
614 521 5
634 284 6
824 1399 6
501 912 21
1442 0 2
27 761 15
391 1333 2
1052 1578 5
1213 908 7
192 650 2
86 59 8
115 573 15
1200 891 8
1476 557 30
292 622 2
59 1581 8
507 1086 8
620 311 2
606 1507 12
205 576 14
277 1296 8
1207 37 7
944 873 2
39 292 2
406 716 8
1503 1342 7
603 177 2
1085 452 13
268 936 8
915 1105 0
536 1224 30
594 213 2
1396 462 7
380 524 2
380 128 2
501 269 8
1506 670 2
944 805 2
33 628 2
507 1310 8
323 211 5
279 1500 50
927 1184 1
575 1405 2
380 420 2
543 51 30
741 671 14
457 1005 2
1382 371 7
1221 384 5
1045 207 38
1084 1132 0
1488 638 2
627 1325 5
135 97 8
594 828 8
1152 1310 8
116 502 2
440 907 2
1274 397 75
939 1550 8
305 697 1
551 210 2
1402 1070 5
745 139 5
172 1309 2
592 596 50
936 75 3
1117 42 8
997 891 7
410 1457 2
442 97 8
1312 936 7
281 139 27
1482 90 8
1120 80 8
915 355 8
1536 206 52
1315 380 52
720 646 1
24 658 0
535 684 2
1317 488 27
1394 938 27
147 1124 16
372 338 5
847 937 7
45 1138 2
1066 90 1
1283 1070 2
1461 418 30
1461 22 30
502 189 27
759 881 3
707 1371 2
619 1396 8
1184 651 53
488 516 2
505 546 2
999 935 77
527 179 8
1184 21 7
934 910 1
500 914 2
894 1325 5
1335 990 5
1284 97 7
988 1194 30
601 86 7
565 1393 2
1040 1491 7
91 1132 5
205 107 77
1399 958 3
1382 603 7
1317 958 5
988 1126 30
365 119 8
598 1550 8
276 116 8
790 1199 7
338 808 7
499 97 8
381 139 3
51 851 30
1000 1087 2
453 678 2
818 434 2
1004 284 6
917 722 33
80 54 7
1470 347 7
1254 958 3
97 813 8
307 368 2
101 97 8
1090 392 36
418 1287 1
992 1199 7
928 470 45
897 277 8
548 262 2
623 739 27
85 1040 2
550 452 12
1144 75 3
546 854 7
1062 75 5
458 594 29
1463 114 8
1000 596 33
1536 438 52
82 1581 8
530 992 2
981 504 2
1488 1610 56
763 86 7
626 1342 7
530 1284 2
868 424 2
1330 1396 8
806 1341 30
684 0 0
1287 201 12
1187 1197 2
383 1144 2
251 873 16
186 80 8
1146 139 5
1438 296 8
527 119 8
1476 106 30
45 455 2
620 256 2
1461 942 30
371 1388 7
829 1224 33
922 307 30
560 908 5
731 824 7
377 530 2
1076 88 2
1264 75 5
1507 876 57
1052 272 2
1058 917 2
1496 593 38
1035 739 27
510 183 2
780 883 30
944 458 2
1187 728 8
1174 540 2
1158 1384 8
545 1152 26
117 530 1
575 662 2
830 944 2
944 750 2
271 33 2
819 1419 8
33 177 2
701 1024 2
1496 921 38
252 322 27
1173 246 2
388 80 8
1259 795 2
923 680 2
1252 1405 2
1319 1187 0
161 36 8
28 226 3
934 533 3
193 1359 57
591 702 12
1158 1212 8
593 52 8
553 986 2
51 1310 5
323 1546 7
347 908 8
632 1 1
863 88 5
1458 292 2
1252 21 8
439 377 7
233 1236 8
293 1400 2
212 379 2
189 1342 7
1209 1613 7
305 178 1
1200 1199 7
102 90 8
322 978 3
421 1324 39
1227 208 2
442 42 8
406 1420 7
1077 322 2
363 546 35
147 381 16
707 1152 26
292 903 2
534 1291 33
172 1577 8
139 223 26
510 937 7
1525 911 2
958 442 7
834 1342 7
166 833 2
45 1479 2
338 324 30
297 1515 2
655 80 8
1400 387 7
335 958 5
522 958 3
1436 147 8
433 1118 5
883 813 15
539 598 30
917 779 6
928 228 2
64 216 30
779 603 6
1461 191 30
933 444 2
923 1308 2
1428 1517 5
527 476 5
1382 548 7
1024 556 2
499 88 3
1252 722 2
1495 898 2
1146 90 7
1019 1298 7
592 1341 50
742 1430 5
628 1070 5
1054 855 3
688 1324 39
1140 671 33
739 911 31
457 298 8
194 656 1
457 199 2
996 1342 7
804 90 8
101 42 8
191 883 2
874 848 7
1502 939 15
323 107 7
490 1118 5
48 1525 2
1553 504 2
941 603 6
530 932 8
806 598 30
1549 464 2
780 208 30
1303 1342 7
535 375 85
297 540 2
638 975 2
152 1073 2
836 914 2
1540 891 8
471 284 6
347 451 30
1282 1173 1
1177 504 27
391 759 2
655 1396 8
913 998 5
766 88 3
90 341 5
22 1359 2
1539 147 8
790 1070 5
700 318 62
23 1585 2
1515 628 2
928 460 2
1351 611 35
1448 883 30
255 739 27
685 908 6
507 116 8
259 1224 33
1061 113 2
1324 281 55
320 792 6
527 1500 5
1382 1572 7
1526 39 8
1526 435 8
1561 453 35
677 1549 2
21 1199 8
1154 1581 8
301 1112 77
20 176 7
338 1381 7
127 1128 8
914 661 2
547 1002 1
819 1296 8
170 51 30
769 320 6
218 1141 2
80 627 7
596 606 30
254 466 75
1439 944 2
323 1491 7
439 426 7
1336 1526 7
212 428 2
176 600 41
1001 671 33
290 1315 7
530 853 12
633 284 6
671 1550 8
1476 851 30
1022 626 8
1506 658 0
1317 796 2
1062 1418 7
279 667 27
1281 891 6
1308 57 6
631 241 1
1336 147 7
909 883 14
118 533 5
1525 168 2
630 1199 7
172 1131 2
988 399 2
1301 1396 7
626 1584 28
502 497 2
1525 460 2
26 233 27
123 1524 1
531 534 2
1393 638 27
45 1028 2
176 1418 2
557 64 50
939 850 6
934 472 1
388 434 2
506 172 8
620 829 2
813 1118 1
1400 728 7
212 311 35
71 307 33
999 137 77
138 1173 1
24 1250 2
988 396 30
1264 1418 7
367 656 2
1045 501 38
810 908 1
694 411 2
24 523 23
650 1187 0
380 1042 2
58 694 39
1040 1381 7
205 1308 77
154 891 8
116 796 2
28 1217 8
495 119 8
988 724 30
586 1047 2
675 1166 1
1082 1204 30
1325 226 5
101 1371 2
1252 375 2
780 1562 1
272 187 55
917 639 2
897 1213 7
1163 502 8
1019 1243 7
192 865 6
880 1138 1
1054 462 8
849 546 30
1047 1072 8
168 1184 6
1305 1070 5
1451 845 1
434 297 6
618 1152 26
213 908 7
1132 1197 2
546 83 6
202 416 2
61 453 1
569 1236 8
51 381 30
207 736 2
930 292 40
1478 349 2
1215 1197 7
547 688 2
1447 858 12
218 139 3
988 803 2
441 97 8
958 313 5
510 412 5
736 284 6
321 1342 7
281 365 27
285 1584 28
543 940 2
590 743 5
767 1322 13
1019 197 8
1209 479 7
546 348 7
370 212 41
603 1495 2
1563 891 8
928 379 41
1215 1025 7
992 1062 8
399 546 2
292 1080 2
829 1199 7
995 808 8
55 495 8
176 47 2
1303 891 7
266 702 12
603 1031 2
730 534 2
514 1424 2
139 272 2
406 259 8
1506 877 33
1540 1128 8
1460 642 30
1461 856 20
958 1239 7
115 311 1
1054 475 2
699 1359 2
1515 177 2
1014 1187 0
803 1371 2
958 611 34
46 958 3
513 781 30
869 904 9
125 1342 7
587 1580 18
1112 293 0
498 97 8
143 1377 8
1130 590 1
479 251 33
468 702 12
999 200 1
383 671 30
904 62 84
479 898 2
823 1340 2
917 60 2
432 1 1
335 504 2
796 206 2
116 45 2
1003 1351 2
440 450 2
782 1525 2
898 856 2
1359 297 2
546 653 1
552 1112 23
172 1417 27
792 166 2
439 21 2
898 1148 2
789 1207 8
961 307 30
176 649 41
906 917 8
1349 1453 2
995 1212 8
176 941 41
172 415 1
14 534 5
857 1333 2
995 106 33
289 958 2
88 1169 2
821 991 5
143 929 62
1399 1236 6
124 658 66
1237 936 8
751 940 2
880 756 2
880 360 2
261 527 67
1198 1565 2
55 1128 2
1145 139 5
504 1120 2
739 1126 2
1200 1062 8
1351 960 35
205 455 14
780 781 30
874 83 8
988 47 8
45 285 2
616 1198 2
502 838 2
1476 624 30
855 488 2
45 577 2
1045 1166 1
159 1333 2
761 3 8
761 341 3
594 46 7
115 1335 1
722 1419 8
166 259 2
902 88 5
656 191 14
369 914 2
978 944 30
392 796 8
272 1236 8
195 880 20
192 750 30
88 137 5
28 433 7
590 298 7
951 1207 8
1343 495 5
1052 722 2
697 1606 2
278 1324 39
999 306 77
574 845 1
1359 993 2
909 914 2
51 102 30
364 917 8
1382 42 7
631 810 15
1141 1309 2
880 412 5
464 759 2
176 1345 41
349 209 2
504 776 5
737 809 30
796 1230 2
796 834 2
399 883 16
1139 240 2
636 338 5
527 298 5
1114 845 1
205 1183 7
687 1581 8
440 974 2
1442 534 1
787 824 7
192 54 6
375 596 30
792 1581 8
1568 1333 2
823 574 71
439 1337 2
878 90 7
330 1396 8
1252 148 2
778 1198 2
338 179 7
343 936 8
1556 1181 7
1393 881 5
207 973 2
441 42 8
208 803 2
1324 327 1
531 883 2
1474 546 2
636 936 7
127 1070 5
370 553 41
823 948 15
1536 273 52
502 778 2
93 301 19
995 65 8
390 1342 7
858 1321 8
349 1514 0
745 908 7
83 139 3
1330 147 8
451 976 30
303 90 8
152 671 2
704 1359 1
557 1074 51
33 1495 2
1140 594 10
154 1199 7
434 1267 14
612 183 2
735 502 8
1400 1301 7
1394 1041 27
81 453 34
706 284 6
999 710 77
626 759 2
259 1199 7
1174 1394 2
1141 938 6
1173 837 23
367 891 7
162 596 33
1035 1342 7
268 28 8
26 533 2
1458 671 30
42 179 8
1054 420 2
178 983 14
1495 796 2
125 1333 2
455 320 6
42 471 8
498 88 3
723 958 3
650 934 15
1028 322 2
498 42 8
921 856 2
1502 118 2
1 336 6
1026 1252 2
124 1389 7
823 1384 8
1240 855 1
1029 998 2
459 1062 8
1184 68 24
438 1393 2
54 1325 5
220 917 2
1085 958 5
1082 432 15
323 401 7
575 424 8
87 1457 2
1368 206 2
1429 743 5
915 831 2
375 1224 30
552 1342 7
323 297 7
1563 1199 7
1296 1225 0
883 1376 2
917 270 3
1338 172 2
172 68 1
307 831 2
829 1070 5
1000 702 12
880 373 2
1209 1156 7
535 1447 2
452 32 8
80 449 7
97 916 8
910 42 8
898 728 8
976 1562 2
417 45 27
1197 1342 7
1014 90 8
922 546 30
39 908 6
1198 1510 2
1098 823 33
868 199 2
399 1515 2
285 759 2
519 521 2
917 1305 6
45 230 2
62 656 2
45 626 2
1183 594 7
1090 543 2
1224 270 3
620 31 2
208 484 9
186 147 8
1394 66 27
216 1325 5
546 1292 30
1173 89 2
862 42 59
1055 143 7
263 534 2
1495 1424 2
854 80 8
81 115 15
1252 101 26
205 1302 77
704 207 7
713 1296 8
753 934 15
323 1097 7
720 326 8
1152 347 2
923 1143 2
101 527 7
301 1630 77
88 14 5
501 213 8
570 1128 8
1457 1507 1
91 139 1
217 488 2
898 1033 2
1451 880 2
770 51 7
452 728 8
234 1305 8
1253 936 8
969 99 0
1566 1496 12
1313 338 5
804 1236 8
1215 3 7
645 558 1
902 1396 8
880 1059 7
220 166 2
86 480 2
673 90 8
903 172 8
1037 1070 5
519 879 7
988 297 2
1304 590 7
1463 855 3
821 1564 5
172 1420 8
1403 1070 5
1326 1377 8
619 1394 27
592 1207 5
678 697 14
855 1525 2
1213 90 8
717 1566 37
502 723 2
721 337 27
834 284 6
1144 388 35
216 915 30
292 1366 2
1158 1418 7
191 249 8
581 671 30
1461 138 30
1054 638 27
370 34 41
155 823 33
50 1470 2
1067 90 1
1210 172 8
958 149 7
1307 502 8
355 1 6
829 1062 8
685 1325 5
1407 433 7
380 872 2
290 719 8
358 80 7
936 1491 7
1520 90 8
501 1305 8
128 1024 2
143 183 8
1382 323 7
419 345 66
586 1565 2
124 646 7
925 284 33
1213 958 5
1152 929 7
1252 497 2
233 1374 7
702 454 7
783 1021 2
912 936 8
594 1176 8
876 495 5
1407 70 35
540 189 27
1352 527 7
899 45 7
1236 1097 7
1446 858 12
824 1330 15
1181 93 5
1236 1389 7
1252 820 8
1252 424 8
323 638 7
139 23 30
1296 1170 0
1341 1389 7
1210 603 7
192 1315 6
507 1406 1
535 1100 2
80 102 7
921 1126 30
543 1166 2
886 1062 8
1219 936 8
939 1335 5
323 174 7
1536 158 52
1210 535 7
731 320 7
259 1070 5
190 1052 2
380 1469 47
1210 1322 13
227 939 15
594 1315 7
880 250 2
192 18 8
1103 533 3
26 882 2
759 104 2
1128 291 8
1496 1470 2
1515 471 2
1326 626 8
1076 1515 2
1459 192 30
780 671 30
1351 1388 61
1183 143 7
1177 279 27
1184 707 2
151 891 8
831 958 2
1144 1122 6
147 856 2
1 685 6
147 460 2
1 1081 6
720 47 8
1160 1287 2
199 1341 30
163 502 8
601 434 7
237 1359 1
256 891 8
664 1190 41
702 1546 7
470 57 6
1472 242 57
279 873 50
575 778 2
1054 1384 8
882 1166 1
598 3 8
1144 1491 7
360 147 8
818 908 7
704 548 7
24 329 2
568 1342 7
209 1102 37
0 472 1
457 769 8
316 440 10
923 791 8
1341 1315 5
1215 1245 5
648 1236 6
1102 1498 57
981 1152 26
991 1280 57
315 908 7
753 1236 6
323 974 7
323 578 7
45 36 30
314 502 2
540 648 2
1566 1045 12
598 1335 5
216 535 2
212 203 2
307 1404 2
88 661 7
789 998 29
185 322 27
217 365 2
1570 1396 8
524 1190 2
647 1072 7
995 624 33
1236 387 8
1463 462 8
759 1196 2
439 471 2
821 1509 5
76 1419 8
279 442 27
846 43 6
620 672 2
434 834 8
720 311 1
267 1024 27
1424 230 2
292 623 2
1525 235 2
1221 101 8
601 1526 7
979 210 2
45 803 2
570 338 5
862 495 8
552 1325 5
620 604 2
494 534 2
893 915 30
952 940 2
727 823 33
1164 406 2
667 1609 47
1351 855 5
24 1025 2
337 1358 27
1424 116 7
1460 115 15
35 90 8
1055 320 7
1039 166 2
922 1198 2
154 1062 8
1383 697 7
928 240 2
259 1062 8
401 546 35
790 176 7
457 1298 2
1252 150 2
1021 93 1
586 1510 2
314 1198 2
823 149 7
982 338 5
588 80 8
1139 70 2
679 908 7
64 160 30
782 380 2
1252 437 8
208 805 2
880 191 16
928 167 8
440 1200 2
552 590 2
632 453 1
1429 341 5
907 97 8
1399 1325 5
819 28 8
457 18 8
540 1568 2
1024 104 2
1324 517 1
1567 419 2
1453 770 2
1225 320 48
530 329 2
756 434 1
874 568 7
126 1070 5
596 463 31
502 1364 2
110 917 19
603 1125 52
322 1384 8
847 1298 7
557 535 50
824 321 6
1499 1287 10
1563 1062 8
197 90 8
84 276 2
995 291 8
1079 90 7
530 657 2
1254 1325 5
1437 147 33
1404 821 2
761 1217 8
1562 254 12
385 1581 8
650 113 2
534 36 33
837 603 6
176 218 2
1303 1062 7
527 226 3
1306 808 7
1461 315 30
945 1070 2
291 502 8
274 771 75
176 114 2
579 1102 37
1184 360 2
1488 1002 1
1081 172 8
199 598 30
1264 614 7
1184 355 8
582 1424 2
1046 41 74
917 1127 6
208 393 5
137 1322 13
1160 452 12
796 1418 7
31 1371 2
702 1491 7
784 795 77
1561 1325 5
151 80 8
368 28 2
362 1062 8
18 958 3
1207 436 5
361 1128 8
153 999 19
457 719 2
365 808 8
1053 90 8
1024 1196 2
575 259 2
1357 1070 2
1258 166 2
438 1515 2
555 846 6
1553 1152 26
699 88 3
502 568 15
1069 292 30
80 347 7
998 270 1
323 919 7
457 646 8
1087 1475 37
380 68 24
804 42 8
307 1057 2
173 1371 2
85 1396 8
1184 412 5
700 718 8
1556 770 2
330 147 8
1210 1572 7
255 1325 5
86 78 2
279 455 27
1022 54 8
524 739 2
1391 958 5
995 173 33
434 533 3
1314 1562 2
1177 1024 27
45 1417 27
1090 837 2
620 325 2
880 531 2
642 675 2
634 1396 8
124 1317 5
176 1206 2
1438 297 8
148 739 27
166 498 2
813 546 1
527 808 8
176 1138 2
1302 1342 7
847 588 8
671 1204 30
1397 702 7
1110 90 8
717 879 2
1239 1118 5
940 837 7
586 543 2
849 45 2
115 1110 1
1517 892 2
1187 1125 8
936 1135 2
599 771 2
486 824 23
825 958 3
1461 286 15
441 1187 0
380 762 2
380 366 2
712 90 8
1025 1046 12
591 824 23
642 1292 30
998 99 66
1316 720 15
563 1199 7
323 1615 7
210 1131 2
746 51 5
569 1128 8
522 1325 5
506 502 20
702 52 7
1224 1439 16
53 1139 30
1160 80 8
1258 1581 8
1374 417 2
88 638 27
907 88 3
879 551 2
409 1152 26
322 1402 2
322 1006 2
1252 22 8
907 42 8
717 139 5
1317 210 27
514 1152 26
836 208 30
185 603 27
1443 671 33
528 1407 2
279 1479 27
190 322 2
1333 1389 8
1317 502 27
647 88 2
1014 908 8
446 434 2
1209 303 7
728 284 6
86 1389 8
406 1025 7
983 1144 44
847 1243 7
761 433 7
247 958 5
880 1550 8
502 949 2
118 881 5
1525 516 2
1170 1400 2
69 504 2
1453 980 3
590 441 0
102 781 30
292 1196 2
1304 1040 7
1187 1384 7
395 172 2
1306 65 7
251 191 16
45 1376 2
45 980 2
176 163 2
864 39 8
500 172 2
873 553 44
156 80 7
151 139 3
933 909 2
391 86 7
1414 90 8
535 919 30
915 1348 21
546 1499 10
1271 883 33
167 90 8
329 88 5
590 1097 7
565 897 7
1448 944 30
359 474 2
888 115 15
535 851 30
590 1389 7
575 272 2
1259 113 2
595 147 8
1377 917 7
1454 1152 2
702 680 7
1144 1381 7
110 93 1
406 1415 5
761 910 1
625 1325 5
1176 908 8
1024 849 2
1190 960 35
36 1341 30
68 1152 26
550 558 2
192 1213 6
1029 1461 2
192 887 21
546 81 1
761 446 1
1351 63 7
816 139 3
1008 936 8
202 327 1
323 72 7
878 97 7
534 1100 2
1351 355 7
1227 1296 8
1001 824 23
1215 1545 7
530 610 2
202 1056 2
933 724 35
307 606 2
1505 1070 5
902 147 8
1424 1161 7
291 1252 2
1232 80 48
168 928 2
1461 239 39
1380 796 20
1436 1199 7
491 88 5
880 476 2
1436 1141 2
995 1156 8
292 221 2
980 97 8
1128 855 3
192 140 8
398 546 2
267 914 27
527 65 8
159 365 2
676 781 30
108 958 5
1306 1381 7
503 546 2
787 1325 5
45 693 2
607 558 2
536 823 30
199 1070 5
1061 474 2
335 1152 26
365 662 2
1052 568 7
115 1055 1
1 1203 6
1304 1542 5
45 229 2
1045 166 38
1284 1296 8
575 900 2
913 57 6
380 311 2
586 420 2
527 1397 5
939 1217 8
222 453 1
97 685 6
1036 1052 2
1526 728 8
907 1371 2
457 896 2
923 1017 8
348 1252 2
1052 833 8
546 1127 6
284 301 14
323 1164 7
1562 925 10
590 387 8
1052 1125 8
768 1517 1
570 507 8
344 1207 8
730 1139 30
472 936 8
769 1342 7
439 369 2
761 159 1
1322 1243 7
942 51 30
192 945 2
1247 97 8
1220 57 6
650 1090 2
279 1028 27
256 1070 5
908 663 8
619 143 62
81 823 33
1424 1417 27
361 1070 5
745 742 2
1228 852 7
979 504 2
846 269 6
620 461 1
979 796 2
1281 1184 6
1436 166 2
437 410 8
1393 533 5
34 851 5
502 498 2
172 1127 8
745 1070 2
1394 829 27
507 1214 2
45 1029 2
292 1578 3
806 208 30
1141 1122 6
544 671 30
168 172 8
563 1070 5
1144 373 6
1173 1284 2
1081 936 7
24 1251 2
1052 1138 2
598 1217 8
1233 1006 1
958 216 7
914 1358 2
1 228 6
1516 586 2
671 432 15
922 1424 2
931 1342 7
817 1419 8
205 537 5
876 338 5
1391 796 2
359 419 2
335 1507 1
928 65 8
1233 938 1
140 1296 8
314 1424 2
238 1515 2
127 451 2
1233 1230 1
1201 1419 5
51 450 30
702 229 7
973 1609 47
470 307 2
593 626 8
230 338 33
1252 663 8
1029 322 2
1076 883 30
450 823 2
848 1566 5
1247 1090 2
670 1112 2
555 823 2
787 880 7
915 259 2
438 671 7
314 1252 2
85 603 2
305 1549 2
31 176 45
1098 1046 12
190 603 2
34 125 40
207 1029 2
878 42 7
631 938 1
519 1287 1
501 99 0
995 148 7
1562 1328 2
1114 1562 2
535 1271 2
178 1243 7
930 8 5
1061 1132 0
1221 627 8
427 502 8
664 1082 8
874 1127 8
281 1054 27
70 1371 2
176 116 2
1108 97 8
84 502 2
45 619 27
979 1424 2
995 855 3
858 1377 8
406 287 7
1436 1581 8
594 1486 7
12 303 20
868 315 2
1330 891 8
902 1132 5
252 320 6
1329 147 8
1054 836 2
139 565 2
909 891 6
315 546 30
973 205 19
151 1062 8
586 638 27
112 1325 5
256 1062 8
1252 1364 2
720 114 8
338 1395 7
1087 311 35
468 1087 2
349 1253 2
939 433 7
1251 1070 2
536 596 30
359 1112 23
368 546 2
939 766 8
1084 338 5
923 175 2
694 1008 39
652 1325 5
620 856 20
720 384 3
1024 1026 2
337 729 27
501 37 8
702 1545 7
210 625 2
139 890 30
745 958 5
1303 990 5
558 747 2
1566 721 57
208 1217 7
1082 1176 15
707 42 8
80 136 6
769 1333 2
563 1062 8
440 347 2
540 423 2
1371 341 3
872 759 2
124 3 8
880 825 2
279 1077 27
279 681 27
101 908 8
192 494 2
1247 42 8
1228 114 1
662 1141 2
809 536 30
1046 754 5
143 293 0
507 102 1
295 742 23
759 1367 2
646 936 8
1337 914 2
197 1236 8
620 843 2
1525 114 2
1196 1342 7
279 905 27
737 553 2
192 718 2
1351 961 35
1424 63 7
1262 88 5
637 771 75
1301 1342 7
69 97 8
510 770 2
530 533 3
272 914 2
1424 355 7
1306 59 7
45 974 2
1506 910 2
927 1424 1
485 210 2
271 620 2
1397 824 7
858 626 8
598 433 7
603 641 2
923 929 7
337 1133 27
923 1267 2
1052 1479 2
1061 1112 23
155 1581 8
980 208 30
479 880 33
642 1518 30
1036 1333 2
558 1443 2
125 998 2
142 1424 2
1354 1070 2
19 1199 8
228 86 7
1518 1341 30
1506 23 33
440 1439 2
1545 1118 5
247 1419 8
1344 90 57
702 174 7
464 1052 2
1026 917 2
928 384 3
808 936 8
284 485 30
747 1187 0
879 777 2
395 739 27
556 598 2
1144 848 8
248 1285 5
447 558 2
878 33 2
1315 620 52
279 1309 27
202 654 2
66 1052 2
1562 201 12
921 950 30
326 1199 8
678 1224 30
438 548 7
647 210 2
172 667 27
1128 183 8
1108 88 3
1230 1139 55
1108 42 8
551 596 14
420 166 2
620 1075 2
1557 93 2
1179 1544 7
720 1110 1
33 854 27
628 1199 7
634 147 8
1176 546 1
1173 853 12
1209 357 7
383 292 2
1326 54 8
1076 897 7
1547 172 8
452 3 10
501 1388 7
1069 34 53
999 1399 77
929 320 6
139 114 2
1460 192 30
982 97 8
1078 97 8
476 1562 2
917 506 6
450 1 6
311 451 30
908 938 6
59 502 8
701 172 2
718 598 2
232 1488 2
899 169 7
575 498 2
899 507 2
673 1166 1
151 147 8
1207 607 5
598 119 8
102 603 6
406 1245 5
1352 1102 37
228 1052 2
322 1153 6
1341 743 5
24 49 2
923 120 2
823 890 2
65 1102 5
464 1342 7
470 880 2
232 1024 2
106 558 2
1481 737 2
701 891 8
797 891 8
279 421 50
514 338 5
452 101 8
616 1152 26
1025 796 8
80 518 7
546 599 1
596 893 30
1506 810 15
801 904 9
923 47 8
623 846 6
1351 523 2
226 603 2
894 1054 2
4 883 14
998 728 7
519 1517 12
880 770 2
1019 83 8
172 798 2
279 626 27
1287 1554 0
1330 1199 7
1424 619 27
377 0 0
406 568 7
391 1054 2
277 1090 2
419 149 8
623 34 53
855 502 2
1196 1333 2
938 596 16
318 1 80
1402 824 6
221 502 8
502 492 2
1341 3 8
1103 881 3
26 1230 2
1301 891 7
69 42 8
641 97 8
344 845 1
864 393 8
642 1239 30
1056 380 2
495 1389 8
90 481 9
620 324 2
252 166 27
553 241 35
551 958 5
1184 1550 8
1491 1325 5
1207 487 8
115 1281 1
32 915 2
255 365 2
24 745 2
988 287 30
594 325 8
18 1342 7
465 1314 7
582 178 7
205 907 77
778 1152 26
118 1418 7
1461 61 15
502 421 30
1343 45 5
211 440 78
737 823 30
28 1108 8
558 992 2
457 726 2
586 938 2
454 934 7
468 349 2
806 1488 2
143 244 8
543 64 30
301 1631 77
624 1139 30
913 908 7
912 210 2
1564 824 57
1041 26 2
558 248 12
768 1342 7
576 90 8
896 419 1
592 781 50
980 1152 26
1358 1333 2
108 1236 8
126 88 3
799 917 8
208 83 7
383 880 15
323 1614 7
207 627 2
1496 380 40
809 421 30
997 320 7
654 1252 2
66 1393 2
298 1054 7
300 759 2
582 1152 26
636 928 2
1476 974 30
292 1097 7
292 1039 2
1120 139 3
898 384 3
818 958 5
731 1296 7
265 1566 7
631 364 1
620 1416 2
1400 1315 7
838 1054 7
958 218 7
179 1296 8
1330 139 3
911 694 5
292 1367 2
192 1392 30
1052 1364 2
1322 350 14
800 1224 2
1078 88 3
26 479 2
779 338 5
702 919 7
42 21 8
1166 881 3
593 1212 8
519 1371 30
650 880 15
677 656 1
1253 858 12
349 747 2
1359 1567 2
97 228 6
1252 498 2
228 1393 2
1026 1198 2
464 1333 2
789 1371 33
388 440 35
338 1217 7
1367 322 2
438 897 7
284 573 15
438 501 7
752 139 5
692 80 8
454 958 3
452 46 8
790 1581 8
796 92 8
452 384 3
160 823 31
1536 623 52
84 796 2
552 998 29
144 139 5
307 381 2
664 917 2
591 934 15
1503 1325 5
534 160 33
1019 424 8
642 463 2
74 88 2
295 1359 2
759 569 2
535 1011 85
769 759 2
88 326 7
1019 716 8
322 129 8
140 1166 1
106 1224 30
176 634 2
537 397 75
631 992 1
1555 488 2
1341 52 8
279 503 27
199 97 8
1303 1118 7
1029 1609 47
395 575 2
593 1430 57
1326 627 8
641 88 3
800 720 15
936 252 6
186 139 3
1409 178 2
864 384 3
641 42 8
1306 1156 7
636 172 8
928 992 2
415 742 8
53 242 2
601 795 7
770 1070 5
626 1333 2
176 462 2
536 598 30
116 1236 6
944 539 2
1021 845 1
999 1576 77
603 239 2
1390 933 1
841 90 8
1135 1118 5
402 720 15
1493 796 2
1045 337 38
1541 453 35
701 1141 2
484 590 84
64 1204 30
795 1418 7
1391 42 8
923 401 2
388 139 3
85 1187 7
365 1156 8
371 63 8
1445 594 10
1215 1246 5
1485 558 2
459 1199 7
1132 372 1
1104 1407 1
510 1335 5
28 297 8
218 917 2
265 1082 30
1340 1342 7
212 564 2
913 97 7
969 441 0
208 424 7
540 545 2
435 936 8
797 1396 8
897 626 8
790 502 8
330 891 8
782 1324 39
1322 1310 7
229 904 9
720 1220 15
932 1070 5
1128 1384 8
86 817 8
974 1562 2
172 929 7
189 1396 8
1232 1396 8
526 58 2
1098 113 2
527 932 8
359 1325 5
156 1184 1
1476 919 30
988 197 7
864 1097 7
434 881 3
238 883 30
328 249 8
620 673 2
796 1376 15
1324 551 2
158 488 2
285 1333 2
557 596 50
390 883 2
958 559 7
958 163 7
1024 1304 5
69 620 2
858 1212 8
45 804 2
1458 338 30
485 57 6
655 139 3
483 1424 1
619 1062 8
34 681 38
360 1199 7
1239 1070 5
1139 1047 16
360 1141 2
252 739 27
1270 556 1
265 178 2
1052 1309 2
543 809 30
47 139 3
1166 756 39
914 1133 2
586 1183 2
1245 242 57
1493 1424 2
943 1322 13
623 1128 20
187 611 35
290 269 8
192 873 30
701 166 2
1238 671 16
371 3 8
371 341 3
905 1461 2
661 320 6
143 129 8
359 590 2
792 1236 52
1166 92 8
418 915 30
1173 264 23
143 817 8
1562 109 0
491 147 8
337 1479 27
479 0 7
1024 569 2
667 1199 7
905 1393 2
207 872 2
270 823 30
1566 264 57
1421 172 5
551 504 2
1407 704 35
160 761 15
446 908 7
265 761 15
1351 517 2
551 796 2
450 530 2
202 484 2
18 1325 5
900 1396 8
1315 742 52
1201 590 1
109 90 8
996 1396 8
367 88 5
547 756 2
1533 530 1
535 650 2
1009 936 8
1449 1198 54
823 417 30
1274 225 5
535 1437 8
873 28 2
759 514 2
88 271 7
1076 795 7
1326 244 8
557 1224 50
1359 1214 0
1278 1264 1
419 39 8
1330 1062 8
535 492 85
1221 626 8
42 37 7
876 97 8
26 1120 2
176 511 2
864 387 8
307 1047 30
999 1229 77
1516 656 1
909 1062 6
34 1601 38
1033 1333 2
1187 102 8
1061 590 2
1045 1593 38
138 307 2
1413 90 8
1155 908 8
810 1 1
928 531 7
834 249 8
1466 742 1
1518 90 8
205 401 77
903 1515 2
33 239 2
126 1024 2
240 988 2
139 663 8
880 574 41
463 1342 7
271 90 8
595 891 8
303 338 5
586 140 2
939 937 8
923 346 2
1333 1004 27
408 338 5
459 1581 8
453 822 58
292 1304 5
593 114 8
1037 1128 8
81 1046 12
796 769 8
825 1325 5
1289 97 15
205 331 7
108 42 8
423 488 2
744 1160 1
913 42 7
551 1424 2
546 779 6
281 1525 27
889 1252 2
285 1054 2
902 891 8
1090 1415 37
221 796 8
83 958 3
527 49 1
719 846 6
1274 669 76
1209 1571 7
1212 908 8
1401 824 6
434 92 8
973 1024 2
1317 908 8
406 1127 8
53 883 2
868 1114 2
499 1264 2
516 898 2
843 914 2
292 569 2
1 1327 6
1082 996 2
1082 600 2
868 1406 2
1080 26 2
42 957 7
1515 1337 2
733 242 7
1394 189 27
139 1364 2
1287 444 23
45 1041 2
158 365 2
939 863 6
883 513 30
790 1419 5
668 739 67
988 513 30
586 836 2
336 891 6
988 117 30
707 936 7
577 26 2
631 222 8
598 937 8
36 1072 8
301 1529 77
20 593 7
914 1078 2
439 638 30
380 763 2
482 1070 7
922 1144 2
707 914 2
1139 480 2
1326 533 5
1364 739 27
561 1360 2
980 671 30
737 1341 30
324 700 32
1371 433 7
1232 1296 48
464 535 2
238 897 7
36 999 14
1035 1052 2
565 540 2
819 42 8
330 1199 7
979 1152 26
1187 855 5
64 106 30
1240 691 1
547 436 1
205 959 7
1014 936 7
70 534 1
1346 1453 2
322 1007 2
504 513 26
1179 187 71
969 1014 0
205 1251 7
1548 891 7
744 81 1
85 323 2
1562 360 2
1215 522 7
1123 908 7
846 1081 6
301 891 7
671 296 8
880 1520 2
641 1024 2
1190 347 16
681 936 8
66 1515 2
1359 611 34
318 1215 80
183 846 6
671 588 8
1287 1191 12
291 958 3
434 1403 14
162 824 23
502 1242 2
721 1252 27
1394 1177 27
1204 249 8
1407 728 7
917 412 5
1351 53 35
728 1342 7
26 773 2
20 1207 5
673 338 5
950 940 2
824 95 6
148 320 6
787 990 5
541 796 20
829 1581 8
1031 1609 47
1307 917 8
115 428 1
1337 761 15
341 178 1
667 1070 5
1151 1214 2
928 476 7
486 113 2
928 855 3
279 368 50
1466 1083 1
1374 1114 2
234 1395 7
276 63 8
1166 269 8
917 638 27
463 891 7
127 502 8
915 675 2
192 881 5
276 355 8
1215 52 5
439 1471 7
790 1438 7
51 1194 30
980 338 5
230 1082 33
1468 80 7
1332 933 1
337 449 27
502 222 15
253 917 19
1052 102 8
325 739 27
284 1475 5
576 1236 8
1458 1236 7
575 497 2
1566 837 57
208 937 7
553 597 2
192 1180 21
653 1046 12
913 33 2
343 97 8
80 252 6
546 374 1
1122 1198 2
440 463 2
1371 119 8
70 1507 12
307 1003 2
307 607 2
1444 534 2
124 119 8
706 546 35
55 917 2
596 926 15
1450 26 2
1151 520 0
627 1525 2
74 210 2
961 530 1
1151 1208 0
434 37 8
176 756 2
971 694 39
229 279 71
620 167 2
161 1389 7
279 625 27
504 1133 2
292 514 2
730 883 2
1301 1062 7
261 1407 2
176 1084 2
934 138 1
1199 255 2
205 1146 77
406 1004 8
350 1166 1
139 1309 2
252 337 27
1551 530 4
923 695 2
201 669 76
993 440 35
631 167 8
934 70 1
505 97 8
720 462 8
1384 936 7
699 397 2
590 753 2
28 533 3
91 0 5
128 172 2
737 598 30
28 487 8
457 1293 2
923 523 2
1359 1110 2
1250 1070 2
284 1415 5
923 1310 8
337 1077 27
594 324 8
337 681 27
530 1225 0
1355 1070 2
1467 419 1
1070 298 5
902 1199 7
548 905 2
558 699 2
1487 42 8
593 291 8
934 726 8
62 88 5
234 685 8
995 919 33
337 116 2
1488 206 39
999 1164 7
555 488 2
328 147 8
1439 796 7
253 1325 5
300 34 53
279 1029 27
546 82 7
450 24 2
774 33 2
69 914 2
937 1062 5
1389 958 5
874 63 7
177 210 2
1394 101 26
590 1005 36
961 1549 7
411 26 2
1317 380 27
534 246 2
1210 371 7
627 86 2
1133 1070 5
350 1152 26
510 1217 8
530 881 3
470 596 16
43 410 7
424 249 8
1394 762 27
590 1111 7
560 172 5
594 733 2
1540 502 8
160 553 44
377 86 2
841 1236 8
923 1615 2
270 620 2
543 535 30
1296 32 8
877 320 19
739 487 8
917 1059 7
125 1054 2
210 667 27
713 97 8
856 139 3
143 355 8
154 1581 8
34 873 2
928 462 8
1045 172 8
259 1581 8
1374 1455 2
1372 147 7
1035 1333 2
1139 1345 2
588 208 2
1324 812 1
923 236 2
840 284 14
1252 961 2
1461 285 2
575 150 2
905 1515 2
269 631 15
195 1342 7
1407 138 35
264 761 15
1474 671 2
297 1118 5
728 593 5
1025 958 3
57 1125 6
526 543 1
375 1341 30
1541 990 37
1474 1359 2
442 586 2
1225 1199 48
930 586 40
898 855 3
1562 1329 2
643 603 6
907 908 8
1040 269 8
238 33 2
307 552 2
722 1325 5
880 94 2
1211 1393 2
821 657 5
176 805 2
1461 185 39
165 1024 2
606 1359 1
1306 1395 7
620 216 2
1552 908 8
634 891 8
270 1024 2
419 265 8
499 466 2
1212 88 3
267 172 27
848 57 6
702 224 5
642 957 8
147 1096 2
1341 119 8
535 226 3
504 1078 2
944 22 2
54 603 2
738 147 8
1151 293 0
1090 264 2
1403 824 6
1052 1417 27
928 1163 2
1397 593 7
205 695 77
33 533 2
205 1091 77
148 934 7
162 349 2
741 284 14
1296 848 59
546 412 5
858 291 8
370 928 2
115 605 1
505 88 3
90 1268 5
601 898 7
702 1614 7
575 1242 2
1271 397 2
28 140 8
186 908 5
565 34 53
1024 1423 2
661 739 27
209 1566 37
774 1461 2
1371 1156 8
594 269 8
1333 269 2
401 1070 5
648 908 6
1152 355 8
780 1506 2
1358 365 2
88 27 5
1570 1199 7
1082 1131 20
1260 47 8
913 210 2
1326 833 7
722 915 30
1451 205 2
472 90 8
634 88 5
1120 1296 8
1128 1227 8
84 1199 2
1232 1118 48
1019 1583 8
922 671 30
872 1052 2
889 1082 2
330 1062 8
548 782 2
1090 1245 37
1046 755 5
900 147 8
98 307 2
880 722 2
1297 530 1
183 823 2
641 914 2
1053 338 5
452 1489 5
1515 233 27
729 488 2
620 844 2
1179 917 7
590 991 37
24 99 0
1198 256 2
913 535 30
246 1102 37
846 111 6
717 1070 2
292 399 2
510 433 7
46 1236 6
1296 1315 7
958 230 7
535 808 8
380 661 2
944 942 2
1359 293 0
197 1070 5
1394 707 27
1329 440 35
1076 504 2
259 824 6
97 1327 6
124 836 1
930 1604 38
23 453 2
161 228 8
290 44 8
373 90 8
43 958 3
463 535 2
148 958 3
271 1236 8
502 1457 30
1030 958 2
464 365 2
1062 881 3
1082 1047 30
503 28 8
362 502 8
1201 969 5
51 396 30
1082 1496 41
646 501 21
203 553 2
208 873 2
99 891 7
292 743 5
787 1118 7
915 101 2
1096 406 2
712 338 5
323 359 7
499 527 67
322 122 33
744 599 1
1009 1112 2
1210 720 7
817 338 5
1252 833 8
1198 911 1
761 1457 8
809 1457 30
139 36 30
534 1283 2
534 264 23
846 1203 6
1376 761 15
535 1212 8
191 671 2
504 1004 27
1128 85 2
759 289 2
191 1062 8
999 3 8
512 527 7
531 1073 2
761 1389 8
500 759 2
1098 1199 8
603 1338 2
686 172 5
913 958 5
777 936 8
593 462 57
1424 588 7
32 1184 6
1011 1118 5
1329 139 3
507 81 2
1552 97 8
501 1389 7
272 1224 33
1438 75 3
489 846 6
796 499 21
604 307 2
371 433 7
830 453 2
1271 118 2
579 1566 37
406 102 8
1468 1207 5
917 903 6
147 531 7
34 758 2
929 1342 7
737 90 8
317 501 5
232 656 1
944 191 2
699 883 33
1372 720 7
586 311 2
454 307 7
923 121 2
452 129 7
551 975 2
1457 845 1
323 763 7
457 787 2
1224 983 16
1252 1138 2
290 109 5
383 1255 41
558 297 2
671 723 2
1122 1424 2
1340 1062 7
1451 546 2
1351 920 2
1291 697 14
1330 809 1
540 661 2
795 92 8
396 284 16
43 1184 52
501 1361 0
902 1062 8
880 766 8
284 1186 16
960 530 1
550 1296 8
565 1118 5
988 21 7
930 1270 5
655 1296 8
541 936 8
893 697 14
1231 80 8
761 18 8
53 904 58
1429 32 7
620 393 2
322 769 8
267 1141 27
287 24 2
858 244 8
1329 453 35
936 163 5
535 65 8
708 655 2
934 364 1
475 1515 2
172 1310 8
592 846 6
1192 1581 8
736 88 3
380 606 2
408 97 8
971 205 19
720 355 7
1383 90 7
377 1287 2
1394 256 27
999 321 77
915 1160 1
1264 1310 7
336 1062 6
256 1199 7
631 393 8
923 1213 2
161 277 8
1500 534 2
34 693 38
451 519 30
1393 1418 7
582 908 8
1148 178 1
1326 412 5
24 31 33
290 1201 5
1323 958 5
117 1287 1
796 849 2
371 119 8
923 1145 2
366 546 2
901 1199 7
1062 92 8
1003 883 33
53 915 30
419 441 0
950 697 14
914 1077 2
1082 1045 41
588 139 3
519 558 1
1024 289 2
36 781 30
524 115 15
852 1255 41
596 1126 30
185 739 27
460 958 2
1292 205 14
1199 533 5
502 595 41
172 681 27
981 453 5
598 974 30
1215 297 7
438 540 2
915 437 8
846 856 6
1055 139 5
63 1544 2
419 1097 7
530 446 2
1393 101 26
1544 1314 7
960 1549 7
292 1436 2
988 987 2
657 284 33
1438 1457 8
17 1316 15
1394 223 26
454 1325 5
1198 829 2
582 880 1
841 1139 2
1184 545 2
559 1325 5
278 292 2
158 1128 2
436 284 14
1424 929 7
270 914 2
883 1305 14
934 992 1
290 789 8
290 393 8
139 1417 27
510 1298 7
1461 420 20
1052 619 27
1461 36 30
1552 42 8
1307 796 8
772 478 77
1461 724 30
917 189 27
1465 1564 5
551 1152 26
934 1315 7
365 498 2
1480 671 33
978 208 30
1140 1581 7
147 855 3
269 97 8
918 1453 2
279 539 50
914 667 27
772 702 77
140 1419 8
463 1062 7
761 686 1
1024 229 2
904 246 84
491 891 8
193 453 57
425 88 5
359 998 29
823 1227 8
1040 167 8
1001 284 33
290 450 5
593 1437 8
1567 452 12
742 719 15
355 1581 8
762 1199 7
874 1381 7
452 47 8
441 936 7
88 395 7
1093 908 6
1224 20 2
933 341 5
323 932 7
1443 771 2
380 856 20
1215 1613 7
1215 1217 7
1139 1500 30
642 464 2
897 291 8
534 837 23
108 90 8
1570 1062 8
43 936 7
759 1258 2
769 1052 2
1506 99 0
631 1384 7
156 453 1
176 1323 2
1062 1197 2
1075 795 7
593 1431 57
739 622 2
419 387 8
790 1207 5
49 113 2
115 1295 1
292 289 2
86 18 8
278 1608 2
166 219 2
928 993 2
601 796 7
759 789 8
341 958 5
90 1431 57
446 958 5
380 551 2
1302 1396 8
365 834 2
1360 881 5
205 1213 77
631 384 3
337 628 27
256 1581 8
586 556 2
1004 1062 6
722 1207 8
1356 61 15
255 702 8
25 958 3
914 798 2
594 167 8
485 33 2
501 228 8
205 1145 77
1137 891 7
279 1459 50
1481 937 7
575 1364 2
1139 200 2
915 1474 2
320 1153 6
449 898 2
913 504 2
546 903 6
323 1336 7
1025 1112 23
440 1330 2
462 1342 7
42 1340 30
399 1118 5
1190 53 35
670 656 2
80 1092 7
719 1325 5
563 1581 8
59 846 6
314 796 2
85 147 2
787 320 7
80 1384 7
543 553 2
305 656 1
439 833 2
1176 761 15
1098 474 2
598 919 30
590 1244 36
1215 638 7
623 488 2
823 758 71
535 23 2
292 693 2
880 1298 7
86 719 2
306 88 59
502 1030 2
739 1004 27
17 573 15
850 1152 2
466 1125 6
531 671 2
961 1324 7
159 1525 2
82 958 3
514 933 2
720 605 1
1279 1453 2
322 1448 30
805 1517 1
69 908 8
856 45 2
108 51 5
699 1264 2
22 453 2
834 187 33
883 861 30
1391 995 1
263 742 23
208 624 30
569 338 5
1270 1245 1
1144 837 6
1173 1352 2
1465 1509 5
988 861 30
901 1070 5
1179 97 8
158 1396 8
526 1610 56
424 1506 0
682 770 2
315 1507 1
256 502 8
933 562 2
1083 484 9
1029 958 2
361 502 8
111 936 8
1082 54 20
546 266 1
222 1581 8
823 47 7
661 1342 7
207 436 1
766 1342 7
1252 1127 8
226 166 2
221 739 27
453 637 2
1217 908 48
544 1506 2
526 714 1
281 898 27
1567 742 23
1215 870 7
307 723 2
210 393 2
85 1062 8
620 223 26
1031 80 8
880 265 2
642 805 2
1328 824 2
1209 256 7
419 108 8
576 883 14
290 1097 7
971 697 1
17 1201 15
736 1024 2
1294 1506 2
124 99 66
1282 1359 1
406 63 7
852 251 2
1354 1187 0
117 451 30
419 40 8
1184 722 2
938 883 16
1525 1553 2
1081 97 7
273 936 8
501 1231 17
1183 90 7
1284 1090 2
928 938 2
359 1287 2
277 908 8
671 911 31
34 1602 38
42 663 8
928 1230 2
999 1522 77
818 527 7
139 1029 2
1052 231 2
702 1097 7
1123 958 5
139 1420 8
591 821 2
455 1236 6
702 1389 7
145 26 2
453 1041 2
928 1162 2
558 591 2
934 222 8
140 97 8
1031 453 2
1047 1144 44
575 1309 2
440 983 2
867 1070 5
468 824 23
502 604 30
1052 455 2
101 419 7
1518 781 30
883 1230 7
1468 824 7
1121 1424 2
347 940 2
671 1345 2
917 421 2
238 504 2
217 380 2
298 284 6
1069 586 30
1549 909 1
208 20 2
759 1211 2
1184 1377 52
25 453 35
638 1461 2
1124 908 8
439 44 7
419 741 2
447 97 8
912 28 8
406 1155 7
1487 90 8
921 98 30
192 183 6
1562 25 2
592 208 50
872 1515 2
671 1267 14
809 604 30
988 189 2
318 1419 8
1509 17 57
528 742 23
718 97 15
576 596 14
952 139 5
1215 119 7
623 365 2
30 1393 2
761 140 8
689 1325 5
502 219 2
385 1296 8
138 1359 1
656 36 14
290 387 8
155 1046 12
139 619 27
833 603 2
1340 990 5
45 1042 2
1271 1264 2
1400 346 7
1537 80 8
1042 178 1
1278 118 1
733 1322 13
1179 88 3
1322 241 14
999 839 77
988 806 30
336 1184 6
484 380 2
1284 42 8
1152 831 2
1039 796 8
143 471 8
478 1310 8
609 97 8
406 393 5
1391 908 8
1443 594 10
255 1207 8
596 949 44
702 346 7
548 920 1
1152 1550 8
341 504 2
1333 1418 7
670 891 7
1359 347 33
928 114 8
1338 1342 7
438 788 7
1114 1351 2
98 1128 7
908 643 7
997 1199 7
86 1418 7
85 720 2
821 153 5
1001 821 2
202 430 2
1110 419 7
1317 504 27
1106 821 2
328 891 8
328 495 8
744 374 1
1210 891 7
1215 815 7
494 1199 7
1098 1112 23
166 1196 2
850 1184 52
762 1062 8
535 1284 2
724 530 1
759 163 8
1307 320 6
39 57 6
16 501 21
1179 1612 7
1354 1132 0
12 420 20
594 1149 2
759 433 3
494 742 23
1245 1280 57
504 798 2
501 1502 2
944 138 2
1500 700 32
1237 1070 5
1039 1393 2
406 273 8
1537 1396 8
486 474 2
503 504 2
999 1467 77
739 881 3
268 97 8
393 80 8
276 424 8
1287 25 2
591 474 2
507 179 8
138 207 7
928 815 2
1024 1211 2
1141 471 2
396 1139 30
1102 1458 57
507 471 8
1359 1439 33
1526 102 8
1008 178 1
1319 507 0
1372 891 7
818 742 2
563 1252 2
575 957 8
1352 1566 37
1400 1140 5
1040 393 8
247 908 8
1252 1309 2
138 93 12
903 1393 2
139 611 30
1179 208 30
217 33 2
548 278 2
73 501 21
421 990 7
1040 685 8
139 1299 30
1152 471 8
205 277 7
796 220 2
823 1455 30
440 464 2
440 68 2
1258 796 8
322 325 2
357 915 30
447 88 3
1317 1424 27
1536 75 5
889 1198 2
1164 1325 5
763 1128 2
447 42 8
897 855 3
141 879 9
880 442 2
1209 829 7
112 702 8
880 838 2
497 1609 47
796 881 3
88 449 7
880 833 8
724 1549 7
189 891 8
869 958 2
824 792 6
961 526 7
988 129 8
555 80 8
1207 39 8
1156 1087 5
406 240 7
1547 936 8
620 168 2
527 719 8
546 116 8
259 320 6
666 669 76
244 603 6
1184 1295 2
642 1305 8
1196 1396 8
1551 1287 4
488 638 27
1184 189 27
273 1072 7
438 1118 5
1054 1243 7
1409 697 2
727 1046 12
699 466 2
704 349 1
551 338 5
1461 1235 41
784 1334 77
31 307 2
1144 39 6
999 96 77
271 1128 8
594 398 2
1052 804 2
48 1324 39
241 207 7
266 349 2
246 527 7
164 90 8
290 976 5
279 893 50
1367 1141 2
519 915 30
609 88 3
925 452 12
45 624 30
609 42 8
337 1078 27
1052 1127 8
923 1212 2
607 781 30
1382 452 7
631 1220 15
265 720 15
1338 1333 2
727 1132 0
908 296 7
1326 1181 7
1228 922 7
1001 474 2
527 691 1
687 1199 8
423 958 2
297 824 6
87 1239 2
1224 770 2
546 421 2
406 1332 7
823 301 14
900 891 8
1449 172 2
1458 90 7
530 617 2
897 1437 8
1201 80 7
960 1324 7
292 1211 2
988 366 2
249 1578 5
1323 97 8
526 577 2
541 33 2
45 1391 2
971 1024 2
939 1213 6
1025 1325 5
898 114 8
999 119 8
855 1198 2
1207 918 7
287 823 2
4 1062 6
437 308 8
829 1013 57
1359 1105 0
841 914 2
603 1058 2
1545 891 8
1253 338 5
166 677 2
451 1094 30
1055 908 7
35 975 2
137 891 7
380 1405 2
928 140 2
52 1396 8
619 1581 8
297 147 8
852 172 8
148 307 7
157 1396 8
468 821 2
139 231 2
1122 1152 26
1237 631 15
268 88 3
143 716 8
95 1236 52
941 917 8
596 902 44
486 419 2
739 92 8
917 623 6
268 42 8
699 671 33
11 1091 2
543 1224 30
591 419 2
1382 1544 7
110 796 1
929 1062 7
1158 149 8
575 219 2
71 761 15
1374 1456 2
978 671 30
1025 590 2
279 606 50
534 345 0
1429 533 5
939 828 8
1344 439 57
702 822 74
1336 914 7
817 42 8
328 1199 7
434 1389 7
1252 957 8
210 390 8
819 908 8
464 1396 8
958 1014 0
238 97 8
28 75 3
874 1156 7
990 238 57
223 1073 2
502 513 26
1360 1000 2
234 3 8
291 434 1
234 341 3
1371 65 8
452 114 8
862 1342 7
322 470 33
792 958 3
84 1260 2
124 65 8
679 90 8
1215 1388 7
512 1102 37
880 491 2
909 172 8
139 780 30
1131 553 55
873 1556 44
656 1607 2
88 102 7
617 1102 37
890 1072 8
205 533 3
1204 891 8
1326 471 8
12 665 20
1201 1396 7
1119 172 8
489 1325 5
759 1033 2
183 488 2
322 197 8
251 1126 16
1219 90 8
176 1098 2
961 809 2
84 1088 2
594 1384 7
1055 1536 7
55 1082 8
1017 958 5
147 1384 8
944 315 2
977 936 8
42 848 7
642 960 30
1406 891 8
1131 934 15
609 1371 2
1271 466 2
606 845 12
139 859 2
380 722 2
729 80 8
1337 939 15
1233 325 1
720 116 8
252 575 27
483 1296 8
434 1315 5
523 934 15
21 1070 7
1207 1316 5
702 1615 7
1141 269 6
972 205 19
855 944 30
701 917 2
279 942 50
501 3 8
808 279 2
1137 1062 7
501 341 3
1151 81 2
677 1393 2
1181 88 3
457 838 8
1176 172 8
1322 384 5
1456 845 1
1310 1070 5
349 1124 33
797 1199 7
45 861 30
217 210 2
1483 349 2
917 980 3
217 898 2
189 1199 7
43 1325 5
1001 419 2
1297 1287 1
281 45 27
294 1199 7
869 824 6
148 1325 5
880 723 2
1261 958 3
809 830 30
1186 178 1
1184 101 26
535 486 2
1296 1384 7
502 863 7
139 138 31
1323 42 8
879 667 2
847 1135 7
724 24 1
1224 980 3
140 1152 26
824 54 6
139 70 31
1218 28 8
502 1133 2
494 1062 8
502 737 2
562 115 15
127 739 27
656 950 14
45 872 2
1180 908 59
528 453 34
599 1359 2
1544 92 8
1120 958 5
1194 1296 8
1461 152 30
468 474 2
271 914 2
485 504 2
928 39 7
421 451 30
729 1396 8
702 244 7
739 37 8
642 1315 5
1271 671 33
900 917 2
917 947 2
936 344 2
237 349 1
932 502 8
1448 440 30
897 1125 7
702 932 7
475 88 2
28 1457 8
235 504 2
208 942 2
527 661 5
143 197 8
1371 1389 8
1348 178 1
464 1054 2
1337 1342 7
1145 90 8
852 51 30
795 1578 3
900 1141 2
435 1236 59
792 739 27
238 88 3
1044 1252 40
1106 1407 2
910 178 2
1352 879 2
672 322 2
810 97 8
1019 213 8
1199 881 5
692 139 3
325 934 7
417 845 1
247 42 8
1315 914 52
1210 284 6
1173 1225 0
289 739 27
824 417 5
534 1284 2
846 808 6
999 1156 8
1562 1567 2
1215 937 7
1539 1342 7
29 1070 5
880 40 2
535 1114 2
80 116 7
647 504 2
1232 139 3
88 47 7
823 485 30
1562 444 23
1031 147 8
82 1419 8
1019 437 8
410 216 2
541 210 2
172 360 2
424 891 8
279 1330 2
1090 278 2
743 440 7
158 1184 2
603 233 27
500 1052 2
30 540 2
1184 497 2
25 990 37
1341 65 8
479 603 6
161 1321 8
932 824 6
1169 1333 2
504 628 2
501 610 17
147 938 2
269 914 2
1394 1131 2
466 487 1
864 59 8
1397 143 7
42 834 8
33 479 2
1054 1075 2
928 1005 2
1191 113 75
322 1578 5
485 1424 2
1119 51 30
1062 1578 3
707 26 2
772 1118 77
345 1070 2
586 672 2
693 796 2
1024 1041 2
922 292 2
575 792 2
934 393 8
808 620 2
259 453 2
440 362 2
457 392 2
546 623 6
546 1357 1
1359 209 2
349 381 33
692 1581 8
594 215 8
900 166 2
596 784 14
736 824 6
502 311 30
470 1461 8
546 1330 2
85 1132 7
1180 847 0
1314 1407 2
205 3 7
1144 167 8
869 1252 2
322 109 7
540 662 2
307 1126 2
872 998 2
1380 988 20
780 988 2
70 307 2
824 265 15
322 838 8
1098 590 2
596 226 5
734 1114 2
502 458 2
1061 0 0
1144 519 35
395 1342 7
406 862 7
495 1418 7
1550 908 8
627 1324 39
1394 325 27
90 1618 5
1295 90 7
631 462 8
124 75 5
543 883 14
318 587 80
510 1108 8
273 33 2
594 250 7
470 883 16
601 1144 7
372 891 7
45 421 2
157 207 2
701 1517 1
162 923 2
1472 1102 1
380 1295 2
24 747 2
392 1396 8
1376 998 1
1055 42 7
440 1017 1
316 858 10
503 88 3
693 1424 2
917 600 2
1082 1457 30
758 453 35
88 773 5
957 139 3
1180 97 8
933 282 2
278 671 14
570 1054 7
1031 1252 2
80 779 6
192 1282 30
287 642 30
854 1152 26
449 908 7
241 307 2
294 1070 5
322 1201 7
912 504 2
540 1358 2
464 603 2
1451 1139 2
823 163 7
147 114 8
1201 1207 5
93 629 2
557 1342 7
1371 607 29
903 540 2
193 118 57
1173 622 34
455 593 7
810 88 3
270 440 30
77 879 2
1283 847 0
981 891 6
641 1556 2
85 495 2
858 130 5
1317 279 27
658 1581 8
1429 1125 7
107 1236 8
202 497 2
1221 128 2
995 769 8
759 235 2
1184 150 2
503 451 2
158 1525 2
824 627 6
958 804 7
739 287 2
1061 1371 33
259 739 27
416 796 20
1184 833 8
780 338 30
1355 1187 0
1121 1152 26
944 309 2
507 22 8
54 139 3
176 524 2
923 135 2
702 1213 7
64 974 30
24 952 33
688 434 1
934 384 3
205 518 77
1037 917 8
325 846 6
1025 1207 8
1207 450 5
45 68 24
122 1393 2
1505 495 8
457 728 8
49 1187 0
301 846 77
1230 1184 2
1304 1207 5
438 795 7
238 620 2
272 761 15
139 678 30
1568 166 2
409 1393 2
25 1325 5
424 1199 7
81 1112 23
440 531 2
650 1287 2
808 883 14
4 434 14
1213 603 6
1084 1562 2
307 675 2
797 1062 8
1184 1242 2
493 1236 6
251 611 35
1190 1439 16
934 1310 5
267 759 27
934 926 15
823 1454 30
395 1333 2
189 1062 8
724 1324 7
1520 338 5
252 908 6
500 1333 2
805 284 30
294 1062 8
277 933 2
406 411 7
706 824 6
993 958 3
1078 1141 2
66 540 2
674 594 10
503 1371 2
502 335 2
1394 270 27
385 958 3
915 1292 30
1475 1504 57
1550 97 8
847 269 7
45 74 2
292 582 2
613 1236 8
45 762 2
45 366 2
157 548 2
1397 320 7
888 880 15
393 488 2
603 533 2
192 607 30
478 1161 7
707 307 2
1259 936 7
1173 329 2
915 1106 1
222 590 1
586 849 2
1052 929 7
1221 412 5
161 119 8
238 1024 2
1180 88 3
694 541 2
694 145 2
192 539 30
702 134 7
217 504 2
1306 112 8
371 65 8
1128 1131 2
1180 42 8
419 1005 36
1455 845 1
1233 379 1
1274 821 75
999 95 77
998 980 1
1044 1128 8
51 287 30
1144 808 8
923 1378 8
338 140 7
209 1112 2
1000 419 2
662 1333 2
548 973 2
1120 1424 2
809 1124 30
172 1395 7
57 273 6
985 1255 2
322 1124 2
208 368 2
77 824 2
228 540 2
1179 338 5
375 781 30
790 796 8
1317 620 27
1488 281 55
1315 12 52
996 1062 8
187 986 2
925 453 34
279 1493 27
530 433 3
897 1212 8
69 586 2
424 139 3
1421 936 7
292 1377 8
557 598 50
1008 1070 5
535 622 85
631 311 1
296 958 2
1210 147 7
1237 88 3
720 606 1
1081 1515 2
434 1124 14
1424 83 7
934 938 1
0 1531 1
768 904 9
510 848 7
273 210 2
623 1396 8
147 140 2
601 510 7
1323 883 14
501 1321 8
1355 1132 0
1034 1394 27
1270 1246 1
309 1341 30
594 1197 2
914 681 27
148 1207 8
772 1112 77
1 297 6
795 1097 7
591 590 2
51 983 30
34 649 2
341 1024 2
917 1523 7
64 919 30
880 950 16
217 1424 2
1124 1228 1
279 381 50
51 519 30
1252 737 2
323 258 7
1144 1395 7
915 787 8
668 139 1
49 1132 0
98 1184 7
98 788 7
507 1335 5
1003 397 2
192 1227 6
86 1416 2
1252 1420 8
1287 1514 0
323 190 7
747 0 0
590 881 5
118 611 35
541 504 2
1207 1097 7
653 1112 23
1253 97 8
534 1114 2
322 40 8
535 1340 2
279 122 27
178 875 6
343 88 3
3 90 8
35 338 5
1542 1314 7
759 516 2
1333 32 8
1100 596 33
439 779 7
343 42 8
472 1070 5
750 97 8
1461 1458 20
191 1581 8
1054 1077 2
86 32 8
514 1562 2
742 732 7
836 1393 2
527 881 3
796 311 25
622 858 2
1183 847 7
1402 320 6
503 1024 2
557 1325 5
377 558 2
1062 1097 7
499 534 2
1393 1131 2
292 235 2
604 534 2
526 267 55
936 95 6
1200 796 8
292 626 8
1550 42 8
34 1345 2
373 868 7
486 530 2
371 1389 8
1369 1566 1
1039 739 27
139 1030 2
380 497 2
45 707 2
320 875 6
915 1447 1
586 461 1
577 88 2
866 115 15
631 226 3
32 307 2
1369 1102 1
699 118 2
993 453 35
530 1014 0
713 1090 2
689 936 7
1424 68 24
939 835 8
575 1305 8
457 910 2
1139 438 2
542 697 1
337 798 27
357 998 29
1145 1236 8
484 1324 39
795 387 8
347 936 8
1090 611 35
809 381 30
192 252 6
676 1562 2
570 917 8
184 410 57
98 501 7
205 229 7
1359 53 34
880 1254 2
80 1330 7
322 1069 2
995 536 33
452 855 3
652 97 7
1506 345 0
1144 685 8
1517 444 57
620 980 2
642 1388 7
642 1330 2
279 1042 27
1144 745 35
192 1251 2
535 657 2
535 261 2
759 1436 2
864 1382 2
295 823 33
619 1082 2
1328 434 2
1219 97 8
1207 387 8
534 363 2
162 821 2
603 882 2
620 912 2
620 516 2
26 1004 27
705 658 0
1394 551 27
176 1059 7
1199 1418 7
821 817 1
246 1566 37
972 1024 2
333 1070 5
1394 843 27
659 80 8
995 533 3
1424 424 7
939 865 6
206 1102 5
501 433 7
759 52 8
26 335 2
933 576 2
225 441 0
1545 147 8
36 1371 2
999 444 77
148 365 2
723 823 2
923 1336 2
241 205 2
569 1054 7
1459 1166 1
365 92 8
825 1207 8
240 307 2
1158 265 8
1466 353 1
936 114 8
1054 149 8
1316 88 5
527 436 5
1358 1525 2
205 1321 7
104 1393 2
446 527 7
646 958 5
276 21 8
875 891 6
907 702 2
42 750 50
419 1392 7
1215 884 7
936 384 3
713 42 8
648 1 6
1232 1252 2
848 1184 5
205 1253 7
1381 97 8
1333 1315 7
334 1407 2
753 1 6
176 396 41
217 1296 8
1112 732 7
80 355 7
546 873 2
1300 1057 5
57 1138 6
1253 88 3
1400 341 5
322 1496 69
724 1287 1
700 658 66
420 320 6
880 211 2
419 54 8
874 808 7
172 239 2
88 218 7
424 671 2
304 1322 13
526 1321 2
528 883 33
759 852 8
1200 80 7
424 1062 8
157 1525 2
898 462 8
603 1510 2
599 823 33
1438 269 8
1179 406 7
527 92 8
1087 833 8
1307 1342 7
75 97 8
620 229 2
1373 88 5
139 647 2
1087 1125 8
1458 809 30
1 938 6
546 1094 30
395 759 2
928 884 2
366 1073 2
297 495 8
42 568 7
261 742 23
830 917 2
560 1209 5
337 850 6
1302 891 8
1405 322 2
1388 292 2
1052 177 2
241 845 12
360 697 2
464 1525 2
127 823 7
1351 412 5
138 546 2
568 1199 7
586 843 2
401 147 8
510 83 8
125 488 2
501 119 8
357 883 2
575 859 2
1429 881 5
457 563 2
535 272 31
1259 700 2
923 585 2
202 690 1
1082 536 30
869 320 6
1024 1436 2
912 88 3
1252 1305 8
1025 998 29
258 553 71
234 59 8
912 42 8
1128 557 2
667 796 8
82 292 2
87 216 2
452 462 8
284 373 52
995 877 33
1414 338 5
540 729 2
187 584 2
759 693 2
1216 908 7
205 881 3
1570 1581 8
1549 1516 2
880 1131 2
407 1322 13
74 504 2
847 563 7
847 167 7
501 1098 21
1126 697 14
1219 88 3
1550 292 2
626 1525 2
1219 42 8
847 459 7
1264 384 5
657 453 34
406 929 7
858 278 74
620 857 2
434 722 14
1179 1326 7
1166 226 27
913 944 30
69 507 8
338 1335 5
390 1062 8
369 1393 2
33 882 2
357 1287 2
1174 1141 2
307 1518 30
1194 958 3
784 24 77
1385 406 22
384 308 7
1259 1396 2
586 1075 2
1210 1118 5
517 596 14
923 1281 2
681 1152 26
241 546 2
457 1213 7
1517 784 19
563 739 27
1090 960 35
486 284 33
630 1325 5
939 1116 8
1029 453 2
143 21 8
591 284 33
1140 1359 2
502 782 30
936 59 8
213 603 6
1359 1404 2
502 1231 41
322 976 7
540 1133 2
213 936 7
1337 1062 7
1252 330 8
122 540 2
1252 231 2
324 24 2
207 327 1
1511 205 19
1040 3 8
207 1056 2
988 831 2
1136 796 8
446 742 2
1454 988 2
915 213 8
1210 45 7
82 1207 8
620 1553 2
1497 908 5
530 910 2
106 320 19
1549 145 2
177 504 2
451 1455 30
876 1322 13
1128 197 8
724 809 2
729 1525 2
176 75 2
833 1199 7
1400 1384 7
214 1517 5
627 380 2
98 1341 30
527 37 8
1084 933 2
139 300 2
792 1325 5
739 458 2
1424 601 7
161 1437 8
43 308 7
1407 909 2
125 1609 47
497 958 2
933 753 2
225 1014 0
599 596 33
1526 116 8
1402 958 3
923 306 2
276 766 8
1264 741 2
227 453 1
475 540 2
917 957 7
912 1371 2
155 958 3
337 68 27
889 1152 26
1351 994 37
66 1118 5
702 884 7
279 607 50
171 1118 5
322 875 6
1463 1310 7
97 297 6
281 1152 26
442 1052 2
907 587 2
457 508 2
598 75 3
457 112 2
849 1255 41
1024 693 2
738 761 15
923 134 2
551 988 2
1336 1207 7
3 51 7
542 1024 2
650 0 0
1215 1457 7
221 365 2
647 1024 2
550 1090 2
995 1578 3
1019 957 8
27 1525 40
80 532 7
389 934 15
821 1415 5
981 24 7
453 861 30
1439 453 2
872 322 2
58 434 1
724 1517 12
1561 879 2
534 229 33
190 1581 8
625 898 2
279 1036 27
83 908 8
915 1239 30
1184 1309 2
504 1148 2
205 92 8
1401 320 6
780 809 30
1525 638 27
27 187 41
530 31 33
177 1424 2
988 75 8
537 466 75
1314 1351 2
1100 742 23
686 521 5
307 1239 30
162 419 2
852 1166 2
620 114 2
1103 265 8
836 1515 2
1302 1199 7
228 1118 5
318 15 80
0 345 0
1077 172 2
1141 46 6
1139 952 16
462 88 5
568 1070 5
1261 1325 5
341 338 5
1054 1131 2
1515 833 2
737 507 8
928 1457 2
833 139 3
601 864 7
1287 1355 2
847 377 8
1037 1393 2
887 1187 0
999 81 5
631 114 8
419 1244 36
267 147 7
1480 771 2
11 13 2
577 210 2
1172 147 8
1561 139 5
558 1110 2
1359 637 12
501 296 8
1082 421 30
290 1214 5
1137 1396 8
184 308 57
667 1396 7
569 917 8
1166 421 39
855 1152 26
540 1078 2
36 176 45
714 671 14
698 80 8
796 789 8
1228 769 1
205 747 7
1139 492 2
961 1173 1
1093 1 6
1022 1227 8
194 547 2
534 657 2
588 958 5
1102 1044 12
1215 706 7
1252 1315 5
447 908 8
576 823 14
1209 92 7
1114 1070 2
292 1449 2
443 771 75
745 936 7
338 974 30
999 65 8
205 1403 14
98 598 30
1151 1348 21
543 1236 8
1394 673 27
854 796 2
1407 562 2
158 1199 7
736 495 8
1058 488 2
670 88 5
383 251 2
934 1005 1
912 1152 26
1163 488 2
489 908 6
1461 829 20
40 1236 8
1024 1375 27
928 436 7
999 670 77
495 32 8
1039 1342 7
1501 1580 18
577 546 2
205 306 77
546 624 30
912 1024 2
1339 1507 5
860 80 8
1132 1574 2
127 759 2
1448 45 30
739 330 8
173 338 30
917 1298 7
897 1418 7
1030 1252 2
790 934 7
362 796 8
205 1443 7
546 334 1
1242 322 2
323 429 7
761 658 0
915 463 2
1252 804 2
139 106 30
576 1128 8
504 99 0
1402 453 35
421 823 2
1137 249 8
750 1507 1
765 1062 7
563 575 2
211 908 8
761 1418 7
153 742 57
311 547 7
869 917 2
928 584 41
586 1304 5
406 199 7
944 911 31
1561 824 2
395 365 2
1533 1287 1
1019 438 8
501 1210 57
1201 1342 7
759 979 2
205 37 8
292 78 2
736 1488 2
1555 210 2
1019 730 8
869 453 2
435 1070 5
622 879 58
1184 498 2
117 915 30
253 796 1
1302 1581 8
506 90 8
1046 971 74
1515 882 2
579 139 5
45 190 2
507 766 8
1054 1076 2
917 101 26
178 36 14
466 46 6
704 1073 2
349 1561 2
1120 1152 26
887 1132 0
891 1505 1
586 673 2
158 139 3
340 705 7
523 880 15
1079 823 30
337 641 27
337 1037 27
574 1255 2
911 1461 2
373 908 8
397 991 5
1008 697 1
470 1139 2
108 242 7
575 689 2
1090 1388 61
1199 1578 5
442 891 7
432 998 1
457 685 2
357 1396 8
1019 1161 7
420 846 6
593 183 8
917 588 8
1040 808 8
837 720 15
1128 1075 2
292 1375 27
898 1384 8
1008 88 3
999 1389 8
363 453 35
986 1255 2
98 249 8
1160 958 5
594 1548 5
577 796 20
1324 1029 2
720 394 1
922 1255 41
398 739 2
86 435 8
555 208 2
300 322 2
1549 35 2
1209 37 7
847 685 7
177 97 8
1394 722 27
466 1138 6
212 961 35
1390 1351 1
158 898 2
1230 80 8
829 320 6
1394 618 27
558 293 0
152 284 2
1052 1391 2
823 1186 16
484 620 2
501 650 2
1461 820 15
813 908 1
1461 98 30
380 900 2
292 1321 8
369 1515 2
501 1437 8
455 1 6
478 1550 8
1061 1287 2
157 891 8
64 311 30
139 122 2
598 627 12
128 1052 2
19 1070 7
1322 309 14
1144 850 6
1468 1296 7
970 205 19
917 893 2
250 1419 8
1163 365 2
694 889 2
1054 325 2
1120 1507 1
1461 551 82
917 1243 7
355 1419 8
934 1314 8
291 1325 5
186 172 5
796 1097 7
527 607 5
908 487 7
440 1283 2
916 936 8
452 1384 8
365 533 3
527 899 5
551 586 2
1454 845 1
917 470 33
1090 855 5
981 914 11
457 101 8
1144 1156 8
548 1029 2
1252 848 8
187 347 16
464 891 8
548 1321 2
575 37 8
326 1070 7
661 1333 2
541 620 2
416 88 2
720 293 0
432 242 7
1445 1407 2
1429 1418 7
1210 1396 8
1394 1418 27
958 441 0
1221 83 7
623 1525 2
1031 139 3
279 238 27
1321 42 8
590 533 5
628 739 27
1209 269 7
172 743 3
1323 908 8
329 453 35
646 97 8
1278 590 1
1480 594 10
391 958 2
958 805 7
739 684 2
279 66 27
479 928 2
399 1024 2
1296 808 59
115 961 1
147 884 2
595 1584 28
576 338 5
1461 726 30
1401 958 3
369 540 2
527 533 3
681 338 5
642 851 30
908 850 6
834 1224 33
1302 1062 8
524 451 30
1166 1398 39
993 1325 5
818 936 7
1383 97 7
1259 939 2
586 618 2
1101 225 5
547 909 1
447 1562 2
118 576 2
279 437 50
28 32 8
385 1325 5
737 761 15
80 493 6
1335 320 6
596 513 30
558 1000 2
575 1030 2
485 90 8
789 1070 2
1207 743 5
1082 311 30
323 1002 7
216 1536 7
910 1112 2
914 584 53
923 355 8
804 917 8
546 1298 7
307 1140 2
1329 990 37
295 1046 12
491 453 35
80 362 7
1223 88 2
1444 1359 2
796 387 8
1000 284 33
873 796 7
821 1245 5
303 1054 7
322 393 2
1144 743 3
1230 139 3
880 568 7
166 289 2
678 781 30
876 474 7
267 1052 27
535 377 2
438 88 3
292 1047 2
1301 1199 7
867 452 2
1076 172 2
1409 891 7
309 1072 8
45 831 2
1198 148 2
376 90 1
9 1264 1
1394 271 27
1394 667 27
179 908 8
502 628 2
1372 593 5
453 304 10
45 763 2
1166 1097 7
1056 620 2
1141 233 27
155 1112 23
28 728 8
309 999 14
380 449 2
1537 139 3
1180 507 8
1166 1389 7
575 1388 7
1556 960 35
248 879 74
1171 147 8
729 891 8
620 950 14
144 90 8
524 1371 30
1184 83 8
858 610 75
855 671 30
479 172 8
428 823 16
1031 1198 2
397 1564 5
990 1057 57
1054 265 8
1116 1453 2
592 80 8
923 1379 8
787 682 7
790 824 7
459 958 3
338 433 7
338 37 7
823 838 8
873 1470 2
1252 793 8
1221 142 2
676 307 2
635 24 1
1396 881 5
85 45 2
603 1153 52
1328 908 7
1105 1400 2
187 987 2
416 33 2
334 453 34
173 307 2
533 139 2
1415 439 57
393 1207 7
535 609 2
216 1224 30
1258 1325 5
178 1310 8
498 1342 7
306 90 8
544 809 30
1188 90 7
535 519 85
176 246 2
8 1579 5
1394 1295 27
157 1199 7
858 973 74
541 883 14
829 934 7
494 1581 8
1015 720 15
958 750 7
1174 1252 2
1177 998 2
161 1212 8
759 108 8
601 453 2
662 990 5
419 1014 66
558 1554 0
28 1315 7
1404 742 23
682 1482 7
128 1333 2
1037 540 2
126 759 2
1144 735 6
1139 31 16
457 59 2
1296 685 59
308 393 5
393 139 3
702 763 7
508 936 8
1460 34 41
800 1360 2
337 239 27
256 796 8
276 833 8
1029 1252 2
464 1199 7
750 338 5
530 3 10
361 796 8
1364 488 2
361 697 2
386 879 9
125 208 2
934 226 3
21 488 2
1008 1024 2
1496 1024 40
28 269 8
1153 90 8
323 551 7
324 823 2
1401 453 35
904 89 84
858 376 5
792 365 2
878 914 2
1052 116 8
1367 166 2
546 1243 7
51 1500 30
722 64 30
530 1101 12
397 417 5
548 291 2
642 433 7
1338 322 2
1003 702 12
338 1500 30
657 823 33
563 796 8
1460 1144 2
1351 766 7
1555 504 2
322 437 8
614 495 5
846 1327 6
83 292 2
824 156 15
118 1237 36
1132 244 8
512 1566 37
705 99 0
880 163 2
1395 958 5
1393 384 5
913 440 30
27 631 15
617 1566 37
71 874 2
436 823 14
74 620 2
267 1393 27
1476 531 30
1090 63 7
406 357 7
555 139 3
1326 1227 8
176 770 2
1207 52 8
1090 355 7
1183 1536 7
406 1086 8
706 1062 6
912 338 5
1103 728 8
454 1139 41
656 98 14
591 1287 2
115 1138 1
318 478 80
147 1457 2
52 139 3
365 1491 7
380 498 2
590 543 2
31 28 2
533 988 30
1394 148 27
1271 534 2
999 213 77
1259 824 2
923 709 2
911 958 1
392 891 8
24 254 12
34 189 38
829 958 3
1336 908 5
109 338 5
594 114 8
454 1187 7
1252 1388 7
505 507 8
808 451 2
1152 893 2
337 1555 27
1160 113 2
42 191 50
1128 1077 2
206 1515 2
397 1509 5
1358 898 2
1481 1176 7
816 908 8
546 1480 1
47 1187 0
74 1152 26
325 488 2
1468 1118 7
251 961 35
42 519 50
1152 424 8
207 484 2
98 502 7
905 1396 8
598 830 30
438 495 8
1136 958 3
191 284 2
652 57 6
988 947 2
97 533 3
761 174 1
1447 671 33
90 310 2
176 1570 2
207 416 2
147 60 41
1555 1424 2
620 981 2
540 1077 2
1215 85 7
267 1333 27
1198 393 2
880 1479 2
850 307 2
756 380 2
837 284 6
1076 1141 2
1053 1515 2
271 338 5
371 46 7
1198 325 2
961 1517 12
724 879 7
729 1199 7
506 1236 8
1087 102 8
32 1062 7
360 739 27
834 1199 7
958 1033 2
671 899 5
178 890 14
388 742 2
1448 284 30
796 1437 2
380 1418 2
1240 743 5
939 1491 7
143 833 8
143 437 8
1491 139 5
421 915 30
432 761 15
1537 1062 8
569 1393 2
586 1423 2
337 1495 27
988 704 30
1025 1371 33
998 1243 5
923 1629 2
143 1125 8
34 595 2
1216 958 5
210 681 27
157 694 39
672 166 2
91 934 5
23 915 30
420 97 6
907 307 2
555 1198 2
761 1266 1
563 80 7
322 223 26
177 1152 26
1351 91 7
202 751 1
823 1401 71
1040 59 8
875 1184 6
1364 365 2
535 1354 2
438 1024 2
178 493 6
845 888 57
1461 987 2
530 254 12
317 936 7
894 1252 2
23 1139 30
296 1013 57
230 80 8
908 63 8
236 669 76
996 1199 7
416 210 2
1453 1303 2
1062 341 5
156 809 1
279 68 27
545 26 2
192 277 2
897 183 8
1444 97 2
534 1352 2
666 466 75
1525 1568 2
1221 601 7
279 360 27
35 1054 7
133 739 67
1209 1183 7
1461 624 30
143 213 62
1476 476 30
626 898 2
1264 1005 36
507 568 7
391 1184 2
139 648 2
35 928 2
170 88 3
1196 1062 8
937 1199 7
1522 42 8
486 452 12
148 1139 33
829 739 27
1244 631 15
944 36 2
507 937 8
591 452 12
1042 1141 2
928 1177 2
921 1391 2
784 1396 77
205 709 77
729 139 3
1341 881 5
823 1086 7
546 863 6
702 1336 7
1288 1296 8
1046 970 74
915 1330 2
683 1070 2
594 59 8
596 1321 8
1152 838 2
1481 1225 7
1104 1264 1
154 958 3
302 702 10
259 958 3
899 823 7
334 397 2
1481 56 33
197 1054 7
337 1036 27
540 798 2
823 40 8
80 588 7
908 341 3
880 1200 2
1019 1305 8
1326 1243 7
759 1450 2
308 335 2
325 365 2
322 911 2
189 147 33
503 891 6
1045 596 16
328 502 8
1204 1199 7
880 1127 8
502 922 2
189 1581 8
960 1287 1
507 805 1
1389 521 5
847 460 7
26 513 26
541 90 8
1563 958 3
1394 497 27
284 347 2
603 1120 2
1394 393 27
374 671 33
729 1581 8
1407 282 2
1087 47 8
0 1422 1
1488 920 1
834 1581 8
1028 739 27
1054 272 2
1221 183 8
501 1212 8
237 534 1
192 1126 30
1472 1566 1
1054 168 2
157 1062 8
586 1076 2
988 357 30
483 42 8
777 1070 5
841 507 8
1526 1384 8
543 598 30
148 702 8
329 990 37
485 908 8
1090 961 35
568 80 6
848 90 8
1172 495 8
468 419 2
1374 726 2
747 594 10
1102 1069 57
128 759 2
1166 277 8
440 1454 2
349 201 12
575 177 2
558 347 33
532 1360 2
457 272 8
1001 452 12
1402 1325 5
208 1305 7
85 631 2
29 147 8
584 172 8
852 64 30
464 1062 8
1225 178 48
879 751 1
1024 68 24
57 792 6
1209 216 7
535 1299 2
535 903 2
205 1491 7
264 720 15
194 207 2
1198 633 1
875 1102 7
1506 489 15
653 998 29
1190 983 16
322 428 33
1444 42 2
451 1456 30
737 1556 2
1019 158 8
1201 1062 7
1217 97 8
229 251 71
1458 823 30
324 642 30
491 990 37
266 1407 2
853 879 74
512 879 2
527 376 3
864 244 8
294 502 8
1394 1417 27
1127 958 5
617 879 2
192 149 8
1460 671 30
1184 568 7
1187 355 8
1160 1090 2
155 590 2
1303 1581 8
599 397 2
928 726 2
392 139 3
636 1118 5
847 438 8
1054 1583 8
999 229 1
917 1045 33
115 668 1
1500 24 2
261 596 33
144 1236 8
558 1439 33
24 528 2
1024 762 2
751 883 14
73 847 0
337 69 27
586 393 2
1119 64 30
1029 1082 2
115 960 1
267 249 8
34 1168 2
858 1066 5
193 590 57
453 537 2
914 239 2
42 1392 50
542 656 1
1024 1450 2
361 923 2
934 114 8
501 65 8
1056 90 8
575 409 2
586 325 2
1391 172 8
80 601 7
1468 320 7
838 1118 5
1351 1002 2
530 441 0
447 1322 13
34 1177 40
139 850 30
1198 223 26
176 574 41
12 1131 20
1098 1371 33
80 929 7
647 880 1
254 1285 5
80 825 7
1562 873 33
861 700 32
277 1173 2
1100 823 33
144 501 5
279 641 27
35 1236 1
1009 88 3
620 475 2
880 681 2
1562 209 2
1131 1139 55
681 97 8
14 1562 1
318 1207 8
1138 1070 5
434 277 8
535 881 3
750 908 8
45 606 2
761 32 8
603 773 2
620 803 2
759 216 33
1394 442 27
1159 1072 5
1514 1400 2
365 930 1
488 189 27
115 1364 1
1525 366 2
960 809 2
1141 735 6
1515 834 2
1515 1230 2
1322 102 8
708 727 7
1264 1392 7
944 609 2
618 26 2
573 594 1
33 1120 2
31 546 2
159 1581 8
729 1062 8
255 380 2
309 781 30
161 291 8
804 1393 2
420 1325 5
1152 723 2
923 1181 7
1562 1514 0
61 939 15
880 98 16
1149 1322 13
914 1555 2
399 434 14
502 1124 30
1163 80 8
371 75 3
796 1213 7
143 259 8
234 1389 8
452 278 74
891 136 6
783 805 2
1252 177 2
783 701 2
1333 856 2
883 777 2
912 908 8
217 796 2
1461 189 2
258 451 30
1019 1482 8
530 1124 33
988 1069 2
194 548 2
1070 1245 1
976 1359 2
581 823 30
322 1583 8
744 266 1
1102 1045 12
534 274 12
1554 771 2
1317 292 27
858 920 74
471 761 15
1394 1138 27
1179 1572 7
720 1138 1
318 1400 80
292 1450 2
502 1495 2
1376 720 15
983 1072 8
558 1105 0
321 1581 8
933 1344 37
960 1517 12
1217 42 8
728 1199 7
176 21 2
1283 1562 2
558 1397 0
503 172 2
692 1236 6
500 322 2
617 824 2
663 1351 5
285 87 8
694 576 1
983 999 14
1188 1139 50
1177 1461 2
361 1040 2
1094 1224 30
1287 873 33
1166 626 8
42 104 8
712 1322 13
1371 1418 7
263 823 33
464 1609 47
1548 1070 5
1035 1199 7
124 1418 7
932 796 8
1052 63 8
774 1141 2
1025 933 2
593 1227 8
934 59 8
1258 365 2
515 1187 0
1225 1215 48
555 1424 2
440 424 2
457 454 2
28 44 8
915 464 2
365 881 3
761 992 1
898 1122 2
1509 205 19
337 238 27
192 1399 6
518 338 5
334 883 33
22 1139 30
800 147 8
805 904 9
88 455 2
905 147 8
434 1606 2
874 1395 7
1000 1407 2
1392 1132 0
241 1341 30
88 805 7
1100 1087 2
389 880 15
311 548 7
620 128 2
880 730 2
528 118 2
307 1084 2
279 190 27
285 1184 2
859 210 2
759 980 2
292 475 2
395 1054 2
1211 322 2
1177 759 27
743 734 7
864 817 8
45 551 2
939 373 6
944 622 2
790 1325 5
406 424 7
1305 891 7
216 958 5
192 326 8
912 847 0
623 139 3
1296 1156 59
1081 504 2
1304 147 7
122 823 16
292 298 8
33 773 2
373 936 7
205 935 77
1559 1578 5
192 724 30
1173 446 2
380 565 2
835 1360 2
143 1583 8
1295 26 2
1233 564 1
1233 168 1
127 1342 7
233 87 7
923 1172 2
1453 1564 1
238 1141 2
1044 917 8
904 1352 84
992 1325 5
118 982 7
1233 856 1
40 90 8
117 558 1
298 88 5
1020 1236 8
192 1373 21
449 620 2
177 338 5
1152 663 8
1544 743 5
485 42 8
913 914 2
770 80 7
667 1342 7
80 1570 7
322 913 2
909 28 2
540 628 2
374 594 10
795 59 8
219 365 2
685 90 8
1144 1217 8
1274 474 75
998 1384 7
1046 1063 5
1128 1076 2
1220 603 6
1008 147 8
297 320 6
269 1342 7
995 604 33
251 960 35
1215 256 7
623 898 2
1333 728 8
292 707 2
502 1148 2
1396 533 5
530 108 8
995 39 8
147 873 16
1024 269 20
309 1128 8
42 1491 7
86 728 8
478 412 5
1054 667 27
620 1376 2
1194 1207 8
497 917 2
1383 1187 2
1075 172 2
988 1047 30
879 1292 14
923 1576 2
858 1227 8
972 1488 2
1525 543 2
739 52 8
1173 31 33
1500 1585 2
713 1562 2
1394 54 2
263 1087 2
917 875 6
388 908 8
206 1566 5
143 1004 8
796 1125 6
1471 1236 52
596 794 44
1171 891 8
102 284 6
1253 1562 2
1252 922 2
907 546 2
783 1446 2
1035 1581 8
928 256 2
1024 256 2
552 1046 12
1215 250 5
917 1577 8
279 102 50
1000 452 12
613 988 20
790 880 7
907 478 2
515 1132 0
457 3 2
915 805 2
999 46 7
1236 1418 7
1341 1418 7
696 80 8
774 914 2
388 1566 37
307 805 2
322 722 33
902 742 8
1102 930 12
796 52 8
555 1296 8
1323 936 7
70 845 12
1228 27 7
1536 875 52
639 1073 2
178 929 7
823 1120 30
86 149 8
395 603 2
1326 259 8
1393 1417 27
847 3 7
1303 1438 7
1458 1341 30
1188 42 7
4 761 15
1090 517 2
999 1312 77
453 976 30
47 908 8
176 886 2
365 569 2
148 1187 7
772 1529 77
252 139 27
494 823 33
138 349 1
1247 594 10
1240 658 66
279 1194 50
90 369 5
1328 958 5
818 879 2
127 1333 2
1378 1224 2
556 1166 1
540 513 26
534 1225 0
880 949 41
1450 1152 26
1359 236 12
1224 1291 16
586 911 2
236 1322 13
1453 1509 1
129 708 7
1555 1152 26
899 702 7
279 730 50
558 1001 2
575 1031 2
415 139 5
1535 917 20
1044 502 8
194 1525 2
249 47 8
440 601 2
1245 11 7
322 83 6
222 958 3
1082 604 30
914 689 2
772 891 7
593 129 8
238 914 2
221 488 2
917 379 70
217 97 8
1561 1070 2
900 796 8
208 92 7
383 97 15
88 1378 7
988 667 2
658 1296 8
1326 1310 7
1140 453 34
504 233 27
761 326 8
503 1062 6
70 546 2
809 722 30
1176 720 15
1222 28 8
722 139 5
620 701 2
880 907 2
528 1087 2
279 763 27
1536 1310 7
1144 70 35
459 1325 5
759 1553 2
147 1243 7
298 1396 8
1187 1574 2
72 97 8
289 1333 2
652 42 7
944 1299 2
176 1176 7
1101 113 75
600 824 6
398 1322 13
829 307 7
166 514 2
659 139 3
241 349 1
1052 1337 2
582 1221 2
53 1581 8
829 1333 2
530 277 8
623 1062 8
1174 917 2
256 739 27
1556 961 35
380 1138 2
125 1252 2
1056 908 8
363 1062 7
255 898 2
594 462 8
242 877 79
0 1421 1
988 477 41
1166 1008 39
548 1002 1
594 1150 8
820 1296 8
674 1351 2
125 1184 2
880 1338 1
468 590 2
917 1131 2
1029 917 2
349 360 2
908 829 7
908 433 7
916 90 8
411 1152 26
572 656 2
879 1031 2
915 458 2
208 1126 2
152 451 30
457 47 8
1459 1152 2
1224 1303 2
446 936 7
365 37 8
551 90 7
316 97 6
598 1282 30
726 1325 5
450 558 2
1317 586 27
69 1052 2
1215 1293 7
438 406 7
545 210 2
206 88 2
80 76 7
988 1295 2
85 0 7
97 881 3
1240 1389 7
476 1341 30
292 638 27
323 148 7
1317 914 27
632 998 1
938 1236 52
250 338 5
167 1517 1
720 1364 1
1084 1173 2
620 619 27
409 540 2
510 1314 7
1087 523 2
1216 42 8
702 130 5
1001 453 34
759 78 2
575 1315 5
1128 265 8
541 97 8
1106 453 34
636 249 8
168 212 2
290 1389 8
1071 727 7
1404 823 33
941 284 6
999 1257 77
365 514 2
932 320 6
1393 63 7
1307 1396 8
148 1132 7
273 504 2
54 45 2
594 1554 8
1224 1456 30
1393 355 7
1296 462 8
261 1581 8
944 152 2
1547 1070 5
23 998 29
368 453 2
126 1052 2
419 392 36
1139 1483 2
167 502 8
818 824 2
586 168 2
923 770 2
923 374 2
1252 1495 2
373 507 8
836 988 30
1090 53 35
1024 829 2
176 142 45
852 535 30
579 1070 2
453 604 2
434 1125 6
452 355 8
1287 53 34
440 150 2
337 464 27
762 739 27
1132 318 2
858 1065 5
323 844 7
210 360 2
451 223 2
889 988 2
829 1325 5
744 1480 1
462 891 8
542 1488 2
107 172 8
315 1152 2
56 823 16
1549 576 1
667 80 7
217 42 8
1326 1004 8
371 658 0
573 761 15
501 1283 21
501 887 21
1380 880 20
322 730 8
540 54 2
1439 917 2
279 416 27
325 80 8
187 597 2
1160 1187 0
267 1394 27
72 88 3
110 958 5
702 1050 5
1321 908 8
86 326 8
1136 1325 5
1184 667 27
72 42 8
42 1381 7
205 1229 77
507 957 8
1394 217 27
1139 1124 16
879 890 14
777 88 3
437 90 8
502 574 2
958 68 7
612 1307 13
594 876 2
944 780 2
1396 1125 7
163 1396 8
470 671 16
770 1207 5
936 1456 2
380 395 2
730 1581 8
126 1342 7
259 307 7
1137 1199 7
938 166 2
707 546 2
418 596 30
1082 1337 20
39 90 8
259 1333 2
143 102 8
596 1377 8
1238 284 16
246 879 2
229 453 2
1359 1101 12
1019 1388 7
91 307 5
645 1173 1
226 739 27
383 796 20
434 46 6
208 675 2
202 165 2
265 1118 5
1232 1152 48
997 178 7
1024 78 2
1298 1325 5
1102 721 57
1123 936 7
576 172 8
1240 646 7
710 1070 5
208 269 7
641 1052 2
208 607 2
476 598 30
859 1424 2
97 92 8
988 844 2
915 330 8
1324 464 2
1207 1104 7
1176 453 1
1526 1243 7
420 365 2
639 671 2
995 265 8
1394 913 27
720 913 1
1207 1437 8
849 1166 2
419 116 8
591 1506 0
350 64 30
17 813 15
1461 719 15
1549 158 2
1209 160 7
541 88 3
1404 1087 2
847 808 7
45 1405 2
43 97 7
191 796 8
541 42 8
879 784 19
514 1173 2
607 1562 2
162 1407 2
1141 1138 6
476 1073 2
594 1108 2
759 54 8
1098 998 29
23 883 2
751 671 14
1054 516 2
249 1420 8
983 781 30
590 1418 7
1461 513 30
64 830 30
823 63 7
349 1001 2
127 535 2
143 730 8
1362 995 1
1296 47 8
520 1296 0
115 388 1
21 502 2
167 51 8
823 355 7
872 1070 5
337 185 27
231 1393 2
1029 1198 2
1252 648 2
702 605 7
1158 163 8
596 298 8
192 520 21
903 1024 2
1360 790 2
42 1315 5
572 891 7
440 199 2
1210 88 5
192 1208 21
93 562 57
451 1479 2
695 80 8
1154 1207 8
323 497 7
1336 928 7
170 824 6
978 540 2
665 1199 8
906 1062 8
1177 1609 47
1444 958 2
449 90 8
676 1173 2
424 1132 8
154 1325 5
684 883 14
259 1325 5
744 1357 1
880 505 2
78 210 2
915 960 30
1184 1030 2
809 216 30
35 1393 2
1457 1341 30
1407 1384 7
1160 1132 0
183 210 2
759 1047 2
307 960 30
171 495 8
787 958 5
45 722 2
33 616 2
1184 1358 2
170 147 8
1144 1377 6
620 127 2
147 715 2
119 1236 6
840 1073 2
252 365 27
1287 388 2
847 98 8
45 258 2
810 998 1
1409 656 2
205 710 77
507 834 8
642 974 30
126 1333 2
495 728 8
699 821 2
142 880 2
1166 1321 8
1052 471 2
1044 796 8
1082 606 30
1563 1325 5
988 22 30
988 418 30
974 1341 30
841 172 8
1052 763 2
603 765 19
192 226 5
1083 41 9
1076 284 30
205 244 7
217 292 2
558 727 2
1481 1460 2
1019 937 7
1082 830 30
945 594 10
440 723 2
369 988 30
653 1371 33
338 32 7
824 1578 5
545 1515 2
695 1396 8
1152 766 8
763 320 6
897 47 7
228 495 8
49 0 0
207 430 2
217 620 2
1221 1298 7
192 95 6
642 1345 2
1324 436 1
933 70 35
205 468 7
874 533 2
300 166 2
97 37 8
423 917 2
406 1395 7
1199 1095 12
1078 1333 2
503 1184 6
534 670 2
118 855 5
958 417 7
977 1359 2
1215 719 7
1287 1480 2
292 774 2
510 808 7
499 742 23
1306 39 7
811 178 1
43 42 7
1137 1070 5
603 1121 2
148 1 6
789 1187 0
399 172 2
555 1152 26
30 322 2
191 451 30
437 320 19
721 365 27
854 908 8
1053 1393 2
1505 1342 7
1313 90 8
501 718 2
115 401 1
147 27 8
507 47 59
380 1364 2
573 546 1
1323 671 14
485 914 2
435 824 6
707 1515 2
225 721 1
36 917 8
34 763 38
1039 1396 8
923 1575 2
139 190 2
22 534 2
860 139 3
702 258 7
338 728 7
565 1141 2
593 230 17
285 917 20
903 1073 2
240 546 2
670 1199 7
1274 904 74
576 917 8
997 1215 7
71 720 15
218 488 2
357 139 3
205 1164 7
1207 287 5
442 322 2
752 338 5
867 284 16
1316 998 1
546 784 2
199 1342 7
34 154 40
323 46 7
1371 92 8
1104 118 1
1252 916 8
362 915 30
112 90 8
894 1198 2
701 904 9
1314 397 2
810 939 15
450 781 30
1128 163 8
1098 1287 2
434 1321 8
526 1232 2
1209 1197 7
933 75 5
1324 1037 2
557 1082 50
322 270 3
190 1252 2
1000 453 34
995 838 8
1151 1340 30
880 450 2
868 344 2
647 914 2
756 908 7
601 702 7
527 39 8
635 1199 8
176 765 2
176 369 2
663 1407 5
1082 158 2
1295 210 2
1240 1317 5
813 1 1
292 18 8
1163 1525 2
1521 90 8
642 919 30
361 1342 7
1372 1199 7
823 974 2
524 915 30
259 535 2
858 1067 5
457 870 2
1026 26 2
411 338 5
565 166 2
1118 1494 1
453 1226 2
891 1554 1
464 453 2
1082 471 20
1040 1389 8
1036 958 2
791 208 2
440 772 2
85 1260 2
368 502 8
1371 32 8
999 1241 7
189 934 7
1039 249 8
111 42 8
1145 1128 8
502 50 41
792 488 2
761 133 1
62 990 37
547 35 2
995 1097 7
315 936 7
1330 1184 1
1221 1243 7
905 891 8
890 940 2
949 1228 1
541 1024 2
613 338 5
1297 558 1
981 1052 2
322 857 2
1309 1393 2
769 1581 8
1009 147 8
620 872 2
880 1078 2
625 796 2
590 1415 37
192 747 2
1081 1024 2
1544 1097 7
761 789 8
761 393 8
642 1217 8
613 603 6
45 607 2
147 1310 7
874 743 3
1090 920 2
45 1295 2
858 259 8
478 1298 7
534 151 2
631 39 7
841 917 8
162 1396 8
1361 1187 0
216 596 30
1527 936 8
215 958 5
1322 98 14
510 685 7
273 88 3
1522 908 8
31 1556 44
273 42 8
33 1121 2
1039 1054 2
380 913 2
380 1309 2
1367 739 27
577 504 2
42 418 50
1495 26 2
1054 437 8
673 540 2
872 1609 47
446 419 7
620 1469 47
205 1505 7
1140 883 33
643 284 6
1004 86 7
457 114 8
81 933 2
797 958 3
192 1443 2
876 1342 7
1047 1341 30
98 917 7
139 460 30
295 419 2
69 1515 2
1460 292 2
88 516 2
1209 454 7
370 187 41
308 805 2
526 1177 2
84 80 2
1198 1496 53
494 1046 12
544 1341 30
1546 1128 8
1184 628 2
273 451 2
719 57 6
995 387 8
190 796 8
594 1402 2
883 1388 14
671 810 15
510 1381 7
1128 40 8
759 244 8
322 50 70
1287 942 33
629 80 8
1237 939 15
493 846 6
917 1327 6
595 921 38
601 958 3
1054 1138 2
1 1122 6
126 535 2
139 471 2
45 148 2
127 365 2
42 793 8
917 595 33
1556 53 35
1526 355 8
160 642 30
1336 452 5
483 908 8
139 763 2
170 251 71
527 1316 5
923 149 2
904 329 84
598 44 8
588 908 8
118 355 7
457 815 2
446 1566 37
823 1310 8
1215 994 5
1152 36 8
1315 1070 5
922 251 2
453 775 2
349 775 12
279 450 50
1481 324 7
1357 1562 2
1235 823 16
1140 823 33
88 1417 27
80 506 6
923 76 8
563 1333 2
1230 1198 2
216 284 2
540 689 2
880 403 2
773 1333 2
80 479 7
796 108 8
419 543 2
550 933 2
1554 1400 2
295 1112 23
1476 375 30
596 750 30
1106 883 33
485 1184 6
763 917 2
763 958 3
84 1396 2
761 384 3
236 353 5
880 627 2
145 1152 26
1223 33 2
641 34 69
273 1371 2
507 1420 59
349 81 10
1438 393 8
205 722 14
176 942 2
42 1156 7
1177 1052 27
604 1359 2
1125 958 5
434 119 8
1491 958 5
1145 338 5
720 424 8
440 911 31
692 846 6
601 1207 7
586 1035 2
631 817 8
276 1305 8
944 555 2
267 495 8
1461 148 20
101 596 16
704 534 1
1287 191 33
486 1287 2
323 253 5
154 1207 8
1110 934 5
1120 845 1
271 917 8
365 1578 3
259 1207 8
558 637 12
1082 1124 30
1237 1342 7
594 182 8
792 1525 2
702 148 7
217 914 2
722 1224 30
905 1141 2
441 1647 7
440 1345 2
340 1322 13
65 88 5
999 1418 7
592 139 3
1015 1461 2
406 1293 7
942 598 30
210 1550 8
192 321 6
661 1062 8
598 606 30
202 232 2
256 1325 5
1114 397 2
880 1381 7
653 933 2
476 320 19
593 769 8
596 881 5
220 488 2
1209 107 7
507 1491 7
641 1515 2
1102 595 12
1173 441 0
700 99 66
546 606 2
297 1342 7
308 750 2
1314 883 33
284 1330 2
45 101 26
1424 269 7
1198 857 2
1207 1212 8
535 726 2
86 1125 8
1184 177 2
396 1070 7
697 1186 16
35 540 2
1141 1377 6
995 728 8
683 1187 0
1424 957 7
318 1638 80
290 817 8
42 1388 7
338 421 30
1174 1333 2
942 1073 2
638 147 8
563 1325 5
1488 751 1
1394 912 27
118 991 37
642 119 8
148 898 2
988 1340 30
199 1139 30
273 620 2
278 940 2
361 590 2
1173 324 33
1054 390 8
702 844 7
197 1207 5
899 143 7
928 221 2
139 416 2
704 1507 12
486 208 2
322 1127 6
674 1407 2
1296 114 8
383 883 30
453 278 58
1160 908 8
1158 730 8
172 1335 5
1547 1118 5
572 1062 7
1139 1135 2
1266 80 8
1110 958 1
761 646 1
220 1184 2
1258 702 8
1355 933 2
551 880 2
761 938 1
800 139 3
543 1556 2
923 21 8
89 434 2
901 80 7
1023 97 8
695 147 8
417 380 27
272 720 15
12 626 20
80 424 7
88 355 7
137 1070 5
1447 771 2
974 1359 2
429 1128 2
88 693 2
541 914 2
1562 368 33
176 663 2
877 534 2
1354 594 10
238 284 30
1087 929 7
505 1342 7
1333 46 8
273 1024 2
734 726 2
620 366 2
502 70 2
1333 384 3
1103 855 3
194 694 39
1438 384 3
1448 1152 30
739 1437 8
81 998 29
176 491 2
45 497 2
847 296 7
1184 1133 2
391 1252 2
503 642 2
1299 530 2
1179 371 7
553 611 35
858 149 8
594 304 2
912 1184 6
263 113 2
526 281 55
915 73 21
601 1152 7
1184 1420 8
1173 952 33
475 1024 2
118 1392 7
317 1102 5
1226 705 5
498 249 8
337 1315 6
874 1335 5
97 489 6
1036 1252 2
259 365 2
1082 381 30
457 1096 2
216 1507 1
915 1502 2
371 92 8
823 1550 7
586 516 2
368 796 8
1259 1233 2
586 912 2
546 1327 6
582 26 2
230 917 2
1316 761 15
457 1388 2
894 995 1
1141 833 2
502 119 81
852 883 30
192 1319 21
1152 568 7
1364 1525 2
28 222 8
349 25 2
323 900 7
995 722 33
451 675 2
915 1388 7
1266 1396 8
1474 534 2
912 507 8
824 573 15
1504 1415 5
112 1236 8
1252 63 8
1567 113 2
1152 833 8
903 147 8
933 241 35
995 258 33
535 447 2
207 497 2
1292 139 5
88 1379 7
423 796 2
1338 1062 8
713 594 10
1438 1097 7
1401 908 6
359 958 5
211 172 8
111 883 14
297 1333 2
1525 661 2
530 54 8
451 604 30
1324 872 2
1144 363 35
1101 474 75
37 284 6
451 1292 30
737 1054 7
1221 27 8
191 958 3
986 337 38
1056 603 6
183 1296 8
603 500 2
1400 825 7
466 1377 6
1394 565 27
1176 1 1
1052 1338 2
1383 1087 7
352 290 27
385 1207 8
1144 865 6
1424 438 7
1393 667 27
56 192 30
1405 172 2
1039 488 2
1461 325 20
977 88 3
549 413 62
582 1072 7
1510 172 2
274 397 75
917 1200 2
834 147 33
143 158 8
1296 59 59
192 1194 30
205 198 77
1287 368 33
796 1450 2
887 0 0
1288 97 8
823 179 7
1359 1541 2
419 412 5
702 429 7
372 1396 8
1479 1393 2
897 1310 7
447 1173 2
547 812 1
349 653 2
527 450 5
1139 684 2
208 685 7
284 1138 52
578 90 8
998 1567 1
446 879 2
325 1187 7
442 51 7
1324 1469 47
790 1118 7
904 151 84
1496 586 40
417 33 27
1023 42 8
368 928 45
871 1581 8
458 958 3
125 139 3
1209 680 7
1506 265 15
1173 1014 0
140 365 5
528 113 2
814 1070 5
406 91 7
1327 908 7
1103 462 8
1014 1118 5
1438 387 8
1406 406 2
628 80 8
45 150 2
466 52 1
507 330 8
406 23 7
1054 1036 2
226 451 30
139 369 2
277 936 8
1184 1078 2
488 1131 2
406 315 7
374 771 2
469 90 1
999 1550 77
1052 259 2
1021 1507 1
227 590 1
261 1087 2
1396 102 7
453 340 1
64 1282 30
932 1342 7
1392 8 7
934 255 2
1252 1460 2
20 682 7
988 568 15
1516 694 39
915 718 1
1166 1437 8
228 824 6
1082 722 30
555 1236 6
1251 1562 2
90 607 5
923 766 8
988 138 30
337 533 27
276 1127 8
284 50 14
596 646 8
279 676 50
575 581 2
917 53 2
1082 1376 15
80 336 6
1082 258 30
1300 1475 5
849 64 30
590 32 8
334 118 2
1239 1342 7
680 1322 13
1305 88 5
654 879 2
1456 620 2
307 983 2
790 80 8
671 863 7
399 284 16
720 1578 5
1326 568 7
410 805 2
1458 279 2
657 958 3
796 626 8
596 976 30
88 532 7
74 586 2
1476 893 30
434 855 3
155 0 0
228 147 8
869 1333 2
620 647 2
731 1215 7
553 960 35
1198 455 2
1499 530 10
880 848 8
1525 606 2
147 368 16
419 1384 8
45 778 2
1456 1341 30
768 147 8
628 1396 8
494 113 2
205 1522 77
1458 208 30
603 841 2
867 1082 8
226 1371 30
1400 770 7
1394 114 27
365 1097 7
255 620 2
24 1000 2
923 1467 2
365 1389 7
586 1553 2
178 952 14
761 1220 15
439 667 30
1541 80 8
1119 1224 30
936 1457 2
590 837 2
934 446 1
1396 1418 7
1383 276 7
125 1198 2
1259 1118 2
1354 0 0
727 353 59
1391 936 8
787 697 7
1030 365 2
763 1236 6
115 53 1
530 925 10
51 199 30
1382 535 7
1024 543 2
990 1004 57
702 610 75
1566 238 57
320 83 6
208 676 2
1075 284 30
1377 147 7
1082 1231 41
915 3 8
761 99 0
770 891 7
915 341 3
325 1132 7
202 854 2
1184 1403 6
219 488 2
98 796 7
1336 593 7
1247 771 2
1315 1112 52
598 1124 30
1215 1239 7
845 554 57
862 1062 59
32 1118 5
295 590 2
258 915 30
995 626 8
40 338 5
1211 1199 7
1024 856 20
527 1097 7
1209 229 7
724 558 1
502 233 27
145 338 5
744 334 1
1429 1310 7
434 1437 8
1562 1009 2
1322 183 2
173 546 2
1446 671 33
302 24 7
514 858 12
841 1393 2
846 938 6
1077 1333 2
4 720 15
871 1062 8
1562 282 23
33 513 26
1570 958 3
858 1418 8
1106 742 23
862 702 8
535 70 85
510 1156 7
1306 387 7
155 1371 33
176 485 2
393 1424 2
1156 419 5
1054 981 2
1184 335 2
406 743 3
139 314 2
1184 231 2
1445 453 34
1204 502 8
594 1500 8
573 998 1
1337 1070 5
1055 1215 7
685 603 6
944 98 2
599 118 2
928 109 7
1396 47 7
1515 219 2
480 546 2
533 307 30
1148 1393 2
932 891 7
1351 1472 37
501 1457 8
452 1243 7
143 1127 8
944 390 2
468 452 12
718 1090 2
917 667 27
228 1252 2
320 779 6
586 114 2
122 958 2
792 42 7
689 908 7
702 1002 7
925 1112 23
1045 1236 8
284 432 15
139 639 30
193 999 57
1158 852 8
899 593 7
914 648 2
600 453 35
1354 1371 33
681 1562 2
936 1389 8
440 492 2
457 522 2
619 1325 5
314 26 2
1232 178 48
452 197 8
85 934 7
210 743 3
430 1252 2
417 210 27
1322 937 7
530 1328 2
1439 535 2
419 714 2
635 1287 1
995 1213 7
478 1335 5
395 898 2
410 750 2
555 1419 8
1211 166 2
1090 812 2
151 824 2
24 1554 0
1209 1545 7
434 462 8
1084 1351 2
1100 824 23
1090 766 7
1184 1031 2
581 208 30
1215 92 7
1184 1381 7
285 1252 2
642 937 8
172 1217 8
192 462 8
1082 574 2
527 387 8
205 893 14
780 823 30
45 723 2
1183 1087 7
928 1201 7
775 669 76
369 1024 2
365 651 1
939 837 6
205 1467 77
838 891 8
1394 455 27
377 1090 2
24 945 2
110 1507 1
380 737 2
1045 488 38
1521 42 8
205 1399 77
33 841 2
507 1127 8
796 273 6
20 1296 8
380 1029 2
836 249 8
988 23 30
309 176 45
359 113 2
225 386 1
259 883 2
240 279 2
941 249 8
222 1207 8
1371 1578 3
42 138 50
917 730 2
581 178 1
593 716 8
338 393 7
1163 139 3
1152 1127 8
440 1120 2
334 1087 2
787 178 7
1481 350 33
323 1418 7
790 320 7
1201 1424 1
463 502 8
253 958 5
283 1461 31
51 368 30
347 1072 8
992 434 2
1223 504 2
217 908 8
1326 1095 12
218 80 8
867 1040 2
759 638 27
1328 742 2
1209 174 7
437 440 8
85 958 3
1394 859 27
1388 139 5
1436 488 2
1393 855 5
190 958 3
874 65 8
1541 434 2
1502 115 15
101 1118 5
1549 104 2
1080 1024 2
859 1198 2
1415 34 12
31 671 2
558 1514 0
72 908 8
1306 728 7
271 1393 2
727 1371 33
1458 781 30
1058 210 2
577 1024 2
1407 576 2
1307 891 8
380 619 27
256 365 2
721 1054 27
1187 21 8
119 846 6
722 90 8
147 325 2
1058 502 2
1461 167 30
630 80 8
311 596 30
1544 3 8
739 808 8
928 450 7
345 124 1
928 392 2
495 384 3
377 88 3
916 682 2
415 958 5
22 535 2
263 824 23
276 37 8
440 1379 1
406 994 5
377 42 8
210 657 48
1224 1557 1
192 855 5
56 642 30
702 551 7
210 423 2
207 690 1
891 531 1
1321 1184 6
468 742 23
337 423 27
1479 1515 2
819 936 8
346 1128 8
689 97 7
1225 936 48
575 471 2
563 365 2
80 267 7
1266 147 8
883 1126 2
349 444 23
1472 34 12
202 1031 2
457 462 8
530 201 12
347 97 8
880 519 2
195 1199 7
80 199 7
857 1424 2
68 631 63
80 491 7
779 90 8
1516 1609 47
205 119 8
84 824 2
869 535 2
251 53 35
452 1578 5
411 975 2
176 730 2
720 1482 7
702 253 5
603 1004 27
326 139 3
502 533 2
739 1212 8
277 771 2
172 766 8
961 93 12
527 728 8
601 995 7
176 324 7
671 1124 30
395 1062 8
507 848 8
552 1132 0
403 1128 8
1132 1514 0
365 1033 2
1397 914 7
594 79 2
1110 1118 5
637 397 75
252 603 27
24 494 2
311 1224 30
126 883 2
163 891 8
349 1575 2
519 596 30
432 1184 1
349 1191 12
418 883 30
440 404 1
1259 612 2
276 957 8
870 1070 5
1114 1151 21
917 1235 33
851 1224 30
183 1152 26
907 1638 2
440 737 2
453 831 2
155 1207 8
127 1396 8
894 1166 1
1468 682 7
914 533 2
1322 412 5
372 147 8
1133 1342 7
290 881 5
28 393 8
593 265 8
1326 384 5
220 380 2
1183 338 5
168 824 6
634 846 6
1536 384 5
279 950 16
593 197 8
891 743 48
1128 1193 2
1284 594 10
1317 26 27
298 1199 7
81 598 2
519 530 1
190 739 27
279 1295 27
1144 602 35
535 514 2
847 871 7
624 530 1
88 1446 7
526 154 2
187 428 2
895 80 8
620 769 2
1394 804 27
596 533 5
1455 1341 30
1215 269 7
1144 138 35
276 1388 7
627 410 7
528 824 23
530 855 3
867 958 3
739 138 2
45 900 2
349 1105 0
1322 104 8
843 1393 2
1540 80 8
1302 958 3
1394 1028 27
439 893 30
739 70 2
1052 1405 2
739 65 8
902 307 5
125 1424 2
187 311 35
1562 53 34
894 1152 26
234 1418 7
838 1396 8
1383 1132 2
787 923 7
699 284 33
520 1187 0
686 936 8
772 846 77
1446 594 10
406 1335 5
917 907 2
1567 251 1
265 307 30
891 476 1
1158 54 8
674 453 34
178 412 5
1359 893 33
575 119 8
899 87 7
879 1099 2
322 779 6
334 1264 2
526 517 1
1254 90 8
657 1112 23
383 535 30
152 915 30
546 1126 2
546 730 2
666 904 74
1336 1215 7
47 0 0
1458 795 7
347 88 3
814 97 8
1444 453 2
502 1565 2
946 762 62
1481 203 70
80 144 7
195 1581 8
519 1549 7
1506 1554 0
526 741 1
870 1062 8
796 159 20
39 603 6
1533 558 1
1099 796 8
1250 594 10
210 1335 5
841 1515 2
1307 1199 7
958 1283 7
1496 8 5
233 1118 5
1204 796 8
401 1342 7
1424 1305 7
938 739 27
501 1418 7
176 315 2
14 1173 1
1394 471 2
346 338 5
638 891 8
307 851 30
97 1267 15
945 771 2
45 217 2
176 211 2
939 39 6
507 793 8
1073 500 2
1526 424 8
162 323 2
1042 1393 2
658 1325 5
33 1004 27
815 1453 2
155 933 2
26 856 2
858 265 8
122 1252 2
244 57 6
26 1148 2
582 210 2
42 357 7
402 761 15
1110 307 5
1087 1015 36
279 519 50
28 114 8
1451 1517 1
380 231 2
1037 1396 8
208 1557 1
513 1341 30
1166 1212 8
899 783 7
440 390 2
720 21 8
457 816 2
485 172 8
348 380 2
1155 936 8
301 1325 77
1133 1333 2
855 453 30
923 833 8
28 46 8
28 384 3
176 985 41
80 111 6
1124 28 2
362 1453 30
534 1170 0
1004 34 53
83 284 52
1144 533 3
695 891 8
1442 507 2
548 756 2
1396 1578 5
279 1291 16
895 139 3
205 405 2
1221 1131 2
178 1305 6
1450 1198 54
205 359 7
1333 462 8
298 1581 8
71 1407 2
1555 1198 54
1144 151 35
401 990 37
1517 282 57
1179 891 7
862 88 48
861 24 2
1198 230 2
146 90 1
1239 904 9
318 323 80
980 249 8
921 125 30
86 102 8
281 988 2
54 908 8
530 462 8
163 1199 7
449 338 5
780 1341 30
647 172 8
603 616 2
1394 681 27
284 531 2
1394 285 27
252 488 27
544 883 30
1488 812 1
24 444 23
1424 158 7
144 172 8
290 18 8
599 1264 2
592 1536 7
478 1217 8
421 64 30
925 1090 2
380 859 2
1229 1236 6
80 1203 6
650 958 5
849 535 30
317 139 5
1480 1407 2
1039 891 8
1271 284 33
1035 1252 2
520 1132 0
347 1371 2
1006 1070 7
419 1298 7
1152 957 8
396 642 30
1102 565 57
593 838 8
403 1070 5
116 936 8
1131 1184 2
1166 65 8
143 1314 5
770 1062 7
199 883 2
322 1161 7
111 908 8
761 311 1
322 1499 2
1236 1125 8
1252 119 8
546 675 2
814 88 3
887 1506 2
221 1525 2
903 495 8
906 502 8
206 205 2
1449 322 2
1114 702 12
716 338 5
546 607 2
338 1282 30
703 1190 41
631 394 1
898 269 2
434 1212 8
61 593 7
1562 388 2
546 165 7
631 686 1
1133 1325 5
639 739 2
530 699 2
739 23 2
124 335 5
399 759 2
318 1639 80
35 891 7
502 1338 2
42 1389 7
535 241 85
805 1118 5
1547 147 8
388 879 2
1394 1309 27
1461 357 30
380 1555 2
1404 824 23
271 1515 2
841 1054 7
452 1482 7
594 884 2
735 1062 8
1144 1213 6
930 207 38
543 1082 30
163 139 3
504 533 2
492 823 2
64 606 30
1271 24 2
932 1062 7
690 1608 2
1114 1517 1
527 1170 66
160 192 30
575 369 2
914 27 53
266 453 34
923 95 2
1364 210 2
923 486 8
1493 26 2
929 1581 8
702 972 74
1364 898 2
301 478 77
279 396 50
914 423 2
1247 858 12
737 720 15
578 88 3
323 273 7
507 1314 5
434 1138 6
578 42 8
1565 88 2
707 1070 5
323 565 7
1351 848 7
627 1184 52
540 239 2
897 716 8
548 305 2
1128 390 8
1221 1076 2
350 1224 30
322 60 2
533 1141 2
1152 1314 5
736 1062 7
1127 42 8
638 1199 7
308 68 2
325 139 3
84 1342 2
1333 47 8
35 1128 1
620 763 2
30 1141 2
66 172 2
273 880 1
298 1062 8
1445 883 33
86 47 8
1058 1424 2
834 320 6
1424 1482 7
45 498 2
1172 1342 7
1163 1424 2
717 1102 37
961 558 1
739 233 27
928 976 7
1139 1567 1
434 65 8
483 1118 1
143 1161 7
1207 462 8
271 540 2
474 1154 1
236 904 74
139 1405 2
284 476 2
494 958 3
586 981 2
629 999 19
93 1498 57
162 891 8
599 958 3
478 433 7
381 936 8
813 124 1
704 521 2
713 1173 2
380 804 2
675 1073 2
543 761 15
21 1198 2
457 993 2
1139 125 2
1468 908 7
1141 1230 2
42 309 50
1327 958 5
917 505 2
112 914 2
51 315 30
1166 278 39
958 1558 5
917 459 7
1035 796 8
220 210 2
1039 80 8
570 1396 8
1355 1562 2
1374 167 2
51 607 30
155 998 29
1137 1581 8
633 846 6
1128 1482 8
322 377 6
220 502 2
1136 702 8
334 466 2
1567 474 2
596 1392 30
205 1000 7
45 1047 30
1474 535 2
325 898 2
325 502 2
107 917 8
812 823 14
547 158 2
1304 88 5
995 54 8
1562 401 2
1215 959 7
1215 563 7
421 380 2
1409 88 5
1392 0 0
1128 1310 8
338 539 30
988 565 2
744 158 1
284 735 52
1144 724 35
995 1239 33
847 1389 7
551 26 2
1173 3 10
534 446 2
620 1391 2
1394 1030 27
284 1230 7
938 284 16
756 97 8
1221 325 2
642 75 3
12 168 20
458 1325 5
922 97 15
1221 716 8
1054 409 2
847 1217 7
45 1418 2
31 796 7
388 824 2
1156 139 5
1383 1088 7
772 452 77
322 412 5
1224 830 30
1265 908 6
1087 116 8
191 915 30
873 928 45
1307 1062 8
265 495 8
977 147 8
1359 1226 12
479 57 6
1224 1518 30
26 350 2
988 1235 41
1393 21 7
701 488 2
928 563 2
279 117 50
546 295 1
478 83 8
124 1310 7
915 424 2
852 631 15
790 1187 7
1079 380 30
688 380 2
547 854 2
1252 1156 8
704 11 64
453 666 2
183 958 5
847 1361 0
917 1420 8
424 93 1
1003 821 2
1140 118 2
1102 1430 57
939 167 8
452 21 8
1137 502 8
695 139 3
744 1250 1
661 1199 7
1145 172 8
202 806 2
187 191 16
1355 1371 33
1213 284 6
928 941 41
671 277 8
995 641 7
594 881 5
642 438 2
545 504 2
178 903 6
279 150 27
1019 341 3
664 1184 2
32 1070 5
627 936 7
57 1153 6
1144 1352 35
796 291 8
65 1260 7
502 255 42
338 1459 30
759 836 2
1128 627 8
427 495 8
540 116 2
416 620 2
855 26 2
627 868 7
880 518 2
731 880 7
504 882 2
172 937 8
852 212 2
601 1166 7
1459 64 30
883 1518 30
839 1360 2
176 437 2
49 1371 33
939 265 6
486 558 2
717 178 2
988 1518 30
1552 936 8
360 488 2
139 662 2
879 160 14
370 1128 2
858 433 3
1400 435 7
1264 833 7
465 838 7
1287 401 2
453 920 58
599 466 2
33 269 2
702 1418 7
1024 189 27
163 1062 8
337 865 6
162 80 8
558 236 12
42 916 8
1036 1198 2
575 1338 2
36 307 2
838 147 8
320 1127 6
29 958 3
419 1415 37
22 998 29
1135 93 1
1145 1322 13
917 54 2
903 166 2
1466 1684 1
548 654 2
593 40 8
1330 1424 1
218 1184 2
115 1468 24
990 273 57
205 653 7
440 840 2
515 0 0
1127 292 2
254 113 75
208 3 7
995 960 33
1232 292 2
658 1207 8
168 891 6
823 54 8
880 922 2
1439 883 2
598 893 30
1215 216 7
273 891 6
66 917 2
1176 631 15
1198 1417 27
135 1070 5
1215 508 7
1562 942 33
847 646 7
347 176 45
187 203 2
277 858 12
1360 484 9
720 183 1
58 1525 2
66 1141 2
544 781 30
1298 90 7
595 823 16
1075 86 7
958 430 7
834 934 7
745 1112 2
499 1581 8
756 42 8
1393 681 27
45 675 2
602 990 37
1303 702 7
828 208 2
712 440 7
276 1491 7
442 1070 5
1173 254 12
626 958 3
290 244 8
162 742 23
1472 742 57
1570 1325 5
928 216 2
810 1342 7
618 90 8
1265 97 6
145 975 2
737 1371 30
205 144 77
590 1125 8
928 508 2
1326 855 5
857 1152 26
829 1207 8
255 1236 8
432 720 15
506 1221 20
761 605 1
823 21 7
1024 148 2
583 28 8
790 1132 7
1454 1139 2
746 1062 5
45 1292 30
1371 861 29
349 599 2
438 759 2
661 898 2
453 611 2
813 88 3
389 97 15
1019 1578 7
1162 139 3
1228 1595 1
1506 1397 0
323 163 7
85 307 7
84 320 2
1215 844 7
61 1184 1
1040 18 8
199 1396 8
1445 1264 2
766 1581 8
921 1047 30
995 627 8
20 139 3
530 993 2
519 1324 7
988 1138 2
1314 118 2
249 293 0
867 1342 7
620 1568 2
406 37 7
1402 1 6
958 1058 7
273 915 2
958 1454 7
546 830 30
178 1550 8
1562 191 33
285 958 3
1240 1014 66
294 958 3
852 553 2
131 124 67
1013 658 0
527 52 8
847 228 8
1458 1525 30
1407 982 7
192 163 8
270 1393 2
1055 1612 7
834 958 3
713 771 2
1258 210 2
338 1437 7
1496 166 38
64 1124 30
360 365 2
143 1420 8
674 883 33
923 321 2
1258 898 2
361 1396 8
1224 1509 1
823 1482 8
337 83 27
337 479 27
1145 917 8
1252 1338 2
546 1160 1
1052 424 8
550 1173 2
558 789 2
916 88 3
1022 390 8
1266 891 8
1451 642 2
614 1199 5
1090 994 37
1023 908 8
547 48 2
897 838 8
1216 936 7
346 97 8
27 939 15
228 139 3
821 1430 5
613 1184 6
1209 1546 7
535 1455 85
359 1187 0
988 455 2
976 349 2
1438 1321 8
53 858 2
850 279 2
1179 1062 7
996 958 3
1119 1236 8
1264 412 5
192 468 2
406 957 7
1230 553 55
913 284 30
761 114 8
279 54 2
292 148 2
960 558 1
183 504 2
494 419 2
768 139 3
754 1062 3
488 667 27
1198 693 2
292 836 2
584 596 16
1252 272 20
1024 101 26
292 1227 8
944 1483 2
192 861 30
1081 1198 54
127 1525 2
858 272 8
384 908 48
145 988 2
85 1325 5
1517 764 2
148 0 7
1436 80 8
531 915 30
1152 805 2
1230 934 15
575 1223 2
380 1030 2
1214 1118 5
917 357 7
1173 160 33
114 210 2
1039 1062 8
558 1101 12
672 739 27
569 1396 8
1152 737 2
508 97 8
671 1213 7
594 646 8
912 307 2
696 1296 8
582 936 8
316 57 6
56 307 30
1240 270 1
905 917 2
51 437 30
702 216 7
207 751 1
217 586 2
766 824 6
653 1173 2
189 846 6
80 1243 7
208 622 2
143 273 8
869 908 6
1225 205 48
1224 36 16
1454 620 2
1517 753 57
1554 124 1
420 1 6
377 1184 6
1061 1187 0
1227 936 8
823 627 8
1106 1087 2
876 1396 8
756 292 2
891 852 8
1360 270 3
650 97 8
1506 156 15
191 1207 8
1209 863 7
1207 1384 8
1526 1482 7
1322 916 8
854 879 2
756 620 2
829 1187 7
208 1239 30
494 1112 23
401 1062 7
292 1418 7
183 1419 8
535 704 85
176 35 2
834 739 27
999 753 77
629 139 3
1047 1141 2
852 97 8
1152 1491 7
711 1453 2
1240 99 66
1054 859 2
475 172 2
917 1381 7
495 47 8
928 393 2
1547 88 3
148 251 33
1391 1515 2
784 612 77
205 321 77
88 1496 5
220 1424 2
915 650 2
1357 1351 2
1028 365 2
904 446 84
836 880 30
457 140 2
42 1455 50
434 1377 6
707 97 8
716 97 8
502 489 15
1351 1246 37
1481 383 2
340 24 7
570 147 8
139 877 30
234 32 8
1375 147 7
440 438 2
761 1110 1
999 511 7
952 761 15
210 648 2
147 600 41
569 249 8
416 914 2
880 83 1
1190 950 16
419 264 2
1087 1111 2
346 88 3
1198 619 27
11 776 5
677 694 39
419 614 7
1326 63 7
55 1184 2
346 42 8
769 1252 2
796 855 3
1314 1087 2
489 958 5
1019 813 8
641 212 2
847 140 7
176 731 2
796 961 25
359 1132 0
176 1127 2
726 845 1
1075 1333 2
176 685 7
650 307 33
1281 824 6
285 1198 2
761 59 8
1333 114 8
637 466 75
108 934 5
1515 569 2
1135 904 9
147 976 7
939 95 6
1244 939 15
42 877 7
1054 1555 2
1037 1525 2
45 565 2
176 955 2
162 275 2
1400 265 7
1443 453 34
139 1617 3
940 654 7
1119 823 30
266 883 33
162 1062 8
373 1054 7
720 833 8
720 437 8
1152 458 2
337 1120 27
762 1325 5
478 937 8
40 172 8
1177 495 8
218 1536 7
28 462 8
867 1325 5
205 1637 77
213 284 6
598 789 8
598 393 8
907 1639 2
1266 1199 7
1166 157 39
999 294 77
586 980 2
508 88 3
1073 485 30
792 908 7
238 759 2
327 904 58
45 890 30
508 42 8
1359 201 12
350 90 8
1495 88 2
192 506 6
722 1341 30
1140 1264 2
125 958 3
859 1152 26
1019 1217 8
1471 590 59
463 453 2
582 883 30
1144 881 3
1181 1507 5
1296 293 0
192 438 6
590 611 35
1371 287 29
200 883 2
1562 572 2
1221 272 2
86 1310 8
921 541 30
199 535 2
526 551 2
590 384 5
1117 97 8
867 590 2
847 1502 2
338 606 30
534 617 2
1546 502 8
1497 521 5
159 846 6
712 734 7
824 83 6
309 553 44
1359 683 0
1087 63 8
474 1246 5
284 568 6
721 380 27
1160 0 0
1209 52 7
618 51 7
1087 355 8
829 1132 7
42 1505 7
1303 928 7
441 1070 5
466 1153 6
383 279 2
590 982 7
1394 1029 27
852 88 3
999 698 77
770 88 5
259 1187 7
0 1225 0
0 1266 1
1184 122 2
739 462 8
594 1391 8
372 1199 7
708 1652 2
1467 1090 1
702 565 7
590 1310 7
720 1468 24
59 139 3
980 823 30
1228 1597 1
939 114 8
381 1341 30
223 823 2
1383 1128 8
457 189 2
102 1073 2
568 320 6
792 1536 7
422 1112 57
321 1184 52
45 1518 30
702 497 7
550 771 2
1266 139 3
1393 68 24
80 213 7
1058 1152 26
761 1055 1
563 702 8
333 958 3
744 1025 1
1371 39 8
429 917 2
417 1166 1
498 1070 5
88 1375 27
276 1315 5
323 681 7
323 285 7
147 941 41
1210 1438 7
741 1566 7
1474 998 29
124 39 8
1190 1291 16
642 609 2
437 1374 8
88 76 7
1570 1207 8
1080 891 6
880 757 2
80 437 7
647 1221 2
932 88 5
371 99 0
398 535 2
147 477 41
205 65 8
145 1236 1
741 1102 7
1461 877 30
1553 322 2
98 928 45
267 1207 7
84 1062 2
83 26 2
406 159 7
406 555 7
1084 858 12
279 545 27
860 908 8
1303 1556 7
1333 59 8
960 547 7
86 163 8
1515 514 2
1536 1384 7
1438 59 8
501 1315 7
483 546 1
176 608 2
45 218 2
205 670 77
1456 781 30
1177 322 27
503 759 2
53 284 2
111 958 6
406 820 8
642 830 30
36 546 2
1173 77 2
1098 1296 0
586 701 2
1351 866 36
1287 572 2
697 1607 2
475 1141 2
928 1362 2
594 312 8
45 442 2
261 824 23
192 287 30
598 384 3
457 817 2
1566 1057 57
1188 823 30
452 789 2
1259 908 7
914 479 2
344 1128 8
1469 908 7
1019 433 7
990 444 57
1362 1198 54
1128 1161 7
1221 1550 7
670 697 2
1232 697 48
999 1125 8
213 57 6
439 244 7
406 959 7
1087 1392 2
168 1062 6
1232 593 48
714 284 14
625 1166 1
221 898 2
307 1447 2
1215 387 7
419 837 2
185 365 27
1304 682 7
880 989 2
1158 412 5
598 960 30
1530 770 2
1314 1264 2
1102 645 2
988 285 2
641 51 7
297 1054 2
1124 936 8
1209 65 7
543 917 8
592 1236 6
721 33 27
1327 42 8
124 104 5
535 433 3
409 322 2
178 743 3
1304 510 7
1394 1042 27
871 502 8
1177 453 2
355 57 6
1481 658 0
172 75 3
45 1242 2
1458 380 30
603 221 2
498 1062 8
1193 1139 50
598 1097 7
1400 442 7
1270 994 1
419 109 66
999 247 77
1084 90 8
720 619 2
139 150 2
259 1132 7
270 540 2
775 353 5
0 1170 0
29 1342 7
363 434 2
1152 1381 7
796 792 6
941 1128 8
290 1523 5
59 958 5
1359 1262 2
122 502 2
265 147 8
849 1224 30
434 183 6
590 960 35
994 1112 57
1201 1236 5
702 442 7
702 46 7
674 742 23
1024 611 2
349 374 2
596 1448 30
809 1500 30
575 65 8
1360 231 2
1087 994 37
27 1139 30
1332 1090 1
1429 384 5
1199 855 5
551 546 2
80 158 7
910 147 8
546 676 2
1474 883 2
632 1184 1
649 1255 2
1397 1132 0
923 83 8
1016 771 75
1215 619 7
1252 808 8
1296 1554 0
1525 1078 2
1562 1541 2
429 502 2
1139 1194 30
190 1207 8
1132 433 3
178 623 6
883 1403 14
88 21 7
1328 527 7
1326 390 8
1209 297 7
1443 397 2
1383 338 5
1468 958 5
720 982 1
731 308 7
117 596 30
836 1141 2
307 341 3
1385 1356 22
1341 39 8
1310 891 7
399 1052 2
628 139 3
183 42 8
1240 881 5
369 172 2
500 958 2
277 558 2
139 778 2
440 853 10
1514 124 1
789 0 0
823 1330 2
122 1198 2
273 914 2
256 488 2
685 338 5
1284 771 2
1510 917 2
64 607 30
350 205 16
631 32 8
1039 1525 2
261 1199 8
32 451 2
997 1325 5
596 1227 8
1496 337 38
279 861 50
90 1057 57
349 732 7
932 1396 8
380 177 2
205 839 77
923 96 2
1541 440 35
1025 1236 8
1474 1287 2
1299 24 2
575 1058 2
276 848 8
1359 579 2
907 1529 2
702 973 74
453 722 2
878 1393 2
494 1325 5
1304 1236 5
1026 210 2
1140 466 2
429 1198 2
303 1128 2
923 711 8
208 119 7
392 934 15
1209 1389 7
247 936 8
307 1100 2
307 704 2
1236 47 8
1224 296 7
790 139 3
210 1161 8
1221 1077 2
279 894 27
1308 284 6
662 958 2
86 116 8
880 1330 2
507 315 1
995 216 33
589 1102 5
864 833 8
443 397 75
53 879 58
869 1054 2
620 368 2
1446 771 2
731 936 7
117 1224 30
864 1125 8
285 1424 2
294 1342 7
515 1506 2
1184 1495 2
829 1 6
1305 1199 7
90 421 9
739 1340 2
494 590 2
1215 160 7
1080 172 2
504 1230 2
702 1064 5
599 590 2
292 611 2
652 88 3
1287 537 12
636 495 8
1184 681 27
1394 1337 2
45 395 2
939 613 6
290 32 8
1076 86 7
1400 491 7
713 858 12
1394 231 27
93 1499 57
707 1024 2
1359 109 0
720 663 8
24 1409 2
586 878 2
337 513 26
124 355 7
1541 139 3
1055 308 7
702 163 7
34 50 2
914 1120 2
337 1242 27
487 1419 8
1094 781 30
489 1236 8
240 451 2
988 813 15
1139 126 2
157 796 8
648 1152 26
483 172 8
80 1482 7
143 116 8
349 983 33
1378 208 2
898 223 26
1252 138 2
104 1141 2
982 275 67
917 798 2
192 336 6
1152 1200 2
1371 977 29
1495 210 2
208 59 7
932 249 8
80 1414 7
322 757 2
205 1001 7
704 1139 30
1242 172 2
1482 147 8
486 958 5
447 771 2
334 824 23
1121 26 2
530 25 2
190 365 2
980 891 8
997 880 7
1225 308 48
183 1371 2
410 1446 2
530 713 2
1209 346 7
555 908 8
187 947 2
1209 638 7
514 1359 2
1198 804 2
49 771 2
603 1258 2
1453 685 8
76 1062 3
166 1169 2
721 898 27
1405 739 27
1403 1 6
601 143 7
499 823 33
1264 392 36
1200 139 3
833 934 7
1283 1351 2
1510 739 27
261 821 2
933 614 7
176 102 2
1287 1126 33
999 1216 77
1337 115 15
823 937 7
671 926 15
1361 0 0
1055 936 7
720 1583 8
85 279 41
1252 834 2
81 97 15
205 96 77
730 958 3
495 114 8
641 1118 5
266 742 23
359 908 8
1037 891 8
346 1322 13
1102 1499 57
240 1371 2
360 80 8
534 441 0
586 127 2
988 1460 41
546 938 6
852 598 30
51 840 30
1252 662 2
350 1236 8
540 854 27
934 244 8
1102 1431 57
676 1359 2
908 1457 8
226 488 2
424 823 2
823 1204 30
1351 444 2
672 823 7
1082 216 30
323 907 7
1399 338 5
440 505 2
1315 1461 52
898 911 2
1207 1418 7
1201 908 7
1201 809 1
530 945 2
1046 224 5
189 307 7
1209 974 7
1019 296 8
372 1419 5
939 1220 15
303 1396 8
1019 588 8
159 97 6
573 720 15
1399 603 6
872 453 2
176 1298 2
77 97 8
1090 91 7
21 1152 26
176 1194 2
399 1333 2
915 974 30
1045 671 16
353 293 0
958 1406 7
507 916 59
115 111 15
834 307 7
1455 781 30
961 207 7
292 259 8
958 638 27
292 556 2
747 1351 2
154 380 2
628 1062 8
369 1141 2
259 1 6
33 1026 2
928 1214 7
1383 406 7
1400 40 7
1119 598 30
568 846 6
1356 432 15
510 167 8
127 1199 7
914 773 2
384 97 8
917 519 2
178 1335 5
192 513 30
249 63 8
575 902 1
415 51 5
22 24 2
1008 1342 7
825 1296 8
915 1345 2
988 36 30
816 936 8
563 1525 2
694 1398 39
1428 1566 5
221 504 2
360 1396 8
702 40 7
605 147 8
626 1325 5
338 114 7
594 1578 5
917 347 2
1152 848 8
665 603 2
78 1152 26
438 86 7
1428 1102 5
796 1384 8
739 272 31
527 836 1
205 550 7
208 296 7
1315 90 52
207 48 2
823 50 14
316 1 6
187 564 2
1047 823 31
292 960 2
871 796 8
147 1126 16
1438 1377 8
1144 670 35
303 322 2
528 284 33
907 1070 5
761 462 8
1314 671 33
272 1070 7
1443 883 33
1394 872 27
531 998 29
261 474 2
303 249 8
439 1029 30
724 547 7
45 1364 2
33 1258 2
1282 534 1
1054 647 2
928 181 2
255 914 2
1322 167 14
797 1325 5
999 1161 77
1180 936 59
487 97 8
1054 183 2
205 184 5
558 1541 2
948 249 8
189 1325 5
64 893 30
1146 147 7
478 75 3
472 1342 7
143 793 8
784 332 77
903 759 2
1463 766 7
294 1325 5
1140 1112 23
495 59 8
823 22 7
454 510 2
1253 1351 2
468 1581 8
522 338 5
457 256 2
192 1305 6
221 1424 2
218 210 2
470 642 2
81 1070 2
1483 1073 2
429 796 2
218 502 2
191 940 2
1228 1596 1
438 1052 2
664 1198 2
284 1377 52
553 584 2
314 88 2
988 1161 7
80 676 7
442 1024 2
457 183 8
930 1024 40
1082 255 42
1451 307 2
880 240 2
419 83 8
535 1314 2
226 365 2
330 80 8
17 1176 15
1209 919 7
1407 1237 36
1100 821 2
1438 298 8
500 1252 2
406 330 7
852 914 2
1132 149 8
620 258 2
1436 1525 2
880 464 2
411 988 2
403 917 8
823 412 5
915 919 30
519 284 2
172 487 8
1515 289 2
739 1230 2
269 322 2
154 33 2
176 779 2
944 460 2
307 919 30
1520 1396 8
360 434 2
127 898 2
1506 617 2
796 1284 21
938 34 53
915 1025 1
138 534 1
996 1325 5
348 620 2
311 1341 30
543 720 15
1344 1280 57
1052 498 2
127 1581 8
181 338 5
307 646 5
838 139 3
450 1562 2
944 684 2
279 983 50
218 1198 2
561 208 2
534 1014 0
457 884 2
923 568 7
1344 1504 57
333 1342 7
349 873 33
453 844 2
878 1515 2
338 59 7
934 817 8
1271 453 34
438 1342 7
1045 1252 40
570 891 8
206 1024 2
205 599 7
67 441 0
1209 1615 7
80 1304 7
208 287 2
23 192 30
451 463 2
792 898 2
189 279 33
232 694 39
417 504 27
192 158 6
211 28 8
1047 761 15
1287 445 0
1333 197 7
823 432 15
702 1066 5
183 1198 54
1215 454 7
66 759 2
289 898 2
292 905 2
988 60 2
1295 1152 26
879 416 2
629 908 7
1508 779 5
1407 991 37
157 434 1
111 671 14
1445 118 2
603 1044 53
1090 1002 2
527 1437 8
1179 1396 8
717 1112 2
502 882 2
1525 53 2
619 988 2
847 816 7
42 1225 7
1550 936 8
45 1309 2
1275 1287 7
939 735 6
1262 879 2
1540 139 3
1061 1090 2
380 1391 2
999 853 5
1158 1550 8
485 936 8
1242 739 27
487 42 8
138 1507 12
702 681 7
1544 881 5
702 285 7
1054 128 2
1495 504 2
361 323 2
913 1052 2
1229 908 6
1190 961 35
1131 1424 2
1371 1097 7
595 80 8
1359 1329 2
790 682 7
1296 1105 0
124 1097 7
565 1199 8
172 776 5
42 724 50
51 730 30
1040 32 8
596 301 14
653 1070 2
322 937 7
1125 292 2
454 90 8
712 88 5
681 1173 2
885 673 38
463 796 8
82 1236 8
531 1287 2
623 995 1
308 1283 2
1499 1173 10
1436 908 7
83 210 2
902 80 8
1100 474 2
437 734 8
769 958 3
1476 53 30
399 535 2
502 1510 2
115 472 1
158 846 6
35 172 1
734 167 2
1204 80 7
525 879 9
504 773 2
510 1395 7
1303 880 7
298 502 8
403 502 8
1287 360 2
1377 88 5
421 1224 30
527 1014 66
1058 504 2
1538 147 8
240 1269 2
1526 437 8
1058 796 2
1457 781 30
808 1342 7
1152 1388 7
1256 586 83
35 502 23
118 833 7
42 119 8
20 178 7
720 102 8
980 1070 5
1367 488 2
321 1325 5
939 462 8
1429 855 5
1028 1054 2
1024 722 2
1056 410 8
546 1106 1
323 805 7
1156 90 8
127 1062 8
238 86 7
438 995 7
648 603 6
667 1062 59
1261 90 8
756 656 1
911 1141 2
282 97 15
438 1333 2
931 958 3
28 59 8
1345 1470 2
541 759 2
80 957 7
80 561 7
1036 917 2
323 737 7
575 1156 8
652 1228 1
440 335 2
1371 387 8
1391 28 8
1001 113 2
156 1118 1
300 739 27
325 0 7
197 1396 8
1443 1264 2
1106 113 2
124 387 8
530 1567 2
929 1132 0
1215 107 7
1536 1701 52
877 1359 2
88 424 7
880 808 8
205 855 3
172 1133 2
46 603 6
398 883 2
951 1151 21
1525 667 27
1544 728 7
1054 412 5
671 1194 30
1110 80 8
1156 1062 5
1142 382 5
750 936 8
847 433 7
176 1420 2
374 1359 2
620 831 2
1394 74 27
684 507 0
721 45 27
796 293 0
55 139 3
1284 858 12
33 856 2
642 1282 30
1303 593 7
381 1072 8
1461 568 15
154 898 2
590 355 7
1085 612 13
643 249 8
380 648 2
33 1148 2
544 208 30
1500 284 2
259 898 2
444 97 15
1262 824 2
988 726 30
337 1121 27
631 435 8
988 383 41
720 730 8
719 90 8
263 474 2
865 139 3
1359 666 12
575 1169 2
570 1199 7
381 999 14
928 102 8
418 781 30
913 1393 2
637 225 5
674 397 2
238 1052 2
1483 671 2
1128 1555 2
527 287 5
1228 798 1
882 178 1
988 805 2
67 1014 0
172 1491 7
761 428 1
208 959 8
199 208 2
1328 419 7
546 58 7
323 54 7
631 183 1
419 1243 7
958 293 0
199 891 8
1371 976 29
880 1395 7
344 97 8
1525 798 2
880 1337 2
1341 1097 7
507 1114 1
1415 242 57
338 607 30
1100 419 2
974 349 2
1549 411 2
988 1420 8
847 1457 7
1397 1612 7
858 484 74
534 910 2
603 1033 2
333 1325 5
1549 1398 39
627 308 7
507 63 59
384 1374 7
305 694 39
1160 771 2
739 36 2
419 197 8
507 355 59
58 1324 39
139 206 2
30 166 2
1112 1176 15
252 1525 27
147 272 2
1196 958 3
909 824 6
1079 620 30
34 849 2
1301 958 3
596 259 8
940 264 7
1481 59 7
1039 1199 7
1037 1062 8
93 523 57
1082 489 15
1045 1128 8
915 492 2
210 662 2
1247 1359 2
1561 1102 37
81 1296 2
106 546 2
285 1152 26
1328 1566 37
1367 365 2
1421 1062 5
447 858 12
774 1393 2
1258 28 8
390 1325 5
205 1404 7
664 1424 2
555 988 2
265 603 52
919 908 19
618 338 5
910 891 8
314 210 2
723 338 5
1322 433 7
24 1514 0
1298 139 5
897 437 8
170 1342 7
1210 939 7
272 1118 5
1014 147 8
1132 47 8
1215 1259 7
278 697 1
1403 139 5
1035 1325 5
880 362 2
350 1341 30
205 462 8
318 57 80
873 80 7
1080 1184 6
189 1207 8
43 1374 7
1508 377 5
1476 730 30
635 1070 7
1100 1112 23
406 556 7
686 495 5
922 535 30
528 474 2
192 359 2
502 480 2
880 685 8
1341 387 8
1281 1062 6
467 382 5
1405 1333 2
847 18 7
45 219 2
428 453 35
295 998 29
1510 1333 2
1082 758 2
1287 1329 2
1527 908 8
1343 205 5
317 1184 5
880 361 45
503 1052 2
701 1252 2
1400 211 7
915 1251 1
232 1609 47
1101 705 5
594 318 2
858 163 8
1041 1393 2
590 278 2
934 324 2
582 504 2
701 1184 2
1250 1351 2
263 419 2
69 1070 5
558 1084 2
218 1424 2
320 903 6
1355 1351 2
192 976 30
440 684 2
923 835 8
1176 147 8
1197 1325 5
277 338 5
569 891 8
445 1296 2
337 894 27
900 488 2
702 107 7
593 108 8
1359 888 23
673 147 8
1102 523 57
689 90 8
279 513 26
546 341 2
997 308 7
464 958 3
1315 553 52
144 1102 5
279 1242 27
1215 680 7
1087 1243 7
178 433 7
499 1046 12
876 891 8
1200 1296 8
979 322 2
176 1305 2
292 1423 2
308 417 2
1429 355 7
999 39 8
1459 1224 30
434 873 14
603 978 2
1400 907 7
284 893 2
1394 647 27
1424 228 7
32 824 6
958 894 7
1287 1561 2
606 521 2
999 644 77
999 248 77
388 936 8
1461 23 30
552 0 0
162 1199 7
796 1153 6
242 960 79
1030 898 2
1224 1239 30
42 726 50
479 553 2
355 1453 2
917 922 2
1264 264 2
1039 502 2
702 907 7
167 249 8
1564 1112 57
900 1184 2
64 960 30
1039 1581 8
435 1342 7
1001 1090 2
1481 938 33
840 205 14
790 908 7
1463 833 7
1454 915 2
442 575 2
783 1406 2
1338 739 27
1191 1285 5
322 1523 7
558 893 33
279 830 30
1493 88 2
952 720 15
139 476 30
519 1173 1
1561 178 2
1199 856 5
952 1608 46
997 1296 7
172 1004 27
1093 603 6
323 627 7
199 1073 2
1443 466 2
1295 338 5
141 452 9
906 796 8
642 555 2
350 598 30
1087 1002 2
530 1061 2
936 1578 5
1097 908 7
679 1118 5
12 981 20
172 335 2
150 1152 26
371 441 0
655 936 8
869 823 2
403 796 8
1124 1070 5
844 1073 2
281 307 2
1337 495 8
47 936 8
514 596 33
406 834 8
119 1255 41
1187 568 7
1515 856 2
739 609 2
160 453 2
883 1239 30
934 4 1
891 412 5
475 759 2
1461 1047 30
371 1097 7
936 136 6
530 611 34
33 350 2
361 1199 7
586 647 2
1393 766 7
325 1236 6
0 133 1
546 1518 30
1488 464 2
1396 116 7
125 292 2
142 322 2
978 823 30
641 1070 5
1383 0 2
606 11 64
126 1062 8
652 1184 6
1300 1557 5
418 671 30
1166 48 39
1468 178 7
586 475 2
24 610 2
322 111 6
841 1118 5
323 1323 7
817 90 8
576 28 2
1128 757 2
53 451 30
1333 1375 27
1220 284 6
610 845 5
88 1114 7
205 374 7
548 667 2
218 1296 8
460 598 2
1069 1024 30
553 987 2
914 765 19
208 458 2
88 1406 7
322 813 8
540 533 2
1004 80 8
295 1287 2
877 1585 2
406 1197 7
809 750 30
1322 1298 7
595 380 40
1215 229 7
192 1000 2
1209 1614 7
850 451 2
463 553 71
322 986 70
406 1129 7
77 742 2
507 1395 7
279 622 2
734 1021 2
620 661 2
1085 510 13
284 942 2
1394 300 27
527 1212 8
1296 1574 2
702 1065 5
1124 546 35
722 1166 1
272 1128 2
1404 474 2
45 792 2
833 307 7
166 834 2
384 868 7
278 620 2
1166 1418 7
603 855 2
1144 136 6
1184 112 8
1526 1583 8
1058 42 8
569 1199 7
914 1121 2
569 1141 2
1141 1196 2
256 139 3
20 928 7
28 1377 8
1009 990 37
891 436 1
925 933 2
371 387 8
1056 868 8
349 388 2
128 958 2
908 420 6
322 1176 7
913 1515 2
558 942 33
915 49 1
775 904 74
451 1330 2
1022 1550 8
907 451 2
365 65 8
338 462 7
823 471 8
1138 958 3
220 504 2
88 1346 7
1025 90 8
917 1482 8
555 586 2
876 1199 7
1022 1482 8
82 620 2
1019 75 3
1506 1514 0
1190 98 16
1207 791 7
308 1454 2
101 147 8
247 1070 5
647 86 7
190 1054 2
397 817 1
1570 702 8
1221 390 8
1340 958 3
278 1024 2
178 1298 7
1564 93 2
1106 824 23
883 960 30
1183 249 7
850 1371 2
43 868 7
1438 18 8
864 47 8
1546 917 8
806 307 30
1525 852 2
503 322 2
1084 1128 8
1184 808 8
546 1239 30
192 244 8
719 908 8
33 399 2
1463 412 5
488 798 2
507 685 8
151 434 2
1461 1045 41
34 1589 38
259 45 2
1527 88 3
272 80 8
1271 823 33
823 1230 7
1024 961 2
170 1139 30
1264 837 2
1527 42 8
1448 988 30
982 1419 5
1053 147 8
1146 891 7
596 772 14
77 338 5
917 681 27
28 298 8
563 898 2
586 128 2
434 1153 6
913 540 2
901 434 2
1052 150 2
1359 129 2
1315 1530 52
89 742 2
307 1114 2
958 773 5
914 662 2
438 1062 7
80 732 7
722 781 30
759 568 7
432 453 1
1137 796 8
88 663 7
1003 1407 2
869 1 6
434 1418 7
853 705 5
392 880 15
881 440 7
634 1062 2
419 436 2
1333 21 7
406 454 7
417 620 27
25 440 35
307 942 2
1568 365 2
192 653 2
647 1052 2
295 452 12
1215 174 7
208 376 3
769 1419 8
371 1014 0
847 650 2
1321 936 8
51 1567 1
1438 646 8
1316 80 7
1110 147 8
620 606 2
168 1556 2
1394 641 27
1184 1395 7
83 936 8
1351 724 35
267 958 27
1249 1419 5
1376 590 1
0 441 0
1 1315 6
1515 1033 2
181 42 8
1404 419 2
45 341 2
31 453 2
1287 775 12
603 112 2
1380 603 2
1400 437 7
1394 177 27
71 453 34
252 380 27
1306 114 7
380 423 2
1506 1361 2
1110 1187 5
162 739 2
1112 719 15
720 213 8
1173 992 2
594 102 7
1436 139 3
1052 1242 2
1488 1037 2
686 8 7
1033 739 27
1188 642 50
1479 1073 2
1505 1062 8
667 908 7
112 883 7
273 172 8
147 102 8
1138 739 27
880 794 41
502 531 30
278 883 14
1391 504 2
322 293 0
381 781 30
787 1052 7
540 882 2
42 152 50
1359 1445 2
923 1307 13
1544 533 5
176 1401 41
42 840 50
774 540 2
234 728 8
269 1118 5
1287 81 10
1334 1335 2
463 958 3
1407 241 35
1302 1325 5
308 315 2
1237 1396 8
824 813 15
199 671 2
1093 97 6
1447 596 33
1480 453 34
487 338 5
552 1207 8
199 1062 8
22 642 30
631 646 1
819 1070 5
502 1006 2
766 1544 2
657 1207 8
1415 17 57
279 1364 27
1223 914 2
202 1008 39
874 881 3
1100 590 2
451 1204 30
1214 495 8
524 45 2
624 1287 1
1337 139 3
1445 466 2
1536 37 52
1071 746 2
622 205 2
424 0 8
502 1230 2
208 960 30
406 36 8
720 1305 8
1075 322 2
147 511 2
933 1475 37
355 139 5
656 1047 14
650 42 8
1054 648 2
1515 350 2
480 1073 2
928 578 2
266 1087 2
498 1581 8
836 172 2
1062 318 2
944 125 2
796 657 21
796 261 21
928 870 2
1184 685 8
1383 1322 13
276 119 8
1539 139 3
702 737 7
674 1264 2
278 823 14
702 633 7
1 856 6
876 1070 5
143 1086 8
939 182 8
1535 147 20
361 1062 8
761 1295 1
1259 97 8
208 1389 7
912 1052 2
337 145 27
1316 702 5
530 293 0
1264 714 2
1025 1419 8
897 1550 7
534 3 10
1351 808 7
1493 210 2
1310 88 5
238 540 2
665 1128 2
270 988 30
80 677 7
707 88 3
908 92 8
662 917 2
1506 573 15
1144 32 8
178 850 6
1317 1515 27
233 147 8
1084 702 12
647 1393 2
409 1141 2
902 824 8
938 823 16
1247 88 3
55 1296 8
739 1299 2
759 1075 2
1090 433 7
1177 958 27
172 848 8
620 259 2
499 113 2
600 846 6
1322 1161 8
1394 190 27
1401 1 6
791 958 5
155 1070 2
318 452 80
507 1154 59
1187 1127 8
928 1206 2
439 347 30
1421 97 8
590 517 2
671 1179 31
944 357 2
1151 1502 2
1054 1568 2
374 1407 2
1085 332 13
1394 122 27
208 1315 5
261 284 33
543 284 14
454 1166 1
1397 928 7
1110 1132 5
440 486 1
586 769 2
336 824 6
337 841 27
450 1184 6
1035 365 2
1258 504 2
210 1133 2
263 590 2
215 1453 2
27 1584 28
575 889 2
28 183 8
917 23 7
380 300 2
357 908 8
917 757 2
707 451 2
248 771 75
1481 1150 7
723 97 8
915 1250 1
337 773 27
502 476 30
1084 1070 5
527 75 5
425 1325 5
569 1062 8
1382 147 7
1144 728 8
552 933 2
187 1126 16
891 533 48
41 1252 14
657 933 2
1413 88 5
98 80 7
1128 937 7
329 434 2
507 610 1
80 1305 7
322 648 2
208 684 2
681 249 8
451 464 2
147 1345 41
759 1479 2
933 1578 5
13 90 8
368 915 30
1215 59 7
591 1187 0
809 476 30
409 166 2
876 1062 8
535 528 2
874 92 8
939 75 5
603 1045 53
636 1082 8
199 147 8
1416 671 2
255 928 2
1424 3 7
594 789 2
849 279 2
49 558 2
0 1014 0
178 770 2
1055 603 7
854 936 8
739 152 2
27 1604 38
603 1081 2
1283 858 12
128 1252 2
277 97 8
988 1458 20
1506 531 33
596 597 44
491 434 2
751 284 14
148 1419 8
147 383 8
42 226 3
702 974 7
114 504 2
502 1500 30
575 206 2
91 908 5
1259 88 3
1236 929 7
823 743 3
45 1239 30
1144 1315 7
1259 42 8
322 1298 7
770 1199 7
681 858 12
167 1506 0
219 796 2
1315 1024 52
27 915 30
1128 300 2
939 59 8
178 863 6
185 1525 27
85 988 2
1207 1017 7
1211 739 27
1124 97 8
1198 1391 2
1562 537 12
846 850 6
170 1062 7
921 890 30
357 451 30
1132 163 8
281 546 2
1128 128 2
1424 1491 7
642 622 2
756 586 2
1221 913 2
868 768 2
728 846 6
1561 527 7
931 1325 5
756 936 7
303 891 8
1438 244 8
343 1070 5
1476 450 30
98 212 44
500 1198 2
1176 590 1
514 702 12
420 898 2
218 1152 26
39 1054 7
1103 355 8
631 1583 8
855 210 2
671 784 14
1405 365 2
172 37 8
1515 235 2
880 743 3
1541 958 3
727 1070 2
1460 596 30
1396 355 7
1306 1315 7
1421 42 8
932 1199 7
553 53 35
380 21 2
45 231 2
876 1419 5
1001 1187 0
1292 1072 8
27 921 38
315 535 30
357 530 2
707 172 2
1162 908 8
1341 855 5
138 521 2
1145 891 7
1526 730 8
22 1581 8
255 172 8
338 1384 7
1024 1479 2
1393 833 7
903 1333 2
991 1112 57
575 834 2
1292 999 14
919 880 2
934 435 8
320 623 6
1481 1044 69
1030 26 2
368 535 2
598 59 8
1251 1351 2
723 42 8
1480 397 2
1391 97 8
789 1562 2
219 1424 2
790 0 7
763 1 6
45 160 30
783 102 2
417 914 27
1181 845 5
507 222 0
670 80 7
165 1609 47
898 1138 2
514 1070 5
1247 596 33
1148 249 8
541 1052 2
1253 249 8
70 453 2
999 1097 7
322 588 8
777 1342 7
545 1024 2
27 1270 5
191 1144 44
722 338 5
1014 495 8
328 80 8
279 1358 27
1184 233 27
267 1252 27
292 455 2
195 958 3
606 1287 1
1326 1086 8
1562 1126 33
874 37 8
176 1025 2
45 1031 2
1151 1373 0
1429 75 7
1461 1518 30
922 883 30
36 671 2
77 908 8
628 898 2
147 1316 2
1400 627 7
714 999 16
1394 763 27
212 606 35
387 97 7
1087 21 8
1303 594 7
1055 548 7
45 859 2
836 166 2
140 178 1
1265 57 6
277 88 3
179 936 8
252 898 27
252 502 27
271 1396 8
24 789 2
382 88 3
420 958 5
277 42 8
1250 1407 2
720 1127 8
1506 476 33
23 45 2
912 322 2
127 453 2
694 638 2
594 1349 8
1128 412 5
891 607 1
917 1330 2
24 366 33
1102 647 57
1360 20 2
104 917 2
1354 1351 2
435 1062 7
138 11 64
1382 720 7
322 1243 7
912 546 2
982 739 67
1196 1325 5
657 1506 2
244 90 8
334 284 33
51 676 30
247 97 8
207 1031 2
645 1359 1
992 742 2
593 852 8
1301 1325 5
373 1118 5
1352 178 2
1260 663 8
689 88 3
381 338 5
535 877 2
1131 1198 2
689 42 8
744 295 1
539 453 2
1078 1118 5
671 114 8
1562 1262 2
1081 1342 7
1436 796 2
66 1333 2
318 1429 80
797 80 8
328 1396 8
988 1030 2
292 1479 2
1212 147 8
1546 796 8
657 998 29
1443 118 2
1328 936 7
939 1377 6
890 999 14
1536 555 52
1394 1391 27
285 908 8
347 761 15
1169 1424 2
1055 1572 7
273 307 2
259 880 33
738 80 8
1538 139 3
1520 891 8
928 1096 2
723 1371 2
466 136 6
485 1515 2
1302 1207 8
1054 1161 8
348 178 1
524 596 30
115 246 1
1144 1227 6
147 565 2
1249 739 67
483 936 8
1052 92 8
192 1105 0
1262 434 2
42 65 8
510 3 8
1158 813 8
1493 504 2
337 335 27
1481 794 2
143 916 8
501 39 8
922 279 2
1138 1342 7
453 803 2
21 292 2
674 671 33
923 505 2
42 463 30
1213 88 5
228 1333 2
1471 86 2
1024 960 2
349 368 33
1335 1 6
737 1118 5
440 281 2
104 166 2
303 1199 7
1326 766 7
787 172 8
933 384 5
157 1325 5
541 1393 2
1436 1424 2
642 903 2
818 546 35
1333 129 8
530 1409 2
613 284 6
494 1371 33
647 1515 2
759 905 2
426 86 2
1438 817 8
872 958 3
790 958 5
867 988 8
620 381 2
1394 416 27
192 355 8
322 35 23
467 779 5
1304 176 7
1333 68 24
115 179 15
1187 957 8
464 1325 5
1549 1008 39
382 1325 7
1404 590 2
594 283 2
387 42 7
713 1359 2
290 149 8
1303 143 7
1055 97 7
137 80 7
704 999 2
1254 338 5
485 540 2
642 1124 30
938 365 2
1144 252 6
995 412 5
365 1169 2
534 925 10
161 265 8
941 502 8
1382 45 7
917 983 2
988 1314 5
1102 300 57
298 846 6
917 937 7
220 292 2
994 90 57
1022 937 7
1154 90 8
638 1207 5
540 1053 2
502 651 41
1166 688 39
766 320 6
880 1455 2
819 97 8
1114 821 2
88 1462 7
945 1118 5
1090 568 1
1236 355 7
988 647 2
442 172 2
200 1581 8
380 1131 20
699 453 34
1341 355 7
375 823 30
1215 285 7
823 1335 5
1548 1342 7
875 1062 8
534 1124 33
1453 37 7
547 464 2
1144 446 35
636 917 2
74 1052 2
1424 297 7
596 61 15
318 1374 80
292 1028 2
69 1024 2
1209 359 7
855 1515 2
862 1296 8
359 0 0
603 979 2
620 1405 2
1400 1304 7
1394 648 27
1271 1046 12
502 1401 2
915 1180 21
880 341 3
1015 761 15
535 200 85
1054 423 2
590 929 7
1013 99 0
759 149 8
137 1396 7
220 1152 26
923 1491 7
242 961 79
139 881 3
1456 1517 1
468 1046 12
930 166 38
917 877 7
601 88 7
311 781 30
671 258 31
205 213 77
1160 936 8
527 441 66
701 502 2
880 1335 5
742 483 15
1466 846 1
1138 1333 2
304 452 10
581 1054 7
1258 42 8
1552 1070 5
673 1141 2
205 505 77
454 682 2
205 1418 7
1166 32 8
457 428 2
457 32 2
28 18 8
360 139 3
915 438 2
365 855 3
1562 445 0
323 300 7
883 983 2
606 1139 30
1480 883 33
1296 1578 5
206 172 2
1047 928 45
662 796 2
1137 958 3
982 139 1
1209 763 7
1316 1184 1
308 1114 2
208 1388 7
1221 1161 7
1210 593 7
1019 377 8
804 147 8
813 939 15
769 1207 8
308 1406 2
1239 1062 8
197 891 8
980 1199 7
420 796 2
671 291 8
1003 453 34
880 704 2
112 172 8
88 315 7
273 1052 2
995 1384 8
292 53 2
590 855 5
977 534 2
1424 1217 7
172 628 2
530 347 33
847 32 7
317 90 8
1204 1396 8
50 553 2
1177 337 27
1520 1199 7
406 881 3
454 338 5
1281 320 6
795 377 5
1394 1568 27
717 656 2
434 191 14
999 1633 77
1179 795 7
350 671 16
1184 1156 8
922 34 41
998 200 29
77 88 3
108 1118 5
147 1206 2
945 1407 2
928 981 2
1291 28 2
847 256 7
292 272 8
77 42 8
527 855 3
847 297 8
271 603 2
205 1305 77
475 1052 2
701 1198 2
1461 1340 30
167 883 2
360 898 2
32 453 2
118 1002 2
1264 1243 7
730 998 29
1024 1309 2
337 616 27
923 1146 2
211 734 78
436 904 58
917 240 2
20 697 7
1249 139 1
1090 866 36
1566 1004 57
1052 957 8
1198 68 24
936 1532 2
1037 1199 7
454 914 2
673 166 2
453 1376 2
28 646 8
563 908 7
197 88 5
925 598 2
452 1127 8
408 1070 5
686 97 8
440 922 2
45 782 30
1026 504 2
116 908 8
990 391 57
1252 533 3
185 380 27
819 88 3
593 54 8
59 501 5
479 90 8
395 995 1
550 858 12
80 684 7
1252 487 8
322 423 2
226 1525 2
596 1455 30
893 940 2
988 300 2
1232 936 48
334 821 2
920 596 14
787 308 7
995 974 33
207 165 2
1506 61 15
1102 230 17
1121 88 2
880 1332 2
980 166 2
1179 1199 7
1215 626 7
1139 513 30
192 1001 2
628 796 2
502 1122 2
528 1070 7
519 1152 2
1138 1325 5
737 1128 2
759 1577 8
535 699 2
318 923 80
507 1437 8
470 823 16
1287 1575 2
631 298 1
720 296 7
893 147 45
739 31 2
1198 762 2
631 730 8
642 92 8
573 453 1
847 1321 8
590 920 2
586 1469 47
290 326 8
33 979 2
1303 320 7
443 225 5
1340 1325 5
1306 462 7
928 298 2
829 251 33
187 960 35
366 883 2
603 1148 2
494 1207 8
829 898 2
1078 80 8
586 1568 2
139 92 8
161 838 8
976 1139 30
1322 576 14
1184 743 3
1054 300 2
361 495 2
1173 229 33
455 1371 2
1037 166 2
217 1515 2
88 937 5
270 880 30
1359 458 33
876 739 67
1047 212 44
621 1062 5
349 681 2
472 1396 8
546 650 1
907 452 2
194 434 1
442 917 2
591 113 2
202 541 2
1252 724 2
178 684 1
1026 1424 2
109 147 8
714 823 14
1252 719 8
1002 1608 2
653 858 12
1054 1335 5
269 1070 5
172 513 26
208 983 2
308 1455 2
878 540 2
1098 1090 2
628 1424 2
1336 1296 7
1408 845 5
1449 958 2
720 1388 7
330 139 3
1215 1546 7
547 1037 2
1327 936 7
1209 244 7
338 1126 30
118 1578 5
848 284 6
823 1094 30
719 603 6
309 28 2
747 397 2
1437 1144 2
303 1062 8
322 63 8
1209 932 7
176 568 2
1177 1342 7
406 92 8
1555 26 2
176 522 7
787 1102 5
1100 998 29
632 80 8
499 958 3
1413 147 8
917 1081 6
1518 147 8
208 743 5
1264 1415 37
914 1004 27
34 1590 38
475 1393 2
1526 213 8
381 908 8
252 45 27
568 908 6
1028 898 2
271 147 8
35 1396 8
259 0 7
1145 1062 7
477 553 2
858 54 8
1052 219 2
596 382 8
374 453 34
455 1166 1
1152 191 2
279 704 50
1481 974 7
558 579 2
1188 307 50
903 1062 7
1229 1 6
1044 80 8
1355 858 12
249 21 8
457 605 2
1259 742 2
1292 781 30
654 178 1
1359 818 2
858 1490 5
1450 34 53
950 720 15
686 42 8
594 32 8
31 928 45
917 112 8
1040 728 8
736 1609 47
421 1371 2
206 1141 2
950 1608 46
1090 1472 37
621 936 57
313 923 32
1209 1336 7
116 97 8
1228 238 1
1188 338 5
1414 88 5
737 187 41
1397 0 0
541 1515 2
540 479 2
168 1333 2
867 495 2
233 495 8
647 34 53
299 1619 2
766 958 3
279 1133 27
433 139 3
46 338 5
192 550 2
1499 558 10
759 1131 2
86 355 8
147 1555 2
172 863 7
183 586 2
607 671 2
1056 284 6
730 1287 2
1184 27 53
609 1199 7
620 607 2
463 1325 5
176 1150 7
284 492 2
927 97 15
720 246 1
1081 759 2
1526 1305 8
434 368 14
377 1173 2
1161 139 5
488 681 27
1424 119 7
287 530 2
239 1393 2
284 779 8
475 1333 2
1055 323 7
720 929 7
737 1396 8
1158 1298 7
23 284 2
558 109 0
1053 1141 2
45 1030 2
48 380 2
117 1173 1
1173 993 2
1373 1506 2
1295 1198 54
988 106 30
457 1301 2
1480 1264 2
923 1381 7
139 37 8
594 436 8
998 937 5
921 807 7
923 1323 2
442 739 27
259 251 33
118 264 2
1173 611 34
237 944 2
143 63 8
269 115 15
82 697 1
263 998 29
320 111 6
1037 502 8
1359 1446 2
595 139 3
454 176 2
1155 88 3
907 1 2
891 881 48
1179 1070 5
1155 42 8
207 806 2
205 552 7
809 1392 30
1296 1514 0
1284 1070 5
593 627 8
1483 739 2
879 541 2
97 855 3
1547 1342 7
430 292 2
684 284 14
13 42 8
961 1562 1
878 147 7
432 495 8
421 620 2
34 1256 5
441 495 8
502 1299 2
958 793 7
902 139 3
958 1131 2
350 781 30
1326 183 2
765 796 8
1209 877 7
1323 823 14
285 292 2
1383 1396 7
1110 440 35
739 604 2
1186 891 7
178 1217 8
55 502 2
782 1224 30
114 1152 26
1176 998 1
1087 424 8
34 1603 38
115 485 1
594 1487 7
1053 166 2
944 126 2
34 985 2
1054 545 2
1396 75 7
1520 1062 8
999 767 77
663 1087 5
1461 595 41
671 844 31
484 933 84
915 295 1
24 277 2
337 837 6
276 808 8
1058 908 8
1079 292 30
232 1252 2
381 97 8
917 1395 7
450 57 6
1163 908 8
31 212 44
453 974 2
830 440 2
672 488 2
28 244 8
753 1184 6
231 958 2
546 489 6
1428 93 5
1442 1287 1
586 366 2
337 438 27
192 1203 6
1351 751 2
688 620 2
1535 1128 20
1031 26 2
1359 367 2
438 1054 2
1152 167 8
1561 1566 37
218 796 2
1128 252 2
1152 63 8
209 697 2
728 1325 5
779 178 2
234 384 3
1100 1287 2
116 88 3
1326 937 7
1306 341 5
874 1491 7
97 1437 8
116 42 8
323 750 7
1232 34 48
1563 90 8
1187 472 1
880 138 2
403 1342 7
287 1562 2
192 599 2
391 1236 7
419 278 2
508 1342 7
921 31 30
1338 958 3
279 1078 27
55 1198 2
1562 950 33
759 1076 2
880 1217 8
1110 139 3
603 126 2
1341 163 8
981 1024 2
284 437 2
915 658 0
504 1122 2
1084 596 33
292 503 2
447 1070 5
1284 1359 2
167 1073 2
1139 272 31
1481 99 0
1394 833 2
45 287 2
1158 1243 7
710 1342 7
518 90 8
1306 101 8
380 369 2
1393 189 27
1414 1396 8
873 915 30
603 350 2
486 1090 2
907 1429 2
349 1274 12
1383 249 7
708 746 2
591 1090 2
858 627 8
834 1207 8
1188 192 50
917 758 2
36 1556 44
501 384 3
855 883 30
702 347 7
1367 1525 2
502 873 30
126 1581 8
468 113 2
208 357 2
440 711 1
1128 1298 7
1468 697 7
674 118 2
1327 1184 6
540 1120 2
917 685 8
880 1230 2
1111 275 67
547 411 2
1184 1335 5
164 1118 5
185 898 27
410 1406 2
1169 1152 26
322 941 2
217 936 8
1120 1236 8
205 789 7
281 88 27
1451 891 7
609 1070 5
375 598 30
809 873 30
534 699 2
1121 210 2
872 1342 7
1525 519 2
880 1454 2
144 1566 5
1081 1062 7
530 209 2
720 491 1
313 1322 13
1144 617 35
1553 172 2
977 1342 7
501 441 0
74 1515 2
1209 134 7
1080 1052 2
77 527 7
372 958 1
317 1236 8
898 102 8
1108 147 8
72 936 8
747 883 33
360 1424 2
177 90 8
168 34 69
1213 147 8
115 138 1
737 1240 7
1322 83 8
929 97 6
1283 596 33
1424 296 7
178 766 8
1475 742 57
617 527 7
834 1070 7
181 908 8
263 1287 2
507 226 3
928 128 2
501 1097 7
1024 1417 27
192 1448 30
488 689 2
590 1392 7
718 771 2
928 816 2
999 712 77
999 1108 77
634 80 8
139 219 2
823 37 7
276 65 8
1264 436 2
1296 21 8
228 846 6
1194 1341 30
147 285 2
823 766 8
445 124 1
1024 852 2
381 88 3
494 998 29
579 697 2
1252 622 2
1044 593 38
596 272 8
118 837 2
599 998 29
900 1252 2
31 553 44
1054 813 8
184 1374 57
552 1562 2
440 173 2
915 609 2
323 471 7
350 1128 8
406 1246 5
447 1359 2
307 609 2
226 380 2
846 1315 6
453 455 2
1304 969 5
971 1609 47
672 365 2
934 32 8
1357 858 12
323 403 7
1128 588 8
1100 452 12
712 1070 5
452 102 8
1285 658 0
199 1199 7
419 327 2
197 1062 8
817 1070 5
671 462 8
403 891 7
279 335 27
1562 1226 12
209 178 2
897 54 8
880 433 7
1424 1388 7
756 879 2
647 897 7
1146 88 5
424 934 8
267 917 27
995 53 33
759 625 2
62 434 2
309 546 2
993 90 8
1025 338 5
1306 1384 7
743 87 7
1476 347 30
176 1086 2
1493 1152 26
273 759 2
620 497 2
1181 1581 8
385 90 8
377 771 2
544 338 30
637 821 75
284 377 8
69 147 8
147 981 2
928 756 2
1054 1217 8
939 54 6
33 126 2
419 606 35
195 1325 5
609 1062 8
575 903 2
1306 46 8
380 314 2
24 162 2
315 1224 30
729 365 2
357 823 2
907 1374 2
457 1295 2
720 104 8
1480 466 2
677 739 27
1158 1161 8
28 129 8
106 1359 2
1479 172 2
501 387 8
1166 1227 8
28 817 8
837 934 15
934 728 8
1056 308 8
960 1224 30
769 908 6
1137 1342 7
116 292 2
923 848 8
540 773 2
1536 412 5
897 21 7
1459 620 2
1371 22 29
552 1371 33
997 97 7
598 750 30
595 620 40
138 1139 30
205 46 7
880 1129 7
189 1187 7
555 26 2
292 1417 27
864 929 7
624 558 1
281 33 27
855 178 1
1132 1567 4
528 1287 2
96 1581 8
1215 401 7
872 1333 2
1548 1062 7
992 42 8
207 232 2
913 988 30
443 466 75
317 97 8
172 1381 7
603 595 53
530 149 8
850 915 2
1459 1341 30
527 1384 8
607 1585 2
369 1333 2
1554 397 2
620 729 2
162 1046 12
634 139 3
878 1118 5
502 1121 2
208 851 30
381 1371 2
739 98 2
1052 1491 7
1458 720 15
26 256 2
145 540 2
489 603 6
380 1338 2
263 452 12
780 45 30
1552 88 3
541 284 14
792 880 1
1404 998 29
713 596 33
703 603 2
988 624 30
452 1161 7
337 39 6
1082 1500 30
720 1420 8
1078 147 8
1505 1581 8
1152 1395 7
928 297 2
1154 42 8
322 1203 6
761 394 1
674 1087 2
435 1396 8
852 761 15
579 178 2
895 908 8
1024 625 2
883 1099 2
1215 1097 7
1258 90 8
190 898 2
322 867 33
1215 1389 7
315 620 2
1447 823 33
457 75 8
148 338 5
1106 284 33
380 272 20
901 139 3
307 486 2
285 586 2
1304 928 7
928 675 41
1087 327 2
498 739 27
1080 1333 2
55 796 2
1562 775 12
278 1488 2
466 1475 5
868 610 2
1197 939 2
148 603 6
213 90 8
270 958 2
694 1002 1
350 338 5
1205 999 19
318 90 8
147 1030 2
167 671 2
739 726 2
454 212 41
290 1125 8
1054 433 7
373 734 7
507 65 8
1351 1289 36
139 500 2
45 177 2
126 1252 2
642 893 30
192 418 30
592 936 7
1087 606 35
380 259 2
872 1325 5
928 1384 8
256 898 2
907 923 2
823 1298 7
1024 1029 2
810 453 1
1252 1195 2
1044 1166 38
139 893 30
453 1200 2
89 936 7
1152 362 2
1120 178 1
349 1084 2
349 1480 2
546 657 1
440 350 2
1098 1187 0
349 753 23
1242 1333 2
744 1284 1
582 97 8
1152 685 8
390 57 6
997 42 7
1221 1217 7
1221 1555 2
541 998 2
80 800 7
80 404 7
1400 1578 5
732 1506 1
314 504 2
189 1132 7
435 249 8
1411 1184 1
1337 958 3
406 522 7
620 450 2
1314 284 33
1227 97 8
355 1062 5
55 1424 2
1215 346 7
897 627 8
267 1198 27
983 28 2
528 452 12
961 349 1
1187 1381 7
929 1325 5
1221 1482 8
143 1157 62
341 1070 5
45 581 2
289 1082 2
847 718 2
317 42 8
406 850 7
976 534 2
1429 21 7
1515 1565 2
1394 21 27
1090 848 7
101 1190 41
1207 149 8
33 1163 2
214 1102 5
382 1326 7
594 680 2
1539 958 3
292 625 2
1396 929 7
164 80 8
374 883 33
476 700 32
161 626 8
45 805 2
939 627 6
205 1257 77
1026 1152 26
154 1236 8
1024 619 27
178 1047 14
999 310 77
1054 83 8
661 97 6
707 642 2
1322 4 14
594 607 8
1485 1359 2
923 1098 2
598 1389 8
897 766 7
112 1393 2
808 944 2
548 751 1
1052 1305 8
1479 1141 2
690 940 2
891 111 6
913 502 7
349 401 2
184 868 57
1253 891 8
790 178 7
152 596 30
369 1139 30
1300 991 5
1237 1199 7
1035 1207 8
823 588 8
479 88 3
702 401 7
1252 881 3
894 33 2
1121 504 2
555 307 2
671 29 2
676 349 2
762 898 2
809 1459 30
82 1128 8
1316 453 1
377 594 10
1215 578 7
816 338 5
434 1578 3
211 1236 8
737 1184 2
1139 861 30
39 284 6
1215 974 7
929 0 0
631 1110 1
292 1029 2
1396 855 5
530 727 2
1079 34 53
591 880 15
603 1127 52
1137 1325 5
1550 1128 8
530 53 34
551 823 14
721 620 27
329 440 35
1186 1062 7
446 546 35
262 1525 2
504 269 2
546 960 30
454 553 41
210 513 26
1184 1217 8
1460 883 30
26 829 2
205 282 77
638 796 8
45 122 2
1414 147 8
266 824 23
750 1341 30
923 123 2
823 893 2
1193 823 30
598 18 8
167 147 8
702 805 7
593 1161 7
823 1243 7
220 880 1
343 1199 7
337 281 27
581 1393 2
1481 298 7
746 1132 5
406 1472 5
1098 1132 0
1251 858 12
457 716 8
582 88 3
226 210 2
569 502 8
576 1396 8
582 42 8
1453 1468 2
1003 452 12
226 898 2
226 502 2
419 517 2
108 147 8
185 45 27
1221 766 7
879 29 2
97 1212 8
995 347 33
596 724 30
440 519 2
1536 905 52
1132 390 8
192 374 2
530 1355 2
1227 42 8
642 1578 3
46 891 6
1264 1206 36
108 1187 5
398 671 2
176 916 2
858 183 2
503 671 2
999 1634 77
879 301 19
1179 796 7
1139 873 16
761 244 8
486 933 2
1400 518 7
1413 891 8
292 273 8
45 458 2
934 298 1
736 80 8
1282 24 1
1518 891 8
1054 1298 7
369 759 2
1166 1125 8
1526 957 8
271 891 8
586 545 2
546 1315 5
434 1186 16
1166 806 39
911 1333 2
1229 57 6
1325 412 5
20 594 7
596 1418 8
1284 88 3
885 902 1
143 179 8
116 914 2
550 596 33
998 193 5
452 1420 8
804 1141 2
349 942 33
898 619 27
558 888 23
1132 1086 8
1239 453 2
507 345 0
598 976 30
1252 92 8
828 958 5
880 959 7
1180 1070 5
981 824 6
1429 766 7
1438 1418 7
884 1322 13
506 284 6
406 1491 7
425 434 2
593 1491 5
272 1198 2
1082 1401 2
883 1307 14
1315 891 7
759 168 2
1404 452 12
945 397 2
1283 702 12
440 637 10
1198 763 2
347 1608 46
841 1073 2
1416 739 2
958 841 7
462 1325 5
1173 1409 2
739 324 2
1080 759 2
178 937 8
1507 264 57
1054 369 2
147 524 2
147 128 2
439 1439 30
917 850 6
187 961 35
64 287 30
1527 172 8
137 1342 7
671 272 31
478 1381 7
1054 661 2
269 495 8
380 1460 2
533 451 30
577 759 2
337 265 6
909 320 6
823 942 2
1253 1199 7
1233 1459 1
779 1236 52
241 202 7
702 750 7
596 47 8
218 292 2
235 322 2
240 642 2
907 453 2
907 57 2
915 780 2
1001 933 2
337 489 6
724 1224 30
1253 742 23
440 240 2
1024 455 2
337 158 27
1562 683 0
817 97 8
1352 697 2
598 1500 30
1215 1615 7
1221 757 2
178 1327 6
722 51 30
320 770 2
1019 719 8
545 172 2
1003 742 23
165 1252 2
1536 850 52
744 1106 1
270 1252 2
1221 981 2
279 798 27
1489 1647 1
859 26 2
1314 821 2
880 937 8
108 1132 5
383 1556 2
747 702 12
201 113 75
1177 575 27
852 928 2
718 858 12
661 1325 5
505 1581 8
1187 848 8
1 1377 6
1128 1335 5
766 1325 5
829 880 33
439 464 30
162 113 2
915 747 1
380 485 2
320 863 6
544 45 30
102 1517 1
988 167 30
276 1156 8
0 372 1
1544 1578 5
192 1578 5
337 854 27
917 140 7
302 452 10
449 540 2
1550 1070 5
91 88 1
737 307 30
267 553 55
125 823 2
1258 908 8
546 837 6
921 54 2
1120 1128 8
368 697 14
416 1052 2
604 1139 30
1040 1125 8
210 1078 2
1152 119 8
283 917 31
624 915 30
1487 147 8
98 535 2
917 743 3
1252 37 8
1228 239 1
322 661 2
590 53 35
77 419 7
881 734 7
88 189 27
211 88 3
70 521 2
1237 1062 8
620 676 2
434 838 8
1324 158 2
823 692 71
390 845 1
1106 474 2
502 672 2
1525 239 2
279 1030 27
720 211 1
1326 1550 8
678 1341 30
1518 1199 7
867 720 2
205 873 14
1476 750 30
45 1495 2
420 90 8
852 1556 2
620 900 2
271 1199 7
1081 1052 2
271 1141 2
256 1424 2
1237 115 15
1526 1161 7
32 320 6
1077 958 2
958 390 7
365 1418 7
1174 1184 2
1054 314 2
551 1070 5
1284 596 33
759 40 8
938 488 2
36 1062 8
440 835 1
24 1253 2
814 1342 7
1169 796 2
143 424 8
582 1024 2
349 1291 33
596 1006 44
702 403 7
1398 292 2
1253 702 12
112 1515 2
104 739 27
1139 366 2
373 88 3
279 22 50
1374 768 2
1407 311 35
264 934 15
681 1359 2
761 961 1
692 28 8
1145 249 8
383 338 30
1061 594 10
442 759 2
75 1199 7
434 1097 7
854 697 1
77 1566 37
205 1241 7
1040 384 3
741 904 58
665 1581 8
535 945 2
847 1302 7
589 1642 5
1140 998 29
1225 908 48
972 1609 47
527 1418 7
978 166 2
1554 1264 2
307 261 2
147 675 41
534 1443 2
721 914 27
1215 1096 7
880 199 2
1209 190 7
1446 596 33
338 676 30
1525 1555 2
71 118 2
808 1118 5
862 1419 8
1124 88 3
118 1246 37
159 1 6
159 380 2
485 596 16
116 1184 6
1253 1070 5
406 726 8
1413 139 3
1407 614 7
917 735 6
479 1141 2
1507 837 57
34 986 2
1338 1325 5
699 1046 12
1296 1125 8
1054 937 8
914 513 26
466 250 1
944 23 2
750 1070 5
1144 1399 6
470 1073 2
575 623 2
320 808 6
974 1139 30
419 1214 66
598 244 8
457 619 2
90 581 5
1024 804 2
1367 210 2
1252 1366 2
702 1323 7
903 1054 2
226 504 2
914 677 2
1466 969 1
1024 1492 2
575 159 2
932 1581 8
1052 848 8
1367 898 2
1372 880 7
899 914 7
596 726 30
440 125 2
457 551 2
1480 118 2
553 947 2
83 1152 26
210 335 2
440 417 2
416 1393 2
990 282 57
101 1082 8
234 47 8
848 593 5
1104 1224 2
1221 1388 7
642 1097 7
536 453 2
447 596 33
735 1184 52
1023 936 8
881 783 7
205 162 7
908 43 19
176 1210 2
385 178 1
777 1396 8
328 139 3
634 1296 8
156 1424 1
410 315 2
434 387 8
1047 720 15
915 1282 30
875 502 8
759 1077 2
1090 1246 37
1106 419 2
912 1070 5
69 172 2
873 883 2
468 1187 0
1525 681 27
847 155 7
502 909 2
307 1282 30
297 1184 2
1461 1239 30
601 1371 7
1324 35 2
864 1310 8
45 648 2
671 1500 30
992 90 8
284 730 2
1460 1341 30
945 883 33
1424 65 7
843 1141 2
69 495 8
761 1578 5
720 916 8
439 1037 30
154 620 2
944 1047 2
507 1156 8
164 147 8
1158 1577 8
999 85 77
380 662 2
380 1058 2
498 796 8
1219 1070 5
594 387 2
678 1073 2
720 848 8
814 891 7
42 167 50
582 1198 54
1482 1342 7
1517 772 19
1269 421 2
1330 958 5
88 140 5
502 1200 15
80 938 6
1152 1156 8
897 833 7
226 1424 2
558 1445 2
28 769 8
472 891 8
349 572 2
909 917 2
88 101 26
334 1070 7
540 1121 2
1024 53 2
112 1054 7
592 546 50
686 908 8
1252 219 2
809 942 30
270 307 30
576 147 8
265 279 30
300 488 2
490 1166 1
57 779 6
759 667 27
1515 638 27
1324 690 1
854 178 1
1198 661 2
534 992 2
1187 1388 7
921 952 30
95 1581 8
1144 910 35
934 1220 1
292 1492 2
424 307 8
934 61 15
172 167 8
524 284 2
925 97 15
512 178 2
527 129 8
176 459 2
176 63 2
483 1 1
890 761 15
391 90 7
833 1187 7
603 1047 2
1383 1342 7
1085 1322 13
617 178 2
796 573 15
635 1581 8
1099 80 8
938 1525 2
273 86 7
1287 983 33
843 166 2
739 149 8
1 183 6
656 890 14
917 1455 2
1544 32 8
126 284 2
373 495 8
1396 21 7
738 139 3
928 817 2
933 741 2
139 220 2
1333 223 26
322 1327 6
1047 1393 2
823 330 7
923 294 2
1078 495 8
75 1070 5
406 1315 5
596 273 8
1215 743 5
192 1514 0
349 512 2
279 199 50
575 500 2
575 104 2
1566 444 57
320 685 6
546 39 6
891 1243 7
80 296 7
1463 1298 7
546 377 1
1242 365 2
798 796 2
440 70 2
761 1138 1
816 97 8
606 915 30
388 338 5
1052 37 8
746 1199 5
1357 596 33
34 872 40
420 995 1
917 3 8
679 147 8
1152 743 3
1221 937 7
88 497 2
796 149 8
530 191 33
534 1328 2
547 1008 39
322 551 2
1119 917 8
1307 846 6
406 638 7
809 191 30
1424 1389 7
900 139 3
279 628 27
309 1556 44
294 1581 8
390 1 6
1123 97 8
303 1581 8
917 1335 5
468 1132 0
45 301 2
600 1 6
111 720 15
620 498 2
620 102 2
796 1201 15
855 504 2
1545 139 3
1481 441 0
161 54 8
605 1342 7
1333 1578 5
737 891 8
737 495 8
1240 1243 5
373 1374 7
718 1296 2
736 147 8
1299 558 2
575 1196 2
988 719 15
1125 139 5
271 1062 8
542 1609 47
631 102 8
1354 397 2
841 147 8
829 0 7
1359 717 2
1082 873 30
34 798 38
1144 265 6
311 1359 1
337 1080 27
917 704 2
792 936 7
1359 1009 2
565 488 2
1378 406 2
359 1371 33
1024 667 27
543 187 41
558 1098 2
934 1125 8
902 1144 2
112 671 7
1557 1504 57
205 511 7
314 1024 2
901 908 7
654 697 1
1449 739 27
459 90 8
717 88 5
1232 1072 48
1371 23 29
1093 57 6
1424 1315 5
900 502 2
742 184 5
1011 1070 7
548 736 2
880 309 16
464 697 14
995 750 33
147 983 16
532 1224 2
1554 466 2
898 116 8
1429 833 7
1199 1304 7
1215 298 7
1424 18 7
1548 1396 8
502 794 2
1077 1252 2
300 365 2
1108 139 3
847 728 7
620 1126 2
1394 369 27
1076 958 2
824 43 6
782 823 30
620 1418 2
1050 527 1
1525 689 2
1383 891 7
1394 661 27
1382 88 5
577 998 2
849 914 2
1261 338 5
290 102 8
897 412 5
531 1224 30
1271 1112 23
1398 586 2
1052 1388 7
1184 937 8
813 1342 7
796 875 6
205 398 77
945 495 8
925 1070 2
64 750 30
361 631 2
923 1550 2
1521 936 8
677 434 1
472 1199 7
795 568 7
205 294 77
1110 0 5
21 26 2
22 1296 8
242 974 79
63 139 3
231 917 2
24 368 33
1264 278 2
665 796 2
1274 879 74
1158 83 8
565 1070 7
823 1004 8
1313 284 14
900 1198 2
1082 156 15
126 453 2
915 555 2
795 833 8
1316 594 5
816 88 3
82 1549 2
1463 1243 7
546 718 1
744 657 1
770 1438 7
430 879 2
863 958 5
816 42 8
795 1125 8
1047 1371 30
88 150 2
88 104 7
1337 1584 28
736 1252 2
1549 774 2
1019 98 8
546 983 2
182 1453 2
639 823 2
870 1342 7
631 1161 7
621 308 57
1215 1614 7
278 656 1
147 703 2
279 177 27
338 1194 30
1123 42 8
1554 671 33
292 66 2
492 1371 2
277 349 2
183 26 2
502 1004 27
629 11 2
1475 1280 57
1184 882 2
1341 54 8
787 1566 5
192 21 8
159 898 2
1337 1325 5
35 1199 7
1184 778 2
115 1004 1
958 1577 8
35 1141 2
178 75 3
261 1287 2
751 823 14
1393 848 7
28 435 8
586 661 2
631 47 8
537 225 5
1252 1196 2
167 891 8
377 936 8
593 1550 8
453 805 2
66 904 9
1481 692 2
623 502 20
1539 1325 5
349 1126 33
290 459 5
671 1131 7
1481 646 7
575 677 2
211 783 78
880 911 31
432 590 1
1082 750 30
451 424 2
1214 1342 7
981 320 6
1454 642 2
665 45 2
1468 880 7
416 1515 2
176 1238 41
880 1121 2
1568 898 2
1561 1112 2
641 917 2
197 1199 7
546 3 8
1198 259 2
406 815 7
809 368 30
921 154 30
880 1345 2
722 1393 2
507 726 1
868 1239 2
519 93 12
71 1264 2
510 728 7
737 1199 7
226 883 30
936 909 5
154 914 2
1306 355 7
908 1548 5
48 620 2
620 675 2
603 1041 2
391 26 2
1394 314 27
1199 1181 7
1166 836 27
35 166 2
737 1073 2
1124 176 45
727 225 59
126 739 27
1481 1014 0
161 627 8
290 47 8
1367 1424 2
607 1359 2
917 949 2
205 1550 77
24 381 33
1391 1141 2
137 1062 7
1193 90 8
1078 139 3
368 1470 2
367 434 2
568 1 6
1264 327 2
941 796 8
1215 341 5
265 904 9
796 1131 2
185 1152 26
891 450 1
220 586 2
598 1392 30
958 53 34
205 1480 7
395 1325 5
205 1084 7
114 292 2
1429 412 5
810 495 8
202 262 2
323 362 7
1304 172 5
210 269 8
324 530 2
1317 1024 27
425 908 7
20 338 3
1209 429 7
837 846 6
1114 1407 2
758 1255 2
988 1337 2
988 941 2
457 21 8
1264 606 35
1128 83 8
526 756 2
546 194 7
915 719 8
824 293 0
846 1138 6
168 322 2
419 213 8
12 648 20
992 908 8
279 226 27
177 322 2
502 1367 2
1445 284 33
747 118 2
1549 255 2
596 362 31
1152 1335 5
1204 1062 8
172 685 8
1537 936 8
1461 782 30
1516 434 1
981 172 2
1438 32 8
1179 169 7
858 1550 8
603 1565 2
1541 908 8
1264 685 7
737 139 3
27 1470 2
880 480 65
42 39 7
1321 1070 5
928 647 2
823 916 7
261 452 12
26 1122 2
591 598 2
1550 88 3
453 43 6
126 1198 2
118 1245 37
1401 1296 8
830 284 2
349 1098 2
337 613 6
1296 728 59
97 183 6
1336 323 5
457 790 2
301 1046 5
127 1419 8
586 606 2
353 732 7
1173 974 33
904 992 84
1478 1287 2
701 796 2
154 90 8
1187 1567 4
89 824 2
438 1248 7
579 1112 2
905 488 2
489 172 8
195 322 20
70 1287 1
1306 581 5
14 28 8
1541 1566 37
998 341 1
641 739 27
528 558 2
210 798 2
322 1045 33
880 670 2
1338 365 2
387 958 5
234 114 8
614 934 5
1506 1330 15
197 1581 8
981 530 7
620 792 2
279 854 27
657 598 2
702 421 9
406 1156 7
318 1128 8
342 205 19
183 307 2
1200 908 8
1183 891 7
502 684 2
1090 444 2
17 227 15
166 569 2
466 779 6
1414 1199 7
944 890 2
858 41 74
1556 724 35
1394 259 27
643 502 8
858 471 8
167 1199 7
502 616 2
1303 90 7
439 416 30
33 1041 2
1460 1461 41
246 697 2
796 852 2
28 716 8
360 796 2
856 90 8
1180 495 8
91 521 5
177 1070 5
1287 458 33
148 172 8
1144 95 6
1173 610 2
814 1062 7
556 178 1
247 1322 13
1041 322 2
990 753 57
321 139 5
1252 458 2
1143 80 7
796 1076 2
917 1217 8
277 527 67
472 1062 8
1166 39 8
847 658 0
1451 1073 2
350 172 8
915 44 8
98 883 2
1282 1371 30
598 873 30
1102 763 57
307 49 2
648 880 2
997 908 7
1304 846 6
782 620 2
57 158 6
1019 92 8
773 917 2
535 1061 2
847 1418 7
555 936 8
852 1342 7
1120 97 8
619 88 27
1307 97 6
316 453 7
1215 524 7
202 35 2
406 1388 7
197 502 8
284 863 7
655 908 8
671 298 8
61 1296 8
69 575 2
1215 816 7
1082 1402 2
1530 1303 2
1209 306 7
292 929 7
1562 666 12
338 396 30
1283 1087 2
974 534 2
824 269 6
420 42 8
784 587 77
251 950 16
988 919 30
707 1342 7
945 702 12
902 958 5
1110 453 35
270 1141 2
565 1072 7
703 1581 8
1054 662 2
925 1296 2
424 697 14
64 976 30
1326 1335 5
139 391 2
936 919 2
306 1118 5
374 397 2
478 112 8
899 410 7
560 521 5
167 139 3
646 1070 5
577 1052 2
380 150 2
586 259 2
568 178 6
795 1127 8
454 593 2
685 284 6
349 36 33
517 883 14
998 1578 5
1304 521 5
823 793 7
1024 524 2
900 1424 2
836 1371 30
301 452 77
1014 1342 7
364 80 8
1087 866 36
1126 1128 7
854 338 5
782 1024 2
1040 462 8
1357 702 12
1207 384 5
258 1360 30
440 241 2
761 913 1
337 159 27
459 1236 8
383 1082 30
904 77 84
534 1567 2
1536 919 52
1144 114 8
1210 1296 7
681 596 33
1439 284 2
76 1453 2
889 975 2
1201 936 7
3 147 8
997 1536 7
1209 1002 7
823 1456 30
1329 742 2
1144 384 3
1207 1378 7
666 113 75
734 701 2
419 390 8
201 474 75
504 911 2
809 258 30
995 1227 8
747 1087 2
86 21 8
507 657 2
561 958 5
737 739 2
1476 519 30
159 57 6
808 1070 5
452 1314 5
176 862 2
1054 1358 2
604 883 2
1459 781 30
162 474 2
147 757 2
1176 1342 7
158 380 2
594 175 2
611 205 2
273 1515 2
167 1581 8
1396 424 7
1158 568 7
1008 1609 47
45 300 2
501 627 8
498 958 3
21 880 2
64 1500 30
575 1367 2
380 778 2
388 97 8
1372 1296 7
923 1093 2
594 107 2
150 988 2
337 855 27
259 1419 8
282 631 15
246 178 2
318 338 5
917 433 7
671 1299 2
1117 1342 7
957 1184 5
672 1525 2
440 869 2
917 766 8
435 1128 59
208 32 7
787 323 7
1044 1062 8
323 1563 7
334 452 12
156 97 15
773 739 27
692 1296 8
1035 702 8
540 841 2
823 83 8
1337 1207 8
1152 808 8
51 117 30
504 441 0
279 1495 27
322 662 2
759 1493 2
1474 45 2
1128 1243 7
650 1453 2
1326 1578 7
983 1556 44
434 1131 8
279 1031 27
823 985 71
631 605 1
980 796 8
434 1126 14
1330 42 8
1227 908 8
1394 900 27
12 142 20
550 97 8
350 51 30
759 114 2
1071 413 2
655 97 8
1166 270 27
707 1333 2
444 631 15
603 1163 2
478 1395 7
374 118 2
1383 1062 7
1173 1355 2
913 824 6
485 1024 2
47 97 8
208 919 30
834 1187 7
1141 1125 6
739 265 8
1216 1118 5
546 851 30
1379 1360 2
499 1112 23
1461 541 82
1284 397 2
593 770 2
32 1342 7
1296 102 8
1329 338 5
590 1550 8
917 1129 7
1240 335 5
361 406 2
468 530 2
22 284 2
115 83 1
849 1082 30
596 1007 44
1431 1280 5
552 1351 2
268 147 8
435 1199 7
1024 177 2
702 300 7
373 147 8
778 1393 2
279 23 50
1341 533 5
823 779 8
1018 1322 13
205 1310 7
1418 1118 5
856 631 15
1500 998 29
279 315 50
1374 1457 2
1037 796 8
1206 115 15
1535 502 20
790 697 7
908 1389 7
769 1 6
457 216 2
915 622 2
419 1381 7
1040 47 8
307 726 2
98 1118 7
981 739 27
576 891 8
81 593 1
674 824 23
1144 59 8
900 1296 8
1253 596 33
1221 703 2
681 891 8
307 622 2
845 876 57
162 1132 0
57 1127 6
650 874 2
1019 269 8
1209 551 7
1468 338 3
1446 397 2
1198 1405 2
1184 1121 2
1103 437 8
880 533 3
880 492 2
590 392 36
504 856 2
280 90 1
936 493 6
186 42 8
45 21 2
176 411 2
693 1152 26
1397 371 7
151 742 2
466 273 6
1139 368 16
158 33 2
147 1098 2
1174 210 2
161 1377 8
1252 1097 7
594 120 2
25 527 7
135 1342 7
1174 502 2
1042 1525 2
1146 1199 7
455 1572 7
1193 642 50
388 88 3
205 1093 77
478 685 8
90 978 5
388 42 8
527 1413 5
1502 933 2
1079 586 30
1252 1367 2
167 1062 8
118 848 7
267 1255 55
812 28 2
1250 397 2
1152 138 2
1024 1493 2
594 47 8
768 845 1
849 761 15
558 818 2
1117 891 7
179 1070 5
206 1052 2
899 1207 7
1128 568 7
1391 507 8
1451 671 2
442 1342 7
250 90 8
1152 65 8
1201 739 5
1307 1325 5
1201 1118 1
995 1243 7
433 1419 8
355 90 8
42 56 50
880 896 2
279 1148 27
307 1250 2
897 471 8
1228 185 1
645 349 1
809 607 30
309 671 2
27 642 30
1264 960 35
1211 488 2
535 263 2
207 1008 39
629 936 7
1062 957 5
82 172 8
1324 104 2
855 1024 2
872 1054 2
809 539 30
172 1148 2
192 789 2
1198 722 2
550 88 3
502 514 2
1323 147 8
834 908 7
655 88 3
550 42 8
973 1252 2
1080 322 2
1554 118 2
934 489 1
928 1523 7
655 42 8
1394 485 27
212 724 35
176 1389 7
1453 581 3
938 898 2
938 502 2
620 1138 2
505 453 2
1141 341 5
1173 1500 33
834 1132 7
720 813 8
590 766 7
1240 384 5
944 1340 2
26 269 2
154 908 8
898 412 5
297 139 3
1144 321 6
359 97 7
841 891 8
634 958 5
143 766 8
366 671 2
1144 613 6
1509 999 19
22 958 3
1479 917 2
101 1342 7
558 1446 2
1102 1057 57
1239 284 2
184 936 57
641 1342 7
836 546 31
744 377 1
999 204 7
546 433 7
1333 189 27
1553 739 27
596 978 5
238 147 8
1391 1190 41
1221 648 2
1221 252 2
575 92 8
635 530 1
191 1236 8
681 1128 8
1198 662 2
534 993 2
1563 908 8
928 396 41
1087 444 2
307 499 2
292 1493 2
958 1032 7
1301 42 7
1461 1337 20
534 611 34
1407 1475 37
139 289 2
980 1371 30
568 139 5
374 1087 2
1394 1405 27
1084 917 8
255 1515 2
139 581 2
266 284 33
1325 1335 5
115 724 1
147 647 2
232 434 1
455 1184 6
549 1649 62
42 881 3
575 569 2
856 1236 8
983 1341 30
1056 88 3
716 90 8
899 928 7
1259 702 2
1251 702 12
51 1094 30
576 1199 7
1024 1042 2
934 102 8
125 26 2
1258 507 8
540 1004 27
335 917 2
1358 88 2
558 367 2
502 810 15
915 903 2
126 796 8
206 1393 2
442 1333 2
210 677 2
1084 527 67
1468 308 7
347 28 2
545 759 2
307 903 2
897 83 7
917 296 8
880 841 2
178 1491 7
1450 322 2
88 848 7
1555 322 2
1326 1217 8
409 739 27
306 1396 8
1022 588 8
88 1577 8
1156 1090 5
1402 603 6
503 824 6
620 859 2
318 507 8
620 463 2
292 122 2
192 437 8
365 986 1
915 1124 30
1211 365 2
1544 1125 8
618 1393 2
504 1033 2
519 547 7
1438 435 8
1306 75 7
847 393 7
157 380 2
1145 88 5
1397 548 7
707 535 2
162 700 2
1061 771 2
284 676 2
158 210 2
703 45 2
663 419 5
594 401 2
543 307 30
613 1396 8
164 139 3
594 355 7
586 1077 2
439 191 30
763 596 30
1505 1419 8
290 163 8
279 1292 50
1343 908 5
707 759 2
34 403 38
348 1549 2
998 433 5
823 44 7
1354 702 12
1218 1118 5
440 1455 2
674 821 2
934 730 8
702 190 7
699 958 3
1110 990 37
742 265 15
80 1613 7
80 1217 7
1360 37 7
82 526 2
45 851 30
1468 936 7
552 1173 2
759 681 27
1236 833 7
823 987 71
189 880 33
483 631 15
1132 1550 8
1341 833 7
1407 1578 5
1325 1578 7
362 451 30
670 1396 8
1297 1173 1
961 1507 12
526 872 2
411 322 2
1114 453 34
734 1451 2
25 338 5
596 855 5
623 936 8
1295 891 7
977 24 2
292 1042 2
739 460 2
1321 88 3
1397 1572 7
80 1315 5
1337 553 55
1526 1388 7
841 453 2
323 1095 5
1394 1058 27
999 727 77
1461 106 30
124 412 5
841 1141 2
367 908 7
147 300 2
491 742 2
739 433 3
1460 208 30
27 1190 2
229 594 73
856 97 8
501 1377 8
1173 366 33
1217 1070 5
42 92 8
471 502 2
335 739 27
349 818 2
1461 383 41
1252 569 2
470 208 2
823 568 7
774 1525 2
648 284 6
346 1062 7
1333 101 26
576 1581 8
1250 883 33
726 781 30
934 47 8
526 1469 47
396 915 30
1352 891 7
521 140 5
1137 702 8
796 168 2
457 46 2
85 1296 2
923 167 8
681 702 12
454 988 2
796 163 8
420 603 6
147 574 41
769 898 2
563 1419 8
885 878 38
914 104 2
923 63 8
337 226 27
1132 179 8
983 1073 2
664 988 2
671 769 8
1570 1236 8
854 1549 2
880 390 2
1326 433 7
507 167 1
116 501 55
759 1036 2
88 793 7
420 914 2
1283 1517 1
88 1131 2
1232 322 48
1019 787 8
1039 1325 5
1476 362 30
1077 739 27
450 1341 30
1536 522 52
869 1198 2
1322 685 7
777 891 8
734 768 2
200 453 2
410 102 2
888 761 15
1429 83 7
322 424 8
226 944 30
176 929 2
33 829 2
374 1264 2
841 166 2
731 908 7
499 590 2
631 116 8
594 346 2
329 958 5
32 535 2
90 1564 5
425 958 5
854 97 8
736 139 3
479 1556 2
361 1260 2
934 311 1
681 1070 5
419 53 35
1055 452 7
1024 681 27
1287 562 23
320 1327 6
24 401 2
502 437 30
563 995 1
1259 587 2
501 298 8
33 1053 2
36 502 8
752 90 8
457 1138 2
915 47 21
337 1026 27
464 33 2
674 474 2
1329 1102 37
914 1196 2
670 434 2
421 1566 7
42 350 50
1190 519 35
880 31 16
1201 1325 5
441 1342 7
604 915 30
305 434 1
1355 596 33
1474 284 2
368 1062 8
690 596 14
1144 855 3
322 459 7
251 724 35
540 616 2
1062 855 5
795 47 8
809 437 30
325 1139 33
1333 789 2
205 681 7
69 759 2
27 380 40
514 419 2
619 192 17
546 301 2
406 816 7
915 92 8
534 591 2
362 212 71
491 958 5
1210 320 7
1215 244 7
499 419 67
972 1252 2
685 1118 5
86 820 8
1103 1583 8
166 625 2
1082 1122 2
535 713 2
849 928 2
1550 502 8
318 1333 80
399 453 2
1174 1424 2
900 1152 26
1291 796 7
466 1127 6
1209 318 7
945 118 2
812 904 58
1056 1024 2
31 883 2
603 938 2
388 527 7
586 1358 2
707 1062 7
1405 1525 2
440 254 10
1069 1072 7
598 1418 7
30 139 2
1184 533 3
739 40 8
1058 26 2
411 90 8
1370 995 1
856 88 3
1163 26 2
192 1340 30
266 821 2
599 1581 8
856 42 8
191 596 30
999 896 77
1341 412 5
1252 514 2
27 1062 8
1148 1581 8
246 1322 13
1014 1400 2
1372 320 7
143 820 8
995 1392 33
939 312 8
451 1345 2
551 575 2
1166 387 8
205 1377 7
666 879 74
434 1310 8
127 958 3
434 1607 2
162 1325 5
323 259 7
576 1062 8
923 404 8
883 942 2
1223 1052 2
1101 879 74
1040 114 8
80 119 7
988 1338 2
1131 501 55
27 115 15
1447 466 2
1198 101 26
905 80 8
1019 44 8
292 681 27
178 1381 7
796 40 8
205 39 8
485 824 6
824 1081 6
809 1567 1
671 646 8
1402 97 6
659 936 8
1075 1252 2
402 80 8
849 1556 2
1087 957 8
530 637 12
398 45 2
269 917 2
512 697 2
483 124 1
1054 1078 2
617 697 2
382 249 7
915 99 0
607 349 2
729 28 8
940 619 2
1184 1120 2
95 1187 0
151 908 8
162 590 2
350 1393 2
1460 781 30
273 897 7
256 908 8
702 1563 7
619 90 8
380 206 2
536 546 30
271 166 2
1025 1562 2
485 147 8
904 993 84
1082 368 30
910 990 37
1233 101 1
101 535 2
1152 309 2
923 808 8
654 656 1
917 199 2
155 1419 8
1117 1062 7
1306 978 5
80 815 7
1232 671 48
502 606 30
789 1351 2
540 269 2
546 850 6
1253 502 8
112 540 2
569 796 8
558 554 23
1144 462 8
347 546 2
777 1199 7
416 1461 2
362 1360 30
307 1025 2
1395 1070 5
516 1141 2
3 891 8
205 334 7
548 627 2
1333 833 8
507 344 1
419 1161 7
304 80 7
1333 1125 8
1512 1072 5
1128 1004 8
86 833 8
650 1173 2
555 210 2
1090 909 2
641 759 2
1326 1298 7
1438 1125 8
74 1024 2
308 390 2
620 689 2
1437 1139 33
377 1359 2
1215 189 7
158 504 2
1198 497 2
1145 1070 5
292 1036 2
318 590 80
1257 1118 5
702 1489 5
530 437 8
1525 648 2
402 1396 8
62 908 7
847 619 7
864 1086 8
147 1523 7
745 419 7
928 1298 7
1303 847 7
297 1252 2
162 530 2
1506 1444 2
498 1333 2
893 1224 30
144 147 8
530 265 8
1384 1062 7
380 834 2
266 474 2
1151 657 2
590 833 7
390 1224 30
921 471 2
1082 1392 30
116 880 2
923 1395 7
1090 724 35
483 97 8
814 1396 8
51 241 30
796 1077 2
464 898 2
118 278 2
502 942 30
502 61 15
1166 40 8
908 817 7
249 663 8
849 338 30
575 39 8
1212 1342 7
322 1078 2
758 1228 1
907 15 2
1392 1341 30
311 202 7
654 1549 2
1001 1287 2
450 546 2
1453 787 2
210 116 2
1562 443 12
178 1227 52
1106 1287 2
86 732 7
555 546 2
1223 1393 2
1124 553 44
1128 75 3
308 726 2
338 861 30
189 0 7
847 1315 7
1285 99 0
452 755 5
306 147 8
75 1581 8
147 396 41
514 1342 7
385 1166 1
404 208 2
1262 958 5
1176 1184 1
1526 1578 7
1184 841 2
192 1583 8
1139 1392 30
601 172 7
1329 42 8
618 540 2
1458 586 30
307 375 30
1326 588 8
945 1087 2
821 1154 1
527 197 8
719 936 8
1184 773 2
796 303 20
374 466 2
610 406 2
1144 792 6
399 958 2
95 1132 0
912 824 6
526 206 39
605 1224 2
1465 153 5
1351 389 36
805 93 1
1287 491 2
159 33 2
1448 620 30
1506 401 2
151 97 8
66 187 19
1194 97 8
64 873 30
143 732 7
454 594 2
699 1112 23
697 770 2
1496 207 38
271 502 8
337 228 27
1430 1280 5
823 1127 8
834 139 3
1357 1087 2
186 338 5
218 586 2
1031 504 2
1201 527 5
891 1316 1
769 57 6
672 898 2
949 546 35
939 489 8
882 1393 2
498 1325 5
1359 89 2
457 663 8
1225 1325 48
423 504 2
849 51 30
440 138 2
923 685 8
546 1232 7
442 1062 7
1132 743 3
1453 1415 2
53 64 30
307 678 2
726 338 5
1232 908 48
553 600 2
1553 1333 2
980 739 27
1108 958 3
524 1152 2
1463 424 8
1224 581 3
869 1424 2
189 251 33
1198 150 2
1090 808 7
83 1198 54
1177 1333 27
75 502 8
406 706 7
25 1566 37
620 1030 2
880 840 2
1424 1457 7
880 881 3
1443 284 33
1215 134 7
759 793 8
1453 369 3
217 1070 5
958 667 27
115 432 15
451 536 30
1461 960 30
1219 147 8
874 167 8
176 1155 2
45 369 2
1207 437 8
297 1296 8
183 936 8
729 210 2
928 1243 7
25 1102 37
484 1351 84
603 140 2
729 898 2
115 1127 1
499 1207 8
1238 1166 1
834 898 2
586 852 2
620 952 14
934 974 2
266 419 2
72 1070 5
1240 104 5
380 383 2
922 1556 2
471 45 2
1042 166 2
1391 928 2
483 88 3
1242 1525 2
575 158 27
210 1148 2
531 596 30
914 1026 2
594 791 8
337 1148 27
937 139 3
903 488 2
1160 97 8
1031 1424 2
143 22 8
401 440 35
746 0 5
913 1024 2
1098 0 0
1102 584 12
995 1282 33
423 1424 2
111 823 14
185 620 27
1247 466 2
1106 452 12
1207 404 7
1128 1577 8
338 806 30
823 986 71
631 606 1
534 713 2
829 603 6
1525 533 2
69 917 2
1322 269 8
958 798 2
295 113 2
590 412 5
1209 148 7
1136 338 5
26 393 2
1475 824 57
833 908 7
30 365 2
147 471 2
594 1154 7
739 167 2
26 325 2
40 1396 8
158 1296 8
1187 63 8
1221 1335 5
606 999 2
151 42 8
1110 172 5
470 739 2
575 289 2
90 293 0
241 883 2
434 438 6
1139 1416 2
818 419 7
42 1204 50
245 1322 13
565 1184 2
1502 598 2
897 1578 7
1040 116 8
42 533 3
575 221 2
698 936 8
36 928 45
126 958 3
546 494 1
349 537 12
442 365 2
1246 34 12
445 507 2
1145 147 8
41 292 14
81 990 1
1161 90 8
1193 338 5
210 689 2
1562 1016 12
534 1409 2
1114 883 33
1561 656 2
176 678 41
209 656 2
939 1578 5
83 586 2
88 568 7
300 1525 2
650 771 2
658 90 8
1209 844 7
452 116 8
724 1173 1
363 1325 5
322 663 8
620 287 2
922 338 30
530 1247 2
1046 130 5
777 1062 8
824 1203 6
192 162 2
796 606 25
290 929 7
504 857 2
768 702 8
1103 730 8
880 785 2
166 168 2
1438 259 8
273 795 7
759 1035 2
1204 1581 8
172 808 8
945 1264 2
177 1128 8
45 314 2
939 136 6
999 1422 77
926 124 1
1078 958 3
1394 150 27
999 254 5
860 936 8
1264 808 7
594 121 2
1296 1127 8
772 1639 77
1252 1436 2
594 116 8
810 590 1
205 698 77
1025 1054 7
808 453 2
1112 658 0
145 322 2
1496 488 38
205 1186 16
1173 209 2
380 724 2
24 572 2
563 1166 1
357 936 8
1354 118 2
292 68 24
1039 365 2
335 1333 2
586 729 2
316 1062 6
730 1224 30
923 935 2
907 1342 7
1082 1282 30
453 873 2
902 527 7
176 703 45
1367 796 2
820 90 8
1250 702 12
187 53 35
737 546 30
1160 42 8
1355 702 12
957 338 5
575 1578 3
1240 355 7
220 26 2
80 937 7
823 75 3
451 492 2
1336 1544 7
598 1578 5
1333 272 2
838 1128 20
307 1251 2
790 307 7
1317 172 27
192 83 6
1284 527 67
591 97 15
86 663 8
769 26 2
199 284 2
1184 1004 27
557 546 50
259 338 5
291 586 2
87 790 2
279 480 2
1394 513 26
287 546 2
528 1296 8
639 208 2
737 917 2
292 762 2
338 287 30
108 0 5
45 1338 2
45 942 2
847 741 7
259 603 6
917 911 31
707 883 2
486 1453 2
1394 778 27
1295 147 7
999 447 77
1181 958 3
594 1145 2
1488 909 1
1557 205 19
880 75 3
34 597 2
986 1252 40
1483 823 2
759 1491 5
36 212 44
998 293 66
1287 622 34
148 988 2
1250 671 33
804 1333 2
1252 289 2
1144 1384 8
228 1184 2
917 1345 2
795 1310 8
547 774 2
897 1127 7
579 656 2
1036 26 2
301 739 77
507 1225 0
1258 172 8
208 1340 2
1000 1287 2
546 772 2
992 419 7
301 275 77
1121 1198 54
316 603 6
530 572 2
322 485 33
1223 1515 2
1209 497 7
1056 824 6
546 704 2
86 1583 8
759 360 2
48 1488 2
277 534 2
1232 42 48
466 1557 5
416 540 2
824 856 6
1230 936 8
654 292 2
720 1078 1
593 929 57
1132 1335 5
399 1252 2
112 1118 5
865 936 7
1330 908 8
318 172 8
172 65 8
1562 458 33
856 914 2
176 753 2
406 277 8
676 1139 30
495 833 8
139 978 2
909 908 6
1496 501 38
147 648 2
1158 68 1
507 663 59
173 1139 30
1046 972 74
928 715 2
1087 724 35
1459 208 30
1351 1344 37
157 1324 39
321 958 5
1193 192 50
899 1325 7
891 1214 1
575 1258 2
1251 1087 2
1287 282 23
348 526 2
1082 539 30
907 1333 2
323 834 7
1233 272 1
720 63 8
1480 821 2
255 33 2
551 1396 7
337 350 27
501 54 8
1050 1481 19
192 1477 21
1395 97 8
3 734 8
441 1400 2
485 88 3
323 1058 7
323 662 7
979 739 27
1251 596 33
545 1052 2
1087 1491 7
763 1424 2
205 109 7
978 1393 2
27 192 30
209 891 7
1209 1125 7
1215 32 7
1223 540 2
1325 1243 7
1329 527 7
26 223 26
1114 891 8
1411 1198 1
847 462 7
729 504 2
1227 507 8
434 626 8
419 1305 8
623 210 2
519 548 7
1187 1395 7
502 856 2
502 460 2
1525 423 2
192 730 8
1166 929 7
1461 259 20
166 1033 2
830 1152 2
1394 35 27
380 677 2
251 98 16
498 1207 8
1207 163 8
784 1630 77
586 1078 2
530 40 8
32 883 2
1144 627 6
929 1 6
1041 166 2
31 535 2
499 998 29
650 720 15
923 1216 2
604 998 29
489 936 8
707 1052 2
1463 685 7
440 1456 2
914 1044 53
491 42 8
1035 898 2
552 858 12
1082 1459 30
170 642 30
541 1609 47
914 1148 2
593 588 8
338 265 7
1321 824 6
42 1094 50
1024 360 2
51 704 30
205 1201 7
205 805 7
993 338 5
361 958 3
507 1170 0
939 32 8
546 46 6
205 1097 7
731 958 5
385 338 5
547 255 2
238 139 3
550 397 2
437 1073 2
37 846 6
602 440 35
526 436 1
1209 442 7
177 502 8
281 620 27
1429 1127 7
737 1198 2
906 80 8
729 1424 2
279 1345 2
1184 616 2
147 369 2
279 239 27
45 1223 2
971 1252 2
1544 47 8
945 466 2
1076 1252 2
26 911 2
862 1207 8
452 754 5
1283 824 23
1054 798 2
406 222 8
1183 276 7
503 453 2
1184 881 3
115 670 1
1187 685 8
241 1073 2
24 1126 33
1510 958 2
1139 191 16
248 397 75
907 590 2
457 511 2
28 101 8
939 728 8
923 137 2
1082 810 15
1252 1258 2
598 32 8
41 586 14
596 116 8
1566 391 57
391 596 30
346 1396 8
855 440 30
1566 1079 57
782 1488 2
613 928 20
457 438 8
440 309 2
999 382 7
546 1345 2
502 379 41
446 1322 13
226 620 2
552 90 8
540 677 2
530 1541 2
874 1384 7
809 102 30
988 83 2
116 1190 55
62 742 2
99 139 3
406 189 7
821 1246 5
118 960 35
1009 80 8
1050 1517 1
111 631 15
406 877 7
620 805 2
620 409 2
139 1223 2
1087 1305 8
1287 670 2
734 1457 2
292 360 2
1301 908 7
597 1228 1
671 1392 30
978 1371 30
944 611 2
747 824 23
151 527 7
466 792 6
403 1396 8
380 622 2
259 97 6
1405 898 2
33 1122 2
858 588 8
1279 1224 2
1383 502 7
1141 273 6
902 51 5
1510 898 2
718 596 33
945 671 33
923 1229 2
246 80 7
887 1151 21
1322 31 14
272 1199 8
40 147 8
28 437 8
999 412 5
1031 975 2
205 1216 77
575 1097 7
421 51 30
28 1125 8
502 730 30
923 1161 2
726 97 8
1359 1352 2
923 1156 8
1173 53 34
122 488 2
51 357 30
719 720 15
990 766 57
80 1122 6
23 51 30
116 928 2
1171 80 8
322 798 2
530 1126 33
1429 848 7
761 298 1
98 208 2
85 510 2
1102 651 12
192 1480 2
192 1084 2
1568 796 2
809 1126 30
809 730 30
883 269 7
1187 1249 1
937 908 5
419 1550 8
1215 605 7
722 596 16
1393 513 26
503 739 27
205 974 7
1304 1296 7
86 1577 8
172 233 27
187 696 2
1009 440 35
1209 387 7
1114 742 23
1511 1072 5
338 873 30
406 1505 7
102 904 9
898 355 8
1359 658 0
976 1585 2
191 1419 8
890 880 45
620 1037 2
127 1325 5
1570 90 8
499 1287 2
611 1073 2
318 1334 80
616 1393 2
502 1033 2
1313 80 8
806 451 30
1394 1364 27
627 620 2
172 59 8
468 0 0
1141 638 27
667 1325 5
506 1396 8
176 247 2
285 26 2
887 507 0
594 929 7
147 246 2
729 1296 8
1328 546 35
668 1209 5
14 349 1
1166 1516 39
475 488 2
546 919 30
293 1187 0
355 603 6
1292 1144 44
42 1047 50
803 883 2
701 93 1
1158 390 8
928 605 2
1458 187 41
1354 1264 2
349 1160 2
527 957 5
228 1072 7
907 535 2
9 118 1
688 526 2
1264 517 2
1253 824 23
869 1152 26
1184 765 19
1466 410 1
449 322 2
880 952 16
674 284 33
438 1252 2
575 387 8
1231 1128 8
692 97 8
673 1393 2
939 605 8
42 368 30
452 63 8
915 789 8
420 928 2
697 808 14
923 743 3
546 1389 8
1237 958 3
1553 365 2
627 208 5
57 903 6
1132 21 8
654 586 2
547 1516 2
1221 433 7
642 480 2
1131 1190 55
69 1342 7
1449 1333 2
1333 102 8
627 1374 7
217 88 3
1003 1087 2
1128 377 8
380 116 20
1084 821 2
424 1187 8
306 891 8
85 1461 8
1188 891 7
1022 83 8
1177 365 27
620 458 2
221 172 8
546 1217 8
1103 213 8
1541 879 2
147 1338 2
147 942 2
1516 1525 2
1179 823 7
12 838 20
1296 929 7
1313 1396 8
864 63 8
806 1371 30
166 235 2
1087 622 35
140 1506 7
563 338 5
877 915 30
527 149 8
864 355 8
1031 1152 26
371 1418 7
603 256 2
1517 629 2
707 322 2
313 1118 5
1314 453 34
594 287 8
763 883 30
423 1152 26
876 1209 5
33 707 2
877 1139 30
205 1161 77
534 1214 0
457 1084 2
138 999 2
586 900 2
1171 139 3
1153 891 8
923 710 2
674 24 2
463 45 2
1359 901 2
661 1 6
1070 193 5
914 350 2
912 172 2
766 1 6
917 492 2
917 533 3
238 575 2
592 451 50
343 958 3
125 936 8
917 487 8
502 607 30
901 742 2
88 1039 7
1451 739 2
88 667 27
419 812 2
330 908 8
592 279 50
1215 258 7
547 145 2
1002 940 2
875 598 7
205 627 7
409 365 2
88 1309 2
908 112 19
867 510 2
1209 40 7
535 727 2
1411 1424 1
847 1084 7
45 889 2
1075 739 27
85 90 8
1215 190 7
823 706 71
1198 498 2
420 172 8
702 1490 5
603 911 1
1006 1199 8
192 1253 2
805 845 1
309 1062 8
501 462 57
1303 452 7
1158 1381 7
380 903 2
1153 88 5
191 999 14
590 1298 7
1520 80 7
643 796 8
380 1195 2
536 1139 30
485 1141 2
1265 603 6
392 1296 8
505 958 3
999 910 77
988 877 30
1284 118 2
241 671 2
988 930 41
479 34 69
1174 1198 2
957 97 8
1393 54 2
210 854 27
1054 719 8
808 1544 2
699 1207 8
1139 844 2
921 426 7
909 904 58
434 158 6
1124 1342 7
143 834 8
143 438 8
981 917 11
1252 460 2
1000 0 0
1247 590 2
897 1298 7
329 527 7
1371 1299 29
279 36 50
592 1371 50
322 1079 2
822 205 19
692 88 3
653 1562 2
236 113 75
770 934 7
435 1581 8
692 42 8
281 914 27
1317 575 27
797 42 8
1215 886 7
720 1421 1
1174 958 5
1315 88 5
1352 656 2
769 33 2
823 830 30
69 1333 2
880 281 2
535 1355 2
1554 590 2
647 1141 2
1264 53 35
881 507 2
747 821 2
1446 118 2
534 1061 2
197 796 8
1436 936 7
880 213 2
1179 80 7
1198 1418 2
279 69 27
1541 824 2
1023 1070 5
508 1062 8
618 891 7
45 138 2
1183 502 7
833 1198 2
1391 1342 7
1459 51 30
140 1393 2
915 441 0
939 252 6
638 1396 8
491 527 7
1187 119 8
503 575 2
1139 381 16
1522 147 8
568 936 6
823 863 7
374 824 23
338 1583 7
928 886 2
927 124 1
808 1438 7
33 256 2
135 1396 8
710 1062 8
689 1393 2
575 1033 2
1259 478 2
595 908 8
471 917 2
34 239 38
481 205 19
1250 118 2
999 676 7
231 1333 2
337 125 27
28 259 8
42 241 50
435 502 59
917 437 2
139 974 30
1450 166 2
796 390 8
1225 1326 48
645 534 1
898 1337 2
306 1199 7
1228 662 1
690 883 14
442 1396 8
1444 898 2
897 588 8
78 322 2
902 908 8
993 1102 37
581 249 8
880 909 2
995 191 33
759 1555 2
1371 485 30
821 1472 5
582 284 30
397 163 1
1402 338 5
879 165 2
322 719 8
1326 848 7
759 1550 8
790 338 3
1090 751 2
620 1031 2
922 1082 30
192 568 7
139 1449 2
437 147 8
611 671 2
502 235 2
166 516 2
613 1199 7
287 558 2
934 606 1
292 878 2
42 974 7
172 1156 8
572 1325 5
497 504 2
514 534 2
45 1058 2
45 662 2
1207 730 8
1302 90 8
1360 1557 1
279 424 2
34 643 38
486 1173 2
1394 498 27
1144 506 6
915 1361 0
823 1491 7
1287 753 23
336 908 6
591 1173 2
1173 637 12
247 1342 7
582 759 2
1188 671 50
464 620 2
934 929 7
558 81 10
205 274 5
64 191 30
917 1133 2
1082 942 30
1166 54 8
912 453 2
238 1252 2
147 63 8
295 1187 0
1207 63 5
524 1255 41
702 362 7
447 80 7
365 39 8
1040 1384 8
897 1243 7
908 763 7
596 50 14
217 1024 2
1525 1131 20
205 976 7
1045 1525 40
1153 1396 8
796 1310 8
1228 1290 1
97 149 8
194 380 2
1126 1072 8
744 494 1
823 377 8
1098 771 2
634 1236 6
425 742 2
854 656 1
676 534 2
424 97 8
880 1491 7
77 656 2
719 284 6
300 898 2
300 502 2
641 1333 2
1144 992 35
82 917 8
1211 1525 2
1054 513 26
126 1325 5
65 1296 7
631 211 1
1429 1298 7
133 908 5
620 1555 2
406 65 8
617 656 2
923 1335 5
1221 296 8
929 139 5
1087 848 8
1351 70 35
671 573 15
451 1457 30
1524 793 2
1562 562 23
1054 677 2
1221 588 8
736 958 3
834 880 33
839 208 2
1112 1376 15
999 1191 77
1468 1102 5
497 1424 2
1173 1253 2
127 988 2
267 1296 7
784 1118 77
739 163 8
596 63 8
823 808 7
1215 533 5
601 284 2
1058 936 8
484 1024 2
586 667 27
713 466 2
702 1058 7
1 489 6
28 1583 8
20 323 7
171 80 8
478 59 8
118 920 2
928 435 2
507 533 3
1163 936 8
1481 597 2
143 719 8
108 1342 7
575 978 2
575 582 2
208 1418 7
272 553 55
434 1127 6
340 530 7
795 929 7
921 1337 2
1252 1033 2
440 152 2
457 578 2
878 917 2
127 1207 8
1468 97 7
1024 763 2
494 1187 0
1052 119 8
951 249 8
190 995 1
575 514 2
449 147 8
756 697 1
1535 796 20
1082 191 30
440 480 2
104 365 2
546 782 7
323 778 7
1022 377 8
878 1141 2
614 739 67
158 958 5
1084 1407 2
272 934 15
863 90 7
172 882 2
289 988 2
958 681 27
614 275 67
1151 1225 0
434 54 8
530 893 33
824 808 6
406 256 7
1016 353 5
46 284 6
1187 1156 8
1315 139 3
1320 80 7
402 891 8
1144 241 35
932 846 6
1424 92 7
807 1236 52
847 114 7
317 172 8
912 739 27
503 1252 2
1271 933 2
915 1014 0
1351 75 5
718 702 12
506 147 8
167 1132 8
1233 396 1
586 798 2
1262 527 7
1473 1118 1
819 1342 7
627 90 8
1364 1515 2
1465 1415 5
590 770 2
917 390 2
1166 1310 8
20 847 7
323 412 5
1145 1199 7
1004 1236 6
527 104 5
143 36 8
1250 1087 2
15 505 2
457 1206 2
1565 1393 2
540 856 2
411 1070 5
565 502 2
459 172 8
295 1132 0
1329 1566 37
1069 883 30
1483 24 2
558 1404 2
869 603 6
619 338 5
641 1054 2
208 609 2
27 620 40
790 308 7
878 166 2
1252 277 8
273 1118 5
978 739 27
576 502 8
471 934 15
1104 208 2
279 1338 27
933 392 36
1190 309 16
424 42 8
874 855 3
847 1206 7
291 879 2
584 883 16
761 437 8
761 833 8
1429 1243 7
879 1124 14
1424 32 7
1125 596 14
761 1125 8
894 90 8
820 527 1
960 1173 1
166 693 2
1410 86 2
1461 119 81
1031 338 5
1133 1152 26
728 908 7
1313 147 8
507 104 59
957 292 2
599 1046 12
45 233 27
212 622 35
1326 83 8
890 720 15
1087 37 8
137 1199 7
1056 1488 2
999 740 77
929 57 6
24 1561 2
923 1632 2
365 393 2
595 337 38
890 1608 46
739 108 8
652 546 35
507 140 8
64 368 30
575 235 2
337 54 6
914 854 27
95 1184 52
1474 1152 2
668 88 1
840 697 14
746 934 5
453 41 58
118 63 7
1046 610 75
1046 214 75
216 1371 2
337 411 27
341 796 8
265 642 30
676 883 2
205 1153 7
389 761 15
507 1518 0
186 521 5
99 1296 8
541 453 2
442 603 2
457 158 8
377 1070 5
173 883 2
210 239 2
534 1355 2
928 758 41
84 880 2
756 178 1
917 203 70
1505 1325 5
524 251 2
1019 112 8
1438 273 8
74 172 2
306 1062 8
577 1609 47
1183 796 7
151 419 7
322 213 8
1461 919 30
512 891 7
634 908 8
1179 702 7
63 292 2
617 891 7
502 229 2
270 1333 2
275 1315 7
12 613 20
499 1371 33
1461 851 30
936 336 6
1438 101 8
292 471 8
159 620 2
847 59 7
779 1118 5
1521 147 8
205 1108 77
642 976 30
388 1322 13
486 771 2
917 1004 27
214 93 5
915 1000 1
365 584 1
365 625 2
503 796 8
829 172 8
199 1325 5
1046 973 74
613 1062 8
823 1381 7
1448 1139 30
205 644 77
939 789 2
1487 1342 7
32 944 2
64 1392 30
1056 440 8
1098 594 10
907 1334 2
999 1298 7
502 450 30
450 1073 2
1481 455 33
1262 742 2
337 1039 27
206 999 2
234 355 8
1090 1289 36
338 326 7
880 1162 1
1338 898 2
80 1279 7
742 607 5
451 438 2
1346 1360 2
847 99 0
80 1571 7
307 1197 2
166 1375 27
869 1236 6
1392 781 30
787 1236 8
1046 376 5
980 365 2
880 1135 2
1324 411 2
1215 429 7
1087 1388 7
809 450 30
151 1566 37
86 568 7
1046 1064 5
402 1199 7
886 172 8
1184 513 26
1221 259 2
874 462 8
988 723 2
317 917 8
1100 113 2
361 1325 5
981 1333 2
1446 1264 2
205 1126 14
471 1236 6
1045 823 16
981 1287 7
724 93 12
1394 792 27
731 1325 7
1562 491 2
858 1004 8
66 958 2
25 1112 2
958 981 2
1209 39 7
864 1550 8
297 1419 8
262 620 2
434 950 14
1173 1247 2
1322 92 8
1076 917 2
380 1366 2
1259 1400 2
743 139 3
1207 852 8
692 1228 1
594 695 2
34 765 38
191 781 30
784 320 77
488 662 2
926 594 1
24 1110 2
1160 397 2
1047 1073 2
814 1199 7
199 451 30
387 292 2
694 667 2
40 891 8
117 1359 1
594 1378 8
479 1190 33
1037 365 2
928 424 8
1503 90 8
934 1384 8
998 727 5
343 1342 7
1374 1021 2
1488 1516 2
1252 235 2
1271 998 29
51 309 30
41 205 19
218 26 2
208 890 2
1228 1120 1
1166 108 8
633 1236 6
205 1098 7
942 642 30
1550 1342 7
1506 1214 0
307 514 2
178 373 6
139 53 30
502 1553 2
1449 365 2
1525 1120 2
57 623 6
438 858 7
706 453 35
1406 1507 1
642 200 2
206 540 2
905 139 3
1274 705 5
1383 88 5
1322 59 7
546 942 2
406 250 7
406 291 8
546 937 8
302 530 7
399 1198 2
402 139 3
1287 1291 33
865 90 7
391 1424 2
147 324 7
347 1070 5
23 1562 2
162 1371 33
1424 233 27
1306 601 7
381 28 2
1312 80 8
1188 147 7
601 928 7
527 265 8
1337 1139 55
1461 849 41
30 488 2
374 534 2
406 119 8
555 338 5
999 1313 77
945 824 23
440 272 31
1173 368 33
143 1305 8
1322 1403 14
1244 115 15
118 808 7
147 886 2
510 32 8
834 0 7
876 1325 5
287 1341 30
154 172 8
28 102 8
380 219 2
590 264 2
337 627 6
259 172 8
907 883 2
1488 145 2
1468 323 7
551 1342 7
1351 568 1
464 90 8
923 1217 8
1224 1292 16
372 80 8
1231 1481 2
53 596 30
635 1173 1
548 416 2
28 326 8
736 1236 6
1357 824 23
999 779 7
1153 147 8
546 1008 7
80 828 7
1114 118 2
596 85 45
1329 879 2
542 1252 2
550 671 33
917 581 3
1447 419 2
1330 1118 1
880 684 2
1264 1289 36
995 362 33
535 155 2
118 961 35
1236 21 8
176 1395 2
88 1420 8
1156 933 5
1439 1072 8
322 390 8
1341 21 8
192 681 2
1517 562 57
958 484 58
284 983 2
1394 341 27
590 1245 37
1184 1491 7
267 1054 27
45 541 2
216 598 30
232 990 5
701 845 1
1396 957 7
380 623 2
1054 1381 7
651 1525 40
1506 1561 2
162 939 2
360 936 7
1394 273 27
363 1102 37
544 1296 21
626 90 8
923 1626 2
598 1125 8
543 546 30
24 775 12
1506 450 33
1152 726 2
1465 1245 5
1226 353 5
923 1522 2
934 605 1
565 796 2
877 990 5
575 1436 2
28 730 8
663 590 5
834 251 33
905 1198 2
796 779 6
661 57 6
36 796 8
371 32 8
170 192 30
763 603 6
1468 847 7
917 840 2
1480 284 33
667 936 7
53 1224 30
424 1507 1
844 212 71
576 796 8
633 1623 1
621 742 5
681 796 8
334 1296 8
1016 466 75
858 146 5
9 147 8
207 541 2
322 1482 8
24 81 10
1215 1002 7
438 453 2
1023 88 3
988 1004 2
1447 1112 23
395 33 2
820 338 5
70 883 2
148 284 6
1326 377 8
1546 1062 8
620 1330 2
1299 1562 2
84 702 2
514 1396 8
530 390 8
1525 601 2
1216 147 8
932 97 6
510 1315 7
535 229 85
1458 307 30
40 1199 7
119 553 41
625 42 8
266 1287 2
1461 53 30
26 857 2
145 1141 2
1391 1062 7
167 284 2
729 90 8
329 1566 37
1284 466 2
917 865 6
1460 51 30
565 1424 2
1393 798 2
929 908 7
720 22 8
1158 787 8
279 160 50
609 958 3
120 1322 13
359 1351 2
903 1252 2
126 365 2
916 891 8
742 1200 15
171 147 8
28 47 8
981 874 5
468 1287 2
320 938 6
276 881 3
491 908 8
649 883 16
551 891 7
823 848 8
124 83 8
450 1359 2
792 97 7
190 1166 1
903 1184 2
210 533 2
515 1151 21
997 1326 7
1138 1581 8
1031 908 8
1232 337 48
643 846 6
432 593 7
307 399 2
93 1205 2
420 1221 2
631 1078 1
1210 914 7
1132 22 8
1230 1424 2
877 883 2
88 344 7
880 728 8
1322 1388 7
880 1025 2
868 919 2
343 1325 5
799 80 8
491 1566 37
718 0 0
1446 466 2
864 820 8
503 320 6
493 1184 6
1177 1054 27
706 1236 6
151 879 2
1179 824 7
139 1169 2
30 1525 2
998 229 29
842 24 1
402 1062 8
350 596 16
1393 1156 7
1506 818 2
42 298 7
1127 1070 5
140 739 27
498 702 8
268 958 3
1506 1110 2
205 1626 77
33 672 2
393 504 2
1397 1070 2
1222 1118 5
818 891 7
1394 218 27
623 28 8
999 283 77
999 718 5
1562 1170 0
958 69 7
531 781 30
596 1550 8
941 80 8
1561 88 5
1258 1054 7
380 500 2
209 88 5
1054 92 8
246 656 2
1137 908 7
380 792 2
1372 914 7
502 676 30
1206 880 15
1166 1377 8
442 1187 7
796 1161 7
442 1525 2
1144 54 6
515 507 0
337 869 27
242 531 79
119 292 2
923 1399 2
823 269 8
36 451 30
889 1393 2
505 1325 5
1335 603 6
506 928 20
207 262 2
558 1283 2
249 37 8
1407 1388 61
502 1330 15
551 1584 28
447 534 2
593 83 8
1128 1079 2
417 17 57
897 1004 8
88 1436 7
270 546 31
844 553 71
1148 796 8
1019 1389 7
770 307 7
779 1396 8
401 453 35
1114 1087 2
1253 796 8
898 1243 7
417 1393 27
447 466 2
213 1054 7
1215 259 7
1252 52 8
1291 176 45
497 1152 26
1333 1127 8
809 676 30
318 1054 7
880 1315 7
1003 113 2
1215 551 7
66 1252 2
988 949 2
86 1127 8
502 1047 2
603 808 52
555 504 2
1418 1544 2
581 307 30
1552 1342 7
620 983 2
1497 338 5
1562 717 2
692 1184 6
720 622 1
502 979 2
1400 1570 7
1224 1282 30
820 594 1
290 355 8
26 114 2
694 920 1
958 1161 7
263 1090 2
541 147 8
380 1196 2
387 936 7
440 201 10
266 452 12
1054 689 2
148 57 6
1131 97 15
367 742 2
161 471 8
594 1213 2
921 833 2
34 1283 38
1152 1299 2
722 249 8
1029 975 2
1296 116 8
702 778 7
596 471 8
596 75 8
1483 1287 2
64 539 30
106 534 2
1357 821 2
341 598 7
349 1106 2
524 51 30
983 823 31
124 1298 7
276 92 8
239 322 2
60 453 35
836 642 30
236 474 75
365 387 8
1566 282 57
391 883 30
774 917 2
762 1166 1
478 3 8
950 176 45
478 341 3
1481 978 3
434 779 6
551 80 7
867 1166 1
1567 1090 2
440 200 2
546 840 2
147 758 41
1336 1325 7
1383 1070 5
1031 97 8
176 399 41
880 678 2
917 75 3
309 453 2
88 231 2
1209 565 7
12 852 20
143 387 62
145 1070 5
883 1282 30
168 958 2
177 917 8
527 163 8
294 1419 8
1177 603 27
702 412 5
620 300 2
534 347 33
321 90 8
398 284 2
579 88 5
370 1184 2
501 1574 2
49 671 33
713 590 2
621 242 7
458 338 5
495 568 7
226 440 30
928 955 2
727 1562 2
1438 272 8
237 1287 1
381 546 2
1404 113 2
1506 367 2
33 325 2
488 1120 2
916 1199 7
830 988 2
770 1325 5
858 83 8
608 80 7
1187 808 8
1233 116 1
158 42 8
24 653 2
1215 881 5
582 86 7
594 134 2
1252 1449 2
475 958 2
1481 607 7
337 882 27
438 1556 7
944 726 2
1503 1236 8
1521 88 3
495 1125 8
457 634 2
1162 936 8
440 604 2
271 796 8
1258 936 8
337 126 27
546 865 6
442 1132 7
1082 607 30
323 1298 7
1251 824 23
1152 152 2
1456 1073 2
238 958 3
20 936 8
1152 881 3
88 1381 7
1300 153 5
208 387 7
80 1346 7
322 689 2
1481 454 33
451 505 2
880 910 2
528 1090 2
590 1206 36
774 166 2
1230 97 8
1544 929 7
207 35 2
988 206 2
534 1439 33
172 1230 2
932 1325 5
74 575 2
194 1324 39
1211 898 2
535 277 2
1289 631 15
891 663 8
1506 293 0
1183 1199 7
936 1203 6
636 1128 2
527 1583 8
1262 1566 37
406 1437 8
1336 178 7
1215 428 7
861 530 2
1551 1359 4
486 858 12
1359 445 0
934 211 1
848 1544 2
505 535 2
451 830 30
43 147 7
1311 406 2
590 848 7
1029 1152 26
1537 97 8
388 419 7
157 1236 8
77 936 8
300 596 30
909 1 6
1496 1593 38
1239 1325 5
1141 792 6
1173 1314 2
582 1052 2
40 1062 8
24 554 23
337 1510 27
756 1070 5
246 891 7
1163 210 2
905 1424 2
349 363 2
143 92 8
983 761 15
28 852 8
918 1360 2
31 697 14
340 1506 7
415 1062 5
1094 1341 30
338 437 7
434 792 6
221 1515 2
897 848 7
789 883 33
1544 855 5
1364 88 2
1158 213 8
917 1457 8
905 1252 2
1082 286 15
1421 1306 1
997 1612 7
68 115 63
1114 1264 2
551 759 2
1207 766 7
174 1306 1
437 453 2
84 308 2
1210 908 7
1562 670 2
631 1364 1
357 596 30
1215 1520 7
1144 993 35
883 1220 14
806 642 30
581 880 30
1019 228 8
1476 199 30
173 535 2
338 1392 30
527 108 8
1198 1364 2
176 834 2
208 1282 30
1173 607 33
244 284 6
636 80 8
1518 80 7
527 40 8
1312 147 8
796 1305 6
503 958 3
390 90 8
393 97 8
1264 812 2
739 852 8
1264 766 7
479 1393 2
1570 338 5
1485 534 2
682 1314 7
346 1199 7
1158 1305 8
279 678 50
575 979 2
28 273 8
125 504 2
349 1283 2
1463 1381 7
534 1105 0
838 80 8
1035 90 8
774 1198 2
858 1068 5
0 318 2
440 841 2
558 89 2
54 631 15
1052 808 8
934 116 8
810 958 3
737 934 15
1152 92 8
849 720 15
1008 1252 2
728 958 5
502 102 30
1209 1310 7
111 147 8
681 824 23
297 1152 26
369 642 30
614 1187 5
995 893 33
258 501 71
530 537 12
671 838 8
357 1224 30
671 1135 2
1447 590 2
1325 568 7
273 824 6
1044 292 40
212 696 2
189 908 8
981 365 2
847 183 7
501 1114 21
555 97 8
1151 1518 0
84 1556 2
437 139 3
916 1070 5
620 581 2
759 390 33
1476 1119 30
747 284 33
176 728 7
403 1199 7
546 75 3
297 1207 8
761 102 8
620 873 2
318 917 8
508 1199 7
1179 1342 7
285 1236 8
847 511 7
178 167 8
874 114 8
1279 1360 2
1284 1342 7
52 97 8
936 643 5
535 149 8
1537 88 3
1197 90 8
1461 272 20
772 1641 77
1537 42 8
823 1437 7
988 476 30
1082 239 39
457 937 7
602 742 2
95 0 0
557 139 5
337 1163 27
124 568 7
273 147 8
575 1211 2
449 1141 2
341 739 27
917 1079 2
1229 603 6
143 37 8
418 823 30
1371 833 8
502 1194 30
519 1224 30
787 631 7
1399 90 8
904 1409 84
457 1161 7
746 307 5
624 1224 30
1371 1125 8
124 833 8
891 855 48
112 1024 2
1359 309 33
212 1496 2
1128 863 7
598 1126 30
1297 1359 1
205 1214 7
1183 1070 5
97 433 3
1224 787 2
85 682 2
434 273 6
1439 1152 2
614 1419 5
1207 711 7
417 1515 27
900 908 8
880 1483 2
1187 1421 1
1215 777 7
1333 1307 13
178 489 6
210 341 3
1371 1455 30
139 606 31
809 1194 30
1201 97 7
631 913 1
409 488 2
86 957 8
1443 823 33
1476 1455 30
1209 163 7
1404 1090 2
12 54 20
980 1396 8
1547 1581 8
1128 213 8
1205 11 2
118 53 35
76 249 8
761 730 8
176 91 2
639 502 2
1076 1333 2
1198 1309 2
298 139 3
1515 325 2
586 681 27
323 1109 5
205 85 77
1047 1525 2
269 1584 28
434 412 5
1330 535 29
1052 1449 2
507 37 59
912 320 6
915 1208 21
1561 546 35
322 1314 5
393 42 8
1481 543 2
449 166 2
1246 242 57
864 1335 5
891 938 6
135 891 8
1495 1515 2
916 1062 8
590 83 8
1252 233 27
340 80 7
143 957 8
598 149 8
457 524 2
440 98 2
551 1062 7
1052 65 8
1040 355 8
447 1342 7
255 90 8
1304 998 5
269 1325 5
923 937 8
1126 917 7
49 594 10
438 1419 8
917 369 3
286 527 1
80 256 7
1152 37 8
89 908 7
85 914 2
664 1461 8
546 1025 1
417 540 27
869 988 2
530 1262 2
39 1070 5
1227 1453 2
880 112 2
545 322 2
45 911 31
627 1488 2
880 800 2
1313 1199 7
555 88 3
602 958 5
176 719 2
1003 824 23
555 42 8
1127 97 8
1224 369 3
1009 139 3
1232 97 8
1184 1315 7
761 47 8
1333 1314 5
52 88 3
42 515 2
936 296 5
46 1396 8
309 502 8
466 163 1
939 83 6
1284 891 7
52 42 8
346 1070 5
475 1252 2
495 1127 8
506 139 3
928 1077 2
157 42 8
729 97 8
369 958 2
33 843 2
441 1118 5
1526 1156 8
609 1342 7
818 1062 7
9 590 1
380 1031 2
988 421 30
522 90 8
316 594 10
586 1036 2
659 338 5
951 495 8
565 178 7
301 1333 77
620 1131 20
192 726 30
1100 1187 0
1117 1199 7
434 1305 6
1031 988 2
1082 437 30
440 726 2
457 756 2
880 1006 41
907 24 2
314 1052 2
901 936 7
359 42 8
607 1139 30
783 424 2
176 1321 41
880 1163 1
592 915 50
80 884 7
1102 273 57
1333 929 7
249 104 8
212 1045 2
212 649 2
435 917 59
11 301 19
1438 929 7
23 64 30
86 929 7
87 805 2
993 1112 2
540 1026 2
1046 1065 5
508 1070 5
1322 1395 7
37 908 6
308 167 2
1184 1231 17
842 1287 1
565 1152 26
850 944 2
1207 588 7
70 999 2
534 209 2
1009 453 35
731 1326 7
311 205 2
623 504 2
1436 26 2
858 568 7
1394 689 27
268 1342 7
1313 139 3
439 950 30
1080 166 2
917 658 0
1396 1305 7
1292 28 2
380 1367 2
939 1399 6
836 488 2
1163 504 2
796 903 6
162 1287 2
1491 88 5
772 1046 5
406 226 3
933 714 2
824 732 7
577 958 2
276 39 8
817 1342 7
913 1342 7
625 90 8
739 54 8
594 1379 8
574 1517 1
762 338 5
932 1207 8
581 1141 2
1330 453 30
796 1127 6
1054 787 8
1461 50 41
939 102 8
1359 950 33
1139 912 2
457 177 2
463 1236 8
430 178 1
1179 1325 5
646 915 21
1360 296 7
1087 1315 5
293 1132 0
192 1122 6
1458 1190 2
530 109 0
547 576 1
1333 1161 7
845 837 57
956 1118 5
1082 1567 1
323 377 7
555 1371 2
199 823 2
551 147 7
1295 88 5
139 450 30
801 879 9
1570 507 8
928 600 41
671 728 8
263 1187 0
716 1070 5
172 773 2
178 1395 7
290 1181 7
424 908 8
787 90 8
527 730 8
1232 88 3
1216 495 8
147 663 2
139 889 2
279 533 27
290 1550 8
1080 1581 8
147 955 2
928 730 2
1438 47 8
618 1396 8
960 93 12
847 46 8
847 384 3
888 720 15
135 1199 7
535 1456 30
603 206 54
917 513 26
915 550 1
729 42 8
1160 671 33
1397 452 7
406 808 8
1144 1153 6
118 751 2
586 689 2
1393 808 7
1172 1419 8
702 1181 7
727 1322 13
1352 88 5
1566 753 57
1215 1344 5
218 1515 2
642 750 30
292 1131 20
1100 1132 0
1401 1207 8
457 805 2
999 848 7
24 360 2
502 396 30
681 739 27
308 743 5
80 856 6
452 342 74
598 326 8
179 939 15
442 1199 7
112 284 7
728 1184 5
780 1073 2
558 1003 2
217 172 2
401 1325 5
192 43 6
598 724 30
1333 1417 27
80 829 7
596 1204 30
1323 1342 7
88 1156 7
650 1359 2
104 488 2
1446 590 2
995 1119 33
1463 957 8
823 203 71
87 750 2
1284 419 67
761 355 7
406 1239 7
809 396 30
1069 880 1
258 51 30
995 158 8
166 360 2
86 456 2
393 1152 26
628 936 8
770 338 3
292 722 2
988 273 2
42 1214 7
322 787 8
526 484 2
824 1327 6
847 1097 7
1198 219 2
406 1212 8
603 673 2
1373 958 5
590 1246 37
1373 1296 0
158 914 2
700 441 66
1397 1544 7
594 709 2
1525 662 2
1077 365 2
623 1236 8
439 1291 30
178 685 8
45 834 2
157 620 2
696 1255 2
618 322 2
97 573 15
360 879 2
1173 401 2
1117 1070 5
383 212 2
594 245 2
1185 502 8
1526 937 8
279 492 2
454 596 16
1383 796 7
235 739 27
1259 1638 2
594 199 7
1056 1374 8
988 651 41
915 1098 21
914 1163 2
530 1491 5
699 933 2
1052 233 27
1054 44 8
694 905 2
796 1555 2
917 863 7
575 126 2
1153 1199 7
322 489 6
1045 80 8
452 970 74
524 97 15
939 47 8
792 1515 2
418 1341 30
440 1299 2
1253 821 2
447 590 2
1084 1118 5
1359 523 23
790 936 8
87 1446 2
796 1482 8
1082 61 15
324 558 2
370 917 20
728 501 5
1128 1381 7
856 761 15
555 1024 2
322 1150 7
609 1325 5
147 1292 16
1221 167 7
248 669 76
179 1342 7
307 460 2
1380 322 20
928 649 41
406 1145 22
1215 1295 7
530 360 2
880 398 2
992 936 8
98 1581 8
671 772 14
1219 958 3
971 434 1
759 648 2
510 1384 7
263 1132 0
1209 681 7
638 502 2
979 1333 2
541 172 2
1209 285 7
1019 3 8
1125 823 14
1416 823 2
913 921 5
30 898 2
714 904 58
30 502 2
928 477 41
1554 284 33
1082 678 43
61 1207 8
147 1004 2
147 608 2
190 1419 8
1541 936 8
382 276 7
759 179 8
1351 138 35
601 874 7
601 478 7
512 656 2
466 111 6
139 78 2
864 21 8
999 1259 77
371 1125 8
365 516 2
994 1504 57
598 47 8
54 88 3
1 265 6
930 488 38
1264 937 7
484 1488 2
54 42 8
1252 1565 2
1252 1169 2
894 338 5
1112 99 0
183 1070 5
917 1491 7
934 355 8
341 1342 7
126 320 7
206 958 2
223 988 2
737 451 30
442 898 2
457 750 2
440 324 2
578 891 8
454 1296 2
998 369 1
1104 1090 1
763 1152 26
995 1482 8
1020 1128 8
258 64 30
1062 129 10
1210 1207 7
981 558 7
1322 1389 7
416 1024 2
279 882 27
872 1252 2
995 1310 8
292 375 2
86 104 8
524 1166 2
322 44 8
1200 936 8
98 205 14
309 796 8
45 555 2
759 1568 2
106 1139 30
395 908 7
939 377 6
406 428 7
75 958 3
905 1152 26
557 279 50
603 618 2
620 648 2
1191 771 75
553 961 35
1215 148 7
642 1389 8
1283 419 2
1461 489 15
698 958 5
756 88 3
380 569 2
1360 899 5
205 1627 77
192 624 30
590 568 7
575 1450 2
1139 1126 16
1394 219 27
360 824 2
1403 90 7
1306 197 8
823 1212 7
1295 322 2
4 846 6
276 1578 3
24 1001 2
337 938 27
144 502 8
446 990 37
261 113 2
1306 129 8
238 1333 2
673 488 2
652 1070 5
418 598 30
1253 474 2
787 406 7
546 1213 6
357 90 8
998 1388 7
795 355 8
897 568 7
1250 824 23
1232 1488 2
1252 855 3
836 307 30
702 278 74
208 47 7
997 936 7
1003 474 2
9 139 3
284 792 52
1223 1024 2
999 83 8
1506 1105 0
1207 486 7
546 609 2
1422 1306 1
1232 1024 2
406 1520 7
540 1148 2
980 488 2
279 1510 27
464 883 14
596 432 15
1333 1420 8
913 1139 30
1525 1011 2
69 603 2
636 1184 2
1080 1252 2
318 1641 80
292 1295 2
86 1420 8
659 908 8
1221 377 8
1307 57 6
154 1515 2
292 189 27
534 727 2
858 1127 8
795 412 5
937 292 2
747 419 2
534 53 34
988 1239 30
601 527 7
944 167 2
374 821 2
770 990 5
309 928 45
171 139 3
106 535 2
919 453 2
51 1292 30
1252 1510 2
1037 488 2
240 671 2
135 1062 8
495 102 8
988 222 15
660 90 1
1054 1305 8
126 702 8
349 1003 2
1316 452 5
1122 1062 7
308 341 5
652 824 6
1207 412 5
904 209 84
21 504 2
913 1396 7
446 891 7
770 1296 7
1359 512 2
247 249 8
1123 1342 7
1317 1333 27
210 479 2
931 90 8
569 80 8
507 1294 0
1252 1437 8
244 307 29
27 1024 40
1452 406 2
1404 1187 0
167 451 30
1333 619 27
1264 519 35
218 936 8
879 1606 2
57 1210 6
541 917 2
286 594 1
724 1359 1
1022 98 8
1336 1326 7
88 650 7
84 1052 2
1468 42 7
1084 452 12
494 1132 0
1062 412 5
221 88 2
112 147 8
530 1329 2
176 692 41
952 823 31
338 1448 30
497 1549 2
775 113 75
864 766 8
796 724 25
1183 1260 7
747 1407 2
406 373 7
598 1567 1
495 929 7
167 93 1
527 852 8
623 88 3
259 57 6
125 1152 26
1296 1214 2
503 1333 2
381 1556 44
147 785 2
739 877 2
630 936 8
623 42 8
596 777 2
1409 434 2
944 503 2
1284 1062 7
1396 848 7
1180 1342 7
139 1047 2
380 514 2
1287 523 23
143 1491 7
1183 1088 7
790 1102 5
279 1094 50
1400 424 7
586 519 2
1230 338 5
1252 1450 2
1262 936 7
819 1396 8
3 934 7
232 1525 2
914 1053 2
796 757 2
558 901 2
1082 1330 15
1315 1542 5
457 1323 2
1253 419 2
1139 455 2
913 759 2
783 199 2
338 102 7
1052 1156 8
880 938 1
192 269 6
1190 704 35
1252 462 8
438 178 7
290 937 5
1102 444 57
455 546 2
228 210 2
314 759 2
1326 1314 7
208 726 2
152 51 30
1003 419 2
434 471 8
483 761 15
192 493 6
1215 497 7
1221 35 2
535 674 2
341 1325 5
66 1198 2
292 1298 7
847 1323 7
1447 998 29
20 958 5
1429 568 7
377 824 6
26 1417 27
961 845 12
724 207 7
1084 80 8
614 139 1
1525 492 2
514 891 8
838 1296 8
659 97 8
309 212 44
1141 1153 6
928 273 2
43 440 7
651 1252 40
262 292 2
1054 239 2
1196 90 8
599 1112 23
1052 1565 2
1052 1169 2
1382 593 7
999 1149 77
147 75 3
464 914 2
1073 1340 30
199 915 30
85 212 41
1291 553 44
701 26 2
596 21 8
1024 497 2
287 781 30
1036 504 2
677 898 2
1572 1482 7
546 183 6
1207 357 5
907 323 2
357 320 19
338 730 7
85 702 2
883 1299 2
883 903 2
1127 1322 13
819 249 8
178 613 6
1201 139 5
936 355 8
57 863 6
1126 1371 2
438 702 7
1404 1132 0
1008 958 3
1221 685 7
375 1371 30
1019 297 8
1145 502 8
292 101 26
538 1070 7
895 936 8
369 307 30
279 31 16
1215 1125 7
178 837 6
1173 925 10
138 192 30
424 292 2
1128 269 8
1549 905 2
756 1024 2
1209 907 7
514 452 12
626 914 2
1540 936 8
419 341 3
406 318 7
1087 751 2
933 1243 7
485 1342 7
1084 1396 8
147 438 2
1058 178 1
270 1054 2
1544 116 8
759 743 3
261 1090 2
147 730 2
1053 488 2
292 588 8
856 928 2
42 626 8
928 459 7
455 883 16
142 603 2
607 534 2
349 1352 2
1360 393 5
24 599 2
419 1335 5
1047 166 2
1069 178 7
923 670 2
1250 821 2
594 471 8
1173 1124 33
763 671 30
349 1284 2
1505 702 8
1355 821 2
1398 1236 8
1025 1351 2
390 781 30
915 945 1
1036 1424 2
323 848 7
34 82 38
1525 54 20
1132 568 7
338 47 7
384 1070 5
558 732 7
1232 586 2
501 1514 0
1449 1525 2
1019 1321 8
359 90 8
996 682 2
722 88 5
540 350 2
872 1082 2
530 1226 12
610 990 5
834 603 6
192 916 8
279 1004 27
1215 442 7
74 917 2
1144 311 35
338 418 30
324 1341 30
191 172 8
1438 1310 8
1476 724 30
821 487 1
729 914 2
498 898 2
1044 8 5
1359 99 0
150 1073 2
724 548 7
350 823 16
659 88 3
276 1097 7
0 1105 0
721 88 27
35 365 2
877 998 29
45 609 2
42 1213 7
89 958 5
28 929 7
1173 572 2
917 373 6
796 623 6
1526 1108 8
21 1481 2
603 672 2
1488 576 1
1400 997 7
590 1127 8
1388 891 7
1052 1510 2
77 546 35
702 377 7
913 1062 7
671 1567 1
64 138 30
917 684 2
1258 1515 2
125 1128 8
928 46 2
1146 80 7
879 543 1
856 172 8
143 330 8
249 916 8
322 1389 7
18 90 8
1454 1073 2
674 452 12
1442 530 1
487 1070 5
86 1381 7
57 808 6
1326 1491 7
208 1299 2
208 903 2
995 1126 33
1236 848 7
750 1342 7
635 558 1
770 1118 7
305 1525 2
855 1342 7
457 116 8
1317 759 27
147 649 41
1371 1456 30
992 1112 2
1536 373 52
170 320 6
1341 1577 8
800 338 5
534 637 12
886 917 8
192 1445 2
210 296 8
880 173 2
535 1247 2
438 958 3
12 55 20
759 423 2
1303 1040 7
1525 1133 2
147 1291 16
933 1415 37
454 1118 5
338 942 30
176 92 2
453 911 31
527 54 8
1476 437 30
485 1333 2
241 530 1
273 453 2
620 191 2
503 535 2
514 742 23
858 1307 13
58 380 2
373 87 7
28 1161 7
771 1564 5
1172 1207 8
784 669 77
475 917 2
1383 1199 7
928 1138 2
65 139 3
1237 1325 5
64 1126 30
1526 75 3
150 322 2
377 397 2
124 1494 1
276 387 8
1250 474 2
586 409 2
1173 381 33
51 1518 30
205 310 77
903 1424 2
33 148 2
912 1342 7
279 624 50
810 593 7
903 1419 8
825 90 8
880 379 41
915 494 1
1346 406 2
999 568 7
1179 1139 71
1082 102 30
685 1199 7
1488 158 2
453 485 2
1371 47 8
372 139 3
234 21 8
919 502 8
176 986 41
722 598 30
647 1333 2
147 985 41
74 739 27
83 34 53
999 833 8
879 125 2
1326 808 7
489 631 15
1219 1342 7
452 424 8
690 671 14
1082 379 41
1456 891 8
1445 1046 12
1533 1359 1
279 1053 27
530 775 12
66 796 2
368 451 30
530 1550 8
292 150 2
995 375 33
988 92 8
292 442 2
1329 824 2
638 1296 8
118 1015 36
26 619 27
159 603 6
847 817 7
45 622 2
143 1389 7
1184 1258 2
406 932 8
603 393 2
620 423 2
284 704 2
722 1073 2
192 793 8
1390 1087 1
1424 39 7
1198 231 2
54 914 2
86 1315 5
159 914 2
934 394 1
883 463 31
338 191 30
263 530 2
139 1565 2
563 1515 2
340 1173 7
365 1310 8
155 1562 2
586 1037 2
239 1141 2
671 61 15
1082 1194 30
1152 1135 2
771 417 5
1056 734 8
116 322 2
575 1449 2
64 375 30
998 393 5
334 1090 2
435 320 6
1082 1126 30
1082 730 30
193 1562 57
122 210 2
790 323 7
914 1211 2
988 595 41
36 915 30
889 1461 2
698 97 8
507 441 0
205 1160 7
1360 376 3
208 114 7
1463 1305 8
323 83 8
406 1295 7
620 1223 2
1098 1351 2
1114 824 23
192 1098 2
178 39 6
66 1424 2
75 1342 7
1429 1550 7
1340 90 8
1570 172 8
1230 908 8
404 406 2
246 88 5
290 158 7
507 1097 7
125 338 5
417 891 8
466 1210 6
1209 401 7
1326 98 8
1200 28 8
388 656 2
262 586 2
1126 176 45
565 880 1
367 936 7
1398 178 1
694 1029 2
999 687 77
945 821 2
601 594 7
980 880 30
671 368 31
1322 381 14
1537 908 8
419 445 66
999 583 77
24 1404 2
860 97 8
475 502 2
912 1333 2
118 812 2
241 694 7
917 1315 7
161 1227 8
42 1457 50
64 315 30
138 453 2
337 30 27
349 486 2
759 1335 5
928 619 2
653 1407 2
279 173 50
575 78 2
322 837 6
434 623 6
357 97 8
917 938 33
546 747 1
446 1062 7
85 928 2
915 480 2
24 25 2
730 781 30
523 97 15
795 1550 8
923 533 3
1145 796 8
228 1419 8
790 847 7
408 88 5
295 0 0
1252 1212 8
178 735 6
779 139 3
796 128 2
995 1161 7
88 471 2
578 147 8
1209 805 7
1022 269 8
205 81 7
184 11 7
1444 339 2
1184 979 2
406 216 7
534 191 33
880 350 2
642 890 2
528 530 2
1209 737 7
279 206 27
1333 116 8
183 451 2
1326 726 8
267 1184 27
864 937 8
88 1086 8
852 1128 2
284 357 2
517 1054 7
176 957 2
380 854 27
281 642 2
252 210 27
419 813 8
1173 1126 33
1084 453 34
475 1198 2
507 387 8
380 289 2
847 298 7
939 321 6
1506 831 2
784 1638 77
33 393 2
145 575 2
1041 739 27
983 928 45
1400 199 7
36 535 2
90 836 5
999 4 77
380 581 2
1383 507 2
923 896 2
543 934 15
1262 419 7
419 1206 36
907 1641 2
1174 292 2
941 139 3
178 381 14
1026 322 2
577 172 2
917 678 2
911 1082 2
453 1126 2
40 502 8
1152 684 2
920 28 2
88 59 5
908 318 2
810 1207 8
917 574 2
129 1071 7
1535 988 20
290 1176 5
457 1098 2
1253 590 2
1191 353 5
1322 743 5
1225 891 7
901 824 2
546 1271 1
210 882 2
1454 671 2
253 90 8
541 1342 7
1359 200 33
809 861 30
212 595 2
1338 1236 8
677 1324 39
650 1360 2
1483 208 2
1069 671 30
698 42 8
464 671 14
995 724 33
88 1053 7
1326 1381 7
558 622 34
546 32 8
295 1371 33
419 1217 8
530 129 2
1252 65 8
623 914 2
362 64 30
390 603 6
488 513 26
86 848 8
55 97 7
1209 54 7
45 1299 2
45 903 2
176 1293 2
961 1359 1
739 638 27
689 1118 5
279 269 2
620 704 2
363 139 5
1552 1396 8
202 1610 56
1081 1252 2
759 805 33
377 891 6
514 1062 8
1394 1031 27
451 606 30
338 1578 5
170 958 3
255 1141 2
1084 147 8
1407 920 2
505 702 8
241 24 1
978 249 8
1158 1395 7
833 292 2
945 474 2
796 412 5
852 80 8
1085 1173 13
999 236 77
148 553 2
157 908 8
1259 1639 2
750 1139 30
485 759 2
673 88 5
933 264 2
602 527 7
590 1307 13
860 88 3
552 338 5
90 153 5
860 42 8
229 1371 2
1135 845 1
539 642 30
28 1420 8
1495 322 2
575 127 2
1029 988 2
452 971 74
813 1581 8
1359 1292 33
357 88 3
552 702 12
143 848 8
551 603 2
1004 90 7
524 64 30
1123 1062 7
329 879 2
507 1451 1
507 1014 0
1085 88 5
397 153 5
641 1132 7
1128 112 8
1209 750 7
228 1296 8
792 33 2
534 1247 2
1215 900 7
1221 834 2
279 255 27
307 357 2
603 223 26
1014 80 8
192 63 8
1040 1578 5
647 759 2
958 1578 7
181 1128 8
1555 172 2
1184 1044 53
1463 1315 5
1402 57 6
620 21 2
999 1328 77
503 365 2
983 212 44
279 83 27
454 187 41
408 1396 8
1184 1148 2
273 575 2
293 338 3
958 1114 7
546 1282 30
1140 1132 0
917 1227 6
1460 809 30
178 3 8
45 152 2
944 223 2
99 1187 0
1396 568 7
226 453 30
609 883 2
205 896 77
488 1133 2
115 910 1
21 1024 2
495 1310 8
211 1306 1
75 1325 5
491 879 2
586 239 2
24 374 2
631 21 8
1133 998 7
1158 685 8
1215 1290 5
1164 42 8
1479 488 2
128 26 2
575 1047 2
457 355 2
1082 724 30
397 1245 5
104 898 2
371 39 8
542 434 1
1176 80 8
530 683 0
323 1311 7
840 1224 30
975 1567 1
855 284 30
783 315 2
504 293 0
1090 389 36
98 284 2
742 441 0
1124 1556 44
1451 406 2
507 768 1
673 80 8
305 380 2
1455 891 8
779 1062 8
435 958 3
323 1243 7
1399 1070 5
420 1515 2
1439 988 2
112 891 8
419 433 7
302 1173 7
1337 1184 2
768 1236 8
915 65 8
261 1187 0
547 104 2
1562 1047 33
516 1393 2
1151 1294 0
1166 412 5
86 793 8
183 1024 2
936 487 5
62 936 7
1409 908 7
33 1138 2
1230 88 3
486 1359 2
1271 1070 2
1230 42 8
600 1236 6
980 80 8
208 375 30
1299 1173 2
24 732 7
290 21 8
20 1088 7
380 1258 2
582 795 7
879 893 14
642 1392 30
603 843 2
999 181 77
729 908 8
1388 1062 7
577 453 2
1044 166 38
586 1555 2
517 284 14
428 1166 1
912 535 2
56 535 30
1516 1324 39
3 1224 2
1466 90 1
879 714 1
501 1227 8
1139 803 2
1128 1395 7
59 1184 5
282 939 15
1232 656 1
457 63 8
1058 1070 5
761 606 1
912 759 2
1224 160 16
1357 419 2
187 309 16
1221 159 2
1321 1342 7
329 824 2
212 1168 2
208 678 2
80 92 7
420 540 2
57 875 6
673 1396 8
898 272 2
322 1388 7
981 1525 2
420 57 6
761 929 7
845 264 57
530 743 3
1144 1110 35
391 1152 26
1304 1536 7
1209 627 7
33 223 26
1179 143 7
176 555 2
176 159 2
1075 365 2
147 158 2
1036 1152 26
731 534 7
1458 546 30
880 167 8
475 796 2
1515 393 2
172 533 3
636 139 3
24 983 33
369 502 2
444 939 15
30 380 2
1398 1128 8
928 913 2
917 1505 7
933 837 2
533 1152 26
505 1207 8
488 1078 2
831 88 2
722 147 8
491 824 2
337 256 27
917 1483 2
122 1424 2
453 970 58
1187 766 8
1112 441 0
1480 823 33
1481 1007 2
320 489 6
453 1016 2
1251 821 2
430 697 1
1357 1407 2
502 287 30
907 1062 8
278 1609 47
1456 739 2
545 958 2
349 622 34
648 1141 2
86 1388 7
1221 1079 2
1247 742 23
1128 685 8
429 1424 2
993 656 2
1549 1321 2
1209 1323 7
177 1342 7
614 908 5
323 792 7
406 442 7
1080 739 27
778 322 2
384 1118 5
1003 284 33
775 474 75
872 1198 2
809 287 30
502 366 2
1103 813 8
279 1120 27
1011 1199 8
779 147 8
1476 152 30
747 1070 7
338 138 30
349 718 10
1476 840 30
440 1191 10
1304 97 7
167 823 2
377 1264 2
1394 233 27
1539 936 8
191 1608 46
292 545 2
1174 586 2
1515 625 2
601 1052 7
380 411 2
599 1207 8
1372 1325 7
143 1388 7
33 911 2
392 908 8
1207 1505 5
1287 36 33
543 322 20
1259 1529 2
1052 1230 2
1052 834 2
582 322 2
1166 677 39
914 1450 2
181 1070 5
464 975 2
990 727 57
487 88 3
478 1389 8
455 178 1
217 759 2
1359 98 33
593 390 8
1483 502 2
502 519 30
592 88 3
1354 821 2
1016 904 74
789 1264 2
795 743 3
607 915 30
856 720 15
592 42 8
787 1040 7
841 904 9
42 536 50
439 819 7
112 1141 2
64 1567 1
1035 1419 8
727 824 5
1325 1381 7
742 1014 0
1455 1073 2
346 502 8
88 1279 7
809 983 30
636 1198 2
74 1333 2
401 1566 37
1236 568 7
646 1342 7
584 1525 40
1210 178 7
656 29 2
1341 568 7
1308 846 6
293 936 7
1190 31 16
583 1118 5
1536 489 52
846 265 6
197 80 8
559 90 8
960 1359 1
1215 790 7
547 677 2
1211 796 2
939 910 5
988 792 2
642 32 8
303 702 8
1326 269 8
452 660 5
1008 1325 5
1177 1525 27
1303 1052 7
988 893 30
124 215 5
1087 119 8
145 1393 2
1184 350 2
451 1124 30
1043 1083 57
1061 883 33
975 1499 10
178 808 8
754 88 3
1527 147 8
1037 210 2
205 637 5
108 307 5
415 1132 5
1296 355 59
535 1292 30
999 1150 77
495 116 8
24 1575 2
707 1581 8
1035 995 1
24 1191 12
840 883 14
201 1285 5
298 958 5
1024 498 2
311 598 30
702 920 74
1158 179 8
101 453 2
1053 80 8
1251 474 2
54 761 15
1372 178 7
908 1418 7
1082 551 82
1139 1376 2
1450 739 27
1562 658 0
23 1224 30
1359 62 2
307 359 2
800 42 8
112 166 2
649 671 16
958 414 5
42 1456 50
656 684 1
1215 1194 7
933 1206 36
447 1396 8
226 26 2
81 1351 2
1449 898 2
125 97 8
397 1154 1
1019 298 8
80 269 7
311 1073 2
322 3 8
978 488 2
322 341 3
347 495 8
995 1305 8
854 1342 7
1215 1418 7
880 125 2
279 773 27
915 976 30
409 1525 2
873 1072 8
297 586 2
147 36 16
1401 57 6
618 1199 7
472 1325 5
618 1141 2
1002 883 14
307 976 30
1179 320 7
731 419 7
836 1252 2
1461 986 41
65 176 7
111 761 15
503 883 2
1353 1072 5
284 424 2
858 390 8
960 207 7
944 53 2
928 1194 2
380 460 2
1193 671 50
939 929 7
97 438 6
119 1184 6
1299 307 2
590 63 7
440 182 1
712 80 8
471 846 6
717 697 2
374 284 33
823 1395 7
594 76 8
337 829 27
1039 33 2
1112 1014 0
255 507 8
3 880 7
392 97 8
117 349 1
66 1152 26
519 598 30
234 833 8
1082 1230 20
140 249 8
234 1125 8
1225 1400 2
1082 450 30
596 1340 30
147 1401 41
228 178 7
897 167 7
1116 1360 2
440 1135 2
929 90 8
1292 1341 30
337 1053 27
362 187 71
540 1211 2
581 166 2
897 63 7
1090 1344 37
997 535 7
27 671 30
613 846 6
322 636 2
1326 1156 7
527 1161 7
383 631 15
202 58 2
78 166 2
277 1199 7
1499 534 10
503 908 6
1087 1448 2
705 293 0
528 933 2
1215 47 7
720 186 1
1044 586 40
950 823 31
292 894 2
980 1062 8
1000 879 9
1054 854 27
1285 386 1
939 792 6
277 742 23
247 88 5
598 929 7
84 143 2
158 586 2
1424 387 7
228 1152 26
530 1335 5
1313 205 14
934 1138 1
501 833 8
1153 1236 52
1554 453 34
1177 1296 8
718 466 2
928 511 2
999 407 77
501 1125 8
1208 1296 0
1500 620 2
363 908 7
104 1424 2
712 1396 8
568 97 6
1407 523 2
817 1396 8
1166 854 39
1152 1483 2
350 891 8
573 593 7
144 917 8
32 1581 8
349 602 2
205 1284 7
1122 603 2
1087 389 36
737 1255 41
1251 419 2
274 466 75
913 1333 2
650 631 15
852 115 15
1228 1598 1
1463 1388 7
442 0 7
770 1187 7
823 685 8
1024 375 2
42 170 30
1040 21 8
742 573 15
391 671 30
581 1581 8
125 88 3
1252 932 8
139 531 30
1461 949 2
570 139 3
194 620 2
653 1351 2
118 519 35
323 390 7
483 939 15
631 519 1
1259 1070 5
406 40 7
434 1337 8
416 172 2
307 528 2
1317 1052 27
279 30 27
425 936 7
1522 1342 7
880 70 2
1330 936 8
1151 441 0
166 638 27
1295 1199 7
836 1296 8
739 476 2
294 1207 8
843 488 2
504 762 2
46 1062 8
1287 745 2
601 988 2
960 548 7
1515 911 2
893 761 15
830 880 2
1240 937 5
90 1227 52
537 1285 5
271 365 2
97 779 6
126 898 2
524 535 30
702 1298 7
1 1125 6
457 886 2
914 256 2
392 88 3
594 21 8
337 774 27
917 2 2
669 907 32
135 1581 8
392 42 8
1503 1128 8
1008 434 1
28 116 8
1566 766 57
1421 1070 5
502 117 30
240 1581 8
769 603 6
322 854 27
314 322 2
347 453 2
923 881 3
323 1482 7
1152 39 8
792 504 2
817 249 8
751 904 58
445 1400 2
978 1525 2
176 987 41
880 870 2
189 928 2
796 179 8
759 1120 2
769 914 2
548 430 2
995 1550 8
719 824 6
530 1578 7
1549 714 1
512 88 5
1223 172 2
1562 890 33
796 471 8
995 840 33
723 1070 5
795 1335 5
897 377 8
950 761 15
928 1345 41
928 949 41
763 988 2
809 117 30
809 513 30
463 208 30
419 937 8
808 1325 5
557 823 30
183 502 8
931 338 5
722 671 16
74 759 2
1393 233 27
292 834 8
45 623 2
369 1424 2
982 1581 8
1360 743 5
1151 1361 0
620 424 2
1085 669 13
186 936 8
466 875 6
483 1342 7
284 309 2
291 90 8
499 1070 2
30 1198 2
1295 166 2
829 57 6
1416 208 2
1525 383 2
192 1086 8
1322 119 8
1141 1131 2
849 212 2
594 326 2
719 147 8
720 787 8
915 887 21
914 911 1
380 1033 2
369 1252 2
36 883 2
1162 1128 8
913 1054 2
631 424 8
923 1640 2
34 1120 38
1382 880 7
1184 167 8
897 808 7
1058 97 8
1027 500 2
1 46 6
1140 1322 2
125 1371 2
1250 284 33
125 975 2
254 397 75
1163 97 8
1039 898 2
349 151 2
346 796 8
205 833 7
270 642 30
440 1416 2
621 824 5
558 309 33
563 33 2
454 51 7
1062 1335 5
375 642 30
1463 937 7
277 1070 5
232 1324 39
783 1114 2
915 244 8
770 1132 7
316 284 6
590 961 35
862 958 48
1215 792 7
450 349 2
210 18 8
789 671 33
1453 153 1
1106 1090 2
681 419 2
1304 1087 7
183 824 6
641 898 2
1215 1084 7
547 971 2
438 593 7
885 158 27
311 671 2
1236 1127 8
641 1581 8
1341 1127 8
1221 158 2
195 1236 8
880 114 8
318 249 8
1562 523 23
497 656 1
602 1566 37
1509 742 57
535 311 85
1461 531 30
777 958 3
176 330 2
1084 891 8
880 384 3
739 421 2
1052 1418 7
161 1004 8
399 365 2
290 820 8
1287 2 2
1515 168 2
1177 1082 2
847 108 8
978 307 30
27 166 38
1287 890 33
1 1138 6
266 1296 8
118 994 37
42 855 3
928 1084 2
350 1073 2
1024 724 2
702 1243 7
455 1073 2
930 501 38
1046 481 74
575 475 2
1158 743 3
218 51 7
951 502 8
1367 26 2
673 1184 2
949 453 35
1166 471 8
1335 57 6
89 527 7
1239 845 1
1020 917 8
468 1296 8
350 1396 8
1488 104 2
923 92 8
311 534 1
337 255 27
623 891 6
671 803 2
416 917 2
1164 90 8
307 877 2
453 723 2
780 739 2
1301 338 5
438 1221 7
897 390 8
427 1062 3
584 380 40
661 90 8
530 458 33
80 65 22
1461 114 39
87 20 2
1210 928 7
168 320 6
1295 1070 5
416 1141 2
273 320 6
620 437 2
1046 280 5
910 440 35
727 1407 2
3 904 9
891 104 8
1160 594 10
847 75 7
54 928 2
1177 380 27
1151 1014 0
1301 936 7
1503 338 5
277 1062 8
277 1359 2
1144 1578 5
1305 908 7
620 369 2
462 51 5
1198 177 2
178 59 8
122 1166 1
1160 1342 7
3 8 5
154 540 2
631 437 8
45 500 2
819 1199 7
470 846 6
930 1593 38
181 97 8
928 1316 2
813 590 1
590 685 7
380 582 2
1384 1544 2
309 451 30
205 1640 77
42 1437 8
535 1499 10
457 1563 2
158 507 8
939 1384 8
923 793 2
1132 472 1
1233 873 1
1233 477 1
170 1325 5
914 829 2
671 1161 7
238 1054 2
501 259 8
1163 88 3
1201 958 5
1163 42 8
1451 93 1
419 1472 37
1082 676 30
1228 1196 1
458 90 7
265 139 3
923 1116 8
428 1255 2
540 1041 2
42 311 50
897 685 7
897 726 8
519 534 1
286 998 1
284 844 31
1317 322 27
750 883 2
1306 1578 5
85 178 2
1223 1141 2
322 758 2
1217 1342 7
325 504 2
1429 808 7
718 939 15
1454 891 8
1162 338 5
1443 1046 12
534 236 12
1215 273 7
546 622 2
313 1581 8
761 1086 8
102 891 8
110 322 19
671 47 8
1215 565 7
720 704 1
530 813 8
986 1584 28
122 1152 26
1209 347 7
1283 452 12
45 1196 2
544 546 30
841 823 2
1317 80 8
1173 775 12
1298 147 7
35 488 2
1270 1344 1
464 338 5
1322 296 8
406 533 3
988 960 30
486 596 33
739 366 2
367 824 2
266 558 2
140 488 2
492 546 2
1054 411 2
261 530 2
507 101 8
205 412 5
573 1184 1
54 172 8
1185 796 8
359 702 12
159 172 8
1047 917 2
485 1052 2
415 1199 5
419 683 66
1252 543 2
912 883 2
586 300 2
771 991 5
746 1187 5
897 1381 7
341 320 7
702 792 7
205 201 77
185 1515 27
453 840 2
1304 958 5
928 565 2
575 420 2
934 21 8
673 1525 2
1409 958 5
922 212 2
457 20 2
13 1396 8
434 1298 7
1024 601 2
546 688 7
882 1141 2
202 543 1
1015 502 2
323 684 7
610 1517 5
1460 553 2
914 78 2
923 37 8
569 139 3
1351 909 2
696 97 8
1020 502 8
57 1327 6
502 265 15
438 1207 8
519 1507 12
438 1166 7
502 272 31
626 338 5
980 1525 2
1084 1199 7
530 666 12
859 172 2
395 620 2
1081 739 27
305 1324 39
1549 577 2
756 1488 2
747 452 12
452 1063 5
45 221 2
939 43 6
1184 1045 53
228 338 5
406 94 7
324 781 30
620 22 2
824 938 6
139 836 2
435 1325 5
30 796 2
1548 958 3
620 314 2
1400 213 7
1084 742 23
370 1198 2
167 934 8
359 671 33
147 1194 2
181 88 3
338 1567 1
380 235 2
606 1488 7
978 880 30
873 781 30
317 1118 5
252 88 27
1119 307 30
551 88 5
945 284 33
543 880 15
574 93 1
772 1374 77
911 1424 2
247 1062 8
320 837 6
77 1070 5
206 1252 2
546 925 1
397 1246 5
1114 93 1
1573 1220 1
796 770 2
596 60 44
322 479 2
148 90 8
265 958 5
322 433 7
671 1376 2
1333 471 2
323 1307 13
1045 620 40
900 26 2
795 21 8
285 338 5
210 1120 2
1184 1430 57
330 936 8
895 97 8
796 743 3
417 1024 27
880 992 2
592 307 50
1525 513 26
441 1581 8
596 1047 30
1228 677 1
184 440 57
759 1242 2
88 1395 7
988 684 2
641 1184 2
981 898 2
322 703 2
205 1384 8
152 64 30
650 883 33
1215 218 7
202 125 2
287 349 2
1505 139 5
988 220 2
642 1418 7
1525 677 2
1103 1161 8
1437 212 2
530 367 2
526 35 2
535 390 8
611 1046 2
62 879 2
292 961 2
502 1402 2
86 1086 8
1429 685 7
1476 1188 30
1053 1252 2
1373 847 0
847 1377 8
30 1424 2
1207 813 8
1084 139 3
620 942 2
1394 581 27
150 1141 2
380 1223 2
1436 210 2
384 507 2
858 793 8
290 22 8
1283 742 23
602 879 2
355 284 6
932 1 6
934 913 1
917 837 6
24 1003 2
30 45 2
575 638 27
1233 758 1
897 1227 52
772 795 77
1173 1328 2
1371 929 7
144 796 8
986 1270 5
265 879 9
1158 3 8
124 929 7
1158 341 3
917 1148 2
990 1075 57
349 377 2
1017 1224 2
1257 1199 8
341 603 2
223 307 2
1478 530 2
1100 0 0
1251 590 2
71 115 15
80 1327 6
1428 1507 5
753 891 6
208 1097 7
102 453 2
434 1243 7
1024 150 2
1187 1225 0
1351 562 2
696 88 3
1317 603 27
1221 114 7
1215 1310 7
696 42 8
839 958 5
205 1283 7
544 1581 8
698 908 8
1158 1335 5
736 1 6
526 690 1
1019 18 8
27 586 40
1236 957 8
166 189 27
1429 1381 7
425 419 7
804 80 8
1517 1498 57
156 546 1
631 982 1
530 599 2
1215 1138 7
880 241 2
489 824 6
687 1118 5
176 556 2
279 1135 2
406 39 7
514 1199 7
999 1274 77
291 1236 8
731 535 7
145 739 27
747 742 23
503 702 8
958 1456 7
273 958 3
1058 1024 2
55 936 8
1398 697 1
1395 1342 7
163 97 8
487 502 8
390 172 8
1527 495 8
504 829 2
928 518 2
1340 338 5
928 1305 8
97 158 6
457 369 2
252 33 27
595 936 8
586 581 2
320 850 6
1461 930 41
138 284 2
434 1210 6
1493 322 2
1090 70 35
1024 1242 2
244 1396 8
917 173 2
819 1062 8
176 55 45
235 1333 2
874 1310 7
454 847 2
555 1184 6
575 1384 8
1303 1102 5
440 167 2
1247 823 33
1040 424 8
457 588 8
210 773 2
1047 205 14
81 1407 2
1104 933 1
1570 1054 7
1221 1080 2
667 97 7
258 187 71
902 936 8
1019 646 8
1438 766 7
205 204 7
119 1190 55
102 139 3
1553 898 2
1517 523 57
1453 65 2
686 1070 5
926 720 15
880 869 2
419 1108 8
411 1393 2
1324 541 2
1324 145 2
279 1121 27
1554 823 33
702 1067 5
263 0 0
936 829 5
868 1451 2
82 249 8
62 824 2
292 568 7
1177 898 27
1120 88 5
284 480 2
98 451 30
33 980 2
761 116 8
603 857 2
1400 390 7
722 1141 2
627 178 2
270 488 2
917 99 0
607 883 2
381 1128 8
999 523 77
363 1070 2
24 552 2
713 742 23
1173 201 12
1477 1506 2
1054 296 8
143 119 8
598 1310 8
795 433 7
1184 46 8
1130 124 1
1104 958 5
1184 384 3
45 1119 30
988 782 30
594 424 8
823 140 7
1055 535 7
1479 958 2
217 1052 2
108 1070 7
1090 75 5
359 507 8
763 1184 6
440 1483 2
1207 23 5
350 147 8
540 1163 2
556 34 12
1253 1396 8
219 504 2
1220 846 6
1216 1342 7
681 590 2
700 81 8
1341 929 7
936 21 8
1221 59 7
183 891 6
1225 603 48
527 1550 8
1173 683 0
761 916 8
279 856 2
474 1475 5
1101 771 75
168 739 27
409 898 2
409 502 2
292 1242 2
419 75 3
1080 320 6
463 338 5
485 1054 2
279 684 2
706 1 6
1084 1062 8
374 452 12
440 801 10
408 891 8
34 1591 38
1055 939 7
666 1285 5
1046 129 7
1187 92 8
43 734 7
479 1128 2
163 42 8
1180 702 8
1163 1198 54
56 781 30
1413 80 8
1296 424 8
1335 1566 5
27 337 38
1396 63 7
377 118 2
852 495 8
216 1517 1
766 501 5
271 80 8
1264 433 7
51 1239 30
1106 1187 0
453 274 2
872 1152 26
771 1509 5
217 1342 7
25 90 8
572 908 7
279 241 50
558 512 2
457 246 2
1481 849 2
677 796 2
234 102 8
695 97 8
598 163 8
1252 1384 8
281 1515 27
139 983 30
995 937 7
553 574 2
667 42 7
501 1180 0
109 1396 8
586 1131 20
72 1342 7
979 1525 2
65 1556 7
99 338 3
1237 702 8
322 296 8
880 126 2
1190 952 16
1184 1047 2
880 855 3
796 1335 5
147 1150 7
318 113 80
848 1224 2
55 1536 7
1547 958 3
1476 390 30
864 568 7
1329 936 8
116 1070 5
603 114 2
928 1555 2
1114 904 9
1142 779 5
284 29 2
1539 90 8
211 1118 5
370 1424 2
265 1419 8
147 1420 2
958 30 7
834 97 6
1396 1133 2
155 1351 2
510 462 8
888 1465 5
917 39 6
729 507 8
1397 917 7
33 857 2
42 1212 8
192 1204 30
1518 1396 8
148 51 7
457 942 2
440 912 2
720 881 3
36 697 14
524 883 30
210 1122 2
193 1351 57
792 1024 2
369 1073 30
1152 460 2
24 562 23
337 1122 27
1439 139 5
1359 1447 2
720 1267 15
1155 147 8
226 1515 2
51 160 30
335 898 2
548 909 1
558 1140 2
518 1118 5
502 861 30
1355 1407 2
546 1443 1
184 734 57
787 590 7
13 147 8
1124 796 7
1454 739 2
87 1283 2
958 1335 5
192 1283 2
82 207 2
1289 939 15
501 1477 21
291 178 1
427 1419 8
673 891 8
1552 1199 7
494 0 0
1550 1062 8
1536 39 52
946 533 62
1436 504 2
1198 648 2
849 1128 2
49 1407 2
728 603 6
599 1562 2
86 916 8
1525 1195 2
1396 1491 7
1077 898 2
958 726 7
1221 269 8
847 770 7
45 1367 2
603 930 53
133 521 5
603 1138 2
380 1449 2
1035 338 5
33 1553 2
1087 65 8
403 958 3
1317 147 8
284 1345 2
508 958 3
395 90 8
1187 37 8
699 1070 2
344 1517 1
549 655 62
933 436 2
488 677 2
240 1027 2
457 1570 2
228 880 1
210 1004 27
242 724 79
1028 88 2
527 1156 5
1377 908 7
1166 259 8
430 656 1
42 782 50
897 1156 7
118 91 7
217 1333 2
224 242 79
1459 596 16
64 724 30
710 958 3
628 958 5
349 499 2
1228 1599 1
939 116 8
1124 1470 2
1463 1389 7
652 320 6
546 468 1
1162 97 8
322 850 6
695 42 8
744 699 1
978 502 2
187 36 16
20 97 8
453 443 2
344 502 8
381 1070 5
396 1166 1
176 652 41
362 1224 30
1019 244 8
80 215 7
1197 338 5
323 391 7
110 1481 19
526 812 1
1019 140 8
1207 1298 7
557 90 8
1570 917 8
642 611 2
408 1199 7
880 462 8
1536 766 7
651 292 40
406 265 7
371 929 7
160 1072 8
836 1198 2
1394 1230 2
599 1371 33
1119 546 30
507 108 8
1515 516 2
977 958 3
727 1351 2
45 220 2
341 1525 2
33 114 2
160 999 14
392 507 8
307 750 30
1158 1217 8
1461 222 15
1061 397 2
988 810 15
536 642 30
1377 1536 7
265 1296 8
151 936 8
707 453 2
27 292 2
1526 719 8
510 47 8
720 92 8
747 453 34
780 530 1
1468 406 7
256 936 8
524 1224 30
301 1396 77
841 187 19
627 1207 5
1024 1364 2
934 820 8
1541 338 5
988 541 82
1069 1252 30
998 59 5
1082 396 30
995 513 33
451 70 2
849 598 30
430 1549 2
907 1581 8
823 341 3
1337 1424 2
1152 728 8
905 908 8
1404 0 0
153 1504 57
820 720 15
322 140 7
541 1333 2
540 693 2
849 187 41
1236 63 7
620 889 2
1341 63 7
192 1160 2
229 501 71
809 806 30
988 391 2
503 1525 2
1215 681 7
534 248 12
1081 1333 2
349 1225 0
616 1141 2
840 1371 2
1173 109 0
303 139 3
478 1315 7
158 928 2
440 3 10
272 1184 2
1160 821 2
465 1649 2
1461 116 20
449 739 27
594 650 8
777 1325 5
577 917 2
1000 90 57
1037 33 2
1344 824 57
244 147 8
701 210 2
1481 109 7
575 140 2
220 1024 2
99 936 7
1162 88 3
1258 88 3
1236 863 7
122 504 2
689 495 8
323 112 7
1305 958 5
85 594 2
506 846 6
778 1141 2
192 685 6
192 1081 6
547 972 2
20 42 8
409 796 2
81 858 12
1209 471 7
535 1554 2
80 160 7
546 678 2
534 572 2
1429 1156 7
284 1153 52
415 242 7
1207 1243 7
1341 1420 8
1014 139 3
1209 403 7
411 540 2
302 558 7
1258 1118 5
192 81 2
932 139 5
292 1364 2
616 166 2
172 39 8
1424 1321 7
911 1152 26
1562 36 33
290 1577 8
489 891 6
1054 1223 2
1177 45 27
1131 631 15
734 102 2
629 97 8
251 1047 16
1061 118 2
117 598 30
958 1231 7
702 146 5
594 1305 7
1062 1243 7
1174 26 2
559 338 5
883 743 5
1158 433 7
1000 1187 0
33 455 2
891 850 6
642 485 30
551 1609 47
455 671 16
1556 70 35
575 836 2
111 1342 7
1105 1187 0
923 562 2
1082 117 30
1090 241 35
586 648 2
1025 596 33
1081 1325 5
442 934 7
396 1341 30
1040 663 8
1252 1183 2
540 1375 27
1235 1166 1
340 320 7
1207 877 5
452 881 3
1053 891 8
923 489 8
541 1054 2
417 1517 1
1176 139 3
778 166 2
1451 883 2
279 672 27
1152 277 8
185 88 27
593 158 8
917 167 8
1132 793 8
553 696 2
1019 817 8
796 813 8
995 390 33
1114 474 2
759 1358 2
228 42 8
88 719 7
805 883 30
309 883 2
87 417 2
919 1139 30
761 63 8
620 834 2
12 922 20
279 500 27
1184 1565 2
178 29 2
1075 1525 2
273 1342 7
349 1170 0
1188 1199 7
45 569 2
292 1077 2
728 97 6
1284 1199 7
1515 1553 2
1400 269 7
1552 1062 8
864 1127 8
841 488 2
620 662 2
41 879 7
252 504 27
46 1199 7
577 739 27
178 347 14
917 265 6
630 90 8
369 1198 2
191 720 15
1284 742 23
1112 483 15
535 3 29
1173 360 2
1520 139 3
1391 1128 2
1208 1187 0
575 1418 7
712 891 8
127 90 8
909 1198 2
817 891 8
720 957 8
1054 3 8
673 502 2
143 222 8
51 678 30
388 546 35
1054 341 3
205 779 7
558 1262 2
278 205 19
502 983 30
334 933 2
558 1274 12
1236 808 7
823 226 3
1371 1310 8
42 604 50
1351 282 2
178 54 6
1215 634 7
205 1003 7
1542 1181 7
902 28 8
23 596 30
724 349 1
769 172 8
1445 1090 2
915 18 8
84 42 2
980 898 2
292 667 27
76 502 8
1441 1050 2
1050 88 5
929 338 5
980 1581 8
292 1309 2
1544 21 8
518 1396 8
178 1439 14
1549 638 2
297 26 2
507 71 2
629 88 3
836 796 2
1207 1161 8
945 452 12
1073 1376 2
145 1128 1
208 724 30
1184 126 2
893 720 15
629 42 8
474 250 1
932 57 6
408 1062 8
1184 855 3
167 307 8
929 603 6
1 792 6
893 1608 46
1515 114 2
582 1581 8
391 1198 54
1177 1419 8
205 1101 5
928 634 2
928 238 2
22 1173 2
915 162 1
366 823 2
205 562 77
1130 527 1
917 854 27
899 452 7
581 739 27
457 485 2
124 1381 7
1486 1070 7
1105 1132 0
1548 1325 5
491 936 8
917 1554 7
780 24 1
235 365 2
447 1199 7
928 957 8
1357 452 12
593 1482 8
344 796 8
78 739 27
1391 80 8
546 252 6
452 92 8
206 917 2
744 925 1
901 97 7
1004 1072 7
139 362 30
897 3 7
1554 1046 12
1322 728 7
1221 462 7
416 759 2
187 950 16
1247 1581 8
1098 883 33
172 393 2
447 742 23
88 768 7
185 33 27
998 260 1
1114 419 2
534 1541 2
406 163 7
1562 1428 2
177 1396 8
686 739 67
1050 320 5
1333 63 8
1087 888 2
1341 390 8
582 1070 5
279 841 27
1378 958 5
1536 1388 7
1184 1510 2
1333 355 8
273 1333 2
1304 178 7
86 63 8
479 824 6
1438 355 8
836 1424 2
45 514 2
939 336 6
33 804 2
928 1388 7
1061 1087 2
895 338 5
1227 1070 5
1184 1437 8
148 1224 33
717 891 7
599 933 2
758 546 35
125 642 2
501 273 8
271 488 2
1236 1403 6
1137 936 7
1307 90 8
586 533 2
594 149 2
323 1381 7
488 116 2
428 1228 1
1252 1418 7
917 125 2
234 568 7
1481 1310 7
796 766 8
737 642 30
45 375 30
558 200 33
1184 1431 57
338 116 7
528 1173 2
201 879 74
1216 1062 7
997 603 7
1500 781 30
74 1054 2
1225 323 48
557 642 50
311 11 64
620 1011 2
1400 910 7
176 1554 7
1562 745 2
1322 18 8
1324 889 2
1215 511 7
1198 423 2
292 1358 2
502 1007 2
1221 3 7
178 1389 8
1394 582 27
869 26 2
271 1184 2
391 586 2
1141 875 6
915 1114 21
147 220 2
712 1199 7
652 453 35
138 1287 1
858 1482 8
858 1086 8
1458 934 15
1500 1152 2
618 166 2
817 1199 7
192 919 30
26 762 2
205 254 5
701 504 2
1173 1329 2
1259 275 2
1455 1517 1
1 273 6
632 97 15
823 92 7
1024 219 2
1152 1213 7
1158 296 8
823 1217 8
24 873 33
1053 139 3
349 670 2
1503 172 8
230 1139 33
279 357 50
936 833 8
1266 42 8
189 57 6
1124 1199 7
23 1341 30
1236 1381 7
452 37 8
1025 1128 8
1357 742 23
901 42 7
499 1187 0
990 1231 17
218 504 2
421 1024 2
1407 1015 36
1316 1118 1
108 80 8
1561 697 2
1517 1499 57
1439 307 2
898 957 8
503 1 6
1210 1215 7
1062 808 6
1084 1087 2
519 11 64
763 90 7
1184 1163 2
854 1396 8
1326 222 8
12 416 20
1536 937 7
628 97 8
759 487 8
69 1581 8
864 37 8
1054 1449 2
1054 1053 2
269 1184 2
1082 706 2
619 34 2
1264 1472 37
391 917 8
488 1148 2
406 769 8
603 230 2
377 534 2
360 504 2
212 138 35
241 1287 1
514 823 33
1133 139 5
1396 119 7
940 444 7
45 391 2
369 796 2
596 1127 8
533 671 30
117 534 1
1162 1198 54
266 113 2
157 172 8
712 139 3
701 1424 2
523 1465 5
160 781 30
1079 1024 30
349 1047 33
408 1072 5
1233 368 1
596 663 8
510 114 8
1335 284 6
20 631 7
24 282 23
688 1024 2
917 70 2
1206 97 15
137 958 3
1372 1215 7
1481 1496 69
322 46 6
596 1457 30
440 460 2
279 1567 1
87 315 2
999 929 7
452 957 8
1261 147 8
998 505 1
545 1252 2
307 1000 2
763 57 6
1355 453 34
790 97 8
418 24 1
809 357 30
192 228 6
598 513 30
192 1003 2
1455 739 2
205 601 7
997 548 7
86 808 8
641 0 7
410 1114 2
74 603 2
303 45 2
547 1398 39
365 412 5
1562 2 2
279 1122 27
979 166 2
631 3 7
65 593 7
702 1068 5
861 558 2
868 1452 2
636 796 2
1544 1181 7
988 458 2
338 36 30
1187 1491 7
263 771 2
1053 1198 2
1372 521 5
864 957 8
277 1581 8
338 724 30
716 1342 7
1061 1264 2
380 1169 2
155 1407 2
271 1525 2
401 879 2
1173 666 12
711 208 2
594 848 7
988 851 30
1541 97 8
1140 0 0
917 95 6
465 1482 7
1052 1196 2
546 104 35
478 1418 7
365 638 27
1245 921 57
590 808 7
1028 1515 2
807 86 2
707 1252 2
88 1335 5
1042 488 2
934 1583 8
923 1312 2
143 808 8
661 603 6
565 586 2
247 1199 7
909 1424 2
115 70 1
1233 600 1
147 92 8
51 216 30
1166 971 39
702 391 7
766 603 6
823 433 7
1023 1342 7
905 988 2
670 936 7
1371 877 29
208 355 7
1567 771 2
796 1298 7
527 412 5
23 598 30
1259 147 8
1354 1407 2
770 908 7
13 891 8
1514 1187 0
61 908 1
631 704 1
1470 296 7
301 24 77
162 1187 0
1429 1395 7
328 936 8
1333 1337 2
1121 322 2
192 856 6
1330 1 1
530 717 2
401 139 5
657 1562 2
499 1132 0
447 1062 8
307 713 2
22 596 30
507 1239 1
502 156 15
988 1212 7
258 1224 30
744 747 1
1536 95 52
85 593 2
1128 296 8
322 65 8
1324 774 2
641 251 33
546 1578 3
284 1131 7
958 304 5
1394 1223 27
49 1359 2
273 535 2
1128 228 8
650 397 2
869 307 2
1326 167 8
1200 97 8
179 1396 8
148 1141 2
34 1592 38
1156 1544 2
554 720 15
192 179 8
1180 891 59
115 766 1
1037 504 2
718 419 2
1421 147 8
932 908 7
380 126 2
1461 584 41
735 1236 8
1556 241 35
1503 917 8
371 1310 8
1547 1325 5
1372 936 7
1259 452 2
24 266 2
729 172 8
1025 702 12
1251 452 12
939 532 8
350 1199 7
1233 21 1
834 172 8
350 1141 2
127 1236 8
923 728 8
586 423 2
1140 1371 33
547 714 1
187 952 16
702 1311 7
349 200 33
596 1004 8
365 1384 8
958 776 5
917 114 8
613 1128 20
435 80 59
1039 90 8
248 821 75
847 1554 0
1228 344 1
770 1536 7
460 546 2
814 958 3
744 1443 1
322 324 7
917 384 3
528 771 2
307 945 2
22 1224 30
790 42 8
797 936 8
995 834 7
1487 80 8
1217 1062 48
272 917 20
42 480 51
890 1073 2
192 552 2
796 588 8
759 1133 2
1463 3 8
1463 341 3
395 1166 1
463 501 71
1377 958 5
406 681 7
620 609 2
880 815 2
848 846 6
298 908 8
318 510 80
992 88 3
507 925 2
1082 987 2
957 958 7
1409 742 2
518 147 8
1183 1396 7
1463 1335 5
1230 501 55
829 553 2
1525 104 2
1139 983 16
53 702 2
838 908 8
252 279 27
586 1223 2
1541 88 3
241 1517 12
1541 42 8
1338 338 5
142 502 2
32 1419 8
1166 1298 7
1037 1424 2
31 284 2
739 197 8
309 915 30
91 338 5
368 940 2
1283 891 8
143 65 8
1354 452 12
1233 649 1
142 1581 8
1382 205 7
1371 424 7
712 1062 8
594 766 8
923 1257 2
650 761 15
247 1581 8
817 1062 8
1379 1224 2
1247 113 2
508 1325 5
438 90 7
897 1217 7
234 1127 8
468 97 8
449 1393 2
1374 701 2
796 1243 7
527 357 5
1360 417 2
45 893 30
106 24 2
221 1024 2
283 1082 31
430 586 2
900 936 8
995 296 8
500 1152 26
1215 805 7
1223 917 2
897 1482 8
226 33 2
689 147 8
241 451 30
671 183 8
710 1325 5
69 1252 2
218 97 8
650 118 2
721 845 5
322 1217 8
1215 737 7
158 1052 2
1525 1196 2
69 1184 2
261 0 0
739 606 2
372 172 5
290 568 7
1200 88 3
1398 656 1
380 1450 2
266 1090 2
1200 42 8
1062 321 2
671 513 30
603 1035 2
922 631 15
1305 42 8
1569 720 15
816 1199 7
139 672 2
1307 908 8
1233 1345 1
880 59 8
539 883 30
382 406 7
577 1333 2
290 833 8
1054 479 2
590 1381 7
307 519 30
928 805 2
495 63 8
1461 476 30
747 495 8
524 631 15
205 733 77
1526 92 8
495 355 8
917 233 27
560 338 5
468 1090 2
1259 1 2
1440 1082 20
662 1152 26
1480 1046 12
923 282 2
1130 594 1
1359 77 2
858 749 5
1252 611 2
702 568 7
1024 1133 2
1024 737 2
883 1607 2
945 453 34
167 697 14
244 891 8
265 671 30
247 502 8
1166 588 8
977 1325 5
1152 70 2
558 62 2
1481 836 3
681 452 12
80 680 7
97 273 6
193 205 57
915 890 2
546 756 7
652 1342 7
34 464 40
420 1024 2
417 172 27
880 536 2
307 890 2
80 216 7
1264 704 35
1087 1344 37
1172 139 5
1003 1287 2
1562 952 33
281 1393 27
759 1078 2
88 835 7
993 147 8
1126 553 44
251 70 35
1184 802 57
30 995 1
946 1058 62
761 179 8
503 898 2
1424 1377 7
279 616 27
279 220 27
1184 1384 8
309 535 2
502 154 2
534 893 33
202 267 55
45 289 2
147 1388 7
939 111 6
730 1562 2
1061 466 2
1394 125 27
1459 598 30
1273 1494 1
1397 535 7
841 208 2
1394 417 27
1329 546 35
252 620 27
1351 341 5
988 53 30
1184 1212 8
594 388 2
292 36 8
1567 594 10
601 1236 7
143 1321 8
1229 284 6
415 0 5
259 553 2
690 28 2
442 995 1
502 1201 15
915 1253 1
337 1399 6
586 704 2
923 910 2
796 568 7
1082 861 30
768 338 5
337 672 27
221 1141 2
819 1581 8
51 106 30
1459 1073 2
338 355 7
1481 930 69
1479 453 2
468 88 3
88 1239 7
205 499 7
468 42 8
628 1152 26
463 172 8
719 761 15
56 671 16
995 806 33
1468 923 7
860 1342 7
1287 345 0
576 80 8
880 1456 2
581 796 8
1215 750 7
1203 603 6
535 531 2
1200 1371 2
1177 1152 26
1555 1333 2
1019 1457 8
1326 1395 7
641 1252 2
654 694 39
218 42 8
986 593 38
501 1319 21
546 384 3
1387 1325 5
406 1254 7
1429 1217 7
434 1047 14
179 1062 8
229 1190 71
322 56 33
173 453 2
1443 1112 23
292 1133 2
1438 1550 8
1424 298 7
825 338 5
1458 451 30
1073 1200 2
1506 1541 2
1540 97 8
1039 995 1
603 980 2
377 1342 7
1416 502 2
1400 1305 7
97 948 15
1058 172 2
1035 1054 7
139 221 2
630 88 3
315 598 30
601 307 2
115 364 1
374 823 33
917 613 6
630 42 8
1061 671 33
187 724 35
1041 488 2
1249 908 5
97 1305 6
796 863 6
507 114 8
593 937 7
380 1619 2
497 879 2
933 278 2
1374 1446 2
286 720 15
1154 495 8
907 284 2
42 1124 50
586 21 2
56 208 30
1215 384 5
840 671 14
746 908 5
442 307 7
1252 556 2
324 349 2
620 116 20
1367 88 2
1258 147 8
1102 929 57
819 502 8
205 1523 7
795 1217 8
1485 24 2
1236 1156 7
308 75 5
80 229 7
1454 917 2
1557 17 57
350 1062 8
389 631 15
836 1152 26
558 1291 33
546 1097 7
547 577 2
681 742 23
597 546 35
534 1329 2
679 80 8
372 521 5
292 1491 7
1000 1090 2
759 335 2
88 92 7
880 39 7
535 1550 8
372 1209 5
681 1396 8
1550 1199 7
1207 848 7
424 936 8
1022 228 8
1210 594 7
1394 1449 27
816 1070 5
213 147 8
1207 1577 8
602 139 5
1281 97 6
622 1073 2
318 147 8
1075 898 2
1326 393 8
524 553 2
1082 189 2
1055 1526 7
172 728 8
322 119 8
1438 471 8
1458 1371 30
1166 568 7
1002 671 14
33 1417 27
1180 1581 8
731 603 7
580 1184 1
879 347 14
58 620 2
597 1255 2
127 1139 2
115 992 1
35 1525 2
685 846 6
502 31 2
701 178 1
623 172 8
575 108 1
1460 823 30
244 465 12
140 1525 2
292 377 8
244 1199 7
861 1341 30
155 858 12
1123 1070 5
279 536 50
1466 1647 1
1173 129 2
919 883 2
126 1236 8
205 910 77
1166 833 8
927 908 1
1125 1342 7
457 437 2
1173 25 2
24 388 2
337 325 27
841 80 8
1082 806 30
720 330 8
20 406 7
596 834 8
1090 138 35
253 1481 19
151 546 35
917 241 2
813 958 3
28 355 8
1140 933 2
125 586 2
192 1348 21
1303 1566 5
908 272 8
551 1199 7
540 707 2
435 702 8
80 1545 7
695 908 8
34 1037 40
894 1393 2
417 1141 27
1332 118 1
221 914 2
774 365 2
88 1116 7
281 1073 2
254 669 76
990 595 12
172 1033 2
208 460 2
995 287 33
535 476 2
847 437 7
70 284 2
406 907 7
406 511 7
581 451 30
895 88 3
1179 908 7
546 387 8
58 1024 2
1207 561 7
895 42 8
1100 1371 33
1525 2 2
147 160 16
158 546 2
915 1392 30
1190 160 16
1287 992 2
292 1078 2
183 642 2
526 48 2
936 938 6
850 453 2
45 1258 2
847 265 7
847 661 7
701 1166 1
592 1184 6
1540 88 3
1284 823 33
1259 1374 2
98 915 30
870 958 3
1540 42 8
1052 1075 2
1383 824 7
999 659 77
476 530 2
1084 502 8
24 1480 2
24 1084 2
337 1417 27
631 1127 8
1052 1367 2
694 1037 2
255 1054 7
24 753 23
239 739 27
933 327 2
143 291 8
279 1456 50
1233 479 1
816 1062 8
1039 908 8
1184 114 8
602 824 2
790 631 7
148 507 8
1402 90 8
1459 917 1
244 139 3
649 284 16
917 531 7
1024 335 2
1041 365 2
1539 338 5
790 923 7
1355 883 33
1102 582 57
347 1342 7
233 1419 8
479 495 8
479 891 8
23 320 19
1135 1236 8
891 433 7
546 359 1
908 1197 2
87 1114 2
555 1052 2
761 724 1
795 766 8
1562 99 0
551 166 2
1463 1217 8
87 1406 2
596 899 5
613 1325 5
1324 576 1
202 542 2
933 606 35
809 1448 30
1215 1323 7
535 1500 2
864 1491 7
308 768 2
88 37 7
869 546 2
1550 1581 8
986 1166 38
804 139 3
514 1046 12
1114 284 33
581 1371 30
109 80 8
701 1152 26
603 619 27
1057 1504 57
267 504 27
35 908 7
504 722 2
958 808 6
1525 922 2
823 844 31
1128 3 8
619 1461 2
539 781 30
1541 527 7
1128 341 3
192 22 8
290 1127 8
1475 921 57
1458 1024 30
1054 1169 2
1054 773 2
1197 1322 13
933 685 7
603 1553 2
731 548 7
270 1184 2
1180 1062 59
256 504 2
115 937 1
147 522 7
718 590 2
1240 433 5
142 45 2
279 877 50
1461 651 41
325 891 6
1125 891 7
914 148 2
337 270 27
546 613 6
1454 1517 1
926 249 8
1488 411 2
596 779 8
1481 287 7
1145 1396 8
218 1024 2
438 1236 7
176 947 41
1031 546 2
1488 1398 39
1152 291 8
555 1342 7
546 591 1
1272 1296 8
1362 34 53
395 338 5
726 1341 30
563 504 2
447 823 33
1082 287 30
147 1238 41
540 256 2
534 1226 12
1040 833 8
795 83 8
1052 881 3
290 324 5
720 1315 5
1251 453 34
1549 1002 1
3 1356 10
360 1152 26
645 944 2
1314 933 2
1333 424 8
650 1264 2
1438 820 8
517 1070 7
898 1305 8
763 880 2
686 1187 5
999 1310 8
359 594 10
253 1517 1
292 335 2
642 1125 8
960 349 1
488 854 27
267 1424 27
287 307 2
377 590 2
176 1197 2
45 411 2
1207 83 8
205 1259 77
701 1507 1
380 889 2
498 1419 8
162 908 8
865 88 3
557 338 5
934 183 1
1505 1236 8
700 1307 13
205 1191 77
33 1029 2
642 1455 30
1055 720 7
707 284 2
713 1581 8
923 740 2
234 929 7
440 1376 2
1144 83 6
362 88 3
1350 530 1
8 1245 17
1082 983 30
1261 527 1
594 833 8
1359 443 12
593 112 8
917 476 7
391 284 30
1252 149 8
51 624 30
1050 322 19
1019 1418 7
208 75 7
322 1169 2
322 773 2
1228 643 1
1463 433 7
783 610 2
546 1564 12
1224 153 1
452 1305 8
527 1298 7
233 1296 8
598 861 30
109 139 3
1354 453 34
1499 1359 10
576 697 14
322 350 33
988 582 2
928 1315 5
86 1156 8
435 1207 8
82 1062 8
1209 362 7
281 540 27
77 697 2
106 192 30
686 1419 5
915 1514 0
995 341 3
115 810 15
1184 140 2
158 1515 2
739 381 2
1217 139 59
1295 1396 7
113 417 5
1314 474 2
33 619 27
159 88 2
265 908 8
1144 779 6
995 1335 5
912 898 2
124 1395 7
1173 287 33
26 763 2
1083 822 9
24 942 33
1518 139 3
116 824 6
907 510 2
569 1424 2
457 35 2
143 1156 8
271 139 3
1382 1296 7
276 855 3
836 671 30
1364 172 2
596 36 8
338 813 7
241 879 7
244 1062 8
1461 794 2
478 32 8
89 419 7
491 546 35
1549 327 1
80 59 7
728 1102 5
1127 1342 7
440 229 2
1227 1360 2
1456 406 2
1137 1207 8
1144 102 8
883 1606 2
534 775 12
648 1199 8
880 311 2
642 455 2
307 1061 2
845 523 57
295 1351 2
809 22 30
530 1357 2
266 1187 0
441 796 8
1463 119 8
88 610 7
137 1325 5
489 761 15
113 1509 5
388 1199 7
39 846 6
626 1393 2
1536 735 52
1414 908 7
406 401 7
406 838 8
84 908 2
279 391 27
671 1305 14
802 1566 5
530 562 23
490 178 1
439 125 30
181 1322 13
847 259 7
45 460 2
176 850 2
864 726 8
944 531 2
1183 824 7
852 917 2
852 958 3
603 231 2
634 936 8
139 1075 2
271 898 2
33 1042 2
162 858 2
603 127 2
102 1236 6
362 1371 2
1416 45 2
139 1367 2
118 568 1
337 619 27
923 753 2
1052 569 2
944 463 2
1396 808 7
1158 1389 8
381 502 8
380 78 2
205 740 77
908 1399 6
478 728 8
586 479 2
707 958 3
230 880 2
457 955 2
914 325 2
337 843 27
594 486 8
406 441 0
1250 452 12
479 139 3
855 988 30
917 462 8
192 297 6
220 172 2
1359 837 23
1039 42 8
897 937 7
1228 296 1
796 1004 8
546 1509 12
1239 90 8
540 829 2
1315 502 52
416 1333 2
1253 1062 8
439 382 7
273 908 6
406 1097 7
1260 92 8
438 34 7
535 743 3
891 296 8
315 147 8
920 823 14
1098 397 2
750 1062 8
864 1381 7
557 192 50
1084 113 2
236 1285 5
921 368 30
176 1500 7
1337 1419 8
858 808 8
318 858 80
1080 365 2
1303 323 7
603 651 53
642 387 8
518 891 8
1400 392 7
154 1024 2
1461 368 30
162 1090 2
898 1315 5
418 1371 30
35 380 2
631 957 8
1458 880 15
1330 1070 5
800 1453 2
256 97 8
1151 925 2
1087 138 35
64 513 30
527 877 5
440 1116 1
761 622 1
1176 958 3
1215 159 5
858 469 5
702 684 7
195 338 5
217 1054 2
1359 1016 12
396 781 30
223 546 2
205 1298 7
912 1062 8
545 739 27
991 90 57
1082 269 20
1028 33 2
673 917 2
661 1166 1
1127 891 7
1316 1424 1
307 318 2
1144 47 8
894 540 2
518 88 5
880 256 2
178 865 6
653 742 23
806 671 30
823 701 30
1128 297 8
650 466 2
759 798 2
501 515 21
311 694 7
603 1555 2
1087 91 2
118 866 36
1306 1161 7
177 891 8
929 507 0
814 1325 5
322 203 70
406 346 7
406 387 8
1525 1148 2
1424 1097 7
399 898 2
181 917 8
450 1139 30
524 620 2
601 1128 7
1476 56 30
671 861 30
30 292 2
944 476 2
297 936 8
843 210 2
1193 1396 8
1127 593 5
553 519 35
1173 1191 12
127 914 2
772 1334 77
147 1086 2
1396 65 7
707 739 27
1460 598 30
1215 855 5
1287 363 2
648 846 6
1052 514 2
1252 1423 2
33 231 2
20 249 7
1025 1087 2
507 855 3
928 757 2
186 1070 5
527 1505 5
143 1437 8
1343 323 5
33 127 2
162 42 8
1166 1004 8
1556 138 35
457 608 2
502 199 30
523 631 15
12 849 2
1183 307 29
1359 425 2
1364 1141 2
551 1438 7
347 535 2
1350 24 1
702 1307 13
42 216 50
1040 1127 8
988 50 41
139 1345 30
338 75 7
934 437 8
648 739 27
550 1581 8
1126 28 2
769 1054 7
397 1430 5
1082 513 30
1120 1062 8
527 505 1
1266 908 8
1391 495 8
1355 742 23
388 1070 5
1098 118 2
1481 428 33
792 914 2
406 750 7
880 884 2
900 210 2
419 686 7
986 1470 2
1450 365 2
516 958 2
857 1393 2
298 936 7
756 1342 7
921 381 30
873 940 2
1209 1563 7
291 1488 2
1128 1217 8
463 1190 71
992 147 8
941 1236 6
406 974 7
544 451 30
406 578 7
631 246 1
1429 937 7
1381 139 5
1394 541 27
650 671 33
385 891 8
596 270 5
843 1198 2
1304 697 7
739 1577 8
514 113 2
874 39 8
45 1033 2
944 1500 2
603 804 2
977 998 29
544 279 30
505 45 2
1144 377 6
1436 97 8
914 633 1
586 1120 2
161 390 8
594 340 2
199 596 30
1129 998 1
543 642 30
694 416 2
380 1047 2
1330 631 15
784 1 77
34 584 2
1573 1412 1
655 1070 5
804 1424 2
823 29 2
790 406 7
1371 1550 8
594 1059 8
153 205 19
406 1014 0
1367 1515 2
565 90 7
726 90 8
47 1070 5
863 338 5
1187 743 5
124 1550 8
670 824 2
64 390 30
1152 1437 8
205 1243 7
1154 147 8
97 421 2
519 1359 1
718 1506 0
879 1232 2
934 1468 24
311 24 1
796 1577 8
653 702 12
795 937 8
202 421 2
624 1359 1
323 125 7
878 488 2
901 1536 7
885 689 38
623 1052 2
210 32 8
83 1199 7
187 98 16
1453 1000 2
307 263 2
555 759 2
1215 1098 7
586 54 20
1221 636 2
847 1574 2
434 1004 8
1207 568 7
1307 603 6
671 116 8
1394 1565 27
1394 1169 27
534 201 12
530 491 2
544 1371 30
241 558 1
841 1252 2
267 279 27
854 891 8
261 771 2
1004 883 30
1424 646 7
161 1482 8
12 703 20
177 80 8
26 661 2
106 642 30
914 223 26
1226 669 76
663 1090 5
1322 464 14
535 1204 30
118 1472 37
731 323 7
1062 568 7
199 1224 30
1539 97 8
1390 419 1
722 796 8
593 1389 7
464 1515 2
708 413 2
1398 917 8
88 1513 5
928 1098 2
689 917 2
357 535 7
923 283 2
325 1062 6
524 598 30
1473 1 1
534 683 0
1125 1062 7
440 127 2
586 369 2
823 1345 2
829 90 8
41 1024 14
878 1184 2
1024 1030 2
1247 1046 12
176 722 41
1112 184 5
1152 462 8
548 165 2
689 1141 2
789 821 2
323 357 7
1445 1562 2
837 880 15
1383 1325 5
1451 208 2
547 1321 2
978 796 2
720 810 15
207 58 2
83 166 2
1396 1315 5
995 1217 8
917 226 3
172 857 2
550 1359 2
692 546 35
1128 433 7
1214 1419 8
1224 65 2
1136 90 8
936 393 5
322 581 3
641 958 3
618 739 27
626 1515 2
913 642 30
318 891 8
318 495 8
502 551 2
1247 1132 0
739 1131 2
128 1152 26
590 994 37
611 883 2
147 1389 7
651 586 40
292 798 2
317 147 8
502 843 2
233 1152 26
381 796 8
628 908 8
1306 63 7
45 978 2
45 582 2
864 848 8
784 1325 77
1183 1342 7
1287 1016 12
988 450 30
586 773 2
1393 1230 2
1061 824 23
1436 42 8
805 1371 2
771 153 5
1284 1581 8
1188 883 50
1053 917 2
140 166 2
642 1126 30
899 1544 7
192 1047 30
1233 595 1
1383 80 7
558 1447 2
337 673 27
459 147 8
228 90 7
35 139 3
506 1128 20
1252 325 2
233 410 7
124 766 7
582 502 8
502 704 30
699 1296 8
1540 338 5
823 297 8
1208 1506 2
1328 990 37
383 939 15
23 781 30
1087 1418 7
406 1323 7
170 1 6
212 1006 2
880 1457 2
1215 355 7
547 638 2
147 1315 5
591 761 15
1445 1371 33
1341 1550 8
69 1198 2
1158 776 5
651 1584 28
1223 759 2
1527 1342 7
526 464 2
590 1289 36
729 1515 2
313 1199 8
145 917 1
214 1507 5
1394 1510 27
292 1030 2
502 1075 2
42 1418 7
1054 889 2
1383 880 7
590 1395 7
1306 1420 8
